timestamp,dispositivo_id,latitud,longitud,voltaje,corriente,potencia,soc,ttg_min,ah_consumidos,motor_voltaje,motor_corriente,motor_potencia,motor_rpm,motor_temp,tiempo_acumulado,delta_t_s,energia_wh,energia_acumulada_wh
2026-07-07T11:30:34.491098,Raspberry_Relieve1,,,39.477,0.0,0,100.0,-1,0.0,,,,,,00:00:00,,,0.0
2026-07-07T11:30:35.072042,Raspberry_Relieve1,,,39.473,0.0,0,100.0,-1,0.0,,,,,,00:00:00,,,0.0
2026-07-07T11:30:35.572234,Raspberry_Relieve1,,,39.473,0.0,0,100.0,-1,0.0,,,,,,00:00:00,0.5,,0.0
2026-07-07T11:30:36.072336,Raspberry_Relieve1,,,39.473,0.0,0,100.0,-1,0.0,,,,,,00:00:01,0.5,,0.0
2026-07-07T11:30:36.572495,Raspberry_Relieve1,,,39.473,0.0,0,100.0,-1,0.0,,,,,,00:00:01,0.52,,0.0
2026-07-07T11:30:37.072573,Raspberry_Relieve1,,,39.473,0.0,0,100.0,-1,0.0,,,,,,00:00:02,0.48,,0.0
2026-07-07T11:30:37.572695,Raspberry_Relieve1,,,39.473,0.0,0,100.0,-1,0.0,,,,,,00:00:02,0.49,,0.0
2026-07-07T11:30:38.072800,Raspberry_Relieve1,,,39.469,0.0,0,100.0,-1,0.0,,,,,,00:00:03,0.5,,0.0
2026-07-07T11:30:38.572955,Raspberry_Relieve1,,,39.469,0.0,0,100.0,-1,0.0,,,,,,00:00:03,0.54,,0.0
2026-07-07T11:30:39.073049,Raspberry_Relieve1,,,39.475,0.0,0,100.0,-1,0.0,,,,,,00:00:04,0.5,,0.0
2026-07-07T11:30:39.573148,Raspberry_Relieve1,,,39.475,0.0,0,100.0,-1,0.0,,,,,,00:00:04,0.46,,0.0
2026-07-07T11:30:40.073311,Raspberry_Relieve1,,,39.472,0.0,0,100.0,-1,0.0,,,,,,00:00:05,0.53,,0.0
2026-07-07T11:30:40.573488,Raspberry_Relieve1,,,39.472,0.0,0,100.0,-1,0.0,,,,,,00:00:05,0.51,,0.0
2026-07-07T11:30:41.073592,Raspberry_Relieve1,,,39.465,0.0,0,100.0,-1,0.0,,,,,,00:00:06,0.47,,0.0
2026-07-07T11:30:41.574010,Raspberry_Relieve1,,,39.465,0.0,0,100.0,-1,0.0,,,,,,00:00:06,0.55,,0.0
2026-07-07T11:30:42.074136,Raspberry_Relieve1,,,39.47,0.0,0,100.0,-1,0.0,,,,,,00:00:07,0.46,,0.0
2026-07-07T11:30:42.574220,Raspberry_Relieve1,,,39.47,0.0,0,100.0,-1,0.0,,,,,,00:00:07,0.47,,0.0
2026-07-07T11:30:43.074328,Raspberry_Relieve1,,,39.473,0.0,0,100.0,-1,0.0,,,,,,00:00:08,0.53,,0.0
2026-07-07T11:30:43.574422,Raspberry_Relieve1,,,39.473,0.0,0,100.0,-1,0.0,,,,,,00:00:08,0.53,,0.0
2026-07-07T11:30:44.074500,Raspberry_Relieve1,,,39.475,0.0,0,100.0,-1,0.0,,,,,,00:00:09,0.54,,0.0
2026-07-07T11:30:44.574587,Raspberry_Relieve1,,,39.475,0.0,0,100.0,-1,0.0,,,,,,00:00:09,0.4,,0.0
2026-07-07T11:30:45.074688,Raspberry_Relieve1,,,39.477,0.0,0,100.0,-1,0.0,,,,,,00:00:10,0.51,,0.0
2026-07-07T11:30:45.574772,Raspberry_Relieve1,,,39.477,0.0,0,100.0,-1,0.0,,,,,,00:00:10,0.49,,0.0
2026-07-07T11:30:46.074844,Raspberry_Relieve1,,,39.473,0.0,0,100.0,-1,0.0,,,,,,00:00:11,0.51,,0.0
2026-07-07T11:30:46.574945,Raspberry_Relieve1,,,39.473,0.0,0,100.0,-1,0.0,,,,,,00:00:11,0.53,,0.0
2026-07-07T11:30:47.075018,Raspberry_Relieve1,,,39.477,0.0,0,100.0,-1,0.0,,,,,,00:00:12,0.48,,0.0
2026-07-07T11:30:47.575122,Raspberry_Relieve1,,,39.477,0.0,0,100.0,-1,0.0,,,,,,00:00:12,0.5,,0.0
2026-07-07T11:30:48.075236,Raspberry_Relieve1,,,39.476,0.0,0,100.0,-1,0.0,,,,,,00:00:13,0.51,,0.0
2026-07-07T11:30:48.575324,Raspberry_Relieve1,,,39.476,0.0,0,100.0,-1,0.0,,,,,,00:00:13,0.48,,0.0
2026-07-07T11:30:49.075424,Raspberry_Relieve1,,,39.473,0.0,0,100.0,-1,0.0,,,,,,00:00:14,0.5,,0.0
2026-07-07T11:30:49.575583,Raspberry_Relieve1,,,39.473,0.0,0,100.0,-1,0.0,,,,,,00:00:14,0.51,,0.0
2026-07-07T16:15:53.774286,Raspberry_Relieve1,,,39.474,0.0,0,100.0,-1,0.0,,,,,,00:00:15,0.5,,0.0
2026-07-07T16:15:54.274382,Raspberry_Relieve1,,,39.474,0.0,0,100.0,-1,0.0,,,,,,00:00:15,0.5,,0.0
2026-07-07T16:15:54.774450,Raspberry_Relieve1,,,39.474,0.0,0,100.0,-1,0.0,,,,,,00:00:16,0.86,,0.0
2026-07-07T16:15:55.373755,Raspberry_Relieve1,,,39.474,0.0,0,100.0,-1,0.0,,,,,,00:00:17,0.56,,0.0
2026-07-07T16:15:55.937779,Raspberry_Relieve1,,,39.474,0.0,0,100.0,-1,0.0,,,,,,00:00:17,0.25,,0.0
2026-07-07T16:15:56.437877,Raspberry_Relieve1,,,39.473,0.0,0,100.0,-1,0.0,,,,,,00:00:17,0.48,,0.0
2026-07-07T16:15:56.938030,Raspberry_Relieve1,,,39.473,0.0,0,100.0,-1,0.0,,,,,,00:00:18,0.5,,0.0
2026-07-07T16:15:57.438101,Raspberry_Relieve1,,,39.473,0.0,0,100.0,-1,0.0,,,,,,00:00:18,0.5,,0.0
2026-07-07T16:15:57.938220,Raspberry_Relieve1,,,39.473,0.0,0,100.0,-1,0.0,,,,,,00:00:19,0.5,,0.0
2026-07-07T16:15:58.438320,Raspberry_Relieve1,,,39.472,0.0,0,100.0,-1,0.0,,,,,,00:00:19,0.49,,0.0
2026-07-07T16:15:58.938392,Raspberry_Relieve1,,,39.472,0.0,0,100.0,-1,0.0,,,,,,00:00:20,0.53,,0.0
2026-07-07T16:15:59.438471,Raspberry_Relieve1,,,39.471,0.0,0,100.0,-1,0.0,,,,,,00:00:20,0.48,,0.0
2026-07-07T16:15:59.938564,Raspberry_Relieve1,,,39.471,0.0,0,100.0,-1,0.0,,,,,,00:00:21,0.5,,0.0
2026-07-07T16:16:00.438641,Raspberry_Relieve1,,,39.472,0.0,0,100.0,-1,0.0,,,,,,00:00:21,0.51,,0.0
2026-07-07T16:16:00.938803,Raspberry_Relieve1,,,39.472,0.0,0,100.0,-1,0.0,,,,,,00:00:22,0.49,,0.0
2026-07-07T16:16:01.438879,Raspberry_Relieve1,,,39.474,0.0,0,100.0,-1,0.0,,,,,,00:00:22,0.5,,0.0
2026-07-07T16:16:01.938996,Raspberry_Relieve1,,,39.474,0.0,0,100.0,-1,0.0,,,,,,00:00:23,0.5,,0.0
2026-07-07T16:16:02.439056,Raspberry_Relieve1,,,39.473,0.0,0,100.0,-1,0.0,,,,,,00:00:23,0.5,,0.0
2026-07-07T16:16:02.939165,Raspberry_Relieve1,25.6524656,-100.2920738,39.473,0.0,0,100.0,-1,0.0,,,,,,00:00:24,0.51,,0.0
2026-07-07T16:16:03.439234,Raspberry_Relieve1,25.6524423,-100.29212875,39.475,0.0,0,100.0,-1,0.0,,,,,,00:00:24,0.49,,0.0
2026-07-07T16:16:03.939328,Raspberry_Relieve1,25.6524423,-100.29212875,39.475,0.0,0,100.0,-1,0.0,,,,,,00:00:25,0.51,,0.0
2026-07-07T16:16:04.439401,Raspberry_Relieve1,25.652443683333335,-100.29212088333334,39.476,0.0,0,100.0,-1,0.0,,,,,,00:00:25,0.48,,0.0
2026-07-07T16:16:04.939502,Raspberry_Relieve1,25.652443683333335,-100.29212088333334,39.476,0.0,0,100.0,-1,0.0,,,,,,00:00:26,0.5,,0.0
2026-07-07T16:16:05.439610,Raspberry_Relieve1,25.6524366,-100.29212546666666,39.473,0.0,0,100.0,-1,0.0,,,,,,00:00:26,0.5,,0.0
2026-07-07T16:16:05.939690,Raspberry_Relieve1,25.6524366,-100.29212546666666,39.473,0.0,0,100.0,-1,0.0,,,,,,00:00:27,0.49,,0.0
2026-07-07T16:16:06.439771,Raspberry_Relieve1,25.652430416666668,-100.29212861666667,39.475,0.0,0,100.0,-1,0.0,,,,,,00:00:27,0.52,,0.0
2026-07-07T16:16:06.939867,Raspberry_Relieve1,25.652430416666668,-100.29212861666667,39.475,0.0,0,100.0,-1,0.0,,,,,,00:00:28,0.49,,0.0
2026-07-07T16:16:07.439955,Raspberry_Relieve1,25.652425066666666,-100.2921243,39.475,0.0,0,100.0,-1,0.0,,,,,,00:00:28,0.5,,0.0
2026-07-07T16:16:07.940054,Raspberry_Relieve1,25.652425066666666,-100.2921243,39.475,0.0,0,100.0,-1,0.0,,,,,,00:00:29,0.5,,0.0
2026-07-07T16:16:08.440140,Raspberry_Relieve1,25.65242435,-100.29212701666667,39.475,0.0,0,100.0,-1,0.0,,,,,,00:00:29,0.51,,0.0
2026-07-07T16:16:08.940252,Raspberry_Relieve1,25.65242435,-100.29212701666667,39.475,0.0,0,100.0,-1,0.0,,,,,,00:00:30,0.49,,0.0
2026-07-07T16:16:09.440308,Raspberry_Relieve1,25.652422066666666,-100.29212363333333,39.474,0.0,0,100.0,-1,0.0,,,,,,00:00:30,0.51,,0.0
2026-07-07T16:16:09.940405,Raspberry_Relieve1,25.652422066666666,-100.29212363333333,39.474,0.0,0,100.0,-1,0.0,,,,,,00:00:31,0.51,,0.0
2026-07-07T16:16:10.440492,Raspberry_Relieve1,25.652416966666667,-100.29212411666667,39.473,0.0,0,100.0,-1,0.0,,,,,,00:00:31,0.49,,0.0
2026-07-07T16:16:10.940626,Raspberry_Relieve1,25.652416966666667,-100.29212411666667,39.473,0.0,0,100.0,-1,0.0,,,,,,00:00:32,0.49,,0.0
2026-07-07T16:16:11.440717,Raspberry_Relieve1,25.652411,-100.292124,39.475,0.0,0,100.0,-1,0.0,,,,,,00:00:32,0.5,,0.0
2026-07-07T16:16:11.940816,Raspberry_Relieve1,25.652411,-100.292124,39.475,0.0,0,100.0,-1,0.0,,,,,,00:00:33,0.51,,0.0
2026-07-07T16:16:12.440976,Raspberry_Relieve1,25.652406883333335,-100.29212161666666,39.472,0.0,0,100.0,-1,0.0,,,,,,00:00:33,0.5,,0.0
2026-07-07T16:16:12.941092,Raspberry_Relieve1,25.652406883333335,-100.29212161666666,39.472,0.0,0,100.0,-1,0.0,,,,,,00:00:34,0.5,,0.0
2026-07-07T16:16:13.441151,Raspberry_Relieve1,25.652402366666667,-100.29211996666666,39.473,0.0,0,100.0,-1,0.0,,,,,,00:00:34,0.49,,0.0
2026-07-07T16:16:13.941251,Raspberry_Relieve1,25.652402366666667,-100.29211996666666,39.473,0.0,0,100.0,-1,0.0,,,,,,00:00:35,0.5,,0.0
2026-07-07T16:16:14.441328,Raspberry_Relieve1,25.652396799999998,-100.2921178,39.472,0.0,0,100.0,-1,0.0,,,,,,00:00:35,0.52,,0.0
2026-07-07T16:16:14.941419,Raspberry_Relieve1,25.652396799999998,-100.2921178,39.472,0.0,0,100.0,-1,0.0,,,,,,00:00:36,0.48,,0.0
2026-07-07T16:16:15.441506,Raspberry_Relieve1,25.65239335,-100.29211736666667,39.473,0.0,0,100.0,-1,0.0,,,,,,00:00:36,0.51,,0.0
2026-07-07T16:16:15.941596,Raspberry_Relieve1,25.65239335,-100.29211736666667,39.473,0.0,0,100.0,-1,0.0,,,,,,00:00:37,0.49,,0.0
2026-07-07T16:16:16.441663,Raspberry_Relieve1,25.652390066666666,-100.29211663333334,39.474,0.0,0,100.0,-1,0.0,,,,,,00:00:37,0.48,,0.0
2026-07-07T16:16:16.941771,Raspberry_Relieve1,25.652390066666666,-100.29211663333334,39.474,0.0,0,100.0,-1,0.0,,,,,,00:00:38,0.5,,0.0
2026-07-07T16:16:17.441848,Raspberry_Relieve1,25.652389083333333,-100.29211746666667,39.473,0.0,0,100.0,-1,0.0,,,,,,00:00:38,0.51,,0.0
2026-07-07T16:16:17.941943,Raspberry_Relieve1,25.652389083333333,-100.29211746666667,39.473,0.0,0,100.0,-1,0.0,,,,,,00:00:39,0.5,,0.0
2026-07-07T16:16:18.442107,Raspberry_Relieve1,25.6523885,-100.29211796666667,39.474,0.0,0,100.0,-1,0.0,,,,,,00:00:39,0.53,,0.0
2026-07-07T16:16:18.942233,Raspberry_Relieve1,25.6523885,-100.29211796666667,39.474,0.0,0,100.0,-1,0.0,,,,,,00:00:40,0.51,,0.0
2026-07-07T16:16:19.442368,Raspberry_Relieve1,25.652388433333332,-100.29211806666666,39.473,0.0,0,100.0,-1,0.0,,,,,,00:00:40,0.49,,0.0
2026-07-07T16:16:19.942499,Raspberry_Relieve1,25.652388433333332,-100.29211806666666,39.473,0.0,0,100.0,-1,0.0,,,,,,00:00:41,0.48,,0.0
2026-07-07T16:16:20.442702,Raspberry_Relieve1,25.652388266666666,-100.2921183,39.474,0.0,0,100.0,-1,0.0,,,,,,00:00:41,0.51,,0.0
2026-07-07T16:16:20.942826,Raspberry_Relieve1,25.652388266666666,-100.2921183,39.474,0.0,0,100.0,-1,0.0,,,,,,00:00:42,0.5,,0.0
2026-07-07T16:16:21.442908,Raspberry_Relieve1,25.65238815,-100.29211848333334,39.476,0.0,0,100.0,-1,0.0,,,,,,00:00:42,0.5,,0.0
2026-07-07T16:16:21.943044,Raspberry_Relieve1,25.65238815,-100.29211848333334,39.476,0.0,0,100.0,-1,0.0,,,,,,00:00:43,0.55,,0.0
2026-07-07T16:16:22.443137,Raspberry_Relieve1,25.65238825,-100.29211903333334,39.474,0.0,0,100.0,-1,0.0,,,,,,00:00:43,0.45,,0.0
2026-07-07T16:16:22.943278,Raspberry_Relieve1,25.65238825,-100.29211903333334,39.474,0.0,0,100.0,-1,0.0,,,,,,00:00:44,0.54,,0.0
2026-07-07T16:16:23.443389,Raspberry_Relieve1,25.652388466666668,-100.29212006666667,39.475,0.0,0,100.0,-1,0.0,,,,,,00:00:44,0.46,,0.0
2026-07-07T16:16:23.943522,Raspberry_Relieve1,25.652388466666668,-100.29212006666667,39.475,0.0,0,100.0,-1,0.0,,,,,,00:00:45,0.5,,0.0
2026-07-07T16:16:24.443595,Raspberry_Relieve1,25.65238855,-100.29212053333333,39.474,0.0,0,100.0,-1,0.0,,,,,,00:00:45,0.5,,0.0
2026-07-07T16:16:24.943723,Raspberry_Relieve1,25.65238855,-100.29212053333333,39.474,0.0,0,100.0,-1,0.0,,,,,,00:00:46,0.5,,0.0
2026-07-07T16:16:25.443816,Raspberry_Relieve1,25.652388383333335,-100.29211998333334,39.474,0.0,0,100.0,-1,0.0,,,,,,00:00:46,0.51,,0.0
2026-07-07T16:16:25.943944,Raspberry_Relieve1,25.652388383333335,-100.29211998333334,39.474,0.0,0,100.0,-1,0.0,,,,,,00:00:47,0.5,,0.0
2026-07-07T16:16:26.444018,Raspberry_Relieve1,25.652388433333332,-100.29212,39.475,0.0,0,100.0,-1,0.0,,,,,,00:00:47,0.51,,0.0
2026-07-07T16:16:26.944130,Raspberry_Relieve1,25.652388433333332,-100.29212,39.475,0.0,0,100.0,-1,0.0,,,,,,00:00:48,0.46,,0.0
2026-07-07T16:16:27.444202,Raspberry_Relieve1,25.652388616666666,-100.2921205,39.473,0.0,0,100.0,-1,0.0,,,,,,00:00:48,0.5,,0.0
2026-07-07T16:16:27.944321,Raspberry_Relieve1,25.652388616666666,-100.2921205,39.473,0.0,0,100.0,-1,0.0,,,,,,00:00:49,0.51,,0.0
2026-07-07T16:16:28.444414,Raspberry_Relieve1,25.652388733333332,-100.29212091666666,39.472,0.0,0,100.0,-1,0.0,,,,,,00:00:49,0.48,,0.0
2026-07-07T16:16:28.944529,Raspberry_Relieve1,25.652388733333332,-100.29212091666666,39.472,0.0,0,100.0,-1,0.0,,,,,,00:00:50,0.51,,0.0
2026-07-07T16:16:29.444618,Raspberry_Relieve1,25.65238885,-100.2921213,39.473,0.0,0,100.0,-1,0.0,,,,,,00:00:50,0.5,,0.0
2026-07-07T16:16:29.944720,Raspberry_Relieve1,25.65238885,-100.2921213,39.473,0.0,0,100.0,-1,0.0,,,,,,00:00:51,0.5,,0.0
2026-07-07T16:16:30.444791,Raspberry_Relieve1,25.652389266666667,-100.29212135,39.471,0.0,0,100.0,-1,0.0,,,,,,00:00:51,0.53,,0.0
2026-07-07T16:16:30.944902,Raspberry_Relieve1,25.652389266666667,-100.29212135,39.471,0.0,0,100.0,-1,0.0,,,,,,00:00:52,0.47,,0.0
2026-07-07T16:16:31.445054,Raspberry_Relieve1,25.652389683333332,-100.29212126666667,39.471,0.0,0,100.0,-1,0.0,,,,,,00:00:52,0.52,,0.0
2026-07-07T16:16:31.945181,Raspberry_Relieve1,25.652389683333332,-100.29212126666667,39.471,0.0,0,100.0,-1,0.0,,,,,,00:00:53,0.52,,0.0
2026-07-07T16:16:32.445273,Raspberry_Relieve1,25.6523899,-100.29212166666667,39.472,0.0,0,100.0,-1,0.0,,,,,,00:00:53,0.49,,0.0
2026-07-07T16:16:32.945406,Raspberry_Relieve1,25.6523899,-100.29212166666667,39.472,0.0,0,100.0,-1,0.0,,,,,,00:00:54,0.5,,0.0
2026-07-07T16:16:33.445582,Raspberry_Relieve1,25.6523901,-100.29212183333334,39.472,0.0,0,100.0,-1,0.0,,,,,,00:00:54,0.51,,0.0
2026-07-07T16:16:33.945720,Raspberry_Relieve1,25.6523901,-100.29212183333334,39.472,0.0,0,100.0,-1,0.0,,,,,,00:00:55,0.48,,0.0
2026-07-07T16:16:34.445884,Raspberry_Relieve1,25.652390333333333,-100.29212171666667,39.472,0.0,0,100.0,-1,0.0,,,,,,00:00:55,0.5,,0.0
2026-07-07T16:16:34.946029,Raspberry_Relieve1,25.652390333333333,-100.29212171666667,39.472,0.0,0,100.0,-1,0.0,,,,,,00:00:56,0.68,,0.0
2026-07-07T16:16:35.446135,Raspberry_Relieve1,25.65239053333333,-100.29212181666666,39.472,0.0,0,100.0,-1,0.0,,,,,,00:00:56,0.32,,0.0
2026-07-07T16:16:35.946268,Raspberry_Relieve1,25.65239053333333,-100.29212181666666,39.472,0.0,0,100.0,-1,0.0,,,,,,00:00:57,0.49,,0.0
2026-07-07T16:16:36.446450,Raspberry_Relieve1,25.652390516666667,-100.29211985,39.473,0.0,0,100.0,-1,0.0,,,,,,00:00:57,0.55,,0.0
2026-07-07T16:16:36.946587,Raspberry_Relieve1,25.652390516666667,-100.29211985,39.473,0.0,0,100.0,-1,0.0,,,,,,00:00:58,0.45,,0.0
2026-07-07T16:16:37.446823,Raspberry_Relieve1,25.6523907,-100.29212,39.472,0.0,0,100.0,-1,0.0,,,,,,00:00:58,0.5,,0.0
2026-07-07T16:16:37.946977,Raspberry_Relieve1,25.6523907,-100.29212,39.472,0.0,0,100.0,-1,0.0,,,,,,00:00:59,0.51,,0.0
2026-07-07T16:16:38.447070,Raspberry_Relieve1,25.652390866666668,-100.29211976666667,39.473,0.0,0,100.0,-1,0.0,,,,,,00:00:59,0.48,,0.0
2026-07-07T16:16:38.947170,Raspberry_Relieve1,25.652390866666668,-100.29211976666667,39.473,0.0,0,100.0,-1,0.0,,,,,,00:01:00,0.49,,0.0
2026-07-07T16:16:39.447290,Raspberry_Relieve1,25.65239105,-100.29211985,39.471,0.0,0,100.0,-1,0.0,,,,,,00:01:00,0.5,,0.0
2026-07-07T16:16:39.947392,Raspberry_Relieve1,25.65239105,-100.29211985,39.471,0.0,0,100.0,-1,0.0,,,,,,00:01:01,0.5,,0.0
2026-07-07T16:16:40.447516,Raspberry_Relieve1,25.652391266666665,-100.29212068333334,39.47,0.0,0,100.0,-1,0.0,,,,,,00:01:01,0.51,,0.0
2026-07-07T16:16:40.947612,Raspberry_Relieve1,25.652391266666665,-100.29212068333334,39.47,0.0,0,100.0,-1,0.0,,,,,,00:01:02,0.49,,0.0
2026-07-07T16:16:41.447693,Raspberry_Relieve1,25.652391316666666,-100.29212006666667,39.471,0.0,0,100.0,-1,0.0,,,,,,00:01:02,0.49,,0.0
2026-07-07T16:16:41.947788,Raspberry_Relieve1,25.652391316666666,-100.29212006666667,39.471,0.0,0,100.0,-1,0.0,,,,,,00:01:03,0.53,,0.0
2026-07-07T16:16:42.447875,Raspberry_Relieve1,25.652391466666668,-100.2921204,39.472,0.0,0,100.0,-1,0.0,,,,,,00:01:03,0.51,,0.0
2026-07-07T16:16:42.947974,Raspberry_Relieve1,25.652391466666668,-100.2921204,39.472,0.0,0,100.0,-1,0.0,,,,,,00:01:04,0.48,,0.0
2026-07-07T16:16:43.448112,Raspberry_Relieve1,25.65239155,-100.29212043333334,39.471,0.0,0,100.0,-1,0.0,,,,,,00:01:04,0.52,,0.0
2026-07-07T16:16:43.948231,Raspberry_Relieve1,25.65239155,-100.29212043333334,39.471,0.0,0,100.0,-1,0.0,,,,,,00:01:05,0.5,,0.0
2026-07-07T16:16:44.448342,Raspberry_Relieve1,25.652391683333335,-100.2921204,39.472,0.0,0,100.0,-1,0.0,,,,,,00:01:05,0.49,,0.0
2026-07-07T16:16:44.948504,Raspberry_Relieve1,25.652391683333335,-100.2921204,39.472,0.0,0,100.0,-1,0.0,,,,,,00:01:06,0.51,,0.0
2026-07-07T16:16:45.448619,Raspberry_Relieve1,25.652392216666666,-100.29212003333333,39.472,0.0,0,100.0,-1,0.0,,,,,,00:01:06,0.5,,0.0
2026-07-07T16:16:45.948808,Raspberry_Relieve1,25.652392216666666,-100.29212003333333,39.472,0.0,0,100.0,-1,0.0,,,,,,00:01:07,0.5,,0.0
2026-07-07T16:16:46.448919,Raspberry_Relieve1,25.6523927,-100.29211976666667,39.473,0.0,0,100.0,-1,0.0,,,,,,00:01:07,0.5,,0.0
2026-07-07T16:16:46.949104,Raspberry_Relieve1,25.6523927,-100.29211976666667,39.473,0.0,0,100.0,-1,0.0,,,,,,00:01:08,0.49,,0.0
2026-07-07T16:16:47.449231,Raspberry_Relieve1,25.652392866666666,-100.29211985,39.473,0.0,0,100.0,-1,0.0,,,,,,00:01:08,0.52,,0.0
2026-07-07T16:16:47.949381,Raspberry_Relieve1,25.652392866666666,-100.29211985,39.473,0.0,0,100.0,-1,0.0,,,,,,00:01:09,0.47,,0.0
2026-07-07T16:16:48.449487,Raspberry_Relieve1,25.65239305,-100.29211995,39.474,0.0,0,100.0,-1,0.0,,,,,,00:01:09,0.51,,0.0
2026-07-07T16:16:48.949628,Raspberry_Relieve1,25.65239305,-100.29211995,39.474,0.0,0,100.0,-1,0.0,,,,,,00:01:10,0.5,,0.0
2026-07-07T16:16:49.449735,Raspberry_Relieve1,25.65239325,-100.29212016666666,39.472,0.0,0,100.0,-1,0.0,,,,,,00:01:10,0.49,,0.0
2026-07-07T16:16:49.949847,Raspberry_Relieve1,25.65239325,-100.29212016666666,39.472,0.0,0,100.0,-1,0.0,,,,,,00:01:11,0.5,,0.0
2026-07-07T16:16:50.449970,Raspberry_Relieve1,25.6523934,-100.29212036666667,39.474,0.0,0,100.0,-1,0.0,,,,,,00:01:11,0.49,,0.0
2026-07-07T16:16:50.950065,Raspberry_Relieve1,25.6523934,-100.29212036666667,39.474,0.0,0,100.0,-1,0.0,,,,,,00:01:12,0.53,,0.0
2026-07-07T16:16:51.450154,Raspberry_Relieve1,25.652393466666666,-100.29212021666666,39.473,0.0,0,100.0,-1,0.0,,,,,,00:01:12,0.47,,0.0
2026-07-07T16:16:51.950258,Raspberry_Relieve1,25.652393466666666,-100.29212021666666,39.473,0.0,0,100.0,-1,0.0,,,,,,00:01:13,0.51,,0.0
2026-07-07T16:16:52.450380,Raspberry_Relieve1,25.652393566666667,-100.29212023333334,39.472,0.0,0,100.0,-1,0.0,,,,,,00:01:13,0.5,,0.0
2026-07-07T16:16:52.950467,Raspberry_Relieve1,25.652393566666667,-100.29212023333334,39.472,0.0,0,100.0,-1,0.0,,,,,,00:01:14,0.49,,0.0
2026-07-07T16:16:53.450585,Raspberry_Relieve1,25.652393666666665,-100.29212026666667,39.473,0.0,0,100.0,-1,0.0,,,,,,00:01:14,0.51,,0.0
2026-07-07T16:16:53.950759,Raspberry_Relieve1,25.652393666666665,-100.29212026666667,39.473,0.0,0,100.0,-1,0.0,,,,,,00:01:15,0.5,,0.0
2026-07-07T16:16:54.450821,Raspberry_Relieve1,25.65239375,-100.29212023333334,39.472,0.0,0,100.0,-1,0.0,,,,,,00:01:15,0.51,,0.0
2026-07-07T16:16:54.950923,Raspberry_Relieve1,25.65239375,-100.29212023333334,39.472,0.0,0,100.0,-1,0.0,,,,,,00:01:16,0.49,,0.0
2026-07-07T16:16:55.451027,Raspberry_Relieve1,25.652393866666667,-100.29212016666666,39.472,0.0,0,100.0,-1,0.0,,,,,,00:01:16,0.49,,0.0
2026-07-07T16:16:55.951139,Raspberry_Relieve1,25.652393866666667,-100.29212016666666,39.472,0.0,0,100.0,-1,0.0,,,,,,00:01:17,0.5,,0.0
2026-07-07T16:16:56.451247,Raspberry_Relieve1,25.6523939,-100.2921204,39.471,0.0,0,100.0,-1,0.0,,,,,,00:01:17,0.5,,0.0
2026-07-07T16:16:56.951410,Raspberry_Relieve1,25.6523939,-100.2921204,39.471,0.0,0,100.0,-1,0.0,,,,,,00:01:18,0.52,,0.0
2026-07-07T16:16:57.451622,Raspberry_Relieve1,25.652394016666666,-100.2921205,39.472,0.0,0,100.0,-1,0.0,,,,,,00:01:18,0.49,,0.0
2026-07-07T16:16:57.951734,Raspberry_Relieve1,25.652394016666666,-100.2921205,39.472,0.0,0,100.0,-1,0.0,,,,,,00:01:19,0.51,,0.0
2026-07-07T16:16:58.451800,Raspberry_Relieve1,25.652394066666666,-100.29212066666666,39.471,0.0,0,100.0,-1,0.0,,,,,,00:01:19,0.49,,0.0
2026-07-07T16:16:58.951892,Raspberry_Relieve1,25.652394066666666,-100.29212066666666,39.471,0.0,0,100.0,-1,0.0,,,,,,00:01:20,0.49,,0.0
2026-07-07T16:16:59.451979,Raspberry_Relieve1,25.652394033333334,-100.29212068333334,39.473,0.0,0,100.0,-1,0.0,,,,,,00:01:20,0.49,,0.0
2026-07-07T16:16:59.952070,Raspberry_Relieve1,25.652394033333334,-100.29212068333334,39.473,0.0,0,100.0,-1,0.0,,,,,,00:01:21,0.56,,0.0
2026-07-07T16:17:00.452162,Raspberry_Relieve1,25.652393766666666,-100.29212025,39.472,0.0,0,100.0,-1,0.0,,,,,,00:01:21,0.45,,0.0
2026-07-07T16:17:00.952255,Raspberry_Relieve1,25.652393766666666,-100.29212025,39.472,0.0,0,100.0,-1,0.0,,,,,,00:01:22,0.5,,0.0
2026-07-07T16:17:01.452352,Raspberry_Relieve1,25.652393833333335,-100.2921204,39.472,0.0,0,100.0,-1,0.0,,,,,,00:01:22,0.52,,0.0
2026-07-07T16:17:01.952464,Raspberry_Relieve1,25.652393833333335,-100.2921204,39.472,0.0,0,100.0,-1,0.0,,,,,,00:01:23,0.48,,0.0
2026-07-07T16:17:02.452547,Raspberry_Relieve1,25.652393383333333,-100.2921197,39.472,0.0,0,100.0,-1,0.0,,,,,,00:01:23,0.51,,0.0
2026-07-07T16:17:02.952629,Raspberry_Relieve1,25.652393383333333,-100.2921197,39.472,0.0,0,100.0,-1,0.0,,,,,,00:01:24,0.5,,0.0
2026-07-07T16:17:03.452797,Raspberry_Relieve1,25.65239345,-100.29211986666667,39.471,0.0,0,100.0,-1,0.0,,,,,,00:01:24,0.52,,0.0
2026-07-07T16:17:03.952971,Raspberry_Relieve1,25.65239345,-100.29211986666667,39.471,0.0,0,100.0,-1,0.0,,,,,,00:01:25,0.47,,0.0
2026-07-07T16:17:04.453164,Raspberry_Relieve1,25.652393466666666,-100.29211996666666,39.471,0.0,0,100.0,-1,0.0,,,,,,00:01:25,0.52,,0.0
2026-07-07T16:17:04.953336,Raspberry_Relieve1,25.652393466666666,-100.29211996666666,39.471,0.0,0,100.0,-1,0.0,,,,,,00:01:26,0.47,,0.0
2026-07-07T16:17:05.453541,Raspberry_Relieve1,25.652393483333334,-100.29212005,39.47,0.0,0,100.0,-1,0.0,,,,,,00:01:26,0.51,,0.0
2026-07-07T16:17:05.953643,Raspberry_Relieve1,25.652393483333334,-100.29212005,39.47,0.0,0,100.0,-1,0.0,,,,,,00:01:27,0.5,,0.0
2026-07-07T16:17:06.453795,Raspberry_Relieve1,25.65239355,-100.29212008333333,39.471,0.0,0,100.0,-1,0.0,,,,,,00:01:27,0.51,,0.0
2026-07-07T16:17:06.953893,Raspberry_Relieve1,25.65239355,-100.29212008333333,39.471,0.0,0,100.0,-1,0.0,,,,,,00:01:28,0.49,,0.0
2026-07-07T16:17:07.454015,Raspberry_Relieve1,25.652393633333332,-100.29212005,39.471,0.0,0,100.0,-1,0.0,,,,,,00:01:28,0.5,,0.0
2026-07-07T16:17:07.954121,Raspberry_Relieve1,25.652393633333332,-100.29212005,39.471,0.0,0,100.0,-1,0.0,,,,,,00:01:29,0.5,,0.0
2026-07-07T16:17:08.454233,Raspberry_Relieve1,25.652393633333332,-100.29212008333333,39.471,0.0,0,100.0,-1,0.0,,,,,,00:01:29,0.5,,0.0
2026-07-07T16:17:08.954374,Raspberry_Relieve1,25.652393633333332,-100.29212008333333,39.471,0.0,0,100.0,-1,0.0,,,,,,00:01:30,0.51,,0.0
2026-07-07T16:17:09.454501,Raspberry_Relieve1,25.65239365,-100.29212013333333,39.471,0.0,0,100.0,-1,0.0,,,,,,00:01:30,0.48,,0.0
2026-07-07T16:17:09.954598,Raspberry_Relieve1,25.65239365,-100.29212013333333,39.471,0.0,0,100.0,-1,0.0,,,,,,00:01:31,0.5,,0.0
2026-07-07T16:17:10.454709,Raspberry_Relieve1,25.65239385,-100.29212033333333,39.472,0.0,0,100.0,-1,0.0,,,,,,00:01:31,0.5,,0.0
2026-07-07T16:17:10.954805,Raspberry_Relieve1,25.65239385,-100.29212033333333,39.472,0.0,0,100.0,-1,0.0,,,,,,00:01:32,0.53,,0.0
2026-07-07T16:17:11.454937,Raspberry_Relieve1,25.6523939,-100.29212028333333,39.472,0.0,0,100.0,-1,0.0,,,,,,00:01:32,0.46,,0.0
2026-07-07T16:17:11.955017,Raspberry_Relieve1,25.6523939,-100.29212028333333,39.472,0.0,0,100.0,-1,0.0,,,,,,00:01:33,0.5,,0.0
2026-07-07T16:17:12.455163,Raspberry_Relieve1,25.652393916666668,-100.29212035,39.472,0.0,0,100.0,-1,0.0,,,,,,00:01:33,0.52,,0.0
2026-07-07T16:17:12.955246,Raspberry_Relieve1,25.652393916666668,-100.29212035,39.472,0.0,0,100.0,-1,0.0,,,,,,00:01:34,0.48,,0.0
2026-07-07T16:17:13.455369,Raspberry_Relieve1,25.652394066666666,-100.2921203,39.472,0.0,0,100.0,-1,0.0,,,,,,00:01:34,0.5,,0.0
2026-07-07T16:17:13.955467,Raspberry_Relieve1,25.652394066666666,-100.2921203,39.472,0.0,0,100.0,-1,0.0,,,,,,00:01:35,0.5,,0.0
2026-07-07T16:17:14.455597,Raspberry_Relieve1,25.652393716666666,-100.29211958333333,39.472,0.0,0,100.0,-1,0.0,,,,,,00:01:35,0.51,,0.0
2026-07-07T16:17:14.955717,Raspberry_Relieve1,25.652393716666666,-100.29211958333333,39.472,0.0,0,100.0,-1,0.0,,,,,,00:01:36,0.49,,0.0
2026-07-07T16:17:15.455825,Raspberry_Relieve1,25.652393433333334,-100.29211908333333,39.47,0.0,0,100.0,-1,0.0,,,,,,00:01:36,0.51,,0.0
2026-07-07T16:17:15.955957,Raspberry_Relieve1,25.652393433333334,-100.29211908333333,39.47,0.0,0,100.0,-1,0.0,,,,,,00:01:37,0.51,,0.0
2026-07-07T16:17:16.456088,Raspberry_Relieve1,25.652393466666666,-100.29211903333334,39.472,0.0,0,100.0,-1,0.0,,,,,,00:01:37,0.52,,0.0
2026-07-07T16:17:16.956242,Raspberry_Relieve1,25.652393466666666,-100.29211903333334,39.472,0.0,0,100.0,-1,0.0,,,,,,00:01:38,0.48,,0.0
2026-07-07T16:17:17.456357,Raspberry_Relieve1,25.652393483333334,-100.29211886666667,39.471,0.0,0,100.0,-1,0.0,,,,,,00:01:38,0.5,,0.0
2026-07-07T16:17:17.956438,Raspberry_Relieve1,25.652393483333334,-100.29211886666667,39.471,0.0,0,100.0,-1,0.0,,,,,,00:01:39,0.52,,0.0
2026-07-07T16:17:18.456563,Raspberry_Relieve1,25.65239335,-100.29211851666666,39.471,0.0,0,100.0,-1,0.0,,,,,,00:01:39,0.46,,0.0
2026-07-07T16:17:18.956707,Raspberry_Relieve1,25.65239335,-100.29211851666666,39.471,0.0,0,100.0,-1,0.0,,,,,,00:01:40,0.51,,0.0
2026-07-07T16:17:19.456829,Raspberry_Relieve1,25.652393333333332,-100.29211853333334,39.471,0.0,0,100.0,-1,0.0,,,,,,00:01:40,0.49,,0.0
2026-07-07T16:17:19.957005,Raspberry_Relieve1,25.652393333333332,-100.29211853333334,39.471,0.0,0,100.0,-1,0.0,,,,,,00:01:41,0.51,,0.0
2026-07-07T16:17:20.457139,Raspberry_Relieve1,25.652393283333332,-100.29211851666666,39.47,0.0,0,100.0,-1,0.0,,,,,,00:01:41,0.51,,0.0
2026-07-07T16:17:20.957255,Raspberry_Relieve1,25.652393283333332,-100.29211851666666,39.47,0.0,0,100.0,-1,0.0,,,,,,00:01:42,0.5,,0.0
2026-07-07T16:17:21.457379,Raspberry_Relieve1,25.652393366666665,-100.2921183,39.47,0.0,0,100.0,-1,0.0,,,,,,00:01:42,0.51,,0.0
2026-07-07T16:17:21.957461,Raspberry_Relieve1,25.652393366666665,-100.2921183,39.47,0.0,0,100.0,-1,0.0,,,,,,00:01:43,0.48,,0.0
2026-07-07T16:17:22.457602,Raspberry_Relieve1,25.652393433333334,-100.29211835,39.469,0.0,0,100.0,-1,0.0,,,,,,00:01:43,0.5,,0.0
2026-07-07T16:17:22.957687,Raspberry_Relieve1,25.652393433333334,-100.29211835,39.469,0.0,0,100.0,-1,0.0,,,,,,00:01:44,0.47,,0.0
2026-07-07T16:17:23.457802,Raspberry_Relieve1,25.652393433333334,-100.29211833333333,39.472,0.0,0,100.0,-1,0.0,,,,,,00:01:44,0.51,,0.0
2026-07-07T16:17:23.957930,Raspberry_Relieve1,25.652393433333334,-100.29211833333333,39.472,0.0,0,100.0,-1,0.0,,,,,,00:01:45,0.51,,0.0
2026-07-07T16:17:24.458048,Raspberry_Relieve1,25.6523935,-100.29211843333333,39.471,0.0,0,100.0,-1,0.0,,,,,,00:01:45,0.52,,0.0
2026-07-07T16:17:24.958135,Raspberry_Relieve1,25.6523935,-100.29211843333333,39.471,0.0,0,100.0,-1,0.0,,,,,,00:01:46,0.5,,0.0
2026-07-07T16:17:25.458266,Raspberry_Relieve1,25.652393483333334,-100.29211865,39.47,0.0,0,100.0,-1,0.0,,,,,,00:01:46,0.47,,0.0
2026-07-07T16:17:25.958360,Raspberry_Relieve1,25.652393483333334,-100.29211865,39.47,0.0,0,100.0,-1,0.0,,,,,,00:01:47,0.56,,0.0
2026-07-07T16:17:26.458482,Raspberry_Relieve1,25.6523935,-100.29211876666666,39.471,0.0,0,100.0,-1,0.0,,,,,,00:01:47,0.44,,0.0
2026-07-07T16:17:26.958577,Raspberry_Relieve1,25.6523935,-100.29211876666666,39.471,0.0,0,100.0,-1,0.0,,,,,,00:01:48,0.5,,0.0
2026-07-07T16:17:27.458698,Raspberry_Relieve1,25.652393483333334,-100.29211885,39.471,0.0,0,100.0,-1,0.0,,,,,,00:01:48,0.51,,0.0
2026-07-07T16:17:27.958825,Raspberry_Relieve1,25.652393483333334,-100.29211885,39.471,0.0,0,100.0,-1,0.0,,,,,,00:01:49,0.5,,0.0
2026-07-07T16:17:28.458941,Raspberry_Relieve1,25.652393466666666,-100.29211905,39.471,0.0,0,100.0,-1,0.0,,,,,,00:01:49,0.5,,0.0
2026-07-07T16:17:28.959077,Raspberry_Relieve1,25.652393466666666,-100.29211905,39.471,0.0,0,100.0,-1,0.0,,,,,,00:01:50,0.53,,0.0
2026-07-07T16:17:29.459194,Raspberry_Relieve1,25.652393483333334,-100.29211928333334,39.47,0.0,0,100.0,-1,0.0,,,,,,00:01:50,0.47,,0.0
2026-07-07T16:17:29.959365,Raspberry_Relieve1,25.652393483333334,-100.29211928333334,39.47,0.0,0,100.0,-1,0.0,,,,,,00:01:51,0.5,,0.0
2026-07-07T16:17:30.459455,Raspberry_Relieve1,25.652393466666666,-100.29211928333334,39.47,0.0,0,100.0,-1,0.0,,,,,,00:01:51,0.52,,0.0
2026-07-07T16:17:30.959554,Raspberry_Relieve1,25.652393466666666,-100.29211928333334,39.47,0.0,0,100.0,-1,0.0,,,,,,00:01:52,0.48,,0.0
2026-07-07T16:17:31.459680,Raspberry_Relieve1,25.652393466666666,-100.29211928333334,39.471,0.0,0,100.0,-1,0.0,,,,,,00:01:52,0.51,,0.0
2026-07-07T16:17:31.959783,Raspberry_Relieve1,25.652393466666666,-100.29211928333334,39.471,0.0,0,100.0,-1,0.0,,,,,,00:01:53,0.52,,0.0
2026-07-07T16:17:32.459877,Raspberry_Relieve1,25.652393433333334,-100.29211953333333,39.47,0.0,0,100.0,-1,0.0,,,,,,00:01:53,0.47,,0.0
2026-07-07T16:17:32.959950,Raspberry_Relieve1,25.652393433333334,-100.29211953333333,39.47,0.0,0,100.0,-1,0.0,,,,,,00:01:54,0.49,,0.0
2026-07-07T16:17:33.460069,Raspberry_Relieve1,25.652393433333334,-100.29211978333333,39.472,0.0,0,100.0,-1,0.0,,,,,,00:01:54,0.52,,0.0
2026-07-07T16:17:33.960195,Raspberry_Relieve1,25.652393433333334,-100.29211978333333,39.472,0.0,0,100.0,-1,0.0,,,,,,00:01:55,0.48,,0.0
2026-07-07T16:17:34.460322,Raspberry_Relieve1,25.65239335,-100.29211975,39.47,0.0,0,100.0,-1,0.0,,,,,,00:01:55,0.49,,0.0
2026-07-07T16:17:34.960427,Raspberry_Relieve1,25.65239335,-100.29211975,39.47,0.0,0,100.0,-1,0.0,,,,,,00:01:56,0.52,,0.0
2026-07-07T16:17:35.460561,Raspberry_Relieve1,25.65239325,-100.29211988333333,39.47,0.0,0,100.0,-1,0.0,,,,,,00:01:56,0.48,,0.0
2026-07-07T16:17:35.960627,Raspberry_Relieve1,25.65239325,-100.29211988333333,39.47,0.0,0,100.0,-1,0.0,,,,,,00:01:57,0.5,,0.0
2026-07-07T16:17:36.460753,Raspberry_Relieve1,25.652393233333335,-100.29212001666667,39.472,0.0,0,100.0,-1,0.0,,,,,,00:01:57,0.51,,0.0
2026-07-07T16:17:36.960848,Raspberry_Relieve1,25.652393233333335,-100.29212001666667,39.472,0.0,0,100.0,-1,0.0,,,,,,00:01:58,0.48,,0.0
2026-07-07T16:17:37.460953,Raspberry_Relieve1,25.65239325,-100.29212006666667,39.472,0.0,0,100.0,-1,0.0,,,,,,00:01:58,0.5,,0.0
2026-07-07T16:17:37.961055,Raspberry_Relieve1,25.65239325,-100.29212006666667,39.472,0.0,0,100.0,-1,0.0,,,,,,00:01:59,0.5,,0.0
2026-07-07T16:17:38.461171,Raspberry_Relieve1,25.6523932,-100.29212011666667,39.471,0.0,0,100.0,-1,0.0,,,,,,00:01:59,0.5,,0.0
2026-07-07T16:17:38.961270,Raspberry_Relieve1,25.6523932,-100.29212011666667,39.471,0.0,0,100.0,-1,0.0,,,,,,00:02:00,0.5,,0.0
2026-07-07T16:17:39.461391,Raspberry_Relieve1,25.652393233333335,-100.29212026666667,39.471,0.0,0,100.0,-1,0.0,,,,,,00:02:00,0.52,,0.0
2026-07-07T16:17:39.961507,Raspberry_Relieve1,25.652393233333335,-100.29212026666667,39.471,0.0,0,100.0,-1,0.0,,,,,,00:02:01,0.48,,0.0
2026-07-07T16:17:40.461627,Raspberry_Relieve1,25.6523933,-100.29212043333334,39.47,0.0,0,100.0,-1,0.0,,,,,,00:02:01,0.51,,0.0
2026-07-07T16:17:40.961728,Raspberry_Relieve1,25.6523933,-100.29212043333334,39.47,0.0,0,100.0,-1,0.0,,,,,,00:02:02,0.5,,0.0
2026-07-07T16:17:41.461843,Raspberry_Relieve1,25.652393366666665,-100.2921206,39.47,0.0,0,100.0,-1,0.0,,,,,,00:02:02,0.48,,0.0
2026-07-07T16:17:41.961938,Raspberry_Relieve1,25.652393366666665,-100.2921206,39.47,0.0,0,100.0,-1,0.0,,,,,,00:02:03,0.53,,0.0
2026-07-07T16:17:42.462034,Raspberry_Relieve1,25.65239345,-100.29212076666667,39.47,0.0,0,100.0,-1,0.0,,,,,,00:02:03,0.49,,0.0
2026-07-07T16:17:42.962133,Raspberry_Relieve1,25.65239345,-100.29212076666667,39.47,0.0,0,100.0,-1,0.0,,,,,,00:02:04,0.52,,0.0
2026-07-07T16:17:43.462232,Raspberry_Relieve1,25.652393516666667,-100.29212103333333,39.47,0.0,0,100.0,-1,0.0,,,,,,00:02:04,0.47,,0.0
2026-07-07T16:17:43.962350,Raspberry_Relieve1,25.652393516666667,-100.29212103333333,39.47,0.0,0,100.0,-1,0.0,,,,,,00:02:05,0.51,,0.0
2026-07-07T16:17:44.462474,Raspberry_Relieve1,25.6523936,-100.29212096666667,39.471,0.0,0,100.0,-1,0.0,,,,,,00:02:05,0.5,,0.0
2026-07-07T16:17:44.962544,Raspberry_Relieve1,25.6523936,-100.29212096666667,39.471,0.0,0,100.0,-1,0.0,,,,,,00:02:06,0.5,,0.0
2026-07-07T16:17:45.462621,Raspberry_Relieve1,25.652393666666665,-100.29212095,39.47,0.0,0,100.0,-1,0.0,,,,,,00:02:06,0.5,,0.0
2026-07-07T16:17:45.962778,Raspberry_Relieve1,25.652393666666665,-100.29212095,39.47,0.0,0,100.0,-1,0.0,,,,,,00:02:07,0.51,,0.0
2026-07-07T16:17:46.462828,Raspberry_Relieve1,25.652393716666666,-100.29212086666666,39.471,0.0,0,100.0,-1,0.0,,,,,,00:02:07,0.5,,0.0
2026-07-07T16:17:46.962925,Raspberry_Relieve1,25.652393716666666,-100.29212086666666,39.471,0.0,0,100.0,-1,0.0,,,,,,00:02:08,0.51,,0.0
2026-07-07T16:17:47.463066,Raspberry_Relieve1,25.652393683333333,-100.29212088333334,39.471,0.0,0,100.0,-1,0.0,,,,,,00:02:09,0.91,,0.0
2026-07-07T16:17:48.166239,Raspberry_Relieve1,25.65239365,-100.29212088333334,39.471,0.0,0,100.0,-1,0.0,,,,,,00:02:09,0.28,,0.0
2026-07-07T16:17:48.666356,Raspberry_Relieve1,25.65239365,-100.29212088333334,39.471,0.0,0,100.0,-1,0.0,,,,,,00:02:10,0.5,,0.0
2026-07-07T16:17:49.166405,Raspberry_Relieve1,25.652393583333332,-100.29212076666667,39.471,0.0,0,100.0,-1,0.0,,,,,,00:02:10,0.5,,0.0
2026-07-07T16:17:49.666506,Raspberry_Relieve1,25.652393583333332,-100.29212076666667,39.471,0.0,0,100.0,-1,0.0,,,,,,00:02:11,0.48,,0.0
2026-07-07T16:17:50.166547,Raspberry_Relieve1,25.6523935,-100.29212073333333,39.473,0.0,0,100.0,-1,0.0,,,,,,00:02:11,0.5,,0.0
2026-07-07T16:17:50.666603,Raspberry_Relieve1,25.6523935,-100.29212073333333,39.473,0.0,0,100.0,-1,0.0,,,,,,00:02:12,0.5,,0.0
2026-07-07T16:17:51.166671,Raspberry_Relieve1,25.6523935,-100.29212095,39.471,0.0,0,100.0,-1,0.0,,,,,,00:02:12,0.52,,0.0
2026-07-07T16:17:51.666771,Raspberry_Relieve1,25.6523935,-100.29212095,39.471,0.0,0,100.0,-1,0.0,,,,,,00:02:13,0.66,,0.0
2026-07-07T16:17:52.166834,Raspberry_Relieve1,25.652393416666666,-100.29212105,39.47,0.0,0,100.0,-1,0.0,,,,,,00:02:13,0.52,,0.0
2026-07-07T16:17:52.666919,Raspberry_Relieve1,25.652393416666666,-100.29212105,39.47,0.0,0,100.0,-1,0.0,,,,,,00:02:14,0.5,,0.0
2026-07-07T16:17:53.166990,Raspberry_Relieve1,25.652393383333333,-100.29212101666667,39.469,0.0,0,100.0,-1,0.0,,,,,,00:02:14,0.41,,0.0
2026-07-07T16:17:53.667050,Raspberry_Relieve1,25.652393383333333,-100.29212101666667,39.469,0.0,0,100.0,-1,0.0,,,,,,00:02:15,0.62,,0.0
2026-07-07T16:17:54.167127,Raspberry_Relieve1,25.65239345,-100.29212151666667,39.469,0.0,0,100.0,-1,0.0,,,,,,00:02:15,0.27,,0.0
2026-07-07T16:17:54.667207,Raspberry_Relieve1,25.65239345,-100.29212151666667,39.469,0.0,0,100.0,-1,0.0,,,,,,00:02:16,0.54,,0.0
2026-07-07T16:17:55.167312,Raspberry_Relieve1,25.652393366666665,-100.2921215,39.469,0.0,0,100.0,-1,0.0,,,,,,00:02:16,0.51,,0.0
2026-07-07T16:17:55.667394,Raspberry_Relieve1,25.652393366666665,-100.2921215,39.469,0.0,0,100.0,-1,0.0,,,,,,00:02:17,0.69,,0.0
2026-07-07T16:17:56.167470,Raspberry_Relieve1,25.652393333333332,-100.29212153333333,39.47,0.0,0,100.0,-1,0.0,,,,,,00:02:17,0.3,,0.0
2026-07-07T16:17:56.667578,Raspberry_Relieve1,25.652393333333332,-100.29212153333333,39.47,0.0,0,100.0,-1,0.0,,,,,,00:02:18,0.5,,0.0
2026-07-07T16:17:57.167644,Raspberry_Relieve1,25.652393283333332,-100.29212151666667,39.469,0.0,0,100.0,-1,0.0,,,,,,00:02:18,0.63,,0.0
2026-07-07T16:17:57.667717,Raspberry_Relieve1,25.652393283333332,-100.29212151666667,39.469,0.0,0,100.0,-1,0.0,,,,,,00:02:19,0.34,,0.0
2026-07-07T16:17:58.167799,Raspberry_Relieve1,25.6523933,-100.29212153333333,39.469,0.0,0,100.0,-1,0.0,,,,,,00:02:19,0.53,,0.0
2026-07-07T16:17:58.667874,Raspberry_Relieve1,25.6523933,-100.29212153333333,39.469,0.0,0,100.0,-1,0.0,,,,,,00:02:20,0.62,,0.0
2026-07-07T16:17:59.167950,Raspberry_Relieve1,25.65239335,-100.29212158333333,39.47,0.0,0,100.0,-1,0.0,,,,,,00:02:20,0.34,,0.0
2026-07-07T16:17:59.668025,Raspberry_Relieve1,25.65239335,-100.29212158333333,39.47,0.0,0,100.0,-1,0.0,,,,,,00:02:21,0.52,,0.0
2026-07-07T16:18:00.168092,Raspberry_Relieve1,25.65239335,-100.29212158333333,39.47,0.0,0,100.0,-1,0.0,,,,,,00:02:21,0.49,,0.0
2026-07-07T16:18:00.668177,Raspberry_Relieve1,25.65239335,-100.29212158333333,39.47,0.0,0,100.0,-1,0.0,,,,,,00:02:22,0.5,,0.0
2026-07-07T16:18:01.168243,Raspberry_Relieve1,25.652393316666668,-100.29212158333333,39.47,0.0,0,100.0,-1,0.0,,,,,,00:02:22,0.67,,0.0
2026-07-07T16:18:01.668314,Raspberry_Relieve1,25.652393316666668,-100.29212158333333,39.47,0.0,0,100.0,-1,0.0,,,,,,00:02:23,0.5,,0.0
2026-07-07T16:18:02.168433,Raspberry_Relieve1,25.652393266666667,-100.2921216,39.469,0.0,0,100.0,-1,0.0,,,,,,00:02:23,0.38,,0.0
2026-07-07T16:18:02.668538,Raspberry_Relieve1,25.652393266666667,-100.2921216,39.469,0.0,0,100.0,-1,0.0,,,,,,00:02:24,0.65,,0.0
2026-07-07T16:18:03.168609,Raspberry_Relieve1,25.652393266666667,-100.29212173333333,39.471,0.0,0,100.0,-1,0.0,,,,,,00:02:24,0.33,,0.0
2026-07-07T16:18:03.668720,Raspberry_Relieve1,25.652393266666667,-100.29212173333333,39.471,0.0,0,100.0,-1,0.0,,,,,,00:02:25,0.67,,0.0
2026-07-07T16:18:04.168802,Raspberry_Relieve1,25.652393333333332,-100.29212183333334,39.471,0.0,0,100.0,-1,0.0,,,,,,00:02:25,0.32,,0.0
2026-07-07T16:18:04.668916,Raspberry_Relieve1,25.652393333333332,-100.29212183333334,39.471,0.0,0,100.0,-1,0.0,,,,,,00:02:26,0.49,,0.0
2026-07-07T16:18:05.168980,Raspberry_Relieve1,25.652393433333334,-100.29212171666667,39.47,0.0,0,100.0,-1,0.0,,,,,,00:02:26,0.5,,0.0
2026-07-07T16:18:05.669040,Raspberry_Relieve1,25.652393433333334,-100.29212171666667,39.47,0.0,0,100.0,-1,0.0,,,,,,00:02:27,0.67,,0.0
2026-07-07T16:18:06.169116,Raspberry_Relieve1,25.652393416666666,-100.2921217,39.47,0.0,0,100.0,-1,0.0,,,,,,00:02:27,0.32,,0.0
2026-07-07T16:18:06.669193,Raspberry_Relieve1,25.652393416666666,-100.2921217,39.47,0.0,0,100.0,-1,0.0,,,,,,00:02:28,0.69,,0.0
2026-07-07T16:18:07.169273,Raspberry_Relieve1,25.652393483333334,-100.29212173333333,39.47,0.0,0,100.0,-1,0.0,,,,,,00:02:28,0.33,,0.0
2026-07-07T16:18:07.669345,Raspberry_Relieve1,25.652393483333334,-100.29212173333333,39.47,0.0,0,100.0,-1,0.0,,,,,,00:02:29,0.48,,0.0
2026-07-07T16:18:08.169427,Raspberry_Relieve1,25.652393533333335,-100.29212165,39.469,0.0,0,100.0,-1,0.0,,,,,,00:02:29,0.51,,0.0
2026-07-07T16:18:08.669511,Raspberry_Relieve1,25.652393533333335,-100.29212165,39.469,0.0,0,100.0,-1,0.0,,,,,,00:02:30,0.56,,0.0
2026-07-07T16:18:09.169586,Raspberry_Relieve1,25.652393433333334,-100.29212175,39.47,0.0,0,100.0,-1,0.0,,,,,,00:02:30,0.47,,0.0
2026-07-07T16:18:09.669671,Raspberry_Relieve1,25.652393433333334,-100.29212175,39.47,0.0,0,100.0,-1,0.0,,,,,,00:02:31,0.48,,0.0
2026-07-07T16:18:10.169791,Raspberry_Relieve1,25.652393366666665,-100.29212171666667,39.468,0.0,0,100.0,-1,0.0,,,,,,00:02:31,0.51,,0.0
2026-07-07T16:18:10.669978,Raspberry_Relieve1,25.652393366666665,-100.29212171666667,39.468,0.0,0,100.0,-1,0.0,,,,,,00:02:32,0.49,,0.0
2026-07-07T16:18:11.170073,Raspberry_Relieve1,25.652393366666665,-100.29212171666667,39.471,0.0,0,100.0,-1,0.0,,,,,,00:02:32,0.71,,0.0
2026-07-07T16:18:11.670179,Raspberry_Relieve1,25.652393366666665,-100.29212171666667,39.471,0.0,0,100.0,-1,0.0,,,,,,00:02:33,0.29,,0.0
2026-07-07T16:18:12.170261,Raspberry_Relieve1,25.652393466666666,-100.2921217,39.469,0.0,0,100.0,-1,0.0,,,,,,00:02:33,0.47,,0.0
2026-07-07T16:18:12.670383,Raspberry_Relieve1,25.652393466666666,-100.2921217,39.469,0.0,0,100.0,-1,0.0,,,,,,00:02:34,0.52,,0.0
2026-07-07T16:18:13.170429,Raspberry_Relieve1,25.65239365,-100.29212185,39.469,0.0,0,100.0,-1,0.0,,,,,,00:02:34,0.5,,0.0
2026-07-07T16:18:13.670492,Raspberry_Relieve1,25.65239365,-100.29212185,39.469,0.0,0,100.0,-1,0.0,,,,,,00:02:35,0.52,,0.0
2026-07-07T16:18:14.170582,Raspberry_Relieve1,25.65239365,-100.29212185,39.468,0.0,0,100.0,-1,0.0,,,,,,00:02:35,0.48,,0.0
2026-07-07T16:18:14.670646,Raspberry_Relieve1,25.65239365,-100.29212185,39.468,0.0,0,100.0,-1,0.0,,,,,,00:02:36,0.51,,0.0
2026-07-07T16:18:15.170752,Raspberry_Relieve1,25.652393816666667,-100.29212213333334,39.468,0.0,0,100.0,-1,0.0,,,,,,00:02:36,0.48,,0.0
2026-07-07T16:18:15.670818,Raspberry_Relieve1,25.652393816666667,-100.29212213333334,39.468,0.0,0,100.0,-1,0.0,,,,,,00:02:37,0.53,,0.0
2026-07-07T16:18:16.170897,Raspberry_Relieve1,25.6523939,-100.29212218333333,39.469,0.0,0,100.0,-1,0.0,,,,,,00:02:37,0.48,,0.0
2026-07-07T16:18:16.670975,Raspberry_Relieve1,25.6523939,-100.29212218333333,39.469,0.0,0,100.0,-1,0.0,,,,,,00:02:38,0.54,,0.0
2026-07-07T16:18:17.171098,Raspberry_Relieve1,25.6523941,-100.29212233333334,39.47,0.0,0,100.0,-1,0.0,,,,,,00:02:38,0.46,,0.0
2026-07-07T16:18:17.671298,Raspberry_Relieve1,25.6523941,-100.29212233333334,39.47,0.0,0,100.0,-1,0.0,,,,,,00:02:39,0.51,,0.0
2026-07-07T16:18:18.171370,Raspberry_Relieve1,25.65239418333333,-100.29212255,39.469,0.0,0,100.0,-1,0.0,,,,,,00:02:39,0.47,,0.0
2026-07-07T16:18:18.671446,Raspberry_Relieve1,25.65239418333333,-100.29212255,39.469,0.0,0,100.0,-1,0.0,,,,,,00:02:40,0.49,,0.0
2026-07-07T16:18:19.171529,Raspberry_Relieve1,25.65239445,-100.2921226,39.47,0.0,0,100.0,-1,0.0,,,,,,00:02:40,0.52,,0.0
2026-07-07T16:18:19.671603,Raspberry_Relieve1,25.65239445,-100.2921226,39.47,0.0,0,100.0,-1,0.0,,,,,,00:02:41,0.49,,0.0
2026-07-07T16:18:20.171695,Raspberry_Relieve1,25.652394566666665,-100.29212278333334,39.469,0.0,0,100.0,-1,0.0,,,,,,00:02:41,0.51,,0.0
2026-07-07T16:18:20.671780,Raspberry_Relieve1,25.652394566666665,-100.29212278333334,39.469,0.0,0,100.0,-1,0.0,,,,,,00:02:42,0.5,,0.0
2026-07-07T16:18:21.171864,Raspberry_Relieve1,25.65239455,-100.29212278333334,39.47,0.0,0,100.0,-1,0.0,,,,,,00:02:42,0.5,,0.0
2026-07-07T16:18:21.671934,Raspberry_Relieve1,25.65239455,-100.29212278333334,39.47,0.0,0,100.0,-1,0.0,,,,,,00:02:43,0.48,,0.0
2026-07-07T16:18:22.172028,Raspberry_Relieve1,25.6523948,-100.29212303333334,39.469,0.0,0,100.0,-1,0.0,,,,,,00:02:43,0.52,,0.0
2026-07-07T16:18:22.672091,Raspberry_Relieve1,25.6523948,-100.29212303333334,39.469,0.0,0,100.0,-1,0.0,,,,,,00:02:44,0.51,,0.0
2026-07-07T16:18:23.172234,Raspberry_Relieve1,25.652394916666665,-100.2921232,39.469,0.0,0,100.0,-1,0.0,,,,,,00:02:44,0.49,,0.0
2026-07-07T16:18:23.672326,Raspberry_Relieve1,25.652394916666665,-100.2921232,39.469,0.0,0,100.0,-1,0.0,,,,,,00:02:45,0.5,,0.0
2026-07-07T16:18:24.172406,Raspberry_Relieve1,25.652395033333335,-100.29212338333333,39.466,0.0,0,100.0,-1,0.0,,,,,,00:02:45,0.49,,0.0
2026-07-07T16:18:24.672482,Raspberry_Relieve1,25.652395033333335,-100.29212338333333,39.466,0.0,0,100.0,-1,0.0,,,,,,00:02:46,0.51,,0.0
2026-07-07T16:18:25.172570,Raspberry_Relieve1,25.6523952,-100.29212371666667,39.465,0.0,0,100.0,-1,0.0,,,,,,00:02:46,0.49,,0.0
2026-07-07T16:18:25.672645,Raspberry_Relieve1,25.6523952,-100.29212371666667,39.465,0.0,0,100.0,-1,0.0,,,,,,00:02:47,0.52,,0.0
2026-07-07T16:18:26.172737,Raspberry_Relieve1,25.652395316666667,-100.29212388333333,39.466,0.0,0,100.0,-1,0.0,,,,,,00:02:47,0.49,,0.0
2026-07-07T16:18:26.672806,Raspberry_Relieve1,25.652395316666667,-100.29212388333333,39.466,0.0,0,100.0,-1,0.0,,,,,,00:02:48,0.52,,0.0
2026-07-07T16:18:27.172900,Raspberry_Relieve1,25.652395416666668,-100.29212401666666,39.466,0.0,0,100.0,-1,0.0,,,,,,00:02:48,0.48,,0.0
2026-07-07T16:18:27.672985,Raspberry_Relieve1,25.652395416666668,-100.29212401666666,39.466,0.0,0,100.0,-1,0.0,,,,,,00:02:49,0.52,,0.0
2026-07-07T16:18:28.173068,Raspberry_Relieve1,25.6523955,-100.29212423333334,39.464,0.0,0,100.0,-1,0.0,,,,,,00:02:49,0.85,,0.0
2026-07-07T16:18:28.760891,Raspberry_Relieve1,25.6523955,-100.29212423333334,39.464,0.0,0,100.0,-1,0.0,,,,,,00:02:50,0.23,,0.0
2026-07-07T16:18:29.261057,Raspberry_Relieve1,25.652395666666667,-100.29212443333333,39.466,0.0,0,100.0,-1,0.0,,,,,,00:02:50,0.53,,0.0
2026-07-07T16:18:29.761158,Raspberry_Relieve1,25.652395666666667,-100.29212443333333,39.466,0.0,0,100.0,-1,0.0,,,,,,00:02:51,0.48,,0.0
2026-07-07T16:18:30.261267,Raspberry_Relieve1,25.652395816666665,-100.2921245,39.468,0.0,0,100.0,-1,0.0,,,,,,00:02:51,0.5,,0.0
2026-07-07T16:18:30.761367,Raspberry_Relieve1,25.652395816666665,-100.2921245,39.468,0.0,0,100.0,-1,0.0,,,,,,00:02:52,0.48,,0.0
2026-07-07T16:18:31.261452,Raspberry_Relieve1,25.652395816666665,-100.29212453333334,39.468,0.0,0,100.0,-1,0.0,,,,,,00:02:52,0.52,,0.0
2026-07-07T16:18:31.761564,Raspberry_Relieve1,25.652395816666665,-100.29212453333334,39.468,0.0,0,100.0,-1,0.0,,,,,,00:02:53,0.51,,0.0
2026-07-07T16:18:32.261622,Raspberry_Relieve1,25.652395783333333,-100.29212455,39.468,0.0,0,100.0,-1,0.0,,,,,,00:02:53,0.5,,0.0
2026-07-07T16:18:32.761697,Raspberry_Relieve1,25.652395783333333,-100.29212455,39.468,0.0,0,100.0,-1,0.0,,,,,,00:02:54,0.49,,0.0
2026-07-07T16:18:33.261763,Raspberry_Relieve1,25.652395833333333,-100.29212461666667,39.467,0.0,0,100.0,-1,0.0,,,,,,00:02:54,0.48,,0.0
2026-07-07T16:18:33.761840,Raspberry_Relieve1,25.652395833333333,-100.29212461666667,39.467,0.0,0,100.0,-1,0.0,,,,,,00:02:55,0.49,,0.0
2026-07-07T16:18:34.261910,Raspberry_Relieve1,25.652395866666666,-100.2921247,39.466,0.0,0,100.0,-1,0.0,,,,,,00:02:55,0.51,,0.0
2026-07-07T16:18:34.761980,Raspberry_Relieve1,25.652395866666666,-100.2921247,39.466,0.0,0,100.0,-1,0.0,,,,,,00:02:56,0.5,,0.0
2026-07-07T16:18:35.262079,Raspberry_Relieve1,25.65239595,-100.29212475,39.464,0.0,0,100.0,-1,0.0,,,,,,00:02:56,0.51,,0.0
2026-07-07T16:18:35.762143,Raspberry_Relieve1,25.65239595,-100.29212475,39.464,0.0,0,100.0,-1,0.0,,,,,,00:02:57,0.5,,0.0
2026-07-07T16:18:36.262213,Raspberry_Relieve1,25.652396,-100.29212475,39.465,0.0,0,100.0,-1,0.0,,,,,,00:02:57,0.48,,0.0
2026-07-07T16:18:36.762289,Raspberry_Relieve1,25.652396,-100.29212475,39.465,0.0,0,100.0,-1,0.0,,,,,,00:02:58,0.5,,0.0
2026-07-07T16:18:37.262400,Raspberry_Relieve1,25.65239605,-100.29212475,39.466,0.0,0,100.0,-1,0.0,,,,,,00:02:58,0.58,,0.0
2026-07-07T16:18:37.762541,Raspberry_Relieve1,25.65239605,-100.29212475,39.466,0.0,0,100.0,-1,0.0,,,,,,00:02:59,0.45,,0.0
2026-07-07T16:18:38.262599,Raspberry_Relieve1,25.652396066666668,-100.29212481666667,39.467,0.0,0,100.0,-1,0.0,,,,,,00:02:59,0.49,,0.0
2026-07-07T16:18:38.762666,Raspberry_Relieve1,25.652396066666668,-100.29212481666667,39.467,0.0,0,100.0,-1,0.0,,,,,,00:03:00,0.48,,0.0
2026-07-07T16:18:39.262770,Raspberry_Relieve1,25.652396116666665,-100.2921249,39.465,0.0,0,100.0,-1,0.0,,,,,,00:03:00,0.53,,0.0
2026-07-07T16:18:39.762824,Raspberry_Relieve1,25.652396116666665,-100.2921249,39.465,0.0,0,100.0,-1,0.0,,,,,,00:03:01,0.47,,0.0
2026-07-07T16:18:40.262893,Raspberry_Relieve1,25.65239615,-100.29212498333334,39.465,0.0,0,100.0,-1,0.0,,,,,,00:03:01,0.51,,0.0
2026-07-07T16:18:40.762969,Raspberry_Relieve1,25.65239615,-100.29212498333334,39.465,0.0,0,100.0,-1,0.0,,,,,,00:03:02,0.52,,0.0
2026-07-07T16:18:41.263041,Raspberry_Relieve1,25.652396233333334,-100.29212518333334,39.466,0.0,0,100.0,-1,0.0,,,,,,00:03:02,0.48,,0.0
2026-07-07T16:18:41.763128,Raspberry_Relieve1,25.652396233333334,-100.29212518333334,39.466,0.0,0,100.0,-1,0.0,,,,,,00:03:03,0.64,,0.0
2026-07-07T16:18:42.263201,Raspberry_Relieve1,25.652396333333332,-100.29212528333333,39.466,0.0,0,100.0,-1,0.0,,,,,,00:03:03,0.34,,0.0
2026-07-07T16:18:42.763278,Raspberry_Relieve1,25.652396333333332,-100.29212528333333,39.466,0.0,0,100.0,-1,0.0,,,,,,00:03:04,0.51,,0.0
2026-07-07T16:18:43.263391,Raspberry_Relieve1,25.652396416666665,-100.29212535,39.465,0.0,0,100.0,-1,0.0,,,,,,00:03:04,0.51,,0.0
2026-07-07T16:18:43.763528,Raspberry_Relieve1,25.652396416666665,-100.29212535,39.465,0.0,0,100.0,-1,0.0,,,,,,00:03:05,0.5,,0.0
2026-07-07T16:18:44.263582,Raspberry_Relieve1,25.652396500000002,-100.29212533333333,39.467,0.0,0,100.0,-1,0.0,,,,,,00:03:05,0.48,,0.0
2026-07-07T16:18:44.763673,Raspberry_Relieve1,25.652396500000002,-100.29212533333333,39.467,0.0,0,100.0,-1,0.0,,,,,,00:03:06,0.51,,0.0
2026-07-07T16:18:45.263744,Raspberry_Relieve1,25.652396500000002,-100.29212533333333,39.466,0.0,0,100.0,-1,0.0,,,,,,00:03:06,0.5,,0.0
2026-07-07T16:18:45.763829,Raspberry_Relieve1,25.652396500000002,-100.29212533333333,39.466,0.0,0,100.0,-1,0.0,,,,,,00:03:07,0.5,,0.0
2026-07-07T16:18:46.263905,Raspberry_Relieve1,25.652396583333335,-100.29212533333333,39.465,0.0,0,100.0,-1,0.0,,,,,,00:03:07,0.49,,0.0
2026-07-07T16:18:46.763989,Raspberry_Relieve1,25.652396583333335,-100.29212533333333,39.465,0.0,0,100.0,-1,0.0,,,,,,00:03:08,0.5,,0.0
2026-07-07T16:18:47.264062,Raspberry_Relieve1,25.65239665,-100.29212533333333,39.467,0.0,0,100.0,-1,0.0,,,,,,00:03:08,0.51,,0.0
2026-07-07T16:18:47.764146,Raspberry_Relieve1,25.65239665,-100.29212533333333,39.467,0.0,0,100.0,-1,0.0,,,,,,00:03:09,0.51,,0.0
2026-07-07T16:18:48.264223,Raspberry_Relieve1,25.652396616666667,-100.29212525,39.465,0.0,0,100.0,-1,0.0,,,,,,00:03:09,0.5,,0.0
2026-07-07T16:18:48.764315,Raspberry_Relieve1,25.652396616666667,-100.29212525,39.465,0.0,0,100.0,-1,0.0,,,,,,00:03:10,0.5,,0.0
2026-07-07T16:18:49.264411,Raspberry_Relieve1,25.652396566666667,-100.29212521666666,39.466,0.0,0,100.0,-1,0.0,,,,,,00:03:10,0.52,,0.0
2026-07-07T16:18:49.764510,Raspberry_Relieve1,25.652396566666667,-100.29212521666666,39.466,0.0,0,100.0,-1,0.0,,,,,,00:03:11,0.49,,0.0
2026-07-07T16:18:50.264597,Raspberry_Relieve1,25.65239655,-100.29212515,39.465,0.0,0,100.0,-1,0.0,,,,,,00:03:11,0.48,,0.0
2026-07-07T16:18:50.764668,Raspberry_Relieve1,25.65239655,-100.29212515,39.465,0.0,0,100.0,-1,0.0,,,,,,00:03:12,0.5,,0.0
2026-07-07T16:18:51.264743,Raspberry_Relieve1,25.652396583333335,-100.29212515,39.466,0.0,0,100.0,-1,0.0,,,,,,00:03:12,0.5,,0.0
2026-07-07T16:18:51.764826,Raspberry_Relieve1,25.652396583333335,-100.29212515,39.466,0.0,0,100.0,-1,0.0,,,,,,00:03:13,0.48,,0.0
2026-07-07T16:18:52.264896,Raspberry_Relieve1,25.652396616666667,-100.29212508333333,39.466,0.0,0,100.0,-1,0.0,,,,,,00:03:13,0.5,,0.0
2026-07-07T16:18:52.764972,Raspberry_Relieve1,25.652396616666667,-100.29212508333333,39.466,0.0,0,100.0,-1,0.0,,,,,,00:03:14,0.51,,0.0
2026-07-07T16:18:53.265046,Raspberry_Relieve1,25.652396716666665,-100.29212508333333,39.466,0.0,0,100.0,-1,0.0,,,,,,00:03:14,0.49,,0.0
2026-07-07T16:18:53.765122,Raspberry_Relieve1,25.652396716666665,-100.29212508333333,39.466,0.0,0,100.0,-1,0.0,,,,,,00:03:15,0.52,,0.0
2026-07-07T16:18:54.265204,Raspberry_Relieve1,25.65239675,-100.29212506666667,39.466,0.0,0,100.0,-1,0.0,,,,,,00:03:15,0.51,,0.0
2026-07-07T16:18:54.765308,Raspberry_Relieve1,25.65239675,-100.29212506666667,39.466,0.0,0,100.0,-1,0.0,,,,,,00:03:16,0.48,,0.0
2026-07-07T16:18:55.265414,Raspberry_Relieve1,25.652396633333332,-100.29212503333333,39.465,0.0,0,100.0,-1,0.0,,,,,,00:03:16,0.56,,0.0
2026-07-07T16:18:55.765585,Raspberry_Relieve1,25.652396633333332,-100.29212503333333,39.465,0.0,0,100.0,-1,0.0,,,,,,00:03:17,0.48,,0.0
2026-07-07T16:18:56.265683,Raspberry_Relieve1,25.652396633333332,-100.29212503333333,39.467,0.0,0,100.0,-1,0.0,,,,,,00:03:17,0.48,,0.0
2026-07-07T16:18:56.765804,Raspberry_Relieve1,25.652396633333332,-100.29212503333333,39.467,0.0,0,100.0,-1,0.0,,,,,,00:03:18,0.5,,0.0
2026-07-07T16:18:57.265873,Raspberry_Relieve1,25.652396416666665,-100.2921251,39.465,0.0,0,100.0,-1,0.0,,,,,,00:03:18,0.54,,0.0
2026-07-07T16:18:57.765983,Raspberry_Relieve1,25.652396416666665,-100.2921251,39.465,0.0,0,100.0,-1,0.0,,,,,,00:03:19,0.47,,0.0
2026-07-07T16:18:58.266068,Raspberry_Relieve1,25.652396316666668,-100.292125,39.466,0.0,0,100.0,-1,0.0,,,,,,00:03:19,0.49,,0.0
2026-07-07T16:18:58.766205,Raspberry_Relieve1,25.652396316666668,-100.292125,39.466,0.0,0,100.0,-1,0.0,,,,,,00:03:20,0.49,,0.0
2026-07-07T16:18:59.266270,Raspberry_Relieve1,25.652396233333334,-100.29212505,39.465,0.0,0,100.0,-1,0.0,,,,,,00:03:20,0.49,,0.0
2026-07-07T16:18:59.766347,Raspberry_Relieve1,25.652396233333334,-100.29212505,39.465,0.0,0,100.0,-1,0.0,,,,,,00:03:21,0.55,,0.0
2026-07-07T16:19:00.266429,Raspberry_Relieve1,25.652396216666666,-100.29212506666667,39.466,0.0,0,100.0,-1,0.0,,,,,,00:03:21,0.45,,0.0
2026-07-07T16:19:00.766515,Raspberry_Relieve1,25.652396216666666,-100.29212506666667,39.466,0.0,0,100.0,-1,0.0,,,,,,00:03:22,0.49,,0.0
2026-07-07T16:19:01.266595,Raspberry_Relieve1,25.6523962,-100.29212501666666,39.466,0.0,0,100.0,-1,0.0,,,,,,00:03:22,0.54,,0.0
2026-07-07T16:19:01.766663,Raspberry_Relieve1,25.6523962,-100.29212501666666,39.466,0.0,0,100.0,-1,0.0,,,,,,00:03:23,0.49,,0.0
2026-07-07T16:19:02.266772,Raspberry_Relieve1,25.6523961,-100.292125,39.466,0.0,0,100.0,-1,0.0,,,,,,00:03:23,0.47,,0.0
2026-07-07T16:19:02.766853,Raspberry_Relieve1,25.6523961,-100.292125,39.466,0.0,0,100.0,-1,0.0,,,,,,00:03:24,0.5,,0.0
2026-07-07T16:19:03.266933,Raspberry_Relieve1,25.652396083333333,-100.29212501666666,39.467,0.0,0,100.0,-1,0.0,,,,,,00:03:24,0.51,,0.0
2026-07-07T16:19:03.767011,Raspberry_Relieve1,25.652396083333333,-100.29212501666666,39.467,0.0,0,100.0,-1,0.0,,,,,,00:03:25,0.5,,0.0
2026-07-07T16:19:04.267133,Raspberry_Relieve1,25.65239605,-100.29212493333333,39.463,0.0,0,100.0,-1,0.0,,,,,,00:03:25,0.51,,0.0
2026-07-07T16:19:04.767272,Raspberry_Relieve1,25.65239605,-100.29212493333333,39.463,0.0,0,100.0,-1,0.0,,,,,,00:03:26,0.52,,0.0
2026-07-07T16:19:05.267400,Raspberry_Relieve1,25.652396016666668,-100.29212491666667,39.465,0.0,0,100.0,-1,0.0,,,,,,00:03:26,0.5,,0.0
2026-07-07T16:19:05.767489,Raspberry_Relieve1,25.652396016666668,-100.29212491666667,39.465,0.0,0,100.0,-1,0.0,,,,,,00:03:27,0.48,,0.0
2026-07-07T16:19:06.267605,Raspberry_Relieve1,25.652395983333335,-100.29212486666667,39.465,0.0,0,100.0,-1,0.0,,,,,,00:03:27,0.51,,0.0
2026-07-07T16:19:06.767722,Raspberry_Relieve1,25.652395983333335,-100.29212486666667,39.465,0.0,0,100.0,-1,0.0,,,,,,00:03:28,0.49,,0.0
2026-07-07T16:19:07.267787,Raspberry_Relieve1,25.65239605,-100.29212501666666,39.466,0.0,0,100.0,-1,0.0,,,,,,00:03:28,0.5,,0.0
2026-07-07T16:19:07.767860,Raspberry_Relieve1,25.65239605,-100.29212501666666,39.466,0.0,0,100.0,-1,0.0,,,,,,00:03:29,0.48,,0.0
2026-07-07T16:19:08.267954,Raspberry_Relieve1,25.652396,-100.29212495,39.466,0.0,0,100.0,-1,0.0,,,,,,00:03:29,0.51,,0.0
2026-07-07T16:19:08.768033,Raspberry_Relieve1,25.652396,-100.29212495,39.466,0.0,0,100.0,-1,0.0,,,,,,00:03:30,0.49,,0.0
2026-07-07T16:19:09.268113,Raspberry_Relieve1,25.652395983333335,-100.29212495,39.466,0.0,0,100.0,-1,0.0,,,,,,00:03:30,0.52,,0.0
2026-07-07T16:19:09.768206,Raspberry_Relieve1,25.652395983333335,-100.29212495,39.466,0.0,0,100.0,-1,0.0,,,,,,00:03:31,0.61,,0.0
2026-07-07T16:19:10.268281,Raspberry_Relieve1,25.65239595,-100.29212511666667,39.465,0.0,0,100.0,-1,0.0,,,,,,00:03:31,0.36,,0.0
2026-07-07T16:19:10.768358,Raspberry_Relieve1,25.65239595,-100.29212511666667,39.465,0.0,0,100.0,-1,0.0,,,,,,00:03:32,0.49,,0.0
2026-07-07T16:19:11.268446,Raspberry_Relieve1,25.652395883333334,-100.29212506666667,39.466,0.0,0,100.0,-1,0.0,,,,,,00:03:32,0.56,,0.0
2026-07-07T16:19:11.768550,Raspberry_Relieve1,25.652395883333334,-100.29212506666667,39.466,0.0,0,100.0,-1,0.0,,,,,,00:03:33,0.44,,0.0
2026-07-07T16:19:12.268667,Raspberry_Relieve1,25.652395866666666,-100.29212505,39.465,0.0,0,100.0,-1,0.0,,,,,,00:03:33,0.53,,0.0
2026-07-07T16:19:12.768796,Raspberry_Relieve1,25.652395866666666,-100.29212505,39.465,0.0,0,100.0,-1,0.0,,,,,,00:03:34,0.49,,0.0
2026-07-07T16:19:13.268865,Raspberry_Relieve1,25.652395883333334,-100.29212501666666,39.466,0.0,0,100.0,-1,0.0,,,,,,00:03:34,0.48,,0.0
2026-07-07T16:19:13.768934,Raspberry_Relieve1,25.652395883333334,-100.29212501666666,39.466,0.0,0,100.0,-1,0.0,,,,,,00:03:35,0.52,,0.0
2026-07-07T16:19:14.269026,Raspberry_Relieve1,25.652395933333334,-100.29212493333333,39.464,0.0,0,100.0,-1,0.0,,,,,,00:03:35,0.49,,0.0
2026-07-07T16:19:14.769099,Raspberry_Relieve1,25.652395933333334,-100.29212493333333,39.464,0.0,0,100.0,-1,0.0,,,,,,00:03:36,0.52,,0.0
2026-07-07T16:19:15.269190,Raspberry_Relieve1,25.652395883333334,-100.2921248,39.467,0.0,0,100.0,-1,0.0,,,,,,00:03:36,0.47,,0.0
2026-07-07T16:19:15.769278,Raspberry_Relieve1,25.652395883333334,-100.2921248,39.467,0.0,0,100.0,-1,0.0,,,,,,00:03:37,0.5,,0.0
2026-07-07T16:19:16.269347,Raspberry_Relieve1,25.652395866666666,-100.29212463333333,39.466,0.0,0,100.0,-1,0.0,,,,,,00:03:37,0.51,,0.0
2026-07-07T16:19:16.769421,Raspberry_Relieve1,25.652395866666666,-100.29212463333333,39.466,0.0,0,100.0,-1,0.0,,,,,,00:03:38,0.5,,0.0
2026-07-07T16:19:17.269510,Raspberry_Relieve1,25.652395766666668,-100.29212465,39.465,0.0,0,100.0,-1,0.0,,,,,,00:03:38,0.5,,0.0
2026-07-07T16:19:17.769595,Raspberry_Relieve1,25.652395766666668,-100.29212465,39.465,0.0,0,100.0,-1,0.0,,,,,,00:03:39,0.49,,0.0
2026-07-07T16:19:18.269715,Raspberry_Relieve1,25.65239568333333,-100.29212456666667,39.467,0.0,0,100.0,-1,0.0,,,,,,00:03:39,0.52,,0.0
2026-07-07T16:19:18.769836,Raspberry_Relieve1,25.65239568333333,-100.29212456666667,39.467,0.0,0,100.0,-1,0.0,,,,,,00:03:40,0.51,,0.0
2026-07-07T16:19:19.269924,Raspberry_Relieve1,25.6523956,-100.2921245,39.464,0.0,0,100.0,-1,0.0,,,,,,00:03:40,0.49,,0.0
2026-07-07T16:19:19.770056,Raspberry_Relieve1,25.6523956,-100.2921245,39.464,0.0,0,100.0,-1,0.0,,,,,,00:03:41,0.53,,0.0
2026-07-07T16:19:20.270266,Raspberry_Relieve1,25.65239545,-100.29212423333334,39.465,0.0,0,100.0,-1,0.0,,,,,,00:03:41,0.48,,0.0
2026-07-07T16:19:20.770376,Raspberry_Relieve1,25.65239545,-100.29212423333334,39.465,0.0,0,100.0,-1,0.0,,,,,,00:03:42,0.5,,0.0
2026-07-07T16:19:21.270480,Raspberry_Relieve1,25.65239546666667,-100.29212433333333,39.466,0.0,0,100.0,-1,0.0,,,,,,00:03:42,0.49,,0.0
2026-07-07T16:19:21.770620,Raspberry_Relieve1,25.65239546666667,-100.29212433333333,39.466,0.0,0,100.0,-1,0.0,,,,,,00:03:43,0.55,,0.0
2026-07-07T16:19:22.270705,Raspberry_Relieve1,25.652395516666665,-100.29212443333333,39.466,0.0,0,100.0,-1,0.0,,,,,,00:03:43,0.62,,0.0
2026-07-07T16:19:22.770905,Raspberry_Relieve1,25.652395516666665,-100.29212443333333,39.466,0.0,0,100.0,-1,0.0,,,,,,00:03:44,0.35,,0.0
2026-07-07T16:19:23.271030,Raspberry_Relieve1,25.6523955,-100.29212448333334,39.465,0.0,0,100.0,-1,0.0,,,,,,00:03:44,0.51,,0.0
2026-07-07T16:19:23.771146,Raspberry_Relieve1,25.6523955,-100.29212448333334,39.465,0.0,0,100.0,-1,0.0,,,,,,00:03:45,0.49,,0.0
2026-07-07T16:19:24.271240,Raspberry_Relieve1,25.652395383333335,-100.29212456666667,39.464,0.0,0,100.0,-1,0.0,,,,,,00:03:45,0.49,,0.0
2026-07-07T16:19:24.771343,Raspberry_Relieve1,25.652395383333335,-100.29212456666667,39.464,0.0,0,100.0,-1,0.0,,,,,,00:03:46,0.5,,0.0
2026-07-07T16:19:25.271448,Raspberry_Relieve1,25.65239535,-100.29212461666667,39.465,0.0,0,100.0,-1,0.0,,,,,,00:03:46,0.51,,0.0
2026-07-07T16:19:25.771554,Raspberry_Relieve1,25.65239535,-100.29212461666667,39.465,0.0,0,100.0,-1,0.0,,,,,,00:03:47,0.49,,0.0
2026-07-07T16:19:26.271662,Raspberry_Relieve1,25.6523953,-100.29212461666667,39.463,0.0,0,100.0,-1,0.0,,,,,,00:03:47,0.49,,0.0
2026-07-07T16:19:26.771807,Raspberry_Relieve1,25.6523953,-100.29212461666667,39.463,0.0,0,100.0,-1,0.0,,,,,,00:03:48,0.55,,0.0
2026-07-07T16:19:27.271921,Raspberry_Relieve1,25.6523953,-100.29212476666666,39.465,0.0,0,100.0,-1,0.0,,,,,,00:03:48,0.46,,0.0
2026-07-07T16:19:27.772056,Raspberry_Relieve1,25.6523953,-100.29212476666666,39.465,0.0,0,100.0,-1,0.0,,,,,,00:03:49,0.5,,0.0
2026-07-07T16:19:28.272137,Raspberry_Relieve1,25.65239525,-100.29212486666667,39.464,0.0,0,100.0,-1,0.0,,,,,,00:03:49,0.5,,0.0
2026-07-07T16:19:28.772279,Raspberry_Relieve1,25.65239525,-100.29212486666667,39.464,0.0,0,100.0,-1,0.0,,,,,,00:03:50,0.5,,0.0
2026-07-07T16:19:29.272366,Raspberry_Relieve1,25.652395233333333,-100.29212503333333,39.465,0.0,0,100.0,-1,0.0,,,,,,00:03:50,0.5,,0.0
2026-07-07T16:19:29.772498,Raspberry_Relieve1,25.652395233333333,-100.29212503333333,39.465,0.0,0,100.0,-1,0.0,,,,,,00:03:51,0.5,,0.0
2026-07-07T16:19:30.272616,Raspberry_Relieve1,25.652395366666667,-100.29212518333334,39.464,0.0,0,100.0,-1,0.0,,,,,,00:03:51,0.51,,0.0
2026-07-07T16:19:30.772756,Raspberry_Relieve1,25.652395366666667,-100.29212518333334,39.464,0.0,0,100.0,-1,0.0,,,,,,00:03:52,0.5,,0.0
2026-07-07T16:19:31.272875,Raspberry_Relieve1,25.6523954,-100.29212533333333,39.465,0.0,0,100.0,-1,0.0,,,,,,00:03:52,0.49,,0.0
2026-07-07T16:19:31.773014,Raspberry_Relieve1,25.6523954,-100.29212533333333,39.465,0.0,0,100.0,-1,0.0,,,,,,00:03:53,0.52,,0.0
2026-07-07T16:19:32.273099,Raspberry_Relieve1,25.652395516666665,-100.29212533333333,39.464,0.0,0,100.0,-1,0.0,,,,,,00:03:53,0.49,,0.0
2026-07-07T16:19:32.773236,Raspberry_Relieve1,25.652395516666665,-100.29212533333333,39.464,0.0,0,100.0,-1,0.0,,,,,,00:03:54,0.5,,0.0
2026-07-07T16:19:33.273355,Raspberry_Relieve1,25.652395583333334,-100.29212536666667,39.465,0.0,0,100.0,-1,0.0,,,,,,00:03:54,0.49,,0.0
2026-07-07T16:19:33.773492,Raspberry_Relieve1,25.652395583333334,-100.29212536666667,39.465,0.0,0,100.0,-1,0.0,,,,,,00:03:55,0.5,,0.0
2026-07-07T16:19:34.273573,Raspberry_Relieve1,25.65239565,-100.29212548333334,39.463,0.0,0,100.0,-1,0.0,,,,,,00:03:55,0.51,,0.0
2026-07-07T16:19:34.773699,Raspberry_Relieve1,25.65239565,-100.29212548333334,39.463,0.0,0,100.0,-1,0.0,,,,,,00:03:56,0.48,,0.0
2026-07-07T16:19:35.273768,Raspberry_Relieve1,25.652395583333334,-100.29212561666667,39.465,0.0,0,100.0,-1,0.0,,,,,,00:03:56,0.51,,0.0
2026-07-07T16:19:35.773852,Raspberry_Relieve1,25.652395583333334,-100.29212561666667,39.465,0.0,0,100.0,-1,0.0,,,,,,00:03:57,0.48,,0.0
2026-07-07T16:19:36.273920,Raspberry_Relieve1,25.65239555,-100.29212556666667,39.464,0.0,0,100.0,-1,0.0,,,,,,00:03:57,0.51,,0.0
2026-07-07T16:19:36.774003,Raspberry_Relieve1,25.65239555,-100.29212556666667,39.464,0.0,0,100.0,-1,0.0,,,,,,00:03:58,0.5,,0.0
2026-07-07T16:19:37.274069,Raspberry_Relieve1,25.652395566666666,-100.29212563333333,39.463,0.0,0,100.0,-1,0.0,,,,,,00:03:58,0.53,,0.0
2026-07-07T16:19:37.774148,Raspberry_Relieve1,25.652395566666666,-100.29212563333333,39.463,0.0,0,100.0,-1,0.0,,,,,,00:03:59,0.46,,0.0
2026-07-07T16:19:38.274241,Raspberry_Relieve1,25.652395633333335,-100.29212571666666,39.463,0.0,0,100.0,-1,0.0,,,,,,00:03:59,0.51,,0.0
2026-07-07T16:19:38.774304,Raspberry_Relieve1,25.652395633333335,-100.29212571666666,39.463,0.0,0,100.0,-1,0.0,,,,,,00:04:00,0.5,,0.0
2026-07-07T16:19:39.274390,Raspberry_Relieve1,25.65239575,-100.2921258,39.462,0.0,0,100.0,-1,0.0,,,,,,00:04:00,0.52,,0.0
2026-07-07T16:19:39.774505,Raspberry_Relieve1,25.65239575,-100.2921258,39.462,0.0,0,100.0,-1,0.0,,,,,,00:04:01,0.49,,0.0
2026-07-07T16:19:40.274607,Raspberry_Relieve1,25.652395716666668,-100.2921259,39.463,0.0,0,100.0,-1,0.0,,,,,,00:04:01,0.52,,0.0
2026-07-07T16:19:40.774798,Raspberry_Relieve1,25.652395716666668,-100.2921259,39.463,0.0,0,100.0,-1,0.0,,,,,,00:04:02,0.5,,0.0
2026-07-07T16:19:41.274845,Raspberry_Relieve1,25.652395733333332,-100.29212593333334,39.464,0.0,0,100.0,-1,0.0,,,,,,00:04:02,0.49,,0.0
2026-07-07T16:19:41.775004,Raspberry_Relieve1,25.652395733333332,-100.29212593333334,39.464,0.0,0,100.0,-1,0.0,,,,,,00:04:03,0.51,,0.0
2026-07-07T16:19:42.275117,Raspberry_Relieve1,25.652395783333333,-100.29212603333333,39.465,0.0,0,100.0,-1,0.0,,,,,,00:04:03,0.51,,0.0
2026-07-07T16:19:42.775247,Raspberry_Relieve1,25.652395783333333,-100.29212603333333,39.465,0.0,0,100.0,-1,0.0,,,,,,00:04:04,0.49,,0.0
2026-07-07T16:19:43.275324,Raspberry_Relieve1,25.652395783333333,-100.29212598333334,39.464,0.0,0,100.0,-1,0.0,,,,,,00:04:04,0.53,,0.0
2026-07-07T16:19:43.775451,Raspberry_Relieve1,25.652395783333333,-100.29212598333334,39.464,0.0,0,100.0,-1,0.0,,,,,,00:04:05,0.47,,0.0
2026-07-07T16:19:44.275531,Raspberry_Relieve1,25.6523958,-100.29212601666667,39.464,0.0,0,100.0,-1,0.0,,,,,,00:04:05,0.51,,0.0
2026-07-07T16:19:44.775697,Raspberry_Relieve1,25.6523958,-100.29212601666667,39.464,0.0,0,100.0,-1,0.0,,,,,,00:04:06,0.5,,0.0
2026-07-07T16:19:45.275821,Raspberry_Relieve1,25.652395816666665,-100.29212603333333,39.463,0.0,0,100.0,-1,0.0,,,,,,00:04:06,0.5,,0.0
2026-07-07T16:19:45.775949,Raspberry_Relieve1,25.652395816666665,-100.29212603333333,39.463,0.0,0,100.0,-1,0.0,,,,,,00:04:07,0.49,,0.0
2026-07-07T16:19:46.276077,Raspberry_Relieve1,25.652395816666665,-100.29212593333334,39.464,0.0,0,100.0,-1,0.0,,,,,,00:04:07,0.71,,0.0
2026-07-07T16:19:46.776185,Raspberry_Relieve1,25.652395816666665,-100.29212593333334,39.464,0.0,0,100.0,-1,0.0,,,,,,00:04:08,0.3,,0.0
2026-07-07T16:19:47.276291,Raspberry_Relieve1,25.652395816666665,-100.29212581666667,39.465,0.0,0,100.0,-1,0.0,,,,,,00:04:08,0.52,,0.0
2026-07-07T16:19:47.776411,Raspberry_Relieve1,25.652395816666665,-100.29212581666667,39.465,0.0,0,100.0,-1,0.0,,,,,,00:04:09,0.49,,0.0
2026-07-07T16:19:48.276517,Raspberry_Relieve1,25.652395783333333,-100.29212575,39.464,0.0,0,100.0,-1,0.0,,,,,,00:04:09,0.51,,0.0
2026-07-07T16:19:48.776612,Raspberry_Relieve1,25.652395783333333,-100.29212575,39.464,0.0,0,100.0,-1,0.0,,,,,,00:04:10,0.49,,0.0
2026-07-07T16:19:49.276716,Raspberry_Relieve1,25.65239565,-100.29212565,39.465,0.0,0,100.0,-1,0.0,,,,,,00:04:10,0.5,,0.0
2026-07-07T16:19:49.776863,Raspberry_Relieve1,25.65239565,-100.29212565,39.465,0.0,0,100.0,-1,0.0,,,,,,00:04:11,0.49,,0.0
2026-07-07T16:19:50.276982,Raspberry_Relieve1,25.652395533333333,-100.29212553333333,39.463,0.0,0,100.0,-1,0.0,,,,,,00:04:11,0.51,,0.0
2026-07-07T16:19:50.777344,Raspberry_Relieve1,25.652395533333333,-100.29212553333333,39.463,0.0,0,100.0,-1,0.0,,,,,,00:04:12,0.5,,0.0
2026-07-07T16:19:51.277423,Raspberry_Relieve1,25.652395433333332,-100.29212545,39.463,0.0,0,100.0,-1,0.0,,,,,,00:04:12,0.51,,0.0
2026-07-07T16:19:51.777550,Raspberry_Relieve1,25.652395433333332,-100.29212545,39.463,0.0,0,100.0,-1,0.0,,,,,,00:04:13,0.49,,0.0
2026-07-07T16:19:52.277667,Raspberry_Relieve1,25.652395316666667,-100.29212541666666,39.463,0.0,0,100.0,-1,0.0,,,,,,00:04:13,0.51,,0.0
2026-07-07T16:19:52.777782,Raspberry_Relieve1,25.652395316666667,-100.29212541666666,39.463,0.0,0,100.0,-1,0.0,,,,,,00:04:14,0.49,,0.0
2026-07-07T16:19:53.277904,Raspberry_Relieve1,25.652395266666666,-100.29212533333333,39.462,0.0,0,100.0,-1,0.0,,,,,,00:04:14,0.5,,0.0
2026-07-07T16:19:53.778014,Raspberry_Relieve1,25.652395266666666,-100.29212533333333,39.462,0.0,0,100.0,-1,0.0,,,,,,00:04:15,0.5,,0.0
2026-07-07T16:19:54.278182,Raspberry_Relieve1,25.652395216666665,-100.2921253,39.463,0.0,0,100.0,-1,0.0,,,,,,00:04:15,0.49,,0.0
2026-07-07T16:19:54.778333,Raspberry_Relieve1,25.652395216666665,-100.2921253,39.463,0.0,0,100.0,-1,0.0,,,,,,00:04:16,0.56,,0.0
2026-07-07T16:19:55.278423,Raspberry_Relieve1,25.652395283333334,-100.29212523333334,39.463,0.0,0,100.0,-1,0.0,,,,,,00:04:16,0.45,,0.0
2026-07-07T16:19:55.778546,Raspberry_Relieve1,25.652395283333334,-100.29212523333334,39.463,0.0,0,100.0,-1,0.0,,,,,,00:04:17,0.5,,0.0
2026-07-07T16:19:56.278633,Raspberry_Relieve1,25.65239525,-100.29212525,39.463,0.0,0,100.0,-1,0.0,,,,,,00:04:17,0.49,,0.0
2026-07-07T16:19:56.778801,Raspberry_Relieve1,25.65239525,-100.29212525,39.463,0.0,0,100.0,-1,0.0,,,,,,00:04:18,0.5,,0.0
2026-07-07T16:19:57.278885,Raspberry_Relieve1,25.652395266666666,-100.29212523333334,39.464,0.0,0,100.0,-1,0.0,,,,,,00:04:18,0.5,,0.0
2026-07-07T16:19:57.779025,Raspberry_Relieve1,25.652395266666666,-100.29212523333334,39.464,0.0,0,100.0,-1,0.0,,,,,,00:04:19,0.51,,0.0
2026-07-07T16:19:58.279101,Raspberry_Relieve1,25.652395266666666,-100.29212523333334,39.462,0.0,0,100.0,-1,0.0,,,,,,00:04:19,0.5,,0.0
2026-07-07T16:19:58.779204,Raspberry_Relieve1,25.652395266666666,-100.29212523333334,39.462,0.0,0,100.0,-1,0.0,,,,,,00:04:20,0.51,,0.0
2026-07-07T16:19:59.279269,Raspberry_Relieve1,25.6523953,-100.29212515,39.461,0.0,0,100.0,-1,0.0,,,,,,00:04:20,0.48,,0.0
2026-07-07T16:19:59.779365,Raspberry_Relieve1,25.6523953,-100.29212515,39.461,0.0,0,100.0,-1,0.0,,,,,,00:04:21,0.49,,0.0
2026-07-07T16:20:00.279432,Raspberry_Relieve1,25.65239516666667,-100.29212516666666,39.462,0.0,0,100.0,-1,0.0,,,,,,00:04:21,0.49,,0.0
2026-07-07T16:20:00.779510,Raspberry_Relieve1,25.65239516666667,-100.29212516666666,39.462,0.0,0,100.0,-1,0.0,,,,,,00:04:22,0.54,,0.0
2026-07-07T16:20:01.279588,Raspberry_Relieve1,25.652395133333332,-100.29212518333334,39.462,0.0,0,100.0,-1,0.0,,,,,,00:04:22,0.48,,0.0
2026-07-07T16:20:01.779671,Raspberry_Relieve1,25.652395133333332,-100.29212518333334,39.462,0.0,0,100.0,-1,0.0,,,,,,00:04:23,0.5,,0.0
2026-07-07T16:20:02.279744,Raspberry_Relieve1,25.652395133333332,-100.29212516666666,39.461,0.0,0,100.0,-1,0.0,,,,,,00:04:23,0.53,,0.0
2026-07-07T16:20:02.779823,Raspberry_Relieve1,25.652395133333332,-100.29212516666666,39.461,0.0,0,100.0,-1,0.0,,,,,,00:04:24,0.48,,0.0
2026-07-07T16:20:03.279901,Raspberry_Relieve1,25.6523951,-100.29212508333333,39.46,0.0,0,100.0,-1,0.0,,,,,,00:04:25,0.76,,0.0
2026-07-07T16:20:03.841220,Raspberry_Relieve1,25.6523951,-100.29212508333333,39.461,0.0,0,100.0,-1,0.0,,,,,,00:04:25,0.28,,0.0
2026-07-07T16:20:04.341338,Raspberry_Relieve1,25.652395,-100.29212496666666,39.461,0.0,0,100.0,-1,0.0,,,,,,00:04:25,0.52,,0.0
2026-07-07T16:20:04.841437,Raspberry_Relieve1,25.652395,-100.29212496666666,39.462,0.0,0,100.0,-1,0.0,,,,,,00:04:26,0.49,,0.0
2026-07-07T16:20:05.341558,Raspberry_Relieve1,25.652394983333334,-100.2921249,39.462,0.0,0,100.0,-1,0.0,,,,,,00:04:26,0.52,,0.0
2026-07-07T16:20:05.841659,Raspberry_Relieve1,25.652394983333334,-100.2921249,39.462,0.0,0,100.0,-1,0.0,,,,,,00:04:27,0.48,,0.0
2026-07-07T16:20:06.341846,Raspberry_Relieve1,25.652394966666666,-100.2921249,39.462,0.0,0,100.0,-1,0.0,,,,,,00:04:27,0.55,,0.0
2026-07-07T16:20:06.841948,Raspberry_Relieve1,25.652394966666666,-100.2921249,39.464,0.0,0,100.0,-1,0.0,,,,,,00:04:28,0.5,,0.0
2026-07-07T16:20:07.342020,Raspberry_Relieve1,25.652394983333334,-100.29212495,39.464,0.0,0,100.0,-1,0.0,,,,,,00:04:28,0.43,,0.0
2026-07-07T16:20:07.842090,Raspberry_Relieve1,25.652394983333334,-100.29212495,39.462,0.0,0,100.0,-1,0.0,,,,,,00:04:29,0.71,,0.0
2026-07-07T16:20:08.342177,Raspberry_Relieve1,25.65239495,-100.29212496666666,39.462,0.0,0,100.0,-1,0.0,,,,,,00:04:29,0.29,,0.0
2026-07-07T16:20:08.842258,Raspberry_Relieve1,25.65239495,-100.29212496666666,39.462,0.0,0,100.0,-1,0.0,,,,,,00:04:30,0.51,,0.0
2026-07-07T16:20:09.342343,Raspberry_Relieve1,25.65239495,-100.292125,39.462,0.0,0,100.0,-1,0.0,,,,,,00:04:30,0.51,,0.0
2026-07-07T16:20:09.842421,Raspberry_Relieve1,25.65239495,-100.292125,39.462,0.0,0,100.0,-1,0.0,,,,,,00:04:31,0.51,,0.0
2026-07-07T16:20:10.342507,Raspberry_Relieve1,25.652394916666665,-100.29212491666667,39.462,0.0,0,100.0,-1,0.0,,,,,,00:04:31,0.47,,0.0
2026-07-07T16:20:10.842576,Raspberry_Relieve1,25.652394916666665,-100.29212491666667,39.462,0.0,0,100.0,-1,0.0,,,,,,00:04:32,0.5,,0.0
2026-07-07T16:20:11.342664,Raspberry_Relieve1,25.6523949,-100.29212496666666,39.462,0.0,0,100.0,-1,0.0,,,,,,00:04:32,0.5,,0.0
2026-07-07T16:20:11.842747,Raspberry_Relieve1,25.6523949,-100.29212496666666,39.461,0.0,0,100.0,-1,0.0,,,,,,00:04:33,0.5,,0.0
2026-07-07T16:20:12.342940,Raspberry_Relieve1,25.65239485,-100.29212493333333,39.461,0.0,0,100.0,-1,0.0,,,,,,00:04:33,0.53,,0.0
2026-07-07T16:20:12.843049,Raspberry_Relieve1,25.65239485,-100.29212493333333,39.461,0.0,0,100.0,-1,0.0,,,,,,00:04:34,0.49,,0.0
2026-07-07T16:20:13.343156,Raspberry_Relieve1,25.65239485,-100.29212493333333,39.461,0.0,0,100.0,-1,0.0,,,,,,00:04:34,0.49,,0.0
2026-07-07T16:20:13.843257,Raspberry_Relieve1,25.65239485,-100.29212493333333,39.461,0.0,0,100.0,-1,0.0,,,,,,00:04:35,0.52,,0.0
2026-07-07T16:20:14.343367,Raspberry_Relieve1,25.65239495,-100.29212496666666,39.461,0.0,0,100.0,-1,0.0,,,,,,00:04:35,0.49,,0.0
2026-07-07T16:20:14.843476,Raspberry_Relieve1,25.65239495,-100.29212496666666,39.462,0.0,0,100.0,-1,0.0,,,,,,00:04:36,0.5,,0.0
2026-07-07T16:20:15.343588,Raspberry_Relieve1,25.65239495,-100.29212491666667,39.462,0.0,0,100.0,-1,0.0,,,,,,00:04:36,0.51,,0.0
2026-07-07T16:20:15.843695,Raspberry_Relieve1,25.65239495,-100.29212491666667,39.462,0.0,0,100.0,-1,0.0,,,,,,00:04:37,0.48,,0.0
2026-07-07T16:20:16.343833,Raspberry_Relieve1,25.652394883333333,-100.29212481666667,39.462,0.0,0,100.0,-1,0.0,,,,,,00:04:37,0.51,,0.0
2026-07-07T16:20:16.843929,Raspberry_Relieve1,25.652394883333333,-100.29212481666667,39.459,0.0,0,100.0,-1,0.0,,,,,,00:04:38,0.51,,0.0
2026-07-07T16:20:17.344002,Raspberry_Relieve1,25.652394916666665,-100.29212476666666,39.459,0.0,0,100.0,-1,0.0,,,,,,00:04:38,0.48,,0.0
2026-07-07T16:20:17.844081,Raspberry_Relieve1,25.652394916666665,-100.29212476666666,39.457,0.0,0,100.0,-1,0.0,,,,,,00:04:39,0.49,,0.0
2026-07-07T16:20:18.344167,Raspberry_Relieve1,25.652394933333333,-100.29212476666666,39.457,0.0,0,100.0,-1,0.0,,,,,,00:04:39,0.51,,0.0
2026-07-07T16:20:18.844244,Raspberry_Relieve1,25.652394933333333,-100.29212476666666,39.453,0.0,0,100.0,-1,0.0,,,,,,00:04:40,0.49,,0.0
2026-07-07T16:20:19.344326,Raspberry_Relieve1,25.65239505,-100.29212461666667,39.453,0.0,0,100.0,-1,0.0,,,,,,00:04:40,0.5,,0.0
2026-07-07T16:20:19.844409,Raspberry_Relieve1,25.65239505,-100.29212461666667,39.455,0.0,0,100.0,-1,0.0,,,,,,00:04:41,0.49,,0.0
2026-07-07T16:20:20.344495,Raspberry_Relieve1,25.6523951,-100.29212448333334,39.455,0.0,0,100.0,-1,0.0,,,,,,00:04:41,0.51,,0.0
2026-07-07T16:20:20.844583,Raspberry_Relieve1,25.6523951,-100.29212448333334,39.462,0.0,0,100.0,-1,0.0,,,,,,00:04:42,0.5,,0.0
2026-07-07T16:20:21.344656,Raspberry_Relieve1,25.65239516666667,-100.29212446666666,39.462,0.0,0,100.0,-1,0.0,,,,,,00:04:42,0.5,,0.0
2026-07-07T16:20:21.844737,Raspberry_Relieve1,25.65239516666667,-100.29212446666666,39.463,0.0,0,100.0,-1,0.0,,,,,,00:04:43,0.51,,0.0
2026-07-07T16:20:22.344854,Raspberry_Relieve1,25.65239516666667,-100.29212445,39.463,0.0,0,100.0,-1,0.0,,,,,,00:04:43,0.54,,0.0
2026-07-07T16:20:22.844952,Raspberry_Relieve1,25.65239516666667,-100.29212445,39.46,0.0,0,100.0,-1,0.0,,,,,,00:04:44,0.48,,0.0
2026-07-07T16:20:23.345021,Raspberry_Relieve1,25.65239516666667,-100.29212443333333,39.46,0.0,0,100.0,-1,0.0,,,,,,00:04:44,0.49,,0.0
2026-07-07T16:20:23.845098,Raspberry_Relieve1,25.65239516666667,-100.29212443333333,39.463,0.0,0,100.0,-1,0.0,,,,,,00:04:45,0.48,,0.0
2026-07-07T16:20:24.345182,Raspberry_Relieve1,25.65239508333333,-100.29212421666666,39.463,0.0,0,100.0,-1,0.0,,,,,,00:04:45,0.53,,0.0
2026-07-07T16:20:24.845262,Raspberry_Relieve1,25.65239508333333,-100.29212421666666,39.463,0.0,0,100.0,-1,0.0,,,,,,00:04:46,0.46,,0.0
2026-07-07T16:20:25.345345,Raspberry_Relieve1,25.652395016666667,-100.2921241,39.463,0.0,0,100.0,-1,0.0,,,,,,00:04:46,0.5,,0.0
2026-07-07T16:20:25.845419,Raspberry_Relieve1,25.652395016666667,-100.2921241,39.463,0.0,0,100.0,-1,0.0,,,,,,00:04:47,0.55,,0.0
2026-07-07T16:20:26.345538,Raspberry_Relieve1,25.652395033333335,-100.29212406666667,39.463,0.0,0,100.0,-1,0.0,,,,,,00:04:47,0.57,,0.0
2026-07-07T16:20:26.845617,Raspberry_Relieve1,25.652395033333335,-100.29212406666667,39.462,0.0,0,100.0,-1,0.0,,,,,,00:04:48,0.4,,0.0
2026-07-07T16:20:27.345700,Raspberry_Relieve1,25.652394983333334,-100.29212398333334,39.462,0.0,0,100.0,-1,0.0,,,,,,00:04:48,0.5,,0.0
2026-07-07T16:20:27.845781,Raspberry_Relieve1,25.652394983333334,-100.29212398333334,39.462,0.0,0,100.0,-1,0.0,,,,,,00:04:49,0.52,,0.0
2026-07-07T16:20:28.345902,Raspberry_Relieve1,25.652394516666668,-100.29212333333334,39.462,0.0,0,100.0,-1,0.0,,,,,,00:04:49,0.5,,0.0
2026-07-07T16:20:28.845997,Raspberry_Relieve1,25.652394516666668,-100.29212333333334,39.462,0.0,0,100.0,-1,0.0,,,,,,00:04:50,0.5,,0.0
2026-07-07T16:20:29.346105,Raspberry_Relieve1,25.652394516666668,-100.29212328333334,39.462,0.0,0,100.0,-1,0.0,,,,,,00:04:50,0.49,,0.0
2026-07-07T16:20:29.846212,Raspberry_Relieve1,25.652394516666668,-100.29212328333334,39.463,0.0,0,100.0,-1,0.0,,,,,,00:04:51,0.51,,0.0
2026-07-07T16:20:30.346324,Raspberry_Relieve1,25.652394533333332,-100.29212316666667,39.463,0.0,0,100.0,-1,0.0,,,,,,00:04:51,0.49,,0.0
2026-07-07T16:20:30.846435,Raspberry_Relieve1,25.652394533333332,-100.29212316666667,39.461,0.0,0,100.0,-1,0.0,,,,,,00:04:52,0.52,,0.0
2026-07-07T16:20:31.346532,Raspberry_Relieve1,25.6523946,-100.29212316666667,39.461,0.0,0,100.0,-1,0.0,,,,,,00:04:52,0.49,,0.0
2026-07-07T16:20:31.846632,Raspberry_Relieve1,25.6523946,-100.29212316666667,39.463,0.0,0,100.0,-1,0.0,,,,,,00:04:53,0.5,,0.0
2026-07-07T16:20:32.346795,Raspberry_Relieve1,25.65239465,-100.29212321666667,39.463,0.0,0,100.0,-1,0.0,,,,,,00:04:53,0.49,,0.0
2026-07-07T16:20:32.846847,Raspberry_Relieve1,25.65239465,-100.29212321666667,39.463,0.0,0,100.0,-1,0.0,,,,,,00:04:54,0.51,,0.0
2026-07-07T16:20:33.346955,Raspberry_Relieve1,25.65239475,-100.29212325,39.463,0.0,0,100.0,-1,0.0,,,,,,00:04:54,0.5,,0.0
2026-07-07T16:20:33.847064,Raspberry_Relieve1,25.65239475,-100.29212325,39.462,0.0,0,100.0,-1,0.0,,,,,,00:04:55,0.51,,0.0
2026-07-07T16:20:34.347180,Raspberry_Relieve1,25.652394766666667,-100.29212313333333,39.462,0.0,0,100.0,-1,0.0,,,,,,00:04:55,0.5,,0.0
2026-07-07T16:20:34.847286,Raspberry_Relieve1,25.652394766666667,-100.29212313333333,39.463,0.0,0,100.0,-1,0.0,,,,,,00:04:56,0.48,,0.0
2026-07-07T16:20:35.347499,Raspberry_Relieve1,25.652394833333332,-100.29212303333334,39.463,0.0,0,100.0,-1,0.0,,,,,,00:04:56,0.52,,0.0
2026-07-07T16:20:35.847598,Raspberry_Relieve1,25.652394833333332,-100.29212303333334,39.461,0.0,0,100.0,-1,0.0,,,,,,00:04:57,0.5,,0.0
2026-07-07T16:20:36.347705,Raspberry_Relieve1,25.65239485,-100.29212308333334,39.461,0.0,0,100.0,-1,0.0,,,,,,00:04:57,0.5,,0.0
2026-07-07T16:20:36.847813,Raspberry_Relieve1,25.65239485,-100.29212308333334,39.46,0.0,0,100.0,-1,0.0,,,,,,00:04:58,0.5,,0.0
2026-07-07T16:20:37.347921,Raspberry_Relieve1,25.652394916666665,-100.29212315,39.46,0.0,0,100.0,-1,0.0,,,,,,00:04:58,0.51,,0.0
2026-07-07T16:20:37.848014,Raspberry_Relieve1,25.652394916666665,-100.29212315,39.461,0.0,0,100.0,-1,0.0,,,,,,00:04:59,0.6,,0.0
2026-07-07T16:20:38.348083,Raspberry_Relieve1,25.65239495,-100.29212315,39.461,0.0,0,100.0,-1,0.0,,,,,,00:04:59,0.38,,0.0
2026-07-07T16:20:38.848160,Raspberry_Relieve1,25.65239495,-100.29212315,39.461,0.0,0,100.0,-1,0.0,,,,,,00:05:00,0.57,,0.0
2026-07-07T16:20:39.348244,Raspberry_Relieve1,25.65239495,-100.29212316666667,39.461,0.0,0,100.0,-1,0.0,,,,,,00:05:00,0.5,,0.0
2026-07-07T16:20:39.848326,Raspberry_Relieve1,25.65239495,-100.29212316666667,39.461,0.0,0,100.0,-1,0.0,,,,,,00:05:01,0.42,,0.0
2026-07-07T16:20:40.348406,Raspberry_Relieve1,25.652395016666667,-100.29212318333333,39.461,0.0,0,100.0,-1,0.0,,,,,,00:05:01,0.49,,0.0
2026-07-07T16:20:40.848483,Raspberry_Relieve1,25.652395016666667,-100.29212318333333,39.46,0.0,0,100.0,-1,0.0,,,,,,00:05:02,0.5,,0.0
2026-07-07T16:20:41.348567,Raspberry_Relieve1,25.652395016666667,-100.2921232,39.46,0.0,0,100.0,-1,0.0,,,,,,00:05:02,0.57,,0.0
2026-07-07T16:20:41.848641,Raspberry_Relieve1,25.652395016666667,-100.2921232,39.462,0.0,0,100.0,-1,0.0,,,,,,00:05:03,0.91,,0.0
2026-07-07T16:20:42.561714,Raspberry_Relieve1,25.652395,-100.2921231,39.462,0.0,0,100.0,-1,0.0,,,,,,00:05:04,0.22,,0.0
2026-07-07T16:20:43.061807,Raspberry_Relieve1,25.652395066666667,-100.29212308333334,39.461,0.0,0,100.0,-1,0.0,,,,,,00:05:04,0.53,,0.0
2026-07-07T16:20:43.561961,Raspberry_Relieve1,25.652395066666667,-100.29212308333334,39.461,0.0,0,100.0,-1,0.0,,,,,,00:05:05,0.49,,0.0
2026-07-07T16:20:44.062066,Raspberry_Relieve1,25.65239505,-100.292123,39.461,0.0,0,100.0,-1,0.0,,,,,,00:05:05,0.5,,0.0
2026-07-07T16:20:44.562170,Raspberry_Relieve1,25.65239505,-100.292123,39.461,0.0,0,100.0,-1,0.0,,,,,,00:05:06,0.51,,0.0
2026-07-07T16:20:45.062233,Raspberry_Relieve1,25.652395116666668,-100.29212295,39.461,0.0,0,100.0,-1,0.0,,,,,,00:05:06,0.5,,0.0
2026-07-07T16:20:45.562332,Raspberry_Relieve1,25.652395116666668,-100.29212295,39.461,0.0,0,100.0,-1,0.0,,,,,,00:05:07,0.49,,0.0
2026-07-07T16:20:46.062397,Raspberry_Relieve1,25.652395116666668,-100.29212295,39.461,0.0,0,100.0,-1,0.0,,,,,,00:05:07,0.5,,0.0
2026-07-07T16:20:46.562496,Raspberry_Relieve1,25.652395116666668,-100.29212295,39.461,0.0,0,100.0,-1,0.0,,,,,,00:05:08,0.5,,0.0
2026-07-07T16:20:47.062566,Raspberry_Relieve1,25.65239516666667,-100.29212293333333,39.461,0.0,0,100.0,-1,0.0,,,,,,00:05:08,0.51,,0.0
2026-07-07T16:20:47.562672,Raspberry_Relieve1,25.65239516666667,-100.29212293333333,39.461,0.0,0,100.0,-1,0.0,,,,,,00:05:09,0.48,,0.0
2026-07-07T16:20:48.062750,Raspberry_Relieve1,25.652395116666668,-100.29212285,39.459,0.0,0,100.0,-1,0.0,,,,,,00:05:09,0.52,,0.0
2026-07-07T16:20:48.562859,Raspberry_Relieve1,25.652395116666668,-100.29212285,39.459,0.0,0,100.0,-1,0.0,,,,,,00:05:10,0.48,,0.0
2026-07-07T16:20:49.062926,Raspberry_Relieve1,25.652395183333333,-100.2921229,39.46,0.0,0,100.0,-1,0.0,,,,,,00:05:10,0.52,,0.0
2026-07-07T16:20:49.563121,Raspberry_Relieve1,25.652395183333333,-100.2921229,39.46,0.0,0,100.0,-1,0.0,,,,,,00:05:11,0.54,,0.0
2026-07-07T16:20:50.063239,Raspberry_Relieve1,25.65239516666667,-100.29212293333333,39.461,0.0,0,100.0,-1,0.0,,,,,,00:05:11,0.46,,0.0
2026-07-07T16:20:50.563330,Raspberry_Relieve1,25.65239516666667,-100.29212293333333,39.461,0.0,0,100.0,-1,0.0,,,,,,00:05:12,0.5,,0.0
2026-07-07T16:20:51.063392,Raspberry_Relieve1,25.652395216666665,-100.29212295,39.46,0.0,0,100.0,-1,0.0,,,,,,00:05:12,0.5,,0.0
2026-07-07T16:20:51.563522,Raspberry_Relieve1,25.652395216666665,-100.29212295,39.46,0.0,0,100.0,-1,0.0,,,,,,00:05:13,0.49,,0.0
2026-07-07T16:20:52.063577,Raspberry_Relieve1,25.652395233333333,-100.29212296666667,39.458,0.0,0,100.0,-1,0.0,,,,,,00:05:13,0.48,,0.0
2026-07-07T16:20:52.563680,Raspberry_Relieve1,25.652395233333333,-100.29212296666667,39.458,0.0,0,100.0,-1,0.0,,,,,,00:05:14,0.51,,0.0
2026-07-07T16:20:53.063744,Raspberry_Relieve1,25.652397866666668,-100.29212261666666,39.46,0.0,0,100.0,-1,0.0,,,,,,00:05:14,0.5,,0.0
2026-07-07T16:20:53.563839,Raspberry_Relieve1,25.652397866666668,-100.29212261666666,39.46,0.0,0,100.0,-1,0.0,,,,,,00:05:15,0.49,,0.0
2026-07-07T16:20:54.063907,Raspberry_Relieve1,25.652397766666667,-100.29212645,39.459,0.0,0,100.0,-1,0.0,,,,,,00:05:15,0.5,,0.0
2026-07-07T16:20:54.564004,Raspberry_Relieve1,25.652397766666667,-100.29212645,39.459,0.0,0,100.0,-1,0.0,,,,,,00:05:16,0.51,,0.0
2026-07-07T16:20:55.064075,Raspberry_Relieve1,25.652398183333332,-100.29212543333334,39.46,0.0,0,100.0,-1,0.0,,,,,,00:05:16,0.51,,0.0
2026-07-07T16:20:55.564226,Raspberry_Relieve1,25.652398183333332,-100.29212543333334,39.46,0.0,0,100.0,-1,0.0,,,,,,00:05:17,0.52,,0.0
2026-07-07T16:20:56.064384,Raspberry_Relieve1,25.652396466666666,-100.29212398333334,39.461,0.0,0,100.0,-1,0.0,,,,,,00:05:17,0.49,,0.0
2026-07-07T16:20:56.564467,Raspberry_Relieve1,25.652396466666666,-100.29212398333334,39.461,0.0,0,100.0,-1,0.0,,,,,,00:05:18,0.47,,0.0
2026-07-07T16:20:57.064536,Raspberry_Relieve1,25.65239415,-100.29212408333333,39.462,0.0,0,100.0,-1,0.0,,,,,,00:05:18,0.5,,0.0
2026-07-07T16:20:57.564635,Raspberry_Relieve1,25.65239415,-100.29212408333333,39.462,0.0,0,100.0,-1,0.0,,,,,,00:05:19,0.52,,0.0
2026-07-07T16:20:58.064703,Raspberry_Relieve1,25.652392633333335,-100.29212563333333,39.46,0.0,0,100.0,-1,0.0,,,,,,00:05:19,0.49,,0.0
2026-07-07T16:20:58.564804,Raspberry_Relieve1,25.652392633333335,-100.29212563333333,39.46,0.0,0,100.0,-1,0.0,,,,,,00:05:20,0.49,,0.0
2026-07-07T16:20:59.064872,Raspberry_Relieve1,25.65239375,-100.29212403333334,39.46,0.0,0,100.0,-1,0.0,,,,,,00:05:20,0.49,,0.0
2026-07-07T16:20:59.564969,Raspberry_Relieve1,25.65239375,-100.29212403333334,39.46,0.0,0,100.0,-1,0.0,,,,,,00:05:21,0.49,,0.0
2026-07-07T16:21:00.065031,Raspberry_Relieve1,25.652396883333335,-100.29212145,39.461,0.0,0,100.0,-1,0.0,,,,,,00:05:21,0.51,,0.0
2026-07-07T16:21:00.565145,Raspberry_Relieve1,25.652396883333335,-100.29212145,39.461,0.0,0,100.0,-1,0.0,,,,,,00:05:22,0.52,,0.0
2026-07-07T16:21:01.065221,Raspberry_Relieve1,25.65239525,-100.29212178333333,39.461,0.0,0,100.0,-1,0.0,,,,,,00:05:22,0.51,,0.0
2026-07-07T16:21:01.565410,Raspberry_Relieve1,25.65239525,-100.29212178333333,39.461,0.0,0,100.0,-1,0.0,,,,,,00:05:23,0.52,,0.0
2026-07-07T16:21:02.065652,Raspberry_Relieve1,25.652396716666665,-100.29212126666667,39.461,0.0,0,100.0,-1,0.0,,,,,,00:05:23,0.47,,0.0
2026-07-07T16:21:02.565735,Raspberry_Relieve1,25.652396716666665,-100.29212126666667,39.461,0.0,0,100.0,-1,0.0,,,,,,00:05:24,0.49,,0.0
2026-07-07T16:21:03.065809,Raspberry_Relieve1,25.652394033333334,-100.29211951666667,39.46,0.0,0,100.0,-1,0.0,,,,,,00:05:24,0.51,,0.0
2026-07-07T16:21:03.565912,Raspberry_Relieve1,25.652394033333334,-100.29211951666667,39.46,0.0,0,100.0,-1,0.0,,,,,,00:05:25,0.48,,0.0
2026-07-07T16:21:04.065983,Raspberry_Relieve1,25.65239215,-100.29212001666667,39.46,0.0,0,100.0,-1,0.0,,,,,,00:05:25,0.49,,0.0
2026-07-07T16:21:04.566086,Raspberry_Relieve1,25.65239215,-100.29212001666667,39.46,0.0,0,100.0,-1,0.0,,,,,,00:05:26,0.51,,0.0
2026-07-07T16:21:05.066156,Raspberry_Relieve1,25.652389933333332,-100.29211751666666,39.46,0.0,0,100.0,-1,0.0,,,,,,00:05:26,0.5,,0.0
2026-07-07T16:21:05.566256,Raspberry_Relieve1,25.652389933333332,-100.29211751666666,39.46,0.0,0,100.0,-1,0.0,,,,,,00:05:27,0.52,,0.0
2026-07-07T16:21:06.066325,Raspberry_Relieve1,25.65238615,-100.29211651666667,39.46,0.0,0,100.0,-1,0.0,,,,,,00:05:27,0.49,,0.0
2026-07-07T16:21:06.566423,Raspberry_Relieve1,25.65238615,-100.29211651666667,39.46,0.0,0,100.0,-1,0.0,,,,,,00:05:28,0.5,,0.0
2026-07-07T16:21:07.066496,Raspberry_Relieve1,25.652382833333334,-100.29211501666667,39.461,0.0,0,100.0,-1,0.0,,,,,,00:05:28,0.52,,0.0
2026-07-07T16:21:07.566644,Raspberry_Relieve1,25.652382833333334,-100.29211501666667,39.461,0.0,0,100.0,-1,0.0,,,,,,00:05:29,0.51,,0.0
2026-07-07T16:21:08.066730,Raspberry_Relieve1,25.65237975,-100.29211418333334,39.462,0.0,0,100.0,-1,0.0,,,,,,00:05:29,0.51,,0.0
2026-07-07T16:21:08.566896,Raspberry_Relieve1,25.65237975,-100.29211418333334,39.462,0.0,0,100.0,-1,0.0,,,,,,00:05:30,0.49,,0.0
2026-07-07T16:21:09.067052,Raspberry_Relieve1,25.652376516666667,-100.29211441666666,39.462,0.0,0,100.0,-1,0.0,,,,,,00:05:30,0.49,,0.0
2026-07-07T16:21:09.567208,Raspberry_Relieve1,25.652376516666667,-100.29211441666666,39.462,0.0,0,100.0,-1,0.0,,,,,,00:05:31,0.51,,0.0
2026-07-07T16:21:10.067289,Raspberry_Relieve1,25.652374383333335,-100.2921137,39.462,0.0,0,100.0,-1,0.0,,,,,,00:05:31,0.49,,0.0
2026-07-07T16:21:10.567377,Raspberry_Relieve1,25.652374383333335,-100.2921137,39.462,0.0,0,100.0,-1,0.0,,,,,,00:05:32,0.49,,0.0
2026-07-07T16:21:11.067449,Raspberry_Relieve1,25.6523731,-100.2921137,39.462,0.0,0,100.0,-1,0.0,,,,,,00:05:32,0.53,,0.0
2026-07-07T16:21:11.567543,Raspberry_Relieve1,25.6523731,-100.2921137,39.462,0.0,0,100.0,-1,0.0,,,,,,00:05:33,0.47,,0.0
2026-07-07T16:21:12.067618,Raspberry_Relieve1,25.652371333333335,-100.292114,39.461,0.0,0,100.0,-1,0.0,,,,,,00:05:33,0.5,,0.0
2026-07-07T16:21:12.567713,Raspberry_Relieve1,25.652371333333335,-100.292114,39.461,0.0,0,100.0,-1,0.0,,,,,,00:05:34,0.5,,0.0
2026-07-07T16:21:13.067801,Raspberry_Relieve1,25.6523715,-100.29211173333333,39.461,0.0,0,100.0,-1,0.0,,,,,,00:05:34,0.5,,0.0
2026-07-07T16:21:13.567886,Raspberry_Relieve1,25.6523715,-100.29211173333333,39.461,0.0,0,100.0,-1,0.0,,,,,,00:05:35,0.49,,0.0
2026-07-07T16:21:14.067966,Raspberry_Relieve1,25.652371616666667,-100.29211041666667,39.461,0.0,0,100.0,-1,0.0,,,,,,00:05:35,0.5,,0.0
2026-07-07T16:21:14.568060,Raspberry_Relieve1,25.652371616666667,-100.29211041666667,39.461,0.0,0,100.0,-1,0.0,,,,,,00:05:36,0.49,,0.0
2026-07-07T16:21:15.068203,Raspberry_Relieve1,25.652371333333335,-100.29211015,39.462,0.0,0,100.0,-1,0.0,,,,,,00:05:36,0.53,,0.0
2026-07-07T16:21:15.568339,Raspberry_Relieve1,25.652371333333335,-100.29211015,39.462,0.0,0,100.0,-1,0.0,,,,,,00:05:37,0.51,,0.0
2026-07-07T16:21:16.068416,Raspberry_Relieve1,25.65237168333333,-100.29210891666666,39.461,0.0,0,100.0,-1,0.0,,,,,,00:05:37,0.49,,0.0
2026-07-07T16:21:16.568507,Raspberry_Relieve1,25.65237168333333,-100.29210891666666,39.461,0.0,0,100.0,-1,0.0,,,,,,00:05:38,0.47,,0.0
2026-07-07T16:21:17.068579,Raspberry_Relieve1,25.652372,-100.292108,39.462,0.0,0,100.0,-1,0.0,,,,,,00:05:38,0.53,,0.0
2026-07-07T16:21:17.568679,Raspberry_Relieve1,25.652372,-100.292108,39.462,0.0,0,100.0,-1,0.0,,,,,,00:05:39,0.47,,0.0
2026-07-07T16:21:18.068751,Raspberry_Relieve1,25.65237225,-100.29210728333334,39.461,0.0,0,100.0,-1,0.0,,,,,,00:05:39,0.51,,0.0
2026-07-07T16:21:18.568868,Raspberry_Relieve1,25.65237225,-100.29210728333334,39.461,0.0,0,100.0,-1,0.0,,,,,,00:05:40,0.51,,0.0
2026-07-07T16:21:19.068927,Raspberry_Relieve1,25.652372766666666,-100.29210593333333,39.46,0.0,0,100.0,-1,0.0,,,,,,00:05:40,0.5,,0.0
2026-07-07T16:21:19.569023,Raspberry_Relieve1,25.652372766666666,-100.29210593333333,39.46,0.0,0,100.0,-1,0.0,,,,,,00:05:41,0.49,,0.0
2026-07-07T16:21:20.069093,Raspberry_Relieve1,25.65237325,-100.29210466666666,39.459,0.0,0,100.0,-1,0.0,,,,,,00:05:41,0.51,,0.0
2026-07-07T16:21:20.569194,Raspberry_Relieve1,25.65237325,-100.29210466666666,39.459,0.0,0,100.0,-1,0.0,,,,,,00:05:42,0.51,,0.0
2026-07-07T16:21:21.069265,Raspberry_Relieve1,25.652373916666665,-100.29210323333334,39.46,0.0,0,100.0,-1,0.0,,,,,,00:05:42,0.52,,0.0
2026-07-07T16:21:21.569445,Raspberry_Relieve1,25.652373916666665,-100.29210323333334,39.46,0.0,0,100.0,-1,0.0,,,,,,00:05:43,0.5,,0.0
2026-07-07T16:21:22.069556,Raspberry_Relieve1,25.652374133333332,-100.29210263333333,39.461,0.0,0,100.0,-1,0.0,,,,,,00:05:43,0.5,,0.0
2026-07-07T16:21:22.569638,Raspberry_Relieve1,25.652374133333332,-100.29210263333333,39.461,0.0,0,100.0,-1,0.0,,,,,,00:05:44,0.52,,0.0
2026-07-07T16:21:23.069709,Raspberry_Relieve1,25.652374333333334,-100.29210211666667,39.461,0.0,0,100.0,-1,0.0,,,,,,00:05:44,0.47,,0.0
2026-07-07T16:21:23.569811,Raspberry_Relieve1,25.652374333333334,-100.29210211666667,39.461,0.0,0,100.0,-1,0.0,,,,,,00:05:45,0.51,,0.0
2026-07-07T16:21:24.069897,Raspberry_Relieve1,25.6523745,-100.29210168333333,39.46,0.0,0,100.0,-1,0.0,,,,,,00:05:45,0.5,,0.0
2026-07-07T16:21:24.570007,Raspberry_Relieve1,25.6523745,-100.29210168333333,39.46,0.0,0,100.0,-1,0.0,,,,,,00:05:46,0.49,,0.0
2026-07-07T16:21:25.070072,Raspberry_Relieve1,25.652374566666666,-100.29210148333334,39.46,0.0,0,100.0,-1,0.0,,,,,,00:05:46,0.51,,0.0
2026-07-07T16:21:25.570184,Raspberry_Relieve1,25.652374566666666,-100.29210148333334,39.46,0.0,0,100.0,-1,0.0,,,,,,00:05:47,0.48,,0.0
2026-07-07T16:21:26.070256,Raspberry_Relieve1,25.652374666666667,-100.29210116666667,39.461,0.0,0,100.0,-1,0.0,,,,,,00:05:47,0.5,,0.0
2026-07-07T16:21:26.570358,Raspberry_Relieve1,25.652374666666667,-100.29210116666667,39.461,0.0,0,100.0,-1,0.0,,,,,,00:05:48,0.5,,0.0
2026-07-07T16:21:27.070430,Raspberry_Relieve1,25.652374766666668,-100.29210085,39.461,0.0,0,100.0,-1,0.0,,,,,,00:05:48,0.52,,0.0
2026-07-07T16:21:27.570590,Raspberry_Relieve1,25.652374766666668,-100.29210085,39.461,0.0,0,100.0,-1,0.0,,,,,,00:05:49,0.5,,0.0
2026-07-07T16:21:28.070772,Raspberry_Relieve1,25.6523748,-100.29210063333333,39.46,0.0,0,100.0,-1,0.0,,,,,,00:05:49,0.5,,0.0
2026-07-07T16:21:28.570825,Raspberry_Relieve1,25.6523748,-100.29210063333333,39.46,0.0,0,100.0,-1,0.0,,,,,,00:05:50,0.48,,0.0
2026-07-07T16:21:29.070897,Raspberry_Relieve1,25.652374833333333,-100.29210048333333,39.461,0.0,0,100.0,-1,0.0,,,,,,00:05:50,0.5,,0.0
2026-07-07T16:21:29.570994,Raspberry_Relieve1,25.652374833333333,-100.29210048333333,39.461,0.0,0,100.0,-1,0.0,,,,,,00:05:51,0.54,,0.0
2026-07-07T16:21:30.071061,Raspberry_Relieve1,25.65237485,-100.29210036666667,39.459,0.0,0,100.0,-1,0.0,,,,,,00:05:51,0.46,,0.0
2026-07-07T16:21:30.571158,Raspberry_Relieve1,25.65237485,-100.29210036666667,39.459,0.0,0,100.0,-1,0.0,,,,,,00:05:52,0.5,,0.0
2026-07-07T16:21:31.071226,Raspberry_Relieve1,25.652374866666666,-100.29210028333334,39.46,0.0,0,100.0,-1,0.0,,,,,,00:05:52,0.58,,0.0
2026-07-07T16:21:31.571328,Raspberry_Relieve1,25.652374866666666,-100.29210028333334,39.46,0.0,0,100.0,-1,0.0,,,,,,00:05:53,0.45,,0.0
2026-07-07T16:21:32.071398,Raspberry_Relieve1,25.6523749,-100.29210011666666,39.459,0.0,0,100.0,-1,0.0,,,,,,00:05:53,0.48,,0.0
2026-07-07T16:21:32.571498,Raspberry_Relieve1,25.6523749,-100.29210011666666,39.459,0.0,0,100.0,-1,0.0,,,,,,00:05:54,0.54,,0.0
2026-07-07T16:21:33.071569,Raspberry_Relieve1,25.65237495,-100.29209983333334,39.46,0.0,0,100.0,-1,0.0,,,,,,00:05:54,0.47,,0.0
2026-07-07T16:21:33.571764,Raspberry_Relieve1,25.65237495,-100.29209983333334,39.46,0.0,0,100.0,-1,0.0,,,,,,00:05:55,0.52,,0.0
2026-07-07T16:21:34.071865,Raspberry_Relieve1,25.652374933333334,-100.29209976666667,39.459,0.0,0,100.0,-1,0.0,,,,,,00:05:55,0.48,,0.0
2026-07-07T16:21:34.571991,Raspberry_Relieve1,25.652374933333334,-100.29209976666667,39.459,0.0,0,100.0,-1,0.0,,,,,,00:05:56,0.51,,0.0
2026-07-07T16:21:35.072042,Raspberry_Relieve1,25.652374916666666,-100.29209975,39.461,0.0,0,100.0,-1,0.0,,,,,,00:05:56,0.48,,0.0
2026-07-07T16:21:35.572137,Raspberry_Relieve1,25.652374916666666,-100.29209975,39.461,0.0,0,100.0,-1,0.0,,,,,,00:05:57,0.5,,0.0
2026-07-07T16:21:36.072208,Raspberry_Relieve1,25.652374916666666,-100.2920997,39.46,0.0,0,100.0,-1,0.0,,,,,,00:05:57,0.51,,0.0
2026-07-07T16:21:36.572316,Raspberry_Relieve1,25.652374916666666,-100.2920997,39.46,0.0,0,100.0,-1,0.0,,,,,,00:05:58,0.49,,0.0
2026-07-07T16:21:37.072374,Raspberry_Relieve1,25.652374916666666,-100.29209966666667,39.459,0.0,0,100.0,-1,0.0,,,,,,00:05:58,0.5,,0.0
2026-07-07T16:21:37.572477,Raspberry_Relieve1,25.652374916666666,-100.29209966666667,39.459,0.0,0,100.0,-1,0.0,,,,,,00:05:59,0.53,,0.0
2026-07-07T16:21:38.072548,Raspberry_Relieve1,25.6523749,-100.29209958333334,39.46,0.0,0,100.0,-1,0.0,,,,,,00:05:59,0.51,,0.0
2026-07-07T16:21:38.572660,Raspberry_Relieve1,25.6523749,-100.29209958333334,39.46,0.0,0,100.0,-1,0.0,,,,,,00:06:00,0.54,,0.0
2026-07-07T16:21:39.072725,Raspberry_Relieve1,25.652374483333332,-100.29209561666667,39.459,0.0,0,100.0,-1,0.0,,,,,,00:06:00,0.45,,0.0
2026-07-07T16:21:39.572863,Raspberry_Relieve1,25.652374483333332,-100.29209561666667,39.459,0.0,0,100.0,-1,0.0,,,,,,00:06:01,0.49,,0.0
2026-07-07T16:21:40.072977,Raspberry_Relieve1,25.652378916666667,-100.2920961,39.459,0.0,0,100.0,-1,0.0,,,,,,00:06:01,0.53,,0.0
2026-07-07T16:21:40.573068,Raspberry_Relieve1,25.652378916666667,-100.2920961,39.459,0.0,0,100.0,-1,0.0,,,,,,00:06:02,0.46,,0.0
2026-07-07T16:21:41.073135,Raspberry_Relieve1,25.652381183333333,-100.29209755,39.46,0.0,0,100.0,-1,0.0,,,,,,00:06:02,0.5,,0.0
2026-07-07T16:21:41.573244,Raspberry_Relieve1,25.652381183333333,-100.29209755,39.46,0.0,0,100.0,-1,0.0,,,,,,00:06:03,0.5,,0.0
2026-07-07T16:21:42.073311,Raspberry_Relieve1,25.65237915,-100.29209713333333,39.459,0.0,0,100.0,-1,0.0,,,,,,00:06:03,0.5,,0.0
2026-07-07T16:21:42.573415,Raspberry_Relieve1,25.65237915,-100.29209713333333,39.459,0.0,0,100.0,-1,0.0,,,,,,00:06:04,0.5,,0.0
2026-07-07T16:21:43.073482,Raspberry_Relieve1,25.652377283333333,-100.2920977,39.457,0.0,0,100.0,-1,0.0,,,,,,00:06:04,0.52,,0.0
2026-07-07T16:21:43.573582,Raspberry_Relieve1,25.652377283333333,-100.2920977,39.457,0.0,0,100.0,-1,0.0,,,,,,00:06:05,0.49,,0.0
2026-07-07T16:21:44.073647,Raspberry_Relieve1,25.652379933333332,-100.29209685,39.459,0.0,0,100.0,-1,0.0,,,,,,00:06:05,0.5,,0.0
2026-07-07T16:21:44.573766,Raspberry_Relieve1,25.652379933333332,-100.29209685,39.459,0.0,0,100.0,-1,0.0,,,,,,00:06:06,0.5,,0.0
2026-07-07T16:21:45.073826,Raspberry_Relieve1,25.652381233333333,-100.29209456666666,39.461,0.0,0,100.0,-1,0.0,,,,,,00:06:06,0.53,,0.0
2026-07-07T16:21:45.573998,Raspberry_Relieve1,25.652381233333333,-100.29209456666666,39.461,0.0,0,100.0,-1,0.0,,,,,,00:06:07,0.5,,0.0
2026-07-07T16:21:46.074106,Raspberry_Relieve1,25.65238391666667,-100.29209503333334,39.461,0.0,0,100.0,-1,0.0,,,,,,00:06:07,0.48,,0.0
2026-07-07T16:21:46.574191,Raspberry_Relieve1,25.65238391666667,-100.29209503333334,39.461,0.0,0,100.0,-1,0.0,,,,,,00:06:08,0.49,,0.0
2026-07-07T16:21:47.074258,Raspberry_Relieve1,25.652385,-100.29209375,39.46,0.0,0,100.0,-1,0.0,,,,,,00:06:08,0.5,,0.0
2026-07-07T16:21:47.574356,Raspberry_Relieve1,25.652385,-100.29209375,39.46,0.0,0,100.0,-1,0.0,,,,,,00:06:09,0.49,,0.0
2026-07-07T16:21:48.074426,Raspberry_Relieve1,25.652380883333333,-100.29208868333333,39.46,0.0,0,100.0,-1,0.0,,,,,,00:06:09,0.51,,0.0
2026-07-07T16:21:48.574527,Raspberry_Relieve1,25.652380883333333,-100.29208868333333,39.46,0.0,0,100.0,-1,0.0,,,,,,00:06:10,0.48,,0.0
2026-07-07T16:21:49.074602,Raspberry_Relieve1,25.652378616666667,-100.29208108333333,39.459,0.0,0,100.0,-1,0.0,,,,,,00:06:10,0.5,,0.0
2026-07-07T16:21:49.574704,Raspberry_Relieve1,25.652378616666667,-100.29208108333333,39.459,0.0,0,100.0,-1,0.0,,,,,,00:06:11,0.5,,0.0
2026-07-07T16:21:50.074781,Raspberry_Relieve1,25.652375316666667,-100.29207835,39.457,0.0,0,100.0,-1,0.0,,,,,,00:06:11,0.51,,0.0
2026-07-07T16:21:50.574879,Raspberry_Relieve1,25.652375316666667,-100.29207835,39.457,0.0,0,100.0,-1,0.0,,,,,,00:06:12,0.5,,0.0
2026-07-07T16:21:51.074949,Raspberry_Relieve1,25.652380983333334,-100.29208153333333,39.458,0.0,0,100.0,-1,0.0,,,,,,00:06:12,0.52,,0.0
2026-07-07T16:21:51.575108,Raspberry_Relieve1,25.652380983333334,-100.29208153333333,39.458,0.0,0,100.0,-1,0.0,,,,,,00:06:13,0.5,,0.0
2026-07-07T16:21:52.075243,Raspberry_Relieve1,25.652379183333334,-100.29208193333334,39.459,0.0,0,100.0,-1,0.0,,,,,,00:06:13,0.5,,0.0
2026-07-07T16:21:52.575328,Raspberry_Relieve1,25.652379183333334,-100.29208193333334,39.459,0.0,0,100.0,-1,0.0,,,,,,00:06:14,0.5,,0.0
2026-07-07T16:21:53.075397,Raspberry_Relieve1,25.652373266666668,-100.29207676666667,39.46,0.0,0,100.0,-1,0.0,,,,,,00:06:14,0.48,,0.0
2026-07-07T16:21:53.575502,Raspberry_Relieve1,25.652373266666668,-100.29207676666667,39.46,0.0,0,100.0,-1,0.0,,,,,,00:06:15,0.5,,0.0
2026-07-07T16:21:54.075572,Raspberry_Relieve1,25.65236575,-100.29207341666667,37.013,15.037,557,100.0,-1,0.0,,,,,,00:06:15,0.5,0.077359,0.077359
2026-07-07T16:21:54.575686,Raspberry_Relieve1,25.65236575,-100.29207341666667,37.013,15.037,557,100.0,-1,0.0,,,,,,00:06:16,0.52,0.0809,0.158258
2026-07-07T16:21:55.075761,Raspberry_Relieve1,25.652351016666668,-100.29206505,36.966,18.83,696,100.0,-1,0.0,,,,,,00:06:16,0.48,0.092733,0.250991
2026-07-07T16:21:55.575864,Raspberry_Relieve1,25.652351016666668,-100.29206505,36.966,18.83,696,100.0,-1,0.0,,,,,,00:06:17,0.51,0.098038,0.349029
2026-07-07T16:21:56.075942,Raspberry_Relieve1,25.652325883333333,-100.29205315,36.932,19.071,704,100.0,-1,0.0,,,,,,00:06:17,0.51,0.099628,0.448657
2026-07-07T16:21:56.576035,Raspberry_Relieve1,25.652325883333333,-100.29205315,36.932,19.071,704,100.0,-1,0.0,,,,,,00:06:18,0.5,0.09745,0.546107
2026-07-07T16:21:57.076106,Raspberry_Relieve1,25.6522997,-100.29204455,36.895,19.069,704,100.0,-1,0.0,,,,,,00:06:18,0.52,0.10174,0.647847
2026-07-07T16:21:57.576253,Raspberry_Relieve1,25.6522997,-100.29204455,36.895,19.069,704,100.0,-1,0.0,,,,,,00:06:19,0.48,0.093726,0.741574
2026-07-07T16:21:58.076400,Raspberry_Relieve1,25.6522681,-100.29203766666667,36.868,19.086,704,100.0,-1,0.0,,,,,,00:06:19,0.55,0.10681,0.848384
2026-07-07T16:21:58.576486,Raspberry_Relieve1,25.6522681,-100.29203766666667,36.868,19.086,704,100.0,-1,0.0,,,,,,00:06:20,0.46,0.089861,0.938245
2026-07-07T16:21:59.076558,Raspberry_Relieve1,25.652220383333333,-100.29203498333334,36.844,19.076,703,100.0,-1,0.0,,,,,,00:06:20,0.48,0.094057,1.032302
2026-07-07T16:21:59.576658,Raspberry_Relieve1,25.652220383333333,-100.29203498333334,36.844,19.076,703,100.0,-1,0.0,,,,,,00:06:21,0.51,0.100546,1.132848
2026-07-07T16:22:00.076729,Raspberry_Relieve1,25.652185466666666,-100.29202826666666,39.242,4.295,169,100.0,-1,0.0,,,,,,00:06:21,0.48,0.022747,1.155595
2026-07-07T16:22:00.576830,Raspberry_Relieve1,25.652185466666666,-100.29202826666666,39.242,4.295,169,100.0,-1,0.0,,,,,,00:06:22,0.57,0.026738,1.182333
2026-07-07T16:22:01.076910,Raspberry_Relieve1,25.652180183333332,-100.2919885,39.33,0.0,0,100.0,-1,0.0,,,,,,00:06:22,0.43,,1.182333
2026-07-07T16:22:01.577012,Raspberry_Relieve1,25.652180183333332,-100.2919885,39.33,0.0,0,100.0,-1,0.0,,,,,,00:06:23,0.5,,1.182333
2026-07-07T16:22:02.077083,Raspberry_Relieve1,25.652144,-100.29199631666667,39.345,-0.439,-17,100.0,14400,0.0,,,,,,00:06:23,0.51,-0.002399,1.179934
2026-07-07T16:22:02.577183,Raspberry_Relieve1,25.652144,-100.29199631666667,39.345,-0.439,-17,100.0,14400,0.0,,,,,,00:06:24,0.53,-0.002506,1.177429
2026-07-07T16:22:03.077254,Raspberry_Relieve1,25.652118616666666,-100.29201693333333,39.35,-0.405,-16,100.0,14400,0.0,,,,,,00:06:24,0.47,-0.002106,1.175323
2026-07-07T16:22:03.577425,Raspberry_Relieve1,25.652118616666666,-100.29201693333333,39.35,-0.405,-16,100.0,14400,0.0,,,,,,00:06:25,0.51,-0.002245,1.173077
2026-07-07T16:22:04.077553,Raspberry_Relieve1,25.652089566666668,-100.29202603333333,39.366,-0.459,-18,100.0,14400,0.0,,,,,,00:06:25,0.5,-0.002491,1.170587
2026-07-07T16:22:04.577640,Raspberry_Relieve1,25.652089566666668,-100.29202603333333,39.366,-0.459,-18,100.0,14400,0.0,,,,,,00:06:26,0.5,-0.002495,1.168092
2026-07-07T16:22:05.077707,Raspberry_Relieve1,25.65206926666667,-100.29201586666667,39.366,-0.459,-18,100.0,14400,0.0,,,,,,00:06:26,0.52,-0.002581,1.165511
2026-07-07T16:22:05.577810,Raspberry_Relieve1,25.65206926666667,-100.29201586666667,39.378,-0.459,-18,100.0,14400,0.0,,,,,,00:06:27,0.48,-0.002392,1.163119
2026-07-07T16:22:06.077877,Raspberry_Relieve1,25.652054133333333,-100.29197973333333,36.898,14.476,534,100.0,-1,0.0,,,,,,00:06:27,0.49,0.07295,1.236069
2026-07-07T16:22:06.577978,Raspberry_Relieve1,25.652054133333333,-100.29197973333333,36.898,14.476,534,100.0,-1,0.0,,,,,,00:06:28,0.5,0.074332,1.310401
2026-07-07T16:22:07.078044,Raspberry_Relieve1,25.652062716666666,-100.29192671666667,36.851,18.785,692,100.0,-1,0.0,,,,,,00:06:28,0.5,0.095775,1.406176
2026-07-07T16:22:07.578149,Raspberry_Relieve1,25.652062716666666,-100.29192671666667,36.851,18.785,692,100.0,-1,0.0,,,,,,00:06:29,0.5,0.095291,1.501466
2026-07-07T16:22:08.078214,Raspberry_Relieve1,25.652101066666667,-100.2918166,36.828,19.017,700,100.0,-1,0.0,,,,,,00:06:29,0.51,0.099638,1.601104
2026-07-07T16:22:08.578314,Raspberry_Relieve1,25.652101066666667,-100.2918166,36.828,19.017,700,100.0,-1,0.0,,,,,,00:06:30,0.51,0.098317,1.699421
2026-07-07T16:22:09.078375,Raspberry_Relieve1,25.652139966666667,-100.29177315,36.791,19.006,699,100.0,-1,0.0,,,,,,00:06:30,0.51,0.09823,1.797651
2026-07-07T16:22:09.578564,Raspberry_Relieve1,25.652139966666667,-100.29177315,36.791,19.006,699,100.0,-1,0.0,,,,,,00:06:31,0.51,0.099383,1.897034
2026-07-07T16:22:10.078665,Raspberry_Relieve1,25.6521794,-100.29170875,36.785,18.925,696,100.0,-1,0.0,,,,,,00:06:31,0.47,0.090973,1.988008
2026-07-07T16:22:10.578773,Raspberry_Relieve1,25.6521794,-100.29170875,36.785,18.925,696,100.0,-1,0.0,,,,,,00:06:32,0.5,0.096289,2.084296
2026-07-07T16:22:11.078835,Raspberry_Relieve1,25.652198933333334,-100.29165186666667,39.265,1.387,54,100.0,-1,0.0,,,,,,00:06:32,0.5,0.007539,2.091835
2026-07-07T16:22:11.578936,Raspberry_Relieve1,25.652198933333334,-100.29165186666667,39.265,1.387,54,100.0,-1,0.0,,,,,,00:06:33,0.5,0.007481,2.099316
2026-07-07T16:22:12.079001,Raspberry_Relieve1,25.652231033333333,-100.29161205,39.285,-0.525,-21,100.0,14400,0.0,,,,,,00:06:33,0.51,-0.00298,2.096336
2026-07-07T16:22:12.579114,Raspberry_Relieve1,25.652231033333333,-100.29161205,39.285,-0.525,-21,100.0,14400,0.0,,,,,,00:06:34,0.5,-0.002896,2.09344
2026-07-07T16:22:13.079172,Raspberry_Relieve1,25.6522512,-100.29154205,36.832,11.026,406,100.0,14400,0.0,,,,,,00:06:34,0.51,0.057189,2.150628
2026-07-07T16:22:13.579280,Raspberry_Relieve1,25.6522512,-100.29154205,36.832,11.026,406,100.0,14400,0.0,,,,,,00:06:35,0.49,0.05537,2.205998
2026-07-07T16:22:14.079340,Raspberry_Relieve1,25.652301083333334,-100.29149346666667,36.777,18.479,680,100.0,-1,0.0,,,,,,00:06:35,0.49,0.092019,2.298018
2026-07-07T16:22:14.579444,Raspberry_Relieve1,25.652301083333334,-100.29149346666667,36.777,18.479,680,100.0,-1,0.0,,,,,,00:06:36,0.5,0.093852,2.39187
2026-07-07T16:22:15.079503,Raspberry_Relieve1,25.652338966666665,-100.29143168333333,36.743,18.928,695,100.0,-1,0.0,,,,,,00:06:36,0.54,0.103307,2.495176
2026-07-07T16:22:15.579678,Raspberry_Relieve1,25.652338966666665,-100.29143168333333,36.743,18.928,695,100.0,-1,0.0,,,,,,00:06:37,0.51,0.098771,2.593947
2026-07-07T16:22:16.079743,Raspberry_Relieve1,25.652381983333335,-100.29137828333333,36.774,18.788,691,100.0,-1,0.0,,,,,,00:06:37,0.5,0.095168,2.689115
2026-07-07T16:22:16.579849,Raspberry_Relieve1,25.652381983333335,-100.29137828333333,36.954,17.513,647,100.0,-1,0.0,,,,,,00:06:38,0.48,0.086761,2.775875
2026-07-07T16:22:17.080034,Raspberry_Relieve1,25.652431033333333,-100.29131496666666,36.954,17.513,647,100.0,-1,0.0,,,,,,00:06:38,0.5,0.089046,2.864922
2026-07-07T16:22:17.580269,Raspberry_Relieve1,25.652431033333333,-100.29131496666666,39.153,5.236,205,100.0,-1,0.0,,,,,,00:06:39,0.48,0.027577,2.892498
2026-07-07T16:22:18.080348,Raspberry_Relieve1,25.652475816666666,-100.2912589,39.153,5.236,205,100.0,-1,0.0,,,,,,00:06:39,0.54,0.030501,2.922999
2026-07-07T16:22:18.580428,Raspberry_Relieve1,25.652475816666666,-100.2912589,39.223,-0.468,-18,100.0,-1,0.0,,,,,,00:06:40,0.47,-0.002364,2.920635
2026-07-07T16:22:19.080510,Raspberry_Relieve1,25.652520933333335,-100.2911986,39.223,-0.468,-18,100.0,-1,0.0,,,,,,00:06:40,0.5,-0.002506,2.918129
2026-07-07T16:22:19.580586,Raspberry_Relieve1,25.652520933333335,-100.2911986,39.264,-0.841,-33,100.0,14400,0.0,,,,,,00:06:41,0.49,-0.004451,2.913678
2026-07-07T16:22:20.080670,Raspberry_Relieve1,25.652559016666668,-100.291147,39.264,-0.841,-33,100.0,14400,0.0,,,,,,00:06:41,0.55,-0.005077,2.908601
2026-07-07T16:22:20.580751,Raspberry_Relieve1,25.652559016666668,-100.291147,39.245,-0.751,-29,100.0,14400,0.0,,,,,,00:06:42,0.45,-0.003644,2.904957
2026-07-07T16:22:21.080832,Raspberry_Relieve1,25.6526117,-100.2910996,39.245,-0.751,-29,100.0,14400,0.0,,,,,,00:06:42,0.51,-0.004081,2.900876
2026-07-07T16:22:21.580908,Raspberry_Relieve1,25.6526117,-100.2910996,39.286,-0.832,-33,100.0,14400,0.001,,,,,,00:06:43,0.49,-0.004535,2.896341
2026-07-07T16:22:22.080991,Raspberry_Relieve1,25.6526481,-100.2910499,39.286,-0.832,-33,100.0,14400,0.001,,,,,,00:06:43,0.52,-0.004776,2.891565
2026-07-07T16:22:22.581111,Raspberry_Relieve1,25.6526481,-100.2910499,39.23,-0.531,-21,100.0,12577,0.001,,,,,,00:06:44,0.5,-0.002925,2.888641
2026-07-07T16:22:23.081891,Raspberry_Relieve1,25.652677033333333,-100.2909942,39.23,-0.531,-21,100.0,12577,0.001,,,,,,00:06:44,0.48,-0.002778,2.885863
2026-07-07T16:22:23.581952,Raspberry_Relieve1,25.652677033333333,-100.2909942,36.804,16.589,611,100.0,-1,0.0,,,,,,00:06:45,0.53,0.08944,2.975303
2026-07-07T16:22:24.082048,Raspberry_Relieve1,25.652709033333334,-100.29092258333333,36.804,16.589,611,100.0,-1,0.0,,,,,,00:06:45,0.47,0.079059,3.054362
2026-07-07T16:22:24.582128,Raspberry_Relieve1,25.652709033333334,-100.29092258333333,36.763,18.814,692,100.0,-1,0.0,,,,,,00:06:46,0.5,0.096169,3.150531
2026-07-07T16:22:25.082213,Raspberry_Relieve1,25.652748,-100.2908644,36.763,18.814,692,100.0,-1,0.0,,,,,,00:06:46,0.57,0.109058,3.25959
2026-07-07T16:22:25.582290,Raspberry_Relieve1,25.652748,-100.2908644,36.915,17.797,657,100.0,-1,0.0,,,,,,00:06:47,0.44,0.080735,3.340325
2026-07-07T16:22:26.082372,Raspberry_Relieve1,25.652779483333333,-100.29079473333333,36.915,17.797,657,100.0,-1,0.0,,,,,,00:06:47,0.49,0.089464,3.429789
2026-07-07T16:22:26.582448,Raspberry_Relieve1,25.652779483333333,-100.29079473333333,39.177,3.833,150,100.0,-1,0.0,,,,,,00:06:48,0.53,0.022021,3.451811
2026-07-07T16:22:27.082531,Raspberry_Relieve1,25.652829966666665,-100.29073635,39.177,3.833,150,100.0,-1,0.0,,,,,,00:06:48,0.49,0.020234,3.472044
2026-07-07T16:22:27.582606,Raspberry_Relieve1,25.652829966666665,-100.29073635,39.23,-0.57,-22,100.0,-1,0.0,,,,,,00:06:49,0.49,-0.003008,3.469036
2026-07-07T16:22:28.082793,Raspberry_Relieve1,25.652861183333332,-100.29066726666667,39.23,-0.57,-22,100.0,-1,0.0,,,,,,00:06:49,0.52,-0.00318,3.465856
2026-07-07T16:22:28.582900,Raspberry_Relieve1,25.652861183333332,-100.29066726666667,39.208,-0.647,-25,100.0,14400,0.0,,,,,,00:06:50,0.52,-0.003586,3.46227
2026-07-07T16:22:29.083030,Raspberry_Relieve1,25.6528851,-100.29060828333333,39.208,-0.647,-25,100.0,14400,0.0,,,,,,00:06:50,0.49,-0.0034,3.45887
2026-07-07T16:22:29.583084,Raspberry_Relieve1,25.6528851,-100.29060828333333,39.22,-0.656,-26,100.0,14400,0.0,,,,,,00:06:51,0.47,-0.003389,3.45548
2026-07-07T16:22:30.083166,Raspberry_Relieve1,25.652894316666668,-100.2905731,39.22,-0.656,-26,100.0,14400,0.0,,,,,,00:06:51,0.51,-0.003697,3.451784
2026-07-07T16:22:30.583253,Raspberry_Relieve1,25.652894316666668,-100.2905731,39.236,-0.631,-25,100.0,14400,0.001,,,,,,00:06:52,0.49,-0.003382,3.448402
2026-07-07T16:22:31.083335,Raspberry_Relieve1,25.652895733333335,-100.29050921666666,39.236,-0.631,-25,100.0,14400,0.001,,,,,,00:06:52,0.5,-0.003504,3.444897
2026-07-07T16:22:31.583426,Raspberry_Relieve1,25.652895733333335,-100.29050921666666,39.236,-0.631,-25,100.0,14400,0.001,,,,,,00:06:53,0.5,-0.003485,3.441413
2026-07-07T16:22:32.083491,Raspberry_Relieve1,25.652915133333334,-100.29043633333333,39.225,0.657,26,100.0,-1,0.0,,,,,,00:06:53,0.58,0.004211,3.445624
2026-07-07T16:22:32.583576,Raspberry_Relieve1,25.652915133333334,-100.29043633333333,37.073,13.148,487,100.0,-1,0.0,,,,,,00:06:54,0.43,0.058772,3.504396
2026-07-07T16:22:33.083654,Raspberry_Relieve1,25.652904266666667,-100.29035191666667,37.073,13.148,487,100.0,-1,0.0,,,,,,00:06:54,0.57,0.077502,3.581898
2026-07-07T16:22:33.583730,Raspberry_Relieve1,25.652904266666667,-100.29035191666667,39.22,0.986,39,100.0,-1,0.0,,,,,,00:06:55,0.42,0.004552,3.58645
2026-07-07T16:22:34.083815,Raspberry_Relieve1,25.6529115,-100.29027593333333,39.22,0.986,39,100.0,-1,0.0,,,,,,00:06:55,0.54,0.005857,3.592307
2026-07-07T16:22:34.583957,Raspberry_Relieve1,25.6529115,-100.29027593333333,39.225,-0.202,-8,100.0,-1,0.0,,,,,,00:06:56,0.46,-0.001032,3.591275
2026-07-07T16:22:35.084034,Raspberry_Relieve1,25.652931716666668,-100.290226,39.225,-0.202,-8,100.0,-1,0.0,,,,,,00:06:56,0.5,-0.001121,3.590154
2026-07-07T16:22:35.584143,Raspberry_Relieve1,25.652931716666668,-100.290226,39.243,-0.56,-22,100.0,14400,0.0,,,,,,00:06:57,0.5,-0.003082,3.587072
2026-07-07T16:22:36.084237,Raspberry_Relieve1,25.652968166666668,-100.29016986666667,39.243,-0.56,-22,100.0,14400,0.0,,,,,,00:06:57,0.5,-0.003059,3.584014
2026-07-07T16:22:36.584316,Raspberry_Relieve1,25.652968166666668,-100.29016986666667,39.091,0.1,4,100.0,14400,0.0,,,,,,00:06:58,0.57,0.000636,3.58465
2026-07-07T16:22:37.084402,Raspberry_Relieve1,25.65299345,-100.29012571666667,39.091,0.1,4,100.0,14400,0.0,,,,,,00:06:58,0.45,0.000504,3.585154
2026-07-07T16:22:56.600319,Raspberry_Relieve1,25.65299345,-100.29012571666667,39.116,1.643,64,100.0,-1,0.0,,,,,,00:07:18,19.57,0.347934,3.933088
2026-07-07T16:22:57.100442,Raspberry_Relieve1,25.65299345,-100.29012571666667,39.116,1.643,64,100.0,-1,0.0,,,,,,00:07:18,0.45,0.008075,3.941163
2026-07-07T16:22:57.600552,Raspberry_Relieve1,25.65299345,-100.29012571666667,39.183,0.0,0,100.0,-1,0.0,,,,,,00:07:19,0.55,,3.941163
2026-07-07T16:22:58.100668,Raspberry_Relieve1,25.65299345,-100.29012571666667,39.183,0.0,0,100.0,-1,0.0,,,,,,00:07:19,0.48,,3.941163
2026-07-07T16:22:58.600843,Raspberry_Relieve1,25.65299345,-100.29012571666667,38.896,1.197,47,100.0,-1,0.0,,,,,,00:07:20,0.56,0.007363,3.948526
2026-07-07T16:22:59.100950,Raspberry_Relieve1,25.65299345,-100.29012571666667,38.896,1.197,47,100.0,-1,0.0,,,,,,00:07:20,0.48,0.006301,3.954827
2026-07-07T16:22:59.601040,Raspberry_Relieve1,25.65299345,-100.29012571666667,39.034,3.806,149,100.0,-1,0.0,,,,,,00:07:21,0.42,0.017349,3.972176
2026-07-07T16:23:00.101112,Raspberry_Relieve1,25.65299345,-100.29012571666667,39.034,3.806,149,100.0,-1,0.0,,,,,,00:07:21,0.53,0.022027,3.994203
2026-07-07T16:23:00.601200,Raspberry_Relieve1,25.65299345,-100.29012571666667,39.182,0.421,16,100.0,-1,0.0,,,,,,00:07:22,0.44,0.001955,3.996158
2026-07-07T16:23:01.101286,Raspberry_Relieve1,25.65299345,-100.29012571666667,39.182,0.421,16,100.0,-1,0.0,,,,,,00:07:22,0.52,0.002297,3.998454
2026-07-07T16:23:01.601387,Raspberry_Relieve1,25.65299345,-100.29012571666667,39.191,0.0,0,100.0,-1,0.0,,,,,,00:07:23,0.53,,3.998454
2026-07-07T16:23:02.101457,Raspberry_Relieve1,25.65299345,-100.29012571666667,39.191,0.0,0,100.0,-1,0.0,,,,,,00:07:23,0.45,,3.998454
2026-07-07T16:23:02.601532,Raspberry_Relieve1,25.65299345,-100.29012571666667,39.197,0.0,0,100.0,-1,0.0,,,,,,00:07:24,0.5,,3.998454
2026-07-07T16:23:03.101614,Raspberry_Relieve1,25.65299345,-100.29012571666667,39.197,0.0,0,100.0,-1,0.0,,,,,,00:07:24,0.51,,3.998454
2026-07-07T16:23:03.601696,Raspberry_Relieve1,25.65299345,-100.29012571666667,39.203,0.0,0,100.0,-1,0.0,,,,,,00:07:25,0.5,,3.998454
2026-07-07T16:23:04.101822,Raspberry_Relieve1,25.65299345,-100.29012571666667,39.203,0.0,0,100.0,-1,0.0,,,,,,00:07:25,0.52,,3.998454
2026-07-07T16:23:04.601944,Raspberry_Relieve1,25.65299345,-100.29012571666667,39.209,0.0,0,100.0,-1,0.0,,,,,,00:07:26,0.48,,3.998454
2026-07-07T16:23:05.102045,Raspberry_Relieve1,25.65299345,-100.29012571666667,39.209,0.0,0,100.0,-1,0.0,,,,,,00:07:26,0.52,,3.998454
2026-07-07T16:23:05.602164,Raspberry_Relieve1,25.65299345,-100.29012571666667,39.214,0.0,0,100.0,-1,0.0,,,,,,00:07:27,0.47,,3.998454
2026-07-07T16:23:06.102267,Raspberry_Relieve1,25.65299345,-100.29012571666667,39.214,0.0,0,100.0,-1,0.0,,,,,,00:07:27,0.51,,3.998454
2026-07-07T16:23:06.602391,Raspberry_Relieve1,25.65299345,-100.29012571666667,39.217,0.0,0,100.0,-1,0.0,,,,,,00:07:28,0.52,,3.998454
2026-07-07T16:23:07.102479,Raspberry_Relieve1,25.65299345,-100.29012571666667,39.217,0.0,0,100.0,-1,0.0,,,,,,00:07:28,0.47,,3.998454
2026-07-07T16:23:07.602644,Raspberry_Relieve1,25.65299345,-100.29012571666667,39.221,0.0,0,100.0,-1,0.0,,,,,,00:07:29,0.51,,3.998454
2026-07-07T16:23:08.102777,Raspberry_Relieve1,25.65299345,-100.29012571666667,39.221,0.0,0,100.0,-1,0.0,,,,,,00:07:29,0.5,,3.998454
2026-07-07T16:23:08.602813,Raspberry_Relieve1,25.65299345,-100.29012571666667,39.224,0.0,0,100.0,-1,0.0,,,,,,00:07:30,0.5,,3.998454
2026-07-07T16:23:09.102937,Raspberry_Relieve1,25.65299345,-100.29012571666667,39.224,0.0,0,100.0,-1,0.0,,,,,,00:07:30,0.49,,3.998454
2026-07-07T16:23:09.602988,Raspberry_Relieve1,25.65299345,-100.29012571666667,39.225,0.0,0,100.0,-1,0.0,,,,,,00:07:31,0.5,,3.998454
2026-07-07T16:23:10.103059,Raspberry_Relieve1,25.65299345,-100.29012571666667,39.225,0.0,0,100.0,-1,0.0,,,,,,00:07:31,0.49,,3.998454
2026-07-07T16:23:10.603139,Raspberry_Relieve1,25.65299345,-100.29012571666667,39.23,0.0,0,100.0,-1,0.0,,,,,,00:07:32,0.51,,3.998454
2026-07-07T16:23:11.103216,Raspberry_Relieve1,25.65299345,-100.29012571666667,39.23,0.0,0,100.0,-1,0.0,,,,,,00:07:32,0.49,,3.998454
2026-07-07T16:23:11.603299,Raspberry_Relieve1,25.65299345,-100.29012571666667,39.233,0.0,0,100.0,-1,0.0,,,,,,00:07:33,0.5,,3.998454
2026-07-07T16:23:12.103374,Raspberry_Relieve1,25.65299345,-100.29012571666667,39.233,0.0,0,100.0,-1,0.0,,,,,,00:07:33,0.52,,3.998454
2026-07-07T16:23:12.603475,Raspberry_Relieve1,25.65299345,-100.29012571666667,39.237,0.0,0,100.0,-1,0.0,,,,,,00:07:34,0.48,,3.998454
2026-07-07T16:23:13.103539,Raspberry_Relieve1,25.65299345,-100.29012571666667,39.237,0.0,0,100.0,-1,0.0,,,,,,00:07:34,0.51,,3.998454
2026-07-07T16:23:13.603617,Raspberry_Relieve1,25.65299345,-100.29012571666667,39.24,0.0,0,100.0,-1,0.0,,,,,,00:07:35,0.49,,3.998454
2026-07-07T16:23:14.103832,Raspberry_Relieve1,25.65299345,-100.29012571666667,39.24,0.0,0,100.0,-1,0.0,,,,,,00:07:35,0.54,,3.998454
2026-07-07T16:23:14.603954,Raspberry_Relieve1,25.65299345,-100.29012571666667,39.243,0.0,0,100.0,-1,0.0,,,,,,00:07:36,0.48,,3.998454
2026-07-07T16:23:15.104037,Raspberry_Relieve1,25.65299345,-100.29012571666667,39.243,0.0,0,100.0,-1,0.0,,,,,,00:07:36,0.51,,3.998454
2026-07-07T16:23:15.604191,Raspberry_Relieve1,25.65299345,-100.29012571666667,39.245,0.0,0,100.0,-1,0.0,,,,,,00:07:37,0.51,,3.998454
2026-07-07T16:23:16.104266,Raspberry_Relieve1,25.65299345,-100.29012571666667,39.245,0.0,0,100.0,-1,0.0,,,,,,00:07:37,0.47,,3.998454
2026-07-07T16:23:16.604374,Raspberry_Relieve1,25.65299345,-100.29012571666667,39.247,0.0,0,100.0,-1,0.0,,,,,,00:07:38,0.5,,3.998454
2026-07-07T16:23:17.104464,Raspberry_Relieve1,25.65299345,-100.29012571666667,39.247,0.0,0,100.0,-1,0.0,,,,,,00:07:38,0.51,,3.998454
2026-07-07T16:23:17.604574,Raspberry_Relieve1,25.65299345,-100.29012571666667,39.25,0.0,0,100.0,-1,0.0,,,,,,00:07:39,0.49,,3.998454
2026-07-07T16:23:18.104665,Raspberry_Relieve1,25.65299345,-100.29012571666667,39.25,0.0,0,100.0,-1,0.0,,,,,,00:07:39,0.5,,3.998454
2026-07-07T16:23:18.604791,Raspberry_Relieve1,25.65299345,-100.29012571666667,39.252,0.0,0,100.0,-1,0.0,,,,,,00:07:40,0.5,,3.998454
2026-07-07T16:23:19.104880,Raspberry_Relieve1,25.65299345,-100.29012571666667,39.252,0.0,0,100.0,-1,0.0,,,,,,00:07:40,0.5,,3.998454
2026-07-07T16:23:19.604990,Raspberry_Relieve1,25.65299345,-100.29012571666667,39.254,0.0,0,100.0,-1,0.0,,,,,,00:07:41,0.51,,3.998454
2026-07-07T16:23:20.105073,Raspberry_Relieve1,25.65299345,-100.29012571666667,39.254,0.0,0,100.0,-1,0.0,,,,,,00:07:41,0.5,,3.998454
2026-07-07T16:23:20.605183,Raspberry_Relieve1,25.65299345,-100.29012571666667,39.257,0.0,0,100.0,-1,0.0,,,,,,00:07:42,0.48,,3.998454
2026-07-07T16:23:21.105289,Raspberry_Relieve1,25.65299345,-100.29012571666667,39.257,0.0,0,100.0,-1,0.0,,,,,,00:07:42,0.52,,3.998454
2026-07-07T16:23:21.605423,Raspberry_Relieve1,25.65299345,-100.29012571666667,39.259,0.0,0,100.0,-1,0.0,,,,,,00:07:43,0.54,,3.998454
2026-07-07T16:23:22.105522,Raspberry_Relieve1,25.65299345,-100.29012571666667,39.259,0.0,0,100.0,-1,0.0,,,,,,00:07:43,0.46,,3.998454
2026-07-07T16:23:22.605627,Raspberry_Relieve1,25.65299345,-100.29012571666667,39.261,0.0,0,100.0,-1,0.0,,,,,,00:07:44,0.5,,3.998454
2026-07-07T16:23:23.105716,Raspberry_Relieve1,25.65299345,-100.29012571666667,39.261,0.0,0,100.0,-1,0.0,,,,,,00:07:44,0.5,,3.998454
2026-07-07T16:23:23.605832,Raspberry_Relieve1,25.65299345,-100.29012571666667,39.262,0.0,0,100.0,-1,0.0,,,,,,00:07:45,0.49,,3.998454
2026-07-07T16:23:24.105911,Raspberry_Relieve1,25.65299345,-100.29012571666667,39.262,0.0,0,100.0,-1,0.0,,,,,,00:07:45,0.49,,3.998454
2026-07-07T16:23:24.606056,Raspberry_Relieve1,25.65299345,-100.29012571666667,39.262,0.0,0,100.0,-1,0.0,,,,,,00:07:46,0.53,,3.998454
2026-07-07T16:23:25.106187,Raspberry_Relieve1,25.65299345,-100.29012571666667,39.262,0.0,0,100.0,-1,0.0,,,,,,00:07:46,0.5,,3.998454
2026-07-07T16:23:25.606396,Raspberry_Relieve1,25.65299345,-100.29012571666667,39.266,0.0,0,100.0,-1,0.0,,,,,,00:07:47,0.5,,3.998454
2026-07-07T16:23:26.106491,Raspberry_Relieve1,25.65299345,-100.29012571666667,39.266,0.0,0,100.0,-1,0.0,,,,,,00:07:47,0.49,,3.998454
2026-07-07T16:23:26.606748,Raspberry_Relieve1,25.65299345,-100.29012571666667,39.268,0.0,0,100.0,-1,0.0,,,,,,00:07:48,0.5,,3.998454
2026-07-07T16:23:27.106811,Raspberry_Relieve1,25.65299345,-100.29012571666667,39.268,0.0,0,100.0,-1,0.0,,,,,,00:07:48,0.5,,3.998454
2026-07-07T16:23:27.606926,Raspberry_Relieve1,25.65299345,-100.29012571666667,39.268,0.0,0,100.0,-1,0.0,,,,,,00:07:49,0.49,,3.998454
2026-07-07T16:23:28.107105,Raspberry_Relieve1,25.65299345,-100.29012571666667,39.268,0.0,0,100.0,-1,0.0,,,,,,00:07:49,0.51,,3.998454
2026-07-07T16:23:28.607210,Raspberry_Relieve1,25.65299345,-100.29012571666667,39.272,0.0,0,100.0,-1,0.0,,,,,,00:07:50,0.52,,3.998454
2026-07-07T16:23:29.107350,Raspberry_Relieve1,25.65299345,-100.29012571666667,39.272,0.0,0,100.0,-1,0.0,,,,,,00:07:50,0.49,,3.998454
2026-07-07T16:23:29.607562,Raspberry_Relieve1,25.65299345,-100.29012571666667,39.274,0.0,0,100.0,-1,0.0,,,,,,00:07:51,0.49,,3.998454
2026-07-07T16:23:30.107698,Raspberry_Relieve1,25.65299345,-100.29012571666667,39.274,0.0,0,100.0,-1,0.0,,,,,,00:07:51,0.51,,3.998454
2026-07-07T16:23:30.607870,Raspberry_Relieve1,25.65299345,-100.29012571666667,39.275,0.0,0,100.0,-1,0.0,,,,,,00:07:52,0.49,,3.998454
2026-07-07T16:23:31.108001,Raspberry_Relieve1,25.65299345,-100.29012571666667,39.275,0.0,0,100.0,-1,0.0,,,,,,00:07:52,0.5,,3.998454
2026-07-07T16:23:31.608113,Raspberry_Relieve1,25.65299345,-100.29012571666667,39.276,0.0,0,100.0,-1,0.0,,,,,,00:07:53,0.51,,3.998454
2026-07-07T16:23:32.108213,Raspberry_Relieve1,25.65299345,-100.29012571666667,39.276,0.0,0,100.0,-1,0.0,,,,,,00:07:53,0.5,,3.998454
2026-07-07T16:23:32.608330,Raspberry_Relieve1,25.65299345,-100.29012571666667,39.277,0.0,0,100.0,-1,0.0,,,,,,00:07:54,0.48,,3.998454
2026-07-07T16:23:33.108429,Raspberry_Relieve1,25.65299345,-100.29012571666667,39.277,0.0,0,100.0,-1,0.0,,,,,,00:07:54,0.5,,3.998454
2026-07-07T16:23:33.608578,Raspberry_Relieve1,25.65299345,-100.29012571666667,39.278,0.0,0,100.0,-1,0.0,,,,,,00:07:55,0.51,,3.998454
2026-07-07T16:23:34.108672,Raspberry_Relieve1,25.65299345,-100.29012571666667,39.278,0.0,0,100.0,-1,0.0,,,,,,00:07:55,0.59,,3.998454
2026-07-07T16:23:34.608807,Raspberry_Relieve1,25.65299345,-100.29012571666667,39.28,0.0,0,100.0,-1,0.0,,,,,,00:07:56,0.4,,3.998454
2026-07-07T16:23:35.108939,Raspberry_Relieve1,25.65299345,-100.29012571666667,39.28,0.0,0,100.0,-1,0.0,,,,,,00:07:56,0.53,,3.998454
2026-07-07T16:23:35.609049,Raspberry_Relieve1,25.65299345,-100.29012571666667,39.28,0.0,0,100.0,-1,0.0,,,,,,00:07:57,0.47,,3.998454
2026-07-07T16:23:36.109137,Raspberry_Relieve1,25.65299345,-100.29012571666667,39.28,0.0,0,100.0,-1,0.0,,,,,,00:07:57,0.53,,3.998454
2026-07-07T16:23:36.609270,Raspberry_Relieve1,25.65299345,-100.29012571666667,39.281,0.0,0,100.0,-1,0.0,,,,,,00:07:58,0.47,,3.998454
2026-07-07T16:23:37.109364,Raspberry_Relieve1,25.65299345,-100.29012571666667,39.281,0.0,0,100.0,-1,0.0,,,,,,00:07:58,0.5,,3.998454
2026-07-07T16:23:37.609519,Raspberry_Relieve1,25.65299345,-100.29012571666667,39.282,0.0,0,100.0,-1,0.0,,,,,,00:07:59,0.51,,3.998454
2026-07-07T16:23:38.109613,Raspberry_Relieve1,25.65299345,-100.29012571666667,39.282,0.0,0,100.0,-1,0.0,,,,,,00:07:59,0.5,,3.998454
2026-07-07T16:23:38.609815,Raspberry_Relieve1,25.65299345,-100.29012571666667,39.285,0.0,0,100.0,-1,0.0,,,,,,00:08:00,0.51,,3.998454
2026-07-07T16:23:39.109921,Raspberry_Relieve1,25.65299345,-100.29012571666667,39.285,0.0,0,100.0,-1,0.0,,,,,,00:08:00,0.49,,3.998454
2026-07-07T16:23:39.610106,Raspberry_Relieve1,25.65299345,-100.29012571666667,39.286,0.0,0,100.0,-1,0.0,,,,,,00:08:01,0.5,,3.998454
2026-07-07T16:23:40.110201,Raspberry_Relieve1,25.65299345,-100.29012571666667,39.286,0.0,0,100.0,-1,0.0,,,,,,00:08:01,0.49,,3.998454
2026-07-07T16:23:40.610328,Raspberry_Relieve1,25.65299345,-100.29012571666667,39.287,0.0,0,100.0,-1,0.0,,,,,,00:08:02,0.5,,3.998454
2026-07-07T16:23:41.110415,Raspberry_Relieve1,25.65299345,-100.29012571666667,39.287,0.0,0,100.0,-1,0.0,,,,,,00:08:02,0.52,,3.998454
2026-07-07T16:23:41.610544,Raspberry_Relieve1,25.65299345,-100.29012571666667,39.288,0.0,0,100.0,-1,0.0,,,,,,00:08:03,0.48,,3.998454
2026-07-07T16:23:42.110632,Raspberry_Relieve1,25.65299345,-100.29012571666667,39.288,0.0,0,100.0,-1,0.0,,,,,,00:08:03,0.49,,3.998454
2026-07-07T16:23:42.610794,Raspberry_Relieve1,25.65299345,-100.29012571666667,39.289,0.0,0,100.0,-1,0.0,,,,,,00:08:04,0.5,,3.998454
2026-07-07T16:23:43.110859,Raspberry_Relieve1,25.65299345,-100.29012571666667,39.289,0.0,0,100.0,-1,0.0,,,,,,00:08:04,0.51,,3.998454
2026-07-07T16:23:43.610974,Raspberry_Relieve1,25.65299345,-100.29012571666667,39.29,0.0,0,100.0,-1,0.0,,,,,,00:08:05,0.49,,3.998454
2026-07-07T16:23:44.111067,Raspberry_Relieve1,25.65299345,-100.29012571666667,39.29,0.0,0,100.0,-1,0.0,,,,,,00:08:05,0.51,,3.998454
2026-07-07T16:23:44.611208,Raspberry_Relieve1,25.65299345,-100.29012571666667,39.291,0.0,0,100.0,-1,0.0,,,,,,00:08:06,0.48,,3.998454
2026-07-07T16:23:45.111287,Raspberry_Relieve1,25.65299345,-100.29012571666667,39.291,0.0,0,100.0,-1,0.0,,,,,,00:08:06,0.5,,3.998454
2026-07-07T16:23:45.611404,Raspberry_Relieve1,25.65299345,-100.29012571666667,39.292,0.0,0,100.0,-1,0.0,,,,,,00:08:07,0.52,,3.998454
2026-07-07T16:23:46.111506,Raspberry_Relieve1,25.65299345,-100.29012571666667,39.292,0.0,0,100.0,-1,0.0,,,,,,00:08:07,0.49,,3.998454
2026-07-07T16:23:46.611683,Raspberry_Relieve1,25.65299345,-100.29012571666667,39.295,0.0,0,100.0,-1,0.0,,,,,,00:08:08,0.51,,3.998454
2026-07-07T16:23:47.111788,Raspberry_Relieve1,25.65299345,-100.29012571666667,39.295,0.0,0,100.0,-1,0.0,,,,,,00:08:08,0.5,,3.998454
2026-07-07T16:23:47.611905,Raspberry_Relieve1,25.65299345,-100.29012571666667,39.294,0.0,0,100.0,-1,0.0,,,,,,00:08:09,0.51,,3.998454
2026-07-07T16:23:48.111985,Raspberry_Relieve1,25.65299345,-100.29012571666667,39.294,0.0,0,100.0,-1,0.0,,,,,,00:08:09,0.5,,3.998454
2026-07-07T16:23:48.612099,Raspberry_Relieve1,25.65299345,-100.29012571666667,39.295,0.0,0,100.0,-1,0.0,,,,,,00:08:10,0.52,,3.998454
2026-07-07T16:23:49.112203,Raspberry_Relieve1,25.65299345,-100.29012571666667,39.295,0.0,0,100.0,-1,0.0,,,,,,00:08:10,0.49,,3.998454
2026-07-07T16:23:49.612385,Raspberry_Relieve1,25.65299345,-100.29012571666667,39.296,0.0,0,100.0,-1,0.0,,,,,,00:08:11,0.5,,3.998454
2026-07-07T16:23:50.112472,Raspberry_Relieve1,25.65299345,-100.29012571666667,39.296,0.0,0,100.0,-1,0.0,,,,,,00:08:11,0.5,,3.998454
2026-07-07T16:23:50.612584,Raspberry_Relieve1,25.65299345,-100.29012571666667,39.297,0.0,0,100.0,-1,0.0,,,,,,00:08:12,0.49,,3.998454
2026-07-07T16:23:51.112678,Raspberry_Relieve1,25.65299345,-100.29012571666667,39.297,0.0,0,100.0,-1,0.0,,,,,,00:08:12,0.5,,3.998454
2026-07-07T16:23:51.612818,Raspberry_Relieve1,25.65299345,-100.29012571666667,39.298,0.0,0,100.0,-1,0.0,,,,,,00:08:13,0.5,,3.998454
2026-07-07T16:23:52.112908,Raspberry_Relieve1,25.65299345,-100.29012571666667,39.298,0.0,0,100.0,-1,0.0,,,,,,00:08:13,0.5,,3.998454
2026-07-07T16:23:52.613039,Raspberry_Relieve1,25.65299345,-100.29012571666667,39.299,0.0,0,100.0,-1,0.0,,,,,,00:08:14,0.5,,3.998454
2026-07-07T16:23:53.113130,Raspberry_Relieve1,25.65299345,-100.29012571666667,39.299,0.0,0,100.0,-1,0.0,,,,,,00:08:14,0.5,,3.998454
2026-07-07T16:23:53.613299,Raspberry_Relieve1,25.65299345,-100.29012571666667,39.3,0.0,0,100.0,-1,0.0,,,,,,00:08:15,0.5,,3.998454
2026-07-07T16:23:54.113397,Raspberry_Relieve1,25.65299345,-100.29012571666667,39.3,0.0,0,100.0,-1,0.0,,,,,,00:08:15,0.5,,3.998454
2026-07-07T16:23:54.613581,Raspberry_Relieve1,25.65299345,-100.29012571666667,39.3,0.0,0,100.0,-1,0.0,,,,,,00:08:16,0.5,,3.998454
2026-07-07T16:23:55.113683,Raspberry_Relieve1,25.65299345,-100.29012571666667,39.3,0.0,0,100.0,-1,0.0,,,,,,00:08:16,0.54,,3.998454
2026-07-07T16:23:55.613816,Raspberry_Relieve1,25.65299345,-100.29012571666667,39.302,0.0,0,100.0,-1,0.0,,,,,,00:08:17,0.45,,3.998454
2026-07-07T16:23:56.113985,Raspberry_Relieve1,25.65299345,-100.29012571666667,39.302,0.0,0,100.0,-1,0.0,,,,,,00:08:17,0.5,,3.998454
2026-07-07T16:23:56.614126,Raspberry_Relieve1,25.65299345,-100.29012571666667,39.302,0.0,0,100.0,-1,0.0,,,,,,00:08:18,0.51,,3.998454
2026-07-07T16:23:57.114209,Raspberry_Relieve1,25.65299345,-100.29012571666667,39.302,0.0,0,100.0,-1,0.0,,,,,,00:08:18,0.5,,3.998454
2026-07-07T16:23:57.614337,Raspberry_Relieve1,25.65299345,-100.29012571666667,39.303,0.0,0,100.0,-1,0.0,,,,,,00:08:19,0.51,,3.998454
2026-07-07T16:23:58.114489,Raspberry_Relieve1,25.65299345,-100.29012571666667,39.303,0.0,0,100.0,-1,0.0,,,,,,00:08:19,0.48,,3.998454
2026-07-07T16:23:58.614613,Raspberry_Relieve1,25.65299345,-100.29012571666667,37.117,14.299,531,100.0,-1,0.0,,,,,,00:08:20,0.5,0.074062,4.072517
2026-07-07T16:23:59.114709,Raspberry_Relieve1,25.65299345,-100.29012571666667,37.117,14.299,531,100.0,-1,0.0,,,,,,00:08:20,0.5,0.074183,4.1467
2026-07-07T16:23:59.614849,Raspberry_Relieve1,25.65299345,-100.29012571666667,36.847,18.806,693,100.0,-1,0.0,,,,,,00:08:21,0.51,0.098829,4.245529
2026-07-07T16:24:00.115012,Raspberry_Relieve1,25.65299345,-100.29012571666667,36.847,18.806,693,100.0,-1,0.0,,,,,,00:08:21,0.49,0.094608,4.340137
2026-07-07T16:24:00.615160,Raspberry_Relieve1,25.65299345,-100.29012571666667,36.81,19.082,702,100.0,-1,0.0,,,,,,00:08:22,0.49,0.096236,4.436372
2026-07-07T16:24:01.115351,Raspberry_Relieve1,25.65299345,-100.29012571666667,36.81,19.082,702,100.0,-1,0.0,,,,,,00:08:22,0.51,0.099749,4.536121
2026-07-07T16:24:01.615464,Raspberry_Relieve1,25.65299345,-100.29012571666667,36.781,19.098,702,100.0,-1,0.0,,,,,,00:08:23,0.52,0.10108,4.637201
2026-07-07T16:24:02.115556,Raspberry_Relieve1,25.65299345,-100.29012571666667,36.781,19.098,702,100.0,-1,0.0,,,,,,00:08:23,0.5,0.097747,4.734949
2026-07-07T16:24:02.615755,Raspberry_Relieve1,25.65299345,-100.29012571666667,36.745,19.098,702,100.0,-1,0.0,,,,,,00:08:24,0.48,0.094496,4.829445
2026-07-07T16:24:03.115836,Raspberry_Relieve1,25.65299345,-100.29012571666667,36.745,19.098,702,100.0,-1,0.0,,,,,,00:08:24,0.5,0.098194,4.927639
2026-07-07T16:24:03.615972,Raspberry_Relieve1,25.65299345,-100.29012571666667,39.558,1.119,44,100.0,-1,0.0,,,,,,00:08:25,0.53,0.00652,4.934159
2026-07-07T16:24:04.116064,Raspberry_Relieve1,25.65299345,-100.29012571666667,39.558,1.119,44,100.0,-1,0.0,,,,,,00:08:25,0.52,0.006304,4.940463
2026-07-07T16:24:04.616180,Raspberry_Relieve1,25.65299345,-100.29012571666667,37.424,5.965,223,100.0,14400,0.001,,,,,,00:08:26,0.47,0.028863,4.969326
2026-07-07T16:24:05.116269,Raspberry_Relieve1,25.65299345,-100.29012571666667,37.424,5.965,223,100.0,14400,0.001,,,,,,00:08:26,0.5,0.031151,5.000478
2026-07-07T16:24:05.616389,Raspberry_Relieve1,25.65299345,-100.29012571666667,36.748,18.276,672,100.0,-1,0.0,,,,,,00:08:27,0.5,0.092612,5.09309
2026-07-07T16:24:06.116526,Raspberry_Relieve1,25.65299345,-100.29012571666667,36.748,18.276,672,100.0,-1,0.0,,,,,,00:08:27,0.51,0.09525,5.18834
2026-07-07T16:24:06.616666,Raspberry_Relieve1,25.65299345,-100.29012571666667,39.426,0.0,0,100.0,-1,0.0,,,,,,00:08:28,0.5,,5.18834
2026-07-07T16:24:07.116761,Raspberry_Relieve1,25.65299345,-100.29012571666667,39.426,0.0,0,100.0,-1,0.0,,,,,,00:08:28,0.47,,5.18834
2026-07-07T16:24:07.616861,Raspberry_Relieve1,25.65299345,-100.29012571666667,36.786,11.47,422,100.0,14400,0.0,,,,,,00:08:29,0.51,0.059388,5.247728
2026-07-07T16:24:08.117032,Raspberry_Relieve1,25.65299345,-100.29012571666667,36.786,11.47,422,100.0,14400,0.0,,,,,,00:08:29,0.5,0.058807,5.306535
2026-07-07T16:24:08.617153,Raspberry_Relieve1,25.65299345,-100.29012571666667,39.255,0.45,18,100.0,-1,0.0,,,,,,00:08:30,0.49,0.002434,5.308969
2026-07-07T16:24:09.117264,Raspberry_Relieve1,25.65299345,-100.29012571666667,39.255,0.45,18,100.0,-1,0.0,,,,,,00:08:30,0.52,0.002597,5.311566
2026-07-07T16:24:09.617415,Raspberry_Relieve1,25.65299345,-100.29012571666667,39.229,-0.666,-26,100.0,14400,0.0,,,,,,00:08:31,0.49,-0.003506,5.308059
2026-07-07T16:24:10.117509,Raspberry_Relieve1,25.65299345,-100.29012571666667,39.229,-0.666,-26,100.0,14400,0.0,,,,,,00:08:31,0.51,-0.003665,5.304394
2026-07-07T16:24:10.617619,Raspberry_Relieve1,25.65299345,-100.29012571666667,36.745,17.419,640,100.0,-1,0.0,,,,,,00:08:32,0.53,0.094215,5.39861
2026-07-07T16:24:11.117713,Raspberry_Relieve1,25.65299345,-100.29012571666667,36.745,17.419,640,100.0,-1,0.0,,,,,,00:08:32,0.48,0.08518,5.48379
2026-07-07T16:24:39.694658,Raspberry_Relieve1,25.65299345,-100.29012571666667,39.005,-0.376,-15,100.0,-1,0.0,,,,,,00:09:01,28.72,-0.119664,5.364126
2026-07-07T16:24:40.194785,Raspberry_Relieve1,25.65299345,-100.29012571666667,39.005,-0.376,-15,100.0,-1,0.0,,,,,,00:09:01,0.34,-0.001421,5.362705
2026-07-07T16:24:40.694884,Raspberry_Relieve1,25.65299345,-100.29012571666667,38.891,4.468,174,100.0,-1,0.0,,,,,,00:09:02,0.49,0.023791,5.386496
2026-07-07T16:24:41.194991,Raspberry_Relieve1,25.65299345,-100.29012571666667,38.891,4.468,174,100.0,-1,0.0,,,,,,00:09:02,0.49,0.023622,5.410118
2026-07-07T16:24:41.695115,Raspberry_Relieve1,25.65299345,-100.29012571666667,38.918,0.248,10,100.0,-1,0.0,,,,,,00:09:03,0.52,0.001431,5.411549
2026-07-07T16:24:42.195235,Raspberry_Relieve1,25.65299345,-100.29012571666667,38.918,0.248,10,100.0,-1,0.0,,,,,,00:09:03,0.48,0.001321,5.412871
2026-07-07T16:24:42.695360,Raspberry_Relieve1,25.65299345,-100.29012571666667,38.931,0.0,0,100.0,-1,0.0,,,,,,00:09:04,0.51,,5.412871
2026-07-07T16:24:43.195436,Raspberry_Relieve1,25.65299345,-100.29012571666667,38.931,0.0,0,100.0,-1,0.0,,,,,,00:09:04,0.47,,5.412871
2026-07-07T16:24:43.695541,Raspberry_Relieve1,25.65299345,-100.29012571666667,38.944,0.0,0,100.0,-1,0.0,,,,,,00:09:05,0.53,,5.412871
2026-07-07T16:24:44.195626,Raspberry_Relieve1,25.65299345,-100.29012571666667,38.944,0.0,0,100.0,-1,0.0,,,,,,00:09:05,0.48,,5.412871
2026-07-07T16:24:44.695728,Raspberry_Relieve1,25.65299345,-100.29012571666667,38.953,0.0,0,100.0,-1,0.0,,,,,,00:09:06,0.5,,5.412871
2026-07-07T16:24:45.195799,Raspberry_Relieve1,25.65299345,-100.29012571666667,38.953,0.0,0,100.0,-1,0.0,,,,,,00:09:06,0.51,,5.412871
2026-07-07T16:24:45.695905,Raspberry_Relieve1,25.65299345,-100.29012571666667,38.963,0.0,0,100.0,-1,0.0,,,,,,00:09:07,0.48,,5.412871
2026-07-07T16:24:46.195978,Raspberry_Relieve1,25.65299345,-100.29012571666667,38.963,0.0,0,100.0,-1,0.0,,,,,,00:09:07,0.51,,5.412871
2026-07-07T16:24:46.696081,Raspberry_Relieve1,25.65299345,-100.29012571666667,38.971,0.0,0,100.0,-1,0.0,,,,,,00:09:08,0.51,,5.412871
2026-07-07T16:24:47.196142,Raspberry_Relieve1,25.65299345,-100.29012571666667,38.971,0.0,0,100.0,-1,0.0,,,,,,00:09:08,0.48,,5.412871
2026-07-07T16:24:47.696248,Raspberry_Relieve1,25.65299345,-100.29012571666667,38.979,0.0,0,100.0,-1,0.0,,,,,,00:09:09,0.52,,5.412871
2026-07-07T16:24:48.196364,Raspberry_Relieve1,25.65299345,-100.29012571666667,38.979,0.0,0,100.0,-1,0.0,,,,,,00:09:09,0.5,,5.412871
2026-07-07T16:24:48.696521,Raspberry_Relieve1,25.65299345,-100.29012571666667,38.987,0.0,0,100.0,-1,0.0,,,,,,00:09:10,0.51,,5.412871
2026-07-07T16:24:49.196649,Raspberry_Relieve1,25.65299345,-100.29012571666667,38.987,0.0,0,100.0,-1,0.0,,,,,,00:09:10,0.5,,5.412871
2026-07-07T16:24:49.696775,Raspberry_Relieve1,25.65299345,-100.29012571666667,38.995,0.0,0,100.0,-1,0.0,,,,,,00:09:11,0.48,,5.412871
2026-07-07T16:24:50.196861,Raspberry_Relieve1,25.65299345,-100.29012571666667,38.995,0.0,0,100.0,-1,0.0,,,,,,00:09:11,0.52,,5.412871
2026-07-07T16:24:50.697008,Raspberry_Relieve1,25.65299345,-100.29012571666667,39.001,0.0,0,100.0,-1,0.0,,,,,,00:09:12,0.49,,5.412871
2026-07-07T16:24:51.197095,Raspberry_Relieve1,25.65299345,-100.29012571666667,39.001,0.0,0,100.0,-1,0.0,,,,,,00:09:12,0.5,,5.412871
2026-07-07T16:24:51.697236,Raspberry_Relieve1,25.65299345,-100.29012571666667,39.008,0.0,0,100.0,-1,0.0,,,,,,00:09:13,0.5,,5.412871
2026-07-07T16:24:52.197350,Raspberry_Relieve1,25.65299345,-100.29012571666667,39.008,0.0,0,100.0,-1,0.0,,,,,,00:09:13,0.51,,5.412871
2026-07-07T16:24:52.697490,Raspberry_Relieve1,25.65299345,-100.29012571666667,38.535,4.361,168,100.0,-1,0.0,,,,,,00:09:14,0.51,0.023767,5.436638
2026-07-07T16:24:53.197592,Raspberry_Relieve1,25.65299345,-100.29012571666667,38.535,4.361,168,100.0,-1,0.0,,,,,,00:09:14,0.49,0.022688,5.459325
2026-07-07T16:24:53.697710,Raspberry_Relieve1,25.65299345,-100.29012571666667,38.54,7.779,300,100.0,-1,0.0,,,,,,00:09:15,0.5,0.042005,5.50133
2026-07-07T16:24:54.197800,Raspberry_Relieve1,25.65299345,-100.29012571666667,38.54,7.779,300,100.0,-1,0.0,,,,,,00:09:15,0.52,0.043292,5.544622
2026-07-07T16:24:54.697996,Raspberry_Relieve1,25.65299345,-100.29012571666667,36.578,18.406,673,100.0,-1,0.0,,,,,,00:09:16,0.48,0.089139,5.633761
2026-07-07T16:24:55.198082,Raspberry_Relieve1,25.65299345,-100.29012571666667,36.578,18.406,673,100.0,-1,0.0,,,,,,00:09:16,0.52,0.096277,5.730038
2026-07-07T16:24:55.698295,Raspberry_Relieve1,25.65299345,-100.29012571666667,38.937,2.119,82,100.0,-1,0.0,,,,,,00:09:17,0.51,0.011534,5.741572
2026-07-07T16:24:56.198373,Raspberry_Relieve1,25.65299345,-100.29012571666667,38.937,2.119,82,100.0,-1,0.0,,,,,,00:09:17,0.52,0.011956,5.753528
2026-07-07T16:24:56.698546,Raspberry_Relieve1,25.65299345,-100.29012571666667,38.962,0.101,4,100.0,-1,0.0,,,,,,00:09:18,0.47,0.000524,5.754052
2026-07-07T16:24:57.198647,Raspberry_Relieve1,25.65299345,-100.29012571666667,38.962,0.101,4,100.0,-1,0.0,,,,,,00:09:18,0.5,0.000551,5.754603
2026-07-07T16:24:57.698841,Raspberry_Relieve1,25.65299345,-100.29012571666667,36.623,10.732,393,100.0,-1,0.0,,,,,,00:09:19,0.49,0.05401,5.808613
2026-07-07T16:24:58.198935,Raspberry_Relieve1,25.65299345,-100.29012571666667,36.623,10.732,393,100.0,-1,0.0,,,,,,00:09:19,0.51,0.055364,5.863977
2026-07-07T16:24:58.699070,Raspberry_Relieve1,25.65299345,-100.29012571666667,38.206,4.523,173,100.0,-1,0.0,,,,,,00:09:20,0.52,0.02492,5.888897
2026-07-07T16:24:59.199205,Raspberry_Relieve1,25.65299345,-100.29012571666667,38.206,4.523,173,100.0,-1,0.0,,,,,,00:09:20,0.47,0.022764,5.911661
2026-07-07T16:24:59.699356,Raspberry_Relieve1,25.65299345,-100.29012571666667,38.883,1.824,71,100.0,-1,0.0,,,,,,00:09:21,0.5,0.009951,5.921612
2026-07-07T16:25:00.199487,Raspberry_Relieve1,25.65299345,-100.29012571666667,38.883,1.824,71,100.0,-1,0.0,,,,,,00:09:21,0.49,0.009757,5.931368
2026-07-07T16:25:00.699647,Raspberry_Relieve1,25.65299345,-100.29012571666667,38.869,5.649,220,100.0,-1,0.0,,,,,,00:09:22,0.51,0.030875,5.962244
2026-07-07T16:25:01.199759,Raspberry_Relieve1,25.65299345,-100.29012571666667,38.869,5.649,220,100.0,-1,0.0,,,,,,00:09:22,0.51,0.031096,5.99334
2026-07-07T16:25:01.699894,Raspberry_Relieve1,25.65299345,-100.29012571666667,38.805,5.541,215,100.0,-1,0.0,,,,,,00:09:23,0.48,0.028634,6.021974
2026-07-07T16:25:02.200037,Raspberry_Relieve1,25.65299345,-100.29012571666667,38.805,5.541,215,100.0,-1,0.0,,,,,,00:09:23,0.52,0.030923,6.052897
2026-07-07T16:25:02.700176,Raspberry_Relieve1,25.65299345,-100.29012571666667,38.809,6.055,235,100.0,-1,0.0,,,,,,00:09:24,0.52,0.03383,6.086727
2026-07-07T16:25:03.200266,Raspberry_Relieve1,25.65299345,-100.29012571666667,38.809,6.055,235,100.0,-1,0.0,,,,,,00:09:24,0.47,0.030929,6.117656
2026-07-07T16:25:03.700413,Raspberry_Relieve1,25.65299345,-100.29012571666667,37.415,9.23,345,100.0,-1,0.0,,,,,,00:09:25,0.52,0.049517,6.167173
2026-07-07T16:25:04.200511,Raspberry_Relieve1,25.65299345,-100.29012571666667,37.415,9.23,345,100.0,-1,0.0,,,,,,00:09:25,0.49,0.046643,6.213816
2026-07-07T16:25:04.700653,Raspberry_Relieve1,25.65299345,-100.29012571666667,38.892,4.482,174,100.0,-1,0.0,,,,,,00:09:26,0.49,0.023858,6.237674
2026-07-07T16:25:05.200735,Raspberry_Relieve1,25.65299345,-100.29012571666667,38.892,4.482,174,100.0,-1,0.0,,,,,,00:09:26,0.51,0.024563,6.262237
2026-07-07T16:25:05.700899,Raspberry_Relieve1,25.65299345,-100.29012571666667,36.537,16.44,601,100.0,-1,0.0,,,,,,00:09:27,0.51,0.084956,6.347193
2026-07-07T16:25:06.200998,Raspberry_Relieve1,25.65299345,-100.29012571666667,36.537,16.44,601,100.0,-1,0.0,,,,,,00:09:27,0.48,0.079939,6.427132
2026-07-07T16:25:06.701146,Raspberry_Relieve1,25.65299345,-100.29012571666667,38.848,7.951,309,100.0,-1,0.0,,,,,,00:09:28,0.51,0.04371,6.470842
2026-07-07T16:25:07.201240,Raspberry_Relieve1,25.65299345,-100.29012571666667,38.848,7.951,309,100.0,-1,0.0,,,,,,00:09:28,0.49,0.042101,6.512943
2026-07-07T16:25:07.701363,Raspberry_Relieve1,25.65299345,-100.29012571666667,36.519,16.187,591,100.0,-1,0.0,,,,,,00:09:29,0.5,0.081604,6.594547
2026-07-07T16:25:08.201466,Raspberry_Relieve1,25.65299345,-100.29012571666667,36.519,16.187,591,100.0,-1,0.0,,,,,,00:09:29,0.5,0.082668,6.677215
2026-07-07T16:25:08.701584,Raspberry_Relieve1,25.65299345,-100.29012571666667,36.489,18.929,691,100.0,-1,0.0,,,,,,00:09:30,0.51,0.097559,6.774774
2026-07-07T16:25:09.201687,Raspberry_Relieve1,25.65299345,-100.29012571666667,36.489,18.929,691,100.0,-1,0.0,,,,,,00:09:30,0.49,0.093605,6.868379
2026-07-07T16:25:09.701821,Raspberry_Relieve1,25.65299345,-100.29012571666667,36.463,19.101,696,100.0,-1,0.0,,,,,,00:09:31,0.5,0.096329,6.964708
2026-07-07T16:25:10.201926,Raspberry_Relieve1,25.65299345,-100.29012571666667,36.463,19.101,696,100.0,-1,0.0,,,,,,00:09:31,0.53,0.103003,7.067711
2026-07-07T16:25:10.702031,Raspberry_Relieve1,25.65299345,-100.29012571666667,36.441,19.114,697,100.0,-1,0.0,,,,,,00:09:32,0.48,0.093838,7.161549
2026-07-07T16:25:11.202141,Raspberry_Relieve1,25.65299345,-100.29012571666667,36.441,19.114,697,100.0,-1,0.0,,,,,,00:09:32,0.49,0.095665,7.257214
2026-07-07T16:25:11.702284,Raspberry_Relieve1,25.65299345,-100.29012571666667,36.562,18.492,676,100.0,-1,0.0,,,,,,00:09:33,0.54,0.102165,7.359379
2026-07-07T16:25:12.202364,Raspberry_Relieve1,25.65299345,-100.29012571666667,36.562,18.492,676,100.0,-1,0.0,,,,,,00:09:33,0.47,0.08792,7.447299
2026-07-07T16:25:12.702534,Raspberry_Relieve1,25.65299345,-100.29012571666667,36.45,12.553,458,100.0,-1,0.0,,,,,,00:09:34,0.49,0.062739,7.510039
2026-07-07T16:25:13.202638,Raspberry_Relieve1,25.65299345,-100.29012571666667,36.45,12.553,458,100.0,-1,0.0,,,,,,00:09:34,0.5,0.063585,7.573624
2026-07-07T16:25:13.702791,Raspberry_Relieve1,25.65299345,-100.29012571666667,38.771,5.534,215,100.0,-1,0.0,,,,,,00:09:35,0.49,0.029431,7.603055
2026-07-07T16:25:14.202864,Raspberry_Relieve1,25.65299345,-100.29012571666667,38.771,5.534,215,100.0,-1,0.0,,,,,,00:09:35,0.5,0.029576,7.632631
2026-07-07T16:25:14.702993,Raspberry_Relieve1,25.65299345,-100.29012571666667,39.014,-1.149,-45,100.0,-1,0.0,,,,,,00:09:36,0.5,-0.006191,7.62644
2026-07-07T16:25:15.203112,Raspberry_Relieve1,25.65299345,-100.29012571666667,39.014,-1.149,-45,100.0,-1,0.0,,,,,,00:09:36,0.52,-0.006518,7.619922
2026-07-07T16:25:15.703285,Raspberry_Relieve1,25.65299345,-100.29012571666667,38.84,-0.193,-8,100.0,14400,0.0,,,,,,00:09:37,0.51,-0.001123,7.618799
2026-07-07T16:25:16.203394,Raspberry_Relieve1,25.65299345,-100.29012571666667,38.84,-0.193,-8,100.0,14400,0.0,,,,,,00:09:37,0.48,-0.001061,7.617738
2026-07-07T16:25:16.703543,Raspberry_Relieve1,25.65299345,-100.29012571666667,38.857,0.0,0,100.0,-1,0.0,,,,,,00:09:38,0.5,,7.617738
2026-07-07T16:25:17.203652,Raspberry_Relieve1,25.65299345,-100.29012571666667,38.857,0.0,0,100.0,-1,0.0,,,,,,00:09:38,0.51,,7.617738
2026-07-07T16:25:17.703761,Raspberry_Relieve1,25.65299345,-100.29012571666667,38.869,0.0,0,100.0,-1,0.0,,,,,,00:09:39,0.49,,7.617738
2026-07-07T16:25:18.203875,Raspberry_Relieve1,25.65299345,-100.29012571666667,38.869,0.0,0,100.0,-1,0.0,,,,,,00:09:39,0.51,,7.617738
2026-07-07T16:25:18.703995,Raspberry_Relieve1,25.65299345,-100.29012571666667,38.882,0.0,0,100.0,-1,0.0,,,,,,00:09:40,0.49,,7.617738
2026-07-07T16:25:19.204099,Raspberry_Relieve1,25.65299345,-100.29012571666667,38.882,0.0,0,100.0,-1,0.0,,,,,,00:09:40,0.5,,7.617738
2026-07-07T16:25:19.704242,Raspberry_Relieve1,25.65299345,-100.29012571666667,38.893,0.0,0,100.0,-1,0.0,,,,,,00:09:41,0.51,,7.617738
2026-07-07T16:25:20.204347,Raspberry_Relieve1,25.65299345,-100.29012571666667,38.893,0.0,0,100.0,-1,0.0,,,,,,00:09:41,0.49,,7.617738
2026-07-07T16:25:20.704510,Raspberry_Relieve1,25.65299345,-100.29012571666667,38.903,0.0,0,100.0,-1,0.0,,,,,,00:09:42,0.5,,7.617738
2026-07-07T16:25:21.204608,Raspberry_Relieve1,25.65299345,-100.29012571666667,38.903,0.0,0,100.0,-1,0.0,,,,,,00:09:42,0.52,,7.617738
2026-07-07T16:25:21.704795,Raspberry_Relieve1,25.65299345,-100.29012571666667,38.911,0.0,0,100.0,-1,0.0,,,,,,00:09:43,0.49,,7.617738
2026-07-07T16:25:22.204895,Raspberry_Relieve1,25.65299345,-100.29012571666667,38.911,0.0,0,100.0,-1,0.0,,,,,,00:09:43,0.5,,7.617738
2026-07-07T16:25:22.705025,Raspberry_Relieve1,25.65299345,-100.29012571666667,38.921,0.0,0,100.0,-1,0.0,,,,,,00:09:44,0.51,,7.617738
2026-07-07T16:25:23.205130,Raspberry_Relieve1,25.65299345,-100.29012571666667,38.921,0.0,0,100.0,-1,0.0,,,,,,00:09:44,0.5,,7.617738
2026-07-07T16:25:23.705254,Raspberry_Relieve1,25.65299345,-100.29012571666667,38.929,0.0,0,100.0,-1,0.0,,,,,,00:09:45,0.5,,7.617738
2026-07-07T16:25:24.205350,Raspberry_Relieve1,25.65299345,-100.29012571666667,38.929,0.0,0,100.0,-1,0.0,,,,,,00:09:45,0.52,,7.617738
2026-07-07T16:25:24.705489,Raspberry_Relieve1,25.65299345,-100.29012571666667,38.935,0.0,0,100.0,-1,0.0,,,,,,00:09:46,0.48,,7.617738
2026-07-07T16:25:25.205597,Raspberry_Relieve1,25.65299345,-100.29012571666667,38.935,0.0,0,100.0,-1,0.0,,,,,,00:09:46,0.49,,7.617738
2026-07-07T16:25:25.705734,Raspberry_Relieve1,25.65299345,-100.29012571666667,38.943,0.0,0,100.0,-1,0.0,,,,,,00:09:47,0.5,,7.617738
2026-07-07T16:25:26.205835,Raspberry_Relieve1,25.65299345,-100.29012571666667,38.943,0.0,0,100.0,-1,0.0,,,,,,00:09:47,0.51,,7.617738
2026-07-07T16:25:26.705974,Raspberry_Relieve1,25.65299345,-100.29012571666667,38.949,0.0,0,100.0,-1,0.0,,,,,,00:09:48,0.54,,7.617738
2026-07-07T16:25:27.206117,Raspberry_Relieve1,25.65299345,-100.29012571666667,38.949,0.0,0,100.0,-1,0.0,,,,,,00:09:48,0.46,,7.617738
2026-07-07T16:25:27.706255,Raspberry_Relieve1,25.65299345,-100.29012571666667,38.954,0.0,0,100.0,-1,0.0,,,,,,00:09:49,0.5,,7.617738
2026-07-07T16:25:28.206349,Raspberry_Relieve1,25.65299345,-100.29012571666667,38.954,0.0,0,100.0,-1,0.0,,,,,,00:09:49,0.5,,7.617738
2026-07-07T16:25:28.706449,Raspberry_Relieve1,25.65299345,-100.29012571666667,38.961,0.0,0,100.0,-1,0.0,,,,,,00:09:50,0.52,,7.617738
2026-07-07T16:25:29.206821,Raspberry_Relieve1,25.65299345,-100.29012571666667,38.966,0.0,0,100.0,-1,0.0,,,,,,00:09:50,0.48,,7.617738
2026-07-07T16:25:29.706939,Raspberry_Relieve1,25.65299345,-100.29012571666667,38.966,0.0,0,100.0,-1,0.0,,,,,,00:09:51,0.5,,7.617738
2026-07-07T16:25:30.207030,Raspberry_Relieve1,25.65299345,-100.29012571666667,38.971,0.0,0,100.0,-1,0.0,,,,,,00:09:51,0.54,,7.617738
2026-07-07T16:25:30.707160,Raspberry_Relieve1,25.65299345,-100.29012571666667,38.971,0.0,0,100.0,-1,0.0,,,,,,00:09:52,0.46,,7.617738
2026-07-07T16:25:31.207256,Raspberry_Relieve1,25.65299345,-100.29012571666667,38.975,0.0,0,100.0,-1,0.0,,,,,,00:09:52,0.51,,7.617738
2026-07-07T16:25:31.707376,Raspberry_Relieve1,25.65299345,-100.29012571666667,38.975,0.0,0,100.0,-1,0.0,,,,,,00:09:53,0.49,,7.617738
2026-07-07T16:25:32.207468,Raspberry_Relieve1,25.65299345,-100.29012571666667,38.98,0.0,0,100.0,-1,0.0,,,,,,00:09:53,0.53,,7.617738
2026-07-07T16:25:32.707577,Raspberry_Relieve1,25.65299345,-100.29012571666667,38.98,0.0,0,100.0,-1,0.0,,,,,,00:09:54,0.48,,7.617738
2026-07-07T16:25:33.207673,Raspberry_Relieve1,25.65299345,-100.29012571666667,38.974,0.626,24,100.0,-1,0.0,,,,,,00:09:54,0.51,0.003389,7.621127
2026-07-07T16:25:33.707787,Raspberry_Relieve1,25.65299345,-100.29012571666667,38.974,0.626,24,100.0,-1,0.0,,,,,,00:09:55,0.48,0.003227,7.624353
2026-07-07T16:25:34.207881,Raspberry_Relieve1,25.65299345,-100.29012571666667,38.991,0.0,0,100.0,-1,0.0,,,,,,00:09:55,0.5,,7.624353
2026-07-07T16:25:34.707997,Raspberry_Relieve1,25.65299345,-100.29012571666667,38.991,0.0,0,100.0,-1,0.0,,,,,,00:09:56,0.56,,7.624353
2026-07-07T16:25:35.208090,Raspberry_Relieve1,25.65299345,-100.29012571666667,38.992,0.0,0,100.0,-1,0.0,,,,,,00:09:56,0.45,,7.624353
2026-07-07T16:25:35.708216,Raspberry_Relieve1,25.65299345,-100.29012571666667,38.992,0.0,0,100.0,-1,0.0,,,,,,00:09:57,0.5,,7.624353
2026-07-07T16:25:36.208305,Raspberry_Relieve1,25.65299345,-100.29012571666667,38.995,0.0,0,100.0,-1,0.0,,,,,,00:09:57,0.5,,7.624353
2026-07-07T16:25:36.708423,Raspberry_Relieve1,25.65299345,-100.29012571666667,38.995,0.0,0,100.0,-1,0.0,,,,,,00:09:58,0.49,,7.624353
2026-07-07T16:25:37.208524,Raspberry_Relieve1,25.65299345,-100.29012571666667,39.0,0.0,0,100.0,-1,0.0,,,,,,00:09:58,0.5,,7.624353
2026-07-07T16:25:37.708656,Raspberry_Relieve1,25.65299345,-100.29012571666667,39.0,0.0,0,100.0,-1,0.0,,,,,,00:09:59,0.52,,7.624353
2026-07-07T16:25:38.208747,Raspberry_Relieve1,25.65299345,-100.29012571666667,39.004,0.0,0,100.0,-1,0.0,,,,,,00:09:59,0.49,,7.624353
2026-07-07T16:25:38.708862,Raspberry_Relieve1,25.65299345,-100.29012571666667,39.004,0.0,0,100.0,-1,0.0,,,,,,00:10:00,0.5,,7.624353
2026-07-07T16:25:39.208952,Raspberry_Relieve1,25.65299345,-100.29012571666667,39.008,0.0,0,100.0,-1,0.0,,,,,,00:10:00,0.5,,7.624353
2026-07-07T16:25:39.709094,Raspberry_Relieve1,25.65299345,-100.29012571666667,39.008,0.0,0,100.0,-1,0.0,,,,,,00:10:01,0.62,,7.624353
2026-07-07T16:25:40.209189,Raspberry_Relieve1,25.65299345,-100.29012571666667,39.012,0.0,0,100.0,-1,0.0,,,,,,00:10:01,0.45,,7.624353
2026-07-07T16:25:40.709305,Raspberry_Relieve1,25.65299345,-100.29012571666667,39.012,0.0,0,100.0,-1,0.0,,,,,,00:10:02,0.44,,7.624353
2026-07-07T16:25:41.209400,Raspberry_Relieve1,25.65299345,-100.29012571666667,39.014,0.0,0,100.0,-1,0.0,,,,,,00:10:02,0.49,,7.624353
2026-07-07T16:25:41.709522,Raspberry_Relieve1,25.65299345,-100.29012571666667,39.014,0.0,0,100.0,-1,0.0,,,,,,00:10:03,0.51,,7.624353
2026-07-07T16:25:42.209618,Raspberry_Relieve1,25.65299345,-100.29012571666667,39.018,0.0,0,100.0,-1,0.0,,,,,,00:10:03,0.49,,7.624353
2026-07-07T16:25:42.709743,Raspberry_Relieve1,25.65299345,-100.29012571666667,39.018,0.0,0,100.0,-1,0.0,,,,,,00:10:04,0.5,,7.624353
2026-07-07T16:25:43.209841,Raspberry_Relieve1,25.65299345,-100.29012571666667,39.023,0.0,0,100.0,-1,0.0,,,,,,00:10:04,0.5,,7.624353
2026-07-07T16:25:43.710002,Raspberry_Relieve1,25.65299345,-100.29012571666667,39.023,0.0,0,100.0,-1,0.0,,,,,,00:10:05,0.51,,7.624353
2026-07-07T16:25:44.210102,Raspberry_Relieve1,25.65299345,-100.29012571666667,39.026,0.0,0,100.0,-1,0.0,,,,,,00:10:05,0.49,,7.624353
2026-07-07T16:25:44.710214,Raspberry_Relieve1,25.65299345,-100.29012571666667,39.026,0.0,0,100.0,-1,0.0,,,,,,00:10:06,0.5,,7.624353
2026-07-07T16:25:45.210313,Raspberry_Relieve1,25.65299345,-100.29012571666667,39.027,0.0,0,100.0,-1,0.0,,,,,,00:10:06,0.5,,7.624353
2026-07-07T16:25:45.710425,Raspberry_Relieve1,25.65299345,-100.29012571666667,39.027,0.0,0,100.0,-1,0.0,,,,,,00:10:07,0.5,,7.624353
2026-07-07T16:25:46.210539,Raspberry_Relieve1,25.65299345,-100.29012571666667,39.03,0.0,0,100.0,-1,0.0,,,,,,00:10:07,0.53,,7.624353
2026-07-07T16:25:46.710623,Raspberry_Relieve1,25.65299345,-100.29012571666667,39.03,0.0,0,100.0,-1,0.0,,,,,,00:10:08,0.48,,7.624353
2026-07-07T16:25:47.210760,Raspberry_Relieve1,25.65299345,-100.29012571666667,39.033,0.0,0,100.0,-1,0.0,,,,,,00:10:08,0.49,,7.624353
2026-07-07T16:25:47.710803,Raspberry_Relieve1,25.65299345,-100.29012571666667,39.033,0.0,0,100.0,-1,0.0,,,,,,00:10:09,0.49,,7.624353
2026-07-07T16:25:48.210949,Raspberry_Relieve1,25.65299345,-100.29012571666667,39.035,0.0,0,100.0,-1,0.0,,,,,,00:10:09,0.53,,7.624353
2026-07-07T16:25:48.711039,Raspberry_Relieve1,25.65299345,-100.29012571666667,39.035,0.0,0,100.0,-1,0.0,,,,,,00:10:10,0.46,,7.624353
2026-07-07T16:25:49.211121,Raspberry_Relieve1,25.65299345,-100.29012571666667,39.034,0.0,0,100.0,-1,0.0,,,,,,00:10:10,0.51,,7.624353
2026-07-07T16:25:49.711293,Raspberry_Relieve1,25.65299345,-100.29012571666667,39.034,0.0,0,100.0,-1,0.0,,,,,,00:10:11,0.51,,7.624353
2026-07-07T16:25:50.211366,Raspberry_Relieve1,25.65299345,-100.29012571666667,39.031,0.0,0,100.0,-1,0.0,,,,,,00:10:11,0.49,,7.624353
2026-07-07T16:25:50.711465,Raspberry_Relieve1,25.65299345,-100.29012571666667,39.031,0.0,0,100.0,-1,0.0,,,,,,00:10:12,0.51,,7.624353
2026-07-07T16:25:51.211578,Raspberry_Relieve1,25.65299345,-100.29012571666667,39.036,0.0,0,100.0,-1,0.0,,,,,,00:10:12,0.5,,7.624353
2026-07-07T16:25:51.711763,Raspberry_Relieve1,25.65299345,-100.29012571666667,39.036,0.0,0,100.0,-1,0.0,,,,,,00:10:13,0.51,,7.624353
2026-07-07T16:25:52.211838,Raspberry_Relieve1,25.65299345,-100.29012571666667,39.042,0.0,0,100.0,-1,0.0,,,,,,00:10:13,0.49,,7.624353
2026-07-07T16:25:52.711920,Raspberry_Relieve1,25.65299345,-100.29012571666667,39.042,0.0,0,100.0,-1,0.0,,,,,,00:10:14,0.53,,7.624353
2026-07-07T16:25:53.212027,Raspberry_Relieve1,25.65299345,-100.29012571666667,39.046,0.0,0,100.0,-1,0.0,,,,,,00:10:14,0.48,,7.624353
2026-07-07T16:25:53.712140,Raspberry_Relieve1,25.65299345,-100.29012571666667,39.046,0.0,0,100.0,-1,0.0,,,,,,00:10:15,0.49,,7.624353
2026-07-07T16:25:54.212235,Raspberry_Relieve1,25.65299345,-100.29012571666667,39.05,0.0,0,100.0,-1,0.0,,,,,,00:10:15,0.49,,7.624353
2026-07-07T16:25:54.712310,Raspberry_Relieve1,25.65299345,-100.29012571666667,39.05,0.0,0,100.0,-1,0.0,,,,,,00:10:16,0.5,,7.624353
2026-07-07T16:25:55.212387,Raspberry_Relieve1,25.65299345,-100.29012571666667,39.053,0.0,0,100.0,-1,0.0,,,,,,00:10:16,0.5,,7.624353
2026-07-07T16:25:55.712478,Raspberry_Relieve1,25.65299345,-100.29012571666667,39.053,0.0,0,100.0,-1,0.0,,,,,,00:10:17,0.52,,7.624353
2026-07-07T16:25:56.212552,Raspberry_Relieve1,25.65299345,-100.29012571666667,39.054,0.0,0,100.0,-1,0.0,,,,,,00:10:17,0.49,,7.624353
2026-07-07T16:25:56.712643,Raspberry_Relieve1,25.65299345,-100.29012571666667,39.054,0.0,0,100.0,-1,0.0,,,,,,00:10:18,0.55,,7.624353
2026-07-07T16:25:57.212716,Raspberry_Relieve1,25.65299345,-100.29012571666667,39.057,0.0,0,100.0,-1,0.0,,,,,,00:10:18,0.47,,7.624353
2026-07-07T16:25:57.712809,Raspberry_Relieve1,25.65299345,-100.29012571666667,39.057,0.0,0,100.0,-1,0.0,,,,,,00:10:19,0.48,,7.624353
2026-07-07T16:25:58.212895,Raspberry_Relieve1,25.65299345,-100.29012571666667,39.059,0.0,0,100.0,-1,0.0,,,,,,00:10:19,0.49,,7.624353
2026-07-07T16:25:58.712971,Raspberry_Relieve1,25.65299345,-100.29012571666667,39.059,0.0,0,100.0,-1,0.0,,,,,,00:10:20,0.5,,7.624353
2026-07-07T16:25:59.213045,Raspberry_Relieve1,25.65299345,-100.29012571666667,39.061,0.0,0,100.0,-1,0.0,,,,,,00:10:20,0.5,,7.624353
2026-07-07T16:25:59.713167,Raspberry_Relieve1,25.65299345,-100.29012571666667,39.061,0.0,0,100.0,-1,0.0,,,,,,00:10:21,0.52,,7.624353
2026-07-07T16:26:00.213323,Raspberry_Relieve1,25.65299345,-100.29012571666667,39.062,0.0,0,100.0,-1,0.0,,,,,,00:10:21,0.5,,7.624353
2026-07-07T16:26:00.713381,Raspberry_Relieve1,25.65299345,-100.29012571666667,39.062,0.0,0,100.0,-1,0.0,,,,,,00:10:22,0.48,,7.624353
2026-07-07T16:26:01.213462,Raspberry_Relieve1,25.65299345,-100.29012571666667,39.064,0.0,0,100.0,-1,0.0,,,,,,00:10:22,0.51,,7.624353
2026-07-07T16:26:01.713548,Raspberry_Relieve1,25.65299345,-100.29012571666667,39.064,0.0,0,100.0,-1,0.0,,,,,,00:10:23,0.49,,7.624353
2026-07-07T16:26:02.213631,Raspberry_Relieve1,25.65299345,-100.29012571666667,39.065,0.0,0,100.0,-1,0.0,,,,,,00:10:23,0.51,,7.624353
2026-07-07T16:26:02.713710,Raspberry_Relieve1,25.65299345,-100.29012571666667,39.065,0.0,0,100.0,-1,0.0,,,,,,00:10:24,0.48,,7.624353
2026-07-07T16:26:03.213787,Raspberry_Relieve1,25.65299345,-100.29012571666667,39.067,0.0,0,100.0,-1,0.0,,,,,,00:10:24,0.51,,7.624353
2026-07-07T16:26:03.713873,Raspberry_Relieve1,25.65299345,-100.29012571666667,39.067,0.0,0,100.0,-1,0.0,,,,,,00:10:25,0.5,,7.624353
2026-07-07T16:26:04.213957,Raspberry_Relieve1,25.65299345,-100.29012571666667,39.068,0.0,0,100.0,-1,0.0,,,,,,00:10:25,0.49,,7.624353
2026-07-07T16:26:04.714037,Raspberry_Relieve1,25.65299345,-100.29012571666667,39.068,0.0,0,100.0,-1,0.0,,,,,,00:10:26,0.52,,7.624353
2026-07-07T16:26:05.214121,Raspberry_Relieve1,25.65299345,-100.29012571666667,39.071,0.0,0,100.0,-1,0.0,,,,,,00:10:26,0.51,,7.624353
2026-07-07T16:26:05.714248,Raspberry_Relieve1,25.65299345,-100.29012571666667,39.071,0.0,0,100.0,-1,0.0,,,,,,00:10:27,0.51,,7.624353
2026-07-07T16:24:20.776129,Raspberry_Relieve1,25.65299345,-100.29012571666667,39.2,-2.603,-102,100.0,2296,0.004,,,,,,00:11:07,40.17,-1.138069,6.486285
2026-07-07T16:24:21.279775,Raspberry_Relieve1,25.65299345,-100.29012571666667,39.2,-2.603,-102,100.0,2296,0.004,,,,,,00:11:07,0.33,-0.00938,6.476905
2026-07-07T16:24:21.779942,Raspberry_Relieve1,25.65299345,-100.29012571666667,36.619,11.131,408,100.0,2144,0.005,,,,,,00:11:08,0.53,0.06018,6.537085
2026-07-07T16:24:22.280118,Raspberry_Relieve1,25.65299345,-100.29012571666667,36.619,11.131,408,100.0,2144,0.005,,,,,,00:11:08,0.48,0.053983,6.591068
2026-07-07T16:24:22.783310,Raspberry_Relieve1,25.65299345,-100.29012571666667,38.89,7.592,295,100.0,-1,0.0,,,,,,00:11:09,0.5,0.040755,6.631823
2026-07-07T16:24:23.283397,Raspberry_Relieve1,25.65299345,-100.29012571666667,38.89,7.592,295,100.0,-1,0.0,,,,,,00:11:09,0.48,0.039737,6.671559
2026-07-07T16:24:23.783558,Raspberry_Relieve1,25.65299345,-100.29012571666667,38.933,0.416,16,100.0,-1,0.0,,,,,,00:11:10,0.47,0.002105,6.673664
2026-07-07T16:24:24.283640,Raspberry_Relieve1,25.65299345,-100.29012571666667,38.933,0.416,16,100.0,-1,0.0,,,,,,00:11:10,0.51,0.00228,6.675944
2026-07-07T16:24:24.783739,Raspberry_Relieve1,25.65299345,-100.29012571666667,38.946,0.0,0,100.0,-1,0.0,,,,,,00:11:11,0.49,,6.675944
2026-07-07T16:24:25.283840,Raspberry_Relieve1,25.65299345,-100.29012571666667,38.946,0.0,0,100.0,-1,0.0,,,,,,00:11:11,0.52,,6.675944
2026-07-07T16:24:25.783924,Raspberry_Relieve1,25.65299345,-100.29012571666667,38.957,0.0,0,100.0,-1,0.0,,,,,,00:11:12,0.51,,6.675944
2026-07-07T16:24:26.284030,Raspberry_Relieve1,25.65299345,-100.29012571666667,38.957,0.0,0,100.0,-1,0.0,,,,,,00:11:12,0.49,,6.675944
2026-07-07T16:24:26.784125,Raspberry_Relieve1,25.65299345,-100.29012571666667,36.596,14.509,531,100.0,-1,0.0,,,,,,00:11:13,0.51,0.075239,6.751183
2026-07-07T16:24:27.284211,Raspberry_Relieve1,25.65299345,-100.29012571666667,36.596,14.509,531,100.0,-1,0.0,,,,,,00:11:13,0.49,0.072865,6.824048
2026-07-07T16:24:27.784309,Raspberry_Relieve1,25.65299345,-100.29012571666667,38.91,4.015,156,100.0,-1,0.0,,,,,,00:11:14,0.5,0.021461,6.84551
2026-07-07T16:24:28.284387,Raspberry_Relieve1,25.65299345,-100.29012571666667,38.91,4.015,156,100.0,-1,0.0,,,,,,00:11:14,0.49,0.021303,6.866813
2026-07-07T16:24:28.784466,Raspberry_Relieve1,25.65299345,-100.29012571666667,36.536,17.754,649,100.0,-1,0.0,,,,,,00:11:15,0.5,0.08996,6.956773
2026-07-07T16:24:29.284635,Raspberry_Relieve1,25.65299345,-100.29012571666667,36.536,17.754,649,100.0,-1,0.0,,,,,,00:11:15,0.51,0.092559,7.049332
2026-07-07T16:24:29.784730,Raspberry_Relieve1,25.65299345,-100.29012571666667,36.454,19.031,694,100.0,-1,0.0,,,,,,00:11:16,0.73,0.141566,7.190897
2026-07-07T16:24:30.317402,Raspberry_Relieve1,25.65299345,-100.29012571666667,36.421,19.101,696,100.0,-1,0.0,,,,,,00:11:16,0.32,0.061357,7.252254
2026-07-07T16:24:30.817489,Raspberry_Relieve1,25.65299345,-100.29012571666667,36.421,19.101,696,100.0,-1,0.0,,,,,,00:11:17,0.5,0.097427,7.349682
2026-07-07T16:26:56.183205,Raspberry_Relieve1,25.65299345,-100.29012571666667,36.437,19.071,695,100.0,-1,0.0,,,,,,00:11:17,0.51,0.098192,7.447874
2026-07-07T16:26:56.683262,Raspberry_Relieve1,25.65299345,-100.29012571666667,36.437,19.071,695,100.0,-1,0.0,,,,,,00:11:18,0.46,0.089331,7.537205
2026-07-07T16:26:57.183336,Raspberry_Relieve1,25.65299345,-100.29012571666667,36.427,19.041,694,100.0,-1,0.0,,,,,,00:11:18,0.51,0.098991,7.636196
2026-07-07T16:26:57.683419,Raspberry_Relieve1,25.65299345,-100.29012571666667,36.427,19.041,694,100.0,-1,0.0,,,,,,00:11:19,0.5,0.096853,7.733049
2026-07-07T16:26:58.183663,Raspberry_Relieve1,25.65299345,-100.29012571666667,36.412,19.026,693,100.0,-1,0.0,,,,,,00:11:19,0.49,0.095239,7.828288
2026-07-07T16:26:58.683747,Raspberry_Relieve1,25.65299345,-100.29012571666667,36.412,19.026,693,100.0,-1,0.0,,,,,,00:11:20,0.49,0.094084,7.922372
2026-07-07T16:26:59.183839,Raspberry_Relieve1,25.65299345,-100.29012571666667,36.403,18.991,691,100.0,-1,0.0,,,,,,00:11:20,0.53,0.10092,8.023293
2026-07-07T16:26:59.683917,Raspberry_Relieve1,25.65299345,-100.29012571666667,36.403,18.991,691,100.0,-1,0.0,,,,,,00:11:21,0.47,0.090787,8.11408
2026-07-07T16:27:00.183987,Raspberry_Relieve1,25.65299345,-100.29012571666667,36.48,18.436,673,100.0,-1,0.0,,,,,,00:11:22,0.9,0.168043,8.282123
2026-07-07T16:27:00.871693,Raspberry_Relieve1,25.65299345,-100.29012571666667,36.48,18.436,673,100.0,-1,0.0,,,,,,00:11:22,0.29,0.054259,8.336381
2026-07-07T16:27:01.371809,Raspberry_Relieve1,25.65299345,-100.29012571666667,36.682,16.759,615,100.0,-1,0.0,,,,,,00:11:22,0.48,0.082807,8.419189
2026-07-07T16:27:01.871907,Raspberry_Relieve1,25.65299345,-100.29012571666667,36.682,16.759,615,100.0,-1,0.0,,,,,,00:11:23,0.52,0.088295,8.507484
2026-07-07T16:27:02.371991,Raspberry_Relieve1,25.65299345,-100.29012571666667,36.84,15.371,566,100.0,-1,0.0,,,,,,00:11:23,0.48,0.075959,8.583442
2026-07-07T16:27:02.872078,Raspberry_Relieve1,25.65299345,-100.29012571666667,36.84,15.371,566,100.0,-1,0.0,,,,,,00:11:24,0.51,0.079797,8.663239
2026-07-07T16:27:03.372153,Raspberry_Relieve1,25.65299345,-100.29012571666667,36.942,14.531,537,100.0,-1,0.0,,,,,,00:11:25,0.71,0.105964,8.769203
2026-07-07T16:27:03.872222,Raspberry_Relieve1,25.65299345,-100.29012571666667,36.942,14.531,537,100.0,-1,0.0,,,,,,00:11:25,0.29,0.043947,8.81315
2026-07-07T16:27:04.372318,Raspberry_Relieve1,25.65299345,-100.29012571666667,39.412,0.0,0,100.0,-1,0.0,,,,,,00:11:25,0.49,,8.81315
2026-07-07T16:27:04.872422,Raspberry_Relieve1,25.65299345,-100.29012571666667,39.412,0.0,0,100.0,-1,0.0,,,,,,00:11:26,0.52,,8.81315
2026-07-07T16:27:05.372494,Raspberry_Relieve1,25.65299345,-100.29012571666667,39.751,-7.978,-317,100.0,4870,0.002,,,,,,00:11:26,0.49,-0.04331,8.769841
2026-07-07T16:27:05.872603,Raspberry_Relieve1,25.65299345,-100.29012571666667,39.751,-7.978,-317,100.0,4870,0.002,,,,,,00:11:27,0.51,-0.045257,8.724583
2026-07-07T16:27:06.372670,Raspberry_Relieve1,25.65299345,-100.29012571666667,39.627,-6.917,-274,100.0,2337,0.004,,,,,,00:11:27,0.48,-0.036258,8.688325
2026-07-07T16:27:06.872765,Raspberry_Relieve1,25.65299345,-100.29012571666667,39.627,-6.917,-274,100.0,2337,0.004,,,,,,00:11:28,0.5,-0.038101,8.650224
2026-07-07T16:27:07.372835,Raspberry_Relieve1,25.65299345,-100.29012571666667,39.332,-4.531,-178,100.0,1740,0.006,,,,,,00:11:28,0.5,-0.024795,8.625429
2026-07-07T16:27:07.872931,Raspberry_Relieve1,25.65299345,-100.29012571666667,39.332,-4.531,-178,100.0,1740,0.006,,,,,,00:11:29,0.51,-0.025417,8.600012
2026-07-07T16:27:08.373064,Raspberry_Relieve1,25.65299345,-100.29012571666667,39.2,-3.283,-129,99.9,1492,0.007,,,,,,00:11:29,0.5,-0.017935,8.582077
2026-07-07T16:27:08.873144,Raspberry_Relieve1,25.65299345,-100.29012571666667,39.2,-3.283,-129,99.9,1492,0.007,,,,,,00:11:30,0.5,-0.017933,8.564144
2026-07-07T16:27:09.373216,Raspberry_Relieve1,25.65299345,-100.29012571666667,38.994,-1.661,-65,99.9,1368,0.007,,,,,,00:11:30,0.49,-0.008776,8.555368
2026-07-07T16:27:09.873384,Raspberry_Relieve1,25.65299345,-100.29012571666667,38.994,-1.661,-65,99.9,1368,0.007,,,,,,00:11:31,0.54,-0.00981,8.545558
2026-07-07T16:27:10.373456,Raspberry_Relieve1,25.65299345,-100.29012571666667,38.89,-0.661,-26,99.9,1337,0.008,,,,,,00:11:31,0.47,-0.003386,8.542172
2026-07-07T16:27:10.873540,Raspberry_Relieve1,25.65299345,-100.29012571666667,38.89,-0.661,-26,99.9,1337,0.008,,,,,,00:11:32,0.5,-0.003619,8.538553
2026-07-07T16:27:11.373656,Raspberry_Relieve1,25.65299345,-100.29012571666667,36.453,17.516,639,100.0,-1,0.004,,,,,,00:11:32,0.52,0.092834,8.631387
2026-07-07T16:27:11.873745,Raspberry_Relieve1,25.65299345,-100.29012571666667,36.453,17.516,639,100.0,-1,0.004,,,,,,00:11:33,0.48,0.084649,8.716036
2026-07-07T16:27:12.373879,Raspberry_Relieve1,25.65299345,-100.29012571666667,36.408,19.019,692,100.0,-1,0.0,,,,,,00:11:33,0.5,0.09653,8.812567
2026-07-07T16:27:12.874002,Raspberry_Relieve1,25.65299345,-100.29012571666667,36.408,19.019,692,100.0,-1,0.0,,,,,,00:11:34,0.53,0.101711,8.914278
2026-07-07T16:27:13.374110,Raspberry_Relieve1,25.65299345,-100.29012571666667,36.375,19.127,696,100.0,-1,0.0,,,,,,00:11:34,0.47,0.091631,9.005909
2026-07-07T16:27:13.874236,Raspberry_Relieve1,25.65299345,-100.29012571666667,36.375,19.127,696,100.0,-1,0.0,,,,,,00:11:35,0.51,0.098392,9.104301
2026-07-07T16:27:14.374344,Raspberry_Relieve1,25.65299345,-100.29012571666667,36.355,19.114,695,100.0,-1,0.0,,,,,,00:11:35,0.57,0.109969,9.21427
2026-07-07T16:27:14.874455,Raspberry_Relieve1,25.65299345,-100.29012571666667,36.355,19.114,695,100.0,-1,0.0,,,,,,00:11:36,0.44,0.084434,9.298704
2026-07-07T16:27:15.374666,Raspberry_Relieve1,25.65299345,-100.29012571666667,36.332,19.102,694,100.0,-1,0.0,,,,,,00:11:36,0.51,0.098458,9.397162
2026-07-07T16:27:15.874836,Raspberry_Relieve1,25.65299345,-100.29012571666667,36.332,19.102,694,100.0,-1,0.0,,,,,,00:11:37,0.57,0.110255,9.507416
2026-07-07T16:27:16.374919,Raspberry_Relieve1,25.65299345,-100.29012571666667,36.476,17.128,625,100.0,-1,0.0,,,,,,00:11:37,0.43,0.074124,9.581541
2026-07-07T16:27:16.875101,Raspberry_Relieve1,25.65299345,-100.29012571666667,36.476,17.128,625,100.0,-1,0.0,,,,,,00:11:38,0.48,0.083904,9.665445
2026-07-07T16:27:17.375246,Raspberry_Relieve1,25.65299345,-100.29012571666667,36.306,18.964,689,100.0,-1,0.0,,,,,,00:11:38,0.53,0.100744,9.76619
2026-07-07T16:27:17.875369,Raspberry_Relieve1,25.65299345,-100.29012571666667,36.306,18.964,689,100.0,-1,0.0,,,,,,00:11:39,0.48,0.091399,9.857589
2026-07-07T16:27:18.375443,Raspberry_Relieve1,25.65299345,-100.29012571666667,36.293,19.056,692,100.0,-1,0.0,,,,,,00:11:39,0.49,0.093816,9.951405
2026-07-07T16:27:18.875579,Raspberry_Relieve1,25.65299345,-100.29012571666667,36.293,19.056,692,100.0,-1,0.0,,,,,,00:11:40,0.51,0.0973,10.048706
2026-07-07T16:27:19.375692,Raspberry_Relieve1,25.65299345,-100.29012571666667,36.276,19.058,691,100.0,-1,0.0,,,,,,00:11:40,0.51,0.097932,10.146638
2026-07-07T16:27:19.875851,Raspberry_Relieve1,25.65299345,-100.29012571666667,36.276,19.058,691,100.0,-1,0.0,,,,,,00:11:41,0.49,0.093642,10.24028
2026-07-07T16:27:20.375961,Raspberry_Relieve1,25.65299345,-100.29012571666667,36.263,19.045,691,100.0,-1,0.0,,,,,,00:11:41,0.52,0.098896,10.339175
2026-07-07T16:27:20.876187,Raspberry_Relieve1,25.65299345,-100.29012571666667,36.263,19.045,691,100.0,-1,0.0,,,,,,00:11:42,0.49,0.094842,10.434018
2026-07-07T16:27:21.376340,Raspberry_Relieve1,25.65299345,-100.29012571666667,36.252,19.015,689,100.0,-1,0.0,,,,,,00:11:42,0.49,0.093918,10.527936
2026-07-07T16:27:21.876577,Raspberry_Relieve1,25.65299345,-100.29012571666667,36.252,19.015,689,100.0,-1,0.0,,,,,,00:11:43,0.52,0.099608,10.627544
2026-07-07T16:27:22.376641,Raspberry_Relieve1,25.65299345,-100.29012571666667,36.233,19.009,689,100.0,-1,0.0,,,,,,00:11:43,0.46,0.088383,10.715926
2026-07-07T16:27:22.876738,Raspberry_Relieve1,25.65299345,-100.29012571666667,36.233,19.009,689,100.0,-1,0.0,,,,,,00:11:44,0.52,0.099888,10.815815
2026-07-07T16:27:23.376824,Raspberry_Relieve1,25.65299345,-100.29012571666667,37.996,11.641,442,100.0,-1,0.0,,,,,,00:11:44,0.51,0.063215,10.87903
2026-07-07T16:27:23.876916,Raspberry_Relieve1,25.65299345,-100.29012571666667,37.996,11.641,442,100.0,-1,0.0,,,,,,00:11:45,0.57,0.070325,10.949355
2026-07-07T16:27:51.070322,Raspberry_Relieve1,25.65299345,-100.29012571666667,36.317,14.448,525,100.0,-1,0.0,,,,,,00:12:12,27.32,3.983912,14.933267
2026-07-07T16:27:51.579055,Raspberry_Relieve1,25.65299345,-100.29012571666667,36.278,18.806,682,100.0,-1,0.0,,,,,,00:12:13,0.24,0.044528,14.977794
2026-07-07T16:27:52.079167,Raspberry_Relieve1,25.65299345,-100.29012571666667,36.278,18.806,682,100.0,-1,0.0,,,,,,00:12:13,0.52,0.099284,15.077079
2026-07-07T16:27:52.579263,Raspberry_Relieve1,25.65299345,-100.29012571666667,38.509,7.025,271,100.0,-1,0.0,,,,,,00:12:14,0.47,0.035554,15.112633
2026-07-07T16:27:53.079359,Raspberry_Relieve1,25.65299345,-100.29012571666667,38.509,7.025,271,100.0,-1,0.0,,,,,,00:12:14,0.64,0.048263,15.160895
2026-07-07T16:27:53.579427,Raspberry_Relieve1,25.65299345,-100.29012571666667,37.316,8.753,327,100.0,-1,0.0,,,,,,00:12:15,0.37,0.033524,15.194419
2026-07-07T16:27:54.079538,Raspberry_Relieve1,25.65299345,-100.29012571666667,37.316,8.753,327,100.0,-1,0.0,,,,,,00:12:15,0.51,0.045953,15.240372
2026-07-07T16:27:54.579633,Raspberry_Relieve1,25.65299345,-100.29012571666667,38.782,1.871,73,100.0,-1,0.0,,,,,,00:12:16,0.47,0.009457,15.249829
2026-07-07T16:27:55.079720,Raspberry_Relieve1,25.65299345,-100.29012571666667,38.782,1.871,73,100.0,-1,0.0,,,,,,00:12:16,0.52,0.010533,15.260362
2026-07-07T16:27:55.579824,Raspberry_Relieve1,25.65299345,-100.29012571666667,39.079,-3.421,-134,100.0,13062,0.001,,,,,,00:12:17,0.52,-0.019313,15.241049
2026-07-07T16:27:56.079953,Raspberry_Relieve1,25.65299345,-100.29012571666667,39.079,-3.421,-134,100.0,13062,0.001,,,,,,00:12:17,0.49,-0.018127,15.222923
2026-07-07T16:27:56.580098,Raspberry_Relieve1,25.65299345,-100.29012571666667,38.956,-2.59,-101,100.0,6112,0.002,,,,,,00:12:18,0.55,-0.015409,15.207514
2026-07-07T16:27:57.080195,Raspberry_Relieve1,25.65299345,-100.29012571666667,38.956,-2.59,-101,100.0,6112,0.002,,,,,,00:12:18,0.47,-0.013193,15.19432
2026-07-07T16:27:57.580315,Raspberry_Relieve1,25.65299345,-100.29012571666667,38.815,-1.338,-52,100.0,4634,0.002,,,,,,00:12:19,0.48,-0.006973,15.187348
2026-07-07T16:27:58.080427,Raspberry_Relieve1,25.65299345,-100.29012571666667,38.815,-1.338,-52,100.0,4634,0.002,,,,,,00:12:19,0.5,-0.007234,15.180114
2026-07-07T16:27:58.580535,Raspberry_Relieve1,25.65299345,-100.29012571666667,36.406,15.409,561,100.0,-1,0.001,,,,,,00:12:20,0.51,0.079765,15.259879
2026-07-07T16:27:59.080651,Raspberry_Relieve1,25.65299345,-100.29012571666667,36.406,15.409,561,100.0,-1,0.001,,,,,,00:12:20,0.5,0.077648,15.337526
2026-07-07T16:27:59.580763,Raspberry_Relieve1,25.65299345,-100.29012571666667,36.306,18.92,687,100.0,-1,0.0,,,,,,00:12:21,0.51,0.096959,15.434486
2026-07-07T16:28:00.080886,Raspberry_Relieve1,25.65299345,-100.29012571666667,36.306,18.92,687,100.0,-1,0.0,,,,,,00:12:21,0.49,0.092694,15.52718
2026-07-07T16:28:00.581105,Raspberry_Relieve1,25.65299345,-100.29012571666667,36.284,19.088,693,100.0,-1,0.0,,,,,,00:12:22,0.5,0.096888,15.624068
2026-07-07T16:28:01.081240,Raspberry_Relieve1,25.65299345,-100.29012571666667,36.284,19.088,693,100.0,-1,0.0,,,,,,00:12:22,0.56,0.107507,15.731575
2026-07-07T16:28:01.581345,Raspberry_Relieve1,25.65299345,-100.29012571666667,36.26,19.053,691,100.0,-1,0.0,,,,,,00:12:23,0.45,0.085963,15.817537
2026-07-07T16:28:02.081481,Raspberry_Relieve1,25.65299345,-100.29012571666667,36.26,19.053,691,100.0,-1,0.0,,,,,,00:12:23,0.49,0.093619,15.911156
2026-07-07T16:28:02.581610,Raspberry_Relieve1,25.65299345,-100.29012571666667,36.271,18.891,685,100.0,-1,0.0,,,,,,00:12:24,0.49,0.093671,16.004827
2026-07-07T16:28:03.081785,Raspberry_Relieve1,25.65299345,-100.29012571666667,36.271,18.891,685,100.0,-1,0.0,,,,,,00:12:24,0.5,0.095407,16.100234
2026-07-07T16:28:03.581898,Raspberry_Relieve1,25.65299345,-100.29012571666667,38.513,7.266,280,100.0,-1,0.0,,,,,,00:12:25,0.52,0.04036,16.140594
2026-07-07T16:28:04.082031,Raspberry_Relieve1,25.65299345,-100.29012571666667,38.513,7.266,280,100.0,-1,0.0,,,,,,00:12:25,0.51,0.039868,16.180462
2026-07-07T16:28:04.582185,Raspberry_Relieve1,25.65299345,-100.29012571666667,38.574,0.422,16,100.0,-1,0.0,,,,,,00:12:26,0.52,0.00229,16.182752
2026-07-07T16:28:05.082295,Raspberry_Relieve1,25.65299345,-100.29012571666667,38.574,0.422,16,100.0,-1,0.0,,,,,,00:12:26,0.46,0.002062,16.184814
2026-07-07T16:28:05.582436,Raspberry_Relieve1,25.65299345,-100.29012571666667,38.603,0.0,0,100.0,-1,0.0,,,,,,00:12:27,0.49,,16.184814
2026-07-07T16:28:06.082544,Raspberry_Relieve1,25.65299345,-100.29012571666667,38.603,0.0,0,100.0,-1,0.0,,,,,,00:12:27,0.49,,16.184814
2026-07-07T16:28:06.582669,Raspberry_Relieve1,25.65299345,-100.29012571666667,38.621,0.0,0,100.0,-1,0.0,,,,,,00:12:28,0.53,,16.184814
2026-07-07T16:28:07.082802,Raspberry_Relieve1,25.65299345,-100.29012571666667,38.621,0.0,0,100.0,-1,0.0,,,,,,00:12:28,0.48,,16.184814
2026-07-07T16:28:07.582934,Raspberry_Relieve1,25.65299345,-100.29012571666667,38.844,-0.905,-35,100.0,-1,0.0,,,,,,00:12:29,0.54,-0.005245,16.179568
2026-07-07T16:28:08.083051,Raspberry_Relieve1,25.65299345,-100.29012571666667,38.844,-0.905,-35,100.0,-1,0.0,,,,,,00:12:29,0.47,-0.004573,16.174996
2026-07-07T16:28:08.583160,Raspberry_Relieve1,25.65299345,-100.29012571666667,39.107,-3.352,-131,100.0,14400,0.001,,,,,,00:12:30,0.51,-0.018543,16.156453
2026-07-07T16:28:09.083287,Raspberry_Relieve1,25.65299345,-100.29012571666667,39.107,-3.352,-131,100.0,14400,0.001,,,,,,00:12:30,0.57,-0.020643,16.135809
2026-07-07T16:28:09.583382,Raspberry_Relieve1,25.65299345,-100.29012571666667,38.956,-2.63,-102,100.0,6543,0.002,,,,,,00:12:31,0.41,-0.011559,16.12425
2026-07-07T16:28:10.083496,Raspberry_Relieve1,25.65299345,-100.29012571666667,38.956,-2.63,-102,100.0,6543,0.002,,,,,,00:12:31,0.51,-0.014513,16.109736
2026-07-07T16:28:10.583607,Raspberry_Relieve1,25.65299345,-100.29012571666667,38.733,-0.663,-26,100.0,4996,0.002,,,,,,00:12:32,0.5,-0.003581,16.106155
2026-07-07T16:28:11.083725,Raspberry_Relieve1,25.65299345,-100.29012571666667,38.733,-0.663,-26,100.0,4996,0.002,,,,,,00:12:32,0.51,-0.003669,16.102486
2026-07-07T16:28:11.583860,Raspberry_Relieve1,25.65299345,-100.29012571666667,38.7,-0.455,-18,100.0,4452,0.002,,,,,,00:12:33,0.54,-0.002707,16.099779
2026-07-07T16:28:12.083960,Raspberry_Relieve1,25.65299345,-100.29012571666667,38.7,-0.455,-18,100.0,4452,0.002,,,,,,00:12:33,0.47,-0.002358,16.097421
2026-07-07T16:28:12.584087,Raspberry_Relieve1,25.65299345,-100.29012571666667,38.706,0.0,0,100.0,4460,0.002,,,,,,00:12:34,0.54,,16.097421
2026-07-07T16:28:13.084166,Raspberry_Relieve1,25.65299345,-100.29012571666667,38.706,0.0,0,100.0,4460,0.002,,,,,,00:12:34,0.48,,16.097421
2026-07-07T16:28:13.584293,Raspberry_Relieve1,25.65299345,-100.29012571666667,38.711,0.0,0,100.0,-1,0.002,,,,,,00:12:35,0.5,,16.097421
2026-07-07T16:28:14.084390,Raspberry_Relieve1,25.65299345,-100.29012571666667,38.711,0.0,0,100.0,-1,0.002,,,,,,00:12:35,0.49,,16.097421
2026-07-07T16:28:14.584516,Raspberry_Relieve1,25.65299345,-100.29012571666667,36.424,10.626,387,100.0,-1,0.002,,,,,,00:12:36,0.52,0.05576,16.153181
2026-07-07T16:28:15.084656,Raspberry_Relieve1,25.65299345,-100.29012571666667,36.424,10.626,387,100.0,-1,0.002,,,,,,00:12:36,0.45,0.048514,16.201695
2026-07-07T16:28:15.584772,Raspberry_Relieve1,25.65299345,-100.29012571666667,37.482,7.562,283,100.0,-1,0.0,,,,,,00:12:37,0.5,0.039639,16.241334
2026-07-07T16:28:16.084879,Raspberry_Relieve1,25.65299345,-100.29012571666667,37.482,7.562,283,100.0,-1,0.0,,,,,,00:12:37,0.5,0.039328,16.280662
2026-07-07T16:28:16.585044,Raspberry_Relieve1,25.65299345,-100.29012571666667,38.397,2.612,100,100.0,-1,0.0,,,,,,00:12:38,0.53,0.014798,16.29546
2026-07-07T16:28:17.085136,Raspberry_Relieve1,25.65299345,-100.29012571666667,38.397,2.612,100,100.0,-1,0.0,,,,,,00:12:38,0.5,0.013859,16.309318
2026-07-07T16:28:17.585268,Raspberry_Relieve1,25.65299345,-100.29012571666667,38.688,1.135,44,100.0,-1,0.0,,,,,,00:12:39,0.48,0.005871,16.315189
2026-07-07T16:28:18.085391,Raspberry_Relieve1,25.65299345,-100.29012571666667,38.688,1.135,44,100.0,-1,0.0,,,,,,00:12:39,0.49,0.005956,16.321146
2026-07-07T16:28:18.585587,Raspberry_Relieve1,25.65299345,-100.29012571666667,38.688,1.135,44,100.0,-1,0.0,,,,,,00:12:40,0.5,0.006095,16.32724
2026-07-07T16:28:19.085725,Raspberry_Relieve1,25.65299345,-100.29012571666667,38.818,-0.876,-34,100.0,14400,0.0,,,,,,00:12:40,0.5,-0.004748,16.322492
2026-07-07T16:28:19.585862,Raspberry_Relieve1,25.65299345,-100.29012571666667,38.724,-0.215,-8,100.0,14400,0.0,,,,,,00:12:41,0.51,-0.001132,16.321359
2026-07-07T16:28:20.085986,Raspberry_Relieve1,25.65299345,-100.29012571666667,38.724,-0.215,-8,100.0,14400,0.0,,,,,,00:12:41,0.49,-0.001092,16.320267
2026-07-07T16:28:20.586113,Raspberry_Relieve1,25.65299345,-100.29012571666667,38.725,0.0,0,100.0,14400,0.0,,,,,,00:12:42,0.49,,16.320267
2026-07-07T16:28:21.086222,Raspberry_Relieve1,25.65299345,-100.29012571666667,38.725,0.0,0,100.0,14400,0.0,,,,,,00:12:42,0.53,,16.320267
2026-07-07T16:28:21.586336,Raspberry_Relieve1,25.65299345,-100.29012571666667,38.732,0.0,0,100.0,-1,0.0,,,,,,00:12:43,0.49,,16.320267
2026-07-07T16:28:22.086452,Raspberry_Relieve1,25.65299345,-100.29012571666667,38.732,0.0,0,100.0,-1,0.0,,,,,,00:12:43,0.5,,16.320267
2026-07-07T16:28:22.586611,Raspberry_Relieve1,25.65299345,-100.29012571666667,38.739,0.0,0,100.0,-1,0.0,,,,,,00:12:44,0.54,,16.320267
2026-07-07T16:28:23.086762,Raspberry_Relieve1,25.65299345,-100.29012571666667,38.739,0.0,0,100.0,-1,0.0,,,,,,00:12:44,0.46,,16.320267
2026-07-07T16:28:23.586890,Raspberry_Relieve1,25.65299345,-100.29012571666667,38.742,0.0,0,100.0,-1,0.0,,,,,,00:12:45,0.51,,16.320267
2026-07-07T16:28:24.087037,Raspberry_Relieve1,25.65299345,-100.29012571666667,38.742,0.0,0,100.0,-1,0.0,,,,,,00:12:45,0.5,,16.320267
2026-07-07T16:28:24.587162,Raspberry_Relieve1,25.65299345,-100.29012571666667,38.75,0.0,0,100.0,-1,0.0,,,,,,00:12:46,0.48,,16.320267
2026-07-07T16:28:25.087308,Raspberry_Relieve1,25.65299345,-100.29012571666667,38.75,0.0,0,100.0,-1,0.0,,,,,,00:12:46,0.53,,16.320267
2026-07-07T16:28:25.587430,Raspberry_Relieve1,25.65299345,-100.29012571666667,38.755,0.0,0,100.0,-1,0.0,,,,,,00:12:47,0.49,,16.320267
2026-07-07T16:28:26.087542,Raspberry_Relieve1,25.65299345,-100.29012571666667,38.755,0.0,0,100.0,-1,0.0,,,,,,00:12:47,0.49,,16.320267
2026-07-07T16:28:26.587709,Raspberry_Relieve1,25.65299345,-100.29012571666667,38.761,0.0,0,100.0,-1,0.0,,,,,,00:12:48,0.49,,16.320267
2026-07-07T16:28:27.087833,Raspberry_Relieve1,25.65299345,-100.29012571666667,38.761,0.0,0,100.0,-1,0.0,,,,,,00:12:48,0.52,,16.320267
2026-07-07T16:28:27.587944,Raspberry_Relieve1,25.65299345,-100.29012571666667,38.765,0.0,0,100.0,-1,0.0,,,,,,00:12:49,0.5,,16.320267
2026-07-07T16:28:28.088096,Raspberry_Relieve1,25.65299345,-100.29012571666667,38.765,0.0,0,100.0,-1,0.0,,,,,,00:12:49,0.5,,16.320267
2026-07-07T16:28:28.588221,Raspberry_Relieve1,25.65299345,-100.29012571666667,38.769,0.0,0,100.0,-1,0.0,,,,,,00:12:50,0.5,,16.320267
2026-07-07T16:28:29.088324,Raspberry_Relieve1,25.65299345,-100.29012571666667,38.769,0.0,0,100.0,-1,0.0,,,,,,00:12:50,0.5,,16.320267
2026-07-07T16:28:29.588453,Raspberry_Relieve1,25.65299345,-100.29012571666667,38.774,0.0,0,100.0,-1,0.0,,,,,,00:12:51,0.5,,16.320267
2026-07-07T16:28:30.088571,Raspberry_Relieve1,25.65299345,-100.29012571666667,38.774,0.0,0,100.0,-1,0.0,,,,,,00:12:51,0.52,,16.320267
2026-07-07T16:28:30.588721,Raspberry_Relieve1,25.65299345,-100.29012571666667,38.779,0.0,0,100.0,-1,0.0,,,,,,00:12:52,0.47,,16.320267
2026-07-07T16:28:31.088838,Raspberry_Relieve1,25.65299345,-100.29012571666667,38.779,0.0,0,100.0,-1,0.0,,,,,,00:12:52,0.49,,16.320267
2026-07-07T16:28:31.588964,Raspberry_Relieve1,25.65299345,-100.29012571666667,38.782,0.0,0,100.0,-1,0.0,,,,,,00:12:53,0.51,,16.320267
2026-07-07T16:28:32.089082,Raspberry_Relieve1,25.65299345,-100.29012571666667,38.782,0.0,0,100.0,-1,0.0,,,,,,00:12:53,0.5,,16.320267
2026-07-07T16:28:32.589247,Raspberry_Relieve1,25.65299345,-100.29012571666667,38.786,0.0,0,100.0,-1,0.0,,,,,,00:12:54,0.5,,16.320267
2026-07-07T16:28:33.089378,Raspberry_Relieve1,25.65299345,-100.29012571666667,38.786,0.0,0,100.0,-1,0.0,,,,,,00:12:54,0.51,,16.320267
2026-07-07T16:28:33.589494,Raspberry_Relieve1,25.65299345,-100.29012571666667,38.79,0.0,0,100.0,-1,0.0,,,,,,00:12:55,0.5,,16.320267
2026-07-07T16:28:34.089607,Raspberry_Relieve1,25.65299345,-100.29012571666667,38.79,0.0,0,100.0,-1,0.0,,,,,,00:12:55,0.51,,16.320267
2026-07-07T16:28:34.589745,Raspberry_Relieve1,25.65299345,-100.29012571666667,38.793,0.0,0,100.0,-1,0.0,,,,,,00:12:56,0.47,,16.320267
2026-07-07T16:28:35.089867,Raspberry_Relieve1,25.65299345,-100.29012571666667,38.793,0.0,0,100.0,-1,0.0,,,,,,00:12:56,0.5,,16.320267
2026-07-07T16:28:35.589989,Raspberry_Relieve1,25.65299345,-100.29012571666667,38.795,0.0,0,100.0,-1,0.0,,,,,,00:12:57,0.5,,16.320267
2026-07-07T16:28:36.090135,Raspberry_Relieve1,25.65299345,-100.29012571666667,38.795,0.0,0,100.0,-1,0.0,,,,,,00:12:57,0.51,,16.320267
2026-07-07T16:28:36.590252,Raspberry_Relieve1,25.65299345,-100.29012571666667,38.801,0.0,0,100.0,-1,0.0,,,,,,00:12:58,0.48,,16.320267
2026-07-07T16:28:37.090376,Raspberry_Relieve1,25.65299345,-100.29012571666667,38.801,0.0,0,100.0,-1,0.0,,,,,,00:12:58,0.51,,16.320267
2026-07-07T16:28:37.590513,Raspberry_Relieve1,25.65299345,-100.29012571666667,38.804,0.0,0,100.0,-1,0.0,,,,,,00:12:59,0.52,,16.320267
2026-07-07T16:28:38.090621,Raspberry_Relieve1,25.65299345,-100.29012571666667,38.804,0.0,0,100.0,-1,0.0,,,,,,00:12:59,0.53,,16.320267
2026-07-07T16:28:38.590717,Raspberry_Relieve1,25.65299345,-100.29012571666667,38.807,0.0,0,100.0,-1,0.0,,,,,,00:13:00,0.44,,16.320267
2026-07-07T16:28:39.090849,Raspberry_Relieve1,25.65299345,-100.29012571666667,38.807,0.0,0,100.0,-1,0.0,,,,,,00:13:00,0.5,,16.320267
2026-07-07T16:28:39.590961,Raspberry_Relieve1,25.65299345,-100.29012571666667,38.808,0.0,0,100.0,-1,0.0,,,,,,00:13:01,0.51,,16.320267
2026-07-07T16:28:40.091081,Raspberry_Relieve1,25.65299345,-100.29012571666667,38.808,0.0,0,100.0,-1,0.0,,,,,,00:13:01,0.57,,16.320267
2026-07-07T16:28:40.591181,Raspberry_Relieve1,25.65299345,-100.29012571666667,38.812,0.0,0,100.0,-1,0.0,,,,,,00:13:02,0.44,,16.320267
2026-07-07T16:28:41.091311,Raspberry_Relieve1,25.65299345,-100.29012571666667,38.812,0.0,0,100.0,-1,0.0,,,,,,00:13:02,0.46,,16.320267
2026-07-07T16:28:41.591427,Raspberry_Relieve1,25.65299345,-100.29012571666667,38.814,0.0,0,100.0,-1,0.0,,,,,,00:13:03,0.53,,16.320267
2026-07-07T16:28:42.091560,Raspberry_Relieve1,25.65299345,-100.29012571666667,38.814,0.0,0,100.0,-1,0.0,,,,,,00:13:03,0.5,,16.320267
2026-07-07T16:28:42.591665,Raspberry_Relieve1,25.65299345,-100.29012571666667,38.818,0.0,0,100.0,-1,0.0,,,,,,00:13:04,0.53,,16.320267
2026-07-07T16:28:43.091784,Raspberry_Relieve1,25.65299345,-100.29012571666667,38.818,0.0,0,100.0,-1,0.0,,,,,,00:13:04,0.45,,16.320267
2026-07-07T16:28:43.591902,Raspberry_Relieve1,25.65299345,-100.29012571666667,38.822,0.0,0,100.0,-1,0.0,,,,,,00:13:05,0.54,,16.320267
2026-07-07T16:28:44.092025,Raspberry_Relieve1,25.65299345,-100.29012571666667,38.822,0.0,0,100.0,-1,0.0,,,,,,00:13:05,0.48,,16.320267
2026-07-07T16:28:44.592139,Raspberry_Relieve1,25.65299345,-100.29012571666667,38.825,0.0,0,100.0,-1,0.0,,,,,,00:13:06,0.49,,16.320267
2026-07-07T16:28:45.092358,Raspberry_Relieve1,25.65299345,-100.29012571666667,38.825,0.0,0,100.0,-1,0.0,,,,,,00:13:06,0.5,,16.320267
2026-07-07T16:28:45.592464,Raspberry_Relieve1,25.65299345,-100.29012571666667,36.466,17.618,642,100.0,-1,0.0,,,,,,00:13:07,0.49,0.087186,16.407453
2026-07-07T16:28:46.092583,Raspberry_Relieve1,25.65299345,-100.29012571666667,36.466,17.618,642,100.0,-1,0.0,,,,,,00:13:07,0.55,0.098018,16.505471
2026-07-07T16:28:46.592699,Raspberry_Relieve1,25.65299345,-100.29012571666667,38.753,3.487,135,100.0,-1,0.0,,,,,,00:13:08,0.46,0.017395,16.522866
2026-07-07T16:28:47.092841,Raspberry_Relieve1,25.65299345,-100.29012571666667,38.753,3.487,135,100.0,-1,0.0,,,,,,00:13:08,0.52,0.019476,16.542342
2026-07-07T16:28:47.593059,Raspberry_Relieve1,25.65299345,-100.29012571666667,38.776,0.186,7,100.0,-1,0.0,,,,,,00:13:09,0.48,0.000942,16.543284
2026-07-07T16:28:48.093146,Raspberry_Relieve1,25.65299345,-100.29012571666667,38.776,0.186,7,100.0,-1,0.0,,,,,,00:13:09,0.49,0.00096,16.544244
2026-07-07T16:28:48.593261,Raspberry_Relieve1,25.65299345,-100.29012571666667,38.782,0.578,22,100.0,-1,0.0,,,,,,00:13:10,0.56,0.003431,16.547675
2026-07-07T16:28:49.093384,Raspberry_Relieve1,25.65299345,-100.29012571666667,38.782,0.578,22,100.0,-1,0.0,,,,,,00:13:10,0.45,0.002747,16.550422
2026-07-07T16:28:49.593503,Raspberry_Relieve1,25.65299345,-100.29012571666667,38.791,0.0,0,100.0,-1,0.0,,,,,,00:13:11,0.52,,16.550422
2026-07-07T16:28:50.093629,Raspberry_Relieve1,25.65299345,-100.29012571666667,38.791,0.0,0,100.0,-1,0.0,,,,,,00:13:11,0.47,,16.550422
2026-07-07T16:28:50.593763,Raspberry_Relieve1,25.65299345,-100.29012571666667,38.798,0.0,0,100.0,-1,0.0,,,,,,00:13:12,0.55,,16.550422
2026-07-07T16:28:51.093889,Raspberry_Relieve1,25.65299345,-100.29012571666667,38.798,0.0,0,100.0,-1,0.0,,,,,,00:13:12,0.47,,16.550422
2026-07-07T16:28:51.594019,Raspberry_Relieve1,25.65299345,-100.29012571666667,38.804,0.0,0,100.0,-1,0.0,,,,,,00:13:13,0.5,,16.550422
2026-07-07T16:28:52.094121,Raspberry_Relieve1,25.65299345,-100.29012571666667,38.804,0.0,0,100.0,-1,0.0,,,,,,00:13:13,0.57,,16.550422
2026-07-07T16:28:52.594281,Raspberry_Relieve1,25.65299345,-100.29012571666667,38.807,0.0,0,100.0,-1,0.0,,,,,,00:13:14,0.42,,16.550422
2026-07-07T16:28:53.094416,Raspberry_Relieve1,25.65299345,-100.29012571666667,38.807,0.0,0,100.0,-1,0.0,,,,,,00:13:14,0.51,,16.550422
2026-07-07T16:28:53.594559,Raspberry_Relieve1,25.65299345,-100.29012571666667,38.811,0.0,0,100.0,-1,0.0,,,,,,00:13:15,0.53,,16.550422
2026-07-07T16:28:54.094683,Raspberry_Relieve1,25.65299345,-100.29012571666667,38.811,0.0,0,100.0,-1,0.0,,,,,,00:13:15,0.5,,16.550422
2026-07-07T16:28:54.594807,Raspberry_Relieve1,25.65299345,-100.29012571666667,38.815,0.0,0,100.0,-1,0.0,,,,,,00:13:16,0.47,,16.550422
2026-07-07T16:28:55.094958,Raspberry_Relieve1,25.65299345,-100.29012571666667,38.815,0.0,0,100.0,-1,0.0,,,,,,00:13:16,0.53,,16.550422
2026-07-07T16:28:55.595083,Raspberry_Relieve1,25.65299345,-100.29012571666667,38.819,0.0,0,100.0,-1,0.0,,,,,,00:13:17,0.47,,16.550422
2026-07-07T16:28:56.095255,Raspberry_Relieve1,25.65299345,-100.29012571666667,38.819,0.0,0,100.0,-1,0.0,,,,,,00:13:17,0.49,,16.550422
2026-07-07T16:28:56.595376,Raspberry_Relieve1,25.65299345,-100.29012571666667,38.821,0.0,0,100.0,-1,0.0,,,,,,00:13:18,0.52,,16.550422
2026-07-07T16:28:57.095517,Raspberry_Relieve1,25.65299345,-100.29012571666667,38.821,0.0,0,100.0,-1,0.0,,,,,,00:13:18,0.48,,16.550422
2026-07-07T16:28:57.595640,Raspberry_Relieve1,25.65299345,-100.29012571666667,38.824,0.0,0,100.0,-1,0.0,,,,,,00:13:19,0.5,,16.550422
2026-07-07T16:28:58.095743,Raspberry_Relieve1,25.65299345,-100.29012571666667,38.824,0.0,0,100.0,-1,0.0,,,,,,00:13:19,0.88,,16.550422
2026-07-07T16:28:58.799625,Raspberry_Relieve1,25.65299345,-100.29012571666667,38.826,0.0,0,100.0,-1,0.0,,,,,,00:13:20,0.33,,16.550422
2026-07-07T16:28:59.299753,Raspberry_Relieve1,25.65299345,-100.29012571666667,38.829,0.0,0,100.0,-1,0.0,,,,,,00:13:20,0.5,,16.550422
2026-07-07T16:28:59.799839,Raspberry_Relieve1,25.65299345,-100.29012571666667,38.829,0.0,0,100.0,-1,0.0,,,,,,00:13:21,0.51,,16.550422
2026-07-07T16:29:00.299939,Raspberry_Relieve1,25.65299345,-100.29012571666667,38.83,0.0,0,100.0,-1,0.0,,,,,,00:13:21,0.49,,16.550422
2026-07-07T16:29:00.800038,Raspberry_Relieve1,25.65299345,-100.29012571666667,38.83,0.0,0,100.0,-1,0.0,,,,,,00:13:22,0.49,,16.550422
2026-07-07T16:29:01.300152,Raspberry_Relieve1,25.65299345,-100.29012571666667,38.832,0.0,0,100.0,-1,0.0,,,,,,00:13:22,0.52,,16.550422
2026-07-07T16:29:01.800255,Raspberry_Relieve1,25.65299345,-100.29012571666667,38.832,0.0,0,100.0,-1,0.0,,,,,,00:13:23,0.5,,16.550422
2026-07-07T16:29:02.300348,Raspberry_Relieve1,25.65299345,-100.29012571666667,38.835,0.0,0,100.0,-1,0.0,,,,,,00:13:23,0.48,,16.550422
2026-07-07T16:29:02.800549,Raspberry_Relieve1,25.65299345,-100.29012571666667,38.835,0.0,0,100.0,-1,0.0,,,,,,00:13:24,0.51,,16.550422
2026-07-07T16:29:03.300666,Raspberry_Relieve1,25.65299345,-100.29012571666667,38.837,0.0,0,100.0,-1,0.0,,,,,,00:13:24,0.5,,16.550422
2026-07-07T16:29:03.800835,Raspberry_Relieve1,25.65299345,-100.29012571666667,38.837,0.0,0,100.0,-1,0.0,,,,,,00:13:25,0.51,,16.550422
2026-07-07T16:29:04.301106,Raspberry_Relieve1,25.65299345,-100.29012571666667,38.838,0.0,0,100.0,-1,0.0,,,,,,00:13:25,0.47,,16.550422
2026-07-07T16:29:04.801207,Raspberry_Relieve1,25.65299345,-100.29012571666667,38.838,0.0,0,100.0,-1,0.0,,,,,,00:13:26,0.53,,16.550422
2026-07-07T16:29:05.301417,Raspberry_Relieve1,25.65299345,-100.29012571666667,38.84,0.0,0,100.0,-1,0.0,,,,,,00:13:26,0.47,,16.550422
2026-07-07T16:29:05.801524,Raspberry_Relieve1,25.65299345,-100.29012571666667,38.84,0.0,0,100.0,-1,0.0,,,,,,00:13:27,0.51,,16.550422
2026-07-07T16:29:06.301621,Raspberry_Relieve1,25.65299345,-100.29012571666667,38.843,0.0,0,100.0,-1,0.0,,,,,,00:13:27,0.51,,16.550422
2026-07-07T16:29:06.801717,Raspberry_Relieve1,25.65299345,-100.29012571666667,38.843,0.0,0,100.0,-1,0.0,,,,,,00:13:28,0.49,,16.550422
2026-07-07T16:29:07.301895,Raspberry_Relieve1,25.65299345,-100.29012571666667,38.707,0.547,21,100.0,-1,0.0,,,,,,00:13:28,0.51,0.003002,16.553425
2026-07-07T16:29:07.802018,Raspberry_Relieve1,25.65299345,-100.29012571666667,38.707,0.547,21,100.0,-1,0.0,,,,,,00:13:29,0.5,0.002941,16.556366
2026-07-07T16:29:08.302240,Raspberry_Relieve1,25.65299345,-100.29012571666667,36.466,17.288,630,100.0,-1,0.0,,,,,,00:13:29,0.49,0.085436,16.641802
2026-07-07T16:29:08.802512,Raspberry_Relieve1,25.65299345,-100.29012571666667,36.466,17.288,630,100.0,-1,0.0,,,,,,00:13:30,0.53,0.091965,16.733767
2026-07-07T16:29:09.302464,Raspberry_Relieve1,25.65299345,-100.29012571666667,36.431,19.032,693,100.0,-1,0.0,,,,,,00:13:30,0.47,0.089798,16.823565
2026-07-07T16:29:09.802558,Raspberry_Relieve1,25.65299345,-100.29012571666667,36.431,19.032,693,100.0,-1,0.0,,,,,,00:13:31,0.5,0.096271,16.919836
2026-07-07T16:29:10.302664,Raspberry_Relieve1,25.65299345,-100.29012571666667,36.395,19.119,696,100.0,-1,0.0,,,,,,00:13:31,0.52,0.099635,17.019471
2026-07-07T16:29:10.802764,Raspberry_Relieve1,25.65299345,-100.29012571666667,36.395,19.119,696,100.0,-1,0.0,,,,,,00:13:32,0.5,0.096963,17.116435
2026-07-07T16:29:11.302977,Raspberry_Relieve1,25.65299345,-100.29012571666667,36.369,19.074,694,100.0,-1,0.0,,,,,,00:13:32,0.51,0.097733,17.214168
2026-07-07T16:29:11.803089,Raspberry_Relieve1,25.65299345,-100.29012571666667,36.369,19.074,694,100.0,-1,0.0,,,,,,00:13:33,0.48,0.091737,17.305905
2026-07-07T16:29:12.303186,Raspberry_Relieve1,25.65299345,-100.29012571666667,36.346,19.044,692,100.0,-1,0.0,,,,,,00:13:33,0.51,0.098108,17.404013
2026-07-07T16:29:12.803281,Raspberry_Relieve1,25.65299345,-100.29012571666667,36.346,19.044,692,100.0,-1,0.0,,,,,,00:13:34,0.49,0.094816,17.498829
2026-07-07T16:29:13.303392,Raspberry_Relieve1,25.65299345,-100.29012571666667,36.328,19.008,691,100.0,-1,0.0,,,,,,00:13:34,0.57,0.110338,17.609166
2026-07-07T16:29:13.803484,Raspberry_Relieve1,25.65299345,-100.29012571666667,36.328,19.008,691,100.0,-1,0.0,,,,,,00:13:35,0.42,0.081224,17.69039
2026-07-07T16:29:14.303597,Raspberry_Relieve1,25.65299345,-100.29012571666667,36.524,17.857,652,100.0,-1,0.0,,,,,,00:13:35,0.5,0.090148,17.780538
2026-07-07T16:29:14.803727,Raspberry_Relieve1,25.65299345,-100.29012571666667,36.524,17.857,652,100.0,-1,0.0,,,,,,00:13:36,0.51,0.092727,17.873264
2026-07-07T16:29:15.303812,Raspberry_Relieve1,25.65299345,-100.29012571666667,38.633,1.133,44,100.0,-1,0.0,,,,,,00:13:36,0.48,0.005924,17.879188
2026-07-07T16:29:15.803908,Raspberry_Relieve1,25.65299345,-100.29012571666667,38.633,1.133,44,100.0,-1,0.0,,,,,,00:13:37,0.54,0.006541,17.885728
2026-07-07T16:29:16.304013,Raspberry_Relieve1,25.65299345,-100.29012571666667,38.662,0.0,0,100.0,-1,0.0,,,,,,00:13:37,0.48,,17.885728
2026-07-07T16:29:16.804114,Raspberry_Relieve1,25.65299345,-100.29012571666667,38.662,0.0,0,100.0,-1,0.0,,,,,,00:13:38,0.51,,17.885728
2026-07-07T16:29:17.304212,Raspberry_Relieve1,25.65299345,-100.29012571666667,38.68,0.0,0,100.0,-1,0.0,,,,,,00:13:38,0.49,,17.885728
2026-07-07T16:29:17.804308,Raspberry_Relieve1,25.65299345,-100.29012571666667,38.68,0.0,0,100.0,-1,0.0,,,,,,00:13:39,0.53,,17.885728
2026-07-07T16:29:18.304406,Raspberry_Relieve1,25.65299345,-100.29012571666667,38.694,0.0,0,100.0,-1,0.0,,,,,,00:13:39,0.49,,17.885728
2026-07-07T16:29:18.804506,Raspberry_Relieve1,25.65299345,-100.29012571666667,38.694,0.0,0,100.0,-1,0.0,,,,,,00:13:40,0.53,,17.885728
2026-07-07T16:29:19.304656,Raspberry_Relieve1,25.65299345,-100.29012571666667,38.706,0.0,0,100.0,-1,0.0,,,,,,00:13:40,0.47,,17.885728
2026-07-07T16:29:19.804751,Raspberry_Relieve1,25.65299345,-100.29012571666667,38.706,0.0,0,100.0,-1,0.0,,,,,,00:13:41,0.51,,17.885728
2026-07-07T16:29:20.304853,Raspberry_Relieve1,25.65299345,-100.29012571666667,38.715,0.0,0,100.0,-1,0.0,,,,,,00:13:41,0.5,,17.885728
2026-07-07T16:29:20.804950,Raspberry_Relieve1,25.65299345,-100.29012571666667,38.715,0.0,0,100.0,-1,0.0,,,,,,00:13:42,0.48,,17.885728
2026-07-07T16:29:21.305061,Raspberry_Relieve1,25.65299345,-100.29012571666667,36.378,17.183,625,100.0,-1,0.0,,,,,,00:13:42,0.51,0.087925,17.973653
2026-07-07T16:29:21.805268,Raspberry_Relieve1,25.65299345,-100.29012571666667,36.378,17.183,625,100.0,-1,0.0,,,,,,00:13:43,0.5,0.08699,18.060644
2026-07-07T16:29:22.305504,Raspberry_Relieve1,25.65299345,-100.29012571666667,36.337,18.991,690,100.0,-1,0.0,,,,,,00:13:43,0.58,0.112074,18.172717
2026-07-07T16:29:22.805597,Raspberry_Relieve1,25.65299345,-100.29012571666667,36.337,18.991,690,100.0,-1,0.0,,,,,,00:13:44,0.39,0.075595,18.248312
2026-07-07T16:29:23.305713,Raspberry_Relieve1,25.65299345,-100.29012571666667,36.309,19.079,693,100.0,-1,0.0,,,,,,00:13:44,0.52,0.099143,18.347455
2026-07-07T16:29:23.805800,Raspberry_Relieve1,25.65299345,-100.29012571666667,36.309,19.079,693,100.0,-1,0.0,,,,,,00:13:45,0.52,0.100874,18.448329
2026-07-07T16:29:24.305909,Raspberry_Relieve1,25.65299345,-100.29012571666667,36.267,19.1,693,100.0,-1,0.0,,,,,,00:13:45,0.47,0.090266,18.538595
2026-07-07T16:29:24.805998,Raspberry_Relieve1,25.65299345,-100.29012571666667,36.267,19.1,693,100.0,-1,0.0,,,,,,00:13:46,0.5,0.095982,18.634578
2026-07-07T16:29:25.306223,Raspberry_Relieve1,25.65299345,-100.29012571666667,36.249,19.062,691,100.0,-1,0.0,,,,,,00:13:46,0.5,0.096738,18.731315
2026-07-07T16:29:25.806424,Raspberry_Relieve1,25.65299345,-100.29012571666667,36.249,19.062,691,100.0,-1,0.0,,,,,,00:13:47,0.49,0.094604,18.825919
2026-07-07T16:29:26.306523,Raspberry_Relieve1,25.65299345,-100.29012571666667,36.232,19.051,690,100.0,-1,0.0,,,,,,00:13:47,0.53,0.101176,18.927095
2026-07-07T16:29:26.806718,Raspberry_Relieve1,25.65299345,-100.29012571666667,36.232,19.051,690,100.0,-1,0.0,,,,,,00:13:48,0.47,0.090656,19.017751
2026-07-07T16:29:27.306829,Raspberry_Relieve1,25.65299345,-100.29012571666667,36.215,19.038,689,100.0,-1,0.0,,,,,,00:13:48,0.52,0.098756,19.116507
2026-07-07T16:29:27.807030,Raspberry_Relieve1,25.65299345,-100.29012571666667,36.215,19.038,689,100.0,-1,0.0,,,,,,00:13:49,0.55,0.10476,19.221267
2026-07-07T16:29:28.307128,Raspberry_Relieve1,25.65299345,-100.29012571666667,36.191,19.054,690,100.0,-1,0.0,,,,,,00:13:49,0.45,0.085481,19.306748
2026-07-07T16:29:28.807333,Raspberry_Relieve1,25.65299345,-100.29012571666667,36.191,19.054,690,100.0,-1,0.0,,,,,,00:13:50,0.51,0.09774,19.404488
2026-07-07T16:29:29.307551,Raspberry_Relieve1,25.65299345,-100.29012571666667,36.187,19.049,689,100.0,-1,0.0,,,,,,00:13:50,0.48,0.092496,19.496984
2026-07-07T16:29:29.807755,Raspberry_Relieve1,25.65299345,-100.29012571666667,36.187,19.049,689,100.0,-1,0.0,,,,,,00:13:51,0.57,0.10862,19.605604
2026-07-07T16:29:30.524621,Raspberry_Relieve1,25.65299345,-100.29012571666667,37.121,14.838,551,100.0,-1,0.0,,,,,,00:13:52,0.69,0.105016,19.71062
2026-07-07T16:29:32.184749,Raspberry_Relieve1,25.65299345,-100.29012571666667,38.514,0.193,7,100.0,-1,0.0,,,,,,00:13:53,1.66,0.003227,19.713846
2026-07-07T16:29:32.684860,Raspberry_Relieve1,25.65299345,-100.29012571666667,38.514,0.193,7,100.0,-1,0.0,,,,,,00:13:54,0.5,0.000973,19.714819
2026-07-07T16:29:33.184956,Raspberry_Relieve1,25.65299345,-100.29012571666667,38.538,0.0,0,100.0,-1,0.0,,,,,,00:13:54,0.49,,19.714819
2026-07-07T16:29:33.685068,Raspberry_Relieve1,25.65299345,-100.29012571666667,38.538,0.0,0,100.0,-1,0.0,,,,,,00:13:55,0.51,,19.714819
2026-07-07T16:29:34.185166,Raspberry_Relieve1,25.65299345,-100.29012571666667,38.556,0.0,0,100.0,-1,0.0,,,,,,00:13:55,0.49,,19.714819
2026-07-07T16:29:35.012648,Raspberry_Relieve1,25.65299345,-100.29012571666667,38.556,0.0,0,100.0,-1,0.0,,,,,,00:13:56,0.83,,19.714819
2026-07-07T16:29:35.512773,Raspberry_Relieve1,25.65299345,-100.29012571666667,38.572,0.0,0,100.0,-1,0.0,,,,,,00:13:57,0.53,,19.714819
2026-07-07T16:29:36.136075,Raspberry_Relieve1,25.65299345,-100.29012571666667,38.572,0.0,0,100.0,-1,0.0,,,,,,00:13:57,0.61,,19.714819
2026-07-07T16:29:36.636193,Raspberry_Relieve1,25.65299345,-100.29012571666667,38.583,0.0,0,100.0,-1,0.0,,,,,,00:13:58,0.52,,19.714819
2026-07-07T16:29:37.136339,Raspberry_Relieve1,25.65299345,-100.29012571666667,38.583,0.0,0,100.0,-1,0.0,,,,,,00:13:58,0.52,,19.714819
2026-07-07T16:29:37.636423,Raspberry_Relieve1,25.65299345,-100.29012571666667,38.596,0.0,0,100.0,-1,0.0,,,,,,00:13:59,0.45,,19.714819
2026-07-07T16:29:38.136548,Raspberry_Relieve1,25.65299345,-100.29012571666667,38.596,0.0,0,100.0,-1,0.0,,,,,,00:13:59,0.56,,19.714819
2026-07-07T16:29:38.636645,Raspberry_Relieve1,25.65299345,-100.29012571666667,36.294,14.343,521,100.0,-1,0.0,,,,,,00:14:00,0.53,0.077158,19.791977
2026-07-07T16:29:39.136738,Raspberry_Relieve1,25.65299345,-100.29012571666667,36.294,14.343,521,100.0,-1,0.0,,,,,,00:14:00,0.42,0.060631,19.852608
2026-07-07T16:29:39.636890,Raspberry_Relieve1,25.65299345,-100.29012571666667,36.268,18.744,680,100.0,-1,0.0,,,,,,00:14:01,0.49,0.091791,19.944399
2026-07-07T16:29:40.137027,Raspberry_Relieve1,25.65299345,-100.29012571666667,36.268,18.744,680,100.0,-1,0.0,,,,,,00:14:01,0.53,0.100705,20.045104
2026-07-07T16:29:40.637063,Raspberry_Relieve1,25.65299345,-100.29012571666667,36.224,17.871,647,100.0,-1,0.0,,,,,,00:14:02,0.5,0.089039,20.134143
2026-07-07T16:29:41.137259,Raspberry_Relieve1,25.65299345,-100.29012571666667,36.224,17.871,647,100.0,-1,0.0,,,,,,00:14:02,0.46,0.083206,20.21735
2026-07-07T16:29:41.637372,Raspberry_Relieve1,25.65299345,-100.29012571666667,36.206,18.965,687,100.0,-1,0.0,,,,,,00:14:03,0.49,0.092725,20.310075
2026-07-07T16:29:42.137477,Raspberry_Relieve1,25.65299345,-100.29012571666667,36.206,18.965,687,100.0,-1,0.0,,,,,,00:14:03,0.53,0.101807,20.411882
2026-07-07T16:29:42.637582,Raspberry_Relieve1,25.65299345,-100.29012571666667,36.808,14.598,537,100.0,-1,0.0,,,,,,00:14:04,0.51,0.075816,20.487698
2026-07-07T16:29:43.137698,Raspberry_Relieve1,25.65299345,-100.29012571666667,36.808,14.598,537,100.0,-1,0.0,,,,,,00:14:04,0.46,0.068489,20.556187
2026-07-07T16:29:43.637801,Raspberry_Relieve1,25.65299345,-100.29012571666667,36.808,14.598,537,100.0,-1,0.0,,,,,,00:14:05,0.55,0.082216,20.638403
2026-07-07T16:29:44.137925,Raspberry_Relieve1,25.65299345,-100.29012571666667,38.545,0.585,23,100.0,-1,0.0,,,,,,00:14:05,0.47,0.003005,20.641407
2026-07-07T16:29:44.638042,Raspberry_Relieve1,25.65299345,-100.29012571666667,38.528,0.0,0,100.0,-1,0.0,,,,,,00:14:06,0.5,,20.641407
2026-07-07T16:29:45.138153,Raspberry_Relieve1,25.65299345,-100.29012571666667,38.528,0.0,0,100.0,-1,0.0,,,,,,00:14:06,0.47,,20.641407
2026-07-07T16:29:45.638276,Raspberry_Relieve1,25.65299345,-100.29012571666667,38.546,0.0,0,100.0,-1,0.0,,,,,,00:14:07,0.52,,20.641407
2026-07-07T16:29:46.138392,Raspberry_Relieve1,25.65299345,-100.29012571666667,38.546,0.0,0,100.0,-1,0.0,,,,,,00:14:07,0.49,,20.641407
2026-07-07T16:29:46.638500,Raspberry_Relieve1,25.65299345,-100.29012571666667,38.562,0.0,0,100.0,-1,0.0,,,,,,00:14:08,0.49,,20.641407
2026-07-07T16:29:47.138669,Raspberry_Relieve1,25.65299345,-100.29012571666667,38.562,0.0,0,100.0,-1,0.0,,,,,,00:14:08,0.68,,20.641407
2026-07-07T16:29:47.638774,Raspberry_Relieve1,25.65299345,-100.29012571666667,38.574,0.0,0,100.0,-1,0.0,,,,,,00:14:09,0.39,,20.641407
2026-07-07T16:29:48.138915,Raspberry_Relieve1,25.65299345,-100.29012571666667,38.574,0.0,0,100.0,-1,0.0,,,,,,00:14:09,0.45,,20.641407
2026-07-07T16:29:48.793523,Raspberry_Relieve1,25.65299345,-100.29012571666667,38.584,0.0,0,100.0,-1,0.0,,,,,,00:14:10,0.69,,20.641407
2026-07-07T16:29:49.293657,Raspberry_Relieve1,25.65299345,-100.29012571666667,38.542,0.526,20,100.0,-1,0.0,,,,,,00:14:10,0.49,0.002713,20.64412
2026-07-07T16:29:53.522040,Raspberry_Relieve1,25.65299345,-100.29012571666667,37.482,13.418,503,100.0,-1,0.0,,,,,,00:14:15,4.22,0.589156,21.233276
2026-07-07T16:29:54.022156,Raspberry_Relieve1,25.65299345,-100.29012571666667,37.482,13.418,503,100.0,-1,0.0,,,,,,00:14:15,0.49,0.069071,21.302347
2026-07-07T16:29:54.522274,Raspberry_Relieve1,25.65299345,-100.29012571666667,36.208,17.699,641,100.0,-1,0.0,,,,,,00:14:16,0.51,0.091183,21.393529
2026-07-07T16:29:55.022370,Raspberry_Relieve1,25.65299345,-100.29012571666667,36.208,17.699,641,100.0,-1,0.0,,,,,,00:14:16,0.49,0.08808,21.481609
2026-07-07T16:29:55.522464,Raspberry_Relieve1,25.65299345,-100.29012571666667,37.943,11.584,440,100.0,-1,0.0,,,,,,00:14:17,0.53,0.064281,21.545891
2026-07-07T16:29:56.022584,Raspberry_Relieve1,25.65299345,-100.29012571666667,37.943,11.584,440,100.0,-1,0.0,,,,,,00:14:18,0.96,0.117832,21.663722
2026-07-07T16:29:56.970607,Raspberry_Relieve1,25.65299345,-100.29012571666667,38.537,0.703,27,100.0,-1,0.0,,,,,,00:14:18,0.47,0.003545,21.667267
2026-07-07T16:29:57.470751,Raspberry_Relieve1,25.65299345,-100.29012571666667,38.559,0.0,0,100.0,-1,0.0,,,,,,00:14:18,0.52,,21.667267
2026-07-07T16:29:57.970844,Raspberry_Relieve1,25.65299345,-100.29012571666667,38.559,0.0,0,100.0,-1,0.0,,,,,,00:14:19,0.5,,21.667267
2026-07-07T16:29:58.470943,Raspberry_Relieve1,25.65299345,-100.29012571666667,36.691,9.889,363,100.0,-1,0.0,,,,,,00:14:19,0.48,0.048518,21.715785
2026-07-07T16:29:58.971072,Raspberry_Relieve1,25.65299345,-100.29012571666667,36.691,9.889,363,100.0,-1,0.0,,,,,,00:14:20,0.52,0.05223,21.768015
2026-07-07T16:29:59.471197,Raspberry_Relieve1,25.65299345,-100.29012571666667,38.543,2.959,114,100.0,-1,0.0,,,,,,00:14:20,0.46,0.014581,21.782597
2026-07-07T16:29:59.971290,Raspberry_Relieve1,25.65299345,-100.29012571666667,38.543,2.959,114,100.0,-1,0.0,,,,,,00:14:21,0.52,0.016508,21.799104
2026-07-07T16:30:00.485523,Raspberry_Relieve1,25.65299345,-100.29012571666667,38.567,0.166,6,100.0,-1,0.0,,,,,,00:14:21,0.5,0.000834,21.799938
2026-07-07T16:30:00.996283,Raspberry_Relieve1,25.65299345,-100.29012571666667,38.567,0.166,6,100.0,-1,0.0,,,,,,00:14:22,0.49,0.000821,21.800759
2026-07-07T16:30:01.496402,Raspberry_Relieve1,25.65299345,-100.29012571666667,38.581,0.0,0,100.0,-1,0.0,,,,,,00:14:22,0.51,,21.800759
2026-07-07T16:30:01.996488,Raspberry_Relieve1,25.65299345,-100.29012571666667,38.581,0.0,0,100.0,-1,0.0,,,,,,00:14:23,0.52,,21.800759
2026-07-07T16:30:02.496598,Raspberry_Relieve1,25.65299345,-100.29012571666667,38.591,0.0,0,100.0,-1,0.0,,,,,,00:14:23,0.48,,21.800759
2026-07-07T16:30:02.996744,Raspberry_Relieve1,25.65299345,-100.29012571666667,38.591,0.0,0,100.0,-1,0.0,,,,,,00:14:24,0.53,,21.800759
2026-07-07T16:30:03.496838,Raspberry_Relieve1,25.65299345,-100.29012571666667,38.602,0.0,0,100.0,-1,0.0,,,,,,00:14:25,0.6,,21.800759
2026-07-07T16:30:03.996936,Raspberry_Relieve1,25.65299345,-100.29012571666667,38.602,0.0,0,100.0,-1,0.0,,,,,,00:14:25,0.38,,21.800759
2026-07-07T16:30:04.497102,Raspberry_Relieve1,25.65299345,-100.29012571666667,38.611,0.0,0,100.0,-1,0.0,,,,,,00:14:25,0.49,,21.800759
2026-07-07T16:30:04.997216,Raspberry_Relieve1,25.65299345,-100.29012571666667,38.611,0.0,0,100.0,-1,0.0,,,,,,00:14:26,0.52,,21.800759
2026-07-07T16:30:05.497333,Raspberry_Relieve1,25.65299345,-100.29012571666667,38.617,0.0,0,100.0,-1,0.0,,,,,,00:14:27,0.54,,21.800759
2026-07-07T16:30:05.997471,Raspberry_Relieve1,25.65299345,-100.29012571666667,38.617,0.0,0,100.0,-1,0.0,,,,,,00:14:27,0.56,,21.800759
2026-07-07T16:30:06.497679,Raspberry_Relieve1,25.65299345,-100.29012571666667,38.625,0.0,0,100.0,-1,0.0,,,,,,00:14:27,0.4,,21.800759
2026-07-07T16:30:06.997820,Raspberry_Relieve1,25.65299345,-100.29012571666667,38.625,0.0,0,100.0,-1,0.0,,,,,,00:14:28,0.56,,21.800759
2026-07-07T16:30:07.497946,Raspberry_Relieve1,25.65299345,-100.29012571666667,38.631,0.0,0,100.0,-1,0.0,,,,,,00:14:28,0.45,,21.800759
2026-07-07T16:30:07.998087,Raspberry_Relieve1,25.65299345,-100.29012571666667,38.631,0.0,0,100.0,-1,0.0,,,,,,00:14:29,0.47,,21.800759
2026-07-07T16:30:08.498208,Raspberry_Relieve1,25.65299345,-100.29012571666667,38.636,0.0,0,100.0,-1,0.0,,,,,,00:14:29,0.51,,21.800759
2026-07-07T16:30:08.998312,Raspberry_Relieve1,25.65299345,-100.29012571666667,38.636,0.0,0,100.0,-1,0.0,,,,,,00:14:30,0.53,,21.800759
2026-07-07T16:30:09.498436,Raspberry_Relieve1,25.65299345,-100.29012571666667,38.642,0.0,0,100.0,-1,0.0,,,,,,00:14:31,0.5,,21.800759
2026-07-07T16:30:09.998543,Raspberry_Relieve1,25.65299345,-100.29012571666667,38.642,0.0,0,100.0,-1,0.0,,,,,,00:14:31,0.69,,21.800759
2026-07-07T16:30:10.498627,Raspberry_Relieve1,25.65299345,-100.29012571666667,38.648,0.0,0,100.0,-1,0.0,,,,,,00:14:32,0.44,,21.800759
2026-07-07T16:30:10.998752,Raspberry_Relieve1,25.65299345,-100.29012571666667,38.648,0.0,0,100.0,-1,0.0,,,,,,00:14:32,0.34,,21.800759
2026-07-07T16:30:11.498897,Raspberry_Relieve1,25.65299345,-100.29012571666667,38.409,1.048,40,100.0,-1,0.0,,,,,,00:14:32,0.52,0.005723,21.806482
2026-07-07T16:30:11.998990,Raspberry_Relieve1,25.65299345,-100.29012571666667,38.409,1.048,40,100.0,-1,0.0,,,,,,00:14:33,0.5,0.005538,21.81202
2026-07-07T16:30:12.499169,Raspberry_Relieve1,25.65299345,-100.29012571666667,38.609,5.307,205,100.0,-1,0.0,,,,,,00:14:33,0.51,0.028793,21.840813
2026-07-07T16:30:12.999269,Raspberry_Relieve1,25.65299345,-100.29012571666667,38.609,5.307,205,100.0,-1,0.0,,,,,,00:14:34,0.49,0.027724,21.868537
2026-07-07T16:30:13.499439,Raspberry_Relieve1,25.65299345,-100.29012571666667,36.691,11.2,411,100.0,-1,0.0,,,,,,00:14:34,0.51,0.058471,21.927007
2026-07-07T16:30:13.999516,Raspberry_Relieve1,25.65299345,-100.29012571666667,36.691,11.2,411,100.0,-1,0.0,,,,,,00:14:35,0.49,0.056306,21.983313
2026-07-07T16:30:14.499672,Raspberry_Relieve1,25.65299345,-100.29012571666667,38.617,0.678,26,100.0,-1,0.0,,,,,,00:14:35,0.5,0.003623,21.986936
2026-07-07T16:30:14.999780,Raspberry_Relieve1,25.65299345,-100.29012571666667,38.617,0.678,26,100.0,-1,0.0,,,,,,00:14:36,0.49,0.003519,21.990456
2026-07-07T16:30:15.499935,Raspberry_Relieve1,25.65299345,-100.29012571666667,38.629,0.0,0,100.0,-1,0.0,,,,,,00:14:36,0.51,,21.990456
2026-07-07T16:30:16.000012,Raspberry_Relieve1,25.65299345,-100.29012571666667,38.629,0.0,0,100.0,-1,0.0,,,,,,00:14:37,0.54,,21.990456
2026-07-07T16:30:16.500147,Raspberry_Relieve1,25.65299345,-100.29012571666667,38.638,0.0,0,100.0,-1,0.0,,,,,,00:14:37,0.44,,21.990456
2026-07-07T16:30:17.000285,Raspberry_Relieve1,25.65299345,-100.29012571666667,38.638,0.0,0,100.0,-1,0.0,,,,,,00:14:38,0.5,,21.990456
2026-07-07T16:30:17.500404,Raspberry_Relieve1,25.65299345,-100.29012571666667,38.646,0.0,0,100.0,-1,0.0,,,,,,00:14:39,0.54,,21.990456
2026-07-07T16:30:18.000479,Raspberry_Relieve1,25.65299345,-100.29012571666667,38.646,0.0,0,100.0,-1,0.0,,,,,,00:14:39,0.46,,21.990456
2026-07-07T16:30:18.500599,Raspberry_Relieve1,25.65299345,-100.29012571666667,38.653,0.0,0,100.0,-1,0.0,,,,,,00:14:39,0.53,,21.990456
2026-07-07T16:30:19.000727,Raspberry_Relieve1,25.65299345,-100.29012571666667,38.653,0.0,0,100.0,-1,0.0,,,,,,00:14:40,0.47,,21.990456
2026-07-07T16:30:19.500893,Raspberry_Relieve1,25.65299345,-100.29012571666667,38.659,0.0,0,100.0,-1,0.0,,,,,,00:14:40,0.52,,21.990456
2026-07-07T16:30:20.001016,Raspberry_Relieve1,25.65299345,-100.29012571666667,38.659,0.0,0,100.0,-1,0.0,,,,,,00:14:41,0.5,,21.990456
2026-07-07T16:30:20.501118,Raspberry_Relieve1,25.65299345,-100.29012571666667,38.664,0.0,0,100.0,-1,0.0,,,,,,00:14:41,0.51,,21.990456
2026-07-07T16:30:21.001228,Raspberry_Relieve1,25.65299345,-100.29012571666667,38.664,0.0,0,100.0,-1,0.0,,,,,,00:14:42,0.49,,21.990456
2026-07-07T16:30:21.501355,Raspberry_Relieve1,25.65299345,-100.29012571666667,38.668,0.0,0,100.0,-1,0.0,,,,,,00:14:42,0.5,,21.990456
2026-07-07T16:30:22.001443,Raspberry_Relieve1,25.65299345,-100.29012571666667,38.668,0.0,0,100.0,-1,0.0,,,,,,00:14:43,0.49,,21.990456
2026-07-07T16:30:22.501563,Raspberry_Relieve1,25.65299345,-100.29012571666667,38.673,0.0,0,100.0,-1,0.0,,,,,,00:14:43,0.5,,21.990456
2026-07-07T16:30:23.001685,Raspberry_Relieve1,25.65299345,-100.29012571666667,38.673,0.0,0,100.0,-1,0.0,,,,,,00:14:44,0.5,,21.990456
2026-07-07T16:30:23.501811,Raspberry_Relieve1,25.65299345,-100.29012571666667,38.676,0.0,0,100.0,-1,0.0,,,,,,00:14:44,0.49,,21.990456
2026-07-07T16:30:24.001905,Raspberry_Relieve1,25.65299345,-100.29012571666667,38.676,0.0,0,100.0,-1,0.0,,,,,,00:14:45,0.51,,21.990456
2026-07-07T16:30:24.502020,Raspberry_Relieve1,25.65299345,-100.29012571666667,38.681,0.0,0,100.0,-1,0.0,,,,,,00:14:45,0.5,,21.990456
2026-07-07T16:30:25.002127,Raspberry_Relieve1,25.65299345,-100.29012571666667,38.681,0.0,0,100.0,-1,0.0,,,,,,00:14:46,0.51,,21.990456
2026-07-07T16:30:25.502270,Raspberry_Relieve1,25.65299345,-100.29012571666667,38.685,0.0,0,100.0,-1,0.0,,,,,,00:14:46,0.49,,21.990456
2026-07-07T16:30:26.002469,Raspberry_Relieve1,25.65299345,-100.29012571666667,38.685,0.0,0,100.0,-1,0.0,,,,,,00:14:47,0.5,,21.990456
2026-07-07T16:30:26.502587,Raspberry_Relieve1,25.65299345,-100.29012571666667,38.688,0.0,0,100.0,-1,0.0,,,,,,00:14:47,0.5,,21.990456
2026-07-07T16:30:27.002675,Raspberry_Relieve1,25.65299345,-100.29012571666667,38.688,0.0,0,100.0,-1,0.0,,,,,,00:14:48,0.5,,21.990456
2026-07-07T16:30:27.502815,Raspberry_Relieve1,25.65299345,-100.29012571666667,38.691,0.0,0,100.0,-1,0.0,,,,,,00:14:48,0.52,,21.990456
2026-07-07T16:30:28.002915,Raspberry_Relieve1,25.65299345,-100.29012571666667,38.691,0.0,0,100.0,-1,0.0,,,,,,00:14:49,0.48,,21.990456
2026-07-07T16:30:28.503055,Raspberry_Relieve1,25.65299345,-100.29012571666667,38.695,0.0,0,100.0,-1,0.0,,,,,,00:14:49,0.5,,21.990456
2026-07-07T16:30:29.003164,Raspberry_Relieve1,25.65299345,-100.29012571666667,38.695,0.0,0,100.0,-1,0.0,,,,,,00:14:50,0.51,,21.990456
2026-07-07T16:30:29.503371,Raspberry_Relieve1,25.65299345,-100.29012571666667,38.697,0.0,0,100.0,-1,0.0,,,,,,00:14:50,0.49,,21.990456
2026-07-07T16:30:30.003447,Raspberry_Relieve1,25.65299345,-100.29012571666667,38.697,0.0,0,100.0,-1,0.0,,,,,,00:14:51,0.5,,21.990456
2026-07-07T16:30:30.503610,Raspberry_Relieve1,25.65299345,-100.29012571666667,38.701,0.0,0,100.0,-1,0.0,,,,,,00:14:51,0.51,,21.990456
2026-07-07T16:30:31.003708,Raspberry_Relieve1,25.65299345,-100.29012571666667,38.701,0.0,0,100.0,-1,0.0,,,,,,00:14:52,0.5,,21.990456
2026-07-07T16:30:31.503838,Raspberry_Relieve1,25.65299345,-100.29012571666667,38.703,0.0,0,100.0,-1,0.0,,,,,,00:14:52,0.51,,21.990456
2026-07-07T16:30:32.003960,Raspberry_Relieve1,25.65299345,-100.29012571666667,38.703,0.0,0,100.0,-1,0.0,,,,,,00:14:53,0.51,,21.990456
2026-07-07T16:30:32.504071,Raspberry_Relieve1,25.65299345,-100.29012571666667,38.706,0.0,0,100.0,-1,0.0,,,,,,00:14:54,0.59,,21.990456
2026-07-07T16:30:33.004171,Raspberry_Relieve1,25.65299345,-100.29012571666667,38.706,0.0,0,100.0,-1,0.0,,,,,,00:14:54,0.38,,21.990456
2026-07-07T16:30:33.504320,Raspberry_Relieve1,25.65299345,-100.29012571666667,38.708,0.0,0,100.0,-1,0.0,,,,,,00:14:54,0.51,,21.990456
2026-07-07T16:30:34.004406,Raspberry_Relieve1,25.65299345,-100.29012571666667,38.708,0.0,0,100.0,-1,0.0,,,,,,00:14:55,0.51,,21.990456
2026-07-07T16:30:34.504526,Raspberry_Relieve1,25.65299345,-100.29012571666667,38.711,0.0,0,100.0,-1,0.0,,,,,,00:14:56,0.53,,21.990456
2026-07-07T16:30:35.004634,Raspberry_Relieve1,25.65299345,-100.29012571666667,38.711,0.0,0,100.0,-1,0.0,,,,,,00:14:56,0.46,,21.990456
2026-07-07T16:30:35.504813,Raspberry_Relieve1,25.65299345,-100.29012571666667,38.716,0.0,0,100.0,-1,0.0,,,,,,00:14:56,0.51,,21.990456
2026-07-07T16:30:36.004924,Raspberry_Relieve1,25.65299345,-100.29012571666667,38.716,0.0,0,100.0,-1,0.0,,,,,,00:14:57,0.51,,21.990456
2026-07-07T16:30:36.505087,Raspberry_Relieve1,25.65299345,-100.29012571666667,38.717,0.0,0,100.0,-1,0.0,,,,,,00:14:57,0.47,,21.990456
2026-07-07T16:30:37.005235,Raspberry_Relieve1,25.65299345,-100.29012571666667,38.717,0.0,0,100.0,-1,0.0,,,,,,00:14:58,0.51,,21.990456
2026-07-07T16:30:37.505379,Raspberry_Relieve1,25.65299345,-100.29012571666667,38.719,0.0,0,100.0,-1,0.0,,,,,,00:14:58,0.5,,21.990456
2026-07-07T16:30:38.005494,Raspberry_Relieve1,25.65299345,-100.29012571666667,38.719,0.0,0,100.0,-1,0.0,,,,,,00:14:59,0.5,,21.990456
2026-07-07T16:30:38.505655,Raspberry_Relieve1,25.65299345,-100.29012571666667,38.721,0.0,0,100.0,-1,0.0,,,,,,00:14:59,0.51,,21.990456
2026-07-07T16:30:39.005792,Raspberry_Relieve1,25.65299345,-100.29012571666667,38.721,0.0,0,100.0,-1,0.0,,,,,,00:15:00,0.49,,21.990456
2026-07-07T16:30:39.505945,Raspberry_Relieve1,25.65299345,-100.29012571666667,38.723,0.0,0,100.0,-1,0.0,,,,,,00:15:00,0.49,,21.990456
2026-07-07T16:30:40.006052,Raspberry_Relieve1,25.65299345,-100.29012571666667,38.723,0.0,0,100.0,-1,0.0,,,,,,00:15:01,0.54,,21.990456
2026-07-07T16:30:40.506250,Raspberry_Relieve1,25.65299345,-100.29012571666667,38.725,0.0,0,100.0,-1,0.0,,,,,,00:15:02,0.53,,21.990456
2026-07-07T16:30:41.006405,Raspberry_Relieve1,25.65299345,-100.29012571666667,38.725,0.0,0,100.0,-1,0.0,,,,,,00:15:02,0.51,,21.990456
2026-07-07T16:30:41.506534,Raspberry_Relieve1,25.65299345,-100.29012571666667,38.728,0.0,0,100.0,-1,0.0,,,,,,00:15:02,0.43,,21.990456
2026-07-07T16:30:42.006643,Raspberry_Relieve1,25.65299345,-100.29012571666667,38.728,0.0,0,100.0,-1,0.0,,,,,,00:15:03,0.53,,21.990456
2026-07-07T16:30:42.506755,Raspberry_Relieve1,25.65299345,-100.29012571666667,38.729,0.0,0,100.0,-1,0.0,,,,,,00:15:03,0.48,,21.990456
2026-07-07T16:30:43.006878,Raspberry_Relieve1,25.65299345,-100.29012571666667,38.729,0.0,0,100.0,-1,0.0,,,,,,00:15:04,0.53,,21.990456
2026-07-07T16:30:43.507020,Raspberry_Relieve1,25.65299345,-100.29012571666667,38.731,0.0,0,100.0,-1,0.0,,,,,,00:15:05,0.48,,21.990456
2026-07-07T16:30:44.007137,Raspberry_Relieve1,25.65299345,-100.29012571666667,38.731,0.0,0,100.0,-1,0.0,,,,,,00:15:05,0.49,,21.990456
2026-07-07T16:30:44.507244,Raspberry_Relieve1,25.65299345,-100.29012571666667,38.734,0.0,0,100.0,-1,0.0,,,,,,00:15:05,0.48,,21.990456
2026-07-07T16:30:45.007373,Raspberry_Relieve1,25.65299345,-100.29012571666667,38.734,0.0,0,100.0,-1,0.0,,,,,,00:15:06,0.51,,21.990456
2026-07-07T16:30:45.507518,Raspberry_Relieve1,25.65299345,-100.29012571666667,38.735,0.0,0,100.0,-1,0.0,,,,,,00:15:06,0.51,,21.990456
2026-07-07T16:30:46.007618,Raspberry_Relieve1,25.65299345,-100.29012571666667,38.735,0.0,0,100.0,-1,0.0,,,,,,00:15:07,0.47,,21.990456
2026-07-07T16:30:46.507722,Raspberry_Relieve1,25.65299345,-100.29012571666667,38.738,0.0,0,100.0,-1,0.0,,,,,,00:15:07,0.51,,21.990456
2026-07-07T16:30:47.007841,Raspberry_Relieve1,25.65299345,-100.29012571666667,38.738,0.0,0,100.0,-1,0.0,,,,,,00:15:08,0.49,,21.990456
2026-07-07T16:30:47.508039,Raspberry_Relieve1,25.65299345,-100.29012571666667,38.74,0.0,0,100.0,-1,0.0,,,,,,00:15:08,0.52,,21.990456
2026-07-07T16:30:48.008144,Raspberry_Relieve1,25.65299345,-100.29012571666667,38.74,0.0,0,100.0,-1,0.0,,,,,,00:15:09,0.49,,21.990456
2026-07-07T16:30:48.508255,Raspberry_Relieve1,25.65299345,-100.29012571666667,38.741,0.0,0,100.0,-1,0.0,,,,,,00:15:09,0.5,,21.990456
2026-07-07T16:30:49.008402,Raspberry_Relieve1,25.65299345,-100.29012571666667,38.741,0.0,0,100.0,-1,0.0,,,,,,00:15:10,0.53,,21.990456
2026-07-07T16:30:49.508549,Raspberry_Relieve1,25.65299345,-100.29012571666667,38.742,0.0,0,100.0,-1,0.0,,,,,,00:15:10,0.47,,21.990456
2026-07-07T16:30:50.008666,Raspberry_Relieve1,25.65299345,-100.29012571666667,38.742,0.0,0,100.0,-1,0.0,,,,,,00:15:11,0.51,,21.990456
2026-07-07T16:30:50.508829,Raspberry_Relieve1,25.65299345,-100.29012571666667,38.74,0.0,0,100.0,-1,0.0,,,,,,00:15:11,0.52,,21.990456
2026-07-07T16:30:51.008937,Raspberry_Relieve1,25.65299345,-100.29012571666667,38.74,0.0,0,100.0,-1,0.0,,,,,,00:15:12,0.46,,21.990456
2026-07-07T16:30:51.509117,Raspberry_Relieve1,25.65299345,-100.29012571666667,38.744,0.0,0,100.0,-1,0.0,,,,,,00:15:12,0.51,,21.990456
2026-07-07T16:30:52.009226,Raspberry_Relieve1,25.65299345,-100.29012571666667,38.744,0.0,0,100.0,-1,0.0,,,,,,00:15:13,0.5,,21.990456
2026-07-07T16:30:52.509333,Raspberry_Relieve1,25.65299345,-100.29012571666667,38.746,0.0,0,100.0,-1,0.0,,,,,,00:15:13,0.51,,21.990456
2026-07-07T16:30:53.009442,Raspberry_Relieve1,25.65299345,-100.29012571666667,38.746,0.0,0,100.0,-1,0.0,,,,,,00:15:14,0.49,,21.990456
2026-07-07T16:30:53.509562,Raspberry_Relieve1,25.65299345,-100.29012571666667,38.747,0.0,0,100.0,-1,0.0,,,,,,00:15:14,0.5,,21.990456
2026-07-07T16:30:54.009669,Raspberry_Relieve1,25.65299345,-100.29012571666667,38.747,0.0,0,100.0,-1,0.0,,,,,,00:15:15,0.51,,21.990456
2026-07-07T16:30:54.509823,Raspberry_Relieve1,25.65299345,-100.29012571666667,38.747,0.0,0,100.0,-1,0.0,,,,,,00:15:15,0.48,,21.990456
2026-07-07T16:30:55.009902,Raspberry_Relieve1,25.65299345,-100.29012571666667,38.747,0.0,0,100.0,-1,0.0,,,,,,00:15:16,0.51,,21.990456
2026-07-07T16:30:55.510041,Raspberry_Relieve1,25.65299345,-100.29012571666667,38.75,0.0,0,100.0,-1,0.0,,,,,,00:15:16,0.49,,21.990456
2026-07-07T16:30:56.010133,Raspberry_Relieve1,25.65299345,-100.29012571666667,38.75,0.0,0,100.0,-1,0.0,,,,,,00:15:17,0.53,,21.990456
2026-07-07T16:30:56.510253,Raspberry_Relieve1,25.65299345,-100.29012571666667,38.751,0.0,0,100.0,-1,0.0,,,,,,00:15:17,0.47,,21.990456
2026-07-07T16:30:57.010396,Raspberry_Relieve1,25.65299345,-100.29012571666667,38.751,0.0,0,100.0,-1,0.0,,,,,,00:15:18,0.5,,21.990456
2026-07-07T16:30:57.510520,Raspberry_Relieve1,25.65299345,-100.29012571666667,38.753,0.0,0,100.0,-1,0.0,,,,,,00:15:18,0.5,,21.990456
2026-07-07T16:30:58.010627,Raspberry_Relieve1,25.65299345,-100.29012571666667,38.753,0.0,0,100.0,-1,0.0,,,,,,00:15:19,0.5,,21.990456
2026-07-07T16:30:58.510758,Raspberry_Relieve1,25.65299345,-100.29012571666667,38.754,0.0,0,100.0,-1,0.0,,,,,,00:15:19,0.5,,21.990456
2026-07-07T16:30:59.010871,Raspberry_Relieve1,25.65299345,-100.29012571666667,38.754,0.0,0,100.0,-1,0.0,,,,,,00:15:20,0.52,,21.990456
2026-07-07T16:30:59.511005,Raspberry_Relieve1,25.65299345,-100.29012571666667,38.756,0.0,0,100.0,-1,0.0,,,,,,00:15:20,0.48,,21.990456
2026-07-07T16:31:00.011092,Raspberry_Relieve1,25.65299345,-100.29012571666667,38.756,0.0,0,100.0,-1,0.0,,,,,,00:15:21,0.54,,21.990456
2026-07-07T16:31:00.511209,Raspberry_Relieve1,25.65299345,-100.29012571666667,38.756,0.0,0,100.0,-1,0.0,,,,,,00:15:22,0.52,,21.990456
2026-07-07T16:31:01.011360,Raspberry_Relieve1,25.65299345,-100.29012571666667,38.756,0.0,0,100.0,-1,0.0,,,,,,00:15:22,0.46,,21.990456
2026-07-07T16:31:01.511481,Raspberry_Relieve1,25.65299345,-100.29012571666667,38.757,0.0,0,100.0,-1,0.0,,,,,,00:15:23,0.51,,21.990456
2026-07-07T16:31:02.011597,Raspberry_Relieve1,25.65299345,-100.29012571666667,38.757,0.0,0,100.0,-1,0.0,,,,,,00:15:23,0.49,,21.990456
2026-07-07T16:31:02.511741,Raspberry_Relieve1,25.65299345,-100.29012571666667,38.757,0.0,0,100.0,-1,0.0,,,,,,00:15:23,0.48,,21.990456
2026-07-07T16:31:03.011860,Raspberry_Relieve1,25.65299345,-100.29012571666667,38.757,0.0,0,100.0,-1,0.0,,,,,,00:15:24,0.5,,21.990456
2026-07-07T16:31:03.512019,Raspberry_Relieve1,25.65299345,-100.29012571666667,38.759,0.0,0,100.0,-1,0.0,,,,,,00:15:24,0.52,,21.990456
2026-07-07T16:31:04.012137,Raspberry_Relieve1,25.65299345,-100.29012571666667,38.759,0.0,0,100.0,-1,0.0,,,,,,00:15:25,0.53,,21.990456
2026-07-07T16:31:04.512251,Raspberry_Relieve1,25.65299345,-100.29012571666667,38.761,0.0,0,100.0,-1,0.0,,,,,,00:15:25,0.46,,21.990456
2026-07-07T16:31:05.012385,Raspberry_Relieve1,25.65299345,-100.29012571666667,38.761,0.0,0,100.0,-1,0.0,,,,,,00:15:26,0.51,,21.990456
2026-07-07T16:31:05.512515,Raspberry_Relieve1,25.65299345,-100.29012571666667,38.759,0.0,0,100.0,-1,0.0,,,,,,00:15:26,0.5,,21.990456
2026-07-07T16:31:06.012630,Raspberry_Relieve1,25.65299345,-100.29012571666667,38.759,0.0,0,100.0,-1,0.0,,,,,,00:15:27,0.49,,21.990456
2026-07-07T16:31:06.512731,Raspberry_Relieve1,25.65299345,-100.29012571666667,38.76,0.0,0,100.0,-1,0.0,,,,,,00:15:27,0.51,,21.990456
2026-07-07T16:31:07.012840,Raspberry_Relieve1,25.65299345,-100.29012571666667,38.76,0.0,0,100.0,-1,0.0,,,,,,00:15:28,0.5,,21.990456
2026-07-07T16:31:07.512972,Raspberry_Relieve1,25.65299345,-100.29012571666667,38.762,0.0,0,100.0,-1,0.0,,,,,,00:15:28,0.5,,21.990456
2026-07-07T16:31:08.013091,Raspberry_Relieve1,25.65299345,-100.29012571666667,38.762,0.0,0,100.0,-1,0.0,,,,,,00:15:29,0.5,,21.990456
2026-07-07T16:31:08.513208,Raspberry_Relieve1,25.65299345,-100.29012571666667,38.762,0.0,0,100.0,-1,0.0,,,,,,00:15:29,0.52,,21.990456
2026-07-07T16:31:09.013316,Raspberry_Relieve1,25.65299345,-100.29012571666667,38.762,0.0,0,100.0,-1,0.0,,,,,,00:15:30,0.49,,21.990456
2026-07-07T16:31:09.513489,Raspberry_Relieve1,25.65299345,-100.29012571666667,36.449,13.004,474,100.0,-1,0.0,,,,,,00:15:30,0.5,0.065322,22.055778
2026-07-07T16:31:10.013589,Raspberry_Relieve1,25.65299345,-100.29012571666667,36.449,13.004,474,100.0,-1,0.0,,,,,,00:15:31,0.5,0.065996,22.121774
2026-07-07T16:31:10.513720,Raspberry_Relieve1,25.65299345,-100.29012571666667,38.719,2.732,106,100.0,-1,0.0,,,,,,00:15:32,0.54,0.015757,22.13753
2026-07-07T16:31:11.013827,Raspberry_Relieve1,25.65299345,-100.29012571666667,38.719,2.732,106,100.0,-1,0.0,,,,,,00:15:32,0.47,0.01381,22.15134
2026-07-07T16:31:11.513958,Raspberry_Relieve1,25.65299345,-100.29012571666667,38.733,0.15,6,100.0,-1,0.0,,,,,,00:15:32,0.51,0.000844,22.152184
2026-07-07T16:31:12.014046,Raspberry_Relieve1,25.65299345,-100.29012571666667,38.733,0.15,6,100.0,-1,0.0,,,,,,00:15:33,0.49,0.000809,22.152993
2026-07-07T16:31:12.514210,Raspberry_Relieve1,25.65299345,-100.29012571666667,38.74,0.0,0,100.0,-1,0.0,,,,,,00:15:33,0.5,,22.152993
2026-07-07T16:31:13.014323,Raspberry_Relieve1,25.65299345,-100.29012571666667,38.74,0.0,0,100.0,-1,0.0,,,,,,00:15:34,0.51,,22.152993
2026-07-07T16:31:13.514507,Raspberry_Relieve1,25.65299345,-100.29012571666667,36.403,16.843,613,100.0,-1,0.0,,,,,,00:15:34,0.49,0.082721,22.235714
2026-07-07T16:31:14.014611,Raspberry_Relieve1,25.65299345,-100.29012571666667,36.403,16.843,613,100.0,-1,0.0,,,,,,00:15:35,0.51,0.087657,22.323371
2026-07-07T16:31:14.514816,Raspberry_Relieve1,25.65299345,-100.29012571666667,36.353,19.011,691,100.0,-1,0.0,,,,,,00:15:35,0.5,0.096005,22.419376
2026-07-07T16:31:15.015008,Raspberry_Relieve1,25.65299345,-100.29012571666667,36.353,19.011,691,100.0,-1,0.0,,,,,,00:15:36,0.5,0.095043,22.514419
2026-07-07T16:31:15.515136,Raspberry_Relieve1,25.65299345,-100.29012571666667,36.306,19.16,696,100.0,-1,0.0,,,,,,00:15:37,0.54,0.104561,22.618979
2026-07-07T16:31:16.015288,Raspberry_Relieve1,25.65299345,-100.29012571666667,36.306,19.16,696,100.0,-1,0.0,,,,,,00:15:37,0.53,0.103026,22.722005
2026-07-07T16:31:16.515416,Raspberry_Relieve1,25.65299345,-100.29012571666667,36.279,19.151,695,100.0,-1,0.0,,,,,,00:15:37,0.44,0.084017,22.806022
2026-07-07T16:31:17.015528,Raspberry_Relieve1,25.65299345,-100.29012571666667,36.279,19.151,695,100.0,-1,0.0,,,,,,00:15:38,0.5,0.096828,22.90285
2026-07-07T16:31:17.515697,Raspberry_Relieve1,25.65299345,-100.29012571666667,36.254,19.143,694,100.0,-1,0.0,,,,,,00:15:38,0.49,0.093798,22.996648
2026-07-07T16:31:18.015838,Raspberry_Relieve1,25.65299345,-100.29012571666667,36.254,19.143,694,100.0,-1,0.0,,,,,,00:15:39,0.52,0.099679,23.096327
2026-07-07T16:31:18.515998,Raspberry_Relieve1,25.65299345,-100.29012571666667,38.093,11.215,427,100.0,-1,0.0,,,,,,00:15:39,0.49,0.058427,23.154754
2026-07-07T16:31:19.016146,Raspberry_Relieve1,25.65299345,-100.29012571666667,38.093,11.215,427,100.0,-1,0.0,,,,,,00:15:40,0.5,0.058808,23.213562
2026-07-07T16:31:19.516301,Raspberry_Relieve1,25.65299345,-100.29012571666667,36.703,8.777,322,100.0,-1,0.0,,,,,,00:15:40,0.5,0.044731,23.258293
2026-07-07T16:31:20.016388,Raspberry_Relieve1,25.65299345,-100.29012571666667,36.703,8.777,322,100.0,-1,0.0,,,,,,00:15:41,0.49,0.043904,23.302197
2026-07-07T16:31:20.516500,Raspberry_Relieve1,25.65299345,-100.29012571666667,38.546,3.706,143,100.0,-1,0.0,,,,,,00:15:41,0.51,0.020265,23.322462
2026-07-07T16:31:21.016611,Raspberry_Relieve1,25.65299345,-100.29012571666667,38.546,3.706,143,100.0,-1,0.0,,,,,,00:15:42,0.5,0.020009,23.342471
2026-07-07T16:31:21.516791,Raspberry_Relieve1,25.65299345,-100.29012571666667,38.636,-0.239,-9,100.0,-1,0.0,,,,,,00:15:42,0.5,-0.001255,23.341217
2026-07-07T16:31:22.016900,Raspberry_Relieve1,25.65299345,-100.29012571666667,38.636,-0.239,-9,100.0,-1,0.0,,,,,,00:15:43,0.49,-0.001237,23.33998
2026-07-07T16:31:22.517095,Raspberry_Relieve1,25.65299345,-100.29012571666667,38.596,0.0,0,100.0,-1,0.0,,,,,,00:15:43,0.5,,23.33998
2026-07-07T16:31:23.017199,Raspberry_Relieve1,25.65299345,-100.29012571666667,38.596,0.0,0,100.0,-1,0.0,,,,,,00:15:44,0.5,,23.33998
2026-07-07T16:31:23.517342,Raspberry_Relieve1,25.65299345,-100.29012571666667,38.608,0.0,0,100.0,-1,0.0,,,,,,00:15:44,0.49,,23.33998
2026-07-07T16:31:24.017436,Raspberry_Relieve1,25.65299345,-100.29012571666667,38.608,0.0,0,100.0,-1,0.0,,,,,,00:15:45,0.5,,23.33998
2026-07-07T16:31:24.517562,Raspberry_Relieve1,25.65299345,-100.29012571666667,38.698,-0.366,-14,100.0,-1,0.0,,,,,,00:15:45,0.51,-0.001969,23.33801
2026-07-07T16:31:25.017674,Raspberry_Relieve1,25.65299345,-100.29012571666667,38.698,-0.366,-14,100.0,-1,0.0,,,,,,00:15:46,0.51,-0.001987,23.336023
2026-07-07T16:31:25.517822,Raspberry_Relieve1,25.65299345,-100.29012571666667,38.698,-0.366,-14,100.0,-1,0.0,,,,,,00:15:46,0.49,-0.00189,23.334133
2026-07-07T16:31:26.017939,Raspberry_Relieve1,25.65299345,-100.29012571666667,38.733,-0.968,-37,100.0,14400,0.0,,,,,,00:15:47,0.5,-0.005105,23.329028
2026-07-07T16:31:26.518054,Raspberry_Relieve1,25.65299345,-100.29012571666667,38.638,-0.111,-4,100.0,14400,0.0,,,,,,00:15:47,0.49,-0.000548,23.32848
2026-07-07T16:31:27.018152,Raspberry_Relieve1,25.65299345,-100.29012571666667,38.638,-0.111,-4,100.0,14400,0.0,,,,,,00:15:48,0.49,-0.000547,23.327933
2026-07-07T16:31:27.518296,Raspberry_Relieve1,25.65299345,-100.29012571666667,38.638,-0.111,-4,100.0,14400,0.0,,,,,,00:15:48,0.52,-0.000575,23.327358
2026-07-07T16:31:28.018391,Raspberry_Relieve1,25.65299345,-100.29012571666667,38.429,0.915,35,100.0,-1,0.0,,,,,,00:15:49,0.51,0.004961,23.332318
2026-07-07T16:31:28.518555,Raspberry_Relieve1,25.65299345,-100.29012571666667,38.635,0.869,34,100.0,-1,0.0,,,,,,00:15:49,0.49,0.004589,23.336907
2026-07-07T16:31:29.018675,Raspberry_Relieve1,25.65299345,-100.29012571666667,38.635,0.869,34,100.0,-1,0.0,,,,,,00:15:50,0.5,0.004759,23.341666
2026-07-07T16:31:29.518868,Raspberry_Relieve1,25.65299345,-100.29012571666667,36.353,10.994,400,100.0,-1,0.0,,,,,,00:15:50,0.49,0.054869,23.396534
2026-07-07T16:31:30.018925,Raspberry_Relieve1,25.65299345,-100.29012571666667,36.353,10.994,400,100.0,-1,0.0,,,,,,00:15:51,0.5,0.055906,23.45244
2026-07-07T16:31:30.519085,Raspberry_Relieve1,25.65299345,-100.29012571666667,38.595,5.465,211,100.0,-1,0.0,,,,,,00:15:52,0.53,0.030969,23.48341
2026-07-07T16:31:31.019172,Raspberry_Relieve1,25.65299345,-100.29012571666667,38.595,5.465,211,100.0,-1,0.0,,,,,,00:15:52,0.49,0.028491,23.511901
2026-07-07T16:31:31.519322,Raspberry_Relieve1,25.65299345,-100.29012571666667,38.625,0.32,12,100.0,-1,0.0,,,,,,00:15:52,0.47,0.00156,23.513461
2026-07-07T16:31:32.019408,Raspberry_Relieve1,25.65299345,-100.29012571666667,38.625,0.32,12,100.0,-1,0.0,,,,,,00:15:53,0.52,0.001733,23.515194
2026-07-07T16:31:32.519543,Raspberry_Relieve1,25.65299345,-100.29012571666667,38.637,0.0,0,100.0,-1,0.0,,,,,,00:15:53,0.5,,23.515194
2026-07-07T16:31:33.019647,Raspberry_Relieve1,25.65299345,-100.29012571666667,38.637,0.0,0,100.0,-1,0.0,,,,,,00:15:54,0.5,,23.515194
2026-07-07T16:31:33.519831,Raspberry_Relieve1,25.65299345,-100.29012571666667,36.5,9.102,332,100.0,-1,0.0,,,,,,00:15:55,0.52,0.047604,23.562799
2026-07-07T16:31:34.019956,Raspberry_Relieve1,25.65299345,-100.29012571666667,36.5,9.102,332,100.0,-1,0.0,,,,,,00:15:55,0.5,0.045836,23.608634
2026-07-07T16:31:34.520125,Raspberry_Relieve1,25.65299345,-100.29012571666667,36.279,18.542,673,100.0,-1,0.0,,,,,,00:15:55,0.48,0.090265,23.6989
2026-07-07T16:31:35.020221,Raspberry_Relieve1,25.65299345,-100.29012571666667,36.279,18.542,673,100.0,-1,0.0,,,,,,00:15:56,0.5,0.093255,23.792154
2026-07-07T16:31:35.520370,Raspberry_Relieve1,25.65299345,-100.29012571666667,36.238,19.127,693,100.0,-1,0.0,,,,,,00:15:56,0.51,0.098468,23.890622
2026-07-07T16:31:36.020471,Raspberry_Relieve1,25.65299345,-100.29012571666667,36.238,19.127,693,100.0,-1,0.0,,,,,,00:15:57,0.48,0.092956,23.983579
2026-07-07T16:31:36.520588,Raspberry_Relieve1,25.65299345,-100.29012571666667,38.124,9.198,351,100.0,-1,0.0,,,,,,00:15:57,0.51,0.0495,24.033079
2026-07-07T16:31:37.020711,Raspberry_Relieve1,25.65299345,-100.29012571666667,38.124,9.198,351,100.0,-1,0.0,,,,,,00:15:58,0.5,0.048555,24.081634
2026-07-07T16:31:37.520854,Raspberry_Relieve1,25.65299345,-100.29012571666667,36.218,16.901,612,100.0,-1,0.0,,,,,,00:15:58,0.5,0.084658,24.166291
2026-07-07T16:31:38.020976,Raspberry_Relieve1,25.65299345,-100.29012571666667,36.218,16.901,612,100.0,-1,0.0,,,,,,00:15:59,0.51,0.086098,24.252389
2026-07-07T16:31:38.521090,Raspberry_Relieve1,25.65299345,-100.29012571666667,36.185,19.01,688,100.0,-1,0.0,,,,,,00:15:59,0.48,0.09239,24.344779
2026-07-07T16:31:39.021235,Raspberry_Relieve1,25.65299345,-100.29012571666667,36.185,19.01,688,100.0,-1,0.0,,,,,,00:16:00,0.52,0.099455,24.444233
2026-07-07T16:31:39.521385,Raspberry_Relieve1,25.65299345,-100.29012571666667,36.163,19.131,692,100.0,-1,0.0,,,,,,00:16:00,0.5,0.095732,24.539965
2026-07-07T16:31:40.021520,Raspberry_Relieve1,25.65299345,-100.29012571666667,36.163,19.131,692,100.0,-1,0.0,,,,,,00:16:01,0.49,0.095131,24.635097
2026-07-07T16:31:40.521642,Raspberry_Relieve1,25.65299345,-100.29012571666667,36.145,19.13,691,100.0,-1,0.0,,,,,,00:16:01,0.5,0.09562,24.730717
2026-07-07T16:31:41.021738,Raspberry_Relieve1,25.65299345,-100.29012571666667,36.145,19.13,691,100.0,-1,0.0,,,,,,00:16:02,0.49,0.094482,24.825199
2026-07-07T16:31:41.521930,Raspberry_Relieve1,25.65299345,-100.29012571666667,38.412,7.391,284,100.0,-1,0.0,,,,,,00:16:03,0.52,0.041326,24.866525
2026-07-07T16:31:42.022025,Raspberry_Relieve1,25.65299345,-100.29012571666667,38.412,7.391,284,100.0,-1,0.0,,,,,,00:16:03,0.49,0.038793,24.905318
2026-07-07T16:31:42.522136,Raspberry_Relieve1,25.65299345,-100.29012571666667,36.144,16.596,600,100.0,-1,0.0,,,,,,00:16:03,0.5,0.082954,24.988271
2026-07-07T16:31:43.022289,Raspberry_Relieve1,25.65299345,-100.29012571666667,36.144,16.596,600,100.0,-1,0.0,,,,,,00:16:04,0.49,0.081159,25.06943
2026-07-07T16:31:43.522428,Raspberry_Relieve1,25.65299345,-100.29012571666667,36.104,18.941,684,100.0,-1,0.0,,,,,,00:16:05,0.53,0.101106,25.170537
2026-07-07T16:31:44.022520,Raspberry_Relieve1,25.65299345,-100.29012571666667,36.104,18.941,684,100.0,-1,0.0,,,,,,00:16:05,0.49,0.093449,25.263986
2026-07-07T16:31:44.522632,Raspberry_Relieve1,25.65299345,-100.29012571666667,36.088,19.08,689,100.0,-1,0.0,,,,,,00:16:06,0.51,0.096685,25.360671
2026-07-07T16:31:45.022779,Raspberry_Relieve1,25.65299345,-100.29012571666667,36.088,19.08,689,100.0,-1,0.0,,,,,,00:16:06,0.5,0.095146,25.455817
2026-07-07T16:31:45.522909,Raspberry_Relieve1,25.65299345,-100.29012571666667,38.403,1.587,61,100.0,-1,0.0,,,,,,00:16:07,0.5,0.008466,25.464283
2026-07-07T16:31:46.023036,Raspberry_Relieve1,25.65299345,-100.29012571666667,38.403,1.587,61,100.0,-1,0.0,,,,,,00:16:07,0.49,0.008267,25.47255
2026-07-07T16:31:46.523186,Raspberry_Relieve1,25.65299345,-100.29012571666667,37.618,3.581,135,100.0,-1,0.0,,,,,,00:16:07,0.5,0.018626,25.491177
2026-07-07T16:31:47.023307,Raspberry_Relieve1,25.65299345,-100.29012571666667,37.618,3.581,135,100.0,-1,0.0,,,,,,00:16:08,0.51,0.019045,25.510222
2026-07-07T16:31:47.523450,Raspberry_Relieve1,25.65299345,-100.29012571666667,36.111,18.147,655,100.0,-1,0.0,,,,,,00:16:08,0.5,0.091703,25.601925
2026-07-07T16:31:48.023545,Raspberry_Relieve1,25.65299345,-100.29012571666667,36.111,18.147,655,100.0,-1,0.0,,,,,,00:16:09,0.52,0.094268,25.696193
2026-07-07T16:31:48.523651,Raspberry_Relieve1,25.65299345,-100.29012571666667,36.079,19.035,687,100.0,-1,0.0,,,,,,00:16:09,0.48,0.091881,25.788074
2026-07-07T16:32:27.169458,Raspberry_Relieve1,25.65299345,-100.29012571666667,36.025,13.659,492,100.0,-1,0.0,,,,,,00:16:48,38.89,5.315393,31.103466
2026-07-07T16:32:27.683125,Raspberry_Relieve1,25.65299345,-100.29012571666667,37.21,10.906,406,100.0,-1,0.0,,,,,,00:16:49,0.29,0.032486,31.135952
2026-07-07T16:32:28.183231,Raspberry_Relieve1,25.65299345,-100.29012571666667,38.309,0.82,31,100.0,-1,0.0,,,,,,00:16:49,0.48,0.004173,31.140125
2026-07-07T16:32:28.683345,Raspberry_Relieve1,25.65299345,-100.29012571666667,38.309,0.82,31,100.0,-1,0.0,,,,,,00:16:50,0.51,0.004434,31.144558
2026-07-07T16:32:29.183470,Raspberry_Relieve1,25.65299345,-100.29012571666667,36.76,9.593,353,100.0,-1,0.0,,,,,,00:16:50,0.45,0.044446,31.189004
2026-07-07T16:32:29.683586,Raspberry_Relieve1,25.65299345,-100.29012571666667,36.76,9.593,353,100.0,-1,0.0,,,,,,00:16:51,0.5,0.049454,31.238458
2026-07-07T16:32:30.183681,Raspberry_Relieve1,25.65299345,-100.29012571666667,36.003,17.834,642,100.0,-1,0.0,,,,,,00:16:51,0.51,0.091065,31.329523
2026-07-07T16:32:30.683798,Raspberry_Relieve1,25.65299345,-100.29012571666667,36.003,17.834,642,100.0,-1,0.0,,,,,,00:16:52,0.51,0.091478,31.421001
2026-07-07T16:32:31.183888,Raspberry_Relieve1,25.65299345,-100.29012571666667,35.96,19.058,685,100.0,-1,0.0,,,,,,00:16:52,0.5,0.095981,31.516982
2026-07-07T16:32:31.684000,Raspberry_Relieve1,25.65299345,-100.29012571666667,35.96,19.058,685,100.0,-1,0.0,,,,,,00:16:53,0.48,0.091088,31.60807
2026-07-07T16:32:32.184093,Raspberry_Relieve1,25.65299345,-100.29012571666667,35.935,19.12,687,100.0,-1,0.0,,,,,,00:16:53,0.5,0.095885,31.703955
2026-07-07T16:32:32.684201,Raspberry_Relieve1,25.65299345,-100.29012571666667,35.935,19.12,687,100.0,-1,0.0,,,,,,00:16:54,0.5,0.094511,31.798466
2026-07-07T16:32:33.184300,Raspberry_Relieve1,25.65299345,-100.29012571666667,35.931,19.108,687,100.0,-1,0.0,,,,,,00:16:54,0.53,0.101906,31.900372
2026-07-07T16:32:33.684411,Raspberry_Relieve1,25.65299345,-100.29012571666667,35.931,19.108,687,100.0,-1,0.0,,,,,,00:16:55,0.54,0.103688,32.00406
2026-07-07T16:32:34.184517,Raspberry_Relieve1,25.65299345,-100.29012571666667,35.916,19.093,686,100.0,-1,0.0,,,,,,00:16:55,0.48,0.090881,32.094941
2026-07-07T16:32:34.684621,Raspberry_Relieve1,25.65299345,-100.29012571666667,35.916,19.093,686,100.0,-1,0.0,,,,,,00:16:56,0.43,0.08225,32.177191
2026-07-07T16:32:35.184720,Raspberry_Relieve1,25.65299345,-100.29012571666667,35.9,19.086,685,100.0,-1,0.0,,,,,,00:16:56,0.52,0.099461,32.276652
2026-07-07T16:32:35.684832,Raspberry_Relieve1,25.65299345,-100.29012571666667,35.9,19.086,685,100.0,-1,0.0,,,,,,00:16:57,0.51,0.097451,32.374103
2026-07-07T16:32:36.184927,Raspberry_Relieve1,25.65299345,-100.29012571666667,35.882,19.085,685,100.0,-1,0.0,,,,,,00:16:57,0.5,0.095155,32.469258
2026-07-07T16:32:36.685077,Raspberry_Relieve1,25.65299345,-100.29012571666667,35.882,19.085,685,100.0,-1,0.0,,,,,,00:16:58,0.51,0.096865,32.566123
2026-07-07T16:32:37.185171,Raspberry_Relieve1,25.65299345,-100.29012571666667,35.869,19.082,684,100.0,-1,0.0,,,,,,00:16:58,0.49,0.092532,32.658655
2026-07-07T16:32:37.685316,Raspberry_Relieve1,25.65299345,-100.29012571666667,35.869,19.082,684,100.0,-1,0.0,,,,,,00:16:59,0.52,0.099684,32.758339
2026-07-07T16:32:38.185409,Raspberry_Relieve1,25.65299345,-100.29012571666667,38.172,2.127,81,100.0,-1,0.0,,,,,,00:16:59,0.47,0.010533,32.768872
2026-07-07T16:32:38.685518,Raspberry_Relieve1,25.65299345,-100.29012571666667,38.172,2.127,81,100.0,-1,0.0,,,,,,00:17:00,0.54,0.012135,32.781007
2026-07-07T16:32:39.185621,Raspberry_Relieve1,25.65299345,-100.29012571666667,35.918,14.797,531,100.0,-1,0.0,,,,,,00:17:00,0.47,0.069333,32.85034
2026-07-07T16:32:39.685724,Raspberry_Relieve1,25.65299345,-100.29012571666667,35.918,14.797,531,100.0,-1,0.0,,,,,,00:17:01,0.52,0.07646,32.926799
2026-07-07T16:32:40.185829,Raspberry_Relieve1,25.65299345,-100.29012571666667,38.706,-0.948,-37,100.0,-1,0.0,,,,,,00:17:01,0.47,-0.004806,32.921993
2026-07-07T16:32:40.685941,Raspberry_Relieve1,25.65299345,-100.29012571666667,38.706,-0.948,-37,100.0,-1,0.0,,,,,,00:17:02,0.52,-0.005363,32.916631
2026-07-07T16:32:41.186052,Raspberry_Relieve1,25.65299345,-100.29012571666667,38.25,-1.66,-64,100.0,10664,0.001,,,,,,00:17:02,0.49,-0.00875,32.907881
2026-07-07T16:32:41.686168,Raspberry_Relieve1,25.65299345,-100.29012571666667,38.25,-1.66,-64,100.0,10664,0.001,,,,,,00:17:03,0.48,-0.008592,32.899289
2026-07-07T16:32:42.186270,Raspberry_Relieve1,25.65299345,-100.29012571666667,38.321,-0.453,-17,100.0,9671,0.001,,,,,,00:17:03,0.52,-0.002465,32.896824
2026-07-07T16:32:42.686385,Raspberry_Relieve1,25.65299345,-100.29012571666667,38.321,-0.453,-17,100.0,9671,0.001,,,,,,00:17:04,0.49,-0.002302,32.894523
2026-07-07T16:32:43.186496,Raspberry_Relieve1,25.65299345,-100.29012571666667,38.296,-0.283,-11,100.0,8834,0.001,,,,,,00:17:04,0.52,-0.001584,32.892939
2026-07-07T16:32:43.686600,Raspberry_Relieve1,25.65299345,-100.29012571666667,38.296,-0.283,-11,100.0,8834,0.001,,,,,,00:17:05,0.47,-0.001444,32.891495
2026-07-07T16:32:44.186699,Raspberry_Relieve1,25.65299345,-100.29012571666667,38.489,-1.13,-43,100.0,-1,0.001,,,,,,00:17:05,0.52,-0.006192,32.885304
2026-07-07T16:32:44.686811,Raspberry_Relieve1,25.65299345,-100.29012571666667,38.489,-1.13,-43,100.0,-1,0.001,,,,,,00:17:06,0.48,-0.00576,32.879543
2026-07-07T16:32:45.186954,Raspberry_Relieve1,25.65299345,-100.29012571666667,38.352,-0.664,-25,100.0,14400,0.001,,,,,,00:17:06,0.56,-0.003865,32.875679
2026-07-07T16:32:45.687114,Raspberry_Relieve1,25.65299345,-100.29012571666667,38.352,-0.664,-25,100.0,14400,0.001,,,,,,00:17:07,0.44,-0.003072,32.872606
2026-07-07T16:32:46.187233,Raspberry_Relieve1,25.65299345,-100.29012571666667,36.03,13.675,493,100.0,14400,0.002,,,,,,00:17:07,0.51,0.069634,32.94224
2026-07-07T16:32:46.687331,Raspberry_Relieve1,25.65299345,-100.29012571666667,36.03,13.675,493,100.0,14400,0.002,,,,,,00:17:08,0.53,0.072198,33.014438
2026-07-07T16:32:47.187431,Raspberry_Relieve1,25.65299345,-100.29012571666667,35.98,18.825,677,100.0,-1,0.0,,,,,,00:17:08,0.46,0.087174,33.101612
2026-07-07T16:32:47.687546,Raspberry_Relieve1,25.65299345,-100.29012571666667,35.98,18.825,677,100.0,-1,0.0,,,,,,00:17:09,0.5,0.094892,33.196504
2026-07-07T16:32:48.187647,Raspberry_Relieve1,25.65299345,-100.29012571666667,35.946,19.145,688,100.0,-1,0.0,,,,,,00:17:09,0.52,0.099125,33.295629
2026-07-07T16:32:48.687776,Raspberry_Relieve1,25.65299345,-100.29012571666667,35.946,19.145,688,100.0,-1,0.0,,,,,,00:17:10,0.5,0.096193,33.391822
2026-07-07T16:32:49.187867,Raspberry_Relieve1,25.65299345,-100.29012571666667,38.216,5.393,206,100.0,-1,0.0,,,,,,00:17:10,0.48,0.027606,33.419428
2026-07-07T16:32:49.687988,Raspberry_Relieve1,25.65299345,-100.29012571666667,38.216,5.393,206,100.0,-1,0.0,,,,,,00:17:11,0.97,0.055524,33.474953
2026-07-07T16:32:50.400479,Raspberry_Relieve1,25.65299345,-100.29012571666667,38.355,-0.594,-23,100.0,-1,0.0,,,,,,00:17:11,0.27,-0.001742,33.47321
2026-07-07T16:32:50.900598,Raspberry_Relieve1,25.65299345,-100.29012571666667,38.355,-0.594,-23,100.0,-1,0.0,,,,,,00:17:12,0.49,-0.003134,33.470077
2026-07-07T16:32:51.400730,Raspberry_Relieve1,25.65299345,-100.29012571666667,38.279,-0.361,-14,100.0,14400,0.0,,,,,,00:17:12,0.47,-0.001835,33.468242
2026-07-07T16:32:51.900878,Raspberry_Relieve1,25.65299345,-100.29012571666667,38.279,-0.361,-14,100.0,14400,0.0,,,,,,00:17:13,0.53,-0.002079,33.466163
2026-07-07T16:32:52.401042,Raspberry_Relieve1,25.65299345,-100.29012571666667,38.295,0.0,0,100.0,14400,0.0,,,,,,00:17:13,0.49,,33.466163
2026-07-07T16:32:52.901094,Raspberry_Relieve1,25.65299345,-100.29012571666667,38.295,0.0,0,100.0,14400,0.0,,,,,,00:17:14,0.51,,33.466163
2026-07-07T16:32:53.401269,Raspberry_Relieve1,25.65299345,-100.29012571666667,38.31,0.0,0,100.0,-1,0.0,,,,,,00:17:14,0.57,,33.466163
2026-07-07T16:32:53.901453,Raspberry_Relieve1,25.65299345,-100.29012571666667,38.31,0.0,0,100.0,-1,0.0,,,,,,00:17:15,0.43,,33.466163
2026-07-07T16:32:54.401605,Raspberry_Relieve1,25.65299345,-100.29012571666667,38.322,0.0,0,100.0,-1,0.0,,,,,,00:17:15,0.47,,33.466163
2026-07-07T16:32:54.901692,Raspberry_Relieve1,25.65299345,-100.29012571666667,38.322,0.0,0,100.0,-1,0.0,,,,,,00:17:16,0.51,,33.466163
2026-07-07T16:32:55.401813,Raspberry_Relieve1,25.65299345,-100.29012571666667,38.333,0.0,0,100.0,-1,0.0,,,,,,00:17:16,0.49,,33.466163
2026-07-07T16:32:55.901943,Raspberry_Relieve1,25.65299345,-100.29012571666667,38.333,0.0,0,100.0,-1,0.0,,,,,,00:17:17,0.51,,33.466163
2026-07-07T16:32:56.402066,Raspberry_Relieve1,25.65299345,-100.29012571666667,38.342,0.0,0,100.0,-1,0.0,,,,,,00:17:17,0.5,,33.466163
2026-07-07T16:32:56.902224,Raspberry_Relieve1,25.65299345,-100.29012571666667,38.342,0.0,0,100.0,-1,0.0,,,,,,00:17:18,0.49,,33.466163
2026-07-07T16:32:57.402337,Raspberry_Relieve1,25.65299345,-100.29012571666667,38.353,0.0,0,100.0,-1,0.0,,,,,,00:17:18,0.52,,33.466163
2026-07-07T16:32:57.902443,Raspberry_Relieve1,25.65299345,-100.29012571666667,38.353,0.0,0,100.0,-1,0.0,,,,,,00:17:19,0.5,,33.466163
2026-07-07T16:32:58.402559,Raspberry_Relieve1,25.65299345,-100.29012571666667,38.36,0.0,0,100.0,-1,0.0,,,,,,00:17:19,0.5,,33.466163
2026-07-07T16:32:58.902701,Raspberry_Relieve1,25.65299345,-100.29012571666667,38.36,0.0,0,100.0,-1,0.0,,,,,,00:17:20,0.58,,33.466163
2026-07-07T16:32:59.402833,Raspberry_Relieve1,25.65299345,-100.29012571666667,38.368,0.0,0,100.0,-1,0.0,,,,,,00:17:20,0.41,,33.466163
2026-07-07T16:32:59.902929,Raspberry_Relieve1,25.65299345,-100.29012571666667,38.368,0.0,0,100.0,-1,0.0,,,,,,00:17:21,0.5,,33.466163
2026-07-07T16:33:00.403057,Raspberry_Relieve1,25.65299345,-100.29012571666667,38.052,1.365,52,100.0,-1,0.0,,,,,,00:17:21,0.54,0.007791,33.473954
2026-07-07T16:33:00.903159,Raspberry_Relieve1,25.65299345,-100.29012571666667,38.052,1.365,52,100.0,-1,0.0,,,,,,00:17:22,0.46,0.006582,33.480536
2026-07-07T16:33:01.403351,Raspberry_Relieve1,25.65299345,-100.29012571666667,38.38,0.142,5,100.0,-1,0.0,,,,,,00:17:22,0.51,0.000706,33.481243
2026-07-07T16:33:01.903530,Raspberry_Relieve1,25.65299345,-100.29012571666667,38.38,0.142,5,100.0,-1,0.0,,,,,,00:17:23,0.51,0.000704,33.481947
2026-07-07T16:33:02.403650,Raspberry_Relieve1,25.65299345,-100.29012571666667,36.066,17.837,643,100.0,-1,0.0,,,,,,00:17:23,0.5,0.089499,33.571446
2026-07-07T16:33:02.903757,Raspberry_Relieve1,25.65299345,-100.29012571666667,36.066,17.837,643,100.0,-1,0.0,,,,,,00:17:24,0.51,0.090421,33.661867
2026-07-07T16:33:03.403874,Raspberry_Relieve1,25.65299345,-100.29012571666667,36.024,19.091,688,100.0,-1,0.0,,,,,,00:17:24,0.48,0.09208,33.753947
2026-07-07T16:33:03.903981,Raspberry_Relieve1,25.65299345,-100.29012571666667,36.024,19.091,688,100.0,-1,0.0,,,,,,00:17:25,0.51,0.098073,33.85202
2026-07-07T16:33:04.404104,Raspberry_Relieve1,25.65299345,-100.29012571666667,35.993,19.177,690,100.0,-1,0.0,,,,,,00:17:25,0.5,0.095384,33.947404
2026-07-07T16:33:04.904248,Raspberry_Relieve1,25.65299345,-100.29012571666667,35.993,19.177,690,100.0,-1,0.0,,,,,,00:17:26,0.51,0.096864,34.044268
2026-07-07T16:33:05.404484,Raspberry_Relieve1,25.65299345,-100.29012571666667,38.256,3.94,151,100.0,-1,0.0,,,,,,00:17:26,0.5,0.020931,34.065199
2026-07-07T16:33:05.904663,Raspberry_Relieve1,25.65299345,-100.29012571666667,38.256,3.94,151,100.0,-1,0.0,,,,,,00:17:27,0.5,0.020786,34.085985
2026-07-07T16:33:06.404786,Raspberry_Relieve1,25.65299345,-100.29012571666667,38.295,0.224,9,100.0,-1,0.0,,,,,,00:17:27,0.51,0.001274,34.087259
2026-07-07T16:33:06.904888,Raspberry_Relieve1,25.65299345,-100.29012571666667,38.295,0.224,9,100.0,-1,0.0,,,,,,00:17:28,0.49,0.001226,34.088485
2026-07-07T16:33:07.405124,Raspberry_Relieve1,25.65299345,-100.29012571666667,38.313,0.0,0,100.0,-1,0.0,,,,,,00:17:28,0.52,,34.088485
2026-07-07T16:33:07.905227,Raspberry_Relieve1,25.65299345,-100.29012571666667,38.313,0.0,0,100.0,-1,0.0,,,,,,00:17:29,0.5,,34.088485
2026-07-07T16:33:08.405351,Raspberry_Relieve1,25.65299345,-100.29012571666667,38.33,0.0,0,100.0,-1,0.0,,,,,,00:17:29,0.52,,34.088485
2026-07-07T16:33:08.905449,Raspberry_Relieve1,25.65299345,-100.29012571666667,38.33,0.0,0,100.0,-1,0.0,,,,,,00:17:30,0.46,,34.088485
2026-07-07T16:33:09.405565,Raspberry_Relieve1,25.65299345,-100.29012571666667,38.343,0.0,0,100.0,-1,0.0,,,,,,00:17:30,0.51,,34.088485
2026-07-07T16:33:09.905666,Raspberry_Relieve1,25.65299345,-100.29012571666667,38.343,0.0,0,100.0,-1,0.0,,,,,,00:17:31,0.49,,34.088485
2026-07-07T16:33:10.405788,Raspberry_Relieve1,25.65299345,-100.29012571666667,38.301,6.286,241,100.0,-1,0.0,,,,,,00:17:31,0.52,0.034595,34.12308
2026-07-07T16:33:10.905879,Raspberry_Relieve1,25.65299345,-100.29012571666667,38.301,6.286,241,100.0,-1,0.0,,,,,,00:17:32,0.5,0.033367,34.156447
2026-07-07T16:33:11.405986,Raspberry_Relieve1,25.65299345,-100.29012571666667,38.336,0.372,14,100.0,-1,0.0,,,,,,00:17:32,0.47,0.001846,34.158293
2026-07-07T16:33:11.906097,Raspberry_Relieve1,25.65299345,-100.29012571666667,38.336,0.372,14,100.0,-1,0.0,,,,,,00:17:33,0.52,0.00204,34.160332
2026-07-07T16:33:12.406222,Raspberry_Relieve1,25.65299345,-100.29012571666667,38.35,0.0,0,100.0,-1,0.0,,,,,,00:17:33,0.48,,34.160332
2026-07-07T16:33:12.906319,Raspberry_Relieve1,25.65299345,-100.29012571666667,38.35,0.0,0,100.0,-1,0.0,,,,,,00:17:34,0.5,,34.160332
2026-07-07T16:33:13.406436,Raspberry_Relieve1,25.65299345,-100.29012571666667,38.361,0.0,0,100.0,-1,0.0,,,,,,00:17:34,0.5,,34.160332
2026-07-07T16:33:13.906538,Raspberry_Relieve1,25.65299345,-100.29012571666667,38.361,0.0,0,100.0,-1,0.0,,,,,,00:17:35,0.51,,34.160332
2026-07-07T16:33:14.406645,Raspberry_Relieve1,25.65299345,-100.29012571666667,38.371,0.0,0,100.0,-1,0.0,,,,,,00:17:35,0.48,,34.160332
2026-07-07T16:33:14.906751,Raspberry_Relieve1,25.65299345,-100.29012571666667,38.371,0.0,0,100.0,-1,0.0,,,,,,00:17:36,0.55,,34.160332
2026-07-07T16:33:15.406932,Raspberry_Relieve1,25.65299345,-100.29012571666667,38.379,0.0,0,100.0,-1,0.0,,,,,,00:17:36,0.46,,34.160332
2026-07-07T16:33:15.907029,Raspberry_Relieve1,25.65299345,-100.29012571666667,38.379,0.0,0,100.0,-1,0.0,,,,,,00:17:37,0.52,,34.160332
2026-07-07T16:33:16.407149,Raspberry_Relieve1,25.65299345,-100.29012571666667,38.386,0.0,0,100.0,-1,0.0,,,,,,00:17:37,0.48,,34.160332
2026-07-07T16:33:16.907243,Raspberry_Relieve1,25.65299345,-100.29012571666667,38.386,0.0,0,100.0,-1,0.0,,,,,,00:17:38,0.52,,34.160332
2026-07-07T16:33:17.407356,Raspberry_Relieve1,25.65299345,-100.29012571666667,38.393,0.0,0,100.0,-1,0.0,,,,,,00:17:38,0.48,,34.160332
2026-07-07T16:33:17.907513,Raspberry_Relieve1,25.65299345,-100.29012571666667,38.393,0.0,0,100.0,-1,0.0,,,,,,00:17:39,0.49,,34.160332
2026-07-07T16:33:18.407637,Raspberry_Relieve1,25.65299345,-100.29012571666667,38.399,0.0,0,100.0,-1,0.0,,,,,,00:17:39,0.5,,34.160332
2026-07-07T16:33:18.907739,Raspberry_Relieve1,25.65299345,-100.29012571666667,38.399,0.0,0,100.0,-1,0.0,,,,,,00:17:40,0.5,,34.160332
2026-07-07T16:33:19.407848,Raspberry_Relieve1,25.65299345,-100.29012571666667,38.404,0.0,0,100.0,-1,0.0,,,,,,00:17:40,0.49,,34.160332
2026-07-07T16:33:19.907991,Raspberry_Relieve1,25.65299345,-100.29012571666667,38.404,0.0,0,100.0,-1,0.0,,,,,,00:17:41,0.51,,34.160332
2026-07-07T16:33:20.408112,Raspberry_Relieve1,25.65299345,-100.29012571666667,38.41,0.0,0,100.0,-1,0.0,,,,,,00:17:41,0.49,,34.160332
2026-07-07T16:33:20.908266,Raspberry_Relieve1,25.65299345,-100.29012571666667,38.41,0.0,0,100.0,-1,0.0,,,,,,00:17:42,0.55,,34.160332
2026-07-07T16:33:21.408373,Raspberry_Relieve1,25.65299345,-100.29012571666667,38.417,0.0,0,100.0,-1,0.0,,,,,,00:17:42,0.47,,34.160332
2026-07-07T16:33:21.908477,Raspberry_Relieve1,25.65299345,-100.29012571666667,38.417,0.0,0,100.0,-1,0.0,,,,,,00:17:43,0.5,,34.160332
2026-07-07T16:33:22.408597,Raspberry_Relieve1,25.65299345,-100.29012571666667,38.422,0.0,0,100.0,-1,0.0,,,,,,00:17:43,0.49,,34.160332
2026-07-07T16:33:22.908698,Raspberry_Relieve1,25.65299345,-100.29012571666667,38.422,0.0,0,100.0,-1,0.0,,,,,,00:17:44,0.52,,34.160332
2026-07-07T16:33:23.408901,Raspberry_Relieve1,25.65299345,-100.29012571666667,38.425,0.0,0,100.0,-1,0.0,,,,,,00:17:44,0.47,,34.160332
2026-07-07T16:33:23.909036,Raspberry_Relieve1,25.65299345,-100.29012571666667,38.425,0.0,0,100.0,-1,0.0,,,,,,00:17:45,0.48,,34.160332
2026-07-07T16:33:24.409131,Raspberry_Relieve1,25.65299345,-100.29012571666667,38.43,0.0,0,100.0,-1,0.0,,,,,,00:17:45,0.51,,34.160332
2026-07-07T16:33:24.909223,Raspberry_Relieve1,25.65299345,-100.29012571666667,38.43,0.0,0,100.0,-1,0.0,,,,,,00:17:46,0.52,,34.160332
2026-07-07T16:33:25.409352,Raspberry_Relieve1,25.65299345,-100.29012571666667,38.435,0.0,0,100.0,-1,0.0,,,,,,00:17:46,0.48,,34.160332
2026-07-07T16:33:25.909444,Raspberry_Relieve1,25.65299345,-100.29012571666667,38.435,0.0,0,100.0,-1,0.0,,,,,,00:17:47,0.49,,34.160332
2026-07-07T16:33:26.409564,Raspberry_Relieve1,25.65299345,-100.29012571666667,38.441,0.0,0,100.0,-1,0.0,,,,,,00:17:47,0.54,,34.160332
2026-07-07T16:33:26.909707,Raspberry_Relieve1,25.65299345,-100.29012571666667,38.441,0.0,0,100.0,-1,0.0,,,,,,00:17:48,0.47,,34.160332
2026-07-07T16:33:27.409821,Raspberry_Relieve1,25.65299345,-100.29012571666667,38.444,0.0,0,100.0,-1,0.0,,,,,,00:17:48,0.51,,34.160332
2026-07-07T16:33:27.909906,Raspberry_Relieve1,25.65299345,-100.29012571666667,38.444,0.0,0,100.0,-1,0.0,,,,,,00:17:49,0.49,,34.160332
2026-07-07T16:33:28.410022,Raspberry_Relieve1,25.65299345,-100.29012571666667,38.449,0.0,0,100.0,-1,0.0,,,,,,00:17:49,0.51,,34.160332
2026-07-07T16:33:28.910169,Raspberry_Relieve1,25.65299345,-100.29012571666667,38.449,0.0,0,100.0,-1,0.0,,,,,,00:17:50,0.51,,34.160332
2026-07-07T16:33:29.410298,Raspberry_Relieve1,25.65299345,-100.29012571666667,38.453,0.0,0,100.0,-1,0.0,,,,,,00:17:50,0.5,,34.160332
2026-07-07T16:33:29.910394,Raspberry_Relieve1,25.65299345,-100.29012571666667,38.453,0.0,0,100.0,-1,0.0,,,,,,00:17:51,0.5,,34.160332
2026-07-07T16:33:30.410521,Raspberry_Relieve1,25.65299345,-100.29012571666667,38.457,0.0,0,100.0,-1,0.0,,,,,,00:17:51,0.5,,34.160332
2026-07-07T16:33:30.910652,Raspberry_Relieve1,25.65299345,-100.29012571666667,38.457,0.0,0,100.0,-1,0.0,,,,,,00:17:52,0.49,,34.160332
2026-07-07T16:33:31.410779,Raspberry_Relieve1,25.65299345,-100.29012571666667,38.461,0.0,0,100.0,-1,0.0,,,,,,00:17:52,0.49,,34.160332
2026-07-07T16:33:31.910874,Raspberry_Relieve1,25.65299345,-100.29012571666667,38.461,0.0,0,100.0,-1,0.0,,,,,,00:17:53,0.49,,34.160332
2026-07-07T16:33:32.410988,Raspberry_Relieve1,25.65299345,-100.29012571666667,38.464,0.0,0,100.0,-1,0.0,,,,,,00:17:53,0.5,,34.160332
2026-07-07T16:33:32.911128,Raspberry_Relieve1,25.65299345,-100.29012571666667,38.464,0.0,0,100.0,-1,0.0,,,,,,00:17:54,0.51,,34.160332
2026-07-07T16:33:33.411344,Raspberry_Relieve1,25.65299345,-100.29012571666667,38.466,0.0,0,100.0,-1,0.0,,,,,,00:17:54,0.51,,34.160332
2026-07-07T16:33:33.911450,Raspberry_Relieve1,25.65299345,-100.29012571666667,38.466,0.0,0,100.0,-1,0.0,,,,,,00:17:55,0.49,,34.160332
2026-07-07T16:33:34.411574,Raspberry_Relieve1,25.65299345,-100.29012571666667,38.469,0.0,0,100.0,-1,0.0,,,,,,00:17:55,0.5,,34.160332
2026-07-07T16:33:34.911760,Raspberry_Relieve1,25.65299345,-100.29012571666667,38.469,0.0,0,100.0,-1,0.0,,,,,,00:17:56,0.5,,34.160332
2026-07-07T16:33:35.411876,Raspberry_Relieve1,25.65299345,-100.29012571666667,38.474,0.0,0,100.0,-1,0.0,,,,,,00:17:56,0.51,,34.160332
2026-07-07T16:33:35.912017,Raspberry_Relieve1,25.65299345,-100.29012571666667,38.474,0.0,0,100.0,-1,0.0,,,,,,00:17:57,0.49,,34.160332
2026-07-07T16:33:36.412134,Raspberry_Relieve1,25.65299345,-100.29012571666667,38.475,0.0,0,100.0,-1,0.0,,,,,,00:17:57,0.51,,34.160332
2026-07-07T16:33:36.912273,Raspberry_Relieve1,25.65299345,-100.29012571666667,38.475,0.0,0,100.0,-1,0.0,,,,,,00:17:58,0.51,,34.160332
2026-07-07T16:33:37.412448,Raspberry_Relieve1,25.65299345,-100.29012571666667,38.478,0.0,0,100.0,-1,0.0,,,,,,00:17:58,0.49,,34.160332
2026-07-07T16:33:37.912625,Raspberry_Relieve1,25.65299345,-100.29012571666667,38.478,0.0,0,100.0,-1,0.0,,,,,,00:17:59,0.48,,34.160332
2026-07-07T16:33:38.412754,Raspberry_Relieve1,25.65299345,-100.29012571666667,38.48,0.0,0,100.0,-1,0.0,,,,,,00:17:59,0.56,,34.160332
2026-07-07T16:33:38.912902,Raspberry_Relieve1,25.65299345,-100.29012571666667,38.48,0.0,0,100.0,-1,0.0,,,,,,00:18:00,0.45,,34.160332
2026-07-07T16:33:39.413098,Raspberry_Relieve1,25.65299345,-100.29012571666667,38.484,0.0,0,100.0,-1,0.0,,,,,,00:18:00,0.49,,34.160332
2026-07-07T16:33:39.913160,Raspberry_Relieve1,25.65299345,-100.29012571666667,38.484,0.0,0,100.0,-1,0.0,,,,,,00:18:01,0.52,,34.160332
2026-07-07T16:33:40.413283,Raspberry_Relieve1,25.65299345,-100.29012571666667,38.488,0.0,0,100.0,-1,0.0,,,,,,00:18:01,0.48,,34.160332
2026-07-07T16:33:40.913378,Raspberry_Relieve1,25.65299345,-100.29012571666667,38.488,0.0,0,100.0,-1,0.0,,,,,,00:18:02,0.52,,34.160332
2026-07-07T16:33:41.413506,Raspberry_Relieve1,25.65299345,-100.29012571666667,38.49,0.0,0,100.0,-1,0.0,,,,,,00:18:02,0.49,,34.160332
2026-07-07T16:33:41.913604,Raspberry_Relieve1,25.65299345,-100.29012571666667,38.49,0.0,0,100.0,-1,0.0,,,,,,00:18:03,0.51,,34.160332
2026-07-07T16:33:42.413724,Raspberry_Relieve1,25.65299345,-100.29012571666667,38.492,0.0,0,100.0,-1,0.0,,,,,,00:18:03,0.48,,34.160332
2026-07-07T16:33:42.913916,Raspberry_Relieve1,25.65299345,-100.29012571666667,38.492,0.0,0,100.0,-1,0.0,,,,,,00:18:04,0.53,,34.160332
2026-07-07T16:33:43.414039,Raspberry_Relieve1,25.65299345,-100.29012571666667,38.495,0.0,0,100.0,-1,0.0,,,,,,00:18:04,0.48,,34.160332
2026-07-07T16:33:43.914140,Raspberry_Relieve1,25.65299345,-100.29012571666667,38.495,0.0,0,100.0,-1,0.0,,,,,,00:18:05,0.51,,34.160332
2026-07-07T16:33:44.414257,Raspberry_Relieve1,25.65299345,-100.29012571666667,38.497,0.0,0,100.0,-1,0.0,,,,,,00:18:05,0.49,,34.160332
2026-07-07T16:33:44.914369,Raspberry_Relieve1,25.65299345,-100.29012571666667,38.497,0.0,0,100.0,-1,0.0,,,,,,00:18:06,0.5,,34.160332
2026-07-07T16:33:45.414501,Raspberry_Relieve1,25.65299345,-100.29012571666667,38.5,0.0,0,100.0,-1,0.0,,,,,,00:18:06,0.48,,34.160332
2026-07-07T16:33:45.914594,Raspberry_Relieve1,25.65299345,-100.29012571666667,38.5,0.0,0,100.0,-1,0.0,,,,,,00:18:07,0.52,,34.160332
2026-07-07T16:33:46.414720,Raspberry_Relieve1,25.65299345,-100.29012571666667,38.501,0.0,0,100.0,-1,0.0,,,,,,00:18:07,0.5,,34.160332
2026-07-07T16:33:46.914819,Raspberry_Relieve1,25.65299345,-100.29012571666667,38.501,0.0,0,100.0,-1,0.0,,,,,,00:18:08,0.5,,34.160332
2026-07-07T16:33:47.414970,Raspberry_Relieve1,25.65299345,-100.29012571666667,38.504,0.0,0,100.0,-1,0.0,,,,,,00:18:08,0.51,,34.160332
2026-07-07T16:33:47.915136,Raspberry_Relieve1,25.65299345,-100.29012571666667,38.504,0.0,0,100.0,-1,0.0,,,,,,00:18:09,0.49,,34.160332
2026-07-07T16:33:48.415350,Raspberry_Relieve1,25.65299345,-100.29012571666667,38.506,0.0,0,100.0,-1,0.0,,,,,,00:18:09,0.51,,34.160332
2026-07-07T16:33:48.915526,Raspberry_Relieve1,25.65299345,-100.29012571666667,38.506,0.0,0,100.0,-1,0.0,,,,,,00:18:10,0.49,,34.160332
2026-07-07T16:33:49.415658,Raspberry_Relieve1,25.65299345,-100.29012571666667,38.509,0.0,0,100.0,-1,0.0,,,,,,00:18:10,0.51,,34.160332
2026-07-07T16:33:49.915822,Raspberry_Relieve1,25.65299345,-100.29012571666667,38.509,0.0,0,100.0,-1,0.0,,,,,,00:18:11,0.5,,34.160332
2026-07-07T16:33:50.415954,Raspberry_Relieve1,25.65299345,-100.29012571666667,38.509,0.0,0,100.0,-1,0.0,,,,,,00:18:11,0.54,,34.160332
2026-07-07T16:33:50.916102,Raspberry_Relieve1,25.65299345,-100.29012571666667,38.509,0.0,0,100.0,-1,0.0,,,,,,00:18:12,0.48,,34.160332
2026-07-07T16:33:51.416225,Raspberry_Relieve1,25.65299345,-100.29012571666667,38.512,0.0,0,100.0,-1,0.0,,,,,,00:18:12,0.49,,34.160332
2026-07-07T16:33:51.916324,Raspberry_Relieve1,25.65299345,-100.29012571666667,38.512,0.0,0,100.0,-1,0.0,,,,,,00:18:13,0.49,,34.160332
2026-07-07T16:33:52.416443,Raspberry_Relieve1,25.65299345,-100.29012571666667,38.514,0.0,0,100.0,-1,0.0,,,,,,00:18:13,0.53,,34.160332
2026-07-07T16:33:52.916534,Raspberry_Relieve1,25.65299345,-100.29012571666667,38.514,0.0,0,100.0,-1,0.0,,,,,,00:18:14,0.48,,34.160332
2026-07-07T16:33:53.416652,Raspberry_Relieve1,25.65299345,-100.29012571666667,38.516,0.0,0,100.0,-1,0.0,,,,,,00:18:14,0.52,,34.160332
2026-07-07T16:33:53.916759,Raspberry_Relieve1,25.65299345,-100.29012571666667,38.516,0.0,0,100.0,-1,0.0,,,,,,00:18:15,0.48,,34.160332
2026-07-07T16:33:54.416877,Raspberry_Relieve1,25.65299345,-100.29012571666667,38.518,0.0,0,100.0,-1,0.0,,,,,,00:18:15,0.49,,34.160332
2026-07-07T16:33:54.917032,Raspberry_Relieve1,25.65299345,-100.29012571666667,38.518,0.0,0,100.0,-1,0.0,,,,,,00:18:16,0.5,,34.160332
2026-07-07T16:33:55.417108,Raspberry_Relieve1,25.65299345,-100.29012571666667,38.52,0.0,0,100.0,-1,0.0,,,,,,00:18:16,0.52,,34.160332
2026-07-07T16:33:55.917200,Raspberry_Relieve1,25.65299345,-100.29012571666667,38.52,0.0,0,100.0,-1,0.0,,,,,,00:18:17,0.49,,34.160332
2026-07-07T16:33:56.417319,Raspberry_Relieve1,25.65299345,-100.29012571666667,38.521,0.0,0,100.0,-1,0.0,,,,,,00:18:17,0.5,,34.160332
2026-07-07T16:33:56.917422,Raspberry_Relieve1,25.65299345,-100.29012571666667,38.521,0.0,0,100.0,-1,0.0,,,,,,00:18:18,0.52,,34.160332
2026-07-07T16:33:57.417537,Raspberry_Relieve1,25.65299345,-100.29012571666667,38.523,0.0,0,100.0,-1,0.0,,,,,,00:18:18,0.48,,34.160332
2026-07-07T16:33:57.917632,Raspberry_Relieve1,25.65299345,-100.29012571666667,38.523,0.0,0,100.0,-1,0.0,,,,,,00:18:19,0.52,,34.160332
2026-07-07T16:33:58.417753,Raspberry_Relieve1,25.65299345,-100.29012571666667,38.522,0.0,0,100.0,-1,0.0,,,,,,00:18:19,0.49,,34.160332
2026-07-07T16:33:58.917856,Raspberry_Relieve1,25.65299345,-100.29012571666667,38.522,0.0,0,100.0,-1,0.0,,,,,,00:18:20,0.5,,34.160332
2026-07-07T16:33:59.417978,Raspberry_Relieve1,25.65299345,-100.29012571666667,38.525,0.0,0,100.0,-1,0.0,,,,,,00:18:20,0.49,,34.160332
2026-07-07T16:33:59.918097,Raspberry_Relieve1,25.65299345,-100.29012571666667,38.525,0.0,0,100.0,-1,0.0,,,,,,00:18:21,0.48,,34.160332
2026-07-07T16:34:00.418211,Raspberry_Relieve1,25.65299345,-100.29012571666667,38.525,0.0,0,100.0,-1,0.0,,,,,,00:18:21,0.5,,34.160332
2026-07-07T16:34:00.918316,Raspberry_Relieve1,25.65299345,-100.29012571666667,38.525,0.0,0,100.0,-1,0.0,,,,,,00:18:22,0.5,,34.160332
2026-07-07T16:34:01.418431,Raspberry_Relieve1,25.65299345,-100.29012571666667,38.527,0.0,0,100.0,-1,0.0,,,,,,00:18:22,0.51,,34.160332
2026-07-07T16:34:01.918541,Raspberry_Relieve1,25.65299345,-100.29012571666667,38.527,0.0,0,100.0,-1,0.0,,,,,,00:18:23,0.51,,34.160332
2026-07-07T16:34:02.418657,Raspberry_Relieve1,25.65299345,-100.29012571666667,38.529,0.0,0,100.0,-1,0.0,,,,,,00:18:23,0.51,,34.160332
2026-07-07T16:34:02.918758,Raspberry_Relieve1,25.65299345,-100.29012571666667,38.529,0.0,0,100.0,-1,0.0,,,,,,00:18:24,0.48,,34.160332
2026-07-07T16:34:03.418863,Raspberry_Relieve1,25.65299345,-100.29012571666667,36.222,16.327,591,100.0,-1,0.0,,,,,,00:18:24,0.5,0.082117,34.242449
2026-07-07T16:34:03.918965,Raspberry_Relieve1,25.65299345,-100.29012571666667,36.222,16.327,591,100.0,-1,0.0,,,,,,00:18:25,0.51,0.08334,34.325789
2026-07-07T16:34:04.419104,Raspberry_Relieve1,25.65299345,-100.29012571666667,36.168,19.003,687,100.0,-1,0.0,,,,,,00:18:25,0.5,0.094477,34.420266
2026-07-07T16:34:04.919199,Raspberry_Relieve1,25.65299345,-100.29012571666667,36.168,19.003,687,100.0,-1,0.0,,,,,,00:18:26,0.49,0.094054,34.51432
2026-07-07T16:34:05.419367,Raspberry_Relieve1,25.65299345,-100.29012571666667,36.132,19.173,693,100.0,-1,0.0,,,,,,00:18:26,0.52,0.100521,34.614841
2026-07-07T16:34:05.919470,Raspberry_Relieve1,25.65299345,-100.29012571666667,36.132,19.173,693,100.0,-1,0.0,,,,,,00:18:27,0.48,0.093063,34.707904
2026-07-07T16:34:06.419588,Raspberry_Relieve1,25.65299345,-100.29012571666667,36.098,19.18,692,100.0,-1,0.0,,,,,,00:18:27,0.49,0.093584,34.801488
2026-07-07T16:34:06.919686,Raspberry_Relieve1,25.65299345,-100.29012571666667,36.098,19.18,692,100.0,-1,0.0,,,,,,00:18:28,0.52,0.099199,34.900687
2026-07-07T16:34:07.419806,Raspberry_Relieve1,25.65299345,-100.29012571666667,36.071,19.17,691,100.0,-1,0.0,,,,,,00:18:28,0.5,0.096214,34.996901
2026-07-07T16:34:07.919906,Raspberry_Relieve1,25.65299345,-100.29012571666667,36.071,19.17,691,100.0,-1,0.0,,,,,,00:18:29,0.5,0.096592,35.093493
2026-07-07T16:34:08.420024,Raspberry_Relieve1,25.65299345,-100.29012571666667,36.036,19.166,691,100.0,-1,0.0,,,,,,00:18:29,0.5,0.095431,35.188924
2026-07-07T16:34:08.920129,Raspberry_Relieve1,25.65299345,-100.29012571666667,36.036,19.166,691,100.0,-1,0.0,,,,,,00:18:30,0.49,0.094563,35.283487
2026-07-07T16:34:09.420253,Raspberry_Relieve1,25.65299345,-100.29012571666667,36.02,19.153,690,100.0,-1,0.0,,,,,,00:18:30,0.49,0.093434,35.376921
2026-07-07T16:34:09.920353,Raspberry_Relieve1,25.65299345,-100.29012571666667,36.02,19.153,690,100.0,-1,0.0,,,,,,00:18:31,0.5,0.096446,35.473367
2026-07-07T16:34:10.420480,Raspberry_Relieve1,25.65299345,-100.29012571666667,35.989,19.124,688,100.0,-1,0.0,,,,,,00:18:31,0.53,0.101364,35.574731
2026-07-07T16:34:10.920575,Raspberry_Relieve1,25.65299345,-100.29012571666667,35.989,19.124,688,100.0,-1,0.0,,,,,,00:18:32,0.48,0.092506,35.667237
2026-07-07T16:34:11.420711,Raspberry_Relieve1,25.65299345,-100.29012571666667,35.979,19.099,687,100.0,-1,0.0,,,,,,00:18:32,0.5,0.096164,35.763401
2026-07-07T16:34:11.920807,Raspberry_Relieve1,25.65299345,-100.29012571666667,35.979,19.099,687,100.0,-1,0.0,,,,,,00:18:33,0.5,0.095962,35.859363
2026-07-07T16:34:12.420930,Raspberry_Relieve1,25.65299345,-100.29012571666667,35.955,19.083,686,100.0,-1,0.0,,,,,,00:18:33,0.53,0.100858,35.960221
2026-07-07T16:34:12.921108,Raspberry_Relieve1,25.65299345,-100.29012571666667,35.955,19.083,686,100.0,-1,0.0,,,,,,00:18:34,0.48,0.090966,36.051187
2026-07-07T16:34:13.421229,Raspberry_Relieve1,25.65299345,-100.29012571666667,35.925,19.051,684,100.0,-1,0.0,,,,,,00:18:34,0.5,0.094977,36.146164
2026-07-07T16:34:13.921320,Raspberry_Relieve1,25.65299345,-100.29012571666667,35.925,19.051,684,100.0,-1,0.0,,,,,,00:18:35,0.61,0.115083,36.261247
2026-07-07T16:34:14.421455,Raspberry_Relieve1,25.65299345,-100.29012571666667,35.887,19.053,684,100.0,-1,0.0,,,,,,00:18:35,0.38,0.072944,36.334191
2026-07-07T16:34:14.921590,Raspberry_Relieve1,25.65299345,-100.29012571666667,35.887,19.053,684,100.0,-1,0.0,,,,,,00:18:36,0.51,0.096139,36.43033
2026-07-07T16:34:15.421747,Raspberry_Relieve1,25.65299345,-100.29012571666667,35.949,18.773,675,100.0,-1,0.0,,,,,,00:18:36,0.5,0.093832,36.524162
2026-07-07T16:34:15.921843,Raspberry_Relieve1,25.65299345,-100.29012571666667,35.949,18.773,675,100.0,-1,0.0,,,,,,00:18:37,0.48,0.090021,36.614183
2026-07-07T16:34:16.421975,Raspberry_Relieve1,25.65299345,-100.29012571666667,36.093,17.697,639,100.0,-1,0.0,,,,,,00:18:37,0.51,0.09109,36.705273
2026-07-07T16:34:16.922073,Raspberry_Relieve1,25.65299345,-100.29012571666667,36.093,17.697,639,100.0,-1,0.0,,,,,,00:18:38,0.52,0.09206,36.797333
2026-07-07T16:34:17.422203,Raspberry_Relieve1,25.65299345,-100.29012571666667,36.114,17.103,618,100.0,-1,0.0,,,,,,00:18:38,0.49,0.084654,36.881988
2026-07-07T16:34:17.922287,Raspberry_Relieve1,25.65299345,-100.29012571666667,36.114,17.103,618,100.0,-1,0.0,,,,,,00:18:39,0.49,0.083455,36.965442
2026-07-07T16:34:18.422462,Raspberry_Relieve1,25.65299345,-100.29012571666667,38.152,6.492,248,100.0,-1,0.0,,,,,,00:18:39,0.5,0.034469,36.999911
2026-07-07T16:34:18.922549,Raspberry_Relieve1,25.65299345,-100.29012571666667,38.152,6.492,248,100.0,-1,0.0,,,,,,00:18:40,0.48,0.033304,37.033215
2026-07-07T16:34:19.422728,Raspberry_Relieve1,25.65299345,-100.29012571666667,38.182,0.38,14,100.0,-1,0.0,,,,,,00:18:40,0.52,0.002037,37.035252
2026-07-07T16:34:19.922808,Raspberry_Relieve1,25.65299345,-100.29012571666667,38.182,0.38,14,100.0,-1,0.0,,,,,,00:18:41,0.52,0.002038,37.03729
2026-07-07T16:34:20.422927,Raspberry_Relieve1,25.65299345,-100.29012571666667,36.09,8.89,321,100.0,-1,0.0,,,,,,00:18:41,0.48,0.042733,37.080023
2026-07-07T16:34:20.923109,Raspberry_Relieve1,25.65299345,-100.29012571666667,36.09,8.89,321,100.0,-1,0.0,,,,,,00:18:42,0.51,0.045715,37.125738
2026-07-07T16:34:21.423227,Raspberry_Relieve1,25.65299345,-100.29012571666667,35.885,18.412,661,100.0,-1,0.0,,,,,,00:18:42,0.54,0.099274,37.225012
2026-07-07T16:34:21.923404,Raspberry_Relieve1,25.65299345,-100.29012571666667,35.885,18.412,661,100.0,-1,0.0,,,,,,00:18:43,0.45,0.083449,37.308461
2026-07-07T16:34:22.423535,Raspberry_Relieve1,25.65299345,-100.29012571666667,38.101,8.953,341,100.0,-1,0.0,,,,,,00:18:43,0.48,0.045599,37.35406
2026-07-07T16:34:22.923664,Raspberry_Relieve1,25.65299345,-100.29012571666667,38.101,8.953,341,100.0,-1,0.0,,,,,,00:18:44,0.54,0.051093,37.405153
2026-07-07T16:34:23.423788,Raspberry_Relieve1,25.65299345,-100.29012571666667,38.181,0.531,20,100.0,-1,0.0,,,,,,00:18:44,0.48,0.002674,37.407827
2026-07-07T16:34:23.923888,Raspberry_Relieve1,25.65299345,-100.29012571666667,38.181,0.531,20,100.0,-1,0.0,,,,,,00:18:45,0.53,0.002934,37.410762
2026-07-07T16:34:24.423999,Raspberry_Relieve1,25.65299345,-100.29012571666667,36.532,10.737,392,100.0,-1,0.0,,,,,,00:18:45,0.46,0.050581,37.461343
2026-07-07T16:34:24.924153,Raspberry_Relieve1,25.65299345,-100.29012571666667,36.532,10.737,392,100.0,-1,0.0,,,,,,00:18:46,0.5,0.054181,37.515524
2026-07-07T16:34:25.424263,Raspberry_Relieve1,25.65299345,-100.29012571666667,38.205,0.639,24,100.0,-1,0.0,,,,,,00:18:46,0.49,0.003261,37.518785
2026-07-07T16:34:25.924443,Raspberry_Relieve1,25.65299345,-100.29012571666667,38.205,0.639,24,100.0,-1,0.0,,,,,,00:18:47,0.51,0.003386,37.522171
2026-07-07T16:34:26.424568,Raspberry_Relieve1,25.65299345,-100.29012571666667,38.226,0.0,0,100.0,-1,0.0,,,,,,00:18:47,0.5,,37.522171
2026-07-07T16:34:26.924758,Raspberry_Relieve1,25.65299345,-100.29012571666667,38.226,0.0,0,100.0,-1,0.0,,,,,,00:18:48,0.49,,37.522171
2026-07-07T16:34:27.424885,Raspberry_Relieve1,25.65299345,-100.29012571666667,38.241,0.0,0,100.0,-1,0.0,,,,,,00:18:48,0.48,,37.522171
2026-07-07T16:34:27.924976,Raspberry_Relieve1,25.65299345,-100.29012571666667,38.241,0.0,0,100.0,-1,0.0,,,,,,00:18:49,0.53,,37.522171
2026-07-07T16:34:28.425087,Raspberry_Relieve1,25.65299345,-100.29012571666667,38.255,0.0,0,100.0,-1,0.0,,,,,,00:18:49,0.48,,37.522171
2026-07-07T16:34:28.925196,Raspberry_Relieve1,25.65299345,-100.29012571666667,38.255,0.0,0,100.0,-1,0.0,,,,,,00:18:50,0.5,,37.522171
2026-07-07T16:34:29.425310,Raspberry_Relieve1,25.65299345,-100.29012571666667,35.955,16.629,598,100.0,-1,0.0,,,,,,00:18:50,0.57,0.094377,37.616548
2026-07-07T16:34:29.925418,Raspberry_Relieve1,25.65299345,-100.29012571666667,35.955,16.629,598,100.0,-1,0.0,,,,,,00:18:51,0.43,0.072238,37.688786
2026-07-07T16:34:30.425530,Raspberry_Relieve1,25.65299345,-100.29012571666667,35.918,19.009,683,100.0,-1,0.0,,,,,,00:18:51,0.52,0.097742,37.786528
2026-07-07T16:34:30.925630,Raspberry_Relieve1,25.65299345,-100.29012571666667,35.918,19.009,683,100.0,-1,0.0,,,,,,00:18:52,0.49,0.092861,37.879389
2026-07-07T16:34:31.425743,Raspberry_Relieve1,25.65299345,-100.29012571666667,38.127,8.981,342,100.0,-1,0.0,,,,,,00:18:52,0.5,0.047302,37.926691
2026-07-07T16:34:31.925878,Raspberry_Relieve1,25.65299345,-100.29012571666667,38.127,8.981,342,100.0,-1,0.0,,,,,,00:18:53,0.51,0.048174,37.974865
2026-07-07T16:34:32.425994,Raspberry_Relieve1,25.65299345,-100.29012571666667,35.892,17.502,628,100.0,-1,0.0,,,,,,00:18:53,0.52,0.090896,38.065762
2026-07-07T16:34:32.926096,Raspberry_Relieve1,25.65299345,-100.29012571666667,35.892,17.502,628,100.0,-1,0.0,,,,,,00:18:54,0.49,0.084963,38.150725
2026-07-07T16:34:33.426213,Raspberry_Relieve1,25.65299345,-100.29012571666667,35.866,19.058,684,100.0,-1,0.0,,,,,,00:18:54,0.5,0.09558,38.246305
2026-07-07T16:34:33.926336,Raspberry_Relieve1,25.65299345,-100.29012571666667,35.866,19.058,684,100.0,-1,0.0,,,,,,00:18:55,0.49,0.09399,38.340295
2026-07-07T16:34:34.426454,Raspberry_Relieve1,25.65299345,-100.29012571666667,35.842,19.147,686,100.0,-1,0.0,,,,,,00:18:55,0.5,0.09497,38.435265
2026-07-07T16:34:34.926639,Raspberry_Relieve1,25.65299345,-100.29012571666667,35.842,19.147,686,100.0,-1,0.0,,,,,,00:18:56,0.5,0.095103,38.530369
2026-07-07T16:34:35.426745,Raspberry_Relieve1,25.65299345,-100.29012571666667,38.111,3.559,136,100.0,-1,0.0,,,,,,00:18:57,0.94,0.035331,38.5657
2026-07-07T16:34:36.126798,Raspberry_Relieve1,25.65299345,-100.29012571666667,38.111,3.559,136,100.0,-1,0.0,,,,,,00:18:57,0.26,0.009944,38.575644
2026-07-07T16:34:36.626949,Raspberry_Relieve1,25.65299345,-100.29012571666667,38.414,-1.797,-69,100.0,14400,0.0,,,,,,00:18:58,0.5,-0.009604,38.56604
2026-07-07T16:34:37.127068,Raspberry_Relieve1,25.65299345,-100.29012571666667,38.414,-1.797,-69,100.0,14400,0.0,,,,,,00:18:58,0.5,-0.009649,38.556391
2026-07-07T16:34:37.627205,Raspberry_Relieve1,25.65299345,-100.29012571666667,38.182,-0.422,-16,100.0,14400,0.001,,,,,,00:18:59,0.52,-0.002318,38.554072
2026-07-07T16:34:38.127299,Raspberry_Relieve1,25.65299345,-100.29012571666667,38.182,-0.422,-16,100.0,14400,0.001,,,,,,00:18:59,0.47,-0.002102,38.55197
2026-07-07T16:34:38.627416,Raspberry_Relieve1,25.65299345,-100.29012571666667,38.199,0.0,0,100.0,14400,0.001,,,,,,00:19:00,0.49,,38.55197
2026-07-07T16:34:39.127524,Raspberry_Relieve1,25.65299345,-100.29012571666667,38.199,0.0,0,100.0,14400,0.001,,,,,,00:19:00,0.53,,38.55197
2026-07-07T16:34:39.627681,Raspberry_Relieve1,25.65299345,-100.29012571666667,38.213,0.0,0,100.0,-1,0.001,,,,,,00:19:01,0.48,,38.55197
2026-07-07T16:34:40.127787,Raspberry_Relieve1,25.65299345,-100.29012571666667,38.213,0.0,0,100.0,-1,0.001,,,,,,00:19:01,0.51,,38.55197
2026-07-07T16:34:40.627894,Raspberry_Relieve1,25.65299345,-100.29012571666667,38.227,0.0,0,100.0,-1,0.001,,,,,,00:19:02,0.49,,38.55197
2026-07-07T16:34:41.128023,Raspberry_Relieve1,25.65299345,-100.29012571666667,38.227,0.0,0,100.0,-1,0.001,,,,,,00:19:02,0.5,,38.55197
2026-07-07T16:34:41.628167,Raspberry_Relieve1,25.65299345,-100.29012571666667,38.239,0.0,0,100.0,-1,0.001,,,,,,00:19:03,0.51,,38.55197
2026-07-07T16:34:42.128300,Raspberry_Relieve1,25.65299345,-100.29012571666667,38.239,0.0,0,100.0,-1,0.001,,,,,,00:19:03,0.49,,38.55197
2026-07-07T16:34:42.628412,Raspberry_Relieve1,25.65299345,-100.29012571666667,38.249,0.0,0,100.0,-1,0.001,,,,,,00:19:04,0.52,,38.55197
2026-07-07T16:34:43.128523,Raspberry_Relieve1,25.65299345,-100.29012571666667,38.249,0.0,0,100.0,-1,0.001,,,,,,00:19:04,0.48,,38.55197
2026-07-07T16:34:43.628642,Raspberry_Relieve1,25.65299345,-100.29012571666667,38.26,0.0,0,100.0,-1,0.001,,,,,,00:19:05,0.52,,38.55197
2026-07-07T16:34:44.128744,Raspberry_Relieve1,25.65299345,-100.29012571666667,38.26,0.0,0,100.0,-1,0.001,,,,,,00:19:05,0.48,,38.55197
2026-07-07T16:34:44.628875,Raspberry_Relieve1,25.65299345,-100.29012571666667,38.269,0.0,0,100.0,-1,0.001,,,,,,00:19:06,0.5,,38.55197
2026-07-07T16:34:45.129064,Raspberry_Relieve1,25.65299345,-100.29012571666667,38.269,0.0,0,100.0,-1,0.001,,,,,,00:19:06,0.5,,38.55197
2026-07-07T16:34:45.629126,Raspberry_Relieve1,25.65299345,-100.29012571666667,38.275,0.0,0,100.0,-1,0.001,,,,,,00:19:07,0.51,,38.55197
2026-07-07T16:34:46.129243,Raspberry_Relieve1,25.65299345,-100.29012571666667,38.275,0.0,0,100.0,-1,0.001,,,,,,00:19:07,0.49,,38.55197
2026-07-07T16:34:46.629362,Raspberry_Relieve1,25.65299345,-100.29012571666667,38.284,0.0,0,100.0,-1,0.001,,,,,,00:19:08,0.5,,38.55197
2026-07-07T16:34:47.129476,Raspberry_Relieve1,25.65299345,-100.29012571666667,38.284,0.0,0,100.0,-1,0.001,,,,,,00:19:08,0.52,,38.55197
2026-07-07T16:34:47.629616,Raspberry_Relieve1,25.65299345,-100.29012571666667,38.291,0.0,0,100.0,-1,0.001,,,,,,00:19:09,0.47,,38.55197
2026-07-07T16:34:48.129725,Raspberry_Relieve1,25.65299345,-100.29012571666667,38.291,0.0,0,100.0,-1,0.001,,,,,,00:19:09,0.52,,38.55197
2026-07-07T16:34:48.629837,Raspberry_Relieve1,25.65299345,-100.29012571666667,38.295,0.359,14,100.0,-1,0.001,,,,,,00:19:10,0.5,0.001956,38.553926
2026-07-07T16:34:49.129940,Raspberry_Relieve1,25.65299345,-100.29012571666667,38.295,0.359,14,100.0,-1,0.001,,,,,,00:19:10,0.5,0.001948,38.555874
2026-07-07T16:34:49.630103,Raspberry_Relieve1,25.65299345,-100.29012571666667,38.302,0.0,0,100.0,-1,0.001,,,,,,00:19:11,0.5,,38.555874
2026-07-07T16:34:50.130207,Raspberry_Relieve1,25.65299345,-100.29012571666667,38.302,0.0,0,100.0,-1,0.001,,,,,,00:19:11,0.5,,38.555874
2026-07-07T16:34:50.630325,Raspberry_Relieve1,25.65299345,-100.29012571666667,38.31,0.0,0,100.0,-1,0.001,,,,,,00:19:12,0.49,,38.555874
2026-07-07T16:34:51.130456,Raspberry_Relieve1,25.65299345,-100.29012571666667,38.31,0.0,0,100.0,-1,0.001,,,,,,00:19:12,0.55,,38.555874
2026-07-07T16:34:51.630563,Raspberry_Relieve1,25.65299345,-100.29012571666667,38.315,0.0,0,100.0,-1,0.001,,,,,,00:19:13,0.47,,38.555874
2026-07-07T16:34:52.130722,Raspberry_Relieve1,25.65299345,-100.29012571666667,38.315,0.0,0,100.0,-1,0.001,,,,,,00:19:13,0.5,,38.555874
2026-07-07T16:34:52.630836,Raspberry_Relieve1,25.65299345,-100.29012571666667,38.322,0.0,0,100.0,-1,0.001,,,,,,00:19:14,0.48,,38.555874
2026-07-07T16:34:53.130946,Raspberry_Relieve1,25.65299345,-100.29012571666667,38.322,0.0,0,100.0,-1,0.001,,,,,,00:19:14,0.51,,38.555874
2026-07-07T16:34:53.631088,Raspberry_Relieve1,25.65299345,-100.29012571666667,38.327,0.0,0,100.0,-1,0.001,,,,,,00:19:15,0.51,,38.555874
2026-07-07T16:34:54.131219,Raspberry_Relieve1,25.65299345,-100.29012571666667,38.327,0.0,0,100.0,-1,0.001,,,,,,00:19:15,0.5,,38.555874
2026-07-07T16:34:54.631338,Raspberry_Relieve1,25.65299345,-100.29012571666667,38.332,0.0,0,100.0,-1,0.001,,,,,,00:19:16,0.49,,38.555874
2026-07-07T16:34:55.131462,Raspberry_Relieve1,25.65299345,-100.29012571666667,38.332,0.0,0,100.0,-1,0.001,,,,,,00:19:16,0.5,,38.555874
2026-07-07T16:34:55.631587,Raspberry_Relieve1,25.65299345,-100.29012571666667,38.339,0.0,0,100.0,-1,0.001,,,,,,00:19:17,0.49,,38.555874
2026-07-07T16:34:56.131697,Raspberry_Relieve1,25.65299345,-100.29012571666667,38.339,0.0,0,100.0,-1,0.001,,,,,,00:19:17,0.6,,38.555874
2026-07-07T16:34:56.631795,Raspberry_Relieve1,25.65299345,-100.29012571666667,38.342,0.0,0,100.0,-1,0.001,,,,,,00:19:18,0.43,,38.555874
2026-07-07T16:34:57.131938,Raspberry_Relieve1,25.65299345,-100.29012571666667,38.342,0.0,0,100.0,-1,0.001,,,,,,00:19:18,0.49,,38.555874
2026-07-07T16:34:57.632072,Raspberry_Relieve1,25.65299345,-100.29012571666667,38.347,0.0,0,100.0,-1,0.001,,,,,,00:19:19,0.49,,38.555874
2026-07-07T16:34:58.132223,Raspberry_Relieve1,25.65299345,-100.29012571666667,38.347,0.0,0,100.0,-1,0.001,,,,,,00:19:19,0.5,,38.555874
2026-07-07T16:34:58.632346,Raspberry_Relieve1,25.65299345,-100.29012571666667,38.351,0.0,0,100.0,-1,0.001,,,,,,00:19:20,0.51,,38.555874
2026-07-07T16:34:59.132454,Raspberry_Relieve1,25.65299345,-100.29012571666667,38.351,0.0,0,100.0,-1,0.001,,,,,,00:19:20,0.49,,38.555874
2026-07-07T16:34:59.632585,Raspberry_Relieve1,25.65299345,-100.29012571666667,38.355,0.0,0,100.0,-1,0.001,,,,,,00:19:21,0.51,,38.555874
2026-07-07T16:35:00.132689,Raspberry_Relieve1,25.65299345,-100.29012571666667,38.355,0.0,0,100.0,-1,0.001,,,,,,00:19:21,0.5,,38.555874
2026-07-07T16:35:00.632843,Raspberry_Relieve1,25.65299345,-100.29012571666667,38.361,0.0,0,100.0,-1,0.001,,,,,,00:19:22,0.51,,38.555874
2026-07-07T16:35:01.132962,Raspberry_Relieve1,25.65299345,-100.29012571666667,38.361,0.0,0,100.0,-1,0.001,,,,,,00:19:22,0.5,,38.555874
2026-07-07T16:35:01.633113,Raspberry_Relieve1,25.65299345,-100.29012571666667,38.362,0.0,0,100.0,-1,0.001,,,,,,00:19:23,0.5,,38.555874
2026-07-07T16:35:02.133224,Raspberry_Relieve1,25.65299345,-100.29012571666667,38.362,0.0,0,100.0,-1,0.001,,,,,,00:19:23,0.56,,38.555874
2026-07-07T16:35:02.633324,Raspberry_Relieve1,25.65299345,-100.29012571666667,38.367,0.0,0,100.0,-1,0.001,,,,,,00:19:24,0.42,,38.555874
2026-07-07T16:35:03.133466,Raspberry_Relieve1,25.65299345,-100.29012571666667,38.367,0.0,0,100.0,-1,0.001,,,,,,00:19:24,0.51,,38.555874
2026-07-07T16:35:03.633600,Raspberry_Relieve1,25.65299345,-100.29012571666667,38.372,0.0,0,100.0,-1,0.001,,,,,,00:19:25,0.51,,38.555874
2026-07-07T16:35:04.133707,Raspberry_Relieve1,25.65299345,-100.29012571666667,38.372,0.0,0,100.0,-1,0.001,,,,,,00:19:25,0.47,,38.555874
2026-07-07T16:35:04.633828,Raspberry_Relieve1,25.65299345,-100.29012571666667,38.375,0.0,0,100.0,-1,0.001,,,,,,00:19:26,0.54,,38.555874
2026-07-07T16:35:05.133914,Raspberry_Relieve1,25.65299345,-100.29012571666667,38.375,0.0,0,100.0,-1,0.001,,,,,,00:19:26,0.49,,38.555874
2026-07-07T16:35:05.634050,Raspberry_Relieve1,25.65299345,-100.29012571666667,38.377,0.0,0,100.0,-1,0.001,,,,,,00:19:27,0.48,,38.555874
2026-07-07T16:35:06.134157,Raspberry_Relieve1,25.65299345,-100.29012571666667,38.377,0.0,0,100.0,-1,0.001,,,,,,00:19:27,0.51,,38.555874
2026-07-07T16:35:06.634286,Raspberry_Relieve1,25.65299345,-100.29012571666667,38.382,0.0,0,100.0,-1,0.001,,,,,,00:19:28,0.53,,38.555874
2026-07-07T16:35:07.134384,Raspberry_Relieve1,25.65299345,-100.29012571666667,38.382,0.0,0,100.0,-1,0.001,,,,,,00:19:28,0.44,,38.555874
2026-07-07T16:35:07.634530,Raspberry_Relieve1,25.65299345,-100.29012571666667,38.384,0.0,0,100.0,-1,0.001,,,,,,00:19:29,0.52,,38.555874
2026-07-07T16:35:08.134633,Raspberry_Relieve1,25.65299345,-100.29012571666667,38.384,0.0,0,100.0,-1,0.001,,,,,,00:19:29,0.54,,38.555874
2026-07-07T16:35:08.634739,Raspberry_Relieve1,25.65299345,-100.29012571666667,38.388,0.0,0,100.0,-1,0.001,,,,,,00:19:30,0.48,,38.555874
2026-07-07T16:35:09.134864,Raspberry_Relieve1,25.65299345,-100.29012571666667,38.388,0.0,0,100.0,-1,0.001,,,,,,00:19:30,0.49,,38.555874
2026-07-07T16:35:09.634955,Raspberry_Relieve1,25.65299345,-100.29012571666667,38.391,0.0,0,100.0,-1,0.001,,,,,,00:19:31,0.48,,38.555874
2026-07-07T16:35:10.135082,Raspberry_Relieve1,25.65299345,-100.29012571666667,38.391,0.0,0,100.0,-1,0.001,,,,,,00:19:31,0.52,,38.555874
2026-07-07T16:35:10.635245,Raspberry_Relieve1,25.65299345,-100.29012571666667,38.394,0.0,0,100.0,-1,0.001,,,,,,00:19:32,0.49,,38.555874
2026-07-07T16:35:11.135350,Raspberry_Relieve1,25.65299345,-100.29012571666667,38.394,0.0,0,100.0,-1,0.001,,,,,,00:19:32,0.51,,38.555874
2026-07-07T16:35:11.635509,Raspberry_Relieve1,25.65299345,-100.29012571666667,38.396,0.0,0,100.0,-1,0.001,,,,,,00:19:33,0.54,,38.555874
2026-07-07T16:35:12.135670,Raspberry_Relieve1,25.65299345,-100.29012571666667,38.396,0.0,0,100.0,-1,0.001,,,,,,00:19:33,0.45,,38.555874
2026-07-07T16:35:12.635810,Raspberry_Relieve1,25.65299345,-100.29012571666667,38.4,0.0,0,100.0,-1,0.001,,,,,,00:19:34,0.5,,38.555874
2026-07-07T16:35:13.135924,Raspberry_Relieve1,25.65299345,-100.29012571666667,38.4,0.0,0,100.0,-1,0.001,,,,,,00:19:34,0.5,,38.555874
2026-07-07T16:35:13.636084,Raspberry_Relieve1,25.65299345,-100.29012571666667,38.401,0.0,0,100.0,-1,0.001,,,,,,00:19:35,0.5,,38.555874
2026-07-07T16:35:14.136207,Raspberry_Relieve1,25.65299345,-100.29012571666667,38.401,0.0,0,100.0,-1,0.001,,,,,,00:19:35,0.49,,38.555874
2026-07-07T16:35:14.636323,Raspberry_Relieve1,25.65299345,-100.29012571666667,38.405,0.0,0,100.0,-1,0.001,,,,,,00:19:36,0.51,,38.555874
2026-07-07T16:35:15.136410,Raspberry_Relieve1,25.65299345,-100.29012571666667,38.405,0.0,0,100.0,-1,0.001,,,,,,00:19:36,0.56,,38.555874
2026-07-07T16:35:15.636532,Raspberry_Relieve1,25.65299345,-100.29012571666667,38.408,0.0,0,100.0,-1,0.001,,,,,,00:19:37,0.43,,38.555874
2026-07-07T16:35:16.136651,Raspberry_Relieve1,25.65299345,-100.29012571666667,38.408,0.0,0,100.0,-1,0.001,,,,,,00:19:37,0.49,,38.555874
2026-07-07T16:35:16.636781,Raspberry_Relieve1,25.65299345,-100.29012571666667,38.409,0.0,0,100.0,-1,0.001,,,,,,00:19:38,0.51,,38.555874
2026-07-07T16:35:17.136878,Raspberry_Relieve1,25.65299345,-100.29012571666667,38.409,0.0,0,100.0,-1,0.001,,,,,,00:19:38,0.51,,38.555874
2026-07-07T16:35:17.637045,Raspberry_Relieve1,25.65299345,-100.29012571666667,38.411,0.0,0,100.0,-1,0.001,,,,,,00:19:39,0.49,,38.555874
2026-07-07T16:35:18.137125,Raspberry_Relieve1,25.65299345,-100.29012571666667,38.411,0.0,0,100.0,-1,0.001,,,,,,00:19:39,0.5,,38.555874
2026-07-07T16:35:18.637227,Raspberry_Relieve1,25.65299345,-100.29012571666667,38.413,0.0,0,100.0,-1,0.001,,,,,,00:19:40,0.5,,38.555874
2026-07-07T16:35:19.137330,Raspberry_Relieve1,25.65299345,-100.29012571666667,38.413,0.0,0,100.0,-1,0.001,,,,,,00:19:40,0.51,,38.555874
2026-07-07T16:35:19.637457,Raspberry_Relieve1,25.65299345,-100.29012571666667,38.417,0.0,0,100.0,-1,0.001,,,,,,00:19:41,0.5,,38.555874
2026-07-07T16:35:20.137556,Raspberry_Relieve1,25.65299345,-100.29012571666667,38.417,0.0,0,100.0,-1,0.001,,,,,,00:19:41,0.52,,38.555874
2026-07-07T16:35:20.637680,Raspberry_Relieve1,25.65299345,-100.29012571666667,38.419,0.0,0,100.0,-1,0.001,,,,,,00:19:42,0.47,,38.555874
2026-07-07T16:35:21.137819,Raspberry_Relieve1,25.65299345,-100.29012571666667,38.419,0.0,0,100.0,-1,0.001,,,,,,00:19:42,0.52,,38.555874
2026-07-07T16:35:21.637922,Raspberry_Relieve1,25.65299345,-100.29012571666667,38.422,0.0,0,100.0,-1,0.001,,,,,,00:19:43,0.48,,38.555874
2026-07-07T16:35:22.138039,Raspberry_Relieve1,25.65299345,-100.29012571666667,38.422,0.0,0,100.0,-1,0.001,,,,,,00:19:43,0.5,,38.555874
2026-07-07T16:35:22.638159,Raspberry_Relieve1,25.65299345,-100.29012571666667,38.422,0.0,0,100.0,-1,0.001,,,,,,00:19:44,0.51,,38.555874
2026-07-07T16:35:23.138305,Raspberry_Relieve1,25.65299345,-100.29012571666667,38.422,0.0,0,100.0,-1,0.001,,,,,,00:19:44,0.49,,38.555874
2026-07-07T16:35:23.638418,Raspberry_Relieve1,25.65299345,-100.29012571666667,38.423,0.0,0,100.0,-1,0.001,,,,,,00:19:45,0.5,,38.555874
2026-07-07T16:35:24.138524,Raspberry_Relieve1,25.65299345,-100.29012571666667,38.423,0.0,0,100.0,-1,0.001,,,,,,00:19:45,0.5,,38.555874
2026-07-07T16:35:24.638645,Raspberry_Relieve1,25.65299345,-100.29012571666667,38.427,0.0,0,100.0,-1,0.001,,,,,,00:19:46,0.52,,38.555874
2026-07-07T16:35:25.138757,Raspberry_Relieve1,25.65299345,-100.29012571666667,38.427,0.0,0,100.0,-1,0.001,,,,,,00:19:46,0.5,,38.555874
2026-07-07T16:35:25.638870,Raspberry_Relieve1,25.65299345,-100.29012571666667,38.428,0.0,0,100.0,-1,0.001,,,,,,00:19:47,0.53,,38.555874
2026-07-07T16:35:26.139016,Raspberry_Relieve1,25.65299345,-100.29012571666667,38.428,0.0,0,100.0,-1,0.001,,,,,,00:19:47,0.45,,38.555874
2026-07-07T16:35:26.639131,Raspberry_Relieve1,25.65299345,-100.29012571666667,38.43,0.0,0,100.0,-1,0.001,,,,,,00:19:48,0.49,,38.555874
2026-07-07T16:35:27.139274,Raspberry_Relieve1,25.65299345,-100.29012571666667,38.43,0.0,0,100.0,-1,0.001,,,,,,00:19:48,0.52,,38.555874
2026-07-07T16:35:27.639391,Raspberry_Relieve1,25.65299345,-100.29012571666667,38.432,0.0,0,100.0,-1,0.001,,,,,,00:19:49,0.49,,38.555874
2026-07-07T16:35:28.139548,Raspberry_Relieve1,25.65299345,-100.29012571666667,38.432,0.0,0,100.0,-1,0.001,,,,,,00:19:49,0.5,,38.555874
2026-07-07T16:35:28.639661,Raspberry_Relieve1,25.65299345,-100.29012571666667,38.433,0.0,0,100.0,-1,0.001,,,,,,00:19:50,0.5,,38.555874
2026-07-07T16:35:29.139782,Raspberry_Relieve1,25.65299345,-100.29012571666667,38.433,0.0,0,100.0,-1,0.001,,,,,,00:19:50,0.5,,38.555874
2026-07-07T16:35:29.639910,Raspberry_Relieve1,25.65299345,-100.29012571666667,38.197,0.988,38,100.0,-1,0.001,,,,,,00:19:51,0.58,0.006088,38.561962
2026-07-07T16:35:30.140050,Raspberry_Relieve1,25.65299345,-100.29012571666667,38.197,0.988,38,100.0,-1,0.001,,,,,,00:19:51,0.52,0.005538,38.5675
2026-07-07T16:35:30.640143,Raspberry_Relieve1,25.65299345,-100.29012571666667,38.416,2.236,86,100.0,-1,0.0,,,,,,00:19:52,0.39,0.009393,38.576893
2026-07-07T16:35:31.140266,Raspberry_Relieve1,25.65299345,-100.29012571666667,38.416,2.236,86,100.0,-1,0.0,,,,,,00:19:52,0.53,0.012646,38.589538
2026-07-07T16:35:31.640419,Raspberry_Relieve1,25.65299345,-100.29012571666667,38.376,0.521,20,100.0,-1,0.0,,,,,,00:19:53,0.48,0.002648,38.592186
2026-07-07T16:35:32.140539,Raspberry_Relieve1,25.65299345,-100.29012571666667,38.376,0.521,20,100.0,-1,0.0,,,,,,00:19:53,0.5,0.002759,38.594946
2026-07-07T16:35:32.640694,Raspberry_Relieve1,25.65299345,-100.29012571666667,38.377,0.412,16,100.0,-1,0.0,,,,,,00:19:54,0.52,0.002319,38.597264
2026-07-07T16:35:33.140814,Raspberry_Relieve1,25.65299345,-100.29012571666667,38.377,0.412,16,100.0,-1,0.0,,,,,,00:19:54,0.47,0.002105,38.599369
2026-07-07T16:35:33.641032,Raspberry_Relieve1,25.65299345,-100.29012571666667,38.433,0.0,0,100.0,-1,0.0,,,,,,00:19:55,0.51,,38.599369
2026-07-07T16:35:34.141100,Raspberry_Relieve1,25.65299345,-100.29012571666667,38.433,0.0,0,100.0,-1,0.0,,,,,,00:19:55,0.51,,38.599369
2026-07-07T16:35:34.641258,Raspberry_Relieve1,25.65299345,-100.29012571666667,38.436,0.0,0,100.0,-1,0.0,,,,,,00:19:56,0.49,,38.599369
2026-07-07T16:35:35.141373,Raspberry_Relieve1,25.65299345,-100.29012571666667,38.436,0.0,0,100.0,-1,0.0,,,,,,00:19:56,0.5,,38.599369
2026-07-07T16:35:35.641536,Raspberry_Relieve1,25.65299345,-100.29012571666667,38.438,0.0,0,100.0,-1,0.0,,,,,,00:19:57,0.51,,38.599369
2026-07-07T16:35:36.141666,Raspberry_Relieve1,25.65299345,-100.29012571666667,38.438,0.0,0,100.0,-1,0.0,,,,,,00:19:57,0.5,,38.599369
2026-07-07T16:35:36.641785,Raspberry_Relieve1,25.65299345,-100.29012571666667,38.481,-0.383,-15,100.0,14400,0.0,,,,,,00:19:58,0.49,-0.002024,38.597345
2026-07-07T16:35:37.141965,Raspberry_Relieve1,25.65299345,-100.29012571666667,38.481,-0.383,-15,100.0,14400,0.0,,,,,,00:19:58,0.51,-0.002114,38.59523
2026-07-07T16:35:37.642100,Raspberry_Relieve1,25.65299345,-100.29012571666667,38.481,-0.383,-15,100.0,14400,0.0,,,,,,00:19:59,0.51,-0.002122,38.593109
2026-07-07T16:35:38.142245,Raspberry_Relieve1,25.65299345,-100.29012571666667,38.322,0.688,26,100.0,-1,0.0,,,,,,00:19:59,0.5,0.00363,38.596739
2026-07-07T16:35:38.642364,Raspberry_Relieve1,25.65299345,-100.29012571666667,38.163,1.472,56,100.0,-1,0.0,,,,,,00:20:00,0.5,0.007827,38.604566
2026-07-07T16:35:39.142509,Raspberry_Relieve1,25.65299345,-100.29012571666667,38.163,1.472,56,100.0,-1,0.0,,,,,,00:20:00,0.5,0.007703,38.612269
2026-07-07T16:35:39.642669,Raspberry_Relieve1,25.65299345,-100.29012571666667,38.163,1.472,56,100.0,-1,0.0,,,,,,00:20:01,0.5,0.007744,38.620014
2026-07-07T16:35:40.142810,Raspberry_Relieve1,25.65299345,-100.29012571666667,38.388,0.624,24,100.0,-1,0.0,,,,,,00:20:01,0.5,0.003353,38.623367
2026-07-07T16:35:40.642955,Raspberry_Relieve1,25.65299345,-100.29012571666667,38.388,0.624,24,100.0,-1,0.0,,,,,,00:20:02,0.49,0.003282,38.626649
2026-07-07T16:35:41.143076,Raspberry_Relieve1,25.65299345,-100.29012571666667,38.389,0.412,16,100.0,-1,0.0,,,,,,00:20:02,0.5,0.002231,38.62888
2026-07-07T16:35:41.643250,Raspberry_Relieve1,25.65299345,-100.29012571666667,38.39,0.4,15,100.0,-1,0.0,,,,,,00:20:03,0.57,0.002394,38.631274
2026-07-07T16:35:42.143363,Raspberry_Relieve1,25.65299345,-100.29012571666667,38.39,0.4,15,100.0,-1,0.0,,,,,,00:20:03,0.5,0.002065,38.633339
2026-07-07T16:35:42.643477,Raspberry_Relieve1,25.65299345,-100.29012571666667,38.443,0.0,0,100.0,-1,0.0,,,,,,00:20:04,0.45,,38.633339
2026-07-07T16:35:43.143601,Raspberry_Relieve1,25.65299345,-100.29012571666667,38.443,0.0,0,100.0,-1,0.0,,,,,,00:20:04,0.48,,38.633339
2026-07-07T16:35:43.643761,Raspberry_Relieve1,25.65299345,-100.29012571666667,38.444,0.0,0,100.0,-1,0.0,,,,,,00:20:05,0.58,,38.633339
2026-07-07T16:35:44.143852,Raspberry_Relieve1,25.65299345,-100.29012571666667,38.444,0.0,0,100.0,-1,0.0,,,,,,00:20:05,0.42,,38.633339
2026-07-07T16:35:44.643998,Raspberry_Relieve1,25.65299345,-100.29012571666667,38.446,0.0,0,100.0,-1,0.0,,,,,,00:20:06,0.5,,38.633339
2026-07-07T16:35:45.144094,Raspberry_Relieve1,25.65299345,-100.29012571666667,38.446,0.0,0,100.0,-1,0.0,,,,,,00:20:06,0.5,,38.633339
2026-07-07T16:35:45.644223,Raspberry_Relieve1,25.65299345,-100.29012571666667,38.447,0.0,0,100.0,-1,0.0,,,,,,00:20:07,0.48,,38.633339
2026-07-07T16:35:46.144346,Raspberry_Relieve1,25.65299345,-100.29012571666667,38.447,0.0,0,100.0,-1,0.0,,,,,,00:20:07,0.55,,38.633339
2026-07-07T16:35:46.644471,Raspberry_Relieve1,25.65299345,-100.29012571666667,38.338,2.009,77,100.0,-1,0.0,,,,,,00:20:08,0.46,0.009879,38.643218
2026-07-07T16:35:47.144567,Raspberry_Relieve1,25.65299345,-100.29012571666667,38.338,2.009,77,100.0,-1,0.0,,,,,,00:20:08,0.52,0.011092,38.65431
2026-07-07T16:35:47.644717,Raspberry_Relieve1,25.65299345,-100.29012571666667,38.396,0.472,18,100.0,-1,0.0,,,,,,00:20:09,0.48,0.00238,38.65669
2026-07-07T16:35:48.144861,Raspberry_Relieve1,25.65299345,-100.29012571666667,38.396,0.472,18,100.0,-1,0.0,,,,,,00:20:09,0.52,0.002581,38.659272
2026-07-07T16:35:48.644970,Raspberry_Relieve1,25.65299345,-100.29012571666667,38.397,0.396,15,100.0,-1,0.0,,,,,,00:20:10,0.5,0.002063,38.661335
2026-07-07T16:35:49.145076,Raspberry_Relieve1,25.65299345,-100.29012571666667,38.397,0.396,15,100.0,-1,0.0,,,,,,00:20:10,0.54,0.002231,38.663566
2026-07-07T16:35:49.645215,Raspberry_Relieve1,25.65299345,-100.29012571666667,38.397,0.4,15,100.0,-1,0.0,,,,,,00:20:11,0.47,0.001954,38.66552
2026-07-07T16:35:50.145326,Raspberry_Relieve1,25.65299345,-100.29012571666667,38.397,0.4,15,100.0,-1,0.0,,,,,,00:20:11,0.48,0.002014,38.667534
2026-07-07T16:35:50.645447,Raspberry_Relieve1,25.65299345,-100.29012571666667,38.397,0.394,15,100.0,-1,0.0,,,,,,00:20:12,0.52,0.002165,38.669699
2026-07-07T16:35:51.145566,Raspberry_Relieve1,25.65299345,-100.29012571666667,38.397,0.394,15,100.0,-1,0.0,,,,,,00:20:12,0.5,0.002072,38.671771
2026-07-07T16:35:51.645678,Raspberry_Relieve1,25.65299345,-100.29012571666667,38.396,0.393,15,100.0,-1,0.0,,,,,,00:20:13,0.52,0.002161,38.673932
2026-07-07T16:35:52.145791,Raspberry_Relieve1,25.65299345,-100.29012571666667,38.396,0.393,15,100.0,-1,0.0,,,,,,00:20:13,0.5,0.002079,38.676011
2026-07-07T16:35:52.645913,Raspberry_Relieve1,25.65299345,-100.29012571666667,38.399,0.383,15,100.0,-1,0.0,,,,,,00:20:14,0.5,0.00208,38.678091
2026-07-07T16:35:53.146031,Raspberry_Relieve1,25.65299345,-100.29012571666667,38.399,0.383,15,100.0,-1,0.0,,,,,,00:20:14,0.49,0.002032,38.680123
2026-07-07T16:35:53.646144,Raspberry_Relieve1,25.65299345,-100.29012571666667,38.398,0.389,15,100.0,-1,0.0,,,,,,00:20:15,0.5,0.002098,38.682221
2026-07-07T16:35:54.146261,Raspberry_Relieve1,25.65299345,-100.29012571666667,38.398,0.389,15,100.0,-1,0.0,,,,,,00:20:15,0.49,0.002022,38.684243
2026-07-07T16:35:54.646398,Raspberry_Relieve1,25.65299345,-100.29012571666667,38.398,0.393,15,100.0,-1,0.0,,,,,,00:20:16,0.5,0.002082,38.686325
2026-07-07T16:35:55.146512,Raspberry_Relieve1,25.65299345,-100.29012571666667,38.398,0.393,15,100.0,-1,0.0,,,,,,00:20:16,0.49,0.002055,38.688379
2026-07-07T16:35:55.646659,Raspberry_Relieve1,25.65299345,-100.29012571666667,38.398,0.388,15,100.0,-1,0.0,,,,,,00:20:17,0.52,0.002154,38.690534
2026-07-07T16:35:56.146773,Raspberry_Relieve1,25.65299345,-100.29012571666667,38.398,0.388,15,100.0,-1,0.0,,,,,,00:20:17,0.5,0.002084,38.692618
2026-07-07T16:35:56.646875,Raspberry_Relieve1,25.65299345,-100.29012571666667,38.4,0.386,15,100.0,-1,0.0,,,,,,00:20:18,0.51,0.002126,38.694744
2026-07-07T16:35:57.147058,Raspberry_Relieve1,25.65299345,-100.29012571666667,38.4,0.386,15,100.0,-1,0.0,,,,,,00:20:18,0.48,0.002001,38.696745
2026-07-07T16:35:57.647181,Raspberry_Relieve1,25.65299345,-100.29012571666667,38.401,0.392,15,100.0,-1,0.0,,,,,,00:20:19,0.53,0.002189,38.698934
2026-07-07T16:35:58.147344,Raspberry_Relieve1,25.65299345,-100.29012571666667,38.401,0.392,15,100.0,-1,0.0,,,,,,00:20:19,0.48,0.002,38.700934
2026-07-07T16:35:58.647505,Raspberry_Relieve1,25.65299345,-100.29012571666667,38.399,0.4,15,100.0,-1,0.0,,,,,,00:20:20,0.56,0.002347,38.703281
2026-07-07T16:35:59.147615,Raspberry_Relieve1,25.65299345,-100.29012571666667,38.399,0.4,15,100.0,-1,0.0,,,,,,00:20:20,0.45,0.001856,38.705136
2026-07-07T16:35:59.647755,Raspberry_Relieve1,25.65299345,-100.29012571666667,38.4,0.396,15,100.0,-1,0.0,,,,,,00:20:21,0.5,0.002068,38.707205
2026-07-07T16:36:00.147869,Raspberry_Relieve1,25.65299345,-100.29012571666667,38.4,0.396,15,100.0,-1,0.0,,,,,,00:20:21,0.52,0.002154,38.709359
2026-07-07T16:36:00.648000,Raspberry_Relieve1,25.65299345,-100.29012571666667,38.4,0.398,15,100.0,-1,0.0,,,,,,00:20:22,0.57,0.002386,38.711745
2026-07-07T16:36:01.148110,Raspberry_Relieve1,25.65299345,-100.29012571666667,38.4,0.398,15,100.0,-1,0.0,,,,,,00:20:22,0.4,0.001682,38.713427
2026-07-07T16:36:01.648232,Raspberry_Relieve1,25.65299345,-100.29012571666667,38.401,0.394,15,100.0,-1,0.0,,,,,,00:20:23,0.55,0.002281,38.715708
2026-07-07T16:36:02.148344,Raspberry_Relieve1,25.65299345,-100.29012571666667,38.401,0.394,15,100.0,-1,0.0,,,,,,00:20:23,0.46,0.00193,38.717637
2026-07-07T16:36:02.648461,Raspberry_Relieve1,25.65299345,-100.29012571666667,38.4,0.406,16,100.0,-1,0.0,,,,,,00:20:24,0.49,0.002182,38.71982
2026-07-07T16:36:03.148589,Raspberry_Relieve1,25.65299345,-100.29012571666667,38.4,0.406,16,100.0,-1,0.0,,,,,,00:20:24,0.49,0.00216,38.721979
2026-07-07T16:36:03.648704,Raspberry_Relieve1,25.65299345,-100.29012571666667,38.402,0.407,16,100.0,-1,0.0,,,,,,00:20:25,0.55,0.002464,38.724444
2026-07-07T16:36:04.148813,Raspberry_Relieve1,25.65299345,-100.29012571666667,38.402,0.407,16,100.0,-1,0.0,,,,,,00:20:25,0.47,0.002099,38.726543
2026-07-07T16:36:04.648920,Raspberry_Relieve1,25.65299345,-100.29012571666667,38.404,0.395,15,100.0,-1,0.0,,,,,,00:20:26,0.49,0.002052,38.728595
2026-07-07T16:36:05.149106,Raspberry_Relieve1,25.65299345,-100.29012571666667,38.404,0.395,15,100.0,-1,0.0,,,,,,00:20:26,0.49,0.002037,38.730632
2026-07-07T16:36:05.649224,Raspberry_Relieve1,25.65299345,-100.29012571666667,38.404,0.392,15,100.0,-1,0.0,,,,,,00:20:27,0.51,0.002123,38.732755
2026-07-07T16:36:06.149358,Raspberry_Relieve1,25.65299345,-100.29012571666667,38.404,0.392,15,100.0,-1,0.0,,,,,,00:20:27,0.51,0.002144,38.7349
2026-07-07T16:36:06.649473,Raspberry_Relieve1,25.65299345,-100.29012571666667,38.484,0.0,0,100.0,-1,0.0,,,,,,00:20:28,0.57,,38.7349
2026-07-07T16:36:07.149562,Raspberry_Relieve1,25.65299345,-100.29012571666667,38.484,0.0,0,100.0,-1,0.0,,,,,,00:20:28,0.42,,38.7349
2026-07-07T16:36:07.649693,Raspberry_Relieve1,25.65299345,-100.29012571666667,38.426,0.145,6,100.0,14400,0.0,,,,,,00:20:29,0.49,0.000815,38.735714
2026-07-07T16:36:08.149815,Raspberry_Relieve1,25.65299345,-100.29012571666667,38.426,0.145,6,100.0,14400,0.0,,,,,,00:20:29,0.51,0.000844,38.736558
2026-07-07T16:36:08.649934,Raspberry_Relieve1,25.65299345,-100.29012571666667,38.42,0.266,10,100.0,-1,0.0,,,,,,00:20:30,0.51,0.001417,38.737976
2026-07-07T16:36:09.150046,Raspberry_Relieve1,25.65299345,-100.29012571666667,38.42,0.266,10,100.0,-1,0.0,,,,,,00:20:30,0.49,0.00136,38.739335
2026-07-07T16:36:09.650164,Raspberry_Relieve1,25.65299345,-100.29012571666667,38.47,0.0,0,100.0,-1,0.0,,,,,,00:20:31,0.52,,38.739335
2026-07-07T16:36:10.150288,Raspberry_Relieve1,25.65299345,-100.29012571666667,38.47,0.0,0,100.0,-1,0.0,,,,,,00:20:31,0.5,,38.739335
2026-07-07T16:36:10.650403,Raspberry_Relieve1,25.65299345,-100.29012571666667,38.426,0.0,0,100.0,-1,0.0,,,,,,00:20:32,0.47,,38.739335
2026-07-07T16:36:11.150514,Raspberry_Relieve1,25.65299345,-100.29012571666667,38.426,0.0,0,100.0,-1,0.0,,,,,,00:20:32,0.53,,38.739335
2026-07-07T16:36:11.650638,Raspberry_Relieve1,25.65299345,-100.29012571666667,38.501,-0.298,-11,100.0,-1,0.0,,,,,,00:20:33,0.5,-0.001514,38.737821
2026-07-07T16:36:12.150771,Raspberry_Relieve1,25.65299345,-100.29012571666667,38.501,-0.298,-11,100.0,-1,0.0,,,,,,00:20:33,0.5,-0.001524,38.736297
2026-07-07T16:36:12.650860,Raspberry_Relieve1,25.65299345,-100.29012571666667,38.491,-0.293,-11,100.0,14400,0.0,,,,,,00:20:34,0.53,-0.001616,38.734681
2026-07-07T16:36:13.150980,Raspberry_Relieve1,25.65299345,-100.29012571666667,38.491,-0.293,-11,100.0,14400,0.0,,,,,,00:20:34,0.49,-0.001507,38.733174
2026-07-07T16:36:13.651092,Raspberry_Relieve1,25.65299345,-100.29012571666667,38.463,0.0,0,100.0,14400,0.0,,,,,,00:20:35,0.48,,38.733174
2026-07-07T16:36:14.151214,Raspberry_Relieve1,25.65299345,-100.29012571666667,38.463,0.0,0,100.0,14400,0.0,,,,,,00:20:35,0.5,,38.733174
2026-07-07T16:36:14.651363,Raspberry_Relieve1,25.65299345,-100.29012571666667,38.463,0.0,0,100.0,-1,0.0,,,,,,00:20:36,0.49,,38.733174
2026-07-07T16:36:15.151546,Raspberry_Relieve1,25.65299345,-100.29012571666667,38.463,0.0,0,100.0,-1,0.0,,,,,,00:20:36,0.52,,38.733174
2026-07-07T16:36:15.651701,Raspberry_Relieve1,25.65299345,-100.29012571666667,38.387,1.931,74,100.0,-1,0.0,,,,,,00:20:37,0.48,0.009956,38.743129
2026-07-07T16:36:16.151836,Raspberry_Relieve1,25.65299345,-100.29012571666667,38.387,1.931,74,100.0,-1,0.0,,,,,,00:20:37,0.51,0.010384,38.753514
2026-07-07T16:36:16.651943,Raspberry_Relieve1,25.65299345,-100.29012571666667,38.405,0.482,19,100.0,-1,0.0,,,,,,00:20:38,0.5,0.002619,38.756133
2026-07-07T16:36:17.152070,Raspberry_Relieve1,25.65299345,-100.29012571666667,38.405,0.482,19,100.0,-1,0.0,,,,,,00:20:38,0.49,0.002596,38.758729
2026-07-07T16:36:17.652189,Raspberry_Relieve1,25.65299345,-100.29012571666667,38.405,0.482,19,100.0,-1,0.0,,,,,,00:20:39,0.55,0.002905,38.761634
2026-07-07T16:36:18.152310,Raspberry_Relieve1,25.65299345,-100.29012571666667,38.406,0.397,15,100.0,-1,0.0,,,,,,00:20:39,0.46,0.001931,38.763564
2026-07-07T16:36:18.652431,Raspberry_Relieve1,25.65299345,-100.29012571666667,38.408,0.392,15,100.0,-1,0.0,,,,,,00:20:40,0.49,0.002048,38.765612
2026-07-07T16:36:19.152544,Raspberry_Relieve1,25.65299345,-100.29012571666667,38.408,0.392,15,100.0,-1,0.0,,,,,,00:20:40,0.51,0.002133,38.767746
2026-07-07T16:36:19.652663,Raspberry_Relieve1,25.65299345,-100.29012571666667,38.41,0.378,15,100.0,-1,0.0,,,,,,00:20:41,0.48,0.001989,38.769734
2026-07-07T16:36:20.152767,Raspberry_Relieve1,25.65299345,-100.29012571666667,38.41,0.378,15,100.0,-1,0.0,,,,,,00:20:41,0.52,0.002174,38.771909
2026-07-07T16:36:20.652885,Raspberry_Relieve1,25.65299345,-100.29012571666667,38.147,1.121,43,100.0,-1,0.0,,,,,,00:20:42,0.5,0.00596,38.777869
2026-07-07T16:36:21.153060,Raspberry_Relieve1,25.65299345,-100.29012571666667,38.147,1.121,43,100.0,-1,0.0,,,,,,00:20:42,0.49,0.005889,38.783758
2026-07-07T16:36:21.653135,Raspberry_Relieve1,25.65299345,-100.29012571666667,38.147,1.121,43,100.0,-1,0.0,,,,,,00:20:43,0.52,0.006204,38.789963
2026-07-07T16:36:22.153265,Raspberry_Relieve1,25.65299345,-100.29012571666667,38.367,0.462,18,100.0,-1,0.0,,,,,,00:20:43,0.51,0.002546,38.792508
2026-07-07T16:36:22.653381,Raspberry_Relieve1,25.65299345,-100.29012571666667,38.356,0.54,21,100.0,-1,0.0,,,,,,00:20:44,0.47,0.002713,38.795221
2026-07-07T16:36:23.153492,Raspberry_Relieve1,25.65299345,-100.29012571666667,38.356,0.54,21,100.0,-1,0.0,,,,,,00:20:44,0.51,0.002952,38.798173
2026-07-07T16:36:23.653618,Raspberry_Relieve1,25.65299345,-100.29012571666667,38.208,0.911,35,100.0,-1,0.0,,,,,,00:20:45,0.51,0.004973,38.803147
2026-07-07T16:36:24.153765,Raspberry_Relieve1,25.65299345,-100.29012571666667,38.208,0.911,35,100.0,-1,0.0,,,,,,00:20:45,0.48,0.004691,38.807837
2026-07-07T16:36:24.653881,Raspberry_Relieve1,25.65299345,-100.29012571666667,38.291,0.731,28,100.0,-1,0.0,,,,,,00:20:46,0.5,0.003892,38.811729
2026-07-07T16:36:25.153980,Raspberry_Relieve1,25.65299345,-100.29012571666667,38.291,0.731,28,100.0,-1,0.0,,,,,,00:20:46,0.52,0.004039,38.815768
2026-07-07T16:36:25.654149,Raspberry_Relieve1,25.65299345,-100.29012571666667,38.182,0.993,38,100.0,-1,0.0,,,,,,00:20:47,0.51,0.005399,38.821166
2026-07-07T16:36:26.154266,Raspberry_Relieve1,25.65299345,-100.29012571666667,38.182,0.993,38,100.0,-1,0.0,,,,,,00:20:47,0.49,0.005122,38.826288
2026-07-07T16:36:26.654404,Raspberry_Relieve1,25.65299345,-100.29012571666667,38.239,0.85,33,100.0,-1,0.0,,,,,,00:20:48,0.5,0.004554,38.830843
2026-07-07T16:36:27.154535,Raspberry_Relieve1,25.65299345,-100.29012571666667,38.239,0.85,33,100.0,-1,0.0,,,,,,00:20:48,0.64,0.005854,38.836697
2026-07-07T16:36:27.654618,Raspberry_Relieve1,25.65299345,-100.29012571666667,38.171,1.027,39,100.0,-1,0.0,,,,,,00:20:49,0.35,0.003803,38.840499
2026-07-07T16:36:28.154745,Raspberry_Relieve1,25.65299345,-100.29012571666667,38.171,1.027,39,100.0,-1,0.0,,,,,,00:20:49,0.5,0.005462,38.845961
2026-07-07T16:36:28.654866,Raspberry_Relieve1,25.65299345,-100.29012571666667,38.194,0.938,36,100.0,-1,0.0,,,,,,00:20:50,0.5,0.004964,38.850925
2026-07-07T16:36:29.155013,Raspberry_Relieve1,25.65299345,-100.29012571666667,38.194,0.938,36,100.0,-1,0.0,,,,,,00:20:50,0.5,0.005016,38.855942
2026-07-07T16:36:29.655151,Raspberry_Relieve1,25.65299345,-100.29012571666667,38.221,0.925,35,100.0,-1,0.0,,,,,,00:20:51,0.52,0.005056,38.860998
2026-07-07T16:36:30.155287,Raspberry_Relieve1,25.65299345,-100.29012571666667,38.221,0.925,35,100.0,-1,0.0,,,,,,00:20:51,0.49,0.004743,38.865741
2026-07-07T16:36:30.655403,Raspberry_Relieve1,25.65299345,-100.29012571666667,38.46,0.0,0,100.0,-1,0.0,,,,,,00:20:52,0.5,,38.865741
2026-07-07T16:36:31.155513,Raspberry_Relieve1,25.65299345,-100.29012571666667,38.46,0.0,0,100.0,-1,0.0,,,,,,00:20:52,0.51,,38.865741
2026-07-07T16:36:31.655635,Raspberry_Relieve1,25.65299345,-100.29012571666667,38.465,0.398,15,100.0,-1,0.0,,,,,,00:20:53,0.49,0.002051,38.867792
2026-07-07T16:36:32.155803,Raspberry_Relieve1,25.65299345,-100.29012571666667,38.465,0.398,15,100.0,-1,0.0,,,,,,00:20:53,0.51,0.002121,38.869913
2026-07-07T16:36:32.655907,Raspberry_Relieve1,25.65299345,-100.29012571666667,38.413,0.388,15,100.0,-1,0.0,,,,,,00:20:54,0.51,0.002125,38.872038
2026-07-07T16:36:33.156045,Raspberry_Relieve1,25.65299345,-100.29012571666667,38.413,0.388,15,100.0,-1,0.0,,,,,,00:20:54,0.48,0.002002,38.87404
2026-07-07T16:36:33.656154,Raspberry_Relieve1,25.65299345,-100.29012571666667,38.412,0.389,15,100.0,-1,0.0,,,,,,00:20:55,0.5,0.002077,38.876117
2026-07-07T16:36:34.156274,Raspberry_Relieve1,25.65299345,-100.29012571666667,38.412,0.389,15,100.0,-1,0.0,,,,,,00:20:55,0.5,0.002089,38.878206
2026-07-07T16:36:34.656388,Raspberry_Relieve1,25.65299345,-100.29012571666667,38.413,0.386,15,100.0,-1,0.0,,,,,,00:20:56,0.5,0.002092,38.880298
2026-07-07T16:36:35.156493,Raspberry_Relieve1,25.65299345,-100.29012571666667,38.413,0.386,15,100.0,-1,0.0,,,,,,00:20:56,0.51,0.002132,38.88243
2026-07-07T16:36:35.656618,Raspberry_Relieve1,25.65299345,-100.29012571666667,38.413,0.386,15,100.0,-1,0.0,,,,,,00:20:57,0.48,0.002018,38.884448
2026-07-07T16:36:36.156743,Raspberry_Relieve1,25.65299345,-100.29012571666667,38.413,0.386,15,100.0,-1,0.0,,,,,,00:20:57,0.52,0.002162,38.88661
2026-07-07T16:36:36.656906,Raspberry_Relieve1,25.65299345,-100.29012571666667,38.413,0.383,15,100.0,-1,0.0,,,,,,00:20:58,0.48,0.002002,38.888613
2026-07-07T16:36:37.157062,Raspberry_Relieve1,25.65299345,-100.29012571666667,38.413,0.383,15,100.0,-1,0.0,,,,,,00:20:58,0.51,0.002131,38.890744
2026-07-07T16:36:37.657198,Raspberry_Relieve1,25.65299345,-100.29012571666667,38.412,0.386,15,100.0,-1,0.0,,,,,,00:20:59,0.51,0.002118,38.892862
2026-07-07T16:36:38.157313,Raspberry_Relieve1,25.65299345,-100.29012571666667,38.412,0.386,15,100.0,-1,0.0,,,,,,00:20:59,0.47,0.001949,38.89481
2026-07-07T16:36:38.657418,Raspberry_Relieve1,25.65299345,-100.29012571666667,38.414,0.386,15,100.0,-1,0.0,,,,,,00:21:00,0.5,0.002101,38.896912
2026-07-07T16:36:39.157544,Raspberry_Relieve1,25.65299345,-100.29012571666667,38.414,0.386,15,100.0,-1,0.0,,,,,,00:21:00,0.52,0.002165,38.899077
2026-07-07T16:36:39.657671,Raspberry_Relieve1,25.65299345,-100.29012571666667,38.414,0.386,15,100.0,-1,0.0,,,,,,00:21:01,0.5,0.002088,38.901165
2026-07-07T16:36:40.157773,Raspberry_Relieve1,25.65299345,-100.29012571666667,38.413,0.389,15,100.0,-1,0.0,,,,,,00:21:01,0.48,0.001984,38.903149
2026-07-07T16:36:40.657874,Raspberry_Relieve1,25.65299345,-100.29012571666667,38.463,0.168,6,100.0,-1,0.0,,,,,,00:21:02,0.51,0.000857,38.904005
2026-07-07T16:36:41.157985,Raspberry_Relieve1,25.65299345,-100.29012571666667,38.463,0.168,6,100.0,-1,0.0,,,,,,00:21:02,0.5,0.000833,38.904838
2026-07-07T16:36:41.658173,Raspberry_Relieve1,25.65299345,-100.29012571666667,38.465,0.0,0,100.0,-1,0.0,,,,,,00:21:03,0.51,,38.904838
2026-07-07T16:36:42.158304,Raspberry_Relieve1,25.65299345,-100.29012571666667,38.465,0.0,0,100.0,-1,0.0,,,,,,00:21:03,0.49,,38.904838
2026-07-07T16:36:42.658408,Raspberry_Relieve1,25.65299345,-100.29012571666667,38.466,0.0,0,100.0,-1,0.0,,,,,,00:21:04,0.52,,38.904838
2026-07-07T16:36:43.158522,Raspberry_Relieve1,25.65299345,-100.29012571666667,38.466,0.0,0,100.0,-1,0.0,,,,,,00:21:04,0.48,,38.904838
2026-07-07T16:36:43.658673,Raspberry_Relieve1,25.65299345,-100.29012571666667,38.465,0.0,0,100.0,-1,0.0,,,,,,00:21:05,0.52,,38.904838
2026-07-07T16:36:44.158782,Raspberry_Relieve1,25.65299345,-100.29012571666667,38.465,0.0,0,100.0,-1,0.0,,,,,,00:21:05,0.48,,38.904838
2026-07-07T16:36:44.658927,Raspberry_Relieve1,25.65299345,-100.29012571666667,38.469,0.0,0,100.0,-1,0.0,,,,,,00:21:06,0.53,,38.904838
2026-07-07T16:36:45.159057,Raspberry_Relieve1,25.65299345,-100.29012571666667,38.469,0.0,0,100.0,-1,0.0,,,,,,00:21:06,0.48,,38.904838
2026-07-07T16:36:45.659191,Raspberry_Relieve1,25.65299345,-100.29012571666667,38.468,0.0,0,100.0,-1,0.0,,,,,,00:21:07,0.54,,38.904838
2026-07-07T16:36:46.159306,Raspberry_Relieve1,25.65299345,-100.29012571666667,38.468,0.0,0,100.0,-1,0.0,,,,,,00:21:07,0.46,,38.904838
2026-07-07T16:36:46.659428,Raspberry_Relieve1,25.65299345,-100.29012571666667,38.468,0.0,0,100.0,-1,0.0,,,,,,00:21:08,0.5,,38.904838
2026-07-07T16:36:47.159538,Raspberry_Relieve1,25.65299345,-100.29012571666667,38.468,0.0,0,100.0,-1,0.0,,,,,,00:21:08,0.5,,38.904838
2026-07-07T16:36:47.659668,Raspberry_Relieve1,25.65299345,-100.29012571666667,38.47,0.0,0,100.0,-1,0.0,,,,,,00:21:09,0.5,,38.904838
2026-07-07T16:36:48.159798,Raspberry_Relieve1,25.65299345,-100.29012571666667,38.47,0.0,0,100.0,-1,0.0,,,,,,00:21:09,0.5,,38.904838
2026-07-07T16:36:48.659907,Raspberry_Relieve1,25.65299345,-100.29012571666667,38.47,0.0,0,100.0,-1,0.0,,,,,,00:21:10,0.52,,38.904838
2026-07-07T16:36:49.160066,Raspberry_Relieve1,25.65299345,-100.29012571666667,38.47,0.0,0,100.0,-1,0.0,,,,,,00:21:10,0.49,,38.904838
2026-07-07T16:36:49.660196,Raspberry_Relieve1,25.65299345,-100.29012571666667,38.471,0.0,0,100.0,-1,0.0,,,,,,00:21:11,0.51,,38.904838
2026-07-07T16:36:50.160348,Raspberry_Relieve1,25.65299345,-100.29012571666667,38.471,0.0,0,100.0,-1,0.0,,,,,,00:21:11,0.46,,38.904838
2026-07-07T16:36:50.660470,Raspberry_Relieve1,25.65299345,-100.29012571666667,38.471,0.0,0,100.0,-1,0.0,,,,,,00:21:12,0.53,,38.904838
2026-07-07T16:36:51.160653,Raspberry_Relieve1,25.65299345,-100.29012571666667,38.471,0.0,0,100.0,-1,0.0,,,,,,00:21:12,0.47,,38.904838
2026-07-07T16:36:51.660733,Raspberry_Relieve1,25.65299345,-100.29012571666667,38.467,0.0,0,100.0,-1,0.0,,,,,,00:21:13,0.51,,38.904838
2026-07-07T16:36:52.161271,Raspberry_Relieve1,25.65299345,-100.29012571666667,38.467,0.0,0,100.0,-1,0.0,,,,,,00:21:13,0.52,,38.904838
2026-07-07T16:36:52.661346,Raspberry_Relieve1,25.65299345,-100.29012571666667,38.466,0.0,0,100.0,-1,0.0,,,,,,00:21:14,0.49,,38.904838
2026-07-07T16:36:53.161488,Raspberry_Relieve1,25.65299345,-100.29012571666667,38.466,0.0,0,100.0,-1,0.0,,,,,,00:21:14,0.5,,38.904838
2026-07-07T16:36:53.661653,Raspberry_Relieve1,25.65299345,-100.29012571666667,38.215,1.574,60,100.0,-1,0.0,,,,,,00:21:15,0.5,0.008379,38.913217
2026-07-07T16:36:54.161737,Raspberry_Relieve1,25.65299345,-100.29012571666667,38.215,1.574,60,100.0,-1,0.0,,,,,,00:21:15,0.51,0.008536,38.921753
2026-07-07T16:36:54.661871,Raspberry_Relieve1,25.65299345,-100.29012571666667,38.426,1.006,39,100.0,-1,0.0,,,,,,00:21:16,0.48,0.005234,38.926986
2026-07-07T16:36:55.161975,Raspberry_Relieve1,25.65299345,-100.29012571666667,38.426,1.006,39,100.0,-1,0.0,,,,,,00:21:16,0.48,0.005252,38.932238
2026-07-07T16:36:55.662077,Raspberry_Relieve1,25.65299345,-100.29012571666667,38.512,-0.402,-15,100.0,-1,0.0,,,,,,00:21:17,0.52,-0.002158,38.93008
2026-07-07T16:36:56.162161,Raspberry_Relieve1,25.65299345,-100.29012571666667,38.512,-0.402,-15,100.0,-1,0.0,,,,,,00:21:17,0.52,-0.002181,38.927899
2026-07-07T16:36:56.662229,Raspberry_Relieve1,25.65299345,-100.29012571666667,38.511,-0.43,-17,100.0,14400,0.0,,,,,,00:21:18,0.46,-0.002179,38.92572
2026-07-07T16:36:57.162337,Raspberry_Relieve1,25.65299345,-100.29012571666667,38.511,-0.43,-17,100.0,14400,0.0,,,,,,00:21:18,0.51,-0.002418,38.923302
2026-07-07T16:36:57.662416,Raspberry_Relieve1,25.65299345,-100.29012571666667,38.309,0.509,20,100.0,14400,0.0,,,,,,00:21:19,0.5,0.0028,38.926102
2026-07-07T16:36:58.162506,Raspberry_Relieve1,25.65299345,-100.29012571666667,38.309,0.509,20,100.0,14400,0.0,,,,,,00:21:19,0.53,0.00296,38.929062
2026-07-07T16:36:58.662587,Raspberry_Relieve1,25.65299345,-100.29012571666667,38.309,0.509,20,100.0,14400,0.0,,,,,,00:21:20,0.45,0.002478,38.93154
2026-07-07T16:36:59.162689,Raspberry_Relieve1,25.65299345,-100.29012571666667,38.439,0.376,14,100.0,-1,0.0,,,,,,00:21:20,0.54,0.002107,38.933648
2026-07-07T16:36:59.662780,Raspberry_Relieve1,25.65299345,-100.29012571666667,38.436,0.265,10,100.0,-1,0.0,,,,,,00:21:21,0.5,0.001377,38.935025
2026-07-07T16:37:00.162915,Raspberry_Relieve1,25.65299345,-100.29012571666667,38.436,0.265,10,100.0,-1,0.0,,,,,,00:21:21,0.5,0.001387,38.936412
2026-07-07T16:37:00.662990,Raspberry_Relieve1,25.65299345,-100.29012571666667,38.432,0.316,12,100.0,-1,0.0,,,,,,00:21:22,0.48,0.001615,38.938027
2026-07-07T16:37:01.163079,Raspberry_Relieve1,25.65299345,-100.29012571666667,38.432,0.316,12,100.0,-1,0.0,,,,,,00:21:22,0.5,0.001674,38.939701
2026-07-07T16:37:01.663186,Raspberry_Relieve1,25.65299345,-100.29012571666667,38.436,0.255,10,100.0,-1,0.0,,,,,,00:21:23,0.48,0.001347,38.941048
2026-07-07T16:37:02.163279,Raspberry_Relieve1,25.65299345,-100.29012571666667,38.436,0.255,10,100.0,-1,0.0,,,,,,00:21:23,0.52,0.001436,38.942484
2026-07-07T16:37:02.663347,Raspberry_Relieve1,25.65299345,-100.29012571666667,38.436,0.254,10,100.0,-1,0.0,,,,,,00:21:24,0.48,0.001326,38.943809
2026-07-07T16:37:03.163441,Raspberry_Relieve1,25.65299345,-100.29012571666667,38.436,0.254,10,100.0,-1,0.0,,,,,,00:21:24,0.52,0.001439,38.945248
2026-07-07T16:37:03.663534,Raspberry_Relieve1,25.65299345,-100.29012571666667,38.43,1.12,43,100.0,-1,0.0,,,,,,00:21:25,0.48,0.005749,38.950997
2026-07-07T16:37:04.163640,Raspberry_Relieve1,25.65299345,-100.29012571666667,38.43,1.12,43,100.0,-1,0.0,,,,,,00:21:25,0.51,0.006125,38.957122
2026-07-07T16:37:04.663730,Raspberry_Relieve1,25.65299345,-100.29012571666667,38.414,0.435,17,100.0,-1,0.0,,,,,,00:21:26,0.5,0.002369,38.959491
2026-07-07T16:37:05.163822,Raspberry_Relieve1,25.65299345,-100.29012571666667,38.414,0.435,17,100.0,-1,0.0,,,,,,00:21:26,0.51,0.002415,38.961906
2026-07-07T16:37:05.663970,Raspberry_Relieve1,25.65299345,-100.29012571666667,38.414,0.396,15,100.0,-1,0.0,,,,,,00:21:27,0.49,0.002041,38.963948
2026-07-07T16:37:06.164137,Raspberry_Relieve1,25.65299345,-100.29012571666667,38.414,0.396,15,100.0,-1,0.0,,,,,,00:21:27,0.52,0.002148,38.966096
2026-07-07T16:37:06.664303,Raspberry_Relieve1,25.65299345,-100.29012571666667,38.416,0.392,15,100.0,-1,0.0,,,,,,00:21:28,0.52,0.002181,38.968277
2026-07-07T16:37:07.164412,Raspberry_Relieve1,25.65299345,-100.29012571666667,38.416,0.392,15,100.0,-1,0.0,,,,,,00:21:28,0.55,0.002284,38.97056
2026-07-07T16:37:07.664569,Raspberry_Relieve1,25.65299345,-100.29012571666667,38.415,0.393,15,100.0,-1,0.0,,,,,,00:21:29,0.43,0.001794,38.972354
2026-07-07T16:37:08.164702,Raspberry_Relieve1,25.65299345,-100.29012571666667,38.415,0.393,15,100.0,-1,0.0,,,,,,00:21:29,0.5,0.00208,38.974434
2026-07-07T16:37:08.664854,Raspberry_Relieve1,25.65299345,-100.29012571666667,38.415,0.393,15,100.0,-1,0.0,,,,,,00:21:30,0.51,0.002144,38.976578
2026-07-07T16:37:09.165052,Raspberry_Relieve1,25.65299345,-100.29012571666667,38.417,0.389,15,100.0,-1,0.0,,,,,,00:21:30,0.48,0.002019,38.978596
2026-07-07T16:37:09.665136,Raspberry_Relieve1,25.65299345,-100.29012571666667,38.415,0.392,15,100.0,-1,0.0,,,,,,00:21:31,0.52,0.002156,38.980752
2026-07-07T16:37:10.165247,Raspberry_Relieve1,25.65299345,-100.29012571666667,38.415,0.392,15,100.0,-1,0.0,,,,,,00:21:31,0.49,0.002025,38.982777
2026-07-07T16:37:10.665345,Raspberry_Relieve1,25.65299345,-100.29012571666667,38.409,0.515,20,100.0,-1,0.0,,,,,,00:21:32,0.5,0.002754,38.985531
2026-07-07T16:37:11.165458,Raspberry_Relieve1,25.65299345,-100.29012571666667,38.409,0.515,20,100.0,-1,0.0,,,,,,00:21:32,0.49,0.00273,38.988261
2026-07-07T16:37:11.665569,Raspberry_Relieve1,25.65299345,-100.29012571666667,38.417,0.393,15,100.0,-1,0.0,,,,,,00:21:33,0.51,0.002119,38.99038
2026-07-07T16:37:12.165675,Raspberry_Relieve1,25.65299345,-100.29012571666667,38.417,0.393,15,100.0,-1,0.0,,,,,,00:21:33,0.51,0.002134,38.992515
2026-07-07T16:37:12.665789,Raspberry_Relieve1,25.65299345,-100.29012571666667,38.416,0.392,15,100.0,-1,0.0,,,,,,00:21:34,0.5,0.002063,38.994578
2026-07-07T16:37:13.165894,Raspberry_Relieve1,25.65299345,-100.29012571666667,38.416,0.392,15,100.0,-1,0.0,,,,,,00:21:34,0.49,0.002046,38.996624
2026-07-07T16:37:13.666023,Raspberry_Relieve1,25.65299345,-100.29012571666667,38.419,0.379,15,100.0,-1,0.0,,,,,,00:21:35,0.5,0.002076,38.9987
2026-07-07T16:37:14.166134,Raspberry_Relieve1,25.65299345,-100.29012571666667,38.419,0.379,15,100.0,-1,0.0,,,,,,00:21:35,0.51,0.002106,39.000806
2026-07-07T16:37:14.666249,Raspberry_Relieve1,25.65299345,-100.29012571666667,38.419,0.381,15,100.0,-1,0.0,,,,,,00:21:36,0.5,0.002074,39.00288
2026-07-07T16:37:15.166378,Raspberry_Relieve1,25.65299345,-100.29012571666667,38.419,0.381,15,100.0,-1,0.0,,,,,,00:21:36,0.5,0.002083,39.004963
2026-07-07T16:37:15.666487,Raspberry_Relieve1,25.65299345,-100.29012571666667,38.419,0.381,15,100.0,-1,0.0,,,,,,00:21:37,0.49,0.002033,39.006996
2026-07-07T16:37:16.166590,Raspberry_Relieve1,25.65299345,-100.29012571666667,38.417,0.386,15,100.0,-1,0.0,,,,,,00:21:37,0.54,0.002264,39.00926
2026-07-07T16:37:16.666710,Raspberry_Relieve1,25.65299345,-100.29012571666667,38.467,0.0,0,100.0,-1,0.0,,,,,,00:21:38,0.46,,39.00926
2026-07-07T16:37:17.166826,Raspberry_Relieve1,25.65299345,-100.29012571666667,38.467,0.0,0,100.0,-1,0.0,,,,,,00:21:38,0.51,,39.00926
2026-07-07T16:37:17.666952,Raspberry_Relieve1,25.65299345,-100.29012571666667,38.468,0.0,0,100.0,-1,0.0,,,,,,00:21:39,0.5,,39.00926
2026-07-07T16:37:18.167069,Raspberry_Relieve1,25.65299345,-100.29012571666667,38.468,0.0,0,100.0,-1,0.0,,,,,,00:21:39,0.51,,39.00926
2026-07-07T16:37:18.667180,Raspberry_Relieve1,25.65299345,-100.29012571666667,38.469,0.0,0,100.0,-1,0.0,,,,,,00:21:40,0.48,,39.00926
2026-07-07T16:37:19.167310,Raspberry_Relieve1,25.65299345,-100.29012571666667,38.469,0.0,0,100.0,-1,0.0,,,,,,00:21:40,0.5,,39.00926
2026-07-07T16:37:19.667518,Raspberry_Relieve1,25.65299345,-100.29012571666667,38.471,0.0,0,100.0,-1,0.0,,,,,,00:21:41,0.5,,39.00926
2026-07-07T16:37:20.167688,Raspberry_Relieve1,25.65299345,-100.29012571666667,38.471,0.0,0,100.0,-1,0.0,,,,,,00:21:41,0.51,,39.00926
2026-07-07T16:37:20.668547,Raspberry_Relieve1,25.65299345,-100.29012571666667,38.272,0.865,33,100.0,-1,0.0,,,,,,00:21:42,0.48,0.004436,39.013696
2026-07-07T16:37:21.168679,Raspberry_Relieve1,25.65299345,-100.29012571666667,38.272,0.865,33,100.0,-1,0.0,,,,,,00:21:42,0.52,0.004804,39.0185
2026-07-07T16:37:21.668759,Raspberry_Relieve1,25.65299345,-100.29012571666667,38.423,0.743,29,100.0,-1,0.0,,,,,,00:21:43,0.48,0.00383,39.02233
2026-07-07T16:37:22.168948,Raspberry_Relieve1,25.65299345,-100.29012571666667,38.423,0.743,29,100.0,-1,0.0,,,,,,00:21:43,0.52,0.004211,39.026541
2026-07-07T16:37:22.669068,Raspberry_Relieve1,25.65299345,-100.29012571666667,38.418,0.407,16,100.0,-1,0.0,,,,,,00:21:44,0.48,0.002131,39.028673
2026-07-07T16:37:23.169284,Raspberry_Relieve1,25.65299345,-100.29012571666667,38.418,0.407,16,100.0,-1,0.0,,,,,,00:21:44,0.51,0.002262,39.030935
2026-07-07T16:37:23.669360,Raspberry_Relieve1,25.65299345,-100.29012571666667,38.417,0.388,15,100.0,-1,0.0,,,,,,00:21:45,0.54,0.00224,39.033175
2026-07-07T16:37:24.169571,Raspberry_Relieve1,25.65299345,-100.29012571666667,38.417,0.388,15,100.0,-1,0.0,,,,,,00:21:45,0.47,0.001967,39.035142
2026-07-07T16:37:24.669670,Raspberry_Relieve1,25.65299345,-100.29012571666667,38.417,0.383,15,100.0,-1,0.0,,,,,,00:21:46,0.54,0.002233,39.037375
2026-07-07T16:37:25.170502,Raspberry_Relieve1,25.65299345,-100.29012571666667,38.418,0.383,15,100.0,-1,0.0,,,,,,00:21:46,0.51,0.002143,39.039518
2026-07-07T16:37:25.670626,Raspberry_Relieve1,25.65299345,-100.29012571666667,38.418,0.383,15,100.0,-1,0.0,,,,,,00:21:47,0.44,0.001838,39.041357
2026-07-07T16:37:26.170745,Raspberry_Relieve1,25.65299345,-100.29012571666667,38.418,0.383,15,100.0,-1,0.0,,,,,,00:21:47,0.49,0.002027,39.043384
2026-07-07T16:37:26.670829,Raspberry_Relieve1,25.65299345,-100.29012571666667,38.417,0.388,15,100.0,-1,0.0,,,,,,00:21:48,0.51,0.002135,39.045518
2026-07-07T16:37:27.170933,Raspberry_Relieve1,25.65299345,-100.29012571666667,38.417,0.384,15,100.0,-1,0.0,,,,,,00:21:48,0.51,0.002108,39.047626
2026-07-07T16:37:27.671058,Raspberry_Relieve1,25.65299345,-100.29012571666667,38.417,0.384,15,100.0,-1,0.0,,,,,,00:21:49,0.5,0.002084,39.049711
2026-07-07T16:37:28.171157,Raspberry_Relieve1,25.65299345,-100.29012571666667,38.417,0.382,15,100.0,-1,0.0,,,,,,00:21:49,0.51,0.002119,39.05183
2026-07-07T16:37:28.671311,Raspberry_Relieve1,25.65299345,-100.29012571666667,38.417,0.382,15,100.0,-1,0.0,,,,,,00:21:50,0.49,0.002031,39.053861
2026-07-07T16:37:29.171407,Raspberry_Relieve1,25.65299345,-100.29012571666667,38.417,0.382,15,100.0,-1,0.0,,,,,,00:21:50,0.51,0.002117,39.055978
2026-07-07T16:37:29.672160,Raspberry_Relieve1,25.65299345,-100.29012571666667,38.417,0.377,14,100.0,-1,0.0,,,,,,00:21:51,0.49,0.001918,39.057896
2026-07-07T16:37:30.172267,Raspberry_Relieve1,25.65299345,-100.29012571666667,38.417,0.382,15,100.0,-1,0.0,,,,,,00:21:51,0.5,0.002064,39.05996
2026-07-07T16:37:30.672382,Raspberry_Relieve1,25.65299345,-100.29012571666667,38.417,0.382,15,100.0,-1,0.0,,,,,,00:21:52,0.51,0.002105,39.062065
2026-07-07T16:37:31.172479,Raspberry_Relieve1,25.65299345,-100.29012571666667,38.419,0.382,15,100.0,-1,0.0,,,,,,00:21:52,0.5,0.002083,39.064148
2026-07-07T16:37:31.672601,Raspberry_Relieve1,25.65299345,-100.29012571666667,38.419,0.382,15,100.0,-1,0.0,,,,,,00:21:53,0.49,0.002046,39.066194
2026-07-07T16:37:32.172698,Raspberry_Relieve1,25.65299345,-100.29012571666667,38.416,0.393,15,100.0,-1,0.0,,,,,,00:21:53,0.56,0.002331,39.068525
2026-07-07T16:37:32.672818,Raspberry_Relieve1,25.65299345,-100.29012571666667,38.416,0.393,15,100.0,-1,0.0,,,,,,00:21:54,0.44,0.001844,39.070368
2026-07-07T16:37:33.172934,Raspberry_Relieve1,25.65299345,-100.29012571666667,38.416,0.393,15,100.0,-1,0.0,,,,,,00:21:54,0.51,0.002116,39.072484
2026-07-07T16:37:33.673066,Raspberry_Relieve1,25.65299345,-100.29012571666667,38.417,0.389,15,100.0,-1,0.0,,,,,,00:21:55,0.49,0.002051,39.074535
2026-07-07T16:37:34.173193,Raspberry_Relieve1,25.65299345,-100.29012571666667,38.417,0.389,15,100.0,-1,0.0,,,,,,00:21:55,0.51,0.002145,39.076679
2026-07-07T16:37:34.673285,Raspberry_Relieve1,25.65299345,-100.29012571666667,38.418,0.385,15,100.0,-1,0.0,,,,,,00:21:56,0.49,0.002056,39.078735
2026-07-07T16:37:35.173497,Raspberry_Relieve1,25.65299345,-100.29012571666667,38.469,0.136,5,100.0,-1,0.0,,,,,,00:21:56,0.49,0.000678,39.079413
2026-07-07T16:37:35.673618,Raspberry_Relieve1,25.65299345,-100.29012571666667,38.469,0.136,5,100.0,-1,0.0,,,,,,00:21:57,0.52,0.000725,39.080138
2026-07-07T16:37:36.173799,Raspberry_Relieve1,25.65299345,-100.29012571666667,38.467,0.0,0,100.0,-1,0.0,,,,,,00:21:57,0.52,,39.080138
2026-07-07T16:37:36.673920,Raspberry_Relieve1,25.65299345,-100.29012571666667,38.467,0.0,0,100.0,-1,0.0,,,,,,00:21:58,0.46,,39.080138
2026-07-07T16:37:37.174006,Raspberry_Relieve1,25.65299345,-100.29012571666667,38.47,0.0,0,100.0,-1,0.0,,,,,,00:21:58,0.51,,39.080138
2026-07-07T16:37:37.674125,Raspberry_Relieve1,25.65299345,-100.29012571666667,38.47,0.0,0,100.0,-1,0.0,,,,,,00:21:59,0.5,,39.080138
2026-07-07T16:37:38.174227,Raspberry_Relieve1,25.65299345,-100.29012571666667,38.469,0.0,0,100.0,-1,0.0,,,,,,00:21:59,0.5,,39.080138
2026-07-07T16:37:38.674342,Raspberry_Relieve1,25.65299345,-100.29012571666667,38.469,0.0,0,100.0,-1,0.0,,,,,,00:22:00,0.49,,39.080138
2026-07-07T16:37:39.174439,Raspberry_Relieve1,25.65299345,-100.29012571666667,38.47,0.0,0,100.0,-1,0.0,,,,,,00:22:00,0.51,,39.080138
2026-07-07T16:37:39.674571,Raspberry_Relieve1,25.65299345,-100.29012571666667,38.47,0.0,0,100.0,-1,0.0,,,,,,00:22:01,0.52,,39.080138
2026-07-07T16:37:40.174665,Raspberry_Relieve1,25.65299345,-100.29012571666667,38.471,0.0,0,100.0,-1,0.0,,,,,,00:22:01,0.49,,39.080138
2026-07-07T16:37:40.674789,Raspberry_Relieve1,25.65299345,-100.29012571666667,38.471,0.0,0,100.0,-1,0.0,,,,,,00:22:02,0.51,,39.080138
2026-07-07T16:37:41.174883,Raspberry_Relieve1,25.65299345,-100.29012571666667,38.471,0.0,0,100.0,-1,0.0,,,,,,00:22:02,0.48,,39.080138
2026-07-07T16:37:41.675001,Raspberry_Relieve1,25.65299345,-100.29012571666667,38.471,0.0,0,100.0,-1,0.0,,,,,,00:22:03,0.51,,39.080138
2026-07-07T16:37:42.175096,Raspberry_Relieve1,25.65299345,-100.29012571666667,38.472,0.0,0,100.0,-1,0.0,,,,,,00:22:03,0.49,,39.080138
2026-07-07T16:37:42.675217,Raspberry_Relieve1,25.65299345,-100.29012571666667,38.472,0.0,0,100.0,-1,0.0,,,,,,00:22:04,0.5,,39.080138
2026-07-07T16:37:43.175303,Raspberry_Relieve1,25.65299345,-100.29012571666667,38.473,0.0,0,100.0,-1,0.0,,,,,,00:22:04,0.5,,39.080138
2026-07-07T16:37:43.675425,Raspberry_Relieve1,25.65299345,-100.29012571666667,38.473,0.0,0,100.0,-1,0.0,,,,,,00:22:05,0.49,,39.080138
2026-07-07T16:37:44.175515,Raspberry_Relieve1,25.65299345,-100.29012571666667,38.473,0.0,0,100.0,-1,0.0,,,,,,00:22:05,0.51,,39.080138
2026-07-07T16:37:44.675634,Raspberry_Relieve1,25.65299345,-100.29012571666667,38.473,0.0,0,100.0,-1,0.0,,,,,,00:22:06,0.49,,39.080138
2026-07-07T16:37:45.175738,Raspberry_Relieve1,25.65299345,-100.29012571666667,38.472,0.0,0,100.0,-1,0.0,,,,,,00:22:06,0.5,,39.080138
2026-07-07T16:37:45.675929,Raspberry_Relieve1,25.65299345,-100.29012571666667,38.472,0.0,0,100.0,-1,0.0,,,,,,00:22:07,0.52,,39.080138
2026-07-07T16:37:46.176016,Raspberry_Relieve1,25.65299345,-100.29012571666667,38.473,0.0,0,100.0,-1,0.0,,,,,,00:22:07,0.48,,39.080138
2026-07-07T16:37:46.676134,Raspberry_Relieve1,25.65299345,-100.29012571666667,38.473,0.0,0,100.0,-1,0.0,,,,,,00:22:08,0.5,,39.080138
2026-07-07T16:37:47.176227,Raspberry_Relieve1,25.65299345,-100.29012571666667,38.475,0.0,0,100.0,-1,0.0,,,,,,00:22:08,0.53,,39.080138
2026-07-07T16:37:47.676343,Raspberry_Relieve1,25.65299345,-100.29012571666667,38.475,0.0,0,100.0,-1,0.0,,,,,,00:22:09,0.48,,39.080138
2026-07-07T16:37:48.176446,Raspberry_Relieve1,25.65299345,-100.29012571666667,38.476,0.0,0,100.0,-1,0.0,,,,,,00:22:09,0.52,,39.080138
2026-07-07T16:37:48.676563,Raspberry_Relieve1,25.65299345,-100.29012571666667,38.476,0.0,0,100.0,-1,0.0,,,,,,00:22:10,0.5,,39.080138
2026-07-07T16:37:49.176668,Raspberry_Relieve1,25.65299345,-100.29012571666667,38.476,0.0,0,100.0,-1,0.0,,,,,,00:22:10,0.48,,39.080138
2026-07-07T16:37:49.676774,Raspberry_Relieve1,25.65299345,-100.29012571666667,38.476,0.0,0,100.0,-1,0.0,,,,,,00:22:11,0.51,,39.080138
2026-07-07T16:37:50.176866,Raspberry_Relieve1,25.65299345,-100.29012571666667,38.476,0.0,0,100.0,-1,0.0,,,,,,00:22:11,0.5,,39.080138
2026-07-07T16:37:50.677040,Raspberry_Relieve1,25.65299345,-100.29012571666667,38.476,0.0,0,100.0,-1,0.0,,,,,,00:22:12,0.48,,39.080138
2026-07-07T16:37:51.177080,Raspberry_Relieve1,25.65299345,-100.29012571666667,38.476,0.0,0,100.0,-1,0.0,,,,,,00:22:12,0.5,,39.080138
2026-07-07T16:37:51.677203,Raspberry_Relieve1,25.65299345,-100.29012571666667,38.476,0.0,0,100.0,-1,0.0,,,,,,00:22:13,0.56,,39.080138
2026-07-07T16:37:52.177336,Raspberry_Relieve1,25.65299345,-100.29012571666667,38.477,0.0,0,100.0,-1,0.0,,,,,,00:22:13,0.44,,39.080138
2026-07-07T16:37:52.677455,Raspberry_Relieve1,25.65299345,-100.29012571666667,38.477,0.0,0,100.0,-1,0.0,,,,,,00:22:14,0.52,,39.080138
2026-07-07T16:37:53.177555,Raspberry_Relieve1,25.65299345,-100.29012571666667,38.476,0.0,0,100.0,-1,0.0,,,,,,00:22:14,0.5,,39.080138
2026-07-07T16:37:53.677681,Raspberry_Relieve1,25.65299345,-100.29012571666667,38.476,0.0,0,100.0,-1,0.0,,,,,,00:22:15,0.49,,39.080138
2026-07-07T16:37:54.177849,Raspberry_Relieve1,25.65299345,-100.29012571666667,38.477,0.0,0,100.0,-1,0.0,,,,,,00:22:15,0.5,,39.080138
2026-07-07T16:37:54.677968,Raspberry_Relieve1,25.65299345,-100.29012571666667,38.477,0.0,0,100.0,-1,0.0,,,,,,00:22:16,0.51,,39.080138
2026-07-07T16:37:55.178061,Raspberry_Relieve1,25.65299345,-100.29012571666667,38.478,0.0,0,100.0,-1,0.0,,,,,,00:22:16,0.5,,39.080138
2026-07-07T16:37:55.678181,Raspberry_Relieve1,25.65299345,-100.29012571666667,38.478,0.0,0,100.0,-1,0.0,,,,,,00:22:17,0.5,,39.080138
2026-07-07T16:37:56.178282,Raspberry_Relieve1,25.65299345,-100.29012571666667,38.478,0.0,0,100.0,-1,0.0,,,,,,00:22:17,0.49,,39.080138
2026-07-07T16:37:56.678401,Raspberry_Relieve1,25.65299345,-100.29012571666667,38.478,0.0,0,100.0,-1,0.0,,,,,,00:22:18,0.51,,39.080138
2026-07-07T16:37:57.178498,Raspberry_Relieve1,25.65299345,-100.29012571666667,38.48,0.0,0,100.0,-1,0.0,,,,,,00:22:18,0.52,,39.080138
2026-07-07T16:37:57.678622,Raspberry_Relieve1,25.65299345,-100.29012571666667,38.48,0.0,0,100.0,-1,0.0,,,,,,00:22:19,0.48,,39.080138
2026-07-07T16:37:58.178719,Raspberry_Relieve1,25.65299345,-100.29012571666667,38.478,0.0,0,100.0,-1,0.0,,,,,,00:22:19,0.51,,39.080138
2026-07-07T16:37:58.678838,Raspberry_Relieve1,25.65299345,-100.29012571666667,38.478,0.0,0,100.0,-1,0.0,,,,,,00:22:20,0.49,,39.080138
2026-07-07T16:37:59.178934,Raspberry_Relieve1,25.65299345,-100.29012571666667,38.479,0.0,0,100.0,-1,0.0,,,,,,00:22:20,0.5,,39.080138
2026-07-07T16:37:59.679063,Raspberry_Relieve1,25.65299345,-100.29012571666667,38.479,0.0,0,100.0,-1,0.0,,,,,,00:22:21,0.49,,39.080138
2026-07-07T16:38:00.179165,Raspberry_Relieve1,25.65299345,-100.29012571666667,38.479,0.0,0,100.0,-1,0.0,,,,,,00:22:21,0.5,,39.080138
2026-07-07T16:38:00.679288,Raspberry_Relieve1,25.65299345,-100.29012571666667,38.479,0.0,0,100.0,-1,0.0,,,,,,00:22:22,0.51,,39.080138
2026-07-07T16:38:01.179345,Raspberry_Relieve1,25.65299345,-100.29012571666667,38.479,0.0,0,100.0,-1,0.0,,,,,,00:22:22,0.47,,39.080138
2026-07-07T16:38:01.679432,Raspberry_Relieve1,25.65299345,-100.29012571666667,38.479,0.0,0,100.0,-1,0.0,,,,,,00:22:23,0.5,,39.080138
2026-07-07T16:38:02.179512,Raspberry_Relieve1,25.65299345,-100.29012571666667,38.478,0.0,0,100.0,-1,0.0,,,,,,00:22:23,0.51,,39.080138
2026-07-07T16:38:02.679635,Raspberry_Relieve1,25.65299345,-100.29012571666667,38.478,0.0,0,100.0,-1,0.0,,,,,,00:22:24,0.49,,39.080138
2026-07-07T16:38:03.179721,Raspberry_Relieve1,25.65299345,-100.29012571666667,38.478,0.0,0,100.0,-1,0.0,,,,,,00:22:24,0.5,,39.080138
2026-07-07T16:38:03.679806,Raspberry_Relieve1,25.65299345,-100.29012571666667,38.478,0.0,0,100.0,-1,0.0,,,,,,00:22:25,0.5,,39.080138
2026-07-07T16:38:04.179893,Raspberry_Relieve1,25.65299345,-100.29012571666667,38.478,0.0,0,100.0,-1,0.0,,,,,,00:22:25,0.51,,39.080138
2026-07-07T16:38:04.679974,Raspberry_Relieve1,25.65299345,-100.29012571666667,38.478,0.0,0,100.0,-1,0.0,,,,,,00:22:26,0.51,,39.080138
2026-07-07T16:38:05.180064,Raspberry_Relieve1,25.65299345,-100.29012571666667,38.478,0.0,0,100.0,-1,0.0,,,,,,00:22:26,0.48,,39.080138
2026-07-07T16:38:05.680145,Raspberry_Relieve1,25.65299345,-100.29012571666667,38.478,0.0,0,100.0,-1,0.0,,,,,,00:22:27,0.52,,39.080138
2026-07-07T16:38:06.180283,Raspberry_Relieve1,25.65299345,-100.29012571666667,38.48,0.0,0,100.0,-1,0.0,,,,,,00:22:27,0.52,,39.080138
2026-07-07T16:38:06.680391,Raspberry_Relieve1,25.65299345,-100.29012571666667,38.48,0.0,0,100.0,-1,0.0,,,,,,00:22:28,0.5,,39.080138
2026-07-07T16:38:07.180522,Raspberry_Relieve1,25.65299345,-100.29012571666667,38.481,0.0,0,100.0,-1,0.0,,,,,,00:22:28,0.5,,39.080138
2026-07-07T16:38:07.680622,Raspberry_Relieve1,25.65299345,-100.29012571666667,38.481,0.0,0,100.0,-1,0.0,,,,,,00:22:29,0.5,,39.080138
2026-07-07T16:38:08.180758,Raspberry_Relieve1,25.65299345,-100.29012571666667,38.48,0.0,0,100.0,-1,0.0,,,,,,00:22:29,0.5,,39.080138
2026-07-07T16:38:08.680854,Raspberry_Relieve1,25.65299345,-100.29012571666667,38.48,0.0,0,100.0,-1,0.0,,,,,,00:22:30,0.49,,39.080138
2026-07-07T16:38:09.180954,Raspberry_Relieve1,25.65299345,-100.29012571666667,38.48,0.0,0,100.0,-1,0.0,,,,,,00:22:30,0.5,,39.080138
2026-07-07T16:38:09.681081,Raspberry_Relieve1,25.65299345,-100.29012571666667,38.48,0.0,0,100.0,-1,0.0,,,,,,00:22:31,0.51,,39.080138
2026-07-07T16:38:10.181181,Raspberry_Relieve1,25.65299345,-100.29012571666667,38.481,0.0,0,100.0,-1,0.0,,,,,,00:22:31,0.49,,39.080138
2026-07-07T16:38:10.681293,Raspberry_Relieve1,25.65299345,-100.29012571666667,38.481,0.0,0,100.0,-1,0.0,,,,,,00:22:32,0.5,,39.080138
2026-07-07T16:38:11.181402,Raspberry_Relieve1,25.65299345,-100.29012571666667,38.482,0.0,0,100.0,-1,0.0,,,,,,00:22:32,0.52,,39.080138
2026-07-07T16:38:11.681519,Raspberry_Relieve1,25.65299345,-100.29012571666667,38.482,0.0,0,100.0,-1,0.0,,,,,,00:22:33,0.51,,39.080138
2026-07-07T16:38:12.182068,Raspberry_Relieve1,25.65299345,-100.29012571666667,38.482,0.0,0,100.0,-1,0.0,,,,,,00:22:33,0.49,,39.080138
2026-07-07T16:38:12.682185,Raspberry_Relieve1,25.65299345,-100.29012571666667,38.482,0.0,0,100.0,-1,0.0,,,,,,00:22:34,0.49,,39.080138
2026-07-07T16:38:13.182278,Raspberry_Relieve1,25.65299345,-100.29012571666667,38.481,0.0,0,100.0,-1,0.0,,,,,,00:22:34,0.51,,39.080138
2026-07-07T16:38:13.682397,Raspberry_Relieve1,25.65299345,-100.29012571666667,38.481,0.0,0,100.0,-1,0.0,,,,,,00:22:35,0.48,,39.080138
2026-07-07T16:38:14.182493,Raspberry_Relieve1,25.65299345,-100.29012571666667,38.483,0.0,0,100.0,-1,0.0,,,,,,00:22:35,0.49,,39.080138
2026-07-07T16:38:14.682610,Raspberry_Relieve1,25.65299345,-100.29012571666667,38.483,0.0,0,100.0,-1,0.0,,,,,,00:22:36,0.51,,39.080138
2026-07-07T16:38:15.182702,Raspberry_Relieve1,25.65299345,-100.29012571666667,38.483,0.0,0,100.0,-1,0.0,,,,,,00:22:36,0.51,,39.080138
2026-07-07T16:38:15.682821,Raspberry_Relieve1,25.65299345,-100.29012571666667,38.483,0.0,0,100.0,-1,0.0,,,,,,00:22:37,0.49,,39.080138
2026-07-07T16:38:16.182929,Raspberry_Relieve1,25.65299345,-100.29012571666667,38.482,0.0,0,100.0,-1,0.0,,,,,,00:22:37,0.51,,39.080138
2026-07-07T16:38:16.683034,Raspberry_Relieve1,25.65299345,-100.29012571666667,38.482,0.0,0,100.0,-1,0.0,,,,,,00:22:38,0.52,,39.080138
2026-07-07T16:38:17.183136,Raspberry_Relieve1,25.65299345,-100.29012571666667,38.483,0.0,0,100.0,-1,0.0,,,,,,00:22:38,0.47,,39.080138
2026-07-07T16:38:17.683255,Raspberry_Relieve1,25.65299345,-100.29012571666667,38.483,0.0,0,100.0,-1,0.0,,,,,,00:22:39,0.52,,39.080138
2026-07-07T16:38:18.183357,Raspberry_Relieve1,25.65299345,-100.29012571666667,38.483,0.0,0,100.0,-1,0.0,,,,,,00:22:39,0.49,,39.080138
2026-07-07T16:38:18.683477,Raspberry_Relieve1,25.65299345,-100.29012571666667,38.483,0.0,0,100.0,-1,0.0,,,,,,00:22:40,0.53,,39.080138
2026-07-07T16:38:19.183560,Raspberry_Relieve1,25.65299345,-100.29012571666667,38.484,0.0,0,100.0,-1,0.0,,,,,,00:22:40,0.48,,39.080138
2026-07-07T16:38:19.684306,Raspberry_Relieve1,25.65299345,-100.29012571666667,38.484,0.0,0,100.0,-1,0.0,,,,,,00:22:41,0.49,,39.080138
2026-07-07T16:38:20.184406,Raspberry_Relieve1,25.65299345,-100.29012571666667,38.484,0.0,0,100.0,-1,0.0,,,,,,00:22:41,0.51,,39.080138
2026-07-07T16:38:20.684517,Raspberry_Relieve1,25.65299345,-100.29012571666667,38.484,0.0,0,100.0,-1,0.0,,,,,,00:22:42,0.5,,39.080138
2026-07-07T16:38:21.184611,Raspberry_Relieve1,25.65299345,-100.29012571666667,38.484,0.0,0,100.0,-1,0.0,,,,,,00:22:42,0.54,,39.080138
2026-07-07T16:38:21.684718,Raspberry_Relieve1,25.65299345,-100.29012571666667,38.484,0.0,0,100.0,-1,0.0,,,,,,00:22:43,0.44,,39.080138
2026-07-07T16:38:22.184831,Raspberry_Relieve1,25.65299345,-100.29012571666667,38.484,0.0,0,100.0,-1,0.0,,,,,,00:22:43,0.51,,39.080138
2026-07-07T16:38:22.684949,Raspberry_Relieve1,25.65299345,-100.29012571666667,38.484,0.0,0,100.0,-1,0.0,,,,,,00:22:44,0.49,,39.080138
2026-07-07T16:38:23.185051,Raspberry_Relieve1,25.65299345,-100.29012571666667,38.483,0.0,0,100.0,-1,0.0,,,,,,00:22:44,0.51,,39.080138
2026-07-07T16:38:23.685169,Raspberry_Relieve1,25.65299345,-100.29012571666667,38.483,0.0,0,100.0,-1,0.0,,,,,,00:22:45,0.51,,39.080138
2026-07-07T16:38:24.185273,Raspberry_Relieve1,25.65299345,-100.29012571666667,38.485,0.0,0,100.0,-1,0.0,,,,,,00:22:45,0.51,,39.080138
2026-07-07T16:38:24.685391,Raspberry_Relieve1,25.65299345,-100.29012571666667,38.485,0.0,0,100.0,-1,0.0,,,,,,00:22:46,0.49,,39.080138
2026-07-07T16:38:25.185514,Raspberry_Relieve1,25.65299345,-100.29012571666667,38.484,0.0,0,100.0,-1,0.0,,,,,,00:22:46,0.52,,39.080138
2026-07-07T16:38:25.685632,Raspberry_Relieve1,25.65299345,-100.29012571666667,38.484,0.0,0,100.0,-1,0.0,,,,,,00:22:47,0.49,,39.080138
