timestamp,dispositivo_id,latitud,longitud,voltaje,corriente,potencia,potencia_calculada,soc,ttg_min,ah_consumidos,motor_voltaje,motor_corriente,motor_potencia,motor_rpm,motor_temp,tiempo_acumulado(s),delta_t_s,energia_wh,energia_acumulada_wh
2026-07-09T09:52:15.474650,Raspberry_Relieve1,,,38.14,0.0,0,0.0,100.0,-1,0.0,,,,,,0,,,0.0
2026-07-09T09:52:17.000914,Raspberry_Relieve1,,,38.139,0.0,0,0.0,100.0,-1,0.0,,,,,,0,,,0.0
2026-07-09T09:52:18.001081,Raspberry_Relieve1,,,38.14,0.0,0,0.0,100.0,-1,0.0,,,,,,1,0.99,0.0,0.0
2026-07-09T09:52:19.001234,Raspberry_Relieve1,,,38.139,0.0,0,0.0,100.0,-1,0.0,,,,,,2,1.02,0.0,0.0
2026-07-09T09:52:20.001358,Raspberry_Relieve1,,,38.137,0.0,0,0.0,100.0,-1,0.0,,,,,,3,0.89,0.0,0.0
2026-07-09T09:52:21.001474,Raspberry_Relieve1,,,38.138,0.0,0,0.0,100.0,-1,0.0,,,,,,4,0.99,0.0,0.0
2026-07-09T09:52:22.001594,Raspberry_Relieve1,,,38.141,0.0,0,0.0,100.0,-1,0.0,,,,,,5,1.08,0.0,0.0
2026-07-09T09:52:23.001720,Raspberry_Relieve1,,,38.141,0.0,0,0.0,100.0,-1,0.0,,,,,,6,1.02,0.0,0.0
2026-07-09T09:52:24.001862,Raspberry_Relieve1,,,38.142,0.0,0,0.0,100.0,-1,0.0,,,,,,7,0.97,0.0,0.0
2026-07-09T09:52:25.001945,Raspberry_Relieve1,,,38.141,0.0,0,0.0,100.0,-1,0.0,,,,,,8,1.01,0.0,0.0
2026-07-09T09:52:26.002086,Raspberry_Relieve1,,,38.141,0.0,0,0.0,100.0,-1,0.0,,,,,,9,0.99,0.0,0.0
2026-07-09T09:52:27.002174,Raspberry_Relieve1,,,38.141,0.0,0,0.0,100.0,-1,0.0,,,,,,10,1.02,0.0,0.0
2026-07-09T09:52:28.002254,Raspberry_Relieve1,,,38.141,0.0,0,0.0,100.0,-1,0.0,,,,,,11,0.99,0.0,0.0
2026-07-09T10:56:42.836672,Raspberry_Relieve1,,,38.14,0.0,0,0.0,100.0,-1,0.0,,,,,,12,1.01,0.0,0.0
2026-07-09T10:56:43.836754,Raspberry_Relieve1,,,38.139,0.0,0,0.0,100.0,-1,0.0,,,,,,13,1.04,0.0,0.0
2026-07-09T10:56:44.836860,Raspberry_Relieve1,,,38.14,0.0,0,0.0,100.0,-1,0.0,,,,,,14,0.92,0.0,0.0
2026-07-09T10:56:45.836994,Raspberry_Relieve1,,,38.14,0.0,0,0.0,100.0,-1,0.0,,,,,,15,0.96,0.0,0.0
2026-07-09T10:56:46.837107,Raspberry_Relieve1,,,38.14,0.0,0,0.0,100.0,-1,0.0,,,,,,16,1.04,0.0,0.0
2026-07-09T10:56:47.837998,Raspberry_Relieve1,,,38.142,0.0,0,0.0,100.0,-1,0.0,,,,,,17,1.06,0.0,0.0
2026-07-09T10:56:48.838127,Raspberry_Relieve1,,,38.141,0.0,0,0.0,100.0,-1,0.0,,,,,,18,1.05,0.0,0.0
2026-07-09T10:56:49.838254,Raspberry_Relieve1,,,38.142,0.0,0,0.0,100.0,-1,0.0,,,,,,19,0.91,0.0,0.0
2026-07-09T10:56:50.838383,Raspberry_Relieve1,,,38.142,0.0,0,0.0,100.0,-1,0.0,,,,,,20,1.01,0.0,0.0
2026-07-09T10:56:51.838493,Raspberry_Relieve1,,,38.141,0.0,0,0.0,100.0,-1,0.0,,,,,,21,1.05,0.0,0.0
2026-07-09T10:56:52.838613,Raspberry_Relieve1,,,38.142,0.0,0,0.0,100.0,-1,0.0,,,,,,22,0.92,0.0,0.0
2026-07-09T10:56:53.838739,Raspberry_Relieve1,,,38.143,0.0,0,0.0,100.0,-1,0.0,,,,,,23,1.1,0.0,0.0
2026-07-09T10:56:54.838861,Raspberry_Relieve1,,,38.141,0.0,0,0.0,100.0,-1,0.0,,,,,,24,0.96,0.0,0.0
2026-07-09T10:56:55.838994,Raspberry_Relieve1,,,38.141,0.0,0,0.0,100.0,-1,0.0,,,,,,25,0.94,0.0,0.0
2026-07-09T10:56:56.839109,Raspberry_Relieve1,,,38.142,0.0,0,0.0,100.0,-1,0.0,,,,,,26,1.07,0.0,0.0
2026-07-09T10:56:57.839281,Raspberry_Relieve1,,,38.142,0.0,0,0.0,100.0,-1,0.0,,,,,,27,0.99,0.0,0.0
2026-07-09T10:56:58.839393,Raspberry_Relieve1,,,38.14,0.0,0,0.0,100.0,-1,0.0,,,,,,28,0.99,0.0,0.0
2026-07-09T10:56:59.839514,Raspberry_Relieve1,,,38.141,0.0,0,0.0,100.0,-1,0.0,,,,,,29,0.96,0.0,0.0
2026-07-09T10:57:00.839638,Raspberry_Relieve1,,,38.141,0.0,0,0.0,100.0,-1,0.0,,,,,,30,1.0,0.0,0.0
2026-07-09T10:57:01.839752,Raspberry_Relieve1,,,38.141,0.0,0,0.0,100.0,-1,0.0,,,,,,31,1.04,0.0,0.0
2026-07-09T10:57:02.839868,Raspberry_Relieve1,,,38.141,0.0,0,0.0,100.0,-1,0.0,,,,,,32,1.01,0.0,0.0
2026-07-09T10:57:03.839990,Raspberry_Relieve1,,,38.141,0.0,0,0.0,100.0,-1,0.0,,,,,,33,1.05,0.0,0.0
2026-07-09T10:57:04.840105,Raspberry_Relieve1,,,38.14,0.0,0,0.0,100.0,-1,0.0,,,,,,34,0.97,0.0,0.0
2026-07-09T10:57:05.840226,Raspberry_Relieve1,,,38.141,0.0,0,0.0,100.0,-1,0.0,,,,,,35,1.01,0.0,0.0
2026-07-09T10:57:06.840448,Raspberry_Relieve1,,,38.143,0.0,0,0.0,100.0,-1,0.0,,,,,,36,0.9,0.0,0.0
2026-07-09T10:57:07.840551,Raspberry_Relieve1,,,38.14,0.0,0,0.0,100.0,-1,0.0,,,,,,37,1.01,0.0,0.0
2026-07-09T10:57:08.840665,Raspberry_Relieve1,,,38.141,0.0,0,0.0,100.0,-1,0.0,,,,,,38,1.08,0.0,0.0
2026-07-09T10:57:09.840782,Raspberry_Relieve1,,,38.14,0.0,0,0.0,100.0,-1,0.0,,,,,,39,0.99,0.0,0.0
2026-07-09T10:57:10.840898,Raspberry_Relieve1,,,38.14,0.0,0,0.0,100.0,-1,0.0,,,,,,40,0.93,0.0,0.0
2026-07-09T10:57:11.841003,Raspberry_Relieve1,,,38.14,0.0,0,0.0,100.0,-1,0.0,,,,,,41,1.11,0.0,0.0
2026-07-09T10:57:12.841133,Raspberry_Relieve1,,,38.139,0.0,0,0.0,100.0,-1,0.0,,,,,,42,1.02,0.0,0.0
2026-07-09T10:57:13.841243,Raspberry_Relieve1,,,38.14,0.0,0,0.0,100.0,-1,0.0,,,,,,43,1.01,0.0,0.0
2026-07-09T10:57:14.841382,Raspberry_Relieve1,,,38.14,0.0,0,0.0,100.0,-1,0.0,,,,,,44,0.88,0.0,0.0
2026-07-09T10:57:15.841479,Raspberry_Relieve1,,,38.139,0.0,0,0.0,100.0,-1,0.0,,,,,,45,1.13,0.0,0.0
2026-07-09T10:57:16.841611,Raspberry_Relieve1,,,38.14,0.0,0,0.0,100.0,-1,0.0,,,,,,46,0.96,0.0,0.0
2026-07-09T10:57:17.841734,Raspberry_Relieve1,,,38.14,0.0,0,0.0,100.0,-1,0.0,,,,,,47,0.89,0.0,0.0
2026-07-09T10:57:18.841935,Raspberry_Relieve1,,,38.14,0.0,0,0.0,100.0,-1,0.0,,,,,,48,1.07,0.0,0.0
2026-07-09T10:57:19.842039,Raspberry_Relieve1,,,38.138,0.0,0,0.0,100.0,-1,0.0,,,,,,49,0.95,0.0,0.0
2026-07-09T10:57:20.842161,Raspberry_Relieve1,,,38.14,0.0,0,0.0,100.0,-1,0.0,,,,,,50,1.08,0.0,0.0
2026-07-09T10:57:21.842278,Raspberry_Relieve1,,,38.138,0.0,0,0.0,100.0,-1,0.0,,,,,,51,0.97,0.0,0.0
2026-07-09T10:57:22.842453,Raspberry_Relieve1,,,38.138,0.0,0,0.0,100.0,-1,0.0,,,,,,52,0.99,0.0,0.0
2026-07-09T10:57:23.842522,Raspberry_Relieve1,,,38.138,0.0,0,0.0,100.0,-1,0.0,,,,,,53,1.01,0.0,0.0
2026-07-09T10:57:24.842628,Raspberry_Relieve1,,,38.139,0.0,0,0.0,100.0,-1,0.0,,,,,,54,1.02,0.0,0.0
2026-07-09T10:57:25.842743,Raspberry_Relieve1,,,38.139,0.0,0,0.0,100.0,-1,0.0,,,,,,55,1.03,0.0,0.0
2026-07-09T10:57:26.842855,Raspberry_Relieve1,,,38.14,0.0,0,0.0,100.0,-1,0.0,,,,,,56,0.94,0.0,0.0
2026-07-09T10:57:27.842971,Raspberry_Relieve1,,,38.14,0.0,0,0.0,100.0,-1,0.0,,,,,,57,1.03,0.0,0.0
2026-07-09T10:57:28.843078,Raspberry_Relieve1,,,38.139,0.0,0,0.0,100.0,-1,0.0,,,,,,58,0.94,0.0,0.0
2026-07-09T10:57:29.843180,Raspberry_Relieve1,,,38.138,0.0,0,0.0,100.0,-1,0.0,,,,,,59,1.07,0.0,0.0
2026-07-09T10:57:30.843294,Raspberry_Relieve1,,,38.139,0.0,0,0.0,100.0,-1,0.0,,,,,,60,1.0,0.0,0.0
2026-07-09T10:57:31.843407,Raspberry_Relieve1,,,38.138,0.0,0,0.0,100.0,-1,0.0,,,,,,61,0.95,0.0,0.0
2026-07-09T10:57:32.843512,Raspberry_Relieve1,,,38.138,0.0,0,0.0,100.0,-1,0.0,,,,,,62,1.08,0.0,0.0
2026-07-09T10:57:33.843624,Raspberry_Relieve1,,,38.14,0.0,0,0.0,100.0,-1,0.0,,,,,,63,0.91,0.0,0.0
2026-07-09T10:57:34.843738,Raspberry_Relieve1,,,38.139,0.0,0,0.0,100.0,-1,0.0,,,,,,64,1.04,0.0,0.0
2026-07-09T10:57:35.843853,Raspberry_Relieve1,,,38.139,0.0,0,0.0,100.0,-1,0.0,,,,,,65,0.96,0.0,0.0
2026-07-09T10:57:36.843968,Raspberry_Relieve1,,,38.138,0.0,0,0.0,100.0,-1,0.0,,,,,,66,1.01,0.0,0.0
2026-07-09T10:57:37.844174,Raspberry_Relieve1,,,38.137,0.0,0,0.0,100.0,-1,0.0,,,,,,67,0.98,0.0,0.0
2026-07-09T10:57:38.844287,Raspberry_Relieve1,,,38.138,0.0,0,0.0,100.0,-1,0.0,,,,,,68,1.02,0.0,0.0
2026-07-09T10:57:39.844511,Raspberry_Relieve1,,,38.137,0.0,0,0.0,100.0,-1,0.0,,,,,,69,0.99,0.0,0.0
2026-07-09T10:57:40.844623,Raspberry_Relieve1,,,38.137,0.0,0,0.0,100.0,-1,0.0,,,,,,70,1.0,0.0,0.0
2026-07-09T10:57:41.844854,Raspberry_Relieve1,,,38.138,0.0,0,0.0,100.0,-1,0.0,,,,,,71,1.05,0.0,0.0
2026-07-09T10:57:42.844965,Raspberry_Relieve1,,,38.136,0.0,0,0.0,100.0,-1,0.0,,,,,,72,0.93,0.0,0.0
2026-07-09T10:57:43.845085,Raspberry_Relieve1,,,38.138,0.0,0,0.0,100.0,-1,0.0,,,,,,73,1.04,0.0,0.0
2026-07-09T10:57:44.845180,Raspberry_Relieve1,,,38.137,0.0,0,0.0,100.0,-1,0.0,,,,,,74,1.0,0.0,0.0
2026-07-09T10:57:45.845303,Raspberry_Relieve1,,,38.137,0.0,0,0.0,100.0,-1,0.0,,,,,,75,0.98,0.0,0.0
2026-07-09T10:57:46.845402,Raspberry_Relieve1,,,38.138,0.0,0,0.0,100.0,-1,0.0,,,,,,76,0.96,0.0,0.0
2026-07-09T10:57:47.845614,Raspberry_Relieve1,,,38.138,0.0,0,0.0,100.0,-1,0.0,,,,,,77,1.13,0.0,0.0
2026-07-09T10:57:48.845724,Raspberry_Relieve1,,,38.136,0.0,0,0.0,100.0,-1,0.0,,,,,,78,0.9,0.0,0.0
2026-07-09T10:57:49.845849,Raspberry_Relieve1,,,38.137,0.0,0,0.0,100.0,-1,0.0,,,,,,79,1.06,0.0,0.0
2026-07-09T10:57:50.846071,Raspberry_Relieve1,,,38.135,0.0,0,0.0,100.0,-1,0.0,,,,,,80,0.92,0.0,0.0
2026-07-09T10:57:51.846290,Raspberry_Relieve1,,,38.137,0.0,0,0.0,100.0,-1,0.0,,,,,,81,1.11,0.0,0.0
2026-07-09T10:57:52.846443,Raspberry_Relieve1,,,38.135,0.0,0,0.0,100.0,-1,0.0,,,,,,82,1.05,0.0,0.0
2026-07-09T10:57:53.846502,Raspberry_Relieve1,,,38.135,0.0,0,0.0,100.0,-1,0.0,,,,,,83,0.95,0.0,0.0
2026-07-09T10:57:54.846617,Raspberry_Relieve1,,,38.138,0.0,0,0.0,100.0,-1,0.0,,,,,,84,0.96,0.0,0.0
2026-07-09T10:57:55.846724,Raspberry_Relieve1,,,38.137,0.0,0,0.0,100.0,-1,0.0,,,,,,85,1.06,0.0,0.0
2026-07-09T10:57:56.846835,Raspberry_Relieve1,,,38.137,0.0,0,0.0,100.0,-1,0.0,,,,,,86,1.0,0.0,0.0
2026-07-09T10:57:57.846954,Raspberry_Relieve1,,,38.136,0.0,0,0.0,100.0,-1,0.0,,,,,,87,0.99,0.0,0.0
2026-07-09T10:57:58.847162,Raspberry_Relieve1,,,38.137,0.0,0,0.0,100.0,-1,0.0,,,,,,88,0.88,0.0,0.0
2026-07-09T10:57:59.847382,Raspberry_Relieve1,,,38.135,0.0,0,0.0,100.0,-1,0.0,,,,,,89,1.09,0.0,0.0
2026-07-09T10:58:00.847494,Raspberry_Relieve1,,,38.136,0.0,0,0.0,100.0,-1,0.0,,,,,,90,0.91,0.0,0.0
2026-07-09T10:58:01.847714,Raspberry_Relieve1,,,38.136,0.0,0,0.0,100.0,-1,0.0,,,,,,91,1.03,0.0,0.0
2026-07-09T10:58:02.847823,Raspberry_Relieve1,,,38.137,0.0,0,0.0,100.0,-1,0.0,,,,,,92,1.08,0.0,0.0
2026-07-09T10:58:03.847943,Raspberry_Relieve1,,,38.135,0.0,0,0.0,100.0,-1,0.0,,,,,,93,0.89,0.0,0.0
2026-07-09T10:58:04.848052,Raspberry_Relieve1,,,38.135,0.0,0,0.0,100.0,-1,0.0,,,,,,94,1.12,0.0,0.0
2026-07-09T10:58:05.848157,Raspberry_Relieve1,,,38.134,0.0,0,0.0,100.0,-1,0.0,,,,,,95,0.99,0.0,0.0
2026-07-09T10:58:06.848277,Raspberry_Relieve1,,,38.136,0.0,0,0.0,100.0,-1,0.0,,,,,,96,1.0,0.0,0.0
2026-07-09T10:58:07.848388,Raspberry_Relieve1,,,38.137,0.0,0,0.0,100.0,-1,0.0,,,,,,97,0.91,0.0,0.0
2026-07-09T10:58:08.848541,Raspberry_Relieve1,,,38.137,0.0,0,0.0,100.0,-1,0.0,,,,,,98,1.01,0.0,0.0
2026-07-09T10:58:09.848727,Raspberry_Relieve1,,,38.136,0.0,0,0.0,100.0,-1,0.0,,,,,,99,1.01,0.0,0.0
2026-07-09T10:58:10.848875,Raspberry_Relieve1,,,38.135,0.0,0,0.0,100.0,-1,0.0,,,,,,100,0.97,0.0,0.0
2026-07-09T10:58:11.848985,Raspberry_Relieve1,,,38.136,0.0,0,0.0,100.0,-1,0.0,,,,,,101,1.12,0.0,0.0
2026-07-09T10:58:12.849099,Raspberry_Relieve1,,,38.136,0.0,0,0.0,100.0,-1,0.0,,,,,,102,1.0,0.0,0.0
2026-07-09T10:58:13.849205,Raspberry_Relieve1,,,38.135,0.0,0,0.0,100.0,-1,0.0,,,,,,103,0.97,0.0,0.0
2026-07-09T10:58:14.849321,Raspberry_Relieve1,,,38.134,0.0,0,0.0,100.0,-1,0.0,,,,,,104,0.95,0.0,0.0
2026-07-09T10:58:15.849431,Raspberry_Relieve1,,,38.135,0.0,0,0.0,100.0,-1,0.0,,,,,,105,1.05,0.0,0.0
2026-07-09T10:58:16.849536,Raspberry_Relieve1,,,38.135,0.0,0,0.0,100.0,-1,0.0,,,,,,106,0.91,0.0,0.0
2026-07-09T10:58:17.849705,Raspberry_Relieve1,,,38.136,0.0,0,0.0,100.0,-1,0.0,,,,,,107,1.11,0.0,0.0
2026-07-09T10:58:18.849822,Raspberry_Relieve1,,,38.134,0.0,0,0.0,100.0,-1,0.0,,,,,,108,0.87,0.0,0.0
2026-07-09T10:58:19.849920,Raspberry_Relieve1,,,38.135,0.0,0,0.0,100.0,-1,0.0,,,,,,109,1.07,0.0,0.0
2026-07-09T10:58:20.850030,Raspberry_Relieve1,,,38.135,0.0,0,0.0,100.0,-1,0.0,,,,,,110,0.97,0.0,0.0
2026-07-09T10:58:21.850144,Raspberry_Relieve1,,,38.137,0.0,0,0.0,100.0,-1,0.0,,,,,,111,0.99,0.0,0.0
2026-07-09T10:58:22.850270,Raspberry_Relieve1,,,38.136,0.0,0,0.0,100.0,-1,0.0,,,,,,112,1.04,0.0,0.0
2026-07-09T10:58:23.850380,Raspberry_Relieve1,,,38.135,0.0,0,0.0,100.0,-1,0.0,,,,,,113,0.97,0.0,0.0
2026-07-09T10:58:24.850493,Raspberry_Relieve1,,,38.136,0.0,0,0.0,100.0,-1,0.0,,,,,,114,0.99,0.0,0.0
2026-07-09T10:58:25.850596,Raspberry_Relieve1,,,38.135,0.0,0,0.0,100.0,-1,0.0,,,,,,115,1.01,0.0,0.0
2026-07-09T10:58:26.850703,Raspberry_Relieve1,,,38.135,0.0,0,0.0,100.0,-1,0.0,,,,,,116,0.97,0.0,0.0
2026-07-09T10:58:27.850824,Raspberry_Relieve1,,,38.135,0.0,0,0.0,100.0,-1,0.0,,,,,,117,1.16,0.0,0.0
2026-07-09T10:58:28.850954,Raspberry_Relieve1,,,38.134,0.0,0,0.0,100.0,-1,0.0,,,,,,118,0.93,0.0,0.0
2026-07-09T10:58:29.851068,Raspberry_Relieve1,,,38.136,0.0,0,0.0,100.0,-1,0.0,,,,,,119,0.99,0.0,0.0
2026-07-09T10:58:30.851193,Raspberry_Relieve1,,,38.135,0.0,0,0.0,100.0,-1,0.0,,,,,,120,0.96,0.0,0.0
2026-07-09T10:58:31.851310,Raspberry_Relieve1,,,38.134,0.0,0,0.0,100.0,-1,0.0,,,,,,121,0.97,0.0,0.0
2026-07-09T10:58:32.851500,Raspberry_Relieve1,,,38.134,0.0,0,0.0,100.0,-1,0.0,,,,,,122,1.11,0.0,0.0
2026-07-09T10:58:33.851587,Raspberry_Relieve1,,,38.135,0.0,0,0.0,100.0,-1,0.0,,,,,,123,0.94,0.0,0.0
2026-07-09T10:58:34.851705,Raspberry_Relieve1,,,38.134,0.0,0,0.0,100.0,-1,0.0,,,,,,124,1.0,0.0,0.0
2026-07-09T10:58:35.851862,Raspberry_Relieve1,,,38.134,0.0,0,0.0,100.0,-1,0.0,,,,,,125,1.02,0.0,0.0
2026-07-09T10:58:36.851980,Raspberry_Relieve1,,,38.135,0.0,0,0.0,100.0,-1,0.0,,,,,,126,0.94,0.0,0.0
2026-07-09T10:58:37.852136,Raspberry_Relieve1,,,38.135,0.0,0,0.0,100.0,-1,0.0,,,,,,127,1.07,0.0,0.0
2026-07-09T10:58:38.852300,Raspberry_Relieve1,,,38.135,0.0,0,0.0,100.0,-1,0.0,,,,,,128,0.99,0.0,0.0
2026-07-09T10:58:39.852461,Raspberry_Relieve1,,,38.135,0.0,0,0.0,100.0,-1,0.0,,,,,,129,0.98,0.0,0.0
2026-07-09T10:58:40.852580,Raspberry_Relieve1,,,38.135,0.0,0,0.0,100.0,-1,0.0,,,,,,130,1.03,0.0,0.0
2026-07-09T10:58:41.852748,Raspberry_Relieve1,,,38.135,0.0,0,0.0,100.0,-1,0.0,,,,,,131,0.99,0.0,0.0
2026-07-09T10:58:42.852908,Raspberry_Relieve1,,,38.135,0.0,0,0.0,100.0,-1,0.0,,,,,,132,0.98,0.0,0.0
2026-07-09T10:58:43.853037,Raspberry_Relieve1,,,38.135,0.0,0,0.0,100.0,-1,0.0,,,,,,133,1.07,0.0,0.0
2026-07-09T10:58:44.853209,Raspberry_Relieve1,,,38.134,0.0,0,0.0,100.0,-1,0.0,,,,,,134,0.96,0.0,0.0
2026-07-09T10:58:45.853377,Raspberry_Relieve1,,,38.134,0.0,0,0.0,100.0,-1,0.0,,,,,,135,1.0,0.0,0.0
2026-07-09T10:58:46.853503,Raspberry_Relieve1,,,38.136,0.0,0,0.0,100.0,-1,0.0,,,,,,136,0.98,0.0,0.0
2026-07-09T10:58:47.853627,Raspberry_Relieve1,,,38.134,0.0,0,0.0,100.0,-1,0.0,,,,,,137,0.97,0.0,0.0
2026-07-09T10:58:48.853750,Raspberry_Relieve1,,,38.136,0.0,0,0.0,100.0,-1,0.0,,,,,,138,1.06,0.0,0.0
2026-07-09T10:58:49.853870,Raspberry_Relieve1,,,38.135,0.0,0,0.0,100.0,-1,0.0,,,,,,139,0.99,0.0,0.0
2026-07-09T10:58:50.854067,Raspberry_Relieve1,,,38.135,0.0,0,0.0,100.0,-1,0.0,,,,,,140,0.91,0.0,0.0
2026-07-09T10:58:51.854091,Raspberry_Relieve1,,,38.135,0.0,0,0.0,100.0,-1,0.0,,,,,,141,1.13,0.0,0.0
2026-07-09T10:58:52.854217,Raspberry_Relieve1,,,38.135,0.0,0,0.0,100.0,-1,0.0,,,,,,142,0.96,0.0,0.0
2026-07-09T10:58:53.854466,Raspberry_Relieve1,,,38.135,0.0,0,0.0,100.0,-1,0.0,,,,,,143,0.96,0.0,0.0
2026-07-09T10:58:54.854598,Raspberry_Relieve1,,,38.134,0.0,0,0.0,100.0,-1,0.0,,,,,,144,1.01,0.0,0.0
2026-07-09T10:58:55.854763,Raspberry_Relieve1,,,38.133,0.0,0,0.0,100.0,-1,0.0,,,,,,145,1.01,0.0,0.0
2026-07-09T10:58:56.854925,Raspberry_Relieve1,,,38.134,0.0,0,0.0,100.0,-1,0.0,,,,,,146,1.02,0.0,0.0
2026-07-09T10:58:57.855097,Raspberry_Relieve1,,,38.135,0.0,0,0.0,100.0,-1,0.0,,,,,,147,0.96,0.0,0.0
2026-07-09T10:58:58.855209,Raspberry_Relieve1,,,38.134,0.0,0,0.0,100.0,-1,0.0,,,,,,148,1.01,0.0,0.0
2026-07-09T10:58:59.855363,Raspberry_Relieve1,,,38.134,0.0,0,0.0,100.0,-1,0.0,,,,,,149,1.07,0.0,0.0
2026-07-09T10:59:00.855524,Raspberry_Relieve1,,,38.135,0.0,0,0.0,100.0,-1,0.0,,,,,,150,0.97,0.0,0.0
2026-07-09T10:59:01.855642,Raspberry_Relieve1,,,38.136,0.0,0,0.0,100.0,-1,0.0,,,,,,151,0.97,0.0,0.0
2026-07-09T10:59:02.855771,Raspberry_Relieve1,,,38.134,0.0,0,0.0,100.0,-1,0.0,,,,,,152,0.95,0.0,0.0
2026-07-09T10:59:03.855883,Raspberry_Relieve1,,,38.135,0.0,0,0.0,100.0,-1,0.0,,,,,,153,1.11,0.0,0.0
2026-07-09T10:59:04.855995,Raspberry_Relieve1,,,38.136,0.0,0,0.0,100.0,-1,0.0,,,,,,154,0.99,0.0,0.0
2026-07-09T10:59:05.856156,Raspberry_Relieve1,,,38.137,0.0,0,0.0,100.0,-1,0.0,,,,,,155,0.99,0.0,0.0
2026-07-09T10:59:06.856268,Raspberry_Relieve1,,,38.137,0.0,0,0.0,100.0,-1,0.0,,,,,,156,0.97,0.0,0.0
2026-07-09T10:59:07.856388,Raspberry_Relieve1,,,38.136,0.0,0,0.0,100.0,-1,0.0,,,,,,157,1.05,0.0,0.0
2026-07-09T10:59:08.856567,Raspberry_Relieve1,,,38.136,0.0,0,0.0,100.0,-1,0.0,,,,,,158,0.95,0.0,0.0
2026-07-09T10:59:09.856715,Raspberry_Relieve1,,,38.136,0.0,0,0.0,100.0,-1,0.0,,,,,,159,0.97,0.0,0.0
2026-07-09T10:59:10.856839,Raspberry_Relieve1,,,38.136,0.0,0,0.0,100.0,-1,0.0,,,,,,160,1.03,0.0,0.0
2026-07-09T10:59:11.856956,Raspberry_Relieve1,,,38.136,0.0,0,0.0,100.0,-1,0.0,,,,,,161,1.03,0.0,0.0
2026-07-09T10:59:12.857127,Raspberry_Relieve1,,,38.136,0.0,0,0.0,100.0,-1,0.0,,,,,,162,0.98,0.0,0.0
2026-07-09T10:59:13.857237,Raspberry_Relieve1,,,38.135,0.0,0,0.0,100.0,-1,0.0,,,,,,163,1.01,0.0,0.0
2026-07-09T10:59:14.857359,Raspberry_Relieve1,,,38.133,0.0,0,0.0,100.0,-1,0.0,,,,,,164,1.02,0.0,0.0
2026-07-09T10:59:15.857463,Raspberry_Relieve1,,,38.135,0.0,0,0.0,100.0,-1,0.0,,,,,,165,0.99,0.0,0.0
2026-07-09T10:59:16.857576,Raspberry_Relieve1,,,38.134,0.0,0,0.0,100.0,-1,0.0,,,,,,166,0.95,0.0,0.0
2026-07-09T10:59:17.857699,Raspberry_Relieve1,,,38.133,0.0,0,0.0,100.0,-1,0.0,,,,,,167,1.06,0.0,0.0
2026-07-09T10:59:18.857818,Raspberry_Relieve1,,,38.134,0.0,0,0.0,100.0,-1,0.0,,,,,,168,1.01,0.0,0.0
2026-07-09T10:59:19.857937,Raspberry_Relieve1,,,38.134,0.0,0,0.0,100.0,-1,0.0,,,,,,169,0.88,0.0,0.0
2026-07-09T10:59:20.858063,Raspberry_Relieve1,,,38.135,0.0,0,0.0,100.0,-1,0.0,,,,,,170,1.09,0.0,0.0
2026-07-09T10:59:21.858183,Raspberry_Relieve1,,,38.134,0.0,0,0.0,100.0,-1,0.0,,,,,,171,0.96,0.0,0.0
2026-07-09T10:59:22.858342,Raspberry_Relieve1,,,38.133,0.0,0,0.0,100.0,-1,0.0,,,,,,172,1.1,0.0,0.0
2026-07-09T10:59:23.858497,Raspberry_Relieve1,,,38.134,0.0,0,0.0,100.0,-1,0.0,,,,,,173,0.97,0.0,0.0
2026-07-09T10:59:24.858684,Raspberry_Relieve1,,,38.135,0.0,0,0.0,100.0,-1,0.0,,,,,,174,0.99,0.0,0.0
2026-07-09T10:59:25.858797,Raspberry_Relieve1,,,38.134,0.0,0,0.0,100.0,-1,0.0,,,,,,175,0.99,0.0,0.0
2026-07-09T10:59:26.858913,Raspberry_Relieve1,,,38.133,0.0,0,0.0,100.0,-1,0.0,,,,,,176,1.01,0.0,0.0
2026-07-09T10:59:27.859053,Raspberry_Relieve1,,,38.134,0.0,0,0.0,100.0,-1,0.0,,,,,,177,1.01,0.0,0.0
2026-07-09T10:59:28.859183,Raspberry_Relieve1,,,38.132,0.0,0,0.0,100.0,-1,0.0,,,,,,178,1.01,0.0,0.0
2026-07-09T10:59:29.859300,Raspberry_Relieve1,,,38.134,0.0,0,0.0,100.0,-1,0.0,,,,,,179,1.03,0.0,0.0
2026-07-09T10:59:30.859407,Raspberry_Relieve1,,,38.133,0.0,0,0.0,100.0,-1,0.0,,,,,,180,0.9,0.0,0.0
2026-07-09T10:59:31.859514,Raspberry_Relieve1,,,38.132,0.0,0,0.0,100.0,-1,0.0,,,,,,181,1.06,0.0,0.0
2026-07-09T10:59:32.859671,Raspberry_Relieve1,,,38.134,0.0,0,0.0,100.0,-1,0.0,,,,,,182,1.05,0.0,0.0
2026-07-09T10:59:33.859773,Raspberry_Relieve1,,,38.134,0.0,0,0.0,100.0,-1,0.0,,,,,,183,0.94,0.0,0.0
2026-07-09T10:59:34.859945,Raspberry_Relieve1,,,38.134,0.0,0,0.0,100.0,-1,0.0,,,,,,184,1.02,0.0,0.0
2026-07-09T10:59:35.860070,Raspberry_Relieve1,,,38.134,0.0,0,0.0,100.0,-1,0.0,,,,,,185,0.91,0.0,0.0
2026-07-09T10:59:36.860185,Raspberry_Relieve1,,,38.133,0.0,0,0.0,100.0,-1,0.0,,,,,,186,1.08,0.0,0.0
2026-07-09T10:59:37.860299,Raspberry_Relieve1,,,38.134,0.0,0,0.0,100.0,-1,0.0,,,,,,187,0.94,0.0,0.0
2026-07-09T10:59:38.860440,Raspberry_Relieve1,,,38.133,0.0,0,0.0,100.0,-1,0.0,,,,,,188,1.01,0.0,0.0
2026-07-09T10:59:39.860568,Raspberry_Relieve1,,,38.134,0.0,0,0.0,100.0,-1,0.0,,,,,,189,1.01,0.0,0.0
2026-07-09T10:59:40.860688,Raspberry_Relieve1,,,38.135,0.0,0,0.0,100.0,-1,0.0,,,,,,190,0.98,0.0,0.0
2026-07-09T10:59:41.860807,Raspberry_Relieve1,,,38.135,0.0,0,0.0,100.0,-1,0.0,,,,,,191,1.0,0.0,0.0
2026-07-09T10:59:42.860925,Raspberry_Relieve1,,,38.135,0.0,0,0.0,100.0,-1,0.0,,,,,,192,1.02,0.0,0.0
2026-07-09T10:59:43.861040,Raspberry_Relieve1,,,38.133,0.0,0,0.0,100.0,-1,0.0,,,,,,193,1.02,0.0,0.0
2026-07-09T10:59:44.861161,Raspberry_Relieve1,,,38.131,0.0,0,0.0,100.0,-1,0.0,,,,,,194,1.0,0.0,0.0
2026-07-09T10:59:45.861285,Raspberry_Relieve1,,,38.133,0.0,0,0.0,100.0,-1,0.0,,,,,,195,0.97,0.0,0.0
2026-07-09T10:59:46.861410,Raspberry_Relieve1,,,38.134,0.0,0,0.0,100.0,-1,0.0,,,,,,196,1.0,0.0,0.0
2026-07-09T10:59:47.861548,Raspberry_Relieve1,,,38.133,0.0,0,0.0,100.0,-1,0.0,,,,,,197,1.01,0.0,0.0
2026-07-09T10:59:48.861660,Raspberry_Relieve1,,,38.134,0.0,0,0.0,100.0,-1,0.0,,,,,,198,1.01,0.0,0.0
2026-07-09T10:59:49.861786,Raspberry_Relieve1,,,38.134,0.0,0,0.0,100.0,-1,0.0,,,,,,199,1.06,0.0,0.0
2026-07-09T10:59:50.861922,Raspberry_Relieve1,,,38.133,0.0,0,0.0,100.0,-1,0.0,,,,,,200,0.91,0.0,0.0
2026-07-09T10:59:51.862038,Raspberry_Relieve1,,,38.134,0.0,0,0.0,100.0,-1,0.0,,,,,,201,1.17,0.0,0.0
2026-07-09T10:59:52.862169,Raspberry_Relieve1,,,38.132,0.0,0,0.0,100.0,-1,0.0,,,,,,202,0.85,0.0,0.0
2026-07-09T10:59:53.862304,Raspberry_Relieve1,,,38.133,0.0,0,0.0,100.0,-1,0.0,,,,,,203,1.28,0.0,0.0
2026-07-09T10:59:54.862457,Raspberry_Relieve1,,,38.134,0.0,0,0.0,100.0,-1,0.0,,,,,,204,0.74,0.0,0.0
2026-07-09T10:59:55.862567,Raspberry_Relieve1,,,38.131,0.0,0,0.0,100.0,-1,0.0,,,,,,205,0.98,0.0,0.0
2026-07-09T10:59:56.862696,Raspberry_Relieve1,,,38.133,0.0,0,0.0,100.0,-1,0.0,,,,,,206,1.03,0.0,0.0
2026-07-09T10:59:57.862824,Raspberry_Relieve1,,,38.134,0.0,0,0.0,100.0,-1,0.0,,,,,,207,1.0,0.0,0.0
2026-07-09T10:59:58.862937,Raspberry_Relieve1,,,38.133,0.0,0,0.0,100.0,-1,0.0,,,,,,208,1.01,0.0,0.0
2026-07-09T10:59:59.863064,Raspberry_Relieve1,,,38.134,0.0,0,0.0,100.0,-1,0.0,,,,,,209,0.99,0.0,0.0
2026-07-09T11:00:00.863171,Raspberry_Relieve1,,,38.135,0.0,0,0.0,100.0,-1,0.0,,,,,,210,0.95,0.0,0.0
2026-07-09T11:00:01.863290,Raspberry_Relieve1,,,38.135,0.0,0,0.0,100.0,-1,0.0,,,,,,211,0.97,0.0,0.0
2026-07-09T11:00:02.863402,Raspberry_Relieve1,,,38.132,0.0,0,0.0,100.0,-1,0.0,,,,,,212,1.02,0.0,0.0
2026-07-09T11:00:03.863517,Raspberry_Relieve1,,,38.133,0.0,0,0.0,100.0,-1,0.0,,,,,,213,1.03,0.0,0.0
2026-07-09T11:00:04.863642,Raspberry_Relieve1,,,38.133,0.0,0,0.0,100.0,-1,0.0,,,,,,214,1.08,0.0,0.0
2026-07-09T11:00:05.863844,Raspberry_Relieve1,,,38.133,0.0,0,0.0,100.0,-1,0.0,,,,,,215,0.95,0.0,0.0
2026-07-09T11:00:06.863951,Raspberry_Relieve1,,,38.134,0.0,0,0.0,100.0,-1,0.0,,,,,,216,1.01,0.0,0.0
2026-07-09T11:00:07.864070,Raspberry_Relieve1,,,38.135,0.0,0,0.0,100.0,-1,0.0,,,,,,217,1.02,0.0,0.0
2026-07-09T11:00:08.864234,Raspberry_Relieve1,,,38.134,0.0,0,0.0,100.0,-1,0.0,,,,,,218,1.01,0.0,0.0
2026-07-09T11:00:09.864339,Raspberry_Relieve1,,,38.135,0.0,0,0.0,100.0,-1,0.0,,,,,,219,0.91,0.0,0.0
2026-07-09T11:00:10.864467,Raspberry_Relieve1,,,38.133,0.0,0,0.0,100.0,-1,0.0,,,,,,220,0.99,0.0,0.0
2026-07-09T11:00:11.864571,Raspberry_Relieve1,,,38.134,0.0,0,0.0,100.0,-1,0.0,,,,,,221,1.05,0.0,0.0
2026-07-09T11:00:12.864683,Raspberry_Relieve1,,,38.135,0.0,0,0.0,100.0,-1,0.0,,,,,,222,0.96,0.0,0.0
2026-07-09T11:00:13.864790,Raspberry_Relieve1,,,38.134,0.0,0,0.0,100.0,-1,0.0,,,,,,223,1.09,0.0,0.0
2026-07-09T11:00:14.864925,Raspberry_Relieve1,,,38.134,0.0,0,0.0,100.0,-1,0.0,,,,,,224,0.95,0.0,0.0
2026-07-09T11:00:15.865070,Raspberry_Relieve1,,,38.135,0.0,0,0.0,100.0,-1,0.0,,,,,,225,1.03,0.0,0.0
2026-07-09T11:00:16.865200,Raspberry_Relieve1,,,38.133,0.0,0,0.0,100.0,-1,0.0,,,,,,226,0.98,0.0,0.0
2026-07-09T11:00:17.865318,Raspberry_Relieve1,,,38.132,0.0,0,0.0,100.0,-1,0.0,,,,,,227,1.0,0.0,0.0
2026-07-09T11:00:18.865438,Raspberry_Relieve1,,,38.133,0.0,0,0.0,100.0,-1,0.0,,,,,,228,0.95,0.0,0.0
2026-07-09T11:00:19.865562,Raspberry_Relieve1,,,38.132,0.0,0,0.0,100.0,-1,0.0,,,,,,229,1.07,0.0,0.0
2026-07-09T11:00:20.865689,Raspberry_Relieve1,,,38.134,0.0,0,0.0,100.0,-1,0.0,,,,,,230,0.92,0.0,0.0
2026-07-09T11:00:21.865793,Raspberry_Relieve1,,,38.134,0.0,0,0.0,100.0,-1,0.0,,,,,,231,1.08,0.0,0.0
2026-07-09T11:00:22.865940,Raspberry_Relieve1,,,38.135,0.0,0,0.0,100.0,-1,0.0,,,,,,232,0.89,0.0,0.0
2026-07-09T11:00:23.866038,Raspberry_Relieve1,,,38.133,0.0,0,0.0,100.0,-1,0.0,,,,,,233,1.06,0.0,0.0
2026-07-09T11:00:24.866176,Raspberry_Relieve1,,,38.133,0.0,0,0.0,100.0,-1,0.0,,,,,,234,1.05,0.0,0.0
2026-07-09T11:00:25.866287,Raspberry_Relieve1,,,38.132,0.0,0,0.0,100.0,-1,0.0,,,,,,235,0.91,0.0,0.0
2026-07-09T11:00:26.866485,Raspberry_Relieve1,,,38.133,0.0,0,0.0,100.0,-1,0.0,,,,,,236,0.99,0.0,0.0
2026-07-09T11:00:27.866531,Raspberry_Relieve1,,,38.13,0.0,0,0.0,100.0,-1,0.0,,,,,,237,1.03,0.0,0.0
2026-07-09T11:00:28.866672,Raspberry_Relieve1,,,38.132,0.0,0,0.0,100.0,-1,0.0,,,,,,238,0.99,0.0,0.0
2026-07-09T11:00:29.866786,Raspberry_Relieve1,,,38.131,0.0,0,0.0,100.0,-1,0.0,,,,,,239,1.07,0.0,0.0
2026-07-09T11:00:30.866919,Raspberry_Relieve1,,,38.133,0.0,0,0.0,100.0,-1,0.0,,,,,,240,1.03,0.0,0.0
2026-07-09T11:00:31.867029,Raspberry_Relieve1,,,38.132,0.0,0,0.0,100.0,-1,0.0,,,,,,241,0.97,0.0,0.0
2026-07-09T11:00:32.867167,Raspberry_Relieve1,,,38.133,0.0,0,0.0,100.0,-1,0.0,,,,,,242,0.98,0.0,0.0
2026-07-09T11:00:33.867273,Raspberry_Relieve1,,,38.129,0.0,0,0.0,100.0,-1,0.0,,,,,,243,0.98,0.0,0.0
2026-07-09T11:00:34.867456,Raspberry_Relieve1,,,38.131,0.0,0,0.0,100.0,-1,0.0,,,,,,244,1.01,0.0,0.0
2026-07-09T11:00:35.867558,Raspberry_Relieve1,,,38.129,0.0,0,0.0,100.0,-1,0.0,,,,,,245,1.08,0.0,0.0
2026-07-09T11:00:36.867696,Raspberry_Relieve1,,,38.132,0.0,0,0.0,100.0,-1,0.0,,,,,,246,0.93,0.0,0.0
2026-07-09T11:00:37.867817,Raspberry_Relieve1,,,38.131,0.0,0,0.0,100.0,-1,0.0,,,,,,247,0.99,0.0,0.0
2026-07-09T11:00:38.867944,Raspberry_Relieve1,,,38.133,0.0,0,0.0,100.0,-1,0.0,,,,,,248,0.97,0.0,0.0
2026-07-09T11:00:39.868053,Raspberry_Relieve1,,,38.132,0.0,0,0.0,100.0,-1,0.0,,,,,,249,1.08,0.0,0.0
2026-07-09T11:00:40.868206,Raspberry_Relieve1,,,38.134,0.0,0,0.0,100.0,-1,0.0,,,,,,250,1.0,0.0,0.0
2026-07-09T11:00:41.868309,Raspberry_Relieve1,,,38.133,0.0,0,0.0,100.0,-1,0.0,,,,,,251,0.95,0.0,0.0
2026-07-09T11:00:42.868443,Raspberry_Relieve1,,,38.133,0.0,0,0.0,100.0,-1,0.0,,,,,,252,1.0,0.0,0.0
2026-07-09T11:00:43.868555,Raspberry_Relieve1,,,38.132,0.0,0,0.0,100.0,-1,0.0,,,,,,253,1.01,0.0,0.0
2026-07-09T11:00:44.868768,Raspberry_Relieve1,,,38.132,0.0,0,0.0,100.0,-1,0.0,,,,,,254,0.99,0.0,0.0
2026-07-09T11:00:45.868890,Raspberry_Relieve1,,,38.132,0.0,0,0.0,100.0,-1,0.0,,,,,,255,1.05,0.0,0.0
2026-07-09T11:00:46.869040,Raspberry_Relieve1,,,38.132,0.0,0,0.0,100.0,-1,0.0,,,,,,256,0.97,0.0,0.0
2026-07-09T11:00:47.869148,Raspberry_Relieve1,,,38.13,0.0,0,0.0,100.0,-1,0.0,,,,,,257,1.01,0.0,0.0
2026-07-09T11:00:48.869268,Raspberry_Relieve1,,,38.131,0.0,0,0.0,100.0,-1,0.0,,,,,,258,0.99,0.0,0.0
2026-07-09T11:00:49.869381,Raspberry_Relieve1,,,38.133,0.0,0,0.0,100.0,-1,0.0,,,,,,259,0.94,0.0,0.0
2026-07-09T11:00:50.869520,Raspberry_Relieve1,,,38.132,0.0,0,0.0,100.0,-1,0.0,,,,,,260,1.1,0.0,0.0
2026-07-09T11:00:51.869629,Raspberry_Relieve1,,,38.133,0.0,0,0.0,100.0,-1,0.0,,,,,,261,0.96,0.0,0.0
2026-07-09T11:00:52.869765,Raspberry_Relieve1,,,38.133,0.0,0,0.0,100.0,-1,0.0,,,,,,262,0.96,0.0,0.0
2026-07-09T11:00:53.869874,Raspberry_Relieve1,,,38.132,0.0,0,0.0,100.0,-1,0.0,,,,,,263,1.03,0.0,0.0
2026-07-09T11:00:54.870017,Raspberry_Relieve1,,,38.132,0.0,0,0.0,100.0,-1,0.0,,,,,,264,1.05,0.0,0.0
2026-07-09T11:00:55.870138,Raspberry_Relieve1,,,38.131,0.0,0,0.0,100.0,-1,0.0,,,,,,265,0.92,0.0,0.0
2026-07-09T11:00:56.870272,Raspberry_Relieve1,,,38.131,0.0,0,0.0,100.0,-1,0.0,,,,,,266,1.0,0.0,0.0
2026-07-09T11:00:57.870442,Raspberry_Relieve1,,,38.132,0.0,0,0.0,100.0,-1,0.0,,,,,,267,1.03,0.0,0.0
2026-07-09T11:00:58.870539,Raspberry_Relieve1,,,38.129,0.0,0,0.0,100.0,-1,0.0,,,,,,268,1.09,0.0,0.0
2026-07-09T11:00:59.870665,Raspberry_Relieve1,,,38.13,0.0,0,0.0,100.0,-1,0.0,,,,,,269,0.87,0.0,0.0
2026-07-09T11:01:00.870824,Raspberry_Relieve1,,,38.129,0.0,0,0.0,100.0,-1,0.0,,,,,,270,1.12,0.0,0.0
2026-07-09T11:01:01.871133,Raspberry_Relieve1,,,38.131,0.0,0,0.0,100.0,-1,0.0,,,,,,271,0.95,0.0,0.0
2026-07-09T11:01:02.871256,Raspberry_Relieve1,,,38.129,0.0,0,0.0,100.0,-1,0.0,,,,,,272,0.99,0.0,0.0
2026-07-09T11:01:03.871368,Raspberry_Relieve1,,,38.13,0.0,0,0.0,100.0,-1,0.0,,,,,,273,0.95,0.0,0.0
2026-07-09T11:01:04.871488,Raspberry_Relieve1,,,38.131,0.0,0,0.0,100.0,-1,0.0,,,,,,274,0.97,0.0,0.0
2026-07-09T11:01:05.871690,Raspberry_Relieve1,,,38.129,0.0,0,0.0,100.0,-1,0.0,,,,,,275,1.08,0.0,0.0
2026-07-09T11:01:06.871809,Raspberry_Relieve1,,,38.13,0.0,0,0.0,100.0,-1,0.0,,,,,,276,1.01,0.0,0.0
2026-07-09T11:01:07.871990,Raspberry_Relieve1,,,38.13,0.0,0,0.0,100.0,-1,0.0,,,,,,277,1.02,0.0,0.0
2026-07-09T11:01:08.872106,Raspberry_Relieve1,,,38.132,0.0,0,0.0,100.0,-1,0.0,,,,,,278,0.96,0.0,0.0
2026-07-09T11:01:09.872232,Raspberry_Relieve1,,,38.129,0.0,0,0.0,100.0,-1,0.0,,,,,,279,1.0,0.0,0.0
2026-07-09T11:01:10.872349,Raspberry_Relieve1,,,38.13,0.0,0,0.0,100.0,-1,0.0,,,,,,280,0.95,0.0,0.0
2026-07-09T11:01:11.872461,Raspberry_Relieve1,,,38.13,0.0,0,0.0,100.0,-1,0.0,,,,,,281,1.03,0.0,0.0
2026-07-09T11:01:12.872567,Raspberry_Relieve1,,,38.131,0.0,0,0.0,100.0,-1,0.0,,,,,,282,1.01,0.0,0.0
2026-07-09T11:01:13.872691,Raspberry_Relieve1,,,38.13,0.0,0,0.0,100.0,-1,0.0,,,,,,283,1.01,0.0,0.0
2026-07-09T11:01:14.872817,Raspberry_Relieve1,,,38.127,0.0,0,0.0,100.0,-1,0.0,,,,,,284,0.97,0.0,0.0
2026-07-09T11:01:15.872937,Raspberry_Relieve1,,,38.13,0.0,0,0.0,100.0,-1,0.0,,,,,,285,1.07,0.0,0.0
2026-07-09T11:01:16.873138,Raspberry_Relieve1,,,38.13,0.0,0,0.0,100.0,-1,0.0,,,,,,286,0.99,0.0,0.0
2026-07-09T11:01:17.873254,Raspberry_Relieve1,,,38.129,0.0,0,0.0,100.0,-1,0.0,,,,,,287,0.98,0.0,0.0
2026-07-09T11:01:18.873377,Raspberry_Relieve1,,,38.13,0.0,0,0.0,100.0,-1,0.0,,,,,,288,1.01,0.0,0.0
2026-07-09T11:01:19.873498,Raspberry_Relieve1,,,38.13,0.0,0,0.0,100.0,-1,0.0,,,,,,289,1.06,0.0,0.0
2026-07-09T11:01:20.873616,Raspberry_Relieve1,,,38.13,0.0,0,0.0,100.0,-1,0.0,,,,,,290,0.95,0.0,0.0
2026-07-09T11:01:21.873737,Raspberry_Relieve1,,,38.13,0.0,0,0.0,100.0,-1,0.0,,,,,,291,0.92,0.0,0.0
2026-07-09T11:01:22.873857,Raspberry_Relieve1,,,38.13,0.0,0,0.0,100.0,-1,0.0,,,,,,292,1.08,0.0,0.0
2026-07-09T11:01:23.873972,Raspberry_Relieve1,,,38.13,0.0,0,0.0,100.0,-1,0.0,,,,,,293,0.91,0.0,0.0
2026-07-09T11:01:24.874178,Raspberry_Relieve1,,,38.13,0.0,0,0.0,100.0,-1,0.0,,,,,,294,1.12,0.0,0.0
2026-07-09T11:01:25.874296,Raspberry_Relieve1,,,38.13,0.0,0,0.0,100.0,-1,0.0,,,,,,295,0.99,0.0,0.0
2026-07-09T11:01:26.874509,Raspberry_Relieve1,,,38.127,0.0,0,0.0,100.0,-1,0.0,,,,,,296,0.98,0.0,0.0
2026-07-09T11:01:27.874615,Raspberry_Relieve1,,,38.128,0.0,0,0.0,100.0,-1,0.0,,,,,,297,1.1,0.0,0.0
2026-07-09T11:01:28.874788,Raspberry_Relieve1,,,38.13,0.0,0,0.0,100.0,-1,0.0,,,,,,298,0.97,0.0,0.0
2026-07-09T11:01:29.874905,Raspberry_Relieve1,,,38.128,0.0,0,0.0,100.0,-1,0.0,,,,,,299,1.07,0.0,0.0
2026-07-09T11:01:30.875581,Raspberry_Relieve1,,,38.128,0.0,0,0.0,100.0,-1,0.0,,,,,,302,2.43,0.0,0.0
2026-07-09T11:01:32.854615,Raspberry_Relieve1,,,38.13,0.0,0,0.0,100.0,-1,0.0,,,,,,303,1.2,0.0,0.0
2026-07-09T11:01:34.057680,Raspberry_Relieve1,,,38.126,0.0,0,0.0,100.0,-1,0.0,,,,,,303,0.33,0.0,0.0
2026-07-09T11:01:35.057810,Raspberry_Relieve1,,,38.128,0.0,0,0.0,100.0,-1,0.0,,,,,,304,1.19,0.0,0.0
2026-07-09T11:01:36.057930,Raspberry_Relieve1,,,38.128,0.0,0,0.0,100.0,-1,0.0,,,,,,305,0.9,0.0,0.0
2026-07-09T11:01:37.058089,Raspberry_Relieve1,,,38.127,0.0,0,0.0,100.0,-1,0.0,,,,,,306,0.98,0.0,0.0
2026-07-09T11:01:38.058209,Raspberry_Relieve1,,,38.126,0.0,0,0.0,100.0,-1,0.0,,,,,,307,0.99,0.0,0.0
2026-07-09T11:01:39.058373,Raspberry_Relieve1,,,38.127,0.0,0,0.0,100.0,-1,0.0,,,,,,308,0.97,0.0,0.0
2026-07-09T11:01:40.058488,Raspberry_Relieve1,,,38.128,0.0,0,0.0,100.0,-1,0.0,,,,,,309,1.06,0.0,0.0
2026-07-09T11:01:41.058597,Raspberry_Relieve1,,,38.127,0.0,0,0.0,100.0,-1,0.0,,,,,,310,0.94,0.0,0.0
2026-07-09T11:01:42.058726,Raspberry_Relieve1,,,38.128,0.0,0,0.0,100.0,-1,0.0,,,,,,311,0.99,0.0,0.0
2026-07-09T11:01:43.058819,Raspberry_Relieve1,,,38.127,0.0,0,0.0,100.0,-1,0.0,,,,,,312,1.0,0.0,0.0
2026-07-09T11:01:44.058986,Raspberry_Relieve1,,,38.127,0.0,0,0.0,100.0,-1,0.0,,,,,,313,1.0,0.0,0.0
2026-07-09T11:01:45.059154,Raspberry_Relieve1,,,38.127,0.0,0,0.0,100.0,-1,0.0,,,,,,314,1.01,0.0,0.0
2026-07-09T11:01:46.059296,Raspberry_Relieve1,,,38.127,0.0,0,0.0,100.0,-1,0.0,,,,,,315,0.99,0.0,0.0
2026-07-09T11:01:47.059450,Raspberry_Relieve1,,,38.128,0.0,0,0.0,100.0,-1,0.0,,,,,,316,1.07,0.0,0.0
2026-07-09T11:01:48.059579,Raspberry_Relieve1,,,38.127,0.0,0,0.0,100.0,-1,0.0,,,,,,317,0.93,0.0,0.0
2026-07-09T11:01:49.059683,Raspberry_Relieve1,,,38.127,0.0,0,0.0,100.0,-1,0.0,,,,,,318,1.02,0.0,0.0
2026-07-09T11:01:50.059827,Raspberry_Relieve1,,,38.127,0.0,0,0.0,100.0,-1,0.0,,,,,,319,0.98,0.0,0.0
2026-07-09T11:01:51.059988,Raspberry_Relieve1,,,38.127,0.0,0,0.0,100.0,-1,0.0,,,,,,320,1.01,0.0,0.0
2026-07-09T11:01:52.060173,Raspberry_Relieve1,,,38.128,0.0,0,0.0,100.0,-1,0.0,,,,,,321,1.01,0.0,0.0
2026-07-09T11:01:53.060348,Raspberry_Relieve1,,,38.128,0.0,0,0.0,100.0,-1,0.0,,,,,,322,1.09,0.0,0.0
2026-07-09T11:01:54.060469,Raspberry_Relieve1,,,38.127,0.0,0,0.0,100.0,-1,0.0,,,,,,323,0.91,0.0,0.0
2026-07-09T11:01:55.060580,Raspberry_Relieve1,,,38.126,0.0,0,0.0,100.0,-1,0.0,,,,,,324,1.07,0.0,0.0
2026-07-09T11:01:56.060723,Raspberry_Relieve1,,,38.126,0.0,0,0.0,100.0,-1,0.0,,,,,,325,0.93,0.0,0.0
2026-07-09T11:01:57.060841,Raspberry_Relieve1,,,38.126,0.0,0,0.0,100.0,-1,0.0,,,,,,326,1.09,0.0,0.0
2026-07-09T11:01:58.060955,Raspberry_Relieve1,,,38.128,0.0,0,0.0,100.0,-1,0.0,,,,,,327,0.98,0.0,0.0
2026-07-09T11:01:59.061072,Raspberry_Relieve1,,,38.129,0.0,0,0.0,100.0,-1,0.0,,,,,,328,0.92,0.0,0.0
2026-07-09T11:02:00.061183,Raspberry_Relieve1,,,38.127,0.0,0,0.0,100.0,-1,0.0,,,,,,329,1.11,0.0,0.0
2026-07-09T11:02:01.061336,Raspberry_Relieve1,,,38.128,0.0,0,0.0,100.0,-1,0.0,,,,,,330,0.97,0.0,0.0
2026-07-09T11:02:02.061474,Raspberry_Relieve1,,,38.126,0.0,0,0.0,100.0,-1,0.0,,,,,,331,0.99,0.0,0.0
2026-07-09T11:02:03.061630,Raspberry_Relieve1,,,38.127,0.0,0,0.0,100.0,-1,0.0,,,,,,332,0.98,0.0,0.0
2026-07-09T11:02:04.061775,Raspberry_Relieve1,,,38.127,0.0,0,0.0,100.0,-1,0.0,,,,,,333,0.96,0.0,0.0
2026-07-09T11:02:05.061929,Raspberry_Relieve1,,,38.126,0.0,0,0.0,100.0,-1,0.0,,,,,,334,0.98,0.0,0.0
2026-07-09T11:02:06.062080,Raspberry_Relieve1,,,38.127,0.0,0,0.0,100.0,-1,0.0,,,,,,335,1.02,0.0,0.0
2026-07-09T11:02:07.062238,Raspberry_Relieve1,,,38.127,0.0,0,0.0,100.0,-1,0.0,,,,,,336,1.05,0.0,0.0
2026-07-09T11:02:08.062448,Raspberry_Relieve1,,,38.128,0.0,0,0.0,100.0,-1,0.0,,,,,,337,1.06,0.0,0.0
2026-07-09T11:02:09.062547,Raspberry_Relieve1,,,38.127,0.0,0,0.0,100.0,-1,0.0,,,,,,338,0.91,0.0,0.0
2026-07-09T11:02:10.062663,Raspberry_Relieve1,,,38.126,0.0,0,0.0,100.0,-1,0.0,,,,,,339,1.05,0.0,0.0
2026-07-09T11:02:11.062784,Raspberry_Relieve1,,,38.126,0.0,0,0.0,100.0,-1,0.0,,,,,,340,0.98,0.0,0.0
2026-07-09T11:02:12.062950,Raspberry_Relieve1,,,38.127,0.0,0,0.0,100.0,-1,0.0,,,,,,341,1.02,0.0,0.0
2026-07-09T11:02:13.063067,Raspberry_Relieve1,,,38.128,0.0,0,0.0,100.0,-1,0.0,,,,,,342,0.93,0.0,0.0
2026-07-09T11:02:14.063191,Raspberry_Relieve1,,,38.128,0.0,0,0.0,100.0,-1,0.0,,,,,,343,1.0,0.0,0.0
2026-07-09T11:02:15.063324,Raspberry_Relieve1,,,38.127,0.0,0,0.0,100.0,-1,0.0,,,,,,344,0.99,0.0,0.0
2026-07-09T11:02:16.063443,Raspberry_Relieve1,,,38.128,0.0,0,0.0,100.0,-1,0.0,,,,,,345,1.02,0.0,0.0
2026-07-09T11:02:17.063564,Raspberry_Relieve1,,,38.128,0.0,0,0.0,100.0,-1,0.0,,,,,,346,1.05,0.0,0.0
2026-07-09T11:02:18.063690,Raspberry_Relieve1,,,38.125,0.0,0,0.0,100.0,-1,0.0,,,,,,347,1.0,0.0,0.0
2026-07-09T11:02:19.063821,Raspberry_Relieve1,,,38.126,0.0,0,0.0,100.0,-1,0.0,,,,,,348,1.03,0.0,0.0
2026-07-09T11:02:20.063949,Raspberry_Relieve1,,,38.126,0.0,0,0.0,100.0,-1,0.0,,,,,,349,0.99,0.0,0.0
2026-07-09T11:02:21.064066,Raspberry_Relieve1,,,38.127,0.0,0,0.0,100.0,-1,0.0,,,,,,350,0.97,0.0,0.0
2026-07-09T11:02:22.064195,Raspberry_Relieve1,,,38.125,0.0,0,0.0,100.0,-1,0.0,,,,,,351,0.95,0.0,0.0
2026-07-09T11:02:23.064322,Raspberry_Relieve1,,,38.126,0.0,0,0.0,100.0,-1,0.0,,,,,,352,1.09,0.0,0.0
2026-07-09T11:02:24.064464,Raspberry_Relieve1,,,38.126,0.0,0,0.0,100.0,-1,0.0,,,,,,353,0.96,0.0,0.0
2026-07-09T11:02:25.064581,Raspberry_Relieve1,,,38.126,0.0,0,0.0,100.0,-1,0.0,,,,,,354,0.98,0.0,0.0
2026-07-09T11:02:26.064709,Raspberry_Relieve1,,,38.126,0.0,0,0.0,100.0,-1,0.0,,,,,,355,0.97,0.0,0.0
2026-07-09T11:02:27.064840,Raspberry_Relieve1,,,38.126,0.0,0,0.0,100.0,-1,0.0,,,,,,356,0.99,0.0,0.0
2026-07-09T11:02:28.064963,Raspberry_Relieve1,,,38.125,0.0,0,0.0,100.0,-1,0.0,,,,,,357,1.11,0.0,0.0
2026-07-09T11:02:29.065095,Raspberry_Relieve1,,,38.127,0.0,0,0.0,100.0,-1,0.0,,,,,,358,0.88,0.0,0.0
2026-07-09T11:02:30.065226,Raspberry_Relieve1,,,38.127,0.0,0,0.0,100.0,-1,0.0,,,,,,359,0.99,0.0,0.0
2026-07-09T11:02:31.065348,Raspberry_Relieve1,,,38.126,0.0,0,0.0,100.0,-1,0.0,,,,,,360,1.03,0.0,0.0
2026-07-09T11:02:32.065476,Raspberry_Relieve1,,,38.128,0.0,0,0.0,100.0,-1,0.0,,,,,,361,0.99,0.0,0.0
2026-07-09T11:02:33.065611,Raspberry_Relieve1,,,38.126,0.0,0,0.0,100.0,-1,0.0,,,,,,362,1.12,0.0,0.0
2026-07-09T11:02:34.065749,Raspberry_Relieve1,,,38.126,0.0,0,0.0,100.0,-1,0.0,,,,,,363,0.92,0.0,0.0
2026-07-09T11:02:35.065885,Raspberry_Relieve1,,,38.124,0.0,0,0.0,100.0,-1,0.0,,,,,,364,0.98,0.0,0.0
2026-07-09T11:02:36.066017,Raspberry_Relieve1,,,38.124,0.0,0,0.0,100.0,-1,0.0,,,,,,365,1.04,0.0,0.0
2026-07-09T11:02:37.066133,Raspberry_Relieve1,,,38.124,0.0,0,0.0,100.0,-1,0.0,,,,,,366,0.98,0.0,0.0
2026-07-09T11:02:38.066273,Raspberry_Relieve1,,,38.124,0.0,0,0.0,100.0,-1,0.0,,,,,,367,1.04,0.0,0.0
2026-07-09T11:02:39.066456,Raspberry_Relieve1,,,38.125,0.0,0,0.0,100.0,-1,0.0,,,,,,368,1.0,0.0,0.0
2026-07-09T11:02:40.066553,Raspberry_Relieve1,,,38.124,0.0,0,0.0,100.0,-1,0.0,,,,,,369,1.07,0.0,0.0
2026-07-09T11:02:41.066679,Raspberry_Relieve1,,,38.125,0.0,0,0.0,100.0,-1,0.0,,,,,,370,0.99,0.0,0.0
2026-07-09T11:02:42.066792,Raspberry_Relieve1,,,38.125,0.0,0,0.0,100.0,-1,0.0,,,,,,371,0.91,0.0,0.0
2026-07-09T11:02:43.066932,Raspberry_Relieve1,,,38.125,0.0,0,0.0,100.0,-1,0.0,,,,,,372,1.01,0.0,0.0
2026-07-09T11:02:44.067055,Raspberry_Relieve1,,,38.126,0.0,0,0.0,100.0,-1,0.0,,,,,,373,0.99,0.0,0.0
2026-07-09T11:02:45.067219,Raspberry_Relieve1,,,38.125,0.0,0,0.0,100.0,-1,0.0,,,,,,374,1.01,0.0,0.0
2026-07-09T11:02:46.067335,Raspberry_Relieve1,,,38.125,0.0,0,0.0,100.0,-1,0.0,,,,,,375,0.97,0.0,0.0
2026-07-09T11:02:47.067469,Raspberry_Relieve1,,,38.124,0.0,0,0.0,100.0,-1,0.0,,,,,,376,1.07,0.0,0.0
2026-07-09T11:02:48.067611,Raspberry_Relieve1,,,38.124,0.0,0,0.0,100.0,-1,0.0,,,,,,377,0.97,0.0,0.0
2026-07-09T11:02:49.067743,Raspberry_Relieve1,,,38.125,0.0,0,0.0,100.0,-1,0.0,,,,,,378,0.98,0.0,0.0
2026-07-09T11:02:50.067866,Raspberry_Relieve1,,,38.124,0.0,0,0.0,100.0,-1,0.0,,,,,,379,1.01,0.0,0.0
2026-07-09T11:02:51.068013,Raspberry_Relieve1,,,38.124,0.0,0,0.0,100.0,-1,0.0,,,,,,380,0.95,0.0,0.0
2026-07-09T11:02:52.068132,Raspberry_Relieve1,,,38.124,0.0,0,0.0,100.0,-1,0.0,,,,,,381,1.07,0.0,0.0
2026-07-09T11:02:53.068272,Raspberry_Relieve1,,,38.125,0.0,0,0.0,100.0,-1,0.0,,,,,,382,0.96,0.0,0.0
2026-07-09T11:02:54.068411,Raspberry_Relieve1,,,38.124,0.0,0,0.0,100.0,-1,0.0,,,,,,383,0.95,0.0,0.0
2026-07-09T11:02:55.068536,Raspberry_Relieve1,,,38.124,0.0,0,0.0,100.0,-1,0.0,,,,,,384,1.01,0.0,0.0
2026-07-09T11:02:56.068678,Raspberry_Relieve1,,,38.125,0.0,0,0.0,100.0,-1,0.0,,,,,,385,1.06,0.0,0.0
2026-07-09T11:02:57.068805,Raspberry_Relieve1,,,38.124,0.0,0,0.0,100.0,-1,0.0,,,,,,386,0.94,0.0,0.0
2026-07-09T11:02:58.068930,Raspberry_Relieve1,,,38.124,0.0,0,0.0,100.0,-1,0.0,,,,,,387,1.0,0.0,0.0
2026-07-09T11:02:59.069033,Raspberry_Relieve1,,,38.125,0.0,0,0.0,100.0,-1,0.0,,,,,,388,1.02,0.0,0.0
2026-07-09T11:03:00.069155,Raspberry_Relieve1,,,38.124,0.0,0,0.0,100.0,-1,0.0,,,,,,389,1.13,0.0,0.0
2026-07-09T11:03:01.069303,Raspberry_Relieve1,,,38.124,0.0,0,0.0,100.0,-1,0.0,,,,,,390,0.84,0.0,0.0
2026-07-09T11:03:02.069416,Raspberry_Relieve1,,,38.125,0.0,0,0.0,100.0,-1,0.0,,,,,,391,1.07,0.0,0.0
2026-07-09T11:03:03.069544,Raspberry_Relieve1,,,38.124,0.0,0,0.0,100.0,-1,0.0,,,,,,392,1.04,0.0,0.0
2026-07-09T11:03:04.069656,Raspberry_Relieve1,,,38.125,0.0,0,0.0,100.0,-1,0.0,,,,,,393,0.97,0.0,0.0
2026-07-09T11:03:05.069774,Raspberry_Relieve1,,,38.124,0.0,0,0.0,100.0,-1,0.0,,,,,,394,0.94,0.0,0.0
2026-07-09T11:03:06.069898,Raspberry_Relieve1,,,38.125,0.0,0,0.0,100.0,-1,0.0,,,,,,395,0.97,0.0,0.0
2026-07-09T11:03:07.070007,Raspberry_Relieve1,,,38.123,0.0,0,0.0,100.0,-1,0.0,,,,,,396,1.12,0.0,0.0
2026-07-09T11:03:08.070143,Raspberry_Relieve1,,,38.123,0.0,0,0.0,100.0,-1,0.0,,,,,,397,1.02,0.0,0.0
2026-07-09T11:03:09.070274,Raspberry_Relieve1,,,38.123,0.0,0,0.0,100.0,-1,0.0,,,,,,398,0.94,0.0,0.0
2026-07-09T11:03:10.070449,Raspberry_Relieve1,,,38.124,0.0,0,0.0,100.0,-1,0.0,,,,,,399,0.97,0.0,0.0
2026-07-09T11:03:11.070539,Raspberry_Relieve1,,,38.122,0.0,0,0.0,100.0,-1,0.0,,,,,,400,1.0,0.0,0.0
2026-07-09T11:03:12.070665,Raspberry_Relieve1,,,38.123,0.0,0,0.0,100.0,-1,0.0,,,,,,401,0.97,0.0,0.0
2026-07-09T11:03:13.070789,Raspberry_Relieve1,,,38.122,0.0,0,0.0,100.0,-1,0.0,,,,,,402,0.99,0.0,0.0
2026-07-09T11:03:14.070910,Raspberry_Relieve1,,,38.125,0.0,0,0.0,100.0,-1,0.0,,,,,,403,1.04,0.0,0.0
2026-07-09T11:03:15.071056,Raspberry_Relieve1,,,38.125,0.0,0,0.0,100.0,-1,0.0,,,,,,404,1.02,0.0,0.0
2026-07-09T11:03:16.071185,Raspberry_Relieve1,,,38.124,0.0,0,0.0,100.0,-1,0.0,,,,,,405,0.94,0.0,0.0
2026-07-09T11:03:17.071310,Raspberry_Relieve1,,,38.124,0.0,0,0.0,100.0,-1,0.0,,,,,,406,1.07,0.0,0.0
2026-07-09T11:03:18.071445,Raspberry_Relieve1,,,38.124,0.0,0,0.0,100.0,-1,0.0,,,,,,407,0.99,0.0,0.0
2026-07-09T11:03:19.071566,Raspberry_Relieve1,,,38.123,0.0,0,0.0,100.0,-1,0.0,,,,,,408,1.0,0.0,0.0
2026-07-09T11:03:20.071704,Raspberry_Relieve1,,,38.124,0.0,0,0.0,100.0,-1,0.0,,,,,,409,0.96,0.0,0.0
2026-07-09T11:03:21.071828,Raspberry_Relieve1,,,38.123,0.0,0,0.0,100.0,-1,0.0,,,,,,410,1.04,0.0,0.0
2026-07-09T11:03:22.071939,Raspberry_Relieve1,,,38.123,0.0,0,0.0,100.0,-1,0.0,,,,,,411,0.96,0.0,0.0
2026-07-09T11:03:23.072069,Raspberry_Relieve1,,,38.123,0.0,0,0.0,100.0,-1,0.0,,,,,,412,0.97,0.0,0.0
2026-07-09T11:03:24.072197,Raspberry_Relieve1,,,38.124,0.0,0,0.0,100.0,-1,0.0,,,,,,413,1.07,0.0,0.0
2026-07-09T11:03:25.072323,Raspberry_Relieve1,,,38.122,0.0,0,0.0,100.0,-1,0.0,,,,,,414,0.99,0.0,0.0
2026-07-09T11:03:26.072447,Raspberry_Relieve1,,,38.124,0.0,0,0.0,100.0,-1,0.0,,,,,,415,0.99,0.0,0.0
2026-07-09T11:03:27.072578,Raspberry_Relieve1,,,38.123,0.0,0,0.0,100.0,-1,0.0,,,,,,416,0.99,0.0,0.0
2026-07-09T11:03:28.072701,Raspberry_Relieve1,,,38.123,0.0,0,0.0,100.0,-1,0.0,,,,,,417,1.0,0.0,0.0
2026-07-09T11:03:29.072828,Raspberry_Relieve1,,,38.124,0.0,0,0.0,100.0,-1,0.0,,,,,,418,1.03,0.0,0.0
2026-07-09T11:03:30.072960,Raspberry_Relieve1,,,38.123,0.0,0,0.0,100.0,-1,0.0,,,,,,419,0.98,0.0,0.0
2026-07-09T11:03:31.073087,Raspberry_Relieve1,,,38.123,0.0,0,0.0,100.0,-1,0.0,,,,,,420,0.97,0.0,0.0
2026-07-09T11:03:32.073202,Raspberry_Relieve1,,,38.123,0.0,0,0.0,100.0,-1,0.0,,,,,,421,1.05,0.0,0.0
2026-07-09T11:03:33.073327,Raspberry_Relieve1,,,38.124,0.0,0,0.0,100.0,-1,0.0,,,,,,422,1.02,0.0,0.0
2026-07-09T11:03:34.073461,Raspberry_Relieve1,,,38.124,0.0,0,0.0,100.0,-1,0.0,,,,,,423,0.98,0.0,0.0
2026-07-09T11:03:35.073593,Raspberry_Relieve1,,,38.124,0.0,0,0.0,100.0,-1,0.0,,,,,,424,0.98,0.0,0.0
2026-07-09T11:03:36.073709,Raspberry_Relieve1,,,38.123,0.0,0,0.0,100.0,-1,0.0,,,,,,425,0.96,0.0,0.0
2026-07-09T11:03:37.073838,Raspberry_Relieve1,,,38.124,0.0,0,0.0,100.0,-1,0.0,,,,,,426,1.08,0.0,0.0
2026-07-09T11:03:38.073956,Raspberry_Relieve1,,,38.123,0.0,0,0.0,100.0,-1,0.0,,,,,,427,1.06,0.0,0.0
2026-07-09T11:03:39.074089,Raspberry_Relieve1,,,38.123,0.0,0,0.0,100.0,-1,0.0,,,,,,428,0.89,0.0,0.0
2026-07-09T11:03:40.074213,Raspberry_Relieve1,,,38.123,0.0,0,0.0,100.0,-1,0.0,,,,,,429,1.05,0.0,0.0
2026-07-09T11:03:41.074346,Raspberry_Relieve1,,,38.123,0.0,0,0.0,100.0,-1,0.0,,,,,,430,0.93,0.0,0.0
2026-07-09T11:03:42.074517,Raspberry_Relieve1,,,38.123,0.0,0,0.0,100.0,-1,0.0,,,,,,431,1.06,0.0,0.0
2026-07-09T11:03:43.074650,Raspberry_Relieve1,,,38.123,0.0,0,0.0,100.0,-1,0.0,,,,,,432,0.95,0.0,0.0
2026-07-09T11:03:44.074753,Raspberry_Relieve1,,,38.122,0.0,0,0.0,100.0,-1,0.0,,,,,,433,1.05,0.0,0.0
2026-07-09T11:03:45.074877,Raspberry_Relieve1,,,38.123,0.0,0,0.0,100.0,-1,0.0,,,,,,434,0.91,0.0,0.0
2026-07-09T11:03:46.074994,Raspberry_Relieve1,,,38.123,0.0,0,0.0,100.0,-1,0.0,,,,,,435,1.03,0.0,0.0
2026-07-09T11:03:47.075101,Raspberry_Relieve1,,,38.124,0.0,0,0.0,100.0,-1,0.0,,,,,,436,0.96,0.0,0.0
2026-07-09T11:03:48.075212,Raspberry_Relieve1,,,38.122,0.0,0,0.0,100.0,-1,0.0,,,,,,437,1.04,0.0,0.0
2026-07-09T11:03:49.075327,Raspberry_Relieve1,,,38.123,0.0,0,0.0,100.0,-1,0.0,,,,,,438,1.04,0.0,0.0
2026-07-09T11:03:50.075471,Raspberry_Relieve1,,,38.122,0.0,0,0.0,100.0,-1,0.0,,,,,,439,0.96,0.0,0.0
2026-07-09T11:03:51.075573,Raspberry_Relieve1,,,38.122,0.0,0,0.0,100.0,-1,0.0,,,,,,440,1.01,0.0,0.0
2026-07-09T11:03:52.075762,Raspberry_Relieve1,,,38.122,0.0,0,0.0,100.0,-1,0.0,,,,,,441,1.14,0.0,0.0
2026-07-09T11:03:53.075863,Raspberry_Relieve1,,,38.122,0.0,0,0.0,100.0,-1,0.0,,,,,,442,0.85,0.0,0.0
2026-07-09T11:03:54.076058,Raspberry_Relieve1,,,38.124,0.0,0,0.0,100.0,-1,0.0,,,,,,443,1.0,0.0,0.0
2026-07-09T11:03:55.076180,Raspberry_Relieve1,,,38.123,0.0,0,0.0,100.0,-1,0.0,,,,,,444,1.08,0.0,0.0
2026-07-09T11:03:56.076294,Raspberry_Relieve1,,,38.124,0.0,0,0.0,100.0,-1,0.0,,,,,,445,0.95,0.0,0.0
2026-07-09T11:03:57.076406,Raspberry_Relieve1,,,38.121,0.0,0,0.0,100.0,-1,0.0,,,,,,446,1.04,0.0,0.0
2026-07-09T11:03:58.076529,Raspberry_Relieve1,,,38.122,0.0,0,0.0,100.0,-1,0.0,,,,,,447,0.92,0.0,0.0
2026-07-09T11:03:59.076654,Raspberry_Relieve1,,,38.122,0.0,0,0.0,100.0,-1,0.0,,,,,,448,1.1,0.0,0.0
2026-07-09T11:04:00.076765,Raspberry_Relieve1,,,38.12,0.0,0,0.0,100.0,-1,0.0,,,,,,449,0.99,0.0,0.0
2026-07-09T11:04:01.076886,Raspberry_Relieve1,,,38.122,0.0,0,0.0,100.0,-1,0.0,,,,,,450,0.96,0.0,0.0
2026-07-09T11:04:02.077011,Raspberry_Relieve1,,,38.122,0.0,0,0.0,100.0,-1,0.0,,,,,,451,1.06,0.0,0.0
2026-07-09T11:04:03.077133,Raspberry_Relieve1,,,38.123,0.0,0,0.0,100.0,-1,0.0,,,,,,452,1.0,0.0,0.0
2026-07-09T11:04:04.077248,Raspberry_Relieve1,,,38.122,0.0,0,0.0,100.0,-1,0.0,,,,,,453,0.98,0.0,0.0
2026-07-09T11:04:05.077363,Raspberry_Relieve1,,,38.121,0.0,0,0.0,100.0,-1,0.0,,,,,,454,0.97,0.0,0.0
2026-07-09T11:04:06.077492,Raspberry_Relieve1,,,38.123,0.0,0,0.0,100.0,-1,0.0,,,,,,455,0.95,0.0,0.0
2026-07-09T11:04:07.077594,Raspberry_Relieve1,,,38.121,0.0,0,0.0,100.0,-1,0.0,,,,,,456,1.01,0.0,0.0
2026-07-09T11:04:08.077694,Raspberry_Relieve1,,,38.121,0.0,0,0.0,100.0,-1,0.0,,,,,,457,0.97,0.0,0.0
2026-07-09T11:04:09.077811,Raspberry_Relieve1,,,38.122,0.0,0,0.0,100.0,-1,0.0,,,,,,458,0.99,0.0,0.0
2026-07-09T11:04:10.077913,Raspberry_Relieve1,,,38.121,0.0,0,0.0,100.0,-1,0.0,,,,,,459,1.08,0.0,0.0
2026-07-09T11:04:11.078021,Raspberry_Relieve1,,,38.12,0.0,0,0.0,100.0,-1,0.0,,,,,,460,0.96,0.0,0.0
2026-07-09T11:04:12.078133,Raspberry_Relieve1,,,38.123,0.0,0,0.0,100.0,-1,0.0,,,,,,461,1.08,0.0,0.0
2026-07-09T11:05:09.076225,Raspberry_Relieve1,,,38.118,0.0,0,0.0,100.0,-1,0.0,,,,,,1091,629.91,0.0,0.0
2026-07-09T11:05:10.076375,Raspberry_Relieve1,,,38.118,0.0,0,0.0,100.0,-1,0.0,,,,,,1092,0.93,0.0,0.0
2026-07-09T11:05:11.076477,Raspberry_Relieve1,,,38.119,0.0,0,0.0,100.0,-1,0.0,,,,,,1093,0.85,0.0,0.0
2026-07-09T11:05:12.076543,Raspberry_Relieve1,,,38.106,0.0,0,0.0,100.0,-1,0.0,,,,,,1094,0.96,0.0,0.0
2026-07-09T11:05:13.076602,Raspberry_Relieve1,,,38.115,0.0,0,0.0,100.0,-1,0.0,,,,,,1095,0.95,0.0,0.0
2026-07-09T11:05:14.076684,Raspberry_Relieve1,,,38.117,0.0,0,0.0,100.0,-1,0.0,,,,,,1096,1.12,0.0,0.0
2026-07-09T11:05:15.076763,Raspberry_Relieve1,,,38.117,0.0,0,0.0,100.0,-1,0.0,,,,,,1097,0.9,0.0,0.0
2026-07-09T11:05:16.076840,Raspberry_Relieve1,,,38.119,0.0,0,0.0,100.0,-1,0.0,,,,,,1098,1.13,0.0,0.0
2026-07-09T11:05:17.076964,Raspberry_Relieve1,,,38.118,0.0,0,0.0,100.0,-1,0.0,,,,,,1099,0.97,0.0,0.0
2026-07-09T11:05:18.077069,Raspberry_Relieve1,,,38.119,0.0,0,0.0,100.0,-1,0.0,,,,,,1100,1.02,0.0,0.0
2026-07-09T11:05:19.077154,Raspberry_Relieve1,,,38.12,0.0,0,0.0,100.0,-1,0.0,,,,,,1101,0.88,0.0,0.0
2026-07-09T11:05:20.077280,Raspberry_Relieve1,,,38.119,0.0,0,0.0,100.0,-1,0.0,,,,,,1102,1.1,0.0,0.0
2026-07-09T11:05:21.077361,Raspberry_Relieve1,,,38.119,0.0,0,0.0,100.0,-1,0.0,,,,,,1103,0.94,0.0,0.0
2026-07-09T11:05:22.077424,Raspberry_Relieve1,,,38.119,0.0,0,0.0,100.0,-1,0.0,,,,,,1104,0.99,0.0,0.0
2026-07-09T11:05:23.077503,Raspberry_Relieve1,,,38.118,0.0,0,0.0,100.0,-1,0.0,,,,,,1105,1.08,0.0,0.0
2026-07-09T11:05:24.077582,Raspberry_Relieve1,,,38.118,0.0,0,0.0,100.0,-1,0.0,,,,,,1106,0.88,0.0,0.0
2026-07-09T11:05:25.077660,Raspberry_Relieve1,,,38.119,0.0,0,0.0,100.0,-1,0.0,,,,,,1107,1.05,0.0,0.0
2026-07-09T11:05:26.077780,Raspberry_Relieve1,,,38.119,0.0,0,0.0,100.0,-1,0.0,,,,,,1108,1.02,0.0,0.0
2026-07-09T11:05:27.077884,Raspberry_Relieve1,,,38.118,0.0,0,0.0,100.0,-1,0.0,,,,,,1109,1.07,0.0,0.0
2026-07-09T11:05:28.077993,Raspberry_Relieve1,,,38.119,0.0,0,0.0,100.0,-1,0.0,,,,,,1110,0.97,0.0,0.0
2026-07-09T11:05:29.078090,Raspberry_Relieve1,,,38.119,0.0,0,0.0,100.0,-1,0.0,,,,,,1111,0.91,0.0,0.0
2026-07-09T11:05:30.078184,Raspberry_Relieve1,,,38.116,0.0,0,0.0,100.0,-1,0.0,,,,,,1112,1.0,0.0,0.0
2026-07-09T11:05:31.078308,Raspberry_Relieve1,,,38.118,0.0,0,0.0,100.0,-1,0.0,,,,,,1113,1.07,0.0,0.0
2026-07-09T11:05:32.078414,Raspberry_Relieve1,,,38.119,0.0,0,0.0,100.0,-1,0.0,,,,,,1114,1.1,0.0,0.0
2026-07-09T11:05:33.078505,Raspberry_Relieve1,,,38.119,0.0,0,0.0,100.0,-1,0.0,,,,,,1115,0.87,0.0,0.0
2026-07-09T11:15:06.870197,Raspberry_Relieve1,,,38.119,0.0,0,0.0,100.0,-1,0.0,,,,,,1116,1.07,0.0,0.0
2026-07-09T11:15:07.870278,Raspberry_Relieve1,,,38.118,0.0,0,0.0,100.0,-1,0.0,,,,,,1117,1.04,0.0,0.0
2026-07-09T11:15:08.870376,Raspberry_Relieve1,,,38.119,0.0,0,0.0,100.0,-1,0.0,,,,,,1118,0.98,0.0,0.0
2026-07-09T11:15:09.870488,Raspberry_Relieve1,,,38.119,0.0,0,0.0,100.0,-1,0.0,,,,,,1119,0.94,0.0,0.0
2026-07-09T11:15:10.870601,Raspberry_Relieve1,,,38.12,0.0,0,0.0,100.0,-1,0.0,,,,,,1120,1.07,0.0,0.0
2026-07-09T11:15:11.870711,Raspberry_Relieve1,,,38.117,0.0,0,0.0,100.0,-1,0.0,,,,,,1121,1.02,0.0,0.0
2026-07-09T11:15:12.870808,Raspberry_Relieve1,,,38.119,0.0,0,0.0,100.0,-1,0.0,,,,,,1122,1.01,0.0,0.0
2026-07-09T11:15:13.870920,Raspberry_Relieve1,,,38.119,0.0,0,0.0,100.0,-1,0.0,,,,,,1123,0.93,0.0,0.0
2026-07-09T11:15:14.871020,Raspberry_Relieve1,,,38.119,0.0,0,0.0,100.0,-1,0.0,,,,,,1124,0.99,0.0,0.0
2026-07-09T11:15:15.871123,Raspberry_Relieve1,,,38.12,0.0,0,0.0,100.0,-1,0.0,,,,,,1125,1.02,0.0,0.0
2026-07-09T11:15:16.871232,Raspberry_Relieve1,,,38.119,0.0,0,0.0,100.0,-1,0.0,,,,,,1126,0.97,0.0,0.0
2026-07-09T11:15:17.871344,Raspberry_Relieve1,,,38.118,0.0,0,0.0,100.0,-1,0.0,,,,,,1127,1.03,0.0,0.0
2026-07-09T11:15:18.871438,Raspberry_Relieve1,,,38.117,0.0,0,0.0,100.0,-1,0.0,,,,,,1128,1.02,0.0,0.0
2026-07-09T11:15:19.871551,Raspberry_Relieve1,,,38.118,0.0,0,0.0,100.0,-1,0.0,,,,,,1129,0.98,0.0,0.0
2026-07-09T11:15:20.871637,Raspberry_Relieve1,,,38.117,0.0,0,0.0,100.0,-1,0.0,,,,,,1130,0.95,0.0,0.0
2026-07-09T11:15:21.871742,Raspberry_Relieve1,,,38.117,0.0,0,0.0,100.0,-1,0.0,,,,,,1131,1.05,0.0,0.0
2026-07-09T11:15:22.871863,Raspberry_Relieve1,,,38.119,0.0,0,0.0,100.0,-1,0.0,,,,,,1132,0.9,0.0,0.0
2026-07-09T11:15:23.871960,Raspberry_Relieve1,,,38.117,0.0,0,0.0,100.0,-1,0.0,,,,,,1133,1.06,0.0,0.0
2026-07-09T11:15:24.872074,Raspberry_Relieve1,,,38.118,0.0,0,0.0,100.0,-1,0.0,,,,,,1134,1.07,0.0,0.0
2026-07-09T11:15:25.872176,Raspberry_Relieve1,,,38.118,0.0,0,0.0,100.0,-1,0.0,,,,,,1135,0.85,0.0,0.0
2026-07-09T11:15:26.872299,Raspberry_Relieve1,,,38.118,0.0,0,0.0,100.0,-1,0.0,,,,,,1136,1.0,0.0,0.0
2026-07-09T11:15:27.872393,Raspberry_Relieve1,,,38.117,0.0,0,0.0,100.0,-1,0.0,,,,,,1137,1.05,0.0,0.0
2026-07-09T11:15:28.872494,Raspberry_Relieve1,,,38.117,0.0,0,0.0,100.0,-1,0.0,,,,,,1138,1.07,0.0,0.0
2026-07-09T11:15:29.872595,Raspberry_Relieve1,,,38.117,0.0,0,0.0,100.0,-1,0.0,,,,,,1139,0.91,0.0,0.0
2026-07-09T11:15:30.872754,Raspberry_Relieve1,,,38.118,0.0,0,0.0,100.0,-1,0.0,,,,,,1140,1.0,0.0,0.0
2026-07-09T11:15:31.872868,Raspberry_Relieve1,,,38.119,0.0,0,0.0,100.0,-1,0.0,,,,,,1141,0.99,0.0,0.0
2026-07-09T11:15:32.872970,Raspberry_Relieve1,,,38.119,0.0,0,0.0,100.0,-1,0.0,,,,,,1142,1.11,0.0,0.0
2026-07-09T11:15:33.873109,Raspberry_Relieve1,,,38.119,0.0,0,0.0,100.0,-1,0.0,,,,,,1143,0.91,0.0,0.0
2026-07-09T11:15:34.873214,Raspberry_Relieve1,,,38.119,0.0,0,0.0,100.0,-1,0.0,,,,,,1144,0.99,0.0,0.0
2026-07-09T11:15:35.873315,Raspberry_Relieve1,,,38.117,0.0,0,0.0,100.0,-1,0.0,,,,,,1145,1.09,0.0,0.0
2026-07-09T11:15:36.873422,Raspberry_Relieve1,,,38.118,0.0,0,0.0,100.0,-1,0.0,,,,,,1146,0.88,0.0,0.0
2026-07-09T11:15:37.873531,Raspberry_Relieve1,,,38.116,0.0,0,0.0,100.0,-1,0.0,,,,,,1147,1.09,0.0,0.0
2026-07-09T11:15:38.873636,Raspberry_Relieve1,,,38.117,0.0,0,0.0,100.0,-1,0.0,,,,,,1148,1.02,0.0,0.0
2026-07-09T11:15:39.873746,Raspberry_Relieve1,,,38.118,0.0,0,0.0,100.0,-1,0.0,,,,,,1149,0.91,0.0,0.0
2026-07-09T11:15:40.873856,Raspberry_Relieve1,,,38.117,0.0,0,0.0,100.0,-1,0.0,,,,,,1150,1.0,0.0,0.0
2026-07-09T11:15:41.873957,Raspberry_Relieve1,,,38.118,0.0,0,0.0,100.0,-1,0.0,,,,,,1151,1.01,0.0,0.0
2026-07-09T11:15:42.874058,Raspberry_Relieve1,,,38.118,0.0,0,0.0,100.0,-1,0.0,,,,,,1152,0.98,0.0,0.0
2026-07-09T11:15:43.874159,Raspberry_Relieve1,,,38.118,0.0,0,0.0,100.0,-1,0.0,,,,,,1153,1.11,0.0,0.0
2026-07-09T11:15:44.874258,Raspberry_Relieve1,,,38.119,0.0,0,0.0,100.0,-1,0.0,,,,,,1154,0.96,0.0,0.0
2026-07-09T11:15:45.874352,Raspberry_Relieve1,,,38.12,0.0,0,0.0,100.0,-1,0.0,,,,,,1155,1.06,0.0,0.0
2026-07-09T11:15:46.874449,Raspberry_Relieve1,,,38.118,0.0,0,0.0,100.0,-1,0.0,,,,,,1156,0.96,0.0,0.0
2026-07-09T11:15:47.874546,Raspberry_Relieve1,,,38.118,0.0,0,0.0,100.0,-1,0.0,,,,,,1157,1.04,0.0,0.0
2026-07-09T11:15:48.874643,Raspberry_Relieve1,,,38.119,0.0,0,0.0,100.0,-1,0.0,,,,,,1158,0.97,0.0,0.0
2026-07-09T11:15:49.874741,Raspberry_Relieve1,,,38.118,0.0,0,0.0,100.0,-1,0.0,,,,,,1159,0.97,0.0,0.0
2026-07-09T11:15:50.874861,Raspberry_Relieve1,,,38.118,0.0,0,0.0,100.0,-1,0.0,,,,,,1160,1.08,0.0,0.0
2026-07-09T11:15:51.874956,Raspberry_Relieve1,,,38.118,0.0,0,0.0,100.0,-1,0.0,,,,,,1161,0.9,0.0,0.0
2026-07-09T11:15:52.875066,Raspberry_Relieve1,,,38.118,0.0,0,0.0,100.0,-1,0.0,,,,,,1162,1.05,0.0,0.0
2026-07-09T11:15:53.875187,Raspberry_Relieve1,,,38.119,0.0,0,0.0,100.0,-1,0.0,,,,,,1163,0.95,0.0,0.0
2026-07-09T11:15:54.875297,Raspberry_Relieve1,,,38.117,0.0,0,0.0,100.0,-1,0.0,,,,,,1164,1.06,0.0,0.0
2026-07-09T11:15:55.875421,Raspberry_Relieve1,,,38.117,0.0,0,0.0,100.0,-1,0.0,,,,,,1165,1.05,0.0,0.0
2026-07-09T11:15:56.875530,Raspberry_Relieve1,,,38.117,0.0,0,0.0,100.0,-1,0.0,,,,,,1166,0.85,0.0,0.0
2026-07-09T11:15:57.875668,Raspberry_Relieve1,,,38.116,0.0,0,0.0,100.0,-1,0.0,,,,,,1167,1.12,0.0,0.0
2026-07-09T11:15:58.875768,Raspberry_Relieve1,,,38.116,0.0,0,0.0,100.0,-1,0.0,,,,,,1168,0.98,0.0,0.0
2026-07-09T11:15:59.875882,Raspberry_Relieve1,,,38.116,0.0,0,0.0,100.0,-1,0.0,,,,,,1169,0.97,0.0,0.0
2026-07-09T11:16:00.875988,Raspberry_Relieve1,,,38.117,0.0,0,0.0,100.0,-1,0.0,,,,,,1170,1.02,0.0,0.0
2026-07-09T11:16:01.876090,Raspberry_Relieve1,,,38.117,0.0,0,0.0,100.0,-1,0.0,,,,,,1171,0.98,0.0,0.0
2026-07-09T11:16:02.876215,Raspberry_Relieve1,,,38.116,0.0,0,0.0,100.0,-1,0.0,,,,,,1172,1.03,0.0,0.0
2026-07-09T11:16:03.876355,Raspberry_Relieve1,,,38.117,0.0,0,0.0,100.0,-1,0.0,,,,,,1173,0.92,0.0,0.0
2026-07-09T11:16:04.876469,Raspberry_Relieve1,,,38.117,0.0,0,0.0,100.0,-1,0.0,,,,,,1174,0.96,0.0,0.0
2026-07-09T11:16:05.876587,Raspberry_Relieve1,,,38.116,0.0,0,0.0,100.0,-1,0.0,,,,,,1175,1.09,0.0,0.0
2026-07-09T11:16:06.876746,Raspberry_Relieve1,,,38.117,0.0,0,0.0,100.0,-1,0.0,,,,,,1176,0.92,0.0,0.0
2026-07-09T11:16:07.876857,Raspberry_Relieve1,,,38.117,0.0,0,0.0,100.0,-1,0.0,,,,,,1177,1.0,0.0,0.0
2026-07-09T11:16:08.876996,Raspberry_Relieve1,,,38.116,0.0,0,0.0,100.0,-1,0.0,,,,,,1178,1.01,0.0,0.0
2026-07-09T11:16:09.877141,Raspberry_Relieve1,,,38.116,0.0,0,0.0,100.0,-1,0.0,,,,,,1179,1.07,0.0,0.0
2026-07-09T11:16:10.877308,Raspberry_Relieve1,,,38.116,0.0,0,0.0,100.0,-1,0.0,,,,,,1180,0.95,0.0,0.0
2026-07-09T11:16:11.877426,Raspberry_Relieve1,,,38.116,0.0,0,0.0,100.0,-1,0.0,,,,,,1181,1.07,0.0,0.0
2026-07-09T11:16:12.877535,Raspberry_Relieve1,,,38.117,0.0,0,0.0,100.0,-1,0.0,,,,,,1182,0.9,0.0,0.0
2026-07-09T11:16:13.877653,Raspberry_Relieve1,,,38.117,0.0,0,0.0,100.0,-1,0.0,,,,,,1183,1.08,0.0,0.0
2026-07-09T11:16:14.877769,Raspberry_Relieve1,,,38.116,0.0,0,0.0,100.0,-1,0.0,,,,,,1184,1.03,0.0,0.0
2026-07-09T11:16:15.877896,Raspberry_Relieve1,,,38.117,0.0,0,0.0,100.0,-1,0.0,,,,,,1185,1.07,0.0,0.0
2026-07-09T11:16:16.878014,Raspberry_Relieve1,,,38.117,0.0,0,0.0,100.0,-1,0.0,,,,,,1186,0.89,0.0,0.0
2026-07-09T11:16:17.878126,Raspberry_Relieve1,,,38.118,0.0,0,0.0,100.0,-1,0.0,,,,,,1187,1.01,0.0,0.0
2026-07-09T11:16:18.878256,Raspberry_Relieve1,,,38.118,0.0,0,0.0,100.0,-1,0.0,,,,,,1188,0.93,0.0,0.0
2026-07-09T11:16:19.878371,Raspberry_Relieve1,,,38.117,0.0,0,0.0,100.0,-1,0.0,,,,,,1189,1.14,0.0,0.0
2026-07-09T11:16:20.878488,Raspberry_Relieve1,,,38.117,0.0,0,0.0,100.0,-1,0.0,,,,,,1190,0.86,0.0,0.0
2026-07-09T11:16:21.878634,Raspberry_Relieve1,,,38.117,0.0,0,0.0,100.0,-1,0.0,,,,,,1191,1.14,0.0,0.0
2026-07-09T11:16:22.878744,Raspberry_Relieve1,,,38.116,0.0,0,0.0,100.0,-1,0.0,,,,,,1192,0.95,0.0,0.0
2026-07-09T11:16:23.878917,Raspberry_Relieve1,,,38.116,0.0,0,0.0,100.0,-1,0.0,,,,,,1193,0.97,0.0,0.0
2026-07-09T11:16:24.879047,Raspberry_Relieve1,,,38.116,0.0,0,0.0,100.0,-1,0.0,,,,,,1194,1.04,0.0,0.0
2026-07-09T11:16:25.879165,Raspberry_Relieve1,,,38.115,0.0,0,0.0,100.0,-1,0.0,,,,,,1195,0.9,0.0,0.0
2026-07-09T11:16:26.879325,Raspberry_Relieve1,,,38.116,0.0,0,0.0,100.0,-1,0.0,,,,,,1196,1.09,0.0,0.0
2026-07-09T11:16:27.879501,Raspberry_Relieve1,,,38.117,0.0,0,0.0,100.0,-1,0.0,,,,,,1197,0.92,0.0,0.0
2026-07-09T11:16:28.879624,Raspberry_Relieve1,,,38.116,0.0,0,0.0,100.0,-1,0.0,,,,,,1198,1.08,0.0,0.0
2026-07-09T11:16:29.879743,Raspberry_Relieve1,,,38.116,0.0,0,0.0,100.0,-1,0.0,,,,,,1199,1.0,0.0,0.0
2026-07-09T11:16:30.879858,Raspberry_Relieve1,,,38.115,0.0,0,0.0,100.0,-1,0.0,,,,,,1200,0.97,0.0,0.0
2026-07-09T11:16:31.879980,Raspberry_Relieve1,,,38.116,0.0,0,0.0,100.0,-1,0.0,,,,,,1201,1.08,0.0,0.0
2026-07-09T11:16:32.880142,Raspberry_Relieve1,,,38.116,0.0,0,0.0,100.0,-1,0.0,,,,,,1202,0.83,0.0,0.0
2026-07-09T11:16:33.880268,Raspberry_Relieve1,,,38.115,0.0,0,0.0,100.0,-1,0.0,,,,,,1203,1.03,0.0,0.0
2026-07-09T11:16:34.880392,Raspberry_Relieve1,,,38.116,0.0,0,0.0,100.0,-1,0.0,,,,,,1204,1.1,0.0,0.0
2026-07-09T11:16:35.880510,Raspberry_Relieve1,,,38.116,0.0,0,0.0,100.0,-1,0.0,,,,,,1205,0.94,0.0,0.0
2026-07-09T11:16:36.880642,Raspberry_Relieve1,,,38.116,0.0,0,0.0,100.0,-1,0.0,,,,,,1206,1.01,0.0,0.0
2026-07-09T11:16:37.880778,Raspberry_Relieve1,,,38.116,0.0,0,0.0,100.0,-1,0.0,,,,,,1207,0.91,0.0,0.0
2026-07-09T11:16:38.880918,Raspberry_Relieve1,,,38.114,0.0,0,0.0,100.0,-1,0.0,,,,,,1208,1.0,0.0,0.0
2026-07-09T11:16:39.881043,Raspberry_Relieve1,,,38.116,0.0,0,0.0,100.0,-1,0.0,,,,,,1209,1.13,0.0,0.0
2026-07-09T11:16:40.881178,Raspberry_Relieve1,,,38.117,0.0,0,0.0,100.0,-1,0.0,,,,,,1210,0.96,0.0,0.0
2026-07-09T11:16:41.881289,Raspberry_Relieve1,,,38.116,0.0,0,0.0,100.0,-1,0.0,,,,,,1211,1.01,0.0,0.0
2026-07-09T11:16:42.881412,Raspberry_Relieve1,,,38.118,0.0,0,0.0,100.0,-1,0.0,,,,,,1212,0.98,0.0,0.0
2026-07-09T11:16:43.881538,Raspberry_Relieve1,,,38.116,0.0,0,0.0,100.0,-1,0.0,,,,,,1213,0.99,0.0,0.0
2026-07-09T11:16:44.881673,Raspberry_Relieve1,,,38.117,0.0,0,0.0,100.0,-1,0.0,,,,,,1214,1.05,0.0,0.0
2026-07-09T11:16:45.881801,Raspberry_Relieve1,,,38.117,0.0,0,0.0,100.0,-1,0.0,,,,,,1215,0.92,0.0,0.0
2026-07-09T11:16:46.881923,Raspberry_Relieve1,,,38.117,0.0,0,0.0,100.0,-1,0.0,,,,,,1216,1.03,0.0,0.0
2026-07-09T11:16:47.882067,Raspberry_Relieve1,,,38.117,0.0,0,0.0,100.0,-1,0.0,,,,,,1217,0.95,0.0,0.0
2026-07-09T11:16:48.882238,Raspberry_Relieve1,,,38.115,0.0,0,0.0,100.0,-1,0.0,,,,,,1218,1.08,0.0,0.0
2026-07-09T11:16:49.882367,Raspberry_Relieve1,,,38.115,0.0,0,0.0,100.0,-1,0.0,,,,,,1219,1.04,0.0,0.0
2026-07-09T11:16:50.882536,Raspberry_Relieve1,,,38.116,0.0,0,0.0,100.0,-1,0.0,,,,,,1220,0.88,0.0,0.0
2026-07-09T11:16:51.882715,Raspberry_Relieve1,,,38.115,0.0,0,0.0,100.0,-1,0.0,,,,,,1221,1.1,0.0,0.0
2026-07-09T11:16:52.882888,Raspberry_Relieve1,,,38.118,0.0,0,0.0,100.0,-1,0.0,,,,,,1222,0.99,0.0,0.0
2026-07-09T11:16:53.883042,Raspberry_Relieve1,,,38.116,0.0,0,0.0,100.0,-1,0.0,,,,,,1223,0.93,0.0,0.0
2026-07-09T11:16:54.883213,Raspberry_Relieve1,,,38.116,0.0,0,0.0,100.0,-1,0.0,,,,,,1224,1.04,0.0,0.0
2026-07-09T11:16:55.883373,Raspberry_Relieve1,,,38.117,0.0,0,0.0,100.0,-1,0.0,,,,,,1225,0.99,0.0,0.0
2026-07-09T11:16:56.883548,Raspberry_Relieve1,,,38.117,0.0,0,0.0,100.0,-1,0.0,,,,,,1226,1.04,0.0,0.0
2026-07-09T11:16:57.883670,Raspberry_Relieve1,,,38.116,0.0,0,0.0,100.0,-1,0.0,,,,,,1227,0.93,0.0,0.0
2026-07-09T11:16:58.883814,Raspberry_Relieve1,,,38.115,0.0,0,0.0,100.0,-1,0.0,,,,,,1228,1.09,0.0,0.0
2026-07-09T11:16:59.883954,Raspberry_Relieve1,,,38.116,0.0,0,0.0,100.0,-1,0.0,,,,,,1229,0.97,0.0,0.0
2026-07-09T11:17:00.884125,Raspberry_Relieve1,,,38.117,0.0,0,0.0,100.0,-1,0.0,,,,,,1230,1.01,0.0,0.0
2026-07-09T11:17:01.884262,Raspberry_Relieve1,,,38.116,0.0,0,0.0,100.0,-1,0.0,,,,,,1231,1.02,0.0,0.0
2026-07-09T11:17:02.884466,Raspberry_Relieve1,,,38.117,0.0,0,0.0,100.0,-1,0.0,,,,,,1232,0.9,0.0,0.0
2026-07-09T11:17:03.884621,Raspberry_Relieve1,,,38.116,0.0,0,0.0,100.0,-1,0.0,,,,,,1233,1.13,0.0,0.0
2026-07-09T11:17:04.884746,Raspberry_Relieve1,,,38.116,0.0,0,0.0,100.0,-1,0.0,,,,,,1234,0.96,0.0,0.0
2026-07-09T11:17:05.884888,Raspberry_Relieve1,,,38.116,0.0,0,0.0,100.0,-1,0.0,,,,,,1235,0.99,0.0,0.0
2026-07-09T11:17:06.885098,Raspberry_Relieve1,,,38.115,0.0,0,0.0,100.0,-1,0.0,,,,,,1236,0.97,0.0,0.0
2026-07-09T11:17:07.885252,Raspberry_Relieve1,,,38.115,0.0,0,0.0,100.0,-1,0.0,,,,,,1237,0.96,0.0,0.0
2026-07-09T11:17:08.885451,Raspberry_Relieve1,,,38.115,0.0,0,0.0,100.0,-1,0.0,,,,,,1238,1.06,0.0,0.0
2026-07-09T11:17:09.885640,Raspberry_Relieve1,,,38.114,0.0,0,0.0,100.0,-1,0.0,,,,,,1239,1.02,0.0,0.0
2026-07-09T11:17:10.885758,Raspberry_Relieve1,,,38.113,0.0,0,0.0,100.0,-1,0.0,,,,,,1240,1.01,0.0,0.0
2026-07-09T11:17:11.885869,Raspberry_Relieve1,,,38.115,0.0,0,0.0,100.0,-1,0.0,,,,,,1241,0.95,0.0,0.0
2026-07-09T11:17:12.886045,Raspberry_Relieve1,,,38.115,0.0,0,0.0,100.0,-1,0.0,,,,,,1242,1.04,0.0,0.0
2026-07-09T11:17:13.886166,Raspberry_Relieve1,,,38.115,0.0,0,0.0,100.0,-1,0.0,,,,,,1243,0.95,0.0,0.0
2026-07-09T11:17:14.886281,Raspberry_Relieve1,,,38.114,0.0,0,0.0,100.0,-1,0.0,,,,,,1244,1.1,0.0,0.0
2026-07-09T11:17:15.886393,Raspberry_Relieve1,,,38.114,0.0,0,0.0,100.0,-1,0.0,,,,,,1245,0.93,0.0,0.0
2026-07-09T11:17:16.886511,Raspberry_Relieve1,,,38.114,0.0,0,0.0,100.0,-1,0.0,,,,,,1246,0.97,0.0,0.0
2026-07-09T11:17:17.886641,Raspberry_Relieve1,,,38.114,0.0,0,0.0,100.0,-1,0.0,,,,,,1247,1.06,0.0,0.0
2026-07-09T11:17:18.886758,Raspberry_Relieve1,,,38.116,0.0,0,0.0,100.0,-1,0.0,,,,,,1248,0.89,0.0,0.0
2026-07-09T11:17:19.886882,Raspberry_Relieve1,,,38.117,0.0,0,0.0,100.0,-1,0.0,,,,,,1249,1.1,0.0,0.0
2026-07-09T11:17:20.887004,Raspberry_Relieve1,,,38.115,0.0,0,0.0,100.0,-1,0.0,,,,,,1250,0.96,0.0,0.0
2026-07-09T11:17:21.887117,Raspberry_Relieve1,,,38.115,0.0,0,0.0,100.0,-1,0.0,,,,,,1251,0.96,0.0,0.0
2026-07-09T11:17:22.887238,Raspberry_Relieve1,,,38.116,0.0,0,0.0,100.0,-1,0.0,,,,,,1252,1.0,0.0,0.0
2026-07-09T11:17:23.887403,Raspberry_Relieve1,,,38.115,0.0,0,0.0,100.0,-1,0.0,,,,,,1253,1.08,0.0,0.0
2026-07-09T11:17:24.887523,Raspberry_Relieve1,,,38.113,0.0,0,0.0,100.0,-1,0.0,,,,,,1254,0.94,0.0,0.0
2026-07-09T11:17:25.887647,Raspberry_Relieve1,,,38.112,0.0,0,0.0,100.0,-1,0.0,,,,,,1255,0.98,0.0,0.0
2026-07-09T11:17:26.887752,Raspberry_Relieve1,,,38.115,0.0,0,0.0,100.0,-1,0.0,,,,,,1256,1.09,0.0,0.0
2026-07-09T11:17:27.887877,Raspberry_Relieve1,,,38.115,0.0,0,0.0,100.0,-1,0.0,,,,,,1257,1.02,0.0,0.0
2026-07-09T11:17:28.887999,Raspberry_Relieve1,,,38.115,0.0,0,0.0,100.0,-1,0.0,,,,,,1258,1.0,0.0,0.0
2026-07-09T11:17:29.888117,Raspberry_Relieve1,,,38.113,0.0,0,0.0,100.0,-1,0.0,,,,,,1259,0.89,0.0,0.0
2026-07-09T11:17:30.888230,Raspberry_Relieve1,,,38.115,0.0,0,0.0,100.0,-1,0.0,,,,,,1260,0.99,0.0,0.0
2026-07-09T11:17:31.888347,Raspberry_Relieve1,,,38.115,0.0,0,0.0,100.0,-1,0.0,,,,,,1261,1.01,0.0,0.0
2026-07-09T11:17:32.888451,Raspberry_Relieve1,,,38.115,0.0,0,0.0,100.0,-1,0.0,,,,,,1262,1.04,0.0,0.0
2026-07-09T11:17:33.888578,Raspberry_Relieve1,,,38.115,0.0,0,0.0,100.0,-1,0.0,,,,,,1263,0.97,0.0,0.0
2026-07-09T11:17:34.888748,Raspberry_Relieve1,,,38.115,0.0,0,0.0,100.0,-1,0.0,,,,,,1264,1.04,0.0,0.0
2026-07-09T11:17:35.888860,Raspberry_Relieve1,,,38.115,0.0,0,0.0,100.0,-1,0.0,,,,,,1265,1.1,0.0,0.0
2026-07-09T11:17:36.888977,Raspberry_Relieve1,,,38.115,0.0,0,0.0,100.0,-1,0.0,,,,,,1266,0.84,0.0,0.0
2026-07-09T11:17:37.889107,Raspberry_Relieve1,,,38.114,0.0,0,0.0,100.0,-1,0.0,,,,,,1267,1.15,0.0,0.0
2026-07-09T11:17:38.889282,Raspberry_Relieve1,,,38.114,0.0,0,0.0,100.0,-1,0.0,,,,,,1268,0.95,0.0,0.0
2026-07-09T11:17:39.889432,Raspberry_Relieve1,,,38.112,0.0,0,0.0,100.0,-1,0.0,,,,,,1269,0.89,0.0,0.0
2026-07-09T11:17:40.889607,Raspberry_Relieve1,,,38.112,0.0,0,0.0,100.0,-1,0.0,,,,,,1270,1.1,0.0,0.0
2026-07-09T11:17:41.889712,Raspberry_Relieve1,,,38.113,0.0,0,0.0,100.0,-1,0.0,,,,,,1271,1.03,0.0,0.0
2026-07-09T11:17:42.889817,Raspberry_Relieve1,,,38.111,0.0,0,0.0,100.0,-1,0.0,,,,,,1272,0.95,0.0,0.0
2026-07-09T11:17:43.889925,Raspberry_Relieve1,,,38.113,0.0,0,0.0,100.0,-1,0.0,,,,,,1273,0.99,0.0,0.0
2026-07-09T11:17:44.890031,Raspberry_Relieve1,,,38.113,0.0,0,0.0,100.0,-1,0.0,,,,,,1274,0.99,0.0,0.0
2026-07-09T11:17:45.890137,Raspberry_Relieve1,,,38.113,0.0,0,0.0,100.0,-1,0.0,,,,,,1275,0.96,0.0,0.0
2026-07-09T11:17:46.890254,Raspberry_Relieve1,,,38.113,0.0,0,0.0,100.0,-1,0.0,,,,,,1276,1.07,0.0,0.0
2026-07-09T11:17:47.890391,Raspberry_Relieve1,,,38.114,0.0,0,0.0,100.0,-1,0.0,,,,,,1277,1.01,0.0,0.0
2026-07-09T11:17:48.890513,Raspberry_Relieve1,,,38.112,0.0,0,0.0,100.0,-1,0.0,,,,,,1278,0.95,0.0,0.0
2026-07-09T11:17:49.890628,Raspberry_Relieve1,,,38.112,0.0,0,0.0,100.0,-1,0.0,,,,,,1279,0.96,0.0,0.0
2026-07-09T11:17:50.890750,Raspberry_Relieve1,,,38.112,0.0,0,0.0,100.0,-1,0.0,,,,,,1280,1.05,0.0,0.0
2026-07-09T11:17:51.890873,Raspberry_Relieve1,,,38.114,0.0,0,0.0,100.0,-1,0.0,,,,,,1281,0.97,0.0,0.0
2026-07-09T11:17:52.890986,Raspberry_Relieve1,,,38.113,0.0,0,0.0,100.0,-1,0.0,,,,,,1282,1.07,0.0,0.0
2026-07-09T11:17:53.891172,Raspberry_Relieve1,,,38.113,0.0,0,0.0,100.0,-1,0.0,,,,,,1283,1.0,0.0,0.0
2026-07-09T11:17:54.891292,Raspberry_Relieve1,,,38.112,0.0,0,0.0,100.0,-1,0.0,,,,,,1284,1.04,0.0,0.0
2026-07-09T11:17:55.891407,Raspberry_Relieve1,,,38.113,0.0,0,0.0,100.0,-1,0.0,,,,,,1285,0.88,0.0,0.0
2026-07-09T11:17:56.891510,Raspberry_Relieve1,,,38.113,0.0,0,0.0,100.0,-1,0.0,,,,,,1286,0.99,0.0,0.0
2026-07-09T11:17:57.891627,Raspberry_Relieve1,,,38.113,0.0,0,0.0,100.0,-1,0.0,,,,,,1287,1.09,0.0,0.0
2026-07-09T11:17:58.891834,Raspberry_Relieve1,,,38.114,0.0,0,0.0,100.0,-1,0.0,,,,,,1288,0.99,0.0,0.0
2026-07-09T11:17:59.891941,Raspberry_Relieve1,,,38.113,0.0,0,0.0,100.0,-1,0.0,,,,,,1289,0.99,0.0,0.0
2026-07-09T11:18:00.892052,Raspberry_Relieve1,,,38.113,0.0,0,0.0,100.0,-1,0.0,,,,,,1290,1.22,0.0,0.0
2026-07-09T11:18:01.892257,Raspberry_Relieve1,,,38.113,0.0,0,0.0,100.0,-1,0.0,,,,,,1291,0.83,0.0,0.0
2026-07-09T11:18:02.892378,Raspberry_Relieve1,,,38.109,0.0,0,0.0,100.0,-1,0.0,,,,,,1292,0.91,0.0,0.0
2026-07-09T11:18:03.892591,Raspberry_Relieve1,,,38.112,0.0,0,0.0,100.0,-1,0.0,,,,,,1293,1.04,0.0,0.0
2026-07-09T11:18:04.892729,Raspberry_Relieve1,,,38.11,0.0,0,0.0,100.0,-1,0.0,,,,,,1294,1.05,0.0,0.0
2026-07-09T11:18:05.892843,Raspberry_Relieve1,,,38.113,0.0,0,0.0,100.0,-1,0.0,,,,,,1295,1.02,0.0,0.0
2026-07-09T11:18:06.892951,Raspberry_Relieve1,,,38.112,0.0,0,0.0,100.0,-1,0.0,,,,,,1296,0.89,0.0,0.0
2026-07-09T11:18:07.893068,Raspberry_Relieve1,,,38.113,0.0,0,0.0,100.0,-1,0.0,,,,,,1297,1.07,0.0,0.0
2026-07-09T11:18:08.893278,Raspberry_Relieve1,,,38.114,0.0,0,0.0,100.0,-1,0.0,,,,,,1298,0.91,0.0,0.0
2026-07-09T11:18:09.893456,Raspberry_Relieve1,,,38.11,0.0,0,0.0,100.0,-1,0.0,,,,,,1299,1.0,0.0,0.0
2026-07-09T11:18:10.893669,Raspberry_Relieve1,,,38.114,0.0,0,0.0,100.0,-1,0.0,,,,,,1300,1.09,0.0,0.0
2026-07-09T11:18:11.893879,Raspberry_Relieve1,,,38.111,0.0,0,0.0,100.0,-1,0.0,,,,,,1301,1.05,0.0,0.0
2026-07-09T11:18:12.894090,Raspberry_Relieve1,,,38.111,0.0,0,0.0,100.0,-1,0.0,,,,,,1302,0.9,0.0,0.0
2026-07-09T11:18:13.894207,Raspberry_Relieve1,,,38.11,0.0,0,0.0,100.0,-1,0.0,,,,,,1303,0.99,0.0,0.0
2026-07-09T11:18:14.894319,Raspberry_Relieve1,,,38.113,0.0,0,0.0,100.0,-1,0.0,,,,,,1304,0.98,0.0,0.0
2026-07-09T11:18:15.894422,Raspberry_Relieve1,,,38.111,0.0,0,0.0,100.0,-1,0.0,,,,,,1305,1.19,0.0,0.0
2026-07-09T11:18:16.894524,Raspberry_Relieve1,,,38.112,0.0,0,0.0,100.0,-1,0.0,,,,,,1306,0.86,0.0,0.0
2026-07-09T11:18:17.894639,Raspberry_Relieve1,,,38.111,0.0,0,0.0,100.0,-1,0.0,,,,,,1307,1.05,0.0,0.0
2026-07-09T11:18:18.894737,Raspberry_Relieve1,,,38.112,0.0,0,0.0,100.0,-1,0.0,,,,,,1308,1.01,0.0,0.0
2026-07-09T11:18:19.894933,Raspberry_Relieve1,,,38.112,0.0,0,0.0,100.0,-1,0.0,,,,,,1309,0.97,0.0,0.0
2026-07-09T11:18:20.895049,Raspberry_Relieve1,,,38.113,0.0,0,0.0,100.0,-1,0.0,,,,,,1310,0.95,0.0,0.0
2026-07-09T11:18:21.895162,Raspberry_Relieve1,,,38.111,0.0,0,0.0,100.0,-1,0.0,,,,,,1311,1.05,0.0,0.0
2026-07-09T11:18:22.895315,Raspberry_Relieve1,,,38.112,0.0,0,0.0,100.0,-1,0.0,,,,,,1312,1.02,0.0,0.0
2026-07-09T11:18:23.895470,Raspberry_Relieve1,,,38.111,0.0,0,0.0,100.0,-1,0.0,,,,,,1313,0.9,0.0,0.0
2026-07-09T11:18:24.895574,Raspberry_Relieve1,,,38.112,0.0,0,0.0,100.0,-1,0.0,,,,,,1314,1.05,0.0,0.0
2026-07-09T11:18:25.895697,Raspberry_Relieve1,,,38.111,0.0,0,0.0,100.0,-1,0.0,,,,,,1315,0.95,0.0,0.0
2026-07-09T11:18:26.895820,Raspberry_Relieve1,,,38.112,0.0,0,0.0,100.0,-1,0.0,,,,,,1316,1.0,0.0,0.0
2026-07-09T11:18:27.895926,Raspberry_Relieve1,,,38.113,0.0,0,0.0,100.0,-1,0.0,,,,,,1317,1.06,0.0,0.0
2026-07-09T11:18:28.896088,Raspberry_Relieve1,,,38.113,0.0,0,0.0,100.0,-1,0.0,,,,,,1318,0.98,0.0,0.0
2026-07-09T11:18:29.896253,Raspberry_Relieve1,,,38.113,0.0,0,0.0,100.0,-1,0.0,,,,,,1319,0.98,0.0,0.0
2026-07-09T11:18:30.896374,Raspberry_Relieve1,,,38.113,0.0,0,0.0,100.0,-1,0.0,,,,,,1320,1.03,0.0,0.0
2026-07-09T11:18:31.896541,Raspberry_Relieve1,,,38.113,0.0,0,0.0,100.0,-1,0.0,,,,,,1321,1.03,0.0,0.0
2026-07-09T11:18:32.896752,Raspberry_Relieve1,,,38.112,0.0,0,0.0,100.0,-1,0.0,,,,,,1322,0.9,0.0,0.0
2026-07-09T11:18:33.896872,Raspberry_Relieve1,,,38.112,0.0,0,0.0,100.0,-1,0.0,,,,,,1323,1.09,0.0,0.0
2026-07-09T11:18:34.896976,Raspberry_Relieve1,,,38.112,0.0,0,0.0,100.0,-1,0.0,,,,,,1324,0.99,0.0,0.0
2026-07-09T11:18:35.897090,Raspberry_Relieve1,,,38.111,0.0,0,0.0,100.0,-1,0.0,,,,,,1325,1.02,0.0,0.0
2026-07-09T11:18:36.897197,Raspberry_Relieve1,,,38.112,0.0,0,0.0,100.0,-1,0.0,,,,,,1326,0.92,0.0,0.0
2026-07-09T11:18:37.897352,Raspberry_Relieve1,,,38.11,0.0,0,0.0,100.0,-1,0.0,,,,,,1327,1.09,0.0,0.0
2026-07-09T11:18:38.897465,Raspberry_Relieve1,,,38.111,0.0,0,0.0,100.0,-1,0.0,,,,,,1328,1.03,0.0,0.0
2026-07-09T11:18:39.897595,Raspberry_Relieve1,,,38.111,0.0,0,0.0,100.0,-1,0.0,,,,,,1329,0.92,0.0,0.0
2026-07-09T11:18:40.897688,Raspberry_Relieve1,,,38.111,0.0,0,0.0,100.0,-1,0.0,,,,,,1330,1.07,0.0,0.0
2026-07-09T11:18:41.897802,Raspberry_Relieve1,,,38.112,0.0,0,0.0,100.0,-1,0.0,,,,,,1331,0.91,0.0,0.0
2026-07-09T11:18:42.897913,Raspberry_Relieve1,,,38.11,0.0,0,0.0,100.0,-1,0.0,,,,,,1332,1.02,0.0,0.0
2026-07-09T11:18:43.898014,Raspberry_Relieve1,,,38.109,0.0,0,0.0,100.0,-1,0.0,,,,,,1333,1.06,0.0,0.0
2026-07-09T11:18:44.898124,Raspberry_Relieve1,,,38.111,0.0,0,0.0,100.0,-1,0.0,,,,,,1334,0.98,0.0,0.0
2026-07-09T11:18:45.898240,Raspberry_Relieve1,,,38.108,0.0,0,0.0,100.0,-1,0.0,,,,,,1335,0.9,0.0,0.0
2026-07-09T11:18:46.898351,Raspberry_Relieve1,,,38.109,0.0,0,0.0,100.0,-1,0.0,,,,,,1336,1.19,0.0,0.0
2026-07-09T11:18:47.898456,Raspberry_Relieve1,,,38.11,0.0,0,0.0,100.0,-1,0.0,,,,,,1337,0.96,0.0,0.0
2026-07-09T11:18:48.898569,Raspberry_Relieve1,,,38.11,0.0,0,0.0,100.0,-1,0.0,,,,,,1338,0.96,0.0,0.0
2026-07-09T11:18:49.898677,Raspberry_Relieve1,,,38.111,0.0,0,0.0,100.0,-1,0.0,,,,,,1339,0.92,0.0,0.0
2026-07-09T11:18:50.898799,Raspberry_Relieve1,,,38.11,0.0,0,0.0,100.0,-1,0.0,,,,,,1340,1.1,0.0,0.0
2026-07-09T11:18:51.898905,Raspberry_Relieve1,,,38.11,0.0,0,0.0,100.0,-1,0.0,,,,,,1341,0.94,0.0,0.0
2026-07-09T11:18:52.899000,Raspberry_Relieve1,,,38.11,0.0,0,0.0,100.0,-1,0.0,,,,,,1342,1.03,0.0,0.0
2026-07-09T11:18:53.899094,Raspberry_Relieve1,,,38.11,0.0,0,0.0,100.0,-1,0.0,,,,,,1343,1.0,0.0,0.0
2026-07-09T11:18:54.899206,Raspberry_Relieve1,,,38.112,0.0,0,0.0,100.0,-1,0.0,,,,,,1344,0.98,0.0,0.0
2026-07-09T11:18:55.899304,Raspberry_Relieve1,,,38.112,0.0,0,0.0,100.0,-1,0.0,,,,,,1345,0.96,0.0,0.0
2026-07-09T11:18:56.899400,Raspberry_Relieve1,,,38.11,0.0,0,0.0,100.0,-1,0.0,,,,,,1346,0.96,0.0,0.0
2026-07-09T11:18:57.899574,Raspberry_Relieve1,,,38.111,0.0,0,0.0,100.0,-1,0.0,,,,,,1347,1.15,0.0,0.0
2026-07-09T11:18:58.899731,Raspberry_Relieve1,,,38.11,0.0,0,0.0,100.0,-1,0.0,,,,,,1348,0.89,0.0,0.0
2026-07-09T11:18:59.899878,Raspberry_Relieve1,,,38.109,0.0,0,0.0,100.0,-1,0.0,,,,,,1349,1.01,0.0,0.0
2026-07-09T11:19:00.899970,Raspberry_Relieve1,,,38.109,0.0,0,0.0,100.0,-1,0.0,,,,,,1350,1.03,0.0,0.0
2026-07-09T11:19:01.900075,Raspberry_Relieve1,,,38.109,0.0,0,0.0,100.0,-1,0.0,,,,,,1351,1.0,0.0,0.0
2026-07-09T11:19:02.900188,Raspberry_Relieve1,,,38.109,0.0,0,0.0,100.0,-1,0.0,,,,,,1352,0.99,0.0,0.0
2026-07-09T11:19:03.900344,Raspberry_Relieve1,,,38.111,0.0,0,0.0,100.0,-1,0.0,,,,,,1353,0.97,0.0,0.0
2026-07-09T11:19:04.900492,Raspberry_Relieve1,,,38.11,0.0,0,0.0,100.0,-1,0.0,,,,,,1354,1.05,0.0,0.0
2026-07-09T11:19:05.900599,Raspberry_Relieve1,,,38.109,0.0,0,0.0,100.0,-1,0.0,,,,,,1355,1.01,0.0,0.0
2026-07-09T11:19:06.900751,Raspberry_Relieve1,,,38.11,0.0,0,0.0,100.0,-1,0.0,,,,,,1356,1.0,0.0,0.0
2026-07-09T11:19:07.900847,Raspberry_Relieve1,,,38.11,0.0,0,0.0,100.0,-1,0.0,,,,,,1357,0.95,0.0,0.0
2026-07-09T11:19:08.900954,Raspberry_Relieve1,,,38.109,0.0,0,0.0,100.0,-1,0.0,,,,,,1358,1.06,0.0,0.0
2026-07-09T11:19:09.901128,Raspberry_Relieve1,,,38.108,0.0,0,0.0,100.0,-1,0.0,,,,,,1359,0.91,0.0,0.0
2026-07-09T11:19:10.901223,Raspberry_Relieve1,,,38.109,0.0,0,0.0,100.0,-1,0.0,,,,,,1360,1.07,0.0,0.0
2026-07-09T11:19:11.901337,Raspberry_Relieve1,,,38.111,0.0,0,0.0,100.0,-1,0.0,,,,,,1361,1.0,0.0,0.0
2026-07-09T11:19:12.901487,Raspberry_Relieve1,,,38.11,0.0,0,0.0,100.0,-1,0.0,,,,,,1362,1.02,0.0,0.0
2026-07-09T11:19:13.901585,Raspberry_Relieve1,,,38.109,0.0,0,0.0,100.0,-1,0.0,,,,,,1363,0.98,0.0,0.0
2026-07-09T11:19:14.901701,Raspberry_Relieve1,,,38.108,0.0,0,0.0,100.0,-1,0.0,,,,,,1364,1.08,0.0,0.0
2026-07-09T11:19:15.901806,Raspberry_Relieve1,,,38.11,0.0,0,0.0,100.0,-1,0.0,,,,,,1365,0.95,0.0,0.0
2026-07-09T11:19:16.901914,Raspberry_Relieve1,,,38.109,0.0,0,0.0,100.0,-1,0.0,,,,,,1366,0.89,0.0,0.0
2026-07-09T11:19:17.902025,Raspberry_Relieve1,,,38.11,0.0,0,0.0,100.0,-1,0.0,,,,,,1367,1.12,0.0,0.0
2026-07-09T11:19:18.902164,Raspberry_Relieve1,,,38.109,0.0,0,0.0,100.0,-1,0.0,,,,,,1368,1.06,0.0,0.0
2026-07-09T11:19:19.902271,Raspberry_Relieve1,,,38.109,0.0,0,0.0,100.0,-1,0.0,,,,,,1369,0.89,0.0,0.0
2026-07-09T11:19:20.902385,Raspberry_Relieve1,,,38.107,0.0,0,0.0,100.0,-1,0.0,,,,,,1370,0.97,0.0,0.0
2026-07-09T11:19:21.902493,Raspberry_Relieve1,,,38.108,0.0,0,0.0,100.0,-1,0.0,,,,,,1371,1.03,0.0,0.0
2026-07-09T11:19:22.902620,Raspberry_Relieve1,,,38.108,0.0,0,0.0,100.0,-1,0.0,,,,,,1372,1.08,0.0,0.0
2026-07-09T11:19:23.902763,Raspberry_Relieve1,,,38.108,0.0,0,0.0,100.0,-1,0.0,,,,,,1373,0.99,0.0,0.0
2026-07-09T11:19:24.902926,Raspberry_Relieve1,,,38.11,0.0,0,0.0,100.0,-1,0.0,,,,,,1374,0.93,0.0,0.0
2026-07-09T11:19:25.903029,Raspberry_Relieve1,,,38.108,0.0,0,0.0,100.0,-1,0.0,,,,,,1375,1.19,0.0,0.0
2026-07-09T11:19:26.903190,Raspberry_Relieve1,,,38.108,0.0,0,0.0,100.0,-1,0.0,,,,,,1376,0.83,0.0,0.0
2026-07-09T11:19:27.903303,Raspberry_Relieve1,,,38.109,0.0,0,0.0,100.0,-1,0.0,,,,,,1377,1.02,0.0,0.0
2026-07-09T11:19:28.903415,Raspberry_Relieve1,,,38.109,0.0,0,0.0,100.0,-1,0.0,,,,,,1378,1.03,0.0,0.0
2026-07-09T11:19:29.903529,Raspberry_Relieve1,,,38.108,0.0,0,0.0,100.0,-1,0.0,,,,,,1379,0.91,0.0,0.0
2026-07-09T11:19:30.903665,Raspberry_Relieve1,,,38.109,0.0,0,0.0,100.0,-1,0.0,,,,,,1380,1.1,0.0,0.0
2026-07-09T11:19:31.903761,Raspberry_Relieve1,,,38.107,0.0,0,0.0,100.0,-1,0.0,,,,,,1381,0.96,0.0,0.0
2026-07-09T11:19:32.903901,Raspberry_Relieve1,,,38.107,0.0,0,0.0,100.0,-1,0.0,,,,,,1382,0.9,0.0,0.0
2026-07-09T11:19:33.904002,Raspberry_Relieve1,,,38.107,0.0,0,0.0,100.0,-1,0.0,,,,,,1383,1.12,0.0,0.0
2026-07-09T11:19:34.904111,Raspberry_Relieve1,,,38.107,0.0,0,0.0,100.0,-1,0.0,,,,,,1384,0.94,0.0,0.0
2026-07-09T11:19:35.904220,Raspberry_Relieve1,,,38.108,0.0,0,0.0,100.0,-1,0.0,,,,,,1385,1.21,0.0,0.0
2026-07-09T11:19:36.904329,Raspberry_Relieve1,,,38.107,0.0,0,0.0,100.0,-1,0.0,,,,,,1386,0.89,0.0,0.0
2026-07-09T11:19:37.904438,Raspberry_Relieve1,,,38.106,0.0,0,0.0,100.0,-1,0.0,,,,,,1387,0.94,0.0,0.0
2026-07-09T11:19:38.904553,Raspberry_Relieve1,,,38.105,0.0,0,0.0,100.0,-1,0.0,,,,,,1388,0.91,0.0,0.0
2026-07-09T11:19:39.904697,Raspberry_Relieve1,,,38.106,0.0,0,0.0,100.0,-1,0.0,,,,,,1389,1.11,0.0,0.0
2026-07-09T11:19:40.904763,Raspberry_Relieve1,,,38.106,0.0,0,0.0,100.0,-1,0.0,,,,,,1390,0.92,0.0,0.0
2026-07-09T11:19:41.904869,Raspberry_Relieve1,,,38.105,0.0,0,0.0,100.0,-1,0.0,,,,,,1391,1.13,0.0,0.0
2026-07-09T11:19:42.904986,Raspberry_Relieve1,,,38.105,0.0,0,0.0,100.0,-1,0.0,,,,,,1392,0.94,0.0,0.0
2026-07-09T11:19:43.905113,Raspberry_Relieve1,,,38.103,0.0,0,0.0,100.0,-1,0.0,,,,,,1393,0.98,0.0,0.0
2026-07-09T11:19:44.905212,Raspberry_Relieve1,,,38.104,0.0,0,0.0,100.0,-1,0.0,,,,,,1394,0.97,0.0,0.0
2026-07-09T11:19:45.905339,Raspberry_Relieve1,,,38.106,0.0,0,0.0,100.0,-1,0.0,,,,,,1395,1.03,0.0,0.0
2026-07-09T11:19:46.905443,Raspberry_Relieve1,,,38.108,0.0,0,0.0,100.0,-1,0.0,,,,,,1396,1.04,0.0,0.0
2026-07-09T11:19:47.905572,Raspberry_Relieve1,,,38.106,0.0,0,0.0,100.0,-1,0.0,,,,,,1397,0.99,0.0,0.0
2026-07-09T11:19:48.905669,Raspberry_Relieve1,,,38.106,0.0,0,0.0,100.0,-1,0.0,,,,,,1398,0.93,0.0,0.0
2026-07-09T11:19:49.905778,Raspberry_Relieve1,,,38.107,0.0,0,0.0,100.0,-1,0.0,,,,,,1399,1.07,0.0,0.0
2026-07-09T11:19:50.905896,Raspberry_Relieve1,,,38.106,0.0,0,0.0,100.0,-1,0.0,,,,,,1400,0.91,0.0,0.0
2026-07-09T11:19:51.906006,Raspberry_Relieve1,,,38.106,0.0,0,0.0,100.0,-1,0.0,,,,,,1401,1.11,0.0,0.0
2026-07-09T11:19:52.906118,Raspberry_Relieve1,,,38.105,0.0,0,0.0,100.0,-1,0.0,,,,,,1402,0.95,0.0,0.0
2026-07-09T11:19:53.906235,Raspberry_Relieve1,,,38.105,0.0,0,0.0,100.0,-1,0.0,,,,,,1403,1.07,0.0,0.0
2026-07-09T11:19:54.906350,Raspberry_Relieve1,,,38.107,0.0,0,0.0,100.0,-1,0.0,,,,,,1404,0.9,0.0,0.0
2026-07-09T11:19:55.906458,Raspberry_Relieve1,,,38.106,0.0,0,0.0,100.0,-1,0.0,,,,,,1405,1.01,0.0,0.0
2026-07-09T11:19:56.906574,Raspberry_Relieve1,,,38.105,0.0,0,0.0,100.0,-1,0.0,,,,,,1406,0.98,0.0,0.0
2026-07-09T11:19:57.906680,Raspberry_Relieve1,,,38.104,0.0,0,0.0,100.0,-1,0.0,,,,,,1407,1.05,0.0,0.0
2026-07-09T11:19:58.906786,Raspberry_Relieve1,,,38.105,0.0,0,0.0,100.0,-1,0.0,,,,,,1408,0.96,0.0,0.0
2026-07-09T11:19:59.906933,Raspberry_Relieve1,,,38.106,0.0,0,0.0,100.0,-1,0.0,,,,,,1409,1.07,0.0,0.0
2026-07-09T11:20:00.907043,Raspberry_Relieve1,,,38.106,0.0,0,0.0,100.0,-1,0.0,,,,,,1410,1.03,0.0,0.0
2026-07-09T11:20:01.907151,Raspberry_Relieve1,,,38.106,0.0,0,0.0,100.0,-1,0.0,,,,,,1411,0.96,0.0,0.0
2026-07-09T11:20:02.907266,Raspberry_Relieve1,,,38.106,0.0,0,0.0,100.0,-1,0.0,,,,,,1412,1.08,0.0,0.0
2026-07-09T11:20:03.907378,Raspberry_Relieve1,,,38.105,0.0,0,0.0,100.0,-1,0.0,,,,,,1413,0.93,0.0,0.0
2026-07-09T11:20:04.907479,Raspberry_Relieve1,,,38.104,0.0,0,0.0,100.0,-1,0.0,,,,,,1414,0.92,0.0,0.0
2026-07-09T11:20:05.907592,Raspberry_Relieve1,,,38.106,0.0,0,0.0,100.0,-1,0.0,,,,,,1415,1.09,0.0,0.0
2026-07-09T11:20:06.907724,Raspberry_Relieve1,,,38.107,0.0,0,0.0,100.0,-1,0.0,,,,,,1416,0.91,0.0,0.0
2026-07-09T11:20:07.907838,Raspberry_Relieve1,,,38.107,0.0,0,0.0,100.0,-1,0.0,,,,,,1417,1.1,0.0,0.0
2026-07-09T11:20:08.907955,Raspberry_Relieve1,,,38.107,0.0,0,0.0,100.0,-1,0.0,,,,,,1418,1.01,0.0,0.0
2026-07-09T11:20:09.908073,Raspberry_Relieve1,,,38.104,0.0,0,0.0,100.0,-1,0.0,,,,,,1419,0.88,0.0,0.0
2026-07-09T11:20:10.908202,Raspberry_Relieve1,,,38.106,0.0,0,0.0,100.0,-1,0.0,,,,,,1420,1.14,0.0,0.0
2026-07-09T11:20:11.908320,Raspberry_Relieve1,,,38.106,0.0,0,0.0,100.0,-1,0.0,,,,,,1421,0.96,0.0,0.0
2026-07-09T11:20:12.908442,Raspberry_Relieve1,,,38.107,0.0,0,0.0,100.0,-1,0.0,,,,,,1422,0.89,0.0,0.0
2026-07-09T11:20:13.908562,Raspberry_Relieve1,,,38.106,0.0,0,0.0,100.0,-1,0.0,,,,,,1423,1.09,0.0,0.0
2026-07-09T11:20:14.908726,Raspberry_Relieve1,,,38.106,0.0,0,0.0,100.0,-1,0.0,,,,,,1424,1.02,0.0,0.0
2026-07-09T11:20:15.908810,Raspberry_Relieve1,,,38.105,0.0,0,0.0,100.0,-1,0.0,,,,,,1425,0.99,0.0,0.0
2026-07-09T11:20:16.908923,Raspberry_Relieve1,,,38.105,0.0,0,0.0,100.0,-1,0.0,,,,,,1426,0.95,0.0,0.0
2026-07-09T11:20:17.909049,Raspberry_Relieve1,,,38.104,0.0,0,0.0,100.0,-1,0.0,,,,,,1427,1.08,0.0,0.0
2026-07-09T11:20:18.909162,Raspberry_Relieve1,,,38.105,0.0,0,0.0,100.0,-1,0.0,,,,,,1428,1.03,0.0,0.0
2026-07-09T11:20:19.909263,Raspberry_Relieve1,,,38.107,0.0,0,0.0,100.0,-1,0.0,,,,,,1429,0.86,0.0,0.0
2026-07-09T11:20:20.909374,Raspberry_Relieve1,,,38.105,0.0,0,0.0,100.0,-1,0.0,,,,,,1430,1.04,0.0,0.0
2026-07-09T11:20:21.909482,Raspberry_Relieve1,,,38.105,0.0,0,0.0,100.0,-1,0.0,,,,,,1431,1.04,0.0,0.0
2026-07-09T11:20:22.909599,Raspberry_Relieve1,,,38.105,0.0,0,0.0,100.0,-1,0.0,,,,,,1432,0.91,0.0,0.0
2026-07-09T11:20:23.909718,Raspberry_Relieve1,,,38.106,0.0,0,0.0,100.0,-1,0.0,,,,,,1433,1.07,0.0,0.0
2026-07-09T11:20:24.909826,Raspberry_Relieve1,,,38.105,0.0,0,0.0,100.0,-1,0.0,,,,,,1434,1.02,0.0,0.0
2026-07-09T11:20:25.909934,Raspberry_Relieve1,,,38.105,0.0,0,0.0,100.0,-1,0.0,,,,,,1435,0.96,0.0,0.0
2026-07-09T11:20:26.910046,Raspberry_Relieve1,,,38.104,0.0,0,0.0,100.0,-1,0.0,,,,,,1436,1.03,0.0,0.0
2026-07-09T11:20:27.910162,Raspberry_Relieve1,,,38.105,0.0,0,0.0,100.0,-1,0.0,,,,,,1437,1.06,0.0,0.0
2026-07-09T11:20:28.910316,Raspberry_Relieve1,,,38.106,0.0,0,0.0,100.0,-1,0.0,,,,,,1438,0.85,0.0,0.0
2026-07-09T11:20:29.910461,Raspberry_Relieve1,,,38.105,0.0,0,0.0,100.0,-1,0.0,,,,,,1439,1.02,0.0,0.0
2026-07-09T11:20:30.910583,Raspberry_Relieve1,,,38.106,0.0,0,0.0,100.0,-1,0.0,,,,,,1440,1.11,0.0,0.0
2026-07-09T11:20:31.910694,Raspberry_Relieve1,,,38.106,0.0,0,0.0,100.0,-1,0.0,,,,,,1441,1.04,0.0,0.0
2026-07-09T11:20:32.910809,Raspberry_Relieve1,,,38.104,0.0,0,0.0,100.0,-1,0.0,,,,,,1442,0.87,0.0,0.0
2026-07-09T11:20:33.910912,Raspberry_Relieve1,,,38.104,0.0,0,0.0,100.0,-1,0.0,,,,,,1443,0.96,0.0,0.0
2026-07-09T11:20:34.911027,Raspberry_Relieve1,,,38.104,0.0,0,0.0,100.0,-1,0.0,,,,,,1444,1.01,0.0,0.0
2026-07-09T11:20:35.911156,Raspberry_Relieve1,,,38.104,0.0,0,0.0,100.0,-1,0.0,,,,,,1445,1.02,0.0,0.0
2026-07-09T11:20:36.911264,Raspberry_Relieve1,,,38.105,0.0,0,0.0,100.0,-1,0.0,,,,,,1446,1.05,0.0,0.0
2026-07-09T11:20:37.911379,Raspberry_Relieve1,,,38.104,0.0,0,0.0,100.0,-1,0.0,,,,,,1447,0.99,0.0,0.0
2026-07-09T11:20:38.911492,Raspberry_Relieve1,,,38.104,0.0,0,0.0,100.0,-1,0.0,,,,,,1448,0.99,0.0,0.0
2026-07-09T11:20:39.911594,Raspberry_Relieve1,,,38.105,0.0,0,0.0,100.0,-1,0.0,,,,,,1449,0.99,0.0,0.0
2026-07-09T11:20:40.911716,Raspberry_Relieve1,,,38.105,0.0,0,0.0,100.0,-1,0.0,,,,,,1450,0.92,0.0,0.0
2026-07-09T11:20:41.911823,Raspberry_Relieve1,,,38.106,0.0,0,0.0,100.0,-1,0.0,,,,,,1451,1.08,0.0,0.0
2026-07-09T11:20:42.911940,Raspberry_Relieve1,,,38.104,0.0,0,0.0,100.0,-1,0.0,,,,,,1452,1.04,0.0,0.0
2026-07-09T11:20:43.912054,Raspberry_Relieve1,,,38.105,0.0,0,0.0,100.0,-1,0.0,,,,,,1453,0.92,0.0,0.0
2026-07-09T11:20:44.912172,Raspberry_Relieve1,,,38.106,0.0,0,0.0,100.0,-1,0.0,,,,,,1454,1.07,0.0,0.0
2026-07-09T11:20:45.912279,Raspberry_Relieve1,,,38.105,0.0,0,0.0,100.0,-1,0.0,,,,,,1455,1.02,0.0,0.0
2026-07-09T11:20:46.912406,Raspberry_Relieve1,,,38.104,0.0,0,0.0,100.0,-1,0.0,,,,,,1456,0.95,0.0,0.0
2026-07-09T11:20:47.912525,Raspberry_Relieve1,,,38.103,0.0,0,0.0,100.0,-1,0.0,,,,,,1457,1.08,0.0,0.0
2026-07-09T11:20:48.912627,Raspberry_Relieve1,,,38.106,0.0,0,0.0,100.0,-1,0.0,,,,,,1458,0.93,0.0,0.0
2026-07-09T11:20:49.912734,Raspberry_Relieve1,,,38.104,0.0,0,0.0,100.0,-1,0.0,,,,,,1459,0.93,0.0,0.0
2026-07-09T11:20:50.912856,Raspberry_Relieve1,,,38.105,0.0,0,0.0,100.0,-1,0.0,,,,,,1460,1.05,0.0,0.0
2026-07-09T11:20:51.912961,Raspberry_Relieve1,,,38.104,0.0,0,0.0,100.0,-1,0.0,,,,,,1461,0.99,0.0,0.0
2026-07-09T11:20:52.913080,Raspberry_Relieve1,,,38.104,0.0,0,0.0,100.0,-1,0.0,,,,,,1462,1.08,0.0,0.0
2026-07-09T11:20:53.913194,Raspberry_Relieve1,,,38.104,0.0,0,0.0,100.0,-1,0.0,,,,,,1463,0.94,0.0,0.0
2026-07-09T11:20:54.913302,Raspberry_Relieve1,,,38.103,0.0,0,0.0,100.0,-1,0.0,,,,,,1464,1.02,0.0,0.0
2026-07-09T11:20:55.913415,Raspberry_Relieve1,,,38.103,0.0,0,0.0,100.0,-1,0.0,,,,,,1465,0.96,0.0,0.0
2026-07-09T11:20:56.913546,Raspberry_Relieve1,,,38.104,0.0,0,0.0,100.0,-1,0.0,,,,,,1466,1.01,0.0,0.0
2026-07-09T11:20:57.913654,Raspberry_Relieve1,,,38.105,0.0,0,0.0,100.0,-1,0.0,,,,,,1467,0.99,0.0,0.0
2026-07-09T11:20:58.913775,Raspberry_Relieve1,,,38.104,0.0,0,0.0,100.0,-1,0.0,,,,,,1468,0.97,0.0,0.0
2026-07-09T11:20:59.913900,Raspberry_Relieve1,,,38.103,0.0,0,0.0,100.0,-1,0.0,,,,,,1469,1.04,0.0,0.0
2026-07-09T11:21:00.914004,Raspberry_Relieve1,,,38.103,0.0,0,0.0,100.0,-1,0.0,,,,,,1470,1.04,0.0,0.0
2026-07-09T11:21:01.914144,Raspberry_Relieve1,,,38.103,0.0,0,0.0,100.0,-1,0.0,,,,,,1471,0.96,0.0,0.0
2026-07-09T11:21:02.914262,Raspberry_Relieve1,,,38.103,0.0,0,0.0,100.0,-1,0.0,,,,,,1472,0.98,0.0,0.0
2026-07-09T11:21:03.914377,Raspberry_Relieve1,,,38.104,0.0,0,0.0,100.0,-1,0.0,,,,,,1473,1.07,0.0,0.0
2026-07-09T11:21:04.914508,Raspberry_Relieve1,,,38.104,0.0,0,0.0,100.0,-1,0.0,,,,,,1474,0.92,0.0,0.0
2026-07-09T11:21:05.914618,Raspberry_Relieve1,,,38.102,0.0,0,0.0,100.0,-1,0.0,,,,,,1475,1.1,0.0,0.0
2026-07-09T11:21:06.914733,Raspberry_Relieve1,,,38.103,0.0,0,0.0,100.0,-1,0.0,,,,,,1476,0.85,0.0,0.0
2026-07-09T11:21:07.914856,Raspberry_Relieve1,,,38.105,0.0,0,0.0,100.0,-1,0.0,,,,,,1477,1.1,0.0,0.0
2026-07-09T11:21:08.914971,Raspberry_Relieve1,,,38.103,0.0,0,0.0,100.0,-1,0.0,,,,,,1478,0.97,0.0,0.0
2026-07-09T11:21:09.915089,Raspberry_Relieve1,,,38.102,0.0,0,0.0,100.0,-1,0.0,,,,,,1479,1.03,0.0,0.0
2026-07-09T11:21:10.915216,Raspberry_Relieve1,,,38.103,0.0,0,0.0,100.0,-1,0.0,,,,,,1480,0.98,0.0,0.0
2026-07-09T11:21:11.915341,Raspberry_Relieve1,,,38.103,0.0,0,0.0,100.0,-1,0.0,,,,,,1481,0.92,0.0,0.0
2026-07-09T11:21:12.915457,Raspberry_Relieve1,,,38.103,0.0,0,0.0,100.0,-1,0.0,,,,,,1482,1.08,0.0,0.0
2026-07-09T11:21:13.915578,Raspberry_Relieve1,,,38.103,0.0,0,0.0,100.0,-1,0.0,,,,,,1483,0.97,0.0,0.0
2026-07-09T11:21:14.915696,Raspberry_Relieve1,,,38.101,0.0,0,0.0,100.0,-1,0.0,,,,,,1484,1.01,0.0,0.0
2026-07-09T11:21:15.915831,Raspberry_Relieve1,,,38.103,0.0,0,0.0,100.0,-1,0.0,,,,,,1485,0.96,0.0,0.0
2026-07-09T11:21:16.915927,Raspberry_Relieve1,,,38.102,0.0,0,0.0,100.0,-1,0.0,,,,,,1486,1.03,0.0,0.0
2026-07-09T11:21:17.916051,Raspberry_Relieve1,,,38.102,0.0,0,0.0,100.0,-1,0.0,,,,,,1487,0.94,0.0,0.0
2026-07-09T11:21:18.916163,Raspberry_Relieve1,,,38.102,0.0,0,0.0,100.0,-1,0.0,,,,,,1488,1.15,0.0,0.0
2026-07-09T11:21:19.916303,Raspberry_Relieve1,,,38.104,0.0,0,0.0,100.0,-1,0.0,,,,,,1489,0.95,0.0,0.0
2026-07-09T11:21:20.916415,Raspberry_Relieve1,,,38.102,0.0,0,0.0,100.0,-1,0.0,,,,,,1490,0.94,0.0,0.0
2026-07-09T11:21:21.916523,Raspberry_Relieve1,,,38.103,0.0,0,0.0,100.0,-1,0.0,,,,,,1491,1.04,0.0,0.0
2026-07-09T11:21:22.916644,Raspberry_Relieve1,,,38.103,0.0,0,0.0,100.0,-1,0.0,,,,,,1492,1.04,0.0,0.0
2026-07-09T11:21:23.916787,Raspberry_Relieve1,,,38.103,0.0,0,0.0,100.0,-1,0.0,,,,,,1493,1.02,0.0,0.0
2026-07-09T11:21:24.916873,Raspberry_Relieve1,,,38.101,0.0,0,0.0,100.0,-1,0.0,,,,,,1494,0.92,0.0,0.0
2026-07-09T11:21:25.916998,Raspberry_Relieve1,,,38.102,0.0,0,0.0,100.0,-1,0.0,,,,,,1495,1.09,0.0,0.0
2026-07-09T11:21:26.917114,Raspberry_Relieve1,,,38.102,0.0,0,0.0,100.0,-1,0.0,,,,,,1496,0.96,0.0,0.0
2026-07-09T11:21:27.917246,Raspberry_Relieve1,,,38.102,0.0,0,0.0,100.0,-1,0.0,,,,,,1497,1.0,0.0,0.0
2026-07-09T11:21:28.917366,Raspberry_Relieve1,,,38.103,0.0,0,0.0,100.0,-1,0.0,,,,,,1498,0.94,0.0,0.0
2026-07-09T11:21:29.917494,Raspberry_Relieve1,,,38.102,0.0,0,0.0,100.0,-1,0.0,,,,,,1499,1.1,0.0,0.0
2026-07-09T11:21:30.917617,Raspberry_Relieve1,,,38.102,0.0,0,0.0,100.0,-1,0.0,,,,,,1500,0.96,0.0,0.0
2026-07-09T11:21:31.917732,Raspberry_Relieve1,,,38.102,0.0,0,0.0,100.0,-1,0.0,,,,,,1501,1.04,0.0,0.0
2026-07-09T11:21:32.917834,Raspberry_Relieve1,,,38.102,0.0,0,0.0,100.0,-1,0.0,,,,,,1502,0.92,0.0,0.0
2026-07-09T11:21:33.917958,Raspberry_Relieve1,,,38.103,0.0,0,0.0,100.0,-1,0.0,,,,,,1503,0.98,0.0,0.0
2026-07-09T11:21:34.918083,Raspberry_Relieve1,,,38.104,0.0,0,0.0,100.0,-1,0.0,,,,,,1504,0.98,0.0,0.0
2026-07-09T11:21:35.918211,Raspberry_Relieve1,,,38.101,0.0,0,0.0,100.0,-1,0.0,,,,,,1505,1.02,0.0,0.0
2026-07-09T11:21:36.918335,Raspberry_Relieve1,,,38.102,0.0,0,0.0,100.0,-1,0.0,,,,,,1506,1.12,0.0,0.0
2026-07-09T11:21:37.918464,Raspberry_Relieve1,,,38.103,0.0,0,0.0,100.0,-1,0.0,,,,,,1507,0.97,0.0,0.0
2026-07-09T11:21:38.918606,Raspberry_Relieve1,,,38.102,0.0,0,0.0,100.0,-1,0.0,,,,,,1508,0.95,0.0,0.0
2026-07-09T11:21:39.918727,Raspberry_Relieve1,,,38.102,0.0,0,0.0,100.0,-1,0.0,,,,,,1509,0.94,0.0,0.0
2026-07-09T11:21:40.918863,Raspberry_Relieve1,,,38.102,0.0,0,0.0,100.0,-1,0.0,,,,,,1510,1.08,0.0,0.0
2026-07-09T11:21:41.918979,Raspberry_Relieve1,,,38.101,0.0,0,0.0,100.0,-1,0.0,,,,,,1511,0.95,0.0,0.0
2026-07-09T11:21:42.919101,Raspberry_Relieve1,,,38.1,0.0,0,0.0,100.0,-1,0.0,,,,,,1512,1.15,0.0,0.0
2026-07-09T11:21:43.919223,Raspberry_Relieve1,,,38.102,0.0,0,0.0,100.0,-1,0.0,,,,,,1513,0.85,0.0,0.0
2026-07-09T11:21:44.919337,Raspberry_Relieve1,,,38.102,0.0,0,0.0,100.0,-1,0.0,,,,,,1514,1.07,0.0,0.0
2026-07-09T11:21:45.919450,Raspberry_Relieve1,,,38.102,0.0,0,0.0,100.0,-1,0.0,,,,,,1515,1.01,0.0,0.0
2026-07-09T11:21:46.919572,Raspberry_Relieve1,,,38.102,0.0,0,0.0,100.0,-1,0.0,,,,,,1516,0.92,0.0,0.0
2026-07-09T11:21:47.919672,Raspberry_Relieve1,,,38.1,0.0,0,0.0,100.0,-1,0.0,,,,,,1517,1.05,0.0,0.0
2026-07-09T11:21:48.919801,Raspberry_Relieve1,,,38.102,0.0,0,0.0,100.0,-1,0.0,,,,,,1518,1.01,0.0,0.0
2026-07-09T11:21:49.919917,Raspberry_Relieve1,,,38.102,0.0,0,0.0,100.0,-1,0.0,,,,,,1519,0.98,0.0,0.0
2026-07-09T11:21:50.920029,Raspberry_Relieve1,,,38.102,0.0,0,0.0,100.0,-1,0.0,,,,,,1520,0.96,0.0,0.0
2026-07-09T11:21:51.920157,Raspberry_Relieve1,,,38.101,0.0,0,0.0,100.0,-1,0.0,,,,,,1521,1.07,0.0,0.0
2026-07-09T11:21:52.920270,Raspberry_Relieve1,,,38.1,0.0,0,0.0,100.0,-1,0.0,,,,,,1522,0.94,0.0,0.0
2026-07-09T11:21:53.920386,Raspberry_Relieve1,,,38.102,0.0,0,0.0,100.0,-1,0.0,,,,,,1523,1.07,0.0,0.0
2026-07-09T11:21:54.920496,Raspberry_Relieve1,,,38.1,0.0,0,0.0,100.0,-1,0.0,,,,,,1524,1.02,0.0,0.0
2026-07-09T11:21:55.920812,Raspberry_Relieve1,,,38.102,0.0,0,0.0,100.0,-1,0.0,,,,,,1525,0.93,0.0,0.0
2026-07-09T11:21:56.920925,Raspberry_Relieve1,,,38.1,0.0,0,0.0,100.0,-1,0.0,,,,,,1526,1.05,0.0,0.0
2026-07-09T11:21:57.921042,Raspberry_Relieve1,,,38.101,0.0,0,0.0,100.0,-1,0.0,,,,,,1527,1.33,0.0,0.0
2026-07-09T11:21:58.921147,Raspberry_Relieve1,,,38.1,0.0,0,0.0,100.0,-1,0.0,,,,,,1528,0.6,0.0,0.0
2026-07-09T11:21:59.921263,Raspberry_Relieve1,,,38.1,0.0,0,0.0,100.0,-1,0.0,,,,,,1529,1.08,0.0,0.0
2026-07-09T11:22:00.921382,Raspberry_Relieve1,,,38.1,0.0,0,0.0,100.0,-1,0.0,,,,,,1530,1.07,0.0,0.0
2026-07-09T11:22:01.921495,Raspberry_Relieve1,,,38.1,0.0,0,0.0,100.0,-1,0.0,,,,,,1531,0.84,0.0,0.0
2026-07-09T11:22:02.921626,Raspberry_Relieve1,,,38.101,0.0,0,0.0,100.0,-1,0.0,,,,,,1532,1.1,0.0,0.0
2026-07-09T11:22:03.921719,Raspberry_Relieve1,,,38.1,0.0,0,0.0,100.0,-1,0.0,,,,,,1533,1.0,0.0,0.0
2026-07-09T11:22:04.921839,Raspberry_Relieve1,,,38.099,0.0,0,0.0,100.0,-1,0.0,,,,,,1534,0.99,0.0,0.0
2026-07-09T11:22:05.921955,Raspberry_Relieve1,,,38.1,0.0,0,0.0,100.0,-1,0.0,,,,,,1535,1.05,0.0,0.0
2026-07-09T11:22:06.922054,Raspberry_Relieve1,,,38.1,0.0,0,0.0,100.0,-1,0.0,,,,,,1536,0.88,0.0,0.0
2026-07-09T11:22:07.922162,Raspberry_Relieve1,,,38.1,0.0,0,0.0,100.0,-1,0.0,,,,,,1537,1.1,0.0,0.0
2026-07-09T11:22:08.922279,Raspberry_Relieve1,,,38.1,0.0,0,0.0,100.0,-1,0.0,,,,,,1538,0.97,0.0,0.0
2026-07-09T11:22:09.922400,Raspberry_Relieve1,,,38.101,0.0,0,0.0,100.0,-1,0.0,,,,,,1539,0.91,0.0,0.0
2026-07-09T11:22:10.922519,Raspberry_Relieve1,,,38.1,0.0,0,0.0,100.0,-1,0.0,,,,,,1540,1.13,0.0,0.0
2026-07-09T11:22:11.922638,Raspberry_Relieve1,,,38.101,0.0,0,0.0,100.0,-1,0.0,,,,,,1541,0.89,0.0,0.0
2026-07-09T11:22:12.922847,Raspberry_Relieve1,,,38.101,0.0,0,0.0,100.0,-1,0.0,,,,,,1542,1.13,0.0,0.0
2026-07-09T11:22:13.922967,Raspberry_Relieve1,,,38.1,0.0,0,0.0,100.0,-1,0.0,,,,,,1543,0.88,0.0,0.0
2026-07-09T11:22:14.923097,Raspberry_Relieve1,,,38.1,0.0,0,0.0,100.0,-1,0.0,,,,,,1544,0.98,0.0,0.0
2026-07-09T11:22:15.923204,Raspberry_Relieve1,,,38.101,0.0,0,0.0,100.0,-1,0.0,,,,,,1545,1.01,0.0,0.0
2026-07-09T11:22:16.923320,Raspberry_Relieve1,,,38.101,0.0,0,0.0,100.0,-1,0.0,,,,,,1546,1.09,0.0,0.0
2026-07-09T11:22:17.923447,Raspberry_Relieve1,,,38.101,0.0,0,0.0,100.0,-1,0.0,,,,,,1548,1.63,0.0,0.0
2026-07-09T11:22:19.125191,Raspberry_Relieve1,,,38.099,0.0,0,0.0,100.0,-1,0.0,,,,,,1548,0.46,0.0,0.0
2026-07-09T11:22:20.125328,Raspberry_Relieve1,,,38.1,0.0,0,0.0,100.0,-1,0.0,,,,,,1549,1.1,0.0,0.0
2026-07-09T11:22:21.125441,Raspberry_Relieve1,,,38.101,0.0,0,0.0,100.0,-1,0.0,,,,,,1550,0.98,0.0,0.0
2026-07-09T11:22:22.125560,Raspberry_Relieve1,,,38.101,0.0,0,0.0,100.0,-1,0.0,,,,,,1551,0.95,0.0,0.0
2026-07-09T11:22:23.125673,Raspberry_Relieve1,,,38.1,0.0,0,0.0,100.0,-1,0.0,,,,,,1552,1.04,0.0,0.0
2026-07-09T11:24:35.847100,Raspberry_Relieve1,,,38.099,0.0,0,0.0,100.0,-1,0.0,,,,,,1685,132.92,0.0,0.0
2026-07-09T11:24:36.847258,Raspberry_Relieve1,,,38.097,0.0,0,0.0,100.0,-1,0.0,,,,,,1686,0.83,0.0,0.0
2026-07-09T11:24:37.847456,Raspberry_Relieve1,,,38.097,0.0,0,0.0,100.0,-1,0.0,,,,,,1687,1.0,0.0,0.0
2026-07-09T11:24:38.847587,Raspberry_Relieve1,,,38.096,0.0,0,0.0,100.0,-1,0.0,,,,,,1688,0.98,0.0,0.0
2026-07-09T11:24:39.847741,Raspberry_Relieve1,,,38.097,0.0,0,0.0,100.0,-1,0.0,,,,,,1689,0.95,0.0,0.0
2026-07-09T11:24:40.847874,Raspberry_Relieve1,,,38.096,0.0,0,0.0,100.0,-1,0.0,,,,,,1690,1.08,0.0,0.0
2026-07-09T11:24:41.848031,Raspberry_Relieve1,,,38.097,0.0,0,0.0,100.0,-1,0.0,,,,,,1691,1.02,0.0,0.0
2026-07-09T11:24:42.848170,Raspberry_Relieve1,,,38.097,0.0,0,0.0,100.0,-1,0.0,,,,,,1692,1.07,0.0,0.0
2026-07-09T11:24:43.848326,Raspberry_Relieve1,,,38.098,0.0,0,0.0,100.0,-1,0.0,,,,,,1693,0.86,0.0,0.0
2026-07-09T11:24:44.848461,Raspberry_Relieve1,,,38.098,0.0,0,0.0,100.0,-1,0.0,,,,,,1694,1.03,0.0,0.0
2026-07-09T11:24:45.848592,Raspberry_Relieve1,,,38.096,0.0,0,0.0,100.0,-1,0.0,,,,,,1695,1.0,0.0,0.0
2026-07-09T11:24:46.848769,Raspberry_Relieve1,,,38.097,0.0,0,0.0,100.0,-1,0.0,,,,,,1696,0.97,0.0,0.0
2026-07-09T11:24:47.848910,Raspberry_Relieve1,,,38.097,0.0,0,0.0,100.0,-1,0.0,,,,,,1697,0.95,0.0,0.0
2026-07-09T11:24:48.849053,Raspberry_Relieve1,,,38.096,0.0,0,0.0,100.0,-1,0.0,,,,,,1698,1.13,0.0,0.0
2026-07-09T11:24:49.849188,Raspberry_Relieve1,,,38.096,0.0,0,0.0,100.0,-1,0.0,,,,,,1699,1.04,0.0,0.0
2026-07-09T11:24:50.849323,Raspberry_Relieve1,,,38.098,0.0,0,0.0,100.0,-1,0.0,,,,,,1700,0.93,0.0,0.0
2026-07-09T11:24:51.849480,Raspberry_Relieve1,,,38.098,0.0,0,0.0,100.0,-1,0.0,,,,,,1701,0.89,0.0,0.0
2026-07-09T11:24:52.849608,Raspberry_Relieve1,,,38.096,0.0,0,0.0,100.0,-1,0.0,,,,,,1702,1.12,0.0,0.0
2026-07-09T11:24:53.849733,Raspberry_Relieve1,,,38.098,0.0,0,0.0,100.0,-1,0.0,,,,,,1703,0.88,0.0,0.0
2026-07-09T11:24:54.849892,Raspberry_Relieve1,,,38.095,0.0,0,0.0,100.0,-1,0.0,,,,,,1704,1.14,0.0,0.0
2026-07-09T11:24:55.850010,Raspberry_Relieve1,,,38.095,0.0,0,0.0,100.0,-1,0.0,,,,,,1705,0.96,0.0,0.0
2026-07-09T11:24:56.850150,Raspberry_Relieve1,,,38.097,0.0,0,0.0,100.0,-1,0.0,,,,,,1706,0.98,0.0,0.0
2026-07-09T11:24:57.850275,Raspberry_Relieve1,,,38.098,0.0,0,0.0,100.0,-1,0.0,,,,,,1707,1.05,0.0,0.0
2026-07-09T11:24:58.850395,Raspberry_Relieve1,,,38.097,0.0,0,0.0,100.0,-1,0.0,,,,,,1708,0.95,0.0,0.0
2026-07-09T11:24:59.850522,Raspberry_Relieve1,,,38.099,0.0,0,0.0,100.0,-1,0.0,,,,,,1709,1.0,0.0,0.0
2026-07-09T11:25:00.850784,Raspberry_Relieve1,,,38.097,0.0,0,0.0,100.0,-1,0.0,,,,,,1710,1.0,0.0,0.0
2026-07-09T11:25:01.850827,Raspberry_Relieve1,,,38.094,0.0,0,0.0,100.0,-1,0.0,,,,,,1711,1.02,0.0,0.0
2026-07-09T11:25:02.850908,Raspberry_Relieve1,,,38.096,0.0,0,0.0,100.0,-1,0.0,,,,,,1712,1.0,0.0,0.0
2026-07-09T11:25:03.850997,Raspberry_Relieve1,,,38.096,0.0,0,0.0,100.0,-1,0.0,,,,,,1713,0.95,0.0,0.0
2026-07-09T11:25:04.851083,Raspberry_Relieve1,,,38.096,0.0,0,0.0,100.0,-1,0.0,,,,,,1714,1.07,0.0,0.0
2026-07-09T11:25:05.851170,Raspberry_Relieve1,,,38.095,0.0,0,0.0,100.0,-1,0.0,,,,,,1715,0.96,0.0,0.0
2026-07-09T11:25:06.851313,Raspberry_Relieve1,,,38.097,0.0,0,0.0,100.0,-1,0.0,,,,,,1716,0.95,0.0,0.0
2026-07-09T11:25:07.851434,Raspberry_Relieve1,,,38.097,0.0,0,0.0,100.0,-1,0.0,,,,,,1717,1.01,0.0,0.0
2026-07-09T11:25:08.851552,Raspberry_Relieve1,,,38.096,0.0,0,0.0,100.0,-1,0.0,,,,,,1718,1.05,0.0,0.0
2026-07-09T11:25:09.851669,Raspberry_Relieve1,,,38.096,0.0,0,0.0,100.0,-1,0.0,,,,,,1719,0.94,0.0,0.0
2026-07-09T11:25:10.851786,Raspberry_Relieve1,,,38.096,0.0,0,0.0,100.0,-1,0.0,,,,,,1720,1.06,0.0,0.0
2026-07-09T11:25:11.851907,Raspberry_Relieve1,,,38.096,0.0,0,0.0,100.0,-1,0.0,,,,,,1721,0.97,0.0,0.0
2026-07-09T11:25:12.852028,Raspberry_Relieve1,,,38.094,0.0,0,0.0,100.0,-1,0.0,,,,,,1722,1.09,0.0,0.0
2026-07-09T11:25:13.852144,Raspberry_Relieve1,,,38.097,0.0,0,0.0,100.0,-1,0.0,,,,,,1723,1.01,0.0,0.0
2026-07-09T11:25:14.852265,Raspberry_Relieve1,,,38.096,0.0,0,0.0,100.0,-1,0.0,,,,,,1724,0.87,0.0,0.0
2026-07-09T11:25:15.852402,Raspberry_Relieve1,,,38.098,0.0,0,0.0,100.0,-1,0.0,,,,,,1725,0.95,0.0,0.0
2026-07-09T11:25:16.852516,Raspberry_Relieve1,,,38.096,0.0,0,0.0,100.0,-1,0.0,,,,,,1726,1.03,0.0,0.0
2026-07-09T11:25:17.852706,Raspberry_Relieve1,,,38.096,0.0,0,0.0,100.0,-1,0.0,,,,,,1727,1.09,0.0,0.0
2026-07-09T11:25:18.852780,Raspberry_Relieve1,,,38.095,0.0,0,0.0,100.0,-1,0.0,,,,,,1728,0.91,0.0,0.0
2026-07-09T11:25:19.852897,Raspberry_Relieve1,,,38.096,0.0,0,0.0,100.0,-1,0.0,,,,,,1729,0.99,0.0,0.0
2026-07-09T11:25:20.853022,Raspberry_Relieve1,,,38.096,0.0,0,0.0,100.0,-1,0.0,,,,,,1730,1.07,0.0,0.0
2026-07-09T11:25:21.853147,Raspberry_Relieve1,,,38.097,0.0,0,0.0,100.0,-1,0.0,,,,,,1731,1.02,0.0,0.0
2026-07-09T11:25:22.853266,Raspberry_Relieve1,,,38.097,0.0,0,0.0,100.0,-1,0.0,,,,,,1732,1.03,0.0,0.0
2026-07-09T11:25:23.853386,Raspberry_Relieve1,,,38.097,0.0,0,0.0,100.0,-1,0.0,,,,,,1733,0.88,0.0,0.0
2026-07-09T11:25:24.853531,Raspberry_Relieve1,,,38.096,0.0,0,0.0,100.0,-1,0.0,,,,,,1734,1.05,0.0,0.0
2026-07-09T11:25:25.853655,Raspberry_Relieve1,,,38.096,0.0,0,0.0,100.0,-1,0.0,,,,,,1735,1.03,0.0,0.0
2026-07-09T11:25:26.853761,Raspberry_Relieve1,,,38.097,0.0,0,0.0,100.0,-1,0.0,,,,,,1736,1.06,0.0,0.0
2026-07-09T11:25:27.853942,Raspberry_Relieve1,,,38.097,0.0,0,0.0,100.0,-1,0.0,,,,,,1737,0.86,0.0,0.0
2026-07-09T11:25:28.854041,Raspberry_Relieve1,,,38.095,0.0,0,0.0,100.0,-1,0.0,,,,,,1738,1.08,0.0,0.0
2026-07-09T11:25:29.854167,Raspberry_Relieve1,,,38.096,0.0,0,0.0,100.0,-1,0.0,,,,,,1739,0.99,0.0,0.0
2026-07-09T11:25:30.854303,Raspberry_Relieve1,,,38.096,0.0,0,0.0,100.0,-1,0.0,,,,,,1740,0.94,0.0,0.0
2026-07-09T11:25:31.854426,Raspberry_Relieve1,,,38.097,0.0,0,0.0,100.0,-1,0.0,,,,,,1741,1.06,0.0,0.0
2026-07-09T11:25:32.854548,Raspberry_Relieve1,,,38.097,0.0,0,0.0,100.0,-1,0.0,,,,,,1742,1.01,0.0,0.0
2026-07-09T11:25:33.854675,Raspberry_Relieve1,,,38.096,0.0,0,0.0,100.0,-1,0.0,,,,,,1743,1.12,0.0,0.0
2026-07-09T11:25:34.854789,Raspberry_Relieve1,,,38.096,0.0,0,0.0,100.0,-1,0.0,,,,,,1744,0.92,0.0,0.0
2026-07-09T11:25:35.854907,Raspberry_Relieve1,,,38.096,0.0,0,0.0,100.0,-1,0.0,,,,,,1745,1.0,0.0,0.0
2026-07-09T11:25:36.855046,Raspberry_Relieve1,,,38.094,0.0,0,0.0,100.0,-1,0.0,,,,,,1746,0.89,0.0,0.0
2026-07-09T11:25:37.855161,Raspberry_Relieve1,,,38.096,0.0,0,0.0,100.0,-1,0.0,,,,,,1747,1.07,0.0,0.0
2026-07-09T11:25:38.855284,Raspberry_Relieve1,,,38.095,0.0,0,0.0,100.0,-1,0.0,,,,,,1748,0.98,0.0,0.0
2026-07-09T11:25:39.855410,Raspberry_Relieve1,,,38.095,0.0,0,0.0,100.0,-1,0.0,,,,,,1749,1.09,0.0,0.0
2026-07-09T11:25:40.855526,Raspberry_Relieve1,,,38.098,0.0,0,0.0,100.0,-1,0.0,,,,,,1750,0.89,0.0,0.0
2026-07-09T11:25:41.855650,Raspberry_Relieve1,,,38.095,0.0,0,0.0,100.0,-1,0.0,,,,,,1751,1.05,0.0,0.0
2026-07-09T11:25:42.855777,Raspberry_Relieve1,,,38.094,0.0,0,0.0,100.0,-1,0.0,,,,,,1752,0.94,0.0,0.0
2026-07-09T11:25:43.855894,Raspberry_Relieve1,,,38.097,0.0,0,0.0,100.0,-1,0.0,,,,,,1753,1.0,0.0,0.0
2026-07-09T11:25:44.856028,Raspberry_Relieve1,,,38.096,0.0,0,0.0,100.0,-1,0.0,,,,,,1754,0.98,0.0,0.0
2026-07-09T11:25:45.856153,Raspberry_Relieve1,,,38.098,0.0,0,0.0,100.0,-1,0.0,,,,,,1755,1.03,0.0,0.0
2026-07-09T11:25:46.856263,Raspberry_Relieve1,,,38.094,0.0,0,0.0,100.0,-1,0.0,,,,,,1756,1.04,0.0,0.0
2026-07-09T11:25:47.856373,Raspberry_Relieve1,,,38.095,0.0,0,0.0,100.0,-1,0.0,,,,,,1757,0.94,0.0,0.0
2026-07-09T11:25:48.856510,Raspberry_Relieve1,,,38.095,0.0,0,0.0,100.0,-1,0.0,,,,,,1758,1.03,0.0,0.0
2026-07-09T11:25:49.856621,Raspberry_Relieve1,,,38.096,0.0,0,0.0,100.0,-1,0.0,,,,,,1759,1.04,0.0,0.0
2026-07-09T11:25:50.856739,Raspberry_Relieve1,,,38.095,0.0,0,0.0,100.0,-1,0.0,,,,,,1760,1.02,0.0,0.0
2026-07-09T11:25:51.856884,Raspberry_Relieve1,,,38.096,0.0,0,0.0,100.0,-1,0.0,,,,,,1761,1.02,0.0,0.0
2026-07-09T11:25:52.857003,Raspberry_Relieve1,,,38.095,0.0,0,0.0,100.0,-1,0.0,,,,,,1762,0.98,0.0,0.0
2026-07-09T11:25:53.857136,Raspberry_Relieve1,,,38.096,0.0,0,0.0,100.0,-1,0.0,,,,,,1763,0.96,0.0,0.0
2026-07-09T11:25:54.857256,Raspberry_Relieve1,,,38.095,0.0,0,0.0,100.0,-1,0.0,,,,,,1764,0.96,0.0,0.0
2026-07-09T11:25:55.857376,Raspberry_Relieve1,,,38.094,0.0,0,0.0,100.0,-1,0.0,,,,,,1765,1.04,0.0,0.0
2026-07-09T11:25:56.857512,Raspberry_Relieve1,,,38.095,0.0,0,0.0,100.0,-1,0.0,,,,,,1766,1.03,0.0,0.0
2026-07-09T11:25:57.857624,Raspberry_Relieve1,,,38.097,0.0,0,0.0,100.0,-1,0.0,,,,,,1767,1.02,0.0,0.0
2026-07-09T11:25:58.857738,Raspberry_Relieve1,,,38.096,0.0,0,0.0,100.0,-1,0.0,,,,,,1768,0.95,0.0,0.0
2026-07-09T11:25:59.857868,Raspberry_Relieve1,,,38.097,0.0,0,0.0,100.0,-1,0.0,,,,,,1769,0.96,0.0,0.0
2026-07-09T11:26:00.858062,Raspberry_Relieve1,,,38.096,0.0,0,0.0,100.0,-1,0.0,,,,,,1770,0.99,0.0,0.0
2026-07-09T11:26:01.858123,Raspberry_Relieve1,,,38.096,0.0,0,0.0,100.0,-1,0.0,,,,,,1771,1.13,0.0,0.0
2026-07-09T11:26:02.858205,Raspberry_Relieve1,,,38.094,0.0,0,0.0,100.0,-1,0.0,,,,,,1772,0.96,0.0,0.0
2026-07-09T11:26:03.858294,Raspberry_Relieve1,,,38.095,0.0,0,0.0,100.0,-1,0.0,,,,,,1773,0.97,0.0,0.0
2026-07-09T11:26:04.858383,Raspberry_Relieve1,,,38.094,0.0,0,0.0,100.0,-1,0.0,,,,,,1774,1.05,0.0,0.0
2026-07-09T11:26:05.858487,Raspberry_Relieve1,,,38.094,0.0,0,0.0,100.0,-1,0.0,,,,,,1775,0.95,0.0,0.0
2026-07-09T11:26:06.858624,Raspberry_Relieve1,,,38.091,0.0,0,0.0,100.0,-1,0.0,,,,,,1776,0.91,0.0,0.0
2026-07-09T11:26:07.858748,Raspberry_Relieve1,,,38.092,0.0,0,0.0,100.0,-1,0.0,,,,,,1777,1.13,0.0,0.0
2026-07-09T11:26:08.858864,Raspberry_Relieve1,,,38.095,0.0,0,0.0,100.0,-1,0.0,,,,,,1778,1.0,0.0,0.0
2026-07-09T11:26:09.859001,Raspberry_Relieve1,,,38.095,0.0,0,0.0,100.0,-1,0.0,,,,,,1779,1.0,0.0,0.0
2026-07-09T11:26:10.859126,Raspberry_Relieve1,,,38.095,0.0,0,0.0,100.0,-1,0.0,,,,,,1780,0.97,0.0,0.0
2026-07-09T11:26:11.859249,Raspberry_Relieve1,,,38.095,0.0,0,0.0,100.0,-1,0.0,,,,,,1781,0.99,0.0,0.0
2026-07-09T11:26:12.859370,Raspberry_Relieve1,,,38.096,0.0,0,0.0,100.0,-1,0.0,,,,,,1782,1.03,0.0,0.0
2026-07-09T11:26:13.859527,Raspberry_Relieve1,,,38.095,0.0,0,0.0,100.0,-1,0.0,,,,,,1783,0.94,0.0,0.0
2026-07-09T11:26:14.859647,Raspberry_Relieve1,,,38.092,0.0,0,0.0,100.0,-1,0.0,,,,,,1784,1.05,0.0,0.0
2026-07-09T11:26:15.859770,Raspberry_Relieve1,,,38.094,0.0,0,0.0,100.0,-1,0.0,,,,,,1785,0.97,0.0,0.0
2026-07-09T11:26:16.859899,Raspberry_Relieve1,,,38.095,0.0,0,0.0,100.0,-1,0.0,,,,,,1786,0.94,0.0,0.0
2026-07-09T11:26:17.860046,Raspberry_Relieve1,,,38.094,0.0,0,0.0,100.0,-1,0.0,,,,,,1787,1.12,0.0,0.0
2026-07-09T11:26:18.860170,Raspberry_Relieve1,,,38.094,0.0,0,0.0,100.0,-1,0.0,,,,,,1788,0.93,0.0,0.0
2026-07-09T11:26:19.860296,Raspberry_Relieve1,,,38.095,0.0,0,0.0,100.0,-1,0.0,,,,,,1789,0.97,0.0,0.0
2026-07-09T11:26:20.860460,Raspberry_Relieve1,,,38.094,0.0,0,0.0,100.0,-1,0.0,,,,,,1790,0.98,0.0,0.0
2026-07-09T11:26:21.860586,Raspberry_Relieve1,,,38.093,0.0,0,0.0,100.0,-1,0.0,,,,,,1791,1.02,0.0,0.0
2026-07-09T11:26:22.860747,Raspberry_Relieve1,,,38.092,0.0,0,0.0,100.0,-1,0.0,,,,,,1792,1.08,0.0,0.0
2026-07-09T11:26:23.860859,Raspberry_Relieve1,,,38.096,0.0,0,0.0,100.0,-1,0.0,,,,,,1793,0.94,0.0,0.0
2026-07-09T11:26:24.860983,Raspberry_Relieve1,,,38.093,0.0,0,0.0,100.0,-1,0.0,,,,,,1794,1.08,0.0,0.0
2026-07-09T11:26:25.861096,Raspberry_Relieve1,,,38.094,0.0,0,0.0,100.0,-1,0.0,,,,,,1795,0.96,0.0,0.0
2026-07-09T11:26:26.861208,Raspberry_Relieve1,,,38.096,0.0,0,0.0,100.0,-1,0.0,,,,,,1796,1.05,0.0,0.0
2026-07-09T11:26:27.861328,Raspberry_Relieve1,,,38.096,0.0,0,0.0,100.0,-1,0.0,,,,,,1797,0.94,0.0,0.0
2026-07-09T11:26:28.861451,Raspberry_Relieve1,,,38.095,0.0,0,0.0,100.0,-1,0.0,,,,,,1798,0.95,0.0,0.0
2026-07-09T11:26:29.861573,Raspberry_Relieve1,,,38.095,0.0,0,0.0,100.0,-1,0.0,,,,,,1799,1.1,0.0,0.0
2026-07-09T11:26:30.861683,Raspberry_Relieve1,,,38.093,0.0,0,0.0,100.0,-1,0.0,,,,,,1800,0.98,0.0,0.0
2026-07-09T11:26:31.861796,Raspberry_Relieve1,,,38.094,0.0,0,0.0,100.0,-1,0.0,,,,,,1801,1.01,0.0,0.0
2026-07-09T11:26:32.861923,Raspberry_Relieve1,,,38.095,0.0,0,0.0,100.0,-1,0.0,,,,,,1802,0.95,0.0,0.0
2026-07-09T11:26:33.862030,Raspberry_Relieve1,,,38.092,0.0,0,0.0,100.0,-1,0.0,,,,,,1803,1.04,0.0,0.0
2026-07-09T11:26:34.862134,Raspberry_Relieve1,,,38.095,0.0,0,0.0,100.0,-1,0.0,,,,,,1804,0.94,0.0,0.0
2026-07-09T11:26:35.862254,Raspberry_Relieve1,,,38.094,0.0,0,0.0,100.0,-1,0.0,,,,,,1805,1.05,0.0,0.0
2026-07-09T11:26:36.862880,Raspberry_Relieve1,,,38.097,0.0,0,0.0,100.0,-1,0.0,,,,,,1806,1.08,0.0,0.0
2026-07-09T11:26:37.863007,Raspberry_Relieve1,,,38.095,0.0,0,0.0,100.0,-1,0.0,,,,,,1807,1.03,0.0,0.0
2026-07-09T11:26:38.863146,Raspberry_Relieve1,,,38.094,0.0,0,0.0,100.0,-1,0.0,,,,,,1808,0.92,0.0,0.0
2026-07-09T11:26:39.863255,Raspberry_Relieve1,,,38.094,0.0,0,0.0,100.0,-1,0.0,,,,,,1809,1.0,0.0,0.0
2026-07-09T11:26:40.863435,Raspberry_Relieve1,,,38.094,0.0,0,0.0,100.0,-1,0.0,,,,,,1810,0.94,0.0,0.0
2026-07-09T11:26:41.863541,Raspberry_Relieve1,,,38.093,0.0,0,0.0,100.0,-1,0.0,,,,,,1811,1.01,0.0,0.0
2026-07-09T11:26:42.863689,Raspberry_Relieve1,,,38.094,0.0,0,0.0,100.0,-1,0.0,,,,,,1812,1.07,0.0,0.0
2026-07-09T11:26:43.863795,Raspberry_Relieve1,,,38.095,0.0,0,0.0,100.0,-1,0.0,,,,,,1813,0.97,0.0,0.0
2026-07-09T11:26:44.863909,Raspberry_Relieve1,,,38.093,0.0,0,0.0,100.0,-1,0.0,,,,,,1814,0.95,0.0,0.0
2026-07-09T11:26:45.864029,Raspberry_Relieve1,,,38.093,0.0,0,0.0,100.0,-1,0.0,,,,,,1815,1.09,0.0,0.0
2026-07-09T11:26:46.864156,Raspberry_Relieve1,,,38.093,0.0,0,0.0,100.0,-1,0.0,,,,,,1816,0.95,0.0,0.0
2026-07-09T11:26:47.864263,Raspberry_Relieve1,,,38.091,0.0,0,0.0,100.0,-1,0.0,,,,,,1817,0.99,0.0,0.0
2026-07-09T11:26:48.864381,Raspberry_Relieve1,,,38.09,0.0,0,0.0,100.0,-1,0.0,,,,,,1818,0.95,0.0,0.0
2026-07-09T11:26:49.864499,Raspberry_Relieve1,,,38.094,0.0,0,0.0,100.0,-1,0.0,,,,,,1819,0.99,0.0,0.0
2026-07-09T11:26:50.864611,Raspberry_Relieve1,,,38.094,0.0,0,0.0,100.0,-1,0.0,,,,,,1820,1.13,0.0,0.0
2026-07-09T11:26:51.864837,Raspberry_Relieve1,,,38.093,0.0,0,0.0,100.0,-1,0.0,,,,,,1821,0.98,0.0,0.0
2026-07-09T11:26:52.864956,Raspberry_Relieve1,,,38.092,0.0,0,0.0,100.0,-1,0.0,,,,,,1822,1.01,0.0,0.0
2026-07-09T11:26:53.865135,Raspberry_Relieve1,,,38.094,0.0,0,0.0,100.0,-1,0.0,,,,,,1823,0.92,0.0,0.0
2026-07-09T11:26:54.865251,Raspberry_Relieve1,,,38.094,0.0,0,0.0,100.0,-1,0.0,,,,,,1824,1.03,0.0,0.0
2026-07-09T11:26:55.865436,Raspberry_Relieve1,,,38.093,0.0,0,0.0,100.0,-1,0.0,,,,,,1825,0.96,0.0,0.0
2026-07-09T11:26:56.865555,Raspberry_Relieve1,,,38.095,0.0,0,0.0,100.0,-1,0.0,,,,,,1826,1.02,0.0,0.0
2026-07-09T11:26:57.865664,Raspberry_Relieve1,,,38.095,0.0,0,0.0,100.0,-1,0.0,,,,,,1827,0.98,0.0,0.0
2026-07-09T11:26:58.865861,Raspberry_Relieve1,,,38.094,0.0,0,0.0,100.0,-1,0.0,,,,,,1828,1.05,0.0,0.0
2026-07-09T11:26:59.865982,Raspberry_Relieve1,,,38.093,0.0,0,0.0,100.0,-1,0.0,,,,,,1829,1.13,0.0,0.0
2026-07-09T11:27:00.866090,Raspberry_Relieve1,,,38.093,0.0,0,0.0,100.0,-1,0.0,,,,,,1830,0.88,0.0,0.0
2026-07-09T11:27:01.866155,Raspberry_Relieve1,,,38.091,0.0,0,0.0,100.0,-1,0.0,,,,,,1831,1.05,0.0,0.0
2026-07-09T11:27:02.866244,Raspberry_Relieve1,,,38.093,0.0,0,0.0,100.0,-1,0.0,,,,,,1832,1.0,0.0,0.0
2026-07-09T11:27:03.866326,Raspberry_Relieve1,,,38.092,0.0,0,0.0,100.0,-1,0.0,,,,,,1833,0.95,0.0,0.0
2026-07-09T11:27:04.866408,Raspberry_Relieve1,,,38.092,0.0,0,0.0,100.0,-1,0.0,,,,,,1834,0.92,0.0,0.0
2026-07-09T11:27:05.866495,Raspberry_Relieve1,,,38.092,0.0,0,0.0,100.0,-1,0.0,,,,,,1835,1.14,0.0,0.0
2026-07-09T11:27:06.866614,Raspberry_Relieve1,,,38.092,0.0,0,0.0,100.0,-1,0.0,,,,,,1836,0.87,0.0,0.0
2026-07-09T11:27:07.866724,Raspberry_Relieve1,,,38.092,0.0,0,0.0,100.0,-1,0.0,,,,,,1837,1.06,0.0,0.0
2026-07-09T11:27:08.866833,Raspberry_Relieve1,,,38.092,0.0,0,0.0,100.0,-1,0.0,,,,,,1838,1.01,0.0,0.0
2026-07-09T11:27:09.867044,Raspberry_Relieve1,,,38.091,0.0,0,0.0,100.0,-1,0.0,,,,,,1839,1.05,0.0,0.0
2026-07-09T11:27:10.867147,Raspberry_Relieve1,,,38.092,0.0,0,0.0,100.0,-1,0.0,,,,,,1840,0.95,0.0,0.0
2026-07-09T11:27:11.867257,Raspberry_Relieve1,,,38.091,0.0,0,0.0,100.0,-1,0.0,,,,,,1841,0.97,0.0,0.0
2026-07-09T11:27:12.867472,Raspberry_Relieve1,,,38.091,0.0,0,0.0,100.0,-1,0.0,,,,,,1842,1.08,0.0,0.0
2026-07-09T11:27:13.867664,Raspberry_Relieve1,,,38.092,0.0,0,0.0,100.0,-1,0.0,,,,,,1843,0.89,0.0,0.0
2026-07-09T11:27:14.867804,Raspberry_Relieve1,,,38.091,0.0,0,0.0,100.0,-1,0.0,,,,,,1844,1.06,0.0,0.0
2026-07-09T11:27:15.868030,Raspberry_Relieve1,,,38.093,0.0,0,0.0,100.0,-1,0.0,,,,,,1845,1.07,0.0,0.0
2026-07-09T11:27:16.868216,Raspberry_Relieve1,,,38.093,0.0,0,0.0,100.0,-1,0.0,,,,,,1846,0.96,0.0,0.0
2026-07-09T11:27:17.868454,Raspberry_Relieve1,,,38.092,0.0,0,0.0,100.0,-1,0.0,,,,,,1847,0.97,0.0,0.0
2026-07-09T11:27:18.868695,Raspberry_Relieve1,,,38.092,0.0,0,0.0,100.0,-1,0.0,,,,,,1848,0.94,0.0,0.0
2026-07-09T11:27:19.868766,Raspberry_Relieve1,,,38.091,0.0,0,0.0,100.0,-1,0.0,,,,,,1849,1.05,0.0,0.0
2026-07-09T11:27:20.868985,Raspberry_Relieve1,,,38.093,0.0,0,0.0,100.0,-1,0.0,,,,,,1850,1.01,0.0,0.0
2026-07-09T11:27:21.869113,Raspberry_Relieve1,,,38.091,0.0,0,0.0,100.0,-1,0.0,,,,,,1851,0.95,0.0,0.0
2026-07-09T11:27:22.869227,Raspberry_Relieve1,,,38.094,0.0,0,0.0,100.0,-1,0.0,,,,,,1852,1.12,0.0,0.0
2026-07-09T11:27:23.869338,Raspberry_Relieve1,,,38.095,0.0,0,0.0,100.0,-1,0.0,,,,,,1853,1.07,0.0,0.0
2026-07-09T11:27:24.869461,Raspberry_Relieve1,,,38.093,0.0,0,0.0,100.0,-1,0.0,,,,,,1854,0.87,0.0,0.0
2026-07-09T11:27:25.869565,Raspberry_Relieve1,,,38.093,0.0,0,0.0,100.0,-1,0.0,,,,,,1855,1.01,0.0,0.0
2026-07-09T11:27:26.869673,Raspberry_Relieve1,,,38.092,0.0,0,0.0,100.0,-1,0.0,,,,,,1856,1.01,0.0,0.0
2026-07-09T11:27:27.869787,Raspberry_Relieve1,,,38.093,0.0,0,0.0,100.0,-1,0.0,,,,,,1857,0.91,0.0,0.0
2026-07-09T11:27:28.869932,Raspberry_Relieve1,,,38.093,0.0,0,0.0,100.0,-1,0.0,,,,,,1858,1.07,0.0,0.0
2026-07-09T11:27:29.870158,Raspberry_Relieve1,,,38.094,0.0,0,0.0,100.0,-1,0.0,,,,,,1859,0.95,0.0,0.0
2026-07-09T11:27:30.870362,Raspberry_Relieve1,,,38.093,0.0,0,0.0,100.0,-1,0.0,,,,,,1860,1.01,0.0,0.0
2026-07-09T11:27:31.870570,Raspberry_Relieve1,,,38.093,0.0,0,0.0,100.0,-1,0.0,,,,,,1861,1.07,0.0,0.0
2026-07-09T11:27:32.870673,Raspberry_Relieve1,,,38.093,0.0,0,0.0,100.0,-1,0.0,,,,,,1862,0.99,0.0,0.0
2026-07-09T11:27:33.870778,Raspberry_Relieve1,,,38.092,0.0,0,0.0,100.0,-1,0.0,,,,,,1863,0.97,0.0,0.0
2026-07-09T11:27:34.870889,Raspberry_Relieve1,,,38.092,0.0,0,0.0,100.0,-1,0.0,,,,,,1864,0.94,0.0,0.0
2026-07-09T11:27:35.871000,Raspberry_Relieve1,,,38.092,0.0,0,0.0,100.0,-1,0.0,,,,,,1865,1.02,0.0,0.0
2026-07-09T11:27:36.871109,Raspberry_Relieve1,,,38.091,0.0,0,0.0,100.0,-1,0.0,,,,,,1866,1.08,0.0,0.0
2026-07-09T11:27:37.871209,Raspberry_Relieve1,,,38.093,0.0,0,0.0,100.0,-1,0.0,,,,,,1867,0.98,0.0,0.0
2026-07-09T11:27:38.871312,Raspberry_Relieve1,,,38.091,0.0,0,0.0,100.0,-1,0.0,,,,,,1868,1.0,0.0,0.0
2026-07-09T11:27:39.871416,Raspberry_Relieve1,,,38.091,0.0,0,0.0,100.0,-1,0.0,,,,,,1869,1.08,0.0,0.0
2026-07-09T11:27:40.871521,Raspberry_Relieve1,,,38.092,0.0,0,0.0,100.0,-1,0.0,,,,,,1870,0.93,0.0,0.0
2026-07-09T11:27:41.871625,Raspberry_Relieve1,,,38.091,0.0,0,0.0,100.0,-1,0.0,,,,,,1871,1.01,0.0,0.0
2026-07-09T11:27:42.871732,Raspberry_Relieve1,,,38.092,0.0,0,0.0,100.0,-1,0.0,,,,,,1872,1.0,0.0,0.0
2026-07-09T11:27:43.871836,Raspberry_Relieve1,,,38.092,0.0,0,0.0,100.0,-1,0.0,,,,,,1873,0.97,0.0,0.0
2026-07-09T11:27:44.871946,Raspberry_Relieve1,,,38.089,0.0,0,0.0,100.0,-1,0.0,,,,,,1874,1.0,0.0,0.0
2026-07-09T11:27:45.872057,Raspberry_Relieve1,,,38.09,0.0,0,0.0,100.0,-1,0.0,,,,,,1875,1.03,0.0,0.0
2026-07-09T11:27:46.872153,Raspberry_Relieve1,,,38.091,0.0,0,0.0,100.0,-1,0.0,,,,,,1876,0.89,0.0,0.0
2026-07-09T11:27:47.872276,Raspberry_Relieve1,,,38.09,0.0,0,0.0,100.0,-1,0.0,,,,,,1877,1.1,0.0,0.0
2026-07-09T11:27:48.872380,Raspberry_Relieve1,,,38.091,0.0,0,0.0,100.0,-1,0.0,,,,,,1878,0.95,0.0,0.0
2026-07-09T11:27:49.872475,Raspberry_Relieve1,,,38.09,0.0,0,0.0,100.0,-1,0.0,,,,,,1879,1.07,0.0,0.0
2026-07-09T11:27:50.872586,Raspberry_Relieve1,,,38.091,0.0,0,0.0,100.0,-1,0.0,,,,,,1880,1.0,0.0,0.0
2026-07-09T11:27:51.872734,Raspberry_Relieve1,,,38.089,0.0,0,0.0,100.0,-1,0.0,,,,,,1881,0.91,0.0,0.0
2026-07-09T11:27:52.872851,Raspberry_Relieve1,,,38.09,0.0,0,0.0,100.0,-1,0.0,,,,,,1882,1.06,0.0,0.0
2026-07-09T11:27:53.872950,Raspberry_Relieve1,,,38.091,0.0,0,0.0,100.0,-1,0.0,,,,,,1883,0.98,0.0,0.0
2026-07-09T11:27:54.873024,Raspberry_Relieve1,,,38.09,0.0,0,0.0,100.0,-1,0.0,,,,,,1884,0.94,0.0,0.0
2026-07-09T11:27:55.873107,Raspberry_Relieve1,,,38.088,0.0,0,0.0,100.0,-1,0.0,,,,,,1885,1.08,0.0,0.0
2026-07-09T11:27:56.873190,Raspberry_Relieve1,,,38.089,0.0,0,0.0,100.0,-1,0.0,,,,,,1886,0.95,0.0,0.0
2026-07-09T11:27:57.873277,Raspberry_Relieve1,,,38.089,0.0,0,0.0,100.0,-1,0.0,,,,,,1887,0.97,0.0,0.0
2026-07-09T11:27:58.873352,Raspberry_Relieve1,,,38.09,0.0,0,0.0,100.0,-1,0.0,,,,,,1888,1.06,0.0,0.0
2026-07-09T11:27:59.873482,Raspberry_Relieve1,,,38.087,0.0,0,0.0,100.0,-1,0.0,,,,,,1889,1.06,0.0,0.0
2026-07-09T11:28:00.873579,Raspberry_Relieve1,,,38.089,0.0,0,0.0,100.0,-1,0.0,,,,,,1890,0.89,0.0,0.0
2026-07-09T11:28:01.873687,Raspberry_Relieve1,,,38.089,0.0,0,0.0,100.0,-1,0.0,,,,,,1891,0.98,0.0,0.0
2026-07-09T11:28:02.873802,Raspberry_Relieve1,,,38.09,0.0,0,0.0,100.0,-1,0.0,,,,,,1892,1.08,0.0,0.0
2026-07-09T11:28:03.873914,Raspberry_Relieve1,,,38.093,0.0,0,0.0,100.0,-1,0.0,,,,,,1893,0.93,0.0,0.0
2026-07-09T11:28:04.874098,Raspberry_Relieve1,,,38.09,0.0,0,0.0,100.0,-1,0.0,,,,,,1894,1.1,0.0,0.0
2026-07-09T11:28:05.874150,Raspberry_Relieve1,,,38.091,0.0,0,0.0,100.0,-1,0.0,,,,,,1895,1.03,0.0,0.0
2026-07-09T11:28:06.874254,Raspberry_Relieve1,,,38.089,0.0,0,0.0,100.0,-1,0.0,,,,,,1896,0.97,0.0,0.0
2026-07-09T11:28:07.874359,Raspberry_Relieve1,,,36.627,7.113,261,260.53,100.0,-1,0.0,,,,,,1897,0.94,0.033917,0.033917
2026-07-09T11:28:08.874463,Raspberry_Relieve1,,,38.051,0.887,34,33.75,100.0,-1,0.0,,,,,,1898,1.06,0.043204,0.077121
2026-07-09T11:28:09.874576,Raspberry_Relieve1,,,38.033,0.318,12,12.09,100.0,-1,0.0,,,,,,1899,1.04,0.006632,0.083753
2026-07-09T11:28:10.874687,Raspberry_Relieve1,,,38.053,0.213,8,8.11,100.0,-1,0.0,,,,,,1900,0.95,0.002663,0.086416
2026-07-09T11:28:11.874789,Raspberry_Relieve1,,,38.003,5.531,210,210.19,100.0,-1,0.0,,,,,,1901,1.05,0.031962,0.118379
2026-07-09T11:28:12.874900,Raspberry_Relieve1,,,38.057,0.343,13,13.05,100.0,-1,0.0,,,,,,1902,1.0,0.031004,0.149383
2026-07-09T11:28:13.875014,Raspberry_Relieve1,,,38.061,0.0,0,13.05,100.0,-1,0.0,,,,,,1903,0.88,0.003188,0.152571
2026-07-09T11:28:14.875177,Raspberry_Relieve1,,,38.065,0.0,0,13.05,100.0,-1,0.0,,,,,,1904,1.05,0.003808,0.156379
2026-07-09T11:28:15.875290,Raspberry_Relieve1,,,38.066,0.0,0,13.05,100.0,-1,0.0,,,,,,1905,1.02,0.003684,0.160063
2026-07-09T11:28:16.875458,Raspberry_Relieve1,,,38.006,0.257,10,9.77,100.0,-1,0.0,,,,,,1906,0.97,0.00308,0.163143
2026-07-09T11:28:17.875622,Raspberry_Relieve1,,,37.353,4.755,178,177.61,100.0,-1,0.0,,,,,,1907,0.95,0.024759,0.187903
2026-07-09T11:28:18.875742,Raspberry_Relieve1,,,36.732,9.617,353,353.25,100.0,-1,0.0,,,,,,1908,1.02,0.075044,0.262947
2026-07-09T11:28:19.875861,Raspberry_Relieve1,,,37.387,3.977,149,148.69,100.0,-1,0.0,,,,,,1909,1.1,0.076412,0.339359
2026-07-09T11:28:20.876066,Raspberry_Relieve1,,,37.751,2.304,87,86.98,100.0,-1,0.0,,,,,,1910,0.95,0.030968,0.370327
2026-07-09T11:28:21.876166,Raspberry_Relieve1,,,36.978,6.666,246,246.5,100.0,-1,0.0,,,,,,1911,1.07,0.049378,0.419705
2026-07-09T11:28:22.876272,Raspberry_Relieve1,,,37.818,3.243,123,122.64,100.0,-1,0.0,,,,,,1912,0.96,0.049214,0.468919
2026-07-09T11:28:23.876441,Raspberry_Relieve1,,,37.65,2.669,100,100.49,100.0,-1,0.0,,,,,,1913,0.97,0.030151,0.49907
2026-07-09T11:28:24.876578,Raspberry_Relieve1,,,37.183,5.847,217,217.41,100.0,-1,0.0,,,,,,1914,0.99,0.043852,0.542922
2026-07-09T11:28:25.876732,Raspberry_Relieve1,,,37.212,5.722,213,212.93,100.0,-1,0.0,,,,,,1915,1.09,0.065332,0.608254
2026-07-09T11:28:26.876857,Raspberry_Relieve1,,,36.936,9.014,333,332.94,100.0,-1,0.0,,,,,,1916,0.9,0.067889,0.676142
2026-07-09T11:28:27.876966,Raspberry_Relieve1,,,36.643,9.846,361,360.79,100.0,-1,0.0,,,,,,1917,0.98,0.094683,0.770826
2026-07-09T11:28:28.877102,Raspberry_Relieve1,,,37.072,6.384,237,236.67,100.0,-1,0.0,,,,,,1918,1.05,0.086722,0.857548
2026-07-09T11:28:29.877196,Raspberry_Relieve1,,,37.942,0.694,26,26.33,100.0,-1,0.0,,,,,,1919,0.99,0.036083,0.893631
2026-07-09T11:28:30.877358,Raspberry_Relieve1,,,37.954,0.0,0,26.33,100.0,-1,0.0,,,,,,1920,0.93,0.006819,0.90045
2026-07-09T11:28:31.877513,Raspberry_Relieve1,,,37.964,0.0,0,26.33,100.0,-1,0.0,,,,,,1921,1.1,0.008036,0.908486
2026-07-09T11:28:32.877679,Raspberry_Relieve1,,,37.972,0.0,0,26.33,100.0,-1,0.0,,,,,,1922,0.92,0.006739,0.915225
2026-07-09T11:28:33.877833,Raspberry_Relieve1,,,37.977,0.0,0,26.33,100.0,-1,0.0,,,,,,1923,1.09,0.007938,0.923163
2026-07-09T11:28:34.877991,Raspberry_Relieve1,,,37.983,0.0,0,26.33,100.0,-1,0.0,,,,,,1924,0.96,0.007013,0.930177
2026-07-09T11:28:35.878113,Raspberry_Relieve1,,,37.985,0.0,0,26.33,100.0,-1,0.0,,,,,,1925,0.96,0.00704,0.937216
2026-07-09T11:28:36.878223,Raspberry_Relieve1,,,37.99,0.0,0,26.33,100.0,-1,0.0,,,,,,1926,1.07,0.007844,0.94506
2026-07-09T11:28:37.878314,Raspberry_Relieve1,,,37.994,0.0,0,26.33,100.0,-1,0.0,,,,,,1927,0.92,0.006708,0.951768
2026-07-09T11:28:38.878439,Raspberry_Relieve1,,,37.995,0.0,0,26.33,100.0,-1,0.0,,,,,,1928,1.07,0.007821,0.959589
2026-07-09T11:28:39.878644,Raspberry_Relieve1,,,37.998,0.0,0,26.33,100.0,-1,0.0,,,,,,1929,0.91,0.006675,0.966264
2026-07-09T11:28:40.878681,Raspberry_Relieve1,,,38.0,0.0,0,26.33,100.0,-1,0.0,,,,,,1930,1.06,0.00778,0.974043
2026-07-09T11:28:41.878834,Raspberry_Relieve1,,,38.005,0.0,0,26.33,100.0,-1,0.0,,,,,,1931,1.06,0.007718,0.981761
2026-07-09T11:28:42.878950,Raspberry_Relieve1,,,38.007,0.0,0,26.33,100.0,-1,0.0,,,,,,1932,1.0,0.007297,0.989059
2026-07-09T11:28:43.879094,Raspberry_Relieve1,,,38.009,0.0,0,26.33,100.0,-1,0.0,,,,,,1933,0.96,0.007055,0.996113
2026-07-09T11:28:44.879239,Raspberry_Relieve1,,,38.009,0.0,0,26.33,100.0,-1,0.0,,,,,,1934,1.02,0.007479,1.003592
2026-07-09T11:28:45.879345,Raspberry_Relieve1,,,37.089,3.726,138,138.19,100.0,-1,0.0,,,,,,1935,0.96,0.021826,1.025419
2026-07-09T11:28:46.879492,Raspberry_Relieve1,,,37.121,7.622,283,282.94,100.0,-1,0.0,,,,,,1936,1.04,0.060926,1.086344
2026-07-09T11:28:47.879646,Raspberry_Relieve1,,,37.979,0.58,22,22.03,100.0,-1,0.0,,,,,,1937,0.98,0.041301,1.127645
2026-07-09T11:28:48.879793,Raspberry_Relieve1,,,37.988,0.0,0,22.03,100.0,-1,0.0,,,,,,1938,1.05,0.006435,1.13408
2026-07-09T11:28:49.879933,Raspberry_Relieve1,,,37.992,0.0,0,22.03,100.0,-1,0.0,,,,,,1939,0.87,0.005299,1.139379
2026-07-09T11:28:50.880099,Raspberry_Relieve1,,,37.996,0.0,0,22.03,100.0,-1,0.0,,,,,,1940,1.0,0.006149,1.145528
2026-07-09T11:28:51.880261,Raspberry_Relieve1,,,38.0,0.0,0,22.03,100.0,-1,0.0,,,,,,1941,1.02,0.006242,1.15177
2026-07-09T11:28:52.880402,Raspberry_Relieve1,,,38.002,0.0,0,22.03,100.0,-1,0.0,,,,,,1942,1.09,0.006653,1.158423
2026-07-09T11:28:53.880553,Raspberry_Relieve1,,,38.005,0.0,0,22.03,100.0,-1,0.0,,,,,,1943,0.91,0.00558,1.164003
2026-07-09T11:28:54.880772,Raspberry_Relieve1,,,38.007,0.0,0,22.03,100.0,-1,0.0,,,,,,1944,1.08,0.006587,1.17059
2026-07-09T11:28:55.880929,Raspberry_Relieve1,,,38.009,0.0,0,22.03,100.0,-1,0.0,,,,,,1945,0.93,0.005665,1.176255
2026-07-09T11:28:56.881095,Raspberry_Relieve1,,,38.01,0.0,0,22.03,100.0,-1,0.0,,,,,,1946,1.08,0.006631,1.182886
2026-07-09T11:28:57.881216,Raspberry_Relieve1,,,38.012,0.0,0,22.03,100.0,-1,0.0,,,,,,1947,0.9,0.005512,1.188397
2026-07-09T11:28:58.881368,Raspberry_Relieve1,,,38.014,0.0,0,22.03,100.0,-1,0.0,,,,,,1948,1.07,0.006521,1.194919
2026-07-09T11:28:59.881502,Raspberry_Relieve1,,,38.015,0.0,0,22.03,100.0,-1,0.0,,,,,,1949,1.0,0.006148,1.201066
2026-07-09T11:29:00.881562,Raspberry_Relieve1,,,38.016,0.0,0,22.03,100.0,-1,0.0,,,,,,1950,0.98,0.005999,1.207065
2026-07-09T11:29:01.881665,Raspberry_Relieve1,,,38.017,0.0,0,22.03,100.0,-1,0.0,,,,,,1951,1.0,0.006142,1.213207
2026-07-09T11:29:02.881741,Raspberry_Relieve1,,,38.018,0.0,0,22.03,100.0,-1,0.0,,,,,,1952,0.99,0.006088,1.219295
2026-07-09T11:29:03.881830,Raspberry_Relieve1,,,38.019,0.0,0,22.03,100.0,-1,0.0,,,,,,1953,1.12,0.00683,1.226125
2026-07-09T11:29:04.881919,Raspberry_Relieve1,,,36.303,8.594,312,311.99,100.0,-1,0.0,,,,,,1954,0.95,0.043929,1.270055
2026-07-09T11:29:05.882082,Raspberry_Relieve1,,,37.149,6.77,252,251.5,100.0,-1,0.0,,,,,,1955,0.91,0.071128,1.341183
2026-07-09T11:29:06.882202,Raspberry_Relieve1,,,37.013,5.795,214,214.49,100.0,-1,0.0,,,,,,1956,1.05,0.067687,1.40887
2026-07-09T11:29:07.882323,Raspberry_Relieve1,,,37.505,5.659,212,212.24,100.0,-1,0.0,,,,,,1957,0.99,0.058448,1.467319
2026-07-09T11:29:08.882437,Raspberry_Relieve1,,,37.403,4.935,185,184.58,100.0,-1,0.0,,,,,,1958,1.05,0.058027,1.525346
2026-07-09T11:29:09.882547,Raspberry_Relieve1,,,37.432,4.007,150,149.99,100.0,-1,0.0,,,,,,1959,1.02,0.047426,1.572772
2026-07-09T11:29:10.882648,Raspberry_Relieve1,,,37.462,4.939,185,185.02,100.0,-1,0.0,,,,,,1960,0.87,0.040678,1.613451
2026-07-09T11:29:11.882758,Raspberry_Relieve1,,,36.702,7.079,260,259.81,100.0,-1,0.0,,,,,,1961,1.09,0.067366,1.680817
2026-07-09T11:29:12.882870,Raspberry_Relieve1,,,37.725,3.095,117,116.76,100.0,-1,0.0,,,,,,1962,0.98,0.051373,1.73219
2026-07-09T11:29:13.882984,Raspberry_Relieve1,,,37.519,2.524,95,94.7,100.0,-1,0.0,,,,,,1963,1.03,0.030255,1.762445
2026-07-09T11:29:14.883117,Raspberry_Relieve1,,,36.078,10.272,371,370.59,100.0,-1,0.0,,,,,,1964,0.96,0.061865,1.824309
2026-07-09T11:29:15.883239,Raspberry_Relieve1,,,36.666,10.216,375,374.58,100.0,-1,0.0,,,,,,1965,1.05,0.108949,1.933258
2026-07-09T11:29:16.883354,Raspberry_Relieve1,,,37.261,5.652,211,210.6,100.0,-1,0.0,,,,,,1966,0.89,0.072706,2.005964
2026-07-09T11:29:17.883474,Raspberry_Relieve1,,,37.305,4.612,172,172.05,100.0,-1,0.0,,,,,,1967,1.06,0.056486,2.062451
2026-07-09T11:29:18.883626,Raspberry_Relieve1,,,37.091,5.64,209,209.19,100.0,-1,0.0,,,,,,1968,1.01,0.053518,2.115969
2026-07-09T11:29:19.883766,Raspberry_Relieve1,,,37.351,4.691,175,175.21,100.0,-1,0.0,,,,,,1969,1.01,0.053931,2.1699
2026-07-09T11:29:20.883885,Raspberry_Relieve1,,,37.36,4.273,160,159.64,100.0,-1,0.0,,,,,,1970,1.0,0.046483,2.216383
2026-07-09T11:29:21.884001,Raspberry_Relieve1,,,37.876,0.765,29,28.98,100.0,-1,0.0,,,,,,1971,0.94,0.024535,2.240918
2026-07-09T11:29:22.884137,Raspberry_Relieve1,,,36.857,7.245,267,267.03,100.0,-1,0.0,,,,,,1972,1.08,0.044214,2.285133
2026-07-09T11:29:23.884276,Raspberry_Relieve1,,,37.177,5.759,214,214.1,100.0,-1,0.0,,,,,,1973,0.92,0.061229,2.346362
2026-07-09T11:29:24.884387,Raspberry_Relieve1,,,37.407,4.057,152,151.76,100.0,-1,0.0,,,,,,1974,1.1,0.055873,2.402235
2026-07-09T11:29:25.884506,Raspberry_Relieve1,,,37.674,1.902,72,71.66,100.0,-1,0.0,,,,,,1975,0.9,0.027942,2.430177
2026-07-09T11:29:26.884629,Raspberry_Relieve1,,,37.715,1.49,56,56.2,100.0,-1,0.0,,,,,,1976,1.09,0.019432,2.449609
2026-07-09T11:29:27.884745,Raspberry_Relieve1,,,37.892,0.499,19,18.91,100.0,-1,0.0,,,,,,1977,1.02,0.010635,2.460243
2026-07-09T11:29:28.884864,Raspberry_Relieve1,,,37.941,-0.333,-13,-12.63,100.0,14400,0.0,,,,,,1978,0.94,0.000819,2.461062
2026-07-09T11:29:29.885035,Raspberry_Relieve1,,,37.953,-0.366,-14,-13.89,100.0,14400,0.0,,,,,,1979,1.01,-0.003734,2.457329
2026-07-09T11:29:30.885200,Raspberry_Relieve1,,,37.954,-0.347,-13,-13.17,100.0,14400,0.0,,,,,,1980,0.95,-0.003558,2.45377
2026-07-09T11:29:31.885306,Raspberry_Relieve1,,,37.956,-0.317,-12,-12.03,100.0,14400,0.0,,,,,,1981,1.12,-0.003906,2.449865
2026-07-09T11:29:32.885458,Raspberry_Relieve1,,,37.97,-0.355,-13,-13.48,100.0,14400,0.0,,,,,,1982,0.85,-0.003029,2.446836
2026-07-09T11:29:33.885616,Raspberry_Relieve1,,,37.961,-0.319,-12,-12.11,100.0,14400,0.001,,,,,,1983,1.13,-0.004014,2.442822
2026-07-09T11:29:34.885775,Raspberry_Relieve1,,,37.904,2.672,101,101.28,100.0,-1,0.0,,,,,,1984,0.96,0.011858,2.45468
2026-07-09T11:29:35.885939,Raspberry_Relieve1,,,37.957,-0.113,-4,-4.29,100.0,-1,0.0,,,,,,1985,0.96,0.012979,2.467659
2026-07-09T11:29:36.886058,Raspberry_Relieve1,,,37.946,-0.206,-8,-7.82,100.0,14400,0.0,,,,,,1986,1.04,-0.001747,2.465911
2026-07-09T11:29:37.886172,Raspberry_Relieve1,,,37.603,2.888,109,108.6,100.0,-1,0.0,,,,,,1987,0.99,0.013879,2.47979
2026-07-09T11:29:38.886300,Raspberry_Relieve1,,,36.924,6.828,252,252.12,100.0,-1,0.0,,,,,,1988,1.03,0.05147,2.53126
2026-07-09T11:29:39.886419,Raspberry_Relieve1,,,37.202,6.131,228,228.09,100.0,-1,0.0,,,,,,1989,0.95,0.063258,2.594518
2026-07-09T11:29:40.886552,Raspberry_Relieve1,,,37.543,3.226,121,121.11,100.0,-1,0.0,,,,,,1990,0.97,0.04719,2.641709
2026-07-09T11:29:41.886808,Raspberry_Relieve1,,,37.544,2.782,104,104.45,100.0,-1,0.0,,,,,,1991,1.15,0.036174,2.677883
2026-07-09T11:29:42.886938,Raspberry_Relieve1,,,37.642,2.403,90,90.45,100.0,-1,0.0,,,,,,1992,0.83,0.022598,2.700481
2026-07-09T11:29:43.887074,Raspberry_Relieve1,,,37.659,1.572,59,59.2,100.0,-1,0.0,,,,,,1993,1.22,0.025325,2.725806
2026-07-09T11:29:44.887209,Raspberry_Relieve1,,,37.128,6.179,229,229.41,100.0,-1,0.0,,,,,,1994,0.94,0.037561,2.763368
2026-07-09T11:29:45.887344,Raspberry_Relieve1,,,37.838,1.933,73,73.14,100.0,-1,0.0,,,,,,1995,0.96,0.040524,2.803892
2026-07-09T11:29:46.887463,Raspberry_Relieve1,,,37.902,0.0,0,73.14,100.0,-1,0.0,,,,,,1996,0.97,0.019608,2.8235
2026-07-09T11:29:47.887599,Raspberry_Relieve1,,,37.898,0.0,0,73.14,100.0,-1,0.0,,,,,,1997,1.04,0.021091,2.844591
2026-07-09T11:29:48.887738,Raspberry_Relieve1,,,37.838,0.226,9,8.55,100.0,14400,0.0,,,,,,1998,0.89,0.010062,2.854653
2026-07-09T11:29:49.887884,Raspberry_Relieve1,,,37.889,0.264,10,10.0,100.0,-1,0.0,,,,,,1999,1.01,0.002592,2.857245
2026-07-09T11:29:50.888031,Raspberry_Relieve1,,,37.956,-0.281,-11,-10.67,100.0,14400,0.0,,,,,,2000,1.07,-9.8e-05,2.857147
2026-07-09T11:29:51.888156,Raspberry_Relieve1,,,37.96,-0.331,-13,-12.56,100.0,14400,0.0,,,,,,2001,1.0,-0.003238,2.853909
2026-07-09T11:29:52.888282,Raspberry_Relieve1,,,37.969,-0.365,-14,-13.86,100.0,14400,0.0,,,,,,2002,0.97,-0.003555,2.850354
2026-07-09T11:29:53.888410,Raspberry_Relieve1,,,37.968,-0.336,-13,-12.76,100.0,14400,0.0,,,,,,2003,1.04,-0.003853,2.8465
2026-07-09T11:29:54.888565,Raspberry_Relieve1,,,37.98,-0.378,-14,-14.36,100.0,14400,0.0,,,,,,2004,1.07,-0.004042,2.842458
2026-07-09T11:29:55.888834,Raspberry_Relieve1,,,37.927,-0.151,-6,-5.73,100.0,14400,0.001,,,,,,2005,0.92,-0.002553,2.839905
2026-07-09T11:29:56.888972,Raspberry_Relieve1,,,37.554,2.734,103,102.67,100.0,-1,0.0,,,,,,2006,1.03,0.013853,2.853758
2026-07-09T11:29:57.889129,Raspberry_Relieve1,,,37.94,0.95,36,36.04,100.0,-1,0.0,,,,,,2007,1.03,0.019854,2.873612
2026-07-09T11:29:58.889250,Raspberry_Relieve1,,,36.804,7.149,263,263.11,100.0,-1,0.0,,,,,,2008,0.89,0.036984,2.910595
2026-07-09T11:29:59.889390,Raspberry_Relieve1,,,37.81,1.52,57,57.47,100.0,-1,0.0,,,,,,2009,1.02,0.045557,2.956153
2026-07-09T11:30:00.889463,Raspberry_Relieve1,,,37.671,2.123,80,79.98,100.0,-1,0.0,,,,,,2010,0.99,0.018854,2.975006
2026-07-09T11:30:01.889558,Raspberry_Relieve1,,,37.964,0.0,0,79.98,100.0,-1,0.0,,,,,,2011,0.96,0.021348,2.996354
2026-07-09T11:30:02.889647,Raspberry_Relieve1,,,37.965,-0.337,-13,-12.79,100.0,14400,0.0,,,,,,2012,0.98,0.009166,3.00552
2026-07-09T11:30:03.889745,Raspberry_Relieve1,,,38.02,-0.543,-21,-20.64,100.0,14400,0.0,,,,,,2013,1.01,-0.004702,3.000818
2026-07-09T11:30:04.889839,Raspberry_Relieve1,,,37.614,1.113,42,41.86,100.0,14400,0.0,,,,,,2014,1.06,0.00312,3.003939
2026-07-09T11:30:05.890011,Raspberry_Relieve1,,,37.667,2.018,76,76.01,100.0,-1,0.0,,,,,,2015,0.97,0.015872,3.019811
2026-07-09T11:30:06.890131,Raspberry_Relieve1,,,37.889,0.524,20,19.85,100.0,-1,0.0,,,,,,2016,1.08,0.01441,3.034221
2026-07-09T11:30:07.890258,Raspberry_Relieve1,,,37.87,0.471,18,17.84,100.0,-1,0.0,,,,,,2017,0.96,0.005024,3.039245
2026-07-09T11:30:08.890385,Raspberry_Relieve1,,,37.913,0.188,7,7.13,100.0,-1,0.0,,,,,,2018,1.02,0.003543,3.042788
2026-07-09T11:30:09.890504,Raspberry_Relieve1,,,37.951,0.0,0,7.13,100.0,-1,0.0,,,,,,2019,0.91,0.001802,3.04459
2026-07-09T11:30:10.890633,Raspberry_Relieve1,,,37.946,0.0,0,7.13,100.0,14400,0.0,,,,,,2020,1.02,0.002013,3.046603
2026-07-09T11:30:11.890778,Raspberry_Relieve1,,,37.968,-0.122,-5,-4.63,100.0,-1,0.0,,,,,,2021,1.04,0.000362,3.046965
2026-07-09T11:30:12.890894,Raspberry_Relieve1,,,37.943,0.0,0,0.0,100.0,-1,0.0,,,,,,2022,0.94,-0.000604,3.046361
2026-07-09T11:30:13.891012,Raspberry_Relieve1,,,37.532,2.128,80,79.87,100.0,-1,0.0,,,,,,2023,1.13,0.012509,3.05887
2026-07-09T11:30:14.891141,Raspberry_Relieve1,,,37.936,0.761,29,28.87,100.0,-1,0.0,,,,,,2024,0.95,0.014296,3.073166
2026-07-09T11:30:15.891275,Raspberry_Relieve1,,,37.942,0.0,0,28.87,100.0,-1,0.0,,,,,,2025,0.94,0.007539,3.080706
2026-07-09T11:30:16.891394,Raspberry_Relieve1,,,37.945,0.0,0,28.87,100.0,-1,0.0,,,,,,2026,1.09,0.008763,3.089468
2026-07-09T11:30:17.891528,Raspberry_Relieve1,,,37.486,4.232,159,158.64,100.0,-1,0.0,,,,,,2027,0.92,0.023891,3.113359
2026-07-09T11:30:18.891640,Raspberry_Relieve1,,,37.927,1.031,39,39.1,100.0,-1,0.0,,,,,,2028,1.03,0.02836,3.141719
2026-07-09T11:30:19.891817,Raspberry_Relieve1,,,37.937,0.0,0,39.1,100.0,-1,0.0,,,,,,2029,1.05,0.011381,3.1531
2026-07-09T11:30:20.891953,Raspberry_Relieve1,,,37.94,0.0,0,39.1,100.0,-1,0.0,,,,,,2030,0.97,0.010554,3.163654
2026-07-09T11:30:21.892111,Raspberry_Relieve1,,,37.944,0.0,0,39.1,100.0,-1,0.0,,,,,,2031,0.94,0.010162,3.173816
2026-07-09T11:30:22.892272,Raspberry_Relieve1,,,37.946,0.0,0,39.1,100.0,-1,0.0,,,,,,2032,1.07,0.011609,3.185425
2026-07-09T11:30:23.892394,Raspberry_Relieve1,,,37.947,0.0,0,39.1,100.0,-1,0.0,,,,,,2033,0.95,0.010287,3.195712
2026-07-09T11:30:24.892549,Raspberry_Relieve1,,,37.951,0.0,0,39.1,100.0,-1,0.0,,,,,,2034,1.04,0.011321,3.207033
2026-07-09T11:30:25.892742,Raspberry_Relieve1,,,36.995,4.937,183,182.64,100.0,-1,0.0,,,,,,2035,0.94,0.028798,3.235831
2026-07-09T11:30:26.892810,Raspberry_Relieve1,,,37.635,3.812,143,143.46,100.0,-1,0.0,,,,,,2036,1.07,0.048329,3.28416
2026-07-09T11:30:27.892949,Raspberry_Relieve1,,,37.93,0.234,9,8.88,100.0,-1,0.0,,,,,,2037,0.99,0.020957,3.305118
2026-07-09T11:30:28.893088,Raspberry_Relieve1,,,37.8,1.797,68,67.93,100.0,-1,0.0,,,,,,2038,0.99,0.010579,3.315696
2026-07-09T11:30:29.893214,Raspberry_Relieve1,,,37.924,1.208,46,45.81,100.0,-1,0.0,,,,,,2039,1.03,0.01622,3.331917
2026-07-09T11:30:30.893360,Raspberry_Relieve1,,,37.936,0.0,0,45.81,100.0,-1,0.0,,,,,,2040,1.01,0.012855,3.344772
2026-07-09T11:30:31.893483,Raspberry_Relieve1,,,37.937,0.0,0,45.81,100.0,-1,0.0,,,,,,2041,0.97,0.012325,3.357097
2026-07-09T11:30:32.893638,Raspberry_Relieve1,,,37.942,0.0,0,45.81,100.0,-1,0.0,,,,,,2042,1.02,0.012944,3.370041
2026-07-09T11:30:33.893763,Raspberry_Relieve1,,,37.945,0.0,0,45.81,100.0,-1,0.0,,,,,,2043,0.99,0.012636,3.382677
2026-07-09T11:30:34.893896,Raspberry_Relieve1,,,37.948,0.0,0,45.81,100.0,-1,0.0,,,,,,2044,1.01,0.012832,3.395508
2026-07-09T11:30:35.894028,Raspberry_Relieve1,,,37.947,0.0,0,45.81,100.0,-1,0.0,,,,,,2045,0.98,0.012519,3.408027
2026-07-09T11:30:36.894164,Raspberry_Relieve1,,,37.951,0.0,0,45.81,100.0,-1,0.0,,,,,,2046,1.07,0.013558,3.421586
2026-07-09T11:30:37.894287,Raspberry_Relieve1,,,37.953,0.0,0,45.81,100.0,-1,0.0,,,,,,2047,0.88,0.011229,3.432815
2026-07-09T11:30:38.894404,Raspberry_Relieve1,,,37.955,0.0,0,45.81,100.0,-1,0.0,,,,,,2048,0.97,0.01235,3.445165
2026-07-09T11:30:39.894525,Raspberry_Relieve1,,,37.955,0.0,0,45.81,100.0,-1,0.0,,,,,,2049,1.03,0.013154,3.458319
2026-07-09T11:30:40.894626,Raspberry_Relieve1,,,37.958,0.0,0,45.81,100.0,-1,0.0,,,,,,2050,1.11,0.014169,3.472488
2026-07-09T11:30:41.894752,Raspberry_Relieve1,,,37.958,0.0,0,45.81,100.0,-1,0.0,,,,,,2051,0.95,0.012082,3.484571
2026-07-09T11:30:42.894874,Raspberry_Relieve1,,,37.961,0.0,0,45.81,100.0,-1,0.0,,,,,,2052,1.01,0.012913,3.497484
2026-07-09T11:30:43.894993,Raspberry_Relieve1,,,37.963,0.0,0,45.81,100.0,-1,0.0,,,,,,2053,1.02,0.012995,3.510479
2026-07-09T11:30:44.895117,Raspberry_Relieve1,,,37.963,0.0,0,45.81,100.0,-1,0.0,,,,,,2054,0.89,0.01132,3.521798
2026-07-09T11:30:45.895233,Raspberry_Relieve1,,,37.963,0.0,0,45.81,100.0,-1,0.0,,,,,,2055,1.12,0.014229,3.536027
2026-07-09T11:30:46.895348,Raspberry_Relieve1,,,37.966,0.0,0,45.81,100.0,-1,0.0,,,,,,2056,0.94,0.012012,3.548039
2026-07-09T11:30:47.895471,Raspberry_Relieve1,,,37.965,0.0,0,45.81,100.0,-1,0.0,,,,,,2057,1.01,0.012801,3.56084
2026-07-09T11:30:48.895580,Raspberry_Relieve1,,,37.967,0.0,0,45.81,100.0,-1,0.0,,,,,,2058,0.94,0.011958,3.572798
2026-07-09T11:30:49.895700,Raspberry_Relieve1,,,37.019,6.36,235,235.44,100.0,-1,0.0,,,,,,2059,0.99,0.038786,3.611584
2026-07-09T11:30:50.895825,Raspberry_Relieve1,,,37.63,3.465,130,130.39,100.0,-1,0.0,,,,,,2060,1.07,0.054433,3.666017
2026-07-09T11:30:51.895944,Raspberry_Relieve1,,,37.279,5.052,188,188.33,100.0,-1,0.0,,,,,,2061,0.93,0.041382,3.707399
2026-07-09T11:30:52.896068,Raspberry_Relieve1,,,37.22,5.271,196,196.19,100.0,-1,0.0,,,,,,2062,1.06,0.056457,3.763856
2026-07-09T11:30:53.896194,Raspberry_Relieve1,,,37.96,0.148,6,5.62,100.0,-1,0.0,,,,,,2063,0.95,0.026534,3.79039
2026-07-09T11:30:54.896309,Raspberry_Relieve1,,,37.951,-0.125,-5,-4.74,100.0,14400,0.0,,,,,,2064,1.0,0.000121,3.790511
2026-07-09T11:30:55.896442,Raspberry_Relieve1,,,37.928,0.0,0,0.0,100.0,14400,0.0,,,,,,2065,1.09,-0.00072,3.789792
2026-07-09T11:30:56.896568,Raspberry_Relieve1,,,37.94,0.0,0,0.0,100.0,-1,0.0,,,,,,2066,0.9,0.0,3.789792
2026-07-09T11:30:57.896711,Raspberry_Relieve1,,,37.944,0.0,0,0.0,100.0,-1,0.0,,,,,,2067,1.1,0.0,3.789792
2026-07-09T11:30:58.896809,Raspberry_Relieve1,,,37.947,0.0,0,0.0,100.0,-1,0.0,,,,,,2068,0.99,0.0,3.789792
2026-07-09T11:30:59.896920,Raspberry_Relieve1,,,37.947,0.0,0,0.0,100.0,-1,0.0,,,,,,2069,0.94,0.0,3.789792
2026-07-09T11:31:00.897004,Raspberry_Relieve1,,,37.947,0.0,0,0.0,100.0,-1,0.0,,,,,,2070,1.0,0.0,3.789792
2026-07-09T11:31:01.897097,Raspberry_Relieve1,,,37.951,0.0,0,0.0,100.0,-1,0.0,,,,,,2071,0.98,0.0,3.789792
2026-07-09T11:31:02.897183,Raspberry_Relieve1,,,37.954,0.0,0,0.0,100.0,-1,0.0,,,,,,2072,1.01,0.0,3.789792
2026-07-09T11:31:03.897267,Raspberry_Relieve1,,,37.954,0.0,0,0.0,100.0,-1,0.0,,,,,,2073,1.02,0.0,3.789792
2026-07-09T11:31:04.897363,Raspberry_Relieve1,,,37.955,0.0,0,0.0,100.0,-1,0.0,,,,,,2074,0.99,0.0,3.789792
2026-07-09T11:31:05.897492,Raspberry_Relieve1,,,37.957,0.0,0,0.0,100.0,-1,0.0,,,,,,2075,1.01,0.0,3.789792
2026-07-09T11:31:06.897607,Raspberry_Relieve1,,,37.959,0.0,0,0.0,100.0,-1,0.0,,,,,,2076,1.0,0.0,3.789792
2026-07-09T11:31:07.897735,Raspberry_Relieve1,,,37.542,3.901,146,146.45,100.0,-1,0.0,,,,,,2077,1.07,0.021843,3.811635
2026-07-09T11:31:08.897844,Raspberry_Relieve1,,,37.945,0.36,14,13.66,100.0,-1,0.0,,,,,,2078,0.95,0.021015,3.83265
2026-07-09T11:31:09.897958,Raspberry_Relieve1,,,37.949,0.0,0,13.66,100.0,-1,0.0,,,,,,2079,1.01,0.003831,3.836482
2026-07-09T11:31:10.898062,Raspberry_Relieve1,,,37.952,0.0,0,13.66,100.0,-1,0.0,,,,,,2080,0.97,0.003676,3.840158
2026-07-09T11:31:11.898185,Raspberry_Relieve1,,,37.953,0.0,0,13.66,100.0,-1,0.0,,,,,,2081,0.97,0.003696,3.843854
2026-07-09T11:31:12.898295,Raspberry_Relieve1,,,37.956,0.0,0,13.66,100.0,-1,0.0,,,,,,2082,0.99,0.00375,3.847604
2026-07-09T11:31:13.898400,Raspberry_Relieve1,,,37.956,0.0,0,13.66,100.0,-1,0.0,,,,,,2083,1.07,0.004066,3.85167
2026-07-09T11:31:14.898508,Raspberry_Relieve1,,,37.956,0.0,0,13.66,100.0,-1,0.0,,,,,,2084,1.02,0.003862,3.855532
2026-07-09T11:31:15.898726,Raspberry_Relieve1,,,37.959,0.0,0,13.66,100.0,-1,0.0,,,,,,2085,0.91,0.003463,3.858995
2026-07-09T11:31:16.898838,Raspberry_Relieve1,,,37.961,0.0,0,13.66,100.0,-1,0.0,,,,,,2086,1.07,0.004068,3.863063
2026-07-09T11:31:17.898956,Raspberry_Relieve1,,,37.963,0.0,0,13.66,100.0,-1,0.0,,,,,,2087,0.99,0.003775,3.866838
2026-07-09T11:31:18.899065,Raspberry_Relieve1,,,37.963,0.0,0,13.66,100.0,-1,0.0,,,,,,2088,1.02,0.003854,3.870692
2026-07-09T11:31:19.899190,Raspberry_Relieve1,,,37.964,0.0,0,13.66,100.0,-1,0.0,,,,,,2089,0.91,0.003467,3.874158
2026-07-09T11:31:20.899421,Raspberry_Relieve1,,,37.967,0.0,0,13.66,100.0,-1,0.0,,,,,,2090,1.13,0.004283,3.878441
2026-07-09T11:31:21.899535,Raspberry_Relieve1,,,37.965,0.0,0,13.66,100.0,-1,0.0,,,,,,2091,1.03,0.003916,3.882357
2026-07-09T11:31:22.899770,Raspberry_Relieve1,,,37.966,0.0,0,13.66,100.0,-1,0.0,,,,,,2092,0.89,0.003368,3.885725
2026-07-09T11:31:23.899881,Raspberry_Relieve1,,,37.967,0.0,0,13.66,100.0,-1,0.0,,,,,,2093,1.06,0.004035,3.88976
2026-07-09T11:31:24.900001,Raspberry_Relieve1,,,37.968,0.0,0,13.66,100.0,-1,0.0,,,,,,2094,0.98,0.003707,3.893467
2026-07-09T11:31:25.900112,Raspberry_Relieve1,,,37.969,0.0,0,13.66,100.0,-1,0.0,,,,,,2095,1.06,0.004014,3.897481
2026-07-09T11:31:26.900239,Raspberry_Relieve1,,,37.969,0.0,0,13.66,100.0,-1,0.0,,,,,,2096,0.92,0.003484,3.900965
2026-07-09T11:31:27.900361,Raspberry_Relieve1,,,37.97,0.0,0,13.66,100.0,-1,0.0,,,,,,2097,0.93,0.003546,3.904511
2026-07-09T11:31:28.900472,Raspberry_Relieve1,,,37.972,0.0,0,13.66,100.0,-1,0.0,,,,,,2098,1.11,0.004218,3.908729
2026-07-09T11:31:29.900603,Raspberry_Relieve1,,,37.971,0.0,0,13.66,100.0,-1,0.0,,,,,,2099,1.0,0.003811,3.91254
2026-07-09T11:31:30.900769,Raspberry_Relieve1,,,37.972,0.0,0,13.66,100.0,-1,0.0,,,,,,2100,0.99,0.003738,3.916278
2026-07-09T11:31:31.901016,Raspberry_Relieve1,,,37.973,0.0,0,13.66,100.0,-1,0.0,,,,,,2101,0.97,0.003676,3.919954
2026-07-09T11:31:32.901131,Raspberry_Relieve1,,,37.973,0.0,0,13.66,100.0,-1,0.0,,,,,,2102,1.0,0.003801,3.923755
2026-07-09T11:31:33.901373,Raspberry_Relieve1,,,37.975,0.0,0,13.66,100.0,-1,0.0,,,,,,2103,0.99,0.003769,3.927524
2026-07-09T11:31:34.901483,Raspberry_Relieve1,,,37.974,0.0,0,13.66,100.0,-1,0.0,,,,,,2104,0.95,0.003593,3.931117
2026-07-09T11:31:35.901601,Raspberry_Relieve1,,,37.975,0.0,0,13.66,100.0,-1,0.0,,,,,,2105,1.1,0.004158,3.935275
2026-07-09T11:31:36.901715,Raspberry_Relieve1,,,37.976,0.0,0,13.66,100.0,-1,0.0,,,,,,2106,0.99,0.003748,3.939023
2026-07-09T11:31:37.901834,Raspberry_Relieve1,,,37.977,0.0,0,13.66,100.0,-1,0.0,,,,,,2107,0.94,0.003565,3.942588
2026-07-09T11:31:38.901961,Raspberry_Relieve1,,,37.976,0.0,0,13.66,100.0,-1,0.0,,,,,,2108,1.06,0.00401,3.946598
2026-07-09T11:31:39.902073,Raspberry_Relieve1,,,37.978,0.0,0,13.66,100.0,-1,0.0,,,,,,2109,0.93,0.003511,3.95011
2026-07-09T11:31:40.902193,Raspberry_Relieve1,,,37.977,0.0,0,13.66,100.0,-1,0.0,,,,,,2110,1.05,0.003999,3.954109
2026-07-09T11:31:41.902301,Raspberry_Relieve1,,,37.977,0.0,0,13.66,100.0,-1,0.0,,,,,,2111,0.93,0.003522,3.957631
2026-07-09T11:31:42.902558,Raspberry_Relieve1,,,37.978,0.0,0,13.66,100.0,-1,0.0,,,,,,2112,1.0,0.00379,3.961421
2026-07-09T11:31:43.902668,Raspberry_Relieve1,,,37.978,0.0,0,13.66,100.0,-1,0.0,,,,,,2113,1.0,0.003812,3.965232
2026-07-09T11:31:44.902794,Raspberry_Relieve1,,,37.977,0.0,0,13.66,100.0,-1,0.0,,,,,,2114,0.97,0.003674,3.968907
2026-07-09T11:31:45.902921,Raspberry_Relieve1,,,37.977,0.0,0,13.66,100.0,-1,0.0,,,,,,2115,1.03,0.003919,3.972826
2026-07-09T11:31:46.903053,Raspberry_Relieve1,,,37.978,0.0,0,13.66,100.0,-1,0.0,,,,,,2116,1.05,0.003996,3.976822
2026-07-09T11:31:47.903171,Raspberry_Relieve1,,,37.979,0.0,0,13.66,100.0,-1,0.0,,,,,,2117,1.04,0.003943,3.980764
2026-07-09T11:31:48.903293,Raspberry_Relieve1,,,37.98,0.0,0,13.66,100.0,-1,0.0,,,,,,2118,0.91,0.003443,3.984208
2026-07-09T11:31:49.903418,Raspberry_Relieve1,,,37.982,0.0,0,13.66,100.0,-1,0.0,,,,,,2119,1.06,0.004005,3.988213
2026-07-09T11:31:50.903538,Raspberry_Relieve1,,,37.981,0.0,0,13.66,100.0,-1,0.0,,,,,,2120,0.96,0.003624,3.991837
2026-07-09T11:31:51.903663,Raspberry_Relieve1,,,37.98,0.0,0,13.66,100.0,-1,0.0,,,,,,2121,1.0,0.003791,3.995629
2026-07-09T11:31:52.903773,Raspberry_Relieve1,,,37.982,0.0,0,13.66,100.0,-1,0.0,,,,,,2122,1.09,0.004141,3.999769
2026-07-09T11:31:53.903914,Raspberry_Relieve1,,,37.982,0.0,0,13.66,100.0,-1,0.0,,,,,,2123,1.02,0.003873,4.003643
2026-07-09T11:31:54.904022,Raspberry_Relieve1,,,37.981,0.0,0,13.66,100.0,-1,0.0,,,,,,2124,0.96,0.00364,4.007283
2026-07-09T11:31:55.904143,Raspberry_Relieve1,,,37.982,0.0,0,13.66,100.0,-1,0.0,,,,,,2125,0.95,0.003601,4.010884
2026-07-09T11:31:56.904265,Raspberry_Relieve1,,,37.982,0.0,0,13.66,100.0,-1,0.0,,,,,,2126,1.0,0.003792,4.014676
2026-07-09T11:31:57.904434,Raspberry_Relieve1,,,37.983,0.0,0,13.66,100.0,-1,0.0,,,,,,2127,1.02,0.003878,4.018554
2026-07-09T11:31:58.904595,Raspberry_Relieve1,,,37.984,0.0,0,13.66,100.0,-1,0.0,,,,,,2128,1.01,0.003846,4.0224
2026-07-09T11:31:59.904772,Raspberry_Relieve1,,,37.984,0.0,0,13.66,100.0,-1,0.0,,,,,,2129,0.99,0.003756,4.026155
2026-07-09T11:32:00.904835,Raspberry_Relieve1,,,37.983,0.0,0,13.66,100.0,-1,0.0,,,,,,2130,1.04,0.003941,4.030096
2026-07-09T11:32:01.904918,Raspberry_Relieve1,,,37.983,0.0,0,13.66,100.0,-1,0.0,,,,,,2131,1.22,0.00462,4.034716
2026-07-09T11:32:02.905011,Raspberry_Relieve1,,,37.985,0.0,0,13.66,100.0,-1,0.0,,,,,,2132,0.74,0.002805,4.037521
2026-07-09T11:32:03.905088,Raspberry_Relieve1,,,37.983,0.0,0,13.66,100.0,-1,0.0,,,,,,2133,1.01,0.003816,4.041337
2026-07-09T11:32:04.905180,Raspberry_Relieve1,,,37.984,0.0,0,13.66,100.0,-1,0.0,,,,,,2134,0.98,0.003731,4.045068
2026-07-09T11:32:05.905322,Raspberry_Relieve1,,,37.984,0.0,0,13.66,100.0,-1,0.0,,,,,,2135,0.95,0.003596,4.048665
2026-07-09T11:32:06.905462,Raspberry_Relieve1,,,37.985,0.0,0,13.66,100.0,-1,0.0,,,,,,2136,1.01,0.003814,4.052478
2026-07-09T11:32:07.905662,Raspberry_Relieve1,,,37.986,0.0,0,13.66,100.0,-1,0.0,,,,,,2137,1.13,0.004275,4.056754
2026-07-09T11:32:08.905767,Raspberry_Relieve1,,,37.984,0.0,0,13.66,100.0,-1,0.0,,,,,,2138,0.94,0.003548,4.060302
2026-07-09T11:32:09.905879,Raspberry_Relieve1,,,37.986,0.0,0,13.66,100.0,-1,0.0,,,,,,2139,0.98,0.00373,4.064032
2026-07-09T11:32:10.905994,Raspberry_Relieve1,,,37.985,0.0,0,13.66,100.0,-1,0.0,,,,,,2140,1.01,0.00385,4.067881
2026-07-09T11:32:11.906095,Raspberry_Relieve1,,,37.988,0.0,0,13.66,100.0,-1,0.0,,,,,,2141,1.04,0.003941,4.071823
2026-07-09T11:32:12.906206,Raspberry_Relieve1,,,37.987,0.0,0,13.66,100.0,-1,0.0,,,,,,2142,1.02,0.003889,4.075712
2026-07-09T11:32:13.906313,Raspberry_Relieve1,,,37.986,0.0,0,13.66,100.0,-1,0.0,,,,,,2143,0.93,0.003545,4.079257
2026-07-09T11:32:14.906422,Raspberry_Relieve1,,,37.987,0.0,0,13.66,100.0,-1,0.0,,,,,,2144,0.98,0.003703,4.082959
2026-07-09T11:32:15.906515,Raspberry_Relieve1,,,37.987,0.0,0,13.66,100.0,-1,0.0,,,,,,2145,1.07,0.004066,4.087026
2026-07-09T11:32:16.906676,Raspberry_Relieve1,,,37.988,0.0,0,13.66,100.0,-1,0.0,,,,,,2146,0.97,0.003671,4.090697
2026-07-09T11:32:17.906831,Raspberry_Relieve1,,,37.987,0.0,0,13.66,100.0,-1,0.0,,,,,,2147,0.95,0.003607,4.094304
2026-07-09T11:32:18.906950,Raspberry_Relieve1,,,37.989,0.0,0,13.66,100.0,-1,0.0,,,,,,2148,1.13,0.004277,4.098581
2026-07-09T11:32:19.907068,Raspberry_Relieve1,,,37.988,0.0,0,13.66,100.0,-1,0.0,,,,,,2149,0.96,0.00365,4.10223
2026-07-09T11:32:20.907172,Raspberry_Relieve1,,,37.988,0.0,0,13.66,100.0,-1,0.0,,,,,,2150,0.92,0.00351,4.10574
2026-07-09T11:32:21.907321,Raspberry_Relieve1,,,37.988,0.0,0,13.66,100.0,-1,0.0,,,,,,2151,0.95,0.003606,4.109347
2026-07-09T11:32:22.907434,Raspberry_Relieve1,,,37.99,0.0,0,13.66,100.0,-1,0.0,,,,,,2152,1.07,0.004064,4.113411
2026-07-09T11:32:23.907556,Raspberry_Relieve1,,,37.991,0.0,0,13.66,100.0,-1,0.0,,,,,,2153,0.95,0.003595,4.117006
2026-07-09T11:32:24.907711,Raspberry_Relieve1,,,37.989,0.0,0,13.66,100.0,-1,0.0,,,,,,2154,1.01,0.003844,4.12085
2026-07-09T11:32:25.907869,Raspberry_Relieve1,,,37.989,0.0,0,13.66,100.0,-1,0.0,,,,,,2155,1.07,0.004066,4.124916
2026-07-09T11:32:26.908019,Raspberry_Relieve1,,,37.99,0.0,0,13.66,100.0,-1,0.0,,,,,,2156,0.99,0.003745,4.12866
2026-07-09T11:32:27.908190,Raspberry_Relieve1,,,37.99,0.0,0,13.66,100.0,-1,0.0,,,,,,2157,1.03,0.003919,4.13258
2026-07-09T11:32:28.908348,Raspberry_Relieve1,,,37.99,0.0,0,13.66,100.0,-1,0.0,,,,,,2158,0.9,0.003425,4.136005
2026-07-09T11:32:29.908479,Raspberry_Relieve1,,,37.989,0.0,0,13.66,100.0,-1,0.0,,,,,,2159,1.05,0.003988,4.139993
2026-07-09T11:32:30.908582,Raspberry_Relieve1,,,37.991,0.0,0,13.66,100.0,-1,0.0,,,,,,2160,1.0,0.003786,4.143779
2026-07-09T11:32:31.908737,Raspberry_Relieve1,,,37.99,0.0,0,13.66,100.0,-1,0.0,,,,,,2161,0.96,0.003629,4.147408
2026-07-09T11:32:32.908859,Raspberry_Relieve1,,,37.992,0.0,0,13.66,100.0,-1,0.0,,,,,,2162,0.99,0.003759,4.151167
2026-07-09T11:32:33.908954,Raspberry_Relieve1,,,37.99,0.0,0,13.66,100.0,-1,0.0,,,,,,2163,1.05,0.003998,4.155165
2026-07-09T11:32:34.909068,Raspberry_Relieve1,,,37.991,0.0,0,13.66,100.0,-1,0.0,,,,,,2164,1.01,0.003845,4.15901
2026-07-09T11:32:35.909192,Raspberry_Relieve1,,,37.99,0.0,0,13.66,100.0,-1,0.0,,,,,,2165,0.93,0.003515,4.162525
2026-07-09T11:32:36.909310,Raspberry_Relieve1,,,37.991,0.0,0,13.66,100.0,-1,0.0,,,,,,2166,1.06,0.004036,4.16656
2026-07-09T11:32:37.909436,Raspberry_Relieve1,,,37.992,0.0,0,13.66,100.0,-1,0.0,,,,,,2167,1.07,0.004079,4.170639
2026-07-09T11:32:38.909538,Raspberry_Relieve1,,,37.992,0.0,0,13.66,100.0,-1,0.0,,,,,,2168,0.92,0.003507,4.174146
2026-07-09T11:32:39.909656,Raspberry_Relieve1,,,37.991,0.0,0,13.66,100.0,-1,0.0,,,,,,2169,0.94,0.00358,4.177726
2026-07-09T11:32:40.909768,Raspberry_Relieve1,,,37.991,0.0,0,13.66,100.0,-1,0.0,,,,,,2170,1.04,0.003963,4.181689
2026-07-09T11:32:41.909952,Raspberry_Relieve1,,,37.991,0.0,0,13.66,100.0,-1,0.0,,,,,,2171,1.0,0.003779,4.185468
2026-07-09T11:32:42.910071,Raspberry_Relieve1,,,37.992,0.0,0,13.66,100.0,-1,0.0,,,,,,2172,1.04,0.003955,4.189423
2026-07-09T11:32:43.910254,Raspberry_Relieve1,,,37.992,0.0,0,13.66,100.0,-1,0.0,,,,,,2173,1.02,0.003872,4.193295
2026-07-09T11:32:44.910365,Raspberry_Relieve1,,,37.992,0.0,0,13.66,100.0,-1,0.0,,,,,,2174,1.04,0.003959,4.197254
2026-07-09T11:32:45.910496,Raspberry_Relieve1,,,37.993,0.0,0,13.66,100.0,-1,0.0,,,,,,2175,0.84,0.003172,4.200426
2026-07-09T11:32:46.910647,Raspberry_Relieve1,,,37.992,0.0,0,13.66,100.0,-1,0.0,,,,,,2176,1.03,0.003925,4.204351
2026-07-09T11:32:47.910764,Raspberry_Relieve1,,,37.993,0.0,0,13.66,100.0,-1,0.0,,,,,,2177,1.57,0.005949,4.2103
2026-07-09T11:32:48.910873,Raspberry_Relieve1,,,37.992,0.0,0,13.66,100.0,-1,0.0,,,,,,2178,0.53,0.002026,4.212326
2026-07-09T11:32:49.911002,Raspberry_Relieve1,,,37.992,0.0,0,13.66,100.0,-1,0.0,,,,,,2179,0.93,0.003547,4.215873
2026-07-09T11:32:50.911122,Raspberry_Relieve1,,,37.99,0.0,0,13.66,100.0,-1,0.0,,,,,,2180,1.01,0.003841,4.219714
2026-07-09T11:32:51.911246,Raspberry_Relieve1,,,37.99,0.0,0,13.66,100.0,-1,0.0,,,,,,2181,0.99,0.003746,4.22346
2026-07-09T11:32:52.911364,Raspberry_Relieve1,,,37.992,0.0,0,13.66,100.0,-1,0.0,,,,,,2182,0.96,0.003648,4.227108
2026-07-09T11:32:53.911467,Raspberry_Relieve1,,,37.993,0.0,0,13.66,100.0,-1,0.0,,,,,,2183,0.95,0.003618,4.230726
2026-07-09T11:32:54.911577,Raspberry_Relieve1,,,37.992,0.0,0,13.66,100.0,-1,0.0,,,,,,2184,1.05,0.003979,4.234705
2026-07-09T11:32:55.911697,Raspberry_Relieve1,,,37.992,0.0,0,13.66,100.0,-1,0.0,,,,,,2185,0.98,0.003707,4.238412
2026-07-09T11:32:56.911813,Raspberry_Relieve1,,,37.994,0.0,0,13.66,100.0,-1,0.0,,,,,,2186,1.04,0.003933,4.242346
2026-07-09T11:32:57.911934,Raspberry_Relieve1,,,37.993,0.0,0,13.66,100.0,-1,0.0,,,,,,2187,1.03,0.003898,4.246244
2026-07-09T11:32:58.912058,Raspberry_Relieve1,,,37.993,0.0,0,13.66,100.0,-1,0.0,,,,,,2188,0.96,0.003652,4.249896
2026-07-09T11:32:59.912167,Raspberry_Relieve1,,,37.994,0.0,0,13.66,100.0,-1,0.0,,,,,,2189,0.98,0.003705,4.2536
2026-07-09T11:33:00.912225,Raspberry_Relieve1,,,37.993,0.0,0,13.66,100.0,-1,0.0,,,,,,2190,1.03,0.003893,4.257493
2026-07-09T11:33:01.912314,Raspberry_Relieve1,,,37.991,0.0,0,13.66,100.0,-1,0.0,,,,,,2191,1.0,0.003813,4.261307
2026-07-09T11:33:02.912393,Raspberry_Relieve1,,,37.991,0.0,0,13.66,100.0,-1,0.0,,,,,,2192,0.99,0.003753,4.26506
2026-07-09T11:33:03.912498,Raspberry_Relieve1,,,37.992,0.0,0,13.66,100.0,-1,0.0,,,,,,2193,0.98,0.003716,4.268776
2026-07-09T11:33:04.912570,Raspberry_Relieve1,,,37.993,0.0,0,13.66,100.0,-1,0.0,,,,,,2194,1.01,0.003823,4.272599
2026-07-09T11:33:05.912752,Raspberry_Relieve1,,,37.992,0.0,0,13.66,100.0,-1,0.0,,,,,,2195,1.08,0.004114,4.276713
2026-07-09T11:33:06.912896,Raspberry_Relieve1,,,37.994,0.0,0,13.66,100.0,-1,0.0,,,,,,2196,1.0,0.003791,4.280504
2026-07-09T11:33:07.913047,Raspberry_Relieve1,,,37.994,0.0,0,13.66,100.0,-1,0.0,,,,,,2197,1.0,0.003794,4.284298
2026-07-09T11:33:08.913175,Raspberry_Relieve1,,,37.994,0.0,0,13.66,100.0,-1,0.0,,,,,,2198,0.92,0.003484,4.287783
2026-07-09T11:33:09.913289,Raspberry_Relieve1,,,37.995,0.0,0,13.66,100.0,-1,0.0,,,,,,2199,1.06,0.00402,4.291803
2026-07-09T11:33:10.913435,Raspberry_Relieve1,,,37.994,0.0,0,13.66,100.0,-1,0.0,,,,,,2200,1.01,0.003816,4.295619
2026-07-09T11:33:11.913556,Raspberry_Relieve1,,,37.995,0.0,0,13.66,100.0,-1,0.0,,,,,,2201,1.02,0.003873,4.299492
2026-07-09T11:33:12.913684,Raspberry_Relieve1,,,37.994,0.0,0,13.66,100.0,-1,0.0,,,,,,2202,0.97,0.00367,4.303162
2026-07-09T11:33:13.913804,Raspberry_Relieve1,,,37.995,0.0,0,13.66,100.0,-1,0.0,,,,,,2203,0.93,0.003548,4.306709
2026-07-09T11:33:14.913924,Raspberry_Relieve1,,,37.95,1.642,62,62.31,100.0,-1,0.0,,,,,,2204,1.1,0.011565,4.318274
2026-07-09T11:33:15.914056,Raspberry_Relieve1,,,37.989,0.0,0,62.31,100.0,-1,0.0,,,,,,2205,0.99,0.017156,4.33543
2026-07-09T11:33:16.914183,Raspberry_Relieve1,,,37.989,0.0,0,62.31,100.0,-1,0.0,,,,,,2206,1.01,0.017448,4.352878
2026-07-09T11:33:17.914329,Raspberry_Relieve1,,,37.988,0.0,0,62.31,100.0,-1,0.0,,,,,,2207,0.93,0.016065,4.368943
2026-07-09T11:33:18.914449,Raspberry_Relieve1,,,37.99,0.0,0,62.31,100.0,-1,0.0,,,,,,2208,1.1,0.018991,4.387934
2026-07-09T11:33:19.914576,Raspberry_Relieve1,,,37.989,0.0,0,62.31,100.0,-1,0.0,,,,,,2209,0.89,0.015407,4.403342
2026-07-09T11:33:20.914697,Raspberry_Relieve1,,,37.991,0.0,0,62.31,100.0,-1,0.0,,,,,,2210,1.06,0.01827,4.421612
2026-07-09T11:33:21.914844,Raspberry_Relieve1,,,37.99,0.0,0,62.31,100.0,-1,0.0,,,,,,2211,0.94,0.01629,4.437902
2026-07-09T11:33:22.915014,Raspberry_Relieve1,,,37.991,0.0,0,62.31,100.0,-1,0.0,,,,,,2212,1.1,0.018966,4.456868
2026-07-09T11:33:23.915138,Raspberry_Relieve1,,,37.992,0.0,0,62.31,100.0,-1,0.0,,,,,,2213,0.97,0.016798,4.473665
2026-07-09T11:33:24.915255,Raspberry_Relieve1,,,37.991,0.0,0,62.31,100.0,-1,0.0,,,,,,2214,0.94,0.016224,4.489889
2026-07-09T11:33:25.915380,Raspberry_Relieve1,,,37.991,0.0,0,62.31,100.0,-1,0.0,,,,,,2215,1.11,0.019291,4.50918
2026-07-09T11:33:26.915504,Raspberry_Relieve1,,,37.991,0.0,0,62.31,100.0,-1,0.0,,,,,,2216,1.04,0.017932,4.527113
2026-07-09T11:33:27.915618,Raspberry_Relieve1,,,37.992,0.0,0,62.31,100.0,-1,0.0,,,,,,2217,0.94,0.016262,4.543374
2026-07-09T11:33:28.915764,Raspberry_Relieve1,,,37.992,0.0,0,62.31,100.0,-1,0.0,,,,,,2218,0.98,0.016978,4.560352
2026-07-09T11:33:29.915909,Raspberry_Relieve1,,,37.993,0.0,0,62.31,100.0,-1,0.0,,,,,,2219,1.01,0.017419,4.577771
2026-07-09T11:33:30.916059,Raspberry_Relieve1,,,37.992,0.0,0,62.31,100.0,-1,0.0,,,,,,2220,1.02,0.017577,4.595348
2026-07-09T11:33:31.916169,Raspberry_Relieve1,,,37.992,0.0,0,62.31,100.0,-1,0.0,,,,,,2221,1.0,0.017291,4.612639
2026-07-09T11:33:32.916298,Raspberry_Relieve1,,,37.992,0.0,0,62.31,100.0,-1,0.0,,,,,,2222,0.98,0.017044,4.629683
2026-07-09T11:32:47.425648,Raspberry_Relieve1,,,37.994,0.0,0,62.31,100.0,-1,0.0,,,,,,2288,66.03,1.143016,5.772699
2026-07-09T11:32:48.995597,Raspberry_Relieve1,,,37.984,0.0,0,62.31,100.0,-1,0.0,,,,,,2289,0.62,0.010698,5.783397
2026-07-09T11:32:49.995746,Raspberry_Relieve1,,,37.988,0.0,0,62.31,100.0,-1,0.0,,,,,,2290,0.98,0.016902,5.8003
2026-07-09T11:32:50.995838,Raspberry_Relieve1,,,37.985,0.0,0,62.31,100.0,-1,0.0,,,,,,2291,0.96,0.016568,5.816867
2026-07-09T11:32:51.996058,Raspberry_Relieve1,,,37.987,0.0,0,62.31,100.0,-1,0.0,,,,,,2291,0.91,0.015717,5.832585
2026-07-09T11:32:52.996208,Raspberry_Relieve1,,,37.989,0.0,0,62.31,100.0,-1,0.0,,,,,,2293,1.09,0.018907,5.851492
2026-07-09T11:32:53.996363,Raspberry_Relieve1,,,37.988,0.0,0,62.31,100.0,-1,0.0,,,,,,2293,0.93,0.016062,5.867554
2026-07-09T11:32:54.996480,Raspberry_Relieve1,,,37.984,0.0,0,62.31,100.0,-1,0.0,,,,,,2294,1.01,0.017474,5.885027
2026-07-09T11:32:55.996573,Raspberry_Relieve1,,,37.988,0.0,0,62.31,100.0,-1,0.0,,,,,,2296,1.1,0.018976,5.904003
2026-07-09T11:32:56.996649,Raspberry_Relieve1,,,37.99,0.0,0,62.31,100.0,-1,0.0,,,,,,2297,0.98,0.017029,5.921032
2026-07-09T11:32:57.996762,Raspberry_Relieve1,,,37.993,0.0,0,62.31,100.0,-1,0.0,,,,,,2297,0.91,0.015833,5.936865
2026-07-09T11:32:58.996828,Raspberry_Relieve1,,,37.993,0.0,0,62.31,100.0,-1,0.0,,,,,,2299,1.05,0.018201,5.955066
2026-07-09T11:32:59.996943,Raspberry_Relieve1,,,37.993,0.0,0,62.31,100.0,-1,0.0,,,,,,2300,1.01,0.017511,5.972577
2026-07-09T11:33:00.997050,Raspberry_Relieve1,,,37.994,0.0,0,62.31,100.0,-1,0.0,,,,,,2301,1.02,0.017624,5.990201
2026-07-09T11:33:01.997168,Raspberry_Relieve1,,,37.993,0.0,0,62.31,100.0,-1,0.0,,,,,,2302,0.99,0.017058,6.007259
2026-07-09T11:34:53.740654,Raspberry_Relieve1,,,37.989,0.0,0,62.31,100.0,-1,0.0,,,,,,2303,1.23,0.021206,6.028466
2026-07-09T11:34:54.740738,Raspberry_Relieve1,,,37.992,0.0,0,62.31,100.0,-1,0.0,,,,,,2304,1.06,0.018408,6.046874
2026-07-09T11:34:55.740861,Raspberry_Relieve1,,,37.993,0.0,0,62.31,100.0,-1,0.0,,,,,,2305,0.99,0.017122,6.063996
2026-07-09T11:34:56.740927,Raspberry_Relieve1,,,37.993,0.0,0,62.31,100.0,-1,0.0,,,,,,2306,1.08,0.018758,6.082754
2026-07-09T11:34:57.741037,Raspberry_Relieve1,,,37.99,0.0,0,62.31,100.0,-1,0.0,,,,,,2307,0.92,0.015898,6.098652
2026-07-09T11:34:58.741167,Raspberry_Relieve1,,,37.994,0.0,0,62.31,100.0,-1,0.0,,,,,,2308,1.0,0.017328,6.11598
2026-07-09T11:34:59.741257,Raspberry_Relieve1,,,37.992,0.0,0,62.31,100.0,-1,0.0,,,,,,2309,1.05,0.018184,6.134164
2026-07-09T11:35:00.741356,Raspberry_Relieve1,,,37.994,0.0,0,62.31,100.0,-1,0.0,,,,,,2310,0.96,0.016582,6.150746
2026-07-09T11:35:01.741436,Raspberry_Relieve1,,,37.992,0.0,0,62.31,100.0,-1,0.0,,,,,,2311,0.95,0.016503,6.167248
2026-07-09T11:35:02.741551,Raspberry_Relieve1,,,37.992,0.0,0,62.31,100.0,-1,0.0,,,,,,2312,1.03,0.017898,6.185146
2026-07-09T11:35:03.741626,Raspberry_Relieve1,,,37.992,0.0,0,62.31,100.0,-1,0.0,,,,,,2313,0.93,0.016163,6.20131
2026-07-09T11:35:04.741732,Raspberry_Relieve1,,,37.993,0.0,0,62.31,100.0,-1,0.0,,,,,,2314,1.07,0.018561,6.219871
2026-07-09T11:35:05.741835,Raspberry_Relieve1,,,37.994,0.0,0,62.31,100.0,-1,0.0,,,,,,2315,0.91,0.015779,6.23565
2026-07-09T11:35:06.741939,Raspberry_Relieve1,,,37.992,0.0,0,62.31,100.0,-1,0.0,,,,,,2316,1.04,0.017996,6.253646
2026-07-09T11:35:07.742032,Raspberry_Relieve1,,,37.992,0.0,0,62.31,100.0,-1,0.0,,,,,,2317,1.13,0.019604,6.27325
2026-07-09T11:35:08.742118,Raspberry_Relieve1,,,37.993,0.0,0,62.31,100.0,-1,0.0,,,,,,2318,0.95,0.016396,6.289645
2026-07-09T11:35:09.742200,Raspberry_Relieve1,,,37.994,0.0,0,62.31,100.0,-1,0.0,,,,,,2319,0.9,0.015516,6.305162
2026-07-09T11:35:10.742302,Raspberry_Relieve1,,,37.993,0.0,0,62.31,100.0,-1,0.0,,,,,,2320,1.0,0.017321,6.322483
2026-07-09T11:35:11.742452,Raspberry_Relieve1,,,37.993,0.0,0,62.31,100.0,-1,0.0,,,,,,2321,1.01,0.017543,6.340026
2026-07-09T11:35:12.742597,Raspberry_Relieve1,,,37.995,0.0,0,62.31,100.0,-1,0.0,,,,,,2322,1.07,0.018592,6.358618
2026-07-09T11:35:13.742721,Raspberry_Relieve1,,,37.995,0.0,0,62.31,100.0,-1,0.0,,,,,,2323,0.98,0.016936,6.375554
2026-07-09T11:35:14.742832,Raspberry_Relieve1,,,37.994,0.0,0,62.31,100.0,-1,0.0,,,,,,2324,1.0,0.017271,6.392825
2026-07-09T11:35:15.742935,Raspberry_Relieve1,,,37.994,0.0,0,62.31,100.0,-1,0.0,,,,,,2325,1.01,0.017412,6.410237
2026-07-09T11:35:16.743049,Raspberry_Relieve1,,,37.994,0.0,0,62.31,100.0,-1,0.0,,,,,,2326,1.02,0.01771,6.427948
2026-07-09T11:35:17.743172,Raspberry_Relieve1,,,37.994,0.0,0,62.31,100.0,-1,0.0,,,,,,2327,0.99,0.01705,6.444998
2026-07-09T11:35:18.743291,Raspberry_Relieve1,,,37.994,0.0,0,62.31,100.0,-1,0.0,,,,,,2328,0.99,0.017097,6.462095
2026-07-09T11:35:19.743407,Raspberry_Relieve1,,,37.996,0.0,0,62.31,100.0,-1,0.0,,,,,,2329,0.95,0.016384,6.478479
2026-07-09T11:35:20.743547,Raspberry_Relieve1,,,37.995,0.0,0,62.31,100.0,-1,0.0,,,,,,2330,1.07,0.018442,6.496921
2026-07-09T11:35:21.743696,Raspberry_Relieve1,,,37.994,0.0,0,62.31,100.0,-1,0.0,,,,,,2331,0.94,0.016294,6.513214
2026-07-09T11:35:22.743844,Raspberry_Relieve1,,,37.993,0.0,0,62.31,100.0,-1,0.0,,,,,,2332,1.01,0.017417,6.530631
2026-07-09T11:35:23.743991,Raspberry_Relieve1,,,37.994,0.0,0,62.31,100.0,-1,0.0,,,,,,2333,0.97,0.016859,6.54749
2026-07-09T11:35:24.744090,Raspberry_Relieve1,,,37.993,0.0,0,62.31,100.0,-1,0.0,,,,,,2334,1.02,0.01761,6.5651
2026-07-09T11:35:25.744252,Raspberry_Relieve1,,,37.995,0.0,0,62.31,100.0,-1,0.0,,,,,,2335,1.0,0.017243,6.582343
2026-07-09T11:35:26.744326,Raspberry_Relieve1,,,37.993,0.0,0,62.31,100.0,-1,0.0,,,,,,2336,1.0,0.01736,6.599704
2026-07-09T11:35:27.744385,Raspberry_Relieve1,,,37.994,0.0,0,62.31,100.0,-1,0.0,,,,,,2337,1.05,0.018113,6.617817
2026-07-09T11:35:28.744479,Raspberry_Relieve1,,,37.995,0.0,0,62.31,100.0,-1,0.0,,,,,,2338,0.98,0.017024,6.634841
2026-07-09T11:35:29.744583,Raspberry_Relieve1,,,37.992,0.0,0,62.31,100.0,-1,0.0,,,,,,2339,1.0,0.017275,6.652116
2026-07-09T11:35:30.744658,Raspberry_Relieve1,,,37.995,0.0,0,62.31,100.0,-1,0.0,,,,,,2340,1.02,0.017573,6.669689
2026-07-09T11:35:31.744766,Raspberry_Relieve1,,,37.993,0.0,0,62.31,100.0,-1,0.0,,,,,,2341,1.0,0.017234,6.686923
2026-07-09T11:35:32.744888,Raspberry_Relieve1,,,37.992,0.0,0,62.31,100.0,-1,0.0,,,,,,2342,1.06,0.01842,6.705343
2026-07-09T11:35:33.744943,Raspberry_Relieve1,,,37.994,0.0,0,62.31,100.0,-1,0.0,,,,,,2343,0.94,0.016238,6.721581
2026-07-09T11:35:34.745039,Raspberry_Relieve1,,,37.994,0.0,0,62.31,100.0,-1,0.0,,,,,,2344,0.97,0.016804,6.738385
2026-07-09T11:35:35.745127,Raspberry_Relieve1,,,37.994,0.0,0,62.31,100.0,-1,0.0,,,,,,2345,1.39,0.024114,6.762499
2026-07-09T11:35:36.745216,Raspberry_Relieve1,,,37.993,0.0,0,62.31,100.0,-1,0.0,,,,,,2346,1.02,0.017724,6.780223
2026-07-09T11:35:37.745289,Raspberry_Relieve1,,,37.994,0.0,0,62.31,100.0,-1,0.0,,,,,,2347,0.64,0.011066,6.791288
2026-07-09T11:35:38.745454,Raspberry_Relieve1,,,37.993,0.0,0,62.31,100.0,-1,0.0,,,,,,2348,0.95,0.016375,6.807663
2026-07-09T11:35:39.745563,Raspberry_Relieve1,,,37.995,0.0,0,62.31,100.0,-1,0.0,,,,,,2349,1.04,0.018059,6.825722
2026-07-09T11:35:40.745690,Raspberry_Relieve1,,,37.994,0.0,0,62.31,100.0,-1,0.0,,,,,,2350,1.01,0.01745,6.843173
2026-07-09T11:35:41.745815,Raspberry_Relieve1,,,37.996,0.0,0,62.31,100.0,-1,0.0,,,,,,2351,0.92,0.015942,6.859114
2026-07-09T11:35:42.745931,Raspberry_Relieve1,,,37.993,0.0,0,62.31,100.0,-1,0.0,,,,,,2352,1.01,0.017518,6.876633
2026-07-09T11:35:43.746055,Raspberry_Relieve1,,,37.993,0.0,0,62.31,100.0,-1,0.0,,,,,,2353,0.98,0.016991,6.893624
2026-07-09T11:35:44.746183,Raspberry_Relieve1,,,37.994,0.0,0,62.31,100.0,-1,0.0,,,,,,2354,1.08,0.018665,6.912288
2026-07-09T11:35:45.746293,Raspberry_Relieve1,,,37.995,0.0,0,62.31,100.0,-1,0.0,,,,,,2355,1.0,0.017269,6.929558
2026-07-09T11:35:46.746417,Raspberry_Relieve1,,,37.996,0.0,0,62.31,100.0,-1,0.0,,,,,,2356,1.01,0.017504,6.947062
2026-07-09T11:35:47.746555,Raspberry_Relieve1,,,37.992,0.0,0,62.31,100.0,-1,0.0,,,,,,2357,0.99,0.017108,6.96417
2026-07-09T11:35:48.746616,Raspberry_Relieve1,,,37.993,0.0,0,62.31,100.0,-1,0.0,,,,,,2358,1.03,0.0179,6.98207
2026-07-09T11:35:49.746710,Raspberry_Relieve1,,,37.994,0.0,0,62.31,100.0,-1,0.0,,,,,,2359,0.93,0.016083,6.998152
2026-07-09T11:35:50.746798,Raspberry_Relieve1,,,37.994,0.0,0,62.31,100.0,-1,0.0,,,,,,2360,1.08,0.01868,7.016833
2026-07-09T11:35:51.746891,Raspberry_Relieve1,,,37.994,0.0,0,62.31,100.0,-1,0.0,,,,,,2361,0.91,0.015777,7.032609
2026-07-09T11:35:52.746984,Raspberry_Relieve1,,,37.994,0.0,0,62.31,100.0,-1,0.0,,,,,,2362,1.0,0.017345,7.049955
2026-07-09T11:35:53.747119,Raspberry_Relieve1,,,37.996,0.0,0,62.31,100.0,-1,0.0,,,,,,2363,1.09,0.018832,7.068787
2026-07-09T11:35:54.747242,Raspberry_Relieve1,,,37.995,0.0,0,62.31,100.0,-1,0.0,,,,,,2364,0.91,0.015667,7.084454
2026-07-09T11:35:55.747367,Raspberry_Relieve1,,,37.995,0.0,0,62.31,100.0,-1,0.0,,,,,,2365,1.06,0.018359,7.102812
2026-07-09T11:35:56.747509,Raspberry_Relieve1,,,37.997,0.0,0,62.31,100.0,-1,0.0,,,,,,2366,1.05,0.018097,7.120909
2026-07-09T11:35:57.747609,Raspberry_Relieve1,,,37.995,0.0,0,62.31,100.0,-1,0.0,,,,,,2367,0.9,0.015525,7.136435
2026-07-09T11:35:58.747786,Raspberry_Relieve1,,,37.998,0.0,0,62.31,100.0,-1,0.0,,,,,,2368,1.11,0.019173,7.155608
2026-07-09T11:35:59.747899,Raspberry_Relieve1,,,37.998,0.0,0,62.31,100.0,-1,0.0,,,,,,2369,0.99,0.017129,7.172737
2026-07-09T11:36:00.748056,Raspberry_Relieve1,,,37.997,0.0,0,62.31,100.0,-1,0.0,,,,,,2370,0.97,0.016869,7.189606
2026-07-09T11:36:01.748267,Raspberry_Relieve1,,,37.996,0.0,0,62.31,100.0,-1,0.0,,,,,,2371,1.05,0.018261,7.207867
2026-07-09T11:36:02.748367,Raspberry_Relieve1,,,37.996,0.0,0,62.31,100.0,-1,0.0,,,,,,2372,0.96,0.016654,7.224521
2026-07-09T11:36:03.748471,Raspberry_Relieve1,,,37.995,0.0,0,62.31,100.0,-1,0.0,,,,,,2373,0.93,0.016154,7.240675
2026-07-09T11:36:04.748638,Raspberry_Relieve1,,,37.995,0.0,0,62.31,100.0,-1,0.0,,,,,,2374,1.04,0.018047,7.258721
2026-07-09T11:36:05.748776,Raspberry_Relieve1,,,37.995,0.0,0,62.31,100.0,-1,0.0,,,,,,2375,0.98,0.016934,7.275655
2026-07-09T11:36:06.748912,Raspberry_Relieve1,,,37.996,0.0,0,62.31,100.0,-1,0.0,,,,,,2376,1.03,0.017908,7.293563
2026-07-09T11:36:07.749049,Raspberry_Relieve1,,,37.995,0.0,0,62.31,100.0,-1,0.0,,,,,,2377,0.92,0.015859,7.309422
2026-07-09T11:36:08.749160,Raspberry_Relieve1,,,37.996,0.0,0,62.31,100.0,-1,0.0,,,,,,2378,0.98,0.016998,7.326419
2026-07-09T11:36:09.749274,Raspberry_Relieve1,,,37.995,0.0,0,62.31,100.0,-1,0.0,,,,,,2379,1.02,0.01768,7.344099
2026-07-09T11:36:10.749436,Raspberry_Relieve1,,,37.993,0.0,0,62.31,100.0,-1,0.0,,,,,,2380,1.13,0.019491,7.36359
2026-07-09T11:36:11.749564,Raspberry_Relieve1,,,37.997,0.0,0,62.31,100.0,-1,0.0,,,,,,2381,0.94,0.016282,7.379872
2026-07-09T11:36:12.749689,Raspberry_Relieve1,,,37.995,0.0,0,62.31,100.0,-1,0.0,,,,,,2382,0.98,0.01693,7.396802
2026-07-09T11:36:13.749803,Raspberry_Relieve1,,,37.997,0.0,0,62.31,100.0,-1,0.0,,,,,,2383,0.96,0.016692,7.413494
2026-07-09T11:36:14.749951,Raspberry_Relieve1,,,37.994,0.0,0,62.31,100.0,-1,0.0,,,,,,2384,1.07,0.018478,7.431972
2026-07-09T11:36:15.750058,Raspberry_Relieve1,,,37.141,3.566,132,132.44,100.0,-1,0.0,,,,,,2385,0.99,0.026748,7.45872
2026-07-09T11:36:16.750211,Raspberry_Relieve1,,,37.99,0.223,8,8.47,100.0,-1,0.0,,,,,,2386,0.99,0.019333,7.478053
2026-07-09T11:36:17.750354,Raspberry_Relieve1,,,37.991,0.0,0,8.47,100.0,-1,0.0,,,,,,2387,1.06,0.002505,7.480558
2026-07-09T11:36:18.750465,Raspberry_Relieve1,,,37.994,0.0,0,8.47,100.0,-1,0.0,,,,,,2388,0.94,0.00222,7.482778
2026-07-09T11:36:19.750589,Raspberry_Relieve1,,,37.994,0.0,0,8.47,100.0,-1,0.0,,,,,,2389,1.06,0.002497,7.485275
2026-07-09T11:36:20.750704,Raspberry_Relieve1,,,37.993,0.0,0,8.47,100.0,-1,0.0,,,,,,2390,0.87,0.00204,7.487316
2026-07-09T11:36:21.750878,Raspberry_Relieve1,,,37.994,0.0,0,8.47,100.0,-1,0.0,,,,,,2391,1.12,0.002639,7.489954
2026-07-09T11:36:22.751068,Raspberry_Relieve1,,,37.994,0.0,0,8.47,100.0,-1,0.0,,,,,,2392,0.98,0.002306,7.49226
2026-07-09T11:36:23.751210,Raspberry_Relieve1,,,37.994,0.0,0,8.47,100.0,-1,0.0,,,,,,2393,1.03,0.002429,7.494689
2026-07-09T11:36:24.751359,Raspberry_Relieve1,,,37.995,0.0,0,8.47,100.0,-1,0.0,,,,,,2394,0.89,0.002101,7.49679
2026-07-09T11:36:25.751526,Raspberry_Relieve1,,,37.993,0.0,0,8.47,100.0,-1,0.0,,,,,,2395,1.06,0.002499,7.499289
2026-07-09T11:36:26.751649,Raspberry_Relieve1,,,37.994,0.0,0,8.47,100.0,-1,0.0,,,,,,2396,0.98,0.002303,7.501592
2026-07-09T11:36:27.751760,Raspberry_Relieve1,,,37.994,0.0,0,8.47,100.0,-1,0.0,,,,,,2397,0.99,0.002321,7.503913
2026-07-09T11:36:28.751892,Raspberry_Relieve1,,,37.994,0.0,0,8.47,100.0,-1,0.0,,,,,,2398,1.0,0.002363,7.506276
2026-07-09T11:36:29.752011,Raspberry_Relieve1,,,37.995,0.0,0,8.47,100.0,-1,0.0,,,,,,2399,0.95,0.002232,7.508508
2026-07-09T11:36:30.752156,Raspberry_Relieve1,,,37.994,0.0,0,8.47,100.0,-1,0.0,,,,,,2400,1.13,0.002651,7.511159
2026-07-09T11:36:31.752321,Raspberry_Relieve1,,,37.994,0.0,0,8.47,100.0,-1,0.0,,,,,,2401,0.89,0.002101,7.513259
2026-07-09T11:36:32.752472,Raspberry_Relieve1,,,37.992,0.0,0,8.47,100.0,-1,0.0,,,,,,2402,1.04,0.002447,7.515706
2026-07-09T11:36:34.382492,Raspberry_Relieve1,,,37.994,0.0,0,8.47,100.0,-1,0.0,,,,,,2403,1.6,0.003766,7.519472
2026-07-09T11:36:35.502574,Raspberry_Relieve1,,,37.993,0.0,0,8.47,100.0,-1,0.0,,,,,,2405,1.12,0.00263,7.522102
2026-07-09T11:36:36.502698,Raspberry_Relieve1,,,37.828,1.684,64,63.7,100.0,-1,0.0,,,,,,2406,1.1,0.011054,7.533156
2026-07-09T11:36:38.862281,Raspberry_Relieve1,,,37.991,0.0,0,63.7,100.0,-1,0.0,,,,,,2408,2.29,0.040531,7.573687
2026-07-09T11:36:39.862389,Raspberry_Relieve1,,,37.992,0.0,0,63.7,100.0,-1,0.0,,,,,,2409,0.96,0.01706,7.590746
2026-07-09T11:36:40.862501,Raspberry_Relieve1,,,37.994,0.0,0,63.7,100.0,-1,0.0,,,,,,2410,1.01,0.017954,7.608701
2026-07-09T11:36:42.109157,Raspberry_Relieve1,,,37.991,0.0,0,63.7,100.0,-1,0.0,,,,,,2411,1.27,0.02247,7.631171
2026-07-09T11:36:43.109292,Raspberry_Relieve1,,,37.994,0.0,0,63.7,100.0,-1,0.0,,,,,,2412,1.02,0.017989,7.64916
2026-07-09T11:36:44.109369,Raspberry_Relieve1,,,36.91,4.714,174,173.99,100.0,-1,0.0,,,,,,2413,1.02,0.033654,7.682814
2026-07-09T11:36:45.322371,Raspberry_Relieve1,,,36.012,11.816,426,425.52,100.0,-1,0.0,,,,,,2414,1.15,0.095979,7.778793
2026-07-09T11:36:46.322489,Raspberry_Relieve1,,,35.927,16.468,592,591.65,100.0,-1,0.0,,,,,,2415,1.06,0.149173,7.927966
2026-07-09T11:36:47.502240,Raspberry_Relieve1,,,35.488,17.258,612,612.45,100.0,-1,0.0,,,,,,2417,1.15,0.191732,8.119699
2026-07-09T11:36:48.502386,Raspberry_Relieve1,,,35.452,19.034,675,674.79,100.0,-1,0.0,,,,,,2418,1.04,0.186479,8.306177
2026-07-09T11:36:50.656520,Raspberry_Relieve1,,,35.403,19.081,676,675.52,100.0,-1,0.0,,,,,,2420,2.14,0.40108,8.707257
2026-07-09T11:36:51.662026,Raspberry_Relieve1,,,35.38,19.034,673,673.42,100.0,-1,0.0,,,,,,2421,1.0,0.186908,8.894165
2026-07-09T11:36:52.662170,Raspberry_Relieve1,,,35.51,18.373,652,652.43,100.0,-1,0.0,,,,,,2422,0.97,0.178609,9.072773
2026-07-09T11:36:54.062529,Raspberry_Relieve1,,,37.791,3.035,115,114.7,100.0,-1,0.0,,,,,,2423,1.48,0.157852,9.230626
2026-07-09T11:36:55.062683,Raspberry_Relieve1,,,37.836,-0.468,-18,-17.71,100.0,-1,0.0,,,,,,2424,0.92,0.012348,9.242974
2026-07-09T11:36:56.062793,Raspberry_Relieve1,,,37.855,-0.65,-25,-24.61,100.0,14400,0.0,,,,,,2425,1.01,-0.005938,9.237036
2026-07-09T11:36:57.062966,Raspberry_Relieve1,,,37.861,-0.622,-24,-23.55,100.0,14400,0.0,,,,,,2426,1.08,-0.007223,9.229813
2026-07-09T11:36:58.063163,Raspberry_Relieve1,,,37.875,-0.604,-23,-22.88,100.0,14400,0.001,,,,,,2427,0.99,-0.006401,9.223412
2026-07-09T11:36:59.063278,Raspberry_Relieve1,,,37.843,-0.405,-15,-15.33,100.0,14400,0.001,,,,,,2428,0.94,-0.005009,9.218402
2026-07-09T11:37:00.063393,Raspberry_Relieve1,,,35.413,16.139,572,571.53,100.0,-1,0.0,,,,,,2429,0.95,0.07347,9.291872
2026-07-09T11:37:40.170068,Raspberry_Relieve1,,,37.844,0.0,0,571.53,100.0,-1,0.003,,,,,,2470,40.44,6.420509,15.712381
2026-07-09T11:37:41.170232,Raspberry_Relieve1,,,37.848,0.0,0,571.53,100.0,-1,0.003,,,,,,2470,0.67,0.106264,15.818645
2026-07-09T11:37:42.170309,Raspberry_Relieve1,,,37.852,0.0,0,571.53,100.0,-1,0.003,,,,,,2471,1.05,0.166337,15.984981
2026-07-09T11:37:43.170421,Raspberry_Relieve1,,,37.855,0.0,0,571.53,100.0,-1,0.003,,,,,,2472,0.96,0.151614,16.136596
2026-07-09T11:37:44.170543,Raspberry_Relieve1,,,37.857,0.0,0,571.53,100.0,-1,0.003,,,,,,2473,1.06,0.168809,16.305405
2026-07-09T11:37:45.170663,Raspberry_Relieve1,,,37.858,0.0,0,571.53,100.0,-1,0.003,,,,,,2474,1.03,0.163318,16.468723
2026-07-09T11:37:46.170773,Raspberry_Relieve1,,,37.86,0.0,0,571.53,100.0,-1,0.003,,,,,,2475,0.93,0.147903,16.616625
2026-07-09T11:37:47.170888,Raspberry_Relieve1,,,37.862,0.0,0,571.53,100.0,-1,0.003,,,,,,2476,1.01,0.161033,16.777658
2026-07-09T11:37:48.170997,Raspberry_Relieve1,,,37.861,0.0,0,571.53,100.0,-1,0.003,,,,,,2477,0.95,0.150435,16.928093
2026-07-09T11:37:49.171135,Raspberry_Relieve1,,,37.864,0.0,0,571.53,100.0,-1,0.003,,,,,,2478,1.02,0.161356,17.089449
2026-07-09T11:37:50.171247,Raspberry_Relieve1,,,37.867,0.0,0,571.53,100.0,-1,0.003,,,,,,2479,0.91,0.144651,17.2341
2026-07-09T11:37:51.171366,Raspberry_Relieve1,,,37.867,0.0,0,571.53,100.0,-1,0.003,,,,,,2480,1.08,0.171577,17.405677
2026-07-09T11:37:52.171484,Raspberry_Relieve1,,,37.869,0.0,0,571.53,100.0,-1,0.003,,,,,,2481,0.98,0.15548,17.561157
2026-07-09T11:37:53.172053,Raspberry_Relieve1,,,37.87,0.0,0,571.53,100.0,-1,0.003,,,,,,2482,1.03,0.164206,17.725363
2026-07-09T11:37:54.172152,Raspberry_Relieve1,,,37.872,0.0,0,571.53,100.0,-1,0.003,,,,,,2483,1.07,0.169283,17.894646
2026-07-09T11:37:55.762613,Raspberry_Relieve1,,,37.873,0.0,0,571.53,100.0,-1,0.003,,,,,,2485,1.46,0.231204,18.12585
2026-07-09T11:37:56.762738,Raspberry_Relieve1,,,37.879,0.0,0,571.53,100.0,-1,0.003,,,,,,2486,1.11,0.175611,18.301462
2026-07-09T11:37:57.762853,Raspberry_Relieve1,,,37.88,0.0,0,571.53,100.0,-1,0.003,,,,,,2487,0.96,0.152726,18.454187
2026-07-09T11:37:58.762951,Raspberry_Relieve1,,,37.878,0.0,0,571.53,100.0,-1,0.003,,,,,,2488,1.05,0.166497,18.620684
2026-07-09T11:37:59.763058,Raspberry_Relieve1,,,37.88,0.0,0,571.53,100.0,-1,0.003,,,,,,2489,0.9,0.143544,18.764228
2026-07-09T11:38:00.817680,Raspberry_Relieve1,,,37.882,0.0,0,571.53,100.0,-1,0.003,,,,,,2490,1.1,0.17411,18.938338
2026-07-09T11:38:01.817819,Raspberry_Relieve1,,,37.883,0.0,0,571.53,100.0,-1,0.003,,,,,,2491,1.04,0.165096,19.103434
2026-07-09T11:38:02.817949,Raspberry_Relieve1,,,37.882,0.0,0,571.53,100.0,-1,0.003,,,,,,2492,0.89,0.141158,19.244592
2026-07-09T11:38:03.818052,Raspberry_Relieve1,,,35.524,15.091,536,536.09,100.0,-1,0.002,,,,,,2493,1.01,0.155255,19.399846
2026-07-09T11:38:04.818168,Raspberry_Relieve1,,,36.439,13.658,498,497.68,100.0,-1,0.0,,,,,,2494,1.01,0.144809,19.544655
2026-07-09T11:38:05.818273,Raspberry_Relieve1,,,36.198,9.519,345,344.57,100.0,-1,0.0,,,,,,2495,1.06,0.123764,19.668419
2026-07-09T11:38:06.818394,Raspberry_Relieve1,,,36.35,10.578,385,384.51,100.0,-1,0.0,,,,,,2496,0.97,0.098461,19.76688
2026-07-09T11:38:07.818493,Raspberry_Relieve1,,,37.23,6.773,252,252.16,100.0,-1,0.0,,,,,,2497,0.98,0.08623,19.85311
2026-07-09T11:38:09.573190,Raspberry_Relieve1,,,37.634,1.407,53,52.95,100.0,-1,0.0,,,,,,2499,1.86,0.078901,19.932011
2026-07-09T11:38:10.573321,Raspberry_Relieve1,,,37.419,2.511,94,93.96,100.0,-1,0.0,,,,,,2500,0.92,0.018861,19.950872
2026-07-09T11:38:11.573436,Raspberry_Relieve1,,,35.852,13.991,502,501.61,100.0,-1,0.0,,,,,,2501,0.94,0.077634,20.028506
2026-07-09T11:38:12.573568,Raspberry_Relieve1,,,35.377,18.791,665,664.77,100.0,-1,0.0,,,,,,2502,1.08,0.174195,20.202701
2026-07-09T11:38:13.573695,Raspberry_Relieve1,,,35.349,19.051,673,673.43,100.0,-1,0.0,,,,,,2503,0.99,0.183332,20.386033
2026-07-09T11:38:14.573810,Raspberry_Relieve1,,,35.326,19.04,673,672.61,100.0,-1,0.0,,,,,,2504,1.23,0.230435,20.616468
2026-07-09T11:38:15.573954,Raspberry_Relieve1,,,35.307,18.992,671,670.55,100.0,-1,0.0,,,,,,2505,0.71,0.131855,20.748322
2026-07-09T11:38:16.574067,Raspberry_Relieve1,,,35.522,17.532,623,622.77,100.0,-1,0.0,,,,,,2506,0.98,0.175658,20.923981
2026-07-09T11:38:17.574201,Raspberry_Relieve1,,,35.786,15.263,546,546.2,100.0,-1,0.0,,,,,,2507,1.12,0.181784,21.105765
2026-07-09T11:38:18.574355,Raspberry_Relieve1,,,35.988,13.431,483,483.35,100.0,-1,0.0,,,,,,2508,0.95,0.135597,21.241362
2026-07-09T11:38:19.574475,Raspberry_Relieve1,,,36.143,11.957,432,432.16,100.0,-1,0.0,,,,,,2509,1.27,0.160964,21.402326
2026-07-09T11:38:20.574629,Raspberry_Relieve1,,,36.301,10.624,386,385.66,100.0,-1,0.0,,,,,,2510,0.84,0.095903,21.498228
2026-07-09T11:38:21.574757,Raspberry_Relieve1,,,36.301,10.624,386,385.66,100.0,-1,0.0,,,,,,2511,0.88,0.093986,21.592214
2026-07-09T11:38:22.574877,Raspberry_Relieve1,,,37.719,-0.812,-31,-30.63,100.0,14400,0.0,,,,,,2512,1.11,0.054641,21.646855
2026-07-09T11:38:23.575019,Raspberry_Relieve1,,,37.728,-0.796,-30,-30.03,100.0,14400,0.0,,,,,,2513,0.88,-0.007422,21.639433
2026-07-09T11:38:24.575150,Raspberry_Relieve1,,,37.746,-0.786,-30,-29.67,100.0,14400,0.001,,,,,,2514,1.1,-0.009132,21.630301
2026-07-09T11:38:25.575258,Raspberry_Relieve1,,,37.744,-0.69,-26,-26.04,100.0,13498,0.001,,,,,,2515,0.99,-0.007635,21.622666
2026-07-09T11:38:26.575369,Raspberry_Relieve1,,,37.743,-0.613,-23,-23.14,100.0,11062,0.001,,,,,,2516,1.02,-0.006947,21.615719
2026-07-09T11:38:27.575553,Raspberry_Relieve1,,,37.759,-0.592,-22,-22.35,100.0,9616,0.001,,,,,,2517,0.93,-0.005866,21.609854
2026-07-09T11:38:28.575662,Raspberry_Relieve1,,,38.211,-3.969,-152,-151.66,100.0,5576,0.002,,,,,,2518,1.07,-0.025859,21.583995
2026-07-09T11:38:29.575781,Raspberry_Relieve1,,,37.815,-1.899,-72,-71.81,100.0,3639,0.003,,,,,,2519,1.04,-0.032253,21.551742
2026-07-09T11:38:30.575886,Raspberry_Relieve1,,,37.766,-0.471,-18,-17.79,100.0,3441,0.003,,,,,,2520,0.91,-0.011315,21.540427
2026-07-09T11:38:31.576007,Raspberry_Relieve1,,,37.702,0.0,0,0.0,100.0,3356,0.003,,,,,,2521,1.04,-0.002581,21.537846
2026-07-09T11:38:32.576130,Raspberry_Relieve1,,,35.592,16.795,598,597.77,100.0,-1,0.0,,,,,,2522,0.9,0.074432,21.612278
2026-07-09T11:38:33.576292,Raspberry_Relieve1,,,35.352,14.092,498,498.18,100.0,-1,0.0,,,,,,2523,1.01,0.153269,21.765547
2026-07-09T11:38:34.576412,Raspberry_Relieve1,,,35.301,18.803,664,663.76,100.0,-1,0.0,,,,,,2524,1.07,0.172355,21.937902
2026-07-09T11:38:35.576525,Raspberry_Relieve1,,,35.275,19.047,672,671.88,100.0,-1,0.0,,,,,,2525,1.24,0.229303,22.167205
2026-07-09T11:38:36.576640,Raspberry_Relieve1,,,35.253,19.008,670,670.09,100.0,-1,0.0,,,,,,2526,0.76,0.142005,22.30921
2026-07-09T11:38:37.576760,Raspberry_Relieve1,,,36.1,14.234,514,513.85,100.0,-1,0.0,,,,,,2527,1.09,0.178943,22.488153
2026-07-09T11:38:38.576874,Raspberry_Relieve1,,,36.774,4.844,178,178.13,100.0,-1,0.0,,,,,,2528,0.88,0.085025,22.573178
2026-07-09T11:38:39.576996,Raspberry_Relieve1,,,37.015,7.465,276,276.32,100.0,-1,0.0,,,,,,2529,1.65,0.104377,22.677556
2026-07-09T11:38:40.639401,Raspberry_Relieve1,,,37.567,2.129,80,79.98,100.0,-1,0.0,,,,,,2530,0.4,0.020019,22.697574
2026-07-09T11:38:41.639518,Raspberry_Relieve1,,,37.609,-0.23,-9,-8.65,100.0,-1,0.0,,,,,,2531,0.96,0.009508,22.707082
2026-07-09T11:38:42.639615,Raspberry_Relieve1,,,37.689,-0.682,-26,-25.7,100.0,14400,0.0,,,,,,2532,1.03,-0.004909,22.702174
2026-07-09T11:38:43.639733,Raspberry_Relieve1,,,37.706,-0.732,-28,-27.6,100.0,14400,0.0,,,,,,2533,0.99,-0.007307,22.694866
2026-07-09T11:38:44.639840,Raspberry_Relieve1,,,37.718,-0.713,-27,-26.89,100.0,14400,0.001,,,,,,2534,1.07,-0.00808,22.686787
2026-07-09T11:38:45.639947,Raspberry_Relieve1,,,37.731,-0.698,-26,-26.34,100.0,14152,0.001,,,,,,2535,0.97,-0.007173,22.679614
2026-07-09T11:38:46.640066,Raspberry_Relieve1,,,36.548,7.728,282,282.44,100.0,-1,0.0,,,,,,2536,1.04,0.036928,22.716543
2026-07-09T11:38:47.640179,Raspberry_Relieve1,,,35.318,17.069,603,602.84,100.0,-1,0.0,,,,,,2537,0.97,0.119134,22.835676
2026-07-09T11:38:48.640293,Raspberry_Relieve1,,,35.355,18.355,649,648.94,100.0,-1,0.0,,,,,,2538,0.99,0.172404,23.00808
2026-07-09T11:38:49.640494,Raspberry_Relieve1,,,35.601,16.937,603,602.97,100.0,-1,0.0,,,,,,2539,1.06,0.184374,23.192454
2026-07-09T11:38:50.640689,Raspberry_Relieve1,,,36.38,10.61,386,385.99,100.0,-1,0.0,,,,,,2540,1.02,0.139558,23.332012
2026-07-09T11:38:51.640785,Raspberry_Relieve1,,,36.75,6.724,247,247.11,100.0,-1,0.0,,,,,,2541,0.91,0.079841,23.411853
2026-07-09T11:38:52.640915,Raspberry_Relieve1,,,36.795,6.366,234,234.24,100.0,-1,0.0,,,,,,2542,1.07,0.071416,23.483269
2026-07-09T11:38:53.641016,Raspberry_Relieve1,,,37.598,0.813,31,30.57,100.0,-1,0.0,,,,,,2543,0.9,0.032956,23.516225
2026-07-09T11:38:54.641230,Raspberry_Relieve1,,,37.615,-0.452,-17,-17.0,100.0,14400,0.0,,,,,,2544,1.1,0.00207,23.518295
2026-07-09T11:38:55.641327,Raspberry_Relieve1,,,37.041,3.399,126,125.9,100.0,-1,0.0,,,,,,2545,0.96,0.014492,23.532787
2026-07-09T11:38:56.641429,Raspberry_Relieve1,,,37.675,-0.185,-7,-6.97,100.0,-1,0.0,,,,,,2546,1.04,0.017241,23.550028
2026-07-09T11:38:57.641538,Raspberry_Relieve1,,,37.376,0.699,26,26.13,100.0,14400,0.0,,,,,,2547,1.0,0.002649,23.552677
2026-07-09T11:38:58.641648,Raspberry_Relieve1,,,37.341,2.541,95,94.88,100.0,-1,0.0,,,,,,2548,0.98,0.016389,23.569066
2026-07-09T11:38:59.641743,Raspberry_Relieve1,,,37.674,-0.313,-12,-11.79,100.0,-1,0.0,,,,,,2549,1.0,0.011554,23.58062
2026-07-09T11:39:00.641852,Raspberry_Relieve1,,,37.622,0.0,0,0.0,100.0,14400,0.0,,,,,,2550,1.11,-0.001812,23.578808
2026-07-09T11:39:01.642072,Raspberry_Relieve1,,,35.514,9.649,343,342.67,100.0,-1,0.0,,,,,,2551,0.92,0.043679,23.622487
2026-07-09T11:39:02.642205,Raspberry_Relieve1,,,36.237,11.628,421,421.36,100.0,-1,0.0,,,,,,2552,0.93,0.099059,23.721546
2026-07-09T11:39:03.642303,Raspberry_Relieve1,,,36.775,7.199,265,264.74,100.0,-1,0.0,,,,,,2553,1.04,0.099505,23.821051
2026-07-09T11:39:04.642497,Raspberry_Relieve1,,,35.702,12.72,454,454.13,100.0,-1,0.0,,,,,,2554,0.97,0.09643,23.917481
2026-07-09T11:39:05.642596,Raspberry_Relieve1,,,37.647,0.839,32,31.59,100.0,-1,0.0,,,,,,2555,0.99,0.066664,23.984145
2026-07-09T11:39:06.642706,Raspberry_Relieve1,,,37.651,-0.413,-16,-15.55,100.0,14400,0.0,,,,,,2556,1.01,0.002255,23.9864
2026-07-09T11:39:07.642823,Raspberry_Relieve1,,,37.282,1.741,65,64.91,100.0,14400,0.0,,,,,,2557,1.1,0.007513,23.993914
2026-07-09T11:39:08.643032,Raspberry_Relieve1,,,37.14,3.387,126,125.79,100.0,-1,0.0,,,,,,2558,0.89,0.023534,24.017448
2026-07-09T11:39:09.643230,Raspberry_Relieve1,,,37.599,1.329,50,49.97,100.0,-1,0.0,,,,,,2559,1.08,0.026355,24.043804
2026-07-09T11:39:10.643377,Raspberry_Relieve1,,,37.652,-0.225,-8,-8.47,100.0,-1,0.0,,,,,,2560,0.97,0.005564,24.049367
2026-07-09T11:39:11.643562,Raspberry_Relieve1,,,36.083,6.901,249,249.01,100.0,14400,0.0,,,,,,2561,1.22,0.040906,24.090273
2026-07-09T11:39:12.643785,Raspberry_Relieve1,,,36.178,6.505,235,235.34,100.0,-1,0.0,,,,,,2562,0.74,0.049644,24.139918
2026-07-09T11:39:13.643882,Raspberry_Relieve1,,,35.282,18.07,638,637.55,100.0,-1,0.0,,,,,,2564,2.22,0.268637,24.408555
2026-07-09T11:39:15.217464,Raspberry_Relieve1,,,35.217,19.019,670,669.79,100.0,-1,0.0,,,,,,2564,0.34,0.060892,24.469447
2026-07-09T11:39:16.217608,Raspberry_Relieve1,,,35.909,15.113,543,542.69,100.0,-1,0.0,,,,,,2565,1.0,0.167925,24.637372
2026-07-09T11:39:17.217740,Raspberry_Relieve1,,,37.223,2.64,98,98.27,100.0,-1,0.0,,,,,,2566,0.96,0.085474,24.722846
2026-07-09T11:39:18.217926,Raspberry_Relieve1,,,37.58,0.149,6,5.6,100.0,-1,0.0,,,,,,2567,1.13,0.016348,24.739194
2026-07-09T11:39:19.218060,Raspberry_Relieve1,,,37.611,-0.52,-20,-19.56,100.0,14400,0.0,,,,,,2568,0.95,-0.001837,24.737358
2026-07-09T11:39:20.218199,Raspberry_Relieve1,,,37.565,0.8,30,30.05,100.0,-1,0.0,,,,,,2569,0.96,0.001406,24.738764
2026-07-09T11:39:21.218313,Raspberry_Relieve1,,,37.819,-1.575,-60,-59.56,100.0,14400,0.0,,,,,,2571,1.51,-0.006189,24.732575
2026-07-09T11:39:22.218474,Raspberry_Relieve1,,,35.251,16.204,571,571.21,100.0,-1,0.0,,,,,,2571,0.58,0.041378,24.773953
2026-07-09T11:39:23.218592,Raspberry_Relieve1,,,36.257,10.967,398,397.63,100.0,-1,0.0,,,,,,2572,0.95,0.12754,24.901493
2026-07-09T11:39:24.218723,Raspberry_Relieve1,,,37.423,1.993,75,74.58,100.0,-1,0.0,,,,,,2573,1.02,0.066679,24.968172
2026-07-09T11:39:25.218854,Raspberry_Relieve1,,,37.515,1.485,56,55.71,100.0,-1,0.0,,,,,,2574,0.99,0.017875,24.986047
2026-07-09T11:39:26.218980,Raspberry_Relieve1,,,37.613,-0.353,-13,-13.28,100.0,-1,0.0,,,,,,2575,1.06,0.006239,24.992286
2026-07-09T11:39:27.219126,Raspberry_Relieve1,,,37.629,-0.935,-35,-35.18,100.0,14400,0.001,,,,,,2576,0.96,-0.00645,24.985836
2026-07-09T11:39:28.219255,Raspberry_Relieve1,,,37.621,-0.374,-14,-14.07,100.0,13570,0.001,,,,,,2577,1.02,-0.006974,24.978862
2026-07-09T11:39:29.219443,Raspberry_Relieve1,,,37.618,-0.249,-9,-9.37,100.0,12541,0.001,,,,,,2578,0.97,-0.003148,24.975714
2026-07-09T11:39:30.219652,Raspberry_Relieve1,,,37.625,-0.216,-8,-8.13,100.0,11837,0.001,,,,,,2579,1.02,-0.002481,24.973233
2026-07-09T11:39:31.219781,Raspberry_Relieve1,,,37.63,-0.183,-7,-6.89,100.0,11346,0.001,,,,,,2580,1.02,-0.002117,24.971115
2026-07-09T11:39:32.219980,Raspberry_Relieve1,,,37.561,3.017,113,113.32,100.0,-1,0.001,,,,,,2581,1.02,0.015021,24.986136
2026-07-09T11:39:33.220102,Raspberry_Relieve1,,,36.782,5.156,190,189.65,100.0,-1,0.001,,,,,,2582,0.88,0.037061,25.023197
2026-07-09T11:39:34.220324,Raspberry_Relieve1,,,37.61,0.316,12,11.88,100.0,-1,0.0,,,,,,2583,1.07,0.030022,25.053219
2026-07-09T11:39:35.220354,Raspberry_Relieve1,,,37.619,0.0,0,11.88,100.0,-1,0.0,,,,,,2584,1.06,0.003491,25.056711
2026-07-09T11:39:36.220493,Raspberry_Relieve1,,,37.626,0.0,0,11.88,100.0,-1,0.0,,,,,,2585,0.92,0.003041,25.059752
2026-07-09T11:39:37.220615,Raspberry_Relieve1,,,37.63,0.0,0,11.88,100.0,-1,0.0,,,,,,2586,1.08,0.003561,25.063313
2026-07-09T11:39:38.220819,Raspberry_Relieve1,,,37.639,0.0,0,11.88,100.0,-1,0.0,,,,,,2587,1.04,0.003439,25.066752
2026-07-09T11:39:39.221027,Raspberry_Relieve1,,,37.642,0.0,0,11.88,100.0,-1,0.0,,,,,,2588,0.88,0.002895,25.069648
2026-07-09T11:39:40.221156,Raspberry_Relieve1,,,37.647,0.0,0,11.88,100.0,-1,0.0,,,,,,2589,1.07,0.003529,25.073176
2026-07-09T11:39:41.221287,Raspberry_Relieve1,,,37.653,0.0,0,11.88,100.0,-1,0.0,,,,,,2590,0.91,0.003008,25.076184
2026-07-09T11:39:42.221401,Raspberry_Relieve1,,,37.656,0.0,0,11.88,100.0,-1,0.0,,,,,,2591,1.12,0.003707,25.079891
2026-07-09T11:39:43.221522,Raspberry_Relieve1,,,37.661,0.0,0,11.88,100.0,-1,0.0,,,,,,2592,0.91,0.003017,25.082908
2026-07-09T11:39:44.221671,Raspberry_Relieve1,,,37.665,0.0,0,11.88,100.0,-1,0.0,,,,,,2593,1.04,0.003425,25.086333
2026-07-09T11:39:45.221774,Raspberry_Relieve1,,,37.669,0.0,0,11.88,100.0,-1,0.0,,,,,,2594,1.02,0.003355,25.089688
2026-07-09T11:39:46.221927,Raspberry_Relieve1,,,37.673,0.0,0,11.88,100.0,-1,0.0,,,,,,2595,1.0,0.003311,25.092999
2026-07-09T11:39:47.222071,Raspberry_Relieve1,,,37.677,0.0,0,11.88,100.0,-1,0.0,,,,,,2596,0.95,0.00312,25.096119
2026-07-09T11:39:48.222198,Raspberry_Relieve1,,,37.679,0.0,0,11.88,100.0,-1,0.0,,,,,,2597,1.09,0.003609,25.099728
2026-07-09T11:39:49.222322,Raspberry_Relieve1,,,37.68,0.0,0,11.88,100.0,-1,0.0,,,,,,2599,1.21,0.003997,25.103726
2026-07-09T11:39:50.222445,Raspberry_Relieve1,,,37.685,0.0,0,11.88,100.0,-1,0.0,,,,,,2599,0.67,0.002208,25.105934
2026-07-09T11:39:51.222576,Raspberry_Relieve1,,,37.687,0.0,0,11.88,100.0,-1,0.0,,,,,,2600,1.04,0.003425,25.109359
2026-07-09T11:39:52.222705,Raspberry_Relieve1,,,37.693,0.0,0,11.88,100.0,-1,0.0,,,,,,2601,1.08,0.003561,25.11292
2026-07-09T11:39:53.222829,Raspberry_Relieve1,,,37.693,0.0,0,11.88,100.0,-1,0.0,,,,,,2602,0.88,0.002894,25.115813
2026-07-09T11:39:54.222972,Raspberry_Relieve1,,,37.697,0.0,0,11.88,100.0,-1,0.0,,,,,,2603,0.99,0.003285,25.119098
2026-07-09T11:39:55.223089,Raspberry_Relieve1,,,37.7,0.0,0,11.88,100.0,-1,0.0,,,,,,2604,1.01,0.003341,25.122439
2026-07-09T11:39:56.223222,Raspberry_Relieve1,,,37.702,0.0,0,11.88,100.0,-1,0.0,,,,,,2605,1.08,0.00358,25.12602
2026-07-09T11:39:57.223356,Raspberry_Relieve1,,,35.949,11.014,396,395.94,100.0,-1,0.0,,,,,,2606,0.98,0.055387,25.181407
2026-07-09T11:39:58.223474,Raspberry_Relieve1,,,36.042,12.153,438,438.02,100.0,-1,0.0,,,,,,2607,0.99,0.114848,25.296255
2026-07-09T11:39:59.223657,Raspberry_Relieve1,,,35.57,15.662,557,557.1,100.0,-1,0.0,,,,,,2608,1.07,0.148484,25.444739
2026-07-09T11:40:00.223852,Raspberry_Relieve1,,,35.891,12.228,439,438.88,100.0,-1,0.0,,,,,,2609,0.88,0.121344,25.566082
2026-07-09T11:40:01.224020,Raspberry_Relieve1,,,35.991,12.124,436,436.35,100.0,-1,0.0,,,,,,2610,1.24,0.150468,25.716551
2026-07-09T11:40:02.224186,Raspberry_Relieve1,,,37.491,5.949,223,223.03,100.0,-1,0.0,,,,,,2612,1.04,0.094986,25.811536
2026-07-09T11:40:03.224301,Raspberry_Relieve1,,,36.104,8.921,322,322.08,100.0,-1,0.0,,,,,,2612,0.7,0.052754,25.86429
2026-07-09T11:40:06.969311,Raspberry_Relieve1,,,37.454,0.969,36,36.29,100.0,-1,0.0,,,,,,2616,3.8,0.189334,26.053624
2026-07-09T11:40:07.969429,Raspberry_Relieve1,,,37.427,0.985,37,36.87,100.0,-1,0.0,,,,,,2617,1.05,0.010714,26.064338
2026-07-09T11:40:08.969538,Raspberry_Relieve1,,,37.437,3.352,125,125.49,100.0,-1,0.0,,,,,,2618,0.91,0.020493,26.084831
2026-07-09T11:40:09.969655,Raspberry_Relieve1,,,37.188,3.899,145,145.0,100.0,-1,0.0,,,,,,2619,1.05,0.039418,26.12425
2026-07-09T11:40:10.969777,Raspberry_Relieve1,,,37.401,2.869,107,107.3,100.0,-1,0.0,,,,,,2620,1.03,0.036114,26.160364
2026-07-09T11:40:11.970004,Raspberry_Relieve1,,,37.436,0.896,34,33.54,100.0,-1,0.0,,,,,,2621,0.94,0.018433,26.178797
2026-07-09T11:40:12.970112,Raspberry_Relieve1,,,37.619,0.598,22,22.5,100.0,-1,0.0,,,,,,2622,1.04,0.008095,26.186892
2026-07-09T11:40:13.970222,Raspberry_Relieve1,,,37.396,1.513,57,56.58,100.0,-1,0.0,,,,,,2623,1.07,0.011748,26.19864
2026-07-09T11:40:14.970327,Raspberry_Relieve1,,,37.631,0.0,0,56.58,100.0,-1,0.0,,,,,,2624,0.88,0.013776,26.212416
2026-07-09T11:40:15.970456,Raspberry_Relieve1,,,37.637,0.0,0,56.58,100.0,-1,0.0,,,,,,2625,1.03,0.016158,26.228574
2026-07-09T11:40:16.970662,Raspberry_Relieve1,,,37.581,0.275,10,10.33,100.0,-1,0.0,,,,,,2627,1.61,0.014933,26.243507
2026-07-09T11:40:17.970752,Raspberry_Relieve1,,,37.636,1.36,51,51.18,100.0,-1,0.0,,,,,,2627,0.41,0.003522,26.247029
2026-07-09T11:40:18.970959,Raspberry_Relieve1,,,37.526,2.871,108,107.74,100.0,-1,0.0,,,,,,2628,1.02,0.022583,26.269612
2026-07-09T11:40:19.971182,Raspberry_Relieve1,,,37.618,3.081,116,115.9,100.0,-1,0.0,,,,,,2629,0.91,0.028274,26.297886
2026-07-09T11:40:20.971271,Raspberry_Relieve1,,,35.302,16.97,599,599.07,100.0,-1,0.0,,,,,,2630,1.05,0.103925,26.401811
2026-07-09T11:40:21.971370,Raspberry_Relieve1,,,35.253,19.013,670,670.27,100.0,-1,0.0,,,,,,2631,1.0,0.176945,26.578756
2026-07-09T11:40:22.971482,Raspberry_Relieve1,,,35.215,19.148,674,674.3,100.0,-1,0.0,,,,,,2632,1.01,0.189136,26.767892
2026-07-09T11:40:23.971597,Raspberry_Relieve1,,,35.191,18.692,658,657.79,100.0,-1,0.0,,,,,,2633,1.04,0.191492,26.959384
2026-07-09T11:40:24.971695,Raspberry_Relieve1,,,35.169,19.098,672,671.66,100.0,-1,0.0,,,,,,2634,0.87,0.160958,27.120341
2026-07-09T11:40:25.971803,Raspberry_Relieve1,,,35.685,16.529,590,589.84,100.0,-1,0.0,,,,,,2635,1.12,0.195453,27.315795
2026-07-09T11:40:26.971892,Raspberry_Relieve1,,,36.316,12.81,465,465.21,100.0,-1,0.0,,,,,,2636,1.03,0.151314,27.467108
2026-07-09T11:40:27.972093,Raspberry_Relieve1,,,36.653,7.151,262,262.11,100.0,-1,0.0,,,,,,2637,0.92,0.092488,27.559596
2026-07-09T11:40:28.972191,Raspberry_Relieve1,,,36.655,4.249,156,155.75,100.0,-1,0.0,,,,,,2638,1.06,0.061561,27.621157
2026-07-09T11:40:29.972296,Raspberry_Relieve1,,,37.044,4.146,154,153.58,100.0,-1,0.0,,,,,,2639,1.01,0.043189,27.664346
2026-07-09T11:40:30.972435,Raspberry_Relieve1,,,37.397,2.167,81,81.04,100.0,-1,0.0,,,,,,2640,0.96,0.031236,27.695582
2026-07-09T11:40:31.972537,Raspberry_Relieve1,,,35.752,12.546,449,448.54,100.0,-1,0.0,,,,,,2641,1.03,0.075693,27.771275
2026-07-09T11:40:32.972673,Raspberry_Relieve1,,,35.341,17.833,630,630.24,100.0,-1,0.0,,,,,,2642,0.91,0.136905,27.90818
2026-07-09T11:40:33.972776,Raspberry_Relieve1,,,35.117,19.016,668,667.78,100.0,-1,0.0,,,,,,2643,1.07,0.193755,28.101934
2026-07-09T11:40:34.972890,Raspberry_Relieve1,,,35.093,19.096,670,670.14,100.0,-1,0.0,,,,,,2644,1.03,0.191868,28.293803
2026-07-09T11:40:35.972985,Raspberry_Relieve1,,,35.075,19.085,669,669.41,100.0,-1,0.0,,,,,,2645,0.93,0.173196,28.466998
2026-07-09T11:40:36.973078,Raspberry_Relieve1,,,35.054,19.073,669,668.58,100.0,-1,0.0,,,,,,2646,1.01,0.187738,28.654736
2026-07-09T11:40:37.973171,Raspberry_Relieve1,,,35.04,19.072,668,668.28,100.0,-1,0.0,,,,,,2647,1.23,0.228812,28.883548
2026-07-09T11:40:38.973277,Raspberry_Relieve1,,,35.026,19.054,667,667.39,100.0,-1,0.0,,,,,,2648,0.75,0.13859,29.022139
2026-07-09T11:40:39.973382,Raspberry_Relieve1,,,35.013,19.031,666,666.33,100.0,-1,0.0,,,,,,2649,1.36,0.252205,29.274344
2026-07-09T11:40:40.973479,Raspberry_Relieve1,,,35.004,19.008,665,665.36,100.0,-1,0.0,,,,,,2651,1.38,0.255726,29.53007
2026-07-09T11:40:42.073491,Raspberry_Relieve1,,,35.008,18.914,662,662.14,100.0,-1,0.0,,,,,,2651,0.45,0.083068,29.613139
2026-07-09T11:41:22.252337,Raspberry_Relieve1,,,36.556,6.041,221,220.83,100.0,-1,0.0,,,,,,2692,40.4,4.9545,34.567639
2026-07-09T11:41:23.252444,Raspberry_Relieve1,,,35.389,9.93,351,351.41,100.0,-1,0.0,,,,,,2692,0.84,0.066771,34.63441
2026-07-09T11:41:24.252570,Raspberry_Relieve1,,,36.148,10.995,397,397.45,100.0,-1,0.0,,,,,,2693,0.82,0.085436,34.719846
2026-07-09T11:41:25.252670,Raspberry_Relieve1,,,36.324,8.65,314,314.2,100.0,-1,0.0,,,,,,2694,1.11,0.109612,34.829458
2026-07-09T11:41:26.252778,Raspberry_Relieve1,,,35.481,13.746,488,487.72,100.0,-1,0.0,,,,,,2695,0.98,0.109295,34.938753
2026-07-09T11:41:27.252897,Raspberry_Relieve1,,,35.906,12.705,456,456.19,100.0,-1,0.0,,,,,,2696,1.02,0.13435,35.073103
2026-07-09T11:41:28.253012,Raspberry_Relieve1,,,35.258,14.524,512,512.09,100.0,-1,0.0,,,,,,2697,0.98,0.131278,35.204381
2026-07-09T11:41:29.253129,Raspberry_Relieve1,,,35.719,13.203,472,471.6,100.0,-1,0.0,,,,,,2698,0.95,0.129181,35.333563
2026-07-09T11:41:30.253256,Raspberry_Relieve1,,,36.044,10.23,369,368.73,100.0,-1,0.0,,,,,,2701,2.26,0.264243,35.597806
2026-07-09T11:41:31.907650,Raspberry_Relieve1,,,36.573,5.989,219,219.04,100.0,-1,0.0,,,,,,2701,0.42,0.034415,35.632221
2026-07-09T11:41:32.907878,Raspberry_Relieve1,,,37.307,0.743,28,27.72,100.0,-1,0.0,,,,,,2702,1.07,0.036705,35.668926
2026-07-09T11:41:33.907974,Raspberry_Relieve1,,,37.367,-0.591,-22,-22.08,100.0,14400,0.0,,,,,,2703,0.95,0.000742,35.669668
2026-07-09T11:41:34.908105,Raspberry_Relieve1,,,37.373,-0.614,-23,-22.95,100.0,14400,0.0,,,,,,2704,1.03,-0.006452,35.663216
2026-07-09T11:41:35.908274,Raspberry_Relieve1,,,37.396,-0.542,-20,-20.27,100.0,14400,0.0,,,,,,2705,0.95,-0.005697,35.657519
2026-07-09T11:41:36.908346,Raspberry_Relieve1,,,37.411,-0.617,-23,-23.08,100.0,14400,0.001,,,,,,2706,1.0,-0.006043,35.651476
2026-07-09T11:41:37.908452,Raspberry_Relieve1,,,37.346,-0.234,-9,-8.74,100.0,14400,0.001,,,,,,2707,0.97,-0.004285,35.647191
2026-07-09T11:41:38.908534,Raspberry_Relieve1,,,37.848,-3.018,-114,-114.23,100.0,-1,0.001,,,,,,2708,1.02,-0.017342,35.629849
2026-07-09T11:41:39.908609,Raspberry_Relieve1,,,37.375,-0.753,-28,-28.14,100.0,11703,0.002,,,,,,2709,0.95,-0.01873,35.611119
2026-07-09T11:41:40.908698,Raspberry_Relieve1,,,37.666,-1.704,-64,-64.18,100.0,11272,0.002,,,,,,2710,1.06,-0.013601,35.597518
2026-07-09T11:41:41.908775,Raspberry_Relieve1,,,37.56,-1.099,-41,-41.28,100.0,7758,0.002,,,,,,2711,1.08,-0.015849,35.581669
2026-07-09T11:41:42.908969,Raspberry_Relieve1,,,37.4,-0.149,-6,-5.57,100.0,7024,0.002,,,,,,2712,0.88,-0.005744,35.575926
2026-07-09T11:41:43.909075,Raspberry_Relieve1,,,37.406,0.0,0,0.0,100.0,-1,0.002,,,,,,2713,0.98,-0.00076,35.575165
2026-07-09T11:41:44.909239,Raspberry_Relieve1,,,37.413,0.0,0,0.0,100.0,-1,0.002,,,,,,2714,1.08,0.0,35.575165
2026-07-09T11:41:45.909390,Raspberry_Relieve1,,,37.419,0.0,0,0.0,100.0,-1,0.002,,,,,,2715,0.93,0.0,35.575165
2026-07-09T11:41:46.909500,Raspberry_Relieve1,,,35.158,14.677,516,516.01,100.0,-1,0.002,,,,,,2716,0.98,0.069902,35.645068
2026-07-09T11:41:47.909639,Raspberry_Relieve1,,,36.659,8.701,319,318.97,100.0,-1,0.0,,,,,,2717,1.05,0.121877,35.766945
2026-07-09T11:41:48.909742,Raspberry_Relieve1,,,37.024,6.104,226,225.99,100.0,-1,0.0,,,,,,2718,1.12,0.084595,35.85154
2026-07-09T11:41:49.909914,Raspberry_Relieve1,,,37.441,0.0,0,225.99,100.0,-1,0.0,,,,,,2719,0.9,0.056638,35.908178
2026-07-09T11:41:50.910072,Raspberry_Relieve1,,,37.396,-0.11,-4,-4.11,100.0,14400,0.0,,,,,,2720,1.01,0.031124,35.939302
2026-07-09T11:41:51.910231,Raspberry_Relieve1,,,37.406,0.0,0,0.0,100.0,-1,0.0,,,,,,2721,0.91,-0.000517,35.938784
2026-07-09T11:41:52.910411,Raspberry_Relieve1,,,37.417,0.0,0,0.0,100.0,-1,0.0,,,,,,2722,0.99,0.0,35.938784
2026-07-09T11:41:53.910569,Raspberry_Relieve1,,,37.422,0.0,0,0.0,100.0,-1,0.0,,,,,,2723,1.09,0.0,35.938784
2026-07-09T11:41:54.910740,Raspberry_Relieve1,,,37.429,0.0,0,0.0,100.0,-1,0.0,,,,,,2724,0.93,0.0,35.938784
2026-07-09T11:41:55.910900,Raspberry_Relieve1,,,37.435,0.0,0,0.0,100.0,-1,0.0,,,,,,2725,1.04,0.0,35.938784
2026-07-09T11:41:56.911043,Raspberry_Relieve1,,,37.44,0.0,0,0.0,100.0,-1,0.0,,,,,,2726,1.07,0.0,35.938784
2026-07-09T11:41:57.911188,Raspberry_Relieve1,,,35.176,11.765,414,413.85,100.0,-1,0.0,,,,,,2727,0.97,0.055546,35.994331
2026-07-09T11:41:58.911358,Raspberry_Relieve1,,,35.115,18.704,657,656.79,100.0,-1,0.0,,,,,,2728,1.38,0.205949,36.200279
2026-07-09T11:41:59.911501,Raspberry_Relieve1,,,35.08,19.113,670,670.48,100.0,-1,0.0,,,,,,2729,0.62,0.113972,36.314252
2026-07-09T11:42:00.911620,Raspberry_Relieve1,,,35.053,19.103,670,669.62,100.0,-1,0.0,,,,,,2730,0.94,0.175019,36.489271
2026-07-09T11:42:01.911743,Raspberry_Relieve1,,,35.032,19.086,669,668.62,100.0,-1,0.0,,,,,,2731,1.4,0.260281,36.749552
2026-07-09T11:42:02.911875,Raspberry_Relieve1,,,35.018,19.01,666,665.69,100.0,-1,0.0,,,,,,2732,1.05,0.194664,36.944216
2026-07-09T11:42:03.912010,Raspberry_Relieve1,,,36.885,9.653,356,356.05,100.0,-1,0.0,,,,,,2733,0.61,0.087256,37.031472
2026-07-09T11:42:04.912120,Raspberry_Relieve1,,,36.885,9.653,356,356.05,100.0,-1,0.0,,,,,,2734,0.96,0.095269,37.126742
2026-07-09T11:42:05.912315,Raspberry_Relieve1,,,37.256,0.0,0,356.05,100.0,14400,0.0,,,,,,2735,0.98,0.096878,37.22362
2026-07-09T11:42:06.912460,Raspberry_Relieve1,,,36.914,4.625,171,170.73,100.0,-1,0.0,,,,,,2736,1.13,0.082832,37.306451
2026-07-09T11:42:07.912643,Raspberry_Relieve1,,,37.404,-0.281,-11,-10.51,100.0,-1,0.0,,,,,,2737,0.94,0.02091,37.327361
2026-07-09T11:42:08.912707,Raspberry_Relieve1,,,37.424,-0.659,-25,-24.66,100.0,14400,0.0,,,,,,2738,0.98,-0.0048,37.322561
2026-07-09T11:42:09.912821,Raspberry_Relieve1,,,37.432,-0.624,-23,-23.36,100.0,14400,0.0,,,,,,2739,1.03,-0.00686,37.3157
2026-07-09T11:42:10.912923,Raspberry_Relieve1,,,36.811,2.152,79,79.22,100.0,14400,0.0,,,,,,2740,0.92,0.007124,37.322824
2026-07-09T11:42:11.913064,Raspberry_Relieve1,,,37.37,2.884,108,107.78,100.0,-1,0.0,,,,,,2741,1.08,0.027945,37.35077
2026-07-09T11:42:12.913206,Raspberry_Relieve1,,,37.188,0.694,26,25.81,100.0,-1,0.0,,,,,,2742,0.9,0.01673,37.3675
2026-07-09T11:42:13.913272,Raspberry_Relieve1,,,36.91,2.447,90,90.32,100.0,-1,0.0,,,,,,2743,1.03,0.016593,37.384093
2026-07-09T11:42:14.913383,Raspberry_Relieve1,,,37.449,-0.316,-12,-11.83,100.0,-1,0.0,,,,,,2744,1.04,0.011321,37.395413
2026-07-09T11:42:15.913455,Raspberry_Relieve1,,,37.455,-0.511,-19,-19.14,100.0,14400,0.0,,,,,,2745,0.92,-0.003975,37.391438
2026-07-09T11:42:16.913541,Raspberry_Relieve1,,,37.449,-0.455,-17,-17.04,100.0,14400,0.0,,,,,,2746,1.09,-0.005501,37.385938
2026-07-09T11:42:17.913626,Raspberry_Relieve1,,,37.465,-0.476,-18,-17.83,100.0,14400,0.0,,,,,,2747,0.99,-0.004771,37.381166
2026-07-09T11:42:18.913824,Raspberry_Relieve1,,,37.459,-0.404,-15,-15.13,100.0,14400,0.001,,,,,,2748,1.08,-0.004961,37.376206
2026-07-09T11:42:19.913929,Raspberry_Relieve1,,,37.456,-0.337,-13,-12.62,100.0,14400,0.001,,,,,,2749,0.95,-0.00365,37.372555
2026-07-09T11:42:20.914099,Raspberry_Relieve1,,,37.456,-0.337,-13,-12.62,100.0,14400,0.001,,,,,,2750,1.08,-0.003781,37.368774
2026-07-09T11:42:21.914255,Raspberry_Relieve1,,,35.162,14.803,521,520.5,100.0,-1,0.0,,,,,,2751,0.94,0.066426,37.435199
2026-07-09T11:42:22.914353,Raspberry_Relieve1,,,35.99,10.341,372,372.17,100.0,-1,0.0,,,,,,2752,0.9,0.111694,37.546893
2026-07-09T11:42:23.914513,Raspberry_Relieve1,,,35.225,17.911,631,630.91,100.0,-1,0.0,,,,,,2753,0.97,0.135526,37.682419
2026-07-09T11:42:24.914621,Raspberry_Relieve1,,,37.379,0.952,36,35.58,100.0,-1,0.0,,,,,,2754,1.11,0.102921,37.78534
2026-07-09T11:42:25.914717,Raspberry_Relieve1,,,37.376,0.85,32,31.77,100.0,-1,0.0,,,,,,2755,0.97,0.009028,37.794367
2026-07-09T11:42:26.914855,Raspberry_Relieve1,,,37.387,0.0,0,31.77,100.0,-1,0.0,,,,,,2756,0.92,0.008114,37.802481
2026-07-09T11:42:27.914981,Raspberry_Relieve1,,,37.486,-0.813,-30,-30.48,100.0,14400,0.0,,,,,,2757,1.1,0.000198,37.802679
2026-07-09T11:42:28.915115,Raspberry_Relieve1,,,37.414,-0.256,-10,-9.58,100.0,14400,0.0,,,,,,2758,1.0,-0.005587,37.797092
2026-07-09T11:42:29.915223,Raspberry_Relieve1,,,37.417,0.0,0,0.0,100.0,-1,0.0,,,,,,2759,0.92,-0.001221,37.795871
2026-07-09T11:42:30.915360,Raspberry_Relieve1,,,37.423,0.0,0,0.0,100.0,-1,0.0,,,,,,2760,1.04,0.0,37.795871
2026-07-09T11:42:31.915468,Raspberry_Relieve1,,,37.428,0.0,0,0.0,100.0,-1,0.0,,,,,,2761,1.01,0.0,37.795871
2026-07-09T11:42:32.915616,Raspberry_Relieve1,,,37.434,0.0,0,0.0,100.0,-1,0.0,,,,,,2762,0.99,0.0,37.795871
2026-07-09T11:42:33.915732,Raspberry_Relieve1,,,37.439,0.0,0,0.0,100.0,-1,0.0,,,,,,2763,1.0,0.0,37.795871
2026-07-09T11:42:34.915860,Raspberry_Relieve1,,,36.785,4.291,158,157.84,100.0,-1,0.0,,,,,,2764,1.04,0.022761,37.818632
2026-07-09T11:42:35.915991,Raspberry_Relieve1,,,37.439,0.265,10,9.92,100.0,-1,0.0,,,,,,2765,1.0,0.02336,37.841992
2026-07-09T11:42:36.916130,Raspberry_Relieve1,,,37.446,0.0,0,9.92,100.0,-1,0.0,,,,,,2766,0.93,0.002566,37.844557
2026-07-09T11:42:37.916295,Raspberry_Relieve1,,,37.45,0.0,0,9.92,100.0,-1,0.0,,,,,,2767,1.06,0.002916,37.847473
2026-07-09T11:42:38.916387,Raspberry_Relieve1,,,37.08,1.65,61,61.18,100.0,-1,0.0,,,,,,2768,1.03,0.010218,37.857691
2026-07-09T11:42:39.916528,Raspberry_Relieve1,,,37.376,1.51,56,56.44,100.0,-1,0.0,,,,,,2769,1.01,0.016458,37.874149
2026-07-09T11:42:40.916651,Raspberry_Relieve1,,,37.458,0.345,13,12.92,100.0,-1,0.0,,,,,,2770,1.01,0.009734,37.883883
2026-07-09T11:42:41.916809,Raspberry_Relieve1,,,37.458,0.0,0,12.92,100.0,-1,0.0,,,,,,2771,1.12,0.004033,37.887915
2026-07-09T11:42:42.916911,Raspberry_Relieve1,,,37.464,0.0,0,12.92,100.0,-1,0.0,,,,,,2772,0.8,0.002889,37.890805
2026-07-09T11:42:43.917035,Raspberry_Relieve1,,,37.468,0.0,0,12.92,100.0,-1,0.0,,,,,,2773,0.95,0.00341,37.894215
2026-07-09T11:42:44.917158,Raspberry_Relieve1,,,37.472,0.0,0,12.92,100.0,-1,0.0,,,,,,2774,1.03,0.003689,37.897904
2026-07-09T11:42:45.917286,Raspberry_Relieve1,,,37.473,0.0,0,12.92,100.0,-1,0.0,,,,,,2775,1.02,0.003671,37.901575
2026-07-09T11:42:46.917404,Raspberry_Relieve1,,,36.736,3.251,119,119.43,100.0,-1,0.0,,,,,,2776,0.93,0.017109,37.918684
2026-07-09T11:42:47.917544,Raspberry_Relieve1,,,37.432,5.123,192,191.76,100.0,-1,0.0,,,,,,2777,1.0,0.043102,37.961787
2026-07-09T11:42:48.917662,Raspberry_Relieve1,,,37.338,1.337,50,49.92,100.0,-1,0.0,,,,,,2778,1.06,0.035434,37.997221
2026-07-09T11:42:49.917774,Raspberry_Relieve1,,,37.46,0.0,0,49.92,100.0,-1,0.0,,,,,,2779,0.96,0.013273,38.010494
2026-07-09T11:42:50.917956,Raspberry_Relieve1,,,37.466,0.0,0,49.92,100.0,-1,0.0,,,,,,2780,1.0,0.013818,38.024312
2026-07-09T11:42:51.918058,Raspberry_Relieve1,,,37.472,0.0,0,49.92,100.0,-1,0.0,,,,,,2781,1.07,0.014789,38.039101
2026-07-09T11:42:52.918210,Raspberry_Relieve1,,,37.477,0.0,0,49.92,100.0,-1,0.0,,,,,,2782,0.93,0.012908,38.052009
2026-07-09T11:42:53.918363,Raspberry_Relieve1,,,37.481,0.0,0,49.92,100.0,-1,0.0,,,,,,2783,1.12,0.015484,38.067493
2026-07-09T11:42:54.918518,Raspberry_Relieve1,,,37.483,0.0,0,49.92,100.0,-1,0.0,,,,,,2784,0.87,0.012,38.079493
2026-07-09T11:42:55.918636,Raspberry_Relieve1,,,37.487,0.0,0,49.92,100.0,-1,0.0,,,,,,2785,1.1,0.015271,38.094764
2026-07-09T11:42:56.918831,Raspberry_Relieve1,,,37.49,0.0,0,49.92,100.0,-1,0.0,,,,,,2786,0.91,0.012605,38.107368
2026-07-09T11:42:57.918931,Raspberry_Relieve1,,,37.23,1.553,58,57.82,100.0,14400,0.0,,,,,,2787,1.11,0.016548,38.123916
2026-07-09T11:42:58.919090,Raspberry_Relieve1,,,36.837,5.491,202,202.27,100.0,-1,0.0,,,,,,2788,0.91,0.032712,38.156628
2026-07-09T11:42:59.919352,Raspberry_Relieve1,,,36.039,10.886,392,392.32,100.0,-1,0.0,,,,,,2789,1.06,0.087784,38.244412
2026-07-09T11:43:00.919480,Raspberry_Relieve1,,,36.98,6.657,246,246.18,100.0,-1,0.0,,,,,,2790,0.93,0.082142,38.326554
2026-07-09T11:43:01.919587,Raspberry_Relieve1,,,37.395,2.65,99,99.1,100.0,-1,0.0,,,,,,2791,1.08,0.051996,38.37855
2026-07-09T11:43:02.919722,Raspberry_Relieve1,,,36.927,3.869,143,142.87,100.0,-1,0.0,,,,,,2792,0.99,0.033335,38.411885
2026-07-09T11:43:03.919844,Raspberry_Relieve1,,,36.953,4.123,152,152.36,100.0,-1,0.0,,,,,,2793,1.03,0.042318,38.454203
2026-07-09T11:43:04.919989,Raspberry_Relieve1,,,36.889,4.265,157,157.33,100.0,-1,0.0,,,,,,2794,0.99,0.042594,38.496796
2026-07-09T11:43:05.920122,Raspberry_Relieve1,,,37.253,2.351,88,87.58,100.0,-1,0.0,,,,,,2795,0.96,0.032786,38.529582
2026-07-09T11:43:06.920305,Raspberry_Relieve1,,,37.058,2.51,93,93.02,100.0,-1,0.0,,,,,,2796,1.03,0.025825,38.555407
2026-07-09T11:43:07.920388,Raspberry_Relieve1,,,37.221,2.207,82,82.15,100.0,-1,0.0,,,,,,2797,0.93,0.022601,38.578007
2026-07-09T11:43:08.920540,Raspberry_Relieve1,,,37.221,2.207,82,82.15,100.0,-1,0.0,,,,,,2798,1.04,0.023813,38.60182
2026-07-09T11:43:09.920644,Raspberry_Relieve1,,,37.477,-0.127,-5,-4.76,100.0,-1,0.0,,,,,,2799,1.08,0.011629,38.613448
2026-07-09T11:43:10.920780,Raspberry_Relieve1,,,37.261,0.989,37,36.85,100.0,14400,0.0,,,,,,2800,0.92,0.004114,38.617562
2026-07-09T11:43:11.920917,Raspberry_Relieve1,,,37.088,3.008,112,111.56,100.0,-1,0.0,,,,,,2801,1.02,0.021108,38.63867
2026-07-09T11:43:12.921120,Raspberry_Relieve1,,,37.088,3.008,112,111.56,100.0,-1,0.0,,,,,,2802,0.98,0.030382,38.669052
2026-07-09T11:43:13.921249,Raspberry_Relieve1,,,37.357,0.81,30,30.26,100.0,-1,0.0,,,,,,2803,0.95,0.018634,38.687686
2026-07-09T11:43:14.921392,Raspberry_Relieve1,,,37.077,2.408,89,89.28,100.0,-1,0.0,,,,,,2804,1.05,0.017414,38.7051
2026-07-09T11:43:15.921548,Raspberry_Relieve1,,,36.327,8.449,307,306.93,100.0,-1,0.0,,,,,,2805,1.02,0.056001,38.7611
2026-07-09T11:43:16.921678,Raspberry_Relieve1,,,36.012,12.038,434,433.51,100.0,-1,0.0,,,,,,2806,0.92,0.094144,38.855244
2026-07-09T11:43:17.921817,Raspberry_Relieve1,,,36.171,11.209,405,405.44,100.0,-1,0.0,,,,,,2807,1.02,0.118335,38.973579
2026-07-09T11:43:18.921948,Raspberry_Relieve1,,,37.276,4.264,159,158.94,100.0,-1,0.0,,,,,,2808,1.1,0.086269,39.059848
2026-07-09T11:43:19.922082,Raspberry_Relieve1,,,36.695,6.059,222,222.34,100.0,-1,0.0,,,,,,2809,0.99,0.052306,39.112154
2026-07-09T11:43:20.922207,Raspberry_Relieve1,,,36.975,4.016,148,148.49,100.0,-1,0.0,,,,,,2810,1.01,0.051892,39.164045
2026-07-09T11:43:21.922348,Raspberry_Relieve1,,,36.974,3.686,136,136.29,100.0,-1,0.0,,,,,,2811,1.05,0.041513,39.205558
2026-07-09T11:43:22.922482,Raspberry_Relieve1,,,37.014,3.425,127,126.77,100.0,-1,0.0,,,,,,2812,0.9,0.032912,39.238471
2026-07-09T11:43:23.922626,Raspberry_Relieve1,,,37.063,2.981,110,110.48,100.0,-1,0.0,,,,,,2813,1.0,0.03291,39.271381
2026-07-09T11:43:24.922765,Raspberry_Relieve1,,,37.026,3.102,115,114.85,100.0,-1,0.0,,,,,,2814,0.99,0.030889,39.30227
2026-07-09T11:43:25.922891,Raspberry_Relieve1,,,37.076,2.901,108,107.56,100.0,-1,0.0,,,,,,2815,1.05,0.032547,39.334818
2026-07-09T11:43:26.923057,Raspberry_Relieve1,,,37.143,2.578,96,95.75,100.0,-1,0.0,,,,,,2816,0.92,0.02612,39.360937
2026-07-09T11:43:27.923150,Raspberry_Relieve1,,,37.157,2.184,81,81.15,100.0,-1,0.0,,,,,,2817,1.02,0.025155,39.386092
2026-07-09T11:43:28.923319,Raspberry_Relieve1,,,37.211,1.862,69,69.29,100.0,-1,0.0,,,,,,2818,1.0,0.020857,39.40695
2026-07-09T11:43:29.923445,Raspberry_Relieve1,,,37.228,1.681,63,62.58,100.0,-1,0.0,,,,,,2819,1.06,0.019381,39.426331
2026-07-09T11:43:30.923575,Raspberry_Relieve1,,,37.144,2.253,84,83.69,100.0,-1,0.0,,,,,,2820,1.04,0.021145,39.447476
2026-07-09T11:43:31.923705,Raspberry_Relieve1,,,37.073,2.786,103,103.29,100.0,-1,0.0,,,,,,2821,1.02,0.02636,39.473836
2026-07-09T11:43:32.923835,Raspberry_Relieve1,,,37.084,2.995,111,111.07,100.0,-1,0.0,,,,,,2822,0.86,0.025458,39.499294
2026-07-09T11:43:33.923952,Raspberry_Relieve1,,,37.057,3.005,111,111.36,100.0,-1,0.0,,,,,,2823,1.0,0.031029,39.530323
2026-07-09T11:43:34.924078,Raspberry_Relieve1,,,37.084,2.822,105,104.65,100.0,-1,0.0,,,,,,2824,1.02,0.030653,39.560977
2026-07-09T11:43:35.924272,Raspberry_Relieve1,,,37.078,2.953,109,109.49,100.0,-1,0.0,,,,,,2825,1.06,0.031502,39.592479
2026-07-09T11:43:36.924357,Raspberry_Relieve1,,,37.205,1.763,66,65.59,100.0,-1,0.0,,,,,,2826,1.0,0.024409,39.616888
2026-07-09T11:43:37.924491,Raspberry_Relieve1,,,37.232,1.738,65,64.71,100.0,-1,0.0,,,,,,2827,0.99,0.017978,39.634865
2026-07-09T11:43:38.924641,Raspberry_Relieve1,,,36.604,4.55,167,166.55,100.0,-1,0.0,,,,,,2828,0.97,0.031029,39.665894
2026-07-09T11:43:39.924770,Raspberry_Relieve1,,,36.338,11.841,430,430.28,100.0,-1,0.0,,,,,,2829,0.99,0.082435,39.748329
2026-07-09T11:43:40.924923,Raspberry_Relieve1,,,36.819,5.389,198,198.42,100.0,-1,0.0,,,,,,2830,0.94,0.082131,39.83046
2026-07-09T11:43:41.925042,Raspberry_Relieve1,,,36.979,3.817,141,141.15,100.0,-1,0.0,,,,,,2831,1.06,0.049958,39.880418
2026-07-09T11:43:42.925190,Raspberry_Relieve1,,,37.309,1.091,41,40.7,100.0,-1,0.0,,,,,,2832,1.06,0.026699,39.907117
2026-07-09T11:43:43.925346,Raspberry_Relieve1,,,37.309,1.091,41,40.7,100.0,-1,0.0,,,,,,2833,1.02,0.01152,39.918638
2026-07-09T11:43:44.925545,Raspberry_Relieve1,,,37.245,1.301,48,48.46,100.0,-1,0.0,,,,,,2834,0.86,0.010687,39.929325
2026-07-09T11:43:45.925672,Raspberry_Relieve1,,,37.245,1.301,48,48.46,100.0,-1,0.0,,,,,,2835,1.01,0.013546,39.942871
2026-07-09T11:43:46.925817,Raspberry_Relieve1,,,36.903,2.204,81,81.33,100.0,-1,0.0,,,,,,2836,1.11,0.020009,39.96288
2026-07-09T11:43:47.925930,Raspberry_Relieve1,,,35.132,17.808,626,625.63,100.0,-1,0.0,,,,,,2837,0.96,0.094501,40.057382
2026-07-09T11:43:48.926064,Raspberry_Relieve1,,,35.12,18.936,665,665.03,100.0,-1,0.0,,,,,,2838,1.04,0.186124,40.243506
2026-07-09T11:43:49.926182,Raspberry_Relieve1,,,35.966,12.931,465,465.08,100.0,-1,0.0,,,,,,2839,0.98,0.15406,40.397565
2026-07-09T11:43:50.926312,Raspberry_Relieve1,,,35.388,10.212,361,361.38,100.0,-1,0.0,,,,,,2840,0.92,0.105341,40.502906
2026-07-09T11:43:51.926430,Raspberry_Relieve1,,,36.552,9.01,329,329.33,100.0,-1,0.0,,,,,,2841,1.12,0.107338,40.610244
2026-07-09T11:43:52.926558,Raspberry_Relieve1,,,36.755,4.676,172,171.87,100.0,-1,0.0,,,,,,2842,0.92,0.064172,40.674416
2026-07-09T11:43:53.926677,Raspberry_Relieve1,,,37.083,2.691,100,99.79,100.0,-1,0.0,,,,,,2843,1.02,0.038568,40.712984
2026-07-09T11:43:54.926799,Raspberry_Relieve1,,,36.505,6.342,232,231.51,100.0,-1,0.0,,,,,,2844,0.97,0.044549,40.757533
2026-07-09T11:43:55.926929,Raspberry_Relieve1,,,37.316,2.908,109,108.51,100.0,-1,0.0,,,,,,2845,1.01,0.047913,40.805446
2026-07-09T11:43:56.927064,Raspberry_Relieve1,,,37.387,-0.266,-10,-9.94,100.0,-1,0.0,,,,,,2846,0.97,0.013316,40.818761
2026-07-09T11:43:57.927183,Raspberry_Relieve1,,,37.39,-0.395,-15,-14.77,100.0,14400,0.0,,,,,,2847,0.99,-0.003397,40.815364
2026-07-09T11:43:58.927299,Raspberry_Relieve1,,,37.397,-0.352,-13,-13.16,100.0,14400,0.0,,,,,,2848,1.0,-0.003891,40.811474
2026-07-09T11:43:59.927434,Raspberry_Relieve1,,,36.687,2.867,105,105.18,100.0,14400,0.0,,,,,,2849,0.97,0.012457,40.823931
2026-07-09T11:44:00.927568,Raspberry_Relieve1,,,35.076,18.072,634,633.89,100.0,-1,0.0,,,,,,2850,1.11,0.113605,40.937536
2026-07-09T11:44:01.927686,Raspberry_Relieve1,,,35.033,19.093,669,668.89,100.0,-1,0.0,,,,,,2851,0.96,0.174012,41.111548
2026-07-09T11:44:02.927798,Raspberry_Relieve1,,,35.005,19.139,670,669.96,100.0,-1,0.0,,,,,,2852,0.97,0.179831,41.29138
2026-07-09T11:44:03.927915,Raspberry_Relieve1,,,34.981,19.125,669,669.01,100.0,-1,0.0,,,,,,2853,1.07,0.198289,41.489669
2026-07-09T11:44:04.928035,Raspberry_Relieve1,,,34.965,19.095,668,667.66,100.0,-1,0.0,,,,,,2854,0.97,0.17968,41.669349
2026-07-09T11:44:05.928153,Raspberry_Relieve1,,,34.945,19.072,666,666.47,100.0,-1,0.0,,,,,,2855,0.99,0.184143,41.853492
2026-07-09T11:44:06.928287,Raspberry_Relieve1,,,34.94,18.991,664,663.55,100.0,-1,0.0,,,,,,2856,0.94,0.17304,42.026531
2026-07-09T11:44:07.928409,Raspberry_Relieve1,,,35.404,16.317,578,577.69,100.0,-1,0.0,,,,,,2857,1.08,0.186432,42.212964
2026-07-09T11:44:08.928536,Raspberry_Relieve1,,,36.285,9.657,350,350.4,100.0,-1,0.0,,,,,,2858,0.95,0.122957,42.335921
2026-07-09T11:44:09.928677,Raspberry_Relieve1,,,34.981,15.466,541,541.02,100.0,-1,0.0,,,,,,2859,1.05,0.129579,42.4655
2026-07-09T11:44:10.928792,Raspberry_Relieve1,,,35.105,17.329,608,608.33,100.0,-1,0.0,,,,,,2860,1.04,0.165329,42.630828
2026-07-09T11:44:11.928906,Raspberry_Relieve1,,,35.224,16.362,576,576.34,100.0,-1,0.0,,,,,,2861,0.92,0.151143,42.781972
2026-07-09T11:44:12.929030,Raspberry_Relieve1,,,35.357,15.191,537,537.11,100.0,-1,0.0,,,,,,2862,1.05,0.162215,42.944186
2026-07-09T11:44:13.929150,Raspberry_Relieve1,,,35.383,14.68,519,519.42,100.0,-1,0.0,,,,,,2863,1.07,0.157312,43.101498
2026-07-09T11:44:14.929253,Raspberry_Relieve1,,,36.759,2.945,108,108.26,100.0,-1,0.0,,,,,,2864,1.07,0.093372,43.194871
2026-07-09T11:44:15.929372,Raspberry_Relieve1,,,36.947,6.033,223,222.9,100.0,-1,0.0,,,,,,2865,0.78,0.036102,43.230973
2026-07-09T11:44:16.929499,Raspberry_Relieve1,,,37.216,-0.243,-9,-9.04,100.0,-1,0.0,,,,,,2866,1.15,0.034162,43.265134
2026-07-09T11:44:17.929624,Raspberry_Relieve1,,,37.239,-0.634,-24,-23.61,100.0,14400,0.0,,,,,,2867,0.93,-0.004214,43.26092
2026-07-09T11:44:18.929754,Raspberry_Relieve1,,,37.191,0.0,0,0.0,100.0,14400,0.0,,,,,,2868,0.92,-0.003018,43.257902
2026-07-09T11:44:19.929909,Raspberry_Relieve1,,,37.257,-0.525,-20,-19.56,100.0,14400,0.0,,,,,,2869,1.05,-0.002847,43.255055
2026-07-09T11:44:20.930019,Raspberry_Relieve1,,,37.21,-0.171,-6,-6.36,100.0,14400,0.001,,,,,,2870,1.06,-0.003806,43.251249
2026-07-09T11:44:21.930125,Raspberry_Relieve1,,,37.619,-2.418,-91,-90.96,100.0,-1,0.001,,,,,,2871,1.03,-0.013908,43.237341
2026-07-09T11:44:22.930277,Raspberry_Relieve1,,,37.237,-0.211,-8,-7.86,100.0,14400,0.001,,,,,,2872,0.94,-0.012857,43.224484
2026-07-09T11:44:23.930396,Raspberry_Relieve1,,,37.246,0.0,0,0.0,100.0,-1,0.001,,,,,,2873,0.99,-0.001075,43.223409
2026-07-09T11:44:24.930519,Raspberry_Relieve1,,,37.23,0.0,0,0.0,100.0,14400,0.001,,,,,,2874,1.4,0.0,43.223409
2026-07-09T11:44:25.930625,Raspberry_Relieve1,,,34.981,17.802,623,622.73,100.0,-1,0.0,,,,,,2875,0.62,0.053838,43.277247
2026-07-09T11:44:26.930736,Raspberry_Relieve1,,,34.942,19.05,666,665.65,100.0,-1,0.0,,,,,,2876,0.96,0.171991,43.449238
2026-07-09T11:44:27.930850,Raspberry_Relieve1,,,37.137,7.049,262,261.78,100.0,-1,0.0,,,,,,2877,1.07,0.137514,43.586753
2026-07-09T11:44:28.930966,Raspberry_Relieve1,,,37.223,0.151,6,5.62,100.0,-1,0.0,,,,,,2878,0.91,0.033752,43.620505
2026-07-09T11:44:29.931081,Raspberry_Relieve1,,,36.091,9.594,346,346.26,100.0,-1,0.0,,,,,,2879,0.98,0.047685,43.66819
2026-07-09T11:44:30.931189,Raspberry_Relieve1,,,37.076,2.581,96,95.69,100.0,-1,0.0,,,,,,2880,1.03,0.063511,43.731701
2026-07-09T11:44:31.931299,Raspberry_Relieve1,,,36.74,4.211,155,154.71,100.0,-1,0.0,,,,,,2881,0.94,0.032815,43.764516
2026-07-09T11:44:32.931402,Raspberry_Relieve1,,,37.187,1.241,46,46.15,100.0,-1,0.0,,,,,,2882,1.12,0.031187,43.795703
2026-07-09T11:44:33.931522,Raspberry_Relieve1,,,37.21,0.719,27,26.75,100.0,-1,0.0,,,,,,2883,0.97,0.009843,43.805546
2026-07-09T11:44:34.931645,Raspberry_Relieve1,,,37.019,1.545,57,57.19,100.0,-1,0.0,,,,,,2884,0.95,0.011115,43.816661
2026-07-09T11:44:35.931765,Raspberry_Relieve1,,,36.776,2.984,110,109.74,100.0,-1,0.0,,,,,,2885,1.08,0.025069,43.84173
2026-07-09T11:44:36.931873,Raspberry_Relieve1,,,37.206,1.619,60,60.24,100.0,-1,0.0,,,,,,2886,0.91,0.021543,43.863274
2026-07-09T11:44:37.931986,Raspberry_Relieve1,,,36.796,3.085,114,113.52,100.0,-1,0.0,,,,,,2887,1.09,0.026211,43.889484
2026-07-09T11:44:38.932198,Raspberry_Relieve1,,,36.939,1.868,69,69.0,100.0,-1,0.0,,,,,,2888,0.91,0.023167,43.912651
2026-07-09T11:44:39.932306,Raspberry_Relieve1,,,36.88,2.805,103,103.45,100.0,-1,0.0,,,,,,2889,1.08,0.025987,43.938638
2026-07-09T11:44:40.932427,Raspberry_Relieve1,,,37.233,1.548,58,57.64,100.0,-1,0.0,,,,,,2890,0.94,0.021077,43.959715
2026-07-09T11:44:41.932551,Raspberry_Relieve1,,,37.258,0.0,0,57.64,100.0,-1,0.0,,,,,,2891,0.95,0.015219,43.974933
2026-07-09T11:44:42.932666,Raspberry_Relieve1,,,37.269,0.0,0,57.64,100.0,-1,0.0,,,,,,2892,1.03,0.016461,43.991394
2026-07-09T11:44:43.932766,Raspberry_Relieve1,,,37.277,0.0,0,57.64,100.0,-1,0.0,,,,,,2893,1.11,0.01775,44.009145
2026-07-09T11:44:44.932983,Raspberry_Relieve1,,,37.285,0.0,0,57.64,100.0,-1,0.0,,,,,,2894,0.93,0.014936,44.02408
2026-07-09T11:44:45.933102,Raspberry_Relieve1,,,37.29,0.0,0,57.64,100.0,-1,0.0,,,,,,2895,0.99,0.015903,44.039983
2026-07-09T11:44:46.933235,Raspberry_Relieve1,,,37.296,0.0,0,57.64,100.0,-1,0.0,,,,,,2896,0.93,0.014904,44.054888
2026-07-09T11:44:47.933364,Raspberry_Relieve1,,,37.301,0.0,0,57.64,100.0,-1,0.0,,,,,,2897,1.08,0.017302,44.072189
2026-07-09T11:44:48.933530,Raspberry_Relieve1,,,37.303,0.0,0,57.64,100.0,-1,0.0,,,,,,2898,0.99,0.015796,44.087986
2026-07-09T11:44:49.933708,Raspberry_Relieve1,,,37.305,0.0,0,57.64,100.0,-1,0.0,,,,,,2899,0.93,0.014942,44.102928
2026-07-09T11:44:50.933928,Raspberry_Relieve1,,,37.312,0.0,0,57.64,100.0,-1,0.0,,,,,,2900,1.14,0.018244,44.121172
2026-07-09T11:44:51.933968,Raspberry_Relieve1,,,37.321,0.0,0,57.64,100.0,-1,0.0,,,,,,2901,0.9,0.014404,44.135576
2026-07-09T11:44:52.934054,Raspberry_Relieve1,,,37.327,0.0,0,57.64,100.0,-1,0.0,,,,,,2902,1.03,0.016446,44.152021
2026-07-09T11:44:53.934156,Raspberry_Relieve1,,,37.333,0.0,0,57.64,100.0,-1,0.0,,,,,,2903,0.97,0.015577,44.167599
2026-07-09T11:44:54.934341,Raspberry_Relieve1,,,37.336,0.0,0,57.64,100.0,-1,0.0,,,,,,2904,1.07,0.017093,44.184692
2026-07-09T11:44:55.934414,Raspberry_Relieve1,,,37.341,0.0,0,57.64,100.0,-1,0.0,,,,,,2905,0.98,0.015769,44.200461
2026-07-09T11:44:56.934699,Raspberry_Relieve1,,,36.72,2.769,102,101.68,100.0,-1,0.0,,,,,,2906,0.92,0.020256,44.220717
2026-07-09T11:44:57.934738,Raspberry_Relieve1,,,35.066,18.153,637,636.55,100.0,-1,0.0,,,,,,2907,1.0,0.102379,44.323095
2026-07-09T11:44:58.934844,Raspberry_Relieve1,,,35.021,19.106,669,669.11,100.0,-1,0.0,,,,,,2908,1.01,0.183348,44.506443
2026-07-09T11:44:59.934951,Raspberry_Relieve1,,,35.652,15.474,552,551.68,100.0,-1,0.0,,,,,,2909,1.05,0.17845,44.684893
2026-07-09T11:45:00.935129,Raspberry_Relieve1,,,37.228,2.542,95,94.63,100.0,-1,0.0,,,,,,2910,0.93,0.083476,44.768369
2026-07-09T11:45:01.935198,Raspberry_Relieve1,,,36.112,9.379,339,338.69,100.0,-1,0.0,,,,,,2911,1.01,0.060871,44.82924
2026-07-09T11:45:02.935324,Raspberry_Relieve1,,,36.323,7.431,270,269.92,100.0,-1,0.0,,,,,,2912,1.02,0.086096,44.915336
2026-07-09T11:45:03.935424,Raspberry_Relieve1,,,36.415,7.646,278,278.43,100.0,-1,0.0,,,,,,2913,1.09,0.083279,44.998615
2026-07-09T11:45:04.935560,Raspberry_Relieve1,,,36.46,5.891,215,214.79,100.0,-1,0.0,,,,,,2914,0.89,0.060657,45.059272
2026-07-09T11:45:05.935721,Raspberry_Relieve1,,,36.947,5.403,200,199.62,100.0,-1,0.0,,,,,,2915,1.06,0.061033,45.120305
2026-07-09T11:45:06.935835,Raspberry_Relieve1,,,36.843,3.853,142,141.96,100.0,-1,0.0,,,,,,2916,1.0,0.047288,45.167593
2026-07-09T11:45:07.935951,Raspberry_Relieve1,,,36.599,3.886,142,142.22,100.0,-1,0.0,,,,,,2917,1.0,0.039515,45.207108
2026-07-09T11:45:08.936060,Raspberry_Relieve1,,,36.874,3.357,124,123.79,100.0,-1,0.0,,,,,,2918,1.1,0.040533,45.247641
2026-07-09T11:45:09.936175,Raspberry_Relieve1,,,37.089,1.24,46,45.99,100.0,-1,0.0,,,,,,2919,0.92,0.021728,45.269369
2026-07-09T11:45:10.936291,Raspberry_Relieve1,,,37.266,0.0,0,45.99,100.0,-1,0.0,,,,,,2920,1.04,0.013244,45.282612
2026-07-09T11:45:11.936413,Raspberry_Relieve1,,,36.548,5.865,214,214.35,100.0,-1,0.0,,,,,,2921,0.95,0.03424,45.316852
2026-07-09T11:45:12.936527,Raspberry_Relieve1,,,36.046,9.073,327,327.05,100.0,-1,0.0,,,,,,2922,0.94,0.070346,45.387198
2026-07-09T11:45:13.936647,Raspberry_Relieve1,,,35.901,11.338,407,407.05,100.0,-1,0.0,,,,,,2923,1.1,0.112225,45.499423
2026-07-09T11:45:14.936758,Raspberry_Relieve1,,,36.339,7.665,279,278.54,100.0,-1,0.0,,,,,,2924,0.97,0.092522,45.591945
2026-07-09T11:45:15.936870,Raspberry_Relieve1,,,36.952,2.38,88,87.95,100.0,-1,0.0,,,,,,2925,0.95,0.048292,45.640237
2026-07-09T11:45:16.936990,Raspberry_Relieve1,,,37.021,2.48,92,91.81,100.0,-1,0.0,,,,,,2926,1.13,0.028292,45.668529
2026-07-09T11:45:17.937201,Raspberry_Relieve1,,,36.423,6.192,226,225.53,100.0,-1,0.0,,,,,,2927,0.95,0.041751,45.71028
2026-07-09T11:45:18.937349,Raspberry_Relieve1,,,36.705,4.485,165,164.62,100.0,-1,0.0,,,,,,2928,0.94,0.050796,45.761076
2026-07-09T11:45:19.937487,Raspberry_Relieve1,,,36.566,6.361,233,232.6,100.0,-1,0.0,,,,,,2929,0.99,0.054535,45.815611
2026-07-09T11:45:20.937720,Raspberry_Relieve1,,,36.247,8.662,314,313.97,100.0,-1,0.0,,,,,,2930,0.98,0.074767,45.890378
2026-07-09T11:45:21.937949,Raspberry_Relieve1,,,35.934,10.798,388,388.02,100.0,-1,0.0,,,,,,2931,1.03,0.100542,45.990919
2026-07-09T11:45:22.938147,Raspberry_Relieve1,,,36.059,9.889,357,356.59,100.0,-1,0.0,,,,,,2932,1.09,0.113091,46.10401
2026-07-09T11:45:23.938270,Raspberry_Relieve1,,,36.064,9.003,325,324.68,100.0,-1,0.0,,,,,,2933,0.9,0.084769,46.18878
2026-07-09T11:45:24.938391,Raspberry_Relieve1,,,35.819,12.272,440,439.57,100.0,-1,0.0,,,,,,2934,1.09,0.115558,46.304338
2026-07-09T11:45:25.938523,Raspberry_Relieve1,,,34.947,13.928,487,486.74,100.0,-1,0.0,,,,,,2935,0.95,0.122835,46.427172
2026-07-09T11:45:26.938749,Raspberry_Relieve1,,,34.906,18.866,659,658.54,100.0,-1,0.0,,,,,,2936,0.95,0.150789,46.577962
2026-07-09T11:45:27.938871,Raspberry_Relieve1,,,34.878,19.161,668,668.3,100.0,-1,0.0,,,,,,2937,1.02,0.187679,46.765641
2026-07-09T11:45:28.938998,Raspberry_Relieve1,,,37.15,3.167,118,117.65,100.0,-1,0.0,,,,,,2938,1.11,0.121087,46.886728
2026-07-09T11:45:29.939132,Raspberry_Relieve1,,,34.906,17.086,596,596.4,100.0,-1,0.0,,,,,,2939,0.9,0.089456,46.976184
2026-07-09T11:45:30.939342,Raspberry_Relieve1,,,37.142,1.967,73,73.06,100.0,-1,0.0,,,,,,2940,0.97,0.089876,47.066059
2026-07-09T11:45:31.939469,Raspberry_Relieve1,,,37.148,0.373,14,13.86,100.0,-1,0.0,,,,,,2941,1.07,0.01287,47.078929
2026-07-09T11:45:32.939613,Raspberry_Relieve1,,,37.178,-0.188,-7,-6.99,100.0,-1,0.0,,,,,,2942,0.97,0.000926,47.079855
2026-07-09T11:45:33.939724,Raspberry_Relieve1,,,36.562,3.779,138,138.17,100.0,-1,0.0,,,,,,2943,1.07,0.019569,47.099424
2026-07-09T11:45:34.939887,Raspberry_Relieve1,,,37.03,1.606,59,59.47,100.0,-1,0.0,,,,,,2944,0.97,0.026587,47.12601
2026-07-09T11:45:35.939987,Raspberry_Relieve1,,,36.799,3.004,111,110.54,100.0,-1,0.0,,,,,,2945,1.0,0.023525,47.149535
2026-07-09T11:45:36.940111,Raspberry_Relieve1,,,36.838,3.02,111,111.25,100.0,-1,0.0,,,,,,2946,0.95,0.029301,47.178836
2026-07-09T11:45:37.940295,Raspberry_Relieve1,,,37.161,0.31,12,11.52,100.0,-1,0.0,,,,,,2947,0.97,0.016529,47.195365
2026-07-09T11:45:38.940392,Raspberry_Relieve1,,,36.842,4.655,171,171.5,100.0,-1,0.0,,,,,,2948,1.12,0.028492,47.223857
2026-07-09T11:45:39.940521,Raspberry_Relieve1,,,36.838,3.831,141,141.13,100.0,-1,0.0,,,,,,2949,1.03,0.044572,47.268429
2026-07-09T11:45:40.940649,Raspberry_Relieve1,,,36.64,6.658,244,243.95,100.0,-1,0.0,,,,,,2950,0.97,0.05163,47.320059
2026-07-09T11:45:41.940863,Raspberry_Relieve1,,,36.549,6.325,231,231.17,100.0,-1,0.0,,,,,,2951,1.01,0.066638,47.386697
2026-07-09T11:45:42.940992,Raspberry_Relieve1,,,36.115,7.067,255,255.22,100.0,-1,0.0,,,,,,2952,1.0,0.067612,47.454309
2026-07-09T11:45:43.941130,Raspberry_Relieve1,,,34.921,17.814,622,622.08,100.0,-1,0.0,,,,,,2953,0.98,0.119406,47.573715
2026-07-09T11:45:44.941347,Raspberry_Relieve1,,,34.884,19.095,666,666.11,100.0,-1,0.0,,,,,,2954,1.04,0.185836,47.759551
2026-07-09T11:45:45.941481,Raspberry_Relieve1,,,34.857,19.178,668,668.49,100.0,-1,0.0,,,,,,2955,0.83,0.153943,47.913494
2026-07-09T11:45:46.941612,Raspberry_Relieve1,,,34.834,19.175,668,667.94,100.0,-1,0.0,,,,,,2956,1.07,0.198864,48.112359
2026-07-09T11:45:47.941741,Raspberry_Relieve1,,,34.823,19.14,667,666.51,100.0,-1,0.0,,,,,,2957,0.97,0.179888,48.292247
2026-07-09T11:45:48.941874,Raspberry_Relieve1,,,36.92,4.7,174,173.52,100.0,-1,0.0,,,,,,2958,1.06,0.123501,48.415748
2026-07-09T11:45:49.942015,Raspberry_Relieve1,,,35.63,10.808,385,385.09,100.0,-1,0.0,,,,,,2959,1.02,0.078838,48.494586
2026-07-09T11:45:50.942134,Raspberry_Relieve1,,,36.636,5.107,187,187.1,100.0,-1,0.0,,,,,,2960,0.92,0.073443,48.568029
2026-07-09T11:45:51.942257,Raspberry_Relieve1,,,37.12,0.0,0,187.1,100.0,-1,0.0,,,,,,2961,1.01,0.052361,48.620391
2026-07-09T11:45:52.942386,Raspberry_Relieve1,,,36.695,2.51,92,92.1,100.0,14400,0.0,,,,,,2962,1.0,0.03863,48.659021
2026-07-09T11:45:53.942523,Raspberry_Relieve1,,,37.026,1.05,39,38.88,100.0,-1,0.0,,,,,,2963,0.96,0.017467,48.676488
2026-07-09T11:45:54.942646,Raspberry_Relieve1,,,36.493,4.368,159,159.4,100.0,-1,0.0,,,,,,2964,1.05,0.028906,48.705394
2026-07-09T11:45:55.942779,Raspberry_Relieve1,,,36.306,7.565,275,274.65,100.0,-1,0.0,,,,,,2965,0.96,0.05768,48.763074
2026-07-09T11:45:56.942912,Raspberry_Relieve1,,,34.868,17.913,625,624.59,100.0,-1,0.0,,,,,,2966,1.24,0.154904,48.917978
2026-07-09T11:45:57.943041,Raspberry_Relieve1,,,34.83,19.067,664,664.1,100.0,-1,0.0,,,,,,2967,0.87,0.156124,49.074102
2026-07-09T11:45:58.943170,Raspberry_Relieve1,,,35.212,16.42,578,578.18,100.0,-1,0.0,,,,,,2968,0.93,0.161207,49.23531
2026-07-09T11:45:59.943304,Raspberry_Relieve1,,,36.892,3.768,139,139.01,100.0,-1,0.0,,,,,,2969,1.1,0.10947,49.344779
2026-07-09T11:46:00.943394,Raspberry_Relieve1,,,36.762,1.784,66,65.58,100.0,-1,0.0,,,,,,2970,0.98,0.027874,49.372653
2026-07-09T11:46:01.943483,Raspberry_Relieve1,,,36.49,5.314,194,193.91,100.0,-1,0.0,,,,,,2971,0.91,0.032743,49.405396
2026-07-09T11:46:02.943578,Raspberry_Relieve1,,,37.13,0.0,0,193.91,100.0,-1,0.0,,,,,,2972,1.1,0.059224,49.46462
2026-07-09T11:46:03.943669,Raspberry_Relieve1,,,35.925,5.576,200,200.32,100.0,14400,0.0,,,,,,2973,0.93,0.050917,49.515538
2026-07-09T11:46:04.943773,Raspberry_Relieve1,,,35.632,12.696,452,452.38,100.0,-1,0.0,,,,,,2974,0.99,0.090043,49.60558
2026-07-09T11:46:05.943912,Raspberry_Relieve1,,,37.131,0.628,23,23.32,100.0,-1,0.0,,,,,,2975,1.0,0.066061,49.671642
2026-07-09T11:46:06.944027,Raspberry_Relieve1,,,37.099,0.0,0,23.32,100.0,14400,0.0,,,,,,2976,1.13,0.00732,49.678962
2026-07-09T11:46:07.944158,Raspberry_Relieve1,,,36.627,3.502,128,128.27,100.0,-1,0.0,,,,,,2977,0.89,0.018691,49.697653
2026-07-09T11:46:08.944347,Raspberry_Relieve1,,,37.145,0.0,0,128.27,100.0,-1,0.0,,,,,,2978,1.13,0.04037,49.738023
2026-07-09T11:46:09.944451,Raspberry_Relieve1,,,37.142,1.053,39,39.11,100.0,-1,0.0,,,,,,2979,0.87,0.020207,49.75823
2026-07-09T11:46:10.944617,Raspberry_Relieve1,,,36.833,1.438,53,52.97,100.0,-1,0.0,,,,,,2980,0.94,0.011993,49.770223
2026-07-09T11:46:11.944728,Raspberry_Relieve1,,,36.918,2.064,76,76.2,100.0,-1,0.0,,,,,,2981,1.04,0.018609,49.788832
2026-07-09T11:46:12.944859,Raspberry_Relieve1,,,35.769,8.609,308,307.94,100.0,-1,0.0,,,,,,2982,1.03,0.054879,49.843711
2026-07-09T11:46:13.945005,Raspberry_Relieve1,,,34.886,18.492,645,645.11,100.0,-1,0.0,,,,,,2983,0.95,0.125839,49.96955
2026-07-09T11:46:14.945149,Raspberry_Relieve1,,,36.325,10.24,372,371.97,100.0,-1,0.0,,,,,,2984,0.99,0.139927,50.109477
2026-07-09T11:46:15.945256,Raspberry_Relieve1,,,35.702,7.162,256,255.7,100.0,-1,0.0,,,,,,2985,1.09,0.09508,50.204557
2026-07-09T11:46:16.945378,Raspberry_Relieve1,,,36.592,6.674,244,244.22,100.0,-1,0.0,,,,,,2986,0.93,0.064826,50.269383
2026-07-09T11:46:17.945527,Raspberry_Relieve1,,,37.134,0.218,8,8.1,100.0,-1,0.0,,,,,,2987,0.99,0.034775,50.304158
2026-07-09T11:46:18.945618,Raspberry_Relieve1,,,37.153,-0.312,-12,-11.59,100.0,14400,0.0,,,,,,2988,1.04,-0.000506,50.303652
2026-07-09T11:46:19.945756,Raspberry_Relieve1,,,37.142,-0.206,-8,-7.65,100.0,14400,0.0,,,,,,2989,1.05,-0.002807,50.300844
2026-07-09T11:46:20.945868,Raspberry_Relieve1,,,37.138,0.0,0,0.0,100.0,-1,0.0,,,,,,2990,0.89,-0.00095,50.299894
2026-07-09T11:46:21.945972,Raspberry_Relieve1,,,37.167,-0.11,-4,-4.09,100.0,-1,0.0,,,,,,2991,1.01,-0.000573,50.299321
2026-07-09T11:46:22.946104,Raspberry_Relieve1,,,35.646,10.272,366,366.16,100.0,-1,0.0,,,,,,2992,1.02,0.05117,50.350491
2026-07-09T11:46:23.946226,Raspberry_Relieve1,,,35.632,13.888,495,494.86,100.0,-1,0.0,,,,,,2993,1.1,0.131594,50.482085
2026-07-09T11:46:24.946393,Raspberry_Relieve1,,,35.466,10.942,388,388.07,100.0,-1,0.0,,,,,,2994,0.92,0.113071,50.595156
2026-07-09T11:46:25.946555,Raspberry_Relieve1,,,35.868,12.589,452,451.54,100.0,-1,0.0,,,,,,2995,0.97,0.112697,50.707853
2026-07-09T11:46:26.946708,Raspberry_Relieve1,,,35.062,15.272,535,535.47,100.0,-1,0.0,,,,,,2996,0.98,0.134991,50.842844
2026-07-09T11:46:27.946809,Raspberry_Relieve1,,,36.866,5.903,218,217.62,100.0,-1,0.0,,,,,,2997,1.01,0.105407,50.948251
2026-07-09T11:46:28.946929,Raspberry_Relieve1,,,36.173,5.439,197,196.74,100.0,-1,0.0,,,,,,2998,1.03,0.059231,51.007482
2026-07-09T11:46:29.947047,Raspberry_Relieve1,,,35.634,11.903,424,424.15,100.0,-1,0.0,,,,,,2999,1.12,0.096207,51.103689
2026-07-09T11:46:30.947171,Raspberry_Relieve1,,,35.755,9.021,323,322.55,100.0,-1,0.0,,,,,,3000,0.89,0.09264,51.196329
2026-07-09T11:46:31.947288,Raspberry_Relieve1,,,35.449,12.066,428,427.73,100.0,-1,0.0,,,,,,3001,1.0,0.103834,51.300163
2026-07-09T11:46:32.947416,Raspberry_Relieve1,,,35.296,15.011,530,529.83,100.0,-1,0.0,,,,,,3002,0.98,0.129981,51.430144
2026-07-09T11:46:33.947532,Raspberry_Relieve1,,,35.43,15.443,547,547.15,100.0,-1,0.0,,,,,,3003,1.03,0.153849,51.583993
2026-07-09T11:46:34.947681,Raspberry_Relieve1,,,36.797,3.24,119,119.22,100.0,-1,0.0,,,,,,3004,1.07,0.099317,51.68331
2026-07-09T11:46:35.947811,Raspberry_Relieve1,,,36.601,3.863,141,141.39,100.0,-1,0.0,,,,,,3005,1.02,0.036966,51.720277
2026-07-09T11:46:36.947930,Raspberry_Relieve1,,,37.046,0.23,9,8.52,100.0,-1,0.0,,,,,,3006,0.92,0.019235,51.739512
2026-07-09T11:46:37.948042,Raspberry_Relieve1,,,37.063,0.0,0,8.52,100.0,-1,0.0,,,,,,3007,1.0,0.002362,51.741874
2026-07-09T11:46:38.948189,Raspberry_Relieve1,,,37.077,0.0,0,8.52,100.0,-1,0.0,,,,,,3008,0.93,0.002192,51.744066
2026-07-09T11:46:39.948325,Raspberry_Relieve1,,,37.09,0.0,0,8.52,100.0,-1,0.0,,,,,,3009,1.02,0.002422,51.746488
2026-07-09T11:46:40.948427,Raspberry_Relieve1,,,37.099,0.0,0,8.52,100.0,-1,0.0,,,,,,3010,1.03,0.002442,51.74893
2026-07-09T11:46:41.948531,Raspberry_Relieve1,,,37.108,0.0,0,8.52,100.0,-1,0.0,,,,,,3011,1.06,0.002513,51.751443
2026-07-09T11:46:42.948652,Raspberry_Relieve1,,,37.118,0.0,0,8.52,100.0,-1,0.0,,,,,,3012,0.96,0.002277,51.75372
2026-07-09T11:46:43.948874,Raspberry_Relieve1,,,37.126,0.0,0,8.52,100.0,-1,0.0,,,,,,3013,1.0,0.002361,51.75608
2026-07-09T11:46:44.949016,Raspberry_Relieve1,,,37.133,0.0,0,8.52,100.0,-1,0.0,,,,,,3014,1.02,0.002417,51.758497
2026-07-09T11:46:45.949135,Raspberry_Relieve1,,,36.824,1.493,55,54.98,100.0,14400,0.0,,,,,,3015,1.02,0.008996,51.767494
2026-07-09T11:46:46.949260,Raspberry_Relieve1,,,36.563,4.306,157,157.44,100.0,-1,0.0,,,,,,3016,0.88,0.026005,51.793499
2026-07-09T11:46:47.949394,Raspberry_Relieve1,,,37.118,1.167,43,43.32,100.0,-1,0.0,,,,,,3017,1.02,0.02832,51.821819
2026-07-09T11:46:48.949528,Raspberry_Relieve1,,,36.771,5.45,200,200.4,100.0,-1,0.0,,,,,,3018,1.13,0.038238,51.860057
2026-07-09T11:46:49.949672,Raspberry_Relieve1,,,37.139,0.339,13,12.59,100.0,-1,0.0,,,,,,3019,0.93,0.02737,51.887427
2026-07-09T11:46:50.949797,Raspberry_Relieve1,,,37.148,0.0,0,12.59,100.0,-1,0.0,,,,,,3020,0.95,0.003312,51.890739
2026-07-09T11:46:51.949929,Raspberry_Relieve1,,,37.157,0.0,0,12.59,100.0,-1,0.0,,,,,,3021,0.99,0.003452,51.89419
2026-07-09T11:46:52.950057,Raspberry_Relieve1,,,34.913,17.51,611,611.33,100.0,-1,0.0,,,,,,3022,1.12,0.096864,51.991054
2026-07-09T11:46:53.950197,Raspberry_Relieve1,,,34.87,19.074,665,665.11,100.0,-1,0.0,,,,,,3023,0.9,0.159617,52.150671
2026-07-09T11:46:54.950305,Raspberry_Relieve1,,,35.344,16.329,577,577.13,100.0,-1,0.0,,,,,,3024,1.02,0.176571,52.327242
2026-07-09T11:46:55.950428,Raspberry_Relieve1,,,36.329,8.934,325,324.56,100.0,-1,0.0,,,,,,3025,1.04,0.130724,52.457966
2026-07-09T11:46:56.950562,Raspberry_Relieve1,,,36.695,5.212,191,191.25,100.0,-1,0.0,,,,,,3026,0.93,0.066669,52.524634
2026-07-09T11:46:57.950670,Raspberry_Relieve1,,,37.067,0.325,12,12.05,100.0,-1,0.0,,,,,,3027,1.06,0.029966,52.5546
2026-07-09T11:46:58.950795,Raspberry_Relieve1,,,37.086,0.0,0,12.05,100.0,-1,0.0,,,,,,3028,0.92,0.003088,52.557688
2026-07-09T11:46:59.950937,Raspberry_Relieve1,,,37.099,0.0,0,12.05,100.0,-1,0.0,,,,,,3029,1.08,0.003618,52.561306
2026-07-09T11:47:00.951005,Raspberry_Relieve1,,,37.111,0.0,0,12.05,100.0,-1,0.0,,,,,,3030,0.98,0.003287,52.564593
2026-07-09T11:47:01.951089,Raspberry_Relieve1,,,34.872,17.561,612,612.39,100.0,-1,0.0,,,,,,3031,0.95,0.08243,52.647023
2026-07-09T11:47:02.951204,Raspberry_Relieve1,,,34.831,19.083,665,664.68,100.0,-1,0.0,,,,,,3032,1.08,0.191077,52.8381
2026-07-09T11:47:03.951281,Raspberry_Relieve1,,,34.801,19.175,667,667.31,100.0,-1,0.0,,,,,,3033,0.96,0.178272,53.016371
2026-07-09T11:47:04.951387,Raspberry_Relieve1,,,36.991,5.961,221,220.5,100.0,-1,0.0,,,,,,3034,1.05,0.129128,53.145499
2026-07-09T11:47:05.951512,Raspberry_Relieve1,,,37.026,0.339,13,12.55,100.0,-1,0.0,,,,,,3035,1.11,0.036034,53.181533
2026-07-09T11:47:06.951630,Raspberry_Relieve1,,,37.11,-0.628,-23,-23.31,100.0,14400,0.0,,,,,,3036,0.84,-0.001259,53.180274
2026-07-09T11:47:07.951757,Raspberry_Relieve1,,,37.066,0.0,0,0.0,100.0,14400,0.0,,,,,,3037,0.96,-0.003117,53.177157
2026-07-09T11:47:08.951877,Raspberry_Relieve1,,,37.092,0.0,0,0.0,100.0,-1,0.0,,,,,,3038,1.06,0.0,53.177157
2026-07-09T11:47:09.951979,Raspberry_Relieve1,,,34.851,16.906,589,589.19,100.0,-1,0.0,,,,,,3039,0.92,0.075294,53.252451
2026-07-09T11:47:10.952116,Raspberry_Relieve1,,,34.834,18.893,658,658.12,100.0,-1,0.0,,,,,,3040,1.18,0.20502,53.457471
2026-07-09T11:47:11.952306,Raspberry_Relieve1,,,34.778,19.159,666,666.31,100.0,-1,0.0,,,,,,3041,0.89,0.162935,53.620407
2026-07-09T11:47:12.952370,Raspberry_Relieve1,,,34.764,19.128,665,664.97,100.0,-1,0.0,,,,,,3042,1.02,0.187992,53.808399
2026-07-09T11:47:13.952490,Raspberry_Relieve1,,,34.744,19.104,664,663.75,100.0,-1,0.0,,,,,,3043,1.0,0.184697,53.993096
2026-07-09T11:47:14.952617,Raspberry_Relieve1,,,34.726,19.11,664,663.61,100.0,-1,0.0,,,,,,3044,0.96,0.177113,54.170209
2026-07-09T11:47:15.952762,Raspberry_Relieve1,,,34.711,18.966,658,658.33,100.0,-1,0.0,,,,,,3045,1.03,0.189747,54.359956
2026-07-09T11:47:16.952868,Raspberry_Relieve1,,,34.715,18.991,659,659.27,100.0,-1,0.0,,,,,,3046,0.96,0.176572,54.536527
2026-07-09T11:47:17.953013,Raspberry_Relieve1,,,34.932,17.297,604,604.22,100.0,-1,0.0,,,,,,3047,1.03,0.181152,54.717679
2026-07-09T11:47:18.953120,Raspberry_Relieve1,,,34.732,17.447,606,605.97,100.0,-1,0.0,,,,,,3048,1.06,0.178126,54.895805
2026-07-09T11:47:19.953262,Raspberry_Relieve1,,,34.713,18.491,642,641.88,100.0,-1,0.0,,,,,,3049,0.95,0.164604,55.060409
2026-07-09T11:47:20.953415,Raspberry_Relieve1,,,35.28,15.847,559,559.08,100.0,-1,0.0,,,,,,3050,0.97,0.161469,55.221878
2026-07-09T11:47:21.953493,Raspberry_Relieve1,,,35.152,14.264,501,501.41,100.0,-1,0.0,,,,,,3051,1.11,0.163333,55.385211
2026-07-09T11:47:22.953632,Raspberry_Relieve1,,,36.734,6.263,230,230.07,100.0,-1,0.0,,,,,,3052,1.16,0.117735,55.502945
2026-07-09T11:47:23.953753,Raspberry_Relieve1,,,37.006,-0.189,-7,-6.99,100.0,-1,0.0,,,,,,3053,0.71,0.021892,55.524838
2026-07-09T11:47:24.953869,Raspberry_Relieve1,,,36.988,-0.68,-25,-25.15,100.0,14400,0.0,,,,,,3054,1.17,-0.005208,55.51963
2026-07-09T11:47:25.953985,Raspberry_Relieve1,,,34.729,14.156,492,491.62,100.0,14400,0.0,,,,,,3055,0.96,0.062414,55.582044
2026-07-09T11:47:26.954117,Raspberry_Relieve1,,,34.696,18.734,650,649.99,100.0,-1,0.0,,,,,,3056,0.96,0.151509,55.733553
2026-07-09T11:47:27.954227,Raspberry_Relieve1,,,35.707,12.664,452,452.19,100.0,-1,0.0,,,,,,3057,1.02,0.155639,55.889192
2026-07-09T11:47:28.954352,Raspberry_Relieve1,,,35.531,11.491,408,408.29,100.0,-1,0.0,,,,,,3058,0.94,0.112261,56.001453
2026-07-09T11:47:29.954489,Raspberry_Relieve1,,,35.593,10.695,381,380.67,100.0,-1,0.0,,,,,,3059,0.93,0.101881,56.103334
2026-07-09T11:47:30.954602,Raspberry_Relieve1,,,35.184,14.529,511,511.19,100.0,-1,0.0,,,,,,3060,1.13,0.1403,56.243634
2026-07-09T11:47:31.954727,Raspberry_Relieve1,,,35.004,13.574,475,475.14,100.0,-1,0.0,,,,,,3061,0.95,0.129652,56.373286
2026-07-09T11:47:32.954845,Raspberry_Relieve1,,,36.281,7.895,286,286.44,100.0,-1,0.0,,,,,,3062,0.93,0.09876,56.472046
2026-07-09T11:47:33.954952,Raspberry_Relieve1,,,35.485,11.084,393,393.32,100.0,-1,0.0,,,,,,3063,0.97,0.092022,56.564068
2026-07-09T11:47:34.955102,Raspberry_Relieve1,,,35.04,13.929,488,488.07,100.0,-1,0.0,,,,,,3064,1.1,0.13436,56.698428
2026-07-09T11:47:35.955221,Raspberry_Relieve1,,,35.202,13.96,491,491.42,100.0,-1,0.0,,,,,,3065,0.94,0.127357,56.825785
2026-07-09T11:47:36.955330,Raspberry_Relieve1,,,34.782,15.528,540,540.09,100.0,-1,0.0,,,,,,3066,1.03,0.147199,56.972984
2026-07-09T11:47:37.955445,Raspberry_Relieve1,,,35.372,15.309,542,541.51,100.0,-1,0.0,,,,,,3067,0.93,0.140329,57.113313
2026-07-09T11:47:38.955587,Raspberry_Relieve1,,,34.652,18.394,637,637.39,100.0,-1,0.0,,,,,,3068,1.04,0.170847,57.28416
2026-07-09T11:47:39.955700,Raspberry_Relieve1,,,34.917,13.422,469,468.66,100.0,-1,0.0,,,,,,3069,1.04,0.159747,57.443908
2026-07-09T11:47:40.955828,Raspberry_Relieve1,,,35.177,12.842,452,451.74,100.0,-1,0.0,,,,,,3070,1.07,0.136583,57.580491
2026-07-09T11:47:41.955958,Raspberry_Relieve1,,,35.4,12.108,429,428.62,100.0,-1,0.0,,,,,,3071,0.96,0.117878,57.698369
2026-07-09T11:47:42.956067,Raspberry_Relieve1,,,34.886,15.231,531,531.35,100.0,-1,0.0,,,,,,3072,1.08,0.144508,57.842877
2026-07-09T11:47:43.956196,Raspberry_Relieve1,,,34.987,15.267,534,534.15,100.0,-1,0.0,,,,,,3073,0.93,0.137512,57.980389
2026-07-09T11:47:44.956319,Raspberry_Relieve1,,,35.064,15.331,538,537.57,100.0,-1,0.0,,,,,,3074,0.9,0.134421,58.11481
2026-07-09T11:47:45.956450,Raspberry_Relieve1,,,35.373,14.164,501,501.02,100.0,-1,0.0,,,,,,3075,1.04,0.149308,58.264118
2026-07-09T11:47:46.956562,Raspberry_Relieve1,,,34.63,16.784,581,581.23,100.0,-1,0.0,,,,,,3076,0.99,0.14813,58.412248
2026-07-09T11:47:47.956707,Raspberry_Relieve1,,,35.217,13.667,481,481.31,100.0,-1,0.0,,,,,,3077,1.02,0.150416,58.562664
2026-07-09T11:47:48.956813,Raspberry_Relieve1,,,36.802,3.079,113,113.31,100.0,-1,0.0,,,,,,3078,0.95,0.078476,58.64114
2026-07-09T11:47:49.956952,Raspberry_Relieve1,,,35.988,6.975,251,251.02,100.0,-1,0.0,,,,,,3079,1.09,0.055348,58.696489
2026-07-09T11:47:50.957076,Raspberry_Relieve1,,,36.83,1.658,61,61.06,100.0,-1,0.0,,,,,,3080,0.9,0.038869,58.735357
2026-07-09T11:47:51.957190,Raspberry_Relieve1,,,36.036,5.633,203,202.99,100.0,-1,0.0,,,,,,3081,1.09,0.040046,58.775404
2026-07-09T11:47:52.957312,Raspberry_Relieve1,,,35.966,8.218,296,295.57,100.0,-1,0.0,,,,,,3082,0.95,0.065772,58.841176
2026-07-09T11:47:53.957459,Raspberry_Relieve1,,,34.622,18.201,630,630.16,100.0,-1,0.0,,,,,,3083,1.09,0.139629,58.980805
2026-07-09T11:47:54.957716,Raspberry_Relieve1,,,34.571,19.107,661,660.55,100.0,-1,0.0,,,,,,3084,0.96,0.171487,59.152292
2026-07-09T11:47:55.957816,Raspberry_Relieve1,,,34.641,18.382,637,636.77,100.0,-1,0.0,,,,,,3085,1.05,0.189723,59.342015
2026-07-09T11:47:56.958049,Raspberry_Relieve1,,,34.875,16.102,562,561.56,100.0,-1,0.0,,,,,,3086,0.87,0.144036,59.48605
2026-07-09T11:47:57.958164,Raspberry_Relieve1,,,35.313,15.129,534,534.25,100.0,-1,0.0,,,,,,3087,1.12,0.169808,59.655859
2026-07-09T11:47:58.958360,Raspberry_Relieve1,,,34.935,15.75,550,550.23,100.0,-1,0.0,,,,,,3088,0.96,0.144178,59.800036
2026-07-09T11:47:59.958479,Raspberry_Relieve1,,,34.758,16.949,589,589.11,100.0,-1,0.0,,,,,,3089,0.98,0.154743,59.95478
2026-07-09T11:48:00.958560,Raspberry_Relieve1,,,36.161,9.27,335,335.21,100.0,-1,0.0,,,,,,3090,1.0,0.127944,60.082724
2026-07-09T11:48:01.958643,Raspberry_Relieve1,,,36.772,1.584,58,58.25,100.0,-1,0.0,,,,,,3091,1.08,0.058972,60.141696
2026-07-09T11:48:02.958755,Raspberry_Relieve1,,,36.798,-0.31,-11,-11.41,100.0,-1,0.0,,,,,,3092,0.92,0.005985,60.147681
2026-07-09T11:48:03.958837,Raspberry_Relieve1,,,36.774,0.0,0,0.0,100.0,-1,0.0,,,,,,3093,1.0,-0.001583,60.146098
2026-07-09T11:48:04.958926,Raspberry_Relieve1,,,36.792,0.0,0,0.0,100.0,-1,0.0,,,,,,3094,1.04,0.0,60.146098
2026-07-09T11:48:05.959043,Raspberry_Relieve1,,,36.81,0.0,0,0.0,100.0,-1,0.0,,,,,,3095,0.95,0.0,60.146098
2026-07-09T11:48:06.959186,Raspberry_Relieve1,,,36.827,0.0,0,0.0,100.0,-1,0.0,,,,,,3096,0.98,0.0,60.146098
2026-07-09T11:48:07.959299,Raspberry_Relieve1,,,36.634,0.95,35,34.8,100.0,-1,0.0,,,,,,3097,1.08,0.005232,60.15133
2026-07-09T11:48:08.959443,Raspberry_Relieve1,,,34.64,17.982,623,622.9,100.0,-1,0.0,,,,,,3098,1.01,0.092387,60.243716
2026-07-09T11:48:09.959568,Raspberry_Relieve1,,,35.489,12.488,443,443.19,100.0,-1,0.0,,,,,,3099,0.94,0.139358,60.383074
2026-07-09T11:48:10.959700,Raspberry_Relieve1,,,36.116,7.664,277,276.79,100.0,-1,0.0,,,,,,3100,0.96,0.096189,60.479264
2026-07-09T11:48:11.959823,Raspberry_Relieve1,,,36.584,2.504,92,91.61,100.0,-1,0.0,,,,,,3101,1.02,0.05214,60.531404
2026-07-09T11:48:12.959943,Raspberry_Relieve1,,,36.424,2.741,100,99.84,100.0,-1,0.0,,,,,,3102,0.97,0.025722,60.557126
2026-07-09T11:48:13.960068,Raspberry_Relieve1,,,36.321,4.374,159,158.87,100.0,-1,0.0,,,,,,3103,1.06,0.03805,60.595176
2026-07-09T11:48:14.960193,Raspberry_Relieve1,,,35.558,7.13,254,253.53,100.0,-1,0.0,,,,,,3104,1.03,0.059097,60.654272
2026-07-09T11:48:15.960312,Raspberry_Relieve1,,,36.359,5.307,193,192.96,100.0,-1,0.0,,,,,,3105,1.1,0.068196,60.722469
2026-07-09T11:48:16.960427,Raspberry_Relieve1,,,36.267,4.515,164,163.75,100.0,-1,0.0,,,,,,3106,0.89,0.044292,60.76676
2026-07-09T11:48:17.960537,Raspberry_Relieve1,,,35.428,10.109,358,358.14,100.0,-1,0.0,,,,,,3107,1.02,0.073659,60.840419
2026-07-09T11:48:18.960658,Raspberry_Relieve1,,,35.918,9.274,333,333.1,100.0,-1,0.0,,,,,,3108,0.98,0.094516,60.934935
2026-07-09T11:48:19.960782,Raspberry_Relieve1,,,34.628,16.936,586,586.46,100.0,-1,0.0,,,,,,3109,0.93,0.118544,61.05348
2026-07-09T11:48:20.960897,Raspberry_Relieve1,,,34.595,19.054,659,659.17,100.0,-1,0.0,,,,,,3110,1.09,0.188663,61.242142
2026-07-09T11:48:21.961026,Raspberry_Relieve1,,,34.575,19.167,663,662.7,100.0,-1,0.0,,,,,,3111,1.03,0.188369,61.430511
2026-07-09T11:48:22.961145,Raspberry_Relieve1,,,34.887,17.677,617,616.7,100.0,-1,0.0,,,,,,3112,0.87,0.155384,61.585895
2026-07-09T11:48:23.961251,Raspberry_Relieve1,,,36.757,3.598,132,132.25,100.0,-1,0.0,,,,,,3113,1.08,0.112449,61.698345
2026-07-09T11:48:24.961383,Raspberry_Relieve1,,,36.027,6.921,249,249.34,100.0,-1,0.0,,,,,,3114,0.91,0.048167,61.746512
2026-07-09T11:48:25.961504,Raspberry_Relieve1,,,35.863,10.414,373,373.48,100.0,-1,0.0,,,,,,3115,1.15,0.099866,61.846378
2026-07-09T11:48:26.961615,Raspberry_Relieve1,,,36.757,3.76,138,138.21,100.0,-1,0.0,,,,,,3116,0.97,0.068706,61.915083
2026-07-09T11:48:27.961721,Raspberry_Relieve1,,,36.778,0.0,0,138.21,100.0,-1,0.0,,,,,,3117,1.02,0.039253,61.954336
2026-07-09T11:48:28.961835,Raspberry_Relieve1,,,36.799,0.0,0,138.21,100.0,-1,0.0,,,,,,3118,0.97,0.037191,61.991527
2026-07-09T11:48:57.010491,Raspberry_Relieve1,,,36.843,0.112,4,4.13,100.0,-1,0.0,,,,,,3146,28.08,0.555133,62.54666
2026-07-09T11:48:58.010559,Raspberry_Relieve1,,,36.853,0.0,0,4.13,100.0,-1,0.0,,,,,,3147,0.95,0.001084,62.547744
2026-07-09T11:48:59.010640,Raspberry_Relieve1,,,36.881,0.0,0,4.13,100.0,-1,0.0,,,,,,3148,0.95,0.001094,62.548838
2026-07-09T11:49:00.010745,Raspberry_Relieve1,,,35.526,12.833,456,455.91,100.0,-1,0.0,,,,,,3149,0.98,0.062875,62.611713
2026-07-09T11:49:01.010852,Raspberry_Relieve1,,,34.65,17.587,609,609.39,100.0,-1,0.0,,,,,,3150,0.98,0.145284,62.756997
2026-07-09T11:49:02.011085,Raspberry_Relieve1,,,34.614,19.076,660,660.3,100.0,-1,0.0,,,,,,3151,1.02,0.180575,62.937571
2026-07-09T11:49:03.011172,Raspberry_Relieve1,,,34.592,19.152,663,662.51,100.0,-1,0.0,,,,,,3152,0.98,0.180584,63.118155
2026-07-09T11:49:04.011269,Raspberry_Relieve1,,,36.786,3.957,146,145.56,100.0,-1,0.0,,,,,,3153,0.99,0.111511,63.229666
2026-07-09T11:49:05.011473,Raspberry_Relieve1,,,37.037,-1.237,-46,-45.81,100.0,-1,0.0,,,,,,3154,1.09,0.015054,63.24472
2026-07-09T11:49:06.011580,Raspberry_Relieve1,,,36.856,-0.848,-31,-31.25,100.0,14400,0.0,,,,,,3155,0.92,-0.009866,63.234853
2026-07-09T11:49:07.011682,Raspberry_Relieve1,,,36.821,-0.16,-6,-5.89,100.0,14400,0.001,,,,,,3156,1.16,-0.005984,63.228869
2026-07-09T11:49:08.011782,Raspberry_Relieve1,,,36.58,2.015,74,73.71,100.0,-1,0.0,,,,,,3157,0.95,0.008993,63.237862
2026-07-09T11:49:09.011879,Raspberry_Relieve1,,,36.876,0.0,0,73.71,100.0,-1,0.0,,,,,,3158,0.97,0.019954,63.257817
2026-07-09T11:49:10.011996,Raspberry_Relieve1,,,36.883,-0.233,-9,-8.59,100.0,14400,0.0,,,,,,3159,0.97,0.008731,63.266548
2026-07-09T11:49:11.012096,Raspberry_Relieve1,,,36.562,1.448,53,52.94,100.0,14400,0.0,,,,,,3160,1.03,0.00636,63.272908
2026-07-09T11:49:12.012258,Raspberry_Relieve1,,,35.82,6.615,237,236.95,100.0,-1,0.0,,,,,,3161,0.97,0.039105,63.312013
2026-07-09T11:49:13.012309,Raspberry_Relieve1,,,36.655,3.201,117,117.33,100.0,-1,0.0,,,,,,3162,0.95,0.046591,63.358604
2026-07-09T11:49:14.012414,Raspberry_Relieve1,,,36.342,2.794,102,101.54,100.0,-1,0.0,,,,,,3163,1.12,0.03414,63.392744
2026-07-09T11:49:15.012570,Raspberry_Relieve1,,,36.404,2.854,104,103.9,100.0,-1,0.0,,,,,,3164,0.89,0.025508,63.418252
2026-07-09T11:49:16.012692,Raspberry_Relieve1,,,35.141,12.115,426,425.73,100.0,-1,0.0,,,,,,3165,1.06,0.077761,63.496013
2026-07-09T11:49:17.012795,Raspberry_Relieve1,,,35.987,9.71,349,349.43,100.0,-1,0.0,,,,,,3166,0.91,0.097791,63.593804
2026-07-09T11:49:18.012898,Raspberry_Relieve1,,,36.297,3.57,130,129.58,100.0,-1,0.0,,,,,,3167,1.08,0.071867,63.66567
2026-07-09T11:49:19.012995,Raspberry_Relieve1,,,35.425,7.933,281,281.03,100.0,-1,0.0,,,,,,3168,0.91,0.05171,63.717381
2026-07-09T11:49:20.013122,Raspberry_Relieve1,,,34.652,18.451,639,639.36,100.0,-1,0.0,,,,,,3169,1.08,0.138285,63.855666
2026-07-09T11:49:21.013225,Raspberry_Relieve1,,,34.93,16.764,586,585.57,100.0,-1,0.0,,,,,,3170,1.08,0.183701,64.039367
2026-07-09T11:49:22.013334,Raspberry_Relieve1,,,34.601,18.984,657,656.87,100.0,-1,0.0,,,,,,3171,1.0,0.172967,64.212333
2026-07-09T11:49:23.013434,Raspberry_Relieve1,,,34.585,19.071,660,659.57,100.0,-1,0.0,,,,,,3172,0.86,0.156657,64.36899
2026-07-09T11:49:24.013541,Raspberry_Relieve1,,,34.569,19.056,659,658.75,100.0,-1,0.0,,,,,,3173,1.03,0.18837,64.55736
2026-07-09T11:49:25.013640,Raspberry_Relieve1,,,34.56,19.004,657,656.78,100.0,-1,0.0,,,,,,3174,1.02,0.187238,64.744598
2026-07-09T11:49:26.013754,Raspberry_Relieve1,,,36.723,4.657,171,171.02,100.0,-1,0.0,,,,,,3175,1.13,0.129396,64.873994
2026-07-09T11:49:27.013830,Raspberry_Relieve1,,,36.811,-0.382,-14,-14.06,100.0,-1,0.0,,,,,,3176,0.87,0.018905,64.892899
2026-07-09T11:49:28.013920,Raspberry_Relieve1,,,36.815,-0.565,-21,-20.8,100.0,14400,0.0,,,,,,3177,1.05,-0.005063,64.887835
2026-07-09T11:49:29.014001,Raspberry_Relieve1,,,35.911,4.69,168,168.42,100.0,-1,0.0,,,,,,3178,0.94,0.019238,64.907073
2026-07-09T11:49:30.014073,Raspberry_Relieve1,,,36.838,0.0,0,168.42,100.0,-1,0.0,,,,,,3179,0.95,0.044453,64.951527
2026-07-09T11:49:31.014157,Raspberry_Relieve1,,,36.747,0.0,0,168.42,100.0,14400,0.0,,,,,,3180,1.09,0.051045,65.002572
2026-07-09T11:49:32.014290,Raspberry_Relieve1,,,36.601,2.78,102,101.75,100.0,-1,0.0,,,,,,3181,1.08,0.04067,65.043241
2026-07-09T11:49:33.014402,Raspberry_Relieve1,,,36.822,0.111,4,4.09,100.0,-1,0.0,,,,,,3182,0.84,0.012363,65.055604
2026-07-09T11:49:34.014512,Raspberry_Relieve1,,,36.826,0.0,0,4.09,100.0,-1,0.0,,,,,,3183,1.1,0.001247,65.056852
2026-07-09T11:49:35.014611,Raspberry_Relieve1,,,35.987,3.861,139,138.95,100.0,-1,0.0,,,,,,3184,0.94,0.018646,65.075497
2026-07-09T11:49:36.014766,Raspberry_Relieve1,,,35.987,3.861,139,138.95,100.0,-1,0.0,,,,,,3185,1.1,0.042633,65.11813
2026-07-09T11:49:37.014872,Raspberry_Relieve1,,,36.84,0.392,14,14.44,100.0,-1,0.0,,,,,,3186,0.86,0.018307,65.136437
2026-07-09T11:49:38.014974,Raspberry_Relieve1,,,36.85,0.0,0,14.44,100.0,-1,0.0,,,,,,3187,1.11,0.004461,65.140898
2026-07-09T11:49:39.015072,Raspberry_Relieve1,,,36.859,0.0,0,14.44,100.0,-1,0.0,,,,,,3188,0.89,0.003589,65.144486
2026-07-09T11:49:40.015189,Raspberry_Relieve1,,,36.865,0.256,9,9.44,100.0,-1,0.0,,,,,,3189,1.12,0.003723,65.14821
2026-07-09T11:49:41.015295,Raspberry_Relieve1,,,36.874,0.0,0,9.44,100.0,-1,0.0,,,,,,3190,1.02,0.002671,65.150881
2026-07-09T11:49:42.015395,Raspberry_Relieve1,,,35.995,6.256,225,225.18,100.0,-1,0.0,,,,,,3191,0.91,0.029776,65.180657
2026-07-09T11:49:43.015527,Raspberry_Relieve1,,,36.871,0.374,14,13.79,100.0,-1,0.0,,,,,,3192,0.96,0.03187,65.212527
2026-07-09T11:49:44.015636,Raspberry_Relieve1,,,35.635,10.591,377,377.41,100.0,-1,0.0,,,,,,3193,1.0,0.054071,65.266598
2026-07-09T11:49:45.015758,Raspberry_Relieve1,,,35.635,10.591,377,377.41,100.0,-1,0.0,,,,,,3194,1.06,0.110897,65.377495
2026-07-09T11:49:46.015874,Raspberry_Relieve1,,,36.641,1.63,60,59.72,100.0,-1,0.0,,,,,,3195,0.99,0.060009,65.437504
2026-07-09T11:49:47.015981,Raspberry_Relieve1,,,34.846,15.186,529,529.17,100.0,-1,0.0,,,,,,3196,1.0,0.08198,65.519484
2026-07-09T11:49:48.016096,Raspberry_Relieve1,,,35.545,13.573,482,482.45,100.0,-1,0.0,,,,,,3197,0.98,0.13745,65.656935
2026-07-09T11:49:49.016198,Raspberry_Relieve1,,,34.8,10.571,368,367.87,100.0,-1,0.0,,,,,,3198,0.95,0.112548,65.769483
2026-07-09T11:49:50.016332,Raspberry_Relieve1,,,36.811,4.509,166,165.98,100.0,-1,0.0,,,,,,3199,1.02,0.075472,65.844955
2026-07-09T11:49:51.016454,Raspberry_Relieve1,,,36.31,4.514,164,163.9,100.0,-1,0.0,,,,,,3200,1.06,0.048533,65.893488
2026-07-09T11:49:52.016556,Raspberry_Relieve1,,,36.677,1.934,71,70.93,100.0,-1,0.0,,,,,,3201,1.08,0.03512,65.928608
2026-07-09T11:49:53.016666,Raspberry_Relieve1,,,36.732,4.338,159,159.34,100.0,-1,0.0,,,,,,3202,0.85,0.027124,65.955732
2026-07-09T11:49:54.016787,Raspberry_Relieve1,,,35.508,10.809,384,383.81,100.0,-1,0.0,,,,,,3203,1.09,0.082152,66.037884
2026-07-09T11:49:55.016907,Raspberry_Relieve1,,,36.709,1.659,61,60.9,100.0,-1,0.0,,,,,,3204,0.97,0.060156,66.09804
2026-07-09T11:49:56.017013,Raspberry_Relieve1,,,35.991,5.764,207,207.45,100.0,-1,0.0,,,,,,3205,0.96,0.03583,66.13387
2026-07-09T11:49:57.017123,Raspberry_Relieve1,,,36.866,0.587,22,21.64,100.0,-1,0.0,,,,,,3206,1.09,0.034693,66.168563
2026-07-09T11:49:58.017229,Raspberry_Relieve1,,,35.652,7.747,276,276.2,100.0,-1,0.0,,,,,,3207,1.04,0.043211,66.211773
2026-07-09T11:49:59.017382,Raspberry_Relieve1,,,35.595,13.03,464,463.8,100.0,-1,0.0,,,,,,3208,0.85,0.087746,66.299519
2026-07-09T11:50:00.017497,Raspberry_Relieve1,,,35.227,12.905,455,454.6,100.0,-1,0.0,,,,,,3209,1.13,0.143529,66.443048
2026-07-09T11:50:01.017596,Raspberry_Relieve1,,,36.837,0.586,22,21.59,100.0,-1,0.0,,,,,,3210,0.94,0.062475,66.505523
2026-07-09T11:50:02.017665,Raspberry_Relieve1,,,35.804,5.223,187,187.0,100.0,-1,0.0,,,,,,3211,1.04,0.030252,66.535775
2026-07-09T11:50:03.017752,Raspberry_Relieve1,,,36.571,2.772,101,101.37,100.0,-1,0.0,,,,,,3212,0.93,0.037429,66.573204
2026-07-09T11:50:04.017832,Raspberry_Relieve1,,,36.595,2.803,103,102.58,100.0,-1,0.0,,,,,,3213,1.0,0.028372,66.601576
2026-07-09T11:50:05.017927,Raspberry_Relieve1,,,35.198,11.039,389,388.55,100.0,-1,0.0,,,,,,3214,0.98,0.066591,66.668168
2026-07-09T11:50:06.018040,Raspberry_Relieve1,,,34.967,16.6,580,580.45,100.0,-1,0.0,,,,,,3215,0.98,0.131408,66.799575
2026-07-09T11:50:07.018161,Raspberry_Relieve1,,,35.426,11.496,407,407.26,100.0,-1,0.0,,,,,,3216,1.1,0.150368,66.949943
2026-07-09T11:50:08.018290,Raspberry_Relieve1,,,35.319,12.638,446,446.36,100.0,-1,0.0,,,,,,3217,0.92,0.109536,67.059479
2026-07-09T11:50:09.018385,Raspberry_Relieve1,,,35.846,9.365,336,335.7,100.0,-1,0.0,,,,,,3218,1.03,0.111855,67.171334
2026-07-09T11:50:10.018491,Raspberry_Relieve1,,,36.687,2.24,82,82.18,100.0,-1,0.0,,,,,,3219,1.0,0.058266,67.229599
2026-07-09T11:50:11.018602,Raspberry_Relieve1,,,36.166,3.505,127,126.76,100.0,-1,0.0,,,,,,3220,1.05,0.030426,67.260026
2026-07-09T11:50:12.018725,Raspberry_Relieve1,,,36.243,6.089,221,220.68,100.0,-1,0.0,,,,,,3221,1.02,0.049253,67.309278
2026-07-09T11:50:13.018828,Raspberry_Relieve1,,,36.655,2.171,80,79.58,100.0,-1,0.0,,,,,,3222,0.91,0.037909,67.347188
2026-07-09T11:50:14.018947,Raspberry_Relieve1,,,36.807,0.252,9,9.28,100.0,-1,0.0,,,,,,3223,1.1,0.013587,67.360774
2026-07-09T11:50:15.019066,Raspberry_Relieve1,,,36.868,-0.517,-19,-19.06,100.0,14400,0.0,,,,,,3224,0.87,-0.001183,67.359591
2026-07-09T11:50:16.019188,Raspberry_Relieve1,,,36.838,-0.355,-13,-13.08,100.0,14400,0.0,,,,,,3225,1.02,-0.004538,67.355053
2026-07-09T11:50:17.019327,Raspberry_Relieve1,,,36.833,0.0,0,0.0,100.0,14400,0.0,,,,,,3226,0.98,-0.001785,67.353268
2026-07-09T11:50:18.019427,Raspberry_Relieve1,,,36.847,-0.911,-34,-33.57,100.0,12888,0.001,,,,,,3227,1.0,-0.00466,67.348608
2026-07-09T11:50:19.019550,Raspberry_Relieve1,,,36.855,-0.539,-20,-19.86,100.0,9142,0.001,,,,,,3228,1.11,-0.008232,67.340376
2026-07-09T11:50:20.019686,Raspberry_Relieve1,,,36.855,-0.539,-20,-19.86,100.0,9142,0.001,,,,,,3229,0.87,-0.004805,67.335571
2026-07-09T11:50:21.019802,Raspberry_Relieve1,,,36.863,0.0,0,0.0,100.0,-1,0.001,,,,,,3230,1.09,-0.003015,67.332556
2026-07-09T11:50:22.019899,Raspberry_Relieve1,,,36.87,0.0,0,0.0,100.0,-1,0.001,,,,,,3231,1.02,0.0,67.332556
2026-07-09T11:50:23.020001,Raspberry_Relieve1,,,36.877,0.0,0,0.0,100.0,-1,0.001,,,,,,3232,0.93,0.0,67.332556
2026-07-09T11:50:24.020122,Raspberry_Relieve1,,,36.882,0.0,0,0.0,100.0,-1,0.001,,,,,,3233,1.1,0.0,67.332556
2026-07-09T11:50:25.020281,Raspberry_Relieve1,,,36.888,0.0,0,0.0,100.0,-1,0.001,,,,,,3234,0.88,0.0,67.332556
2026-07-09T11:50:26.020358,Raspberry_Relieve1,,,36.892,0.0,0,0.0,100.0,-1,0.001,,,,,,3235,1.1,0.0,67.332556
2026-07-09T11:50:27.020469,Raspberry_Relieve1,,,36.897,0.0,0,0.0,100.0,-1,0.001,,,,,,3236,0.9,0.0,67.332556
2026-07-09T11:50:28.020583,Raspberry_Relieve1,,,34.748,11.789,410,409.64,100.0,-1,0.001,,,,,,3237,1.13,0.064237,67.396793
2026-07-09T11:50:29.020717,Raspberry_Relieve1,,,36.868,2.66,98,98.07,100.0,-1,0.0,,,,,,3238,0.91,0.064245,67.461039
2026-07-09T11:50:30.020843,Raspberry_Relieve1,,,36.883,0.153,6,5.64,100.0,-1,0.0,,,,,,3239,1.08,0.015495,67.476534
2026-07-09T11:50:31.020959,Raspberry_Relieve1,,,36.891,0.0,0,5.64,100.0,-1,0.0,,,,,,3240,0.9,0.001416,67.47795
2026-07-09T11:50:32.021074,Raspberry_Relieve1,,,36.897,0.0,0,5.64,100.0,-1,0.0,,,,,,3241,1.04,0.00163,67.47958
2026-07-09T11:50:33.021179,Raspberry_Relieve1,,,36.903,0.0,0,5.64,100.0,-1,0.0,,,,,,3242,1.0,0.001572,67.481152
2026-07-09T11:50:34.021300,Raspberry_Relieve1,,,36.908,0.0,0,5.64,100.0,-1,0.0,,,,,,3243,1.02,0.001601,67.482754
2026-07-09T11:50:35.021467,Raspberry_Relieve1,,,36.912,0.0,0,5.64,100.0,-1,0.0,,,,,,3244,1.0,0.00156,67.484314
2026-07-09T11:50:36.021569,Raspberry_Relieve1,,,36.916,0.0,0,5.64,100.0,-1,0.0,,,,,,3245,1.06,0.001669,67.485983
2026-07-09T11:50:37.021686,Raspberry_Relieve1,,,36.921,0.0,0,5.64,100.0,-1,0.0,,,,,,3246,0.85,0.00133,67.487313
2026-07-09T11:50:38.021797,Raspberry_Relieve1,,,36.925,0.0,0,5.64,100.0,-1,0.0,,,,,,3247,1.02,0.001601,67.488915
2026-07-09T11:50:39.021937,Raspberry_Relieve1,,,36.928,0.0,0,5.64,100.0,-1,0.0,,,,,,3248,1.13,0.001774,67.490689
2026-07-09T11:50:40.022044,Raspberry_Relieve1,,,36.932,0.0,0,5.64,100.0,-1,0.0,,,,,,3249,1.0,0.001566,67.492255
2026-07-09T11:50:41.022161,Raspberry_Relieve1,,,36.935,0.0,0,5.64,100.0,-1,0.0,,,,,,3250,0.87,0.001361,67.493616
2026-07-09T11:50:42.022288,Raspberry_Relieve1,,,36.937,0.0,0,5.64,100.0,-1,0.0,,,,,,3251,1.07,0.00168,67.495296
2026-07-09T11:50:43.022372,Raspberry_Relieve1,,,36.942,0.0,0,5.64,100.0,-1,0.0,,,,,,3252,1.0,0.001566,67.496862
2026-07-09T11:50:44.022495,Raspberry_Relieve1,,,36.944,0.0,0,5.64,100.0,-1,0.0,,,,,,3253,1.06,0.001656,67.498518
2026-07-09T11:50:45.022609,Raspberry_Relieve1,,,36.948,0.0,0,5.64,100.0,-1,0.0,,,,,,3254,1.05,0.001652,67.50017
2026-07-09T11:50:46.022734,Raspberry_Relieve1,,,36.952,0.0,0,5.64,100.0,-1,0.0,,,,,,3255,0.81,0.00127,67.50144
2026-07-09T11:50:47.022840,Raspberry_Relieve1,,,36.953,0.0,0,5.64,100.0,-1,0.0,,,,,,3256,1.11,0.001735,67.503175
2026-07-09T11:50:48.022988,Raspberry_Relieve1,,,36.957,0.0,0,5.64,100.0,-1,0.0,,,,,,3257,0.91,0.001431,67.504606
2026-07-09T11:50:49.023089,Raspberry_Relieve1,,,36.959,0.0,0,5.64,100.0,-1,0.0,,,,,,3258,0.98,0.001541,67.506147
2026-07-09T11:50:50.023204,Raspberry_Relieve1,,,36.961,0.0,0,5.64,100.0,-1,0.0,,,,,,3259,1.06,0.001666,67.507813
2026-07-09T11:50:51.023305,Raspberry_Relieve1,,,36.964,0.0,0,5.64,100.0,-1,0.0,,,,,,3260,0.95,0.001481,67.509294
2026-07-09T11:50:52.023415,Raspberry_Relieve1,,,36.964,0.0,0,5.64,100.0,-1,0.0,,,,,,3261,1.0,0.001572,67.510867
2026-07-09T11:50:53.023506,Raspberry_Relieve1,,,36.968,0.0,0,5.64,100.0,-1,0.0,,,,,,3262,0.99,0.001552,67.512418
2026-07-09T11:50:54.023622,Raspberry_Relieve1,,,36.97,0.0,0,5.64,100.0,-1,0.0,,,,,,3263,1.1,0.001721,67.514139
2026-07-09T11:50:55.023736,Raspberry_Relieve1,,,36.975,0.0,0,5.64,100.0,-1,0.0,,,,,,3264,0.91,0.001421,67.515561
2026-07-09T11:50:56.023834,Raspberry_Relieve1,,,36.976,0.0,0,5.64,100.0,-1,0.0,,,,,,3265,1.15,0.001806,67.517366
2026-07-09T11:50:57.023953,Raspberry_Relieve1,,,36.976,0.0,0,5.64,100.0,-1,0.0,,,,,,3266,0.92,0.001441,67.518807
2026-07-09T11:50:58.024048,Raspberry_Relieve1,,,36.979,0.0,0,5.64,100.0,-1,0.0,,,,,,3267,1.03,0.00162,67.520427
2026-07-09T11:50:59.024187,Raspberry_Relieve1,,,36.981,0.0,0,5.64,100.0,-1,0.0,,,,,,3268,0.96,0.001511,67.521938
2026-07-09T11:51:00.024320,Raspberry_Relieve1,,,36.983,0.0,0,5.64,100.0,-1,0.0,,,,,,3269,0.99,0.001553,67.523491
2026-07-09T11:51:01.024405,Raspberry_Relieve1,,,36.985,0.0,0,5.64,100.0,-1,0.0,,,,,,3270,1.06,0.001667,67.525158
2026-07-09T11:51:02.024482,Raspberry_Relieve1,,,36.985,0.0,0,5.64,100.0,-1,0.0,,,,,,3271,0.94,0.001481,67.526638
2026-07-09T11:51:03.024563,Raspberry_Relieve1,,,36.989,0.0,0,5.64,100.0,-1,0.0,,,,,,3272,1.02,0.001594,67.528232
2026-07-09T11:51:04.024647,Raspberry_Relieve1,,,36.991,0.0,0,5.64,100.0,-1,0.0,,,,,,3273,1.0,0.001575,67.529807
2026-07-09T11:51:05.024731,Raspberry_Relieve1,,,36.992,0.0,0,5.64,100.0,-1,0.0,,,,,,3274,0.96,0.001512,67.531319
2026-07-09T11:51:06.024856,Raspberry_Relieve1,,,36.992,0.0,0,5.64,100.0,-1,0.0,,,,,,3275,0.94,0.001481,67.5328
2026-07-09T11:51:07.024973,Raspberry_Relieve1,,,36.995,0.0,0,5.64,100.0,-1,0.0,,,,,,3276,0.98,0.001534,67.534334
2026-07-09T11:51:08.025072,Raspberry_Relieve1,,,36.996,0.0,0,5.64,100.0,-1,0.0,,,,,,3277,1.03,0.001608,67.535942
2026-07-09T11:51:09.025178,Raspberry_Relieve1,,,37.0,0.0,0,5.64,100.0,-1,0.0,,,,,,3278,1.12,0.001754,67.537696
2026-07-09T11:51:10.025282,Raspberry_Relieve1,,,37.0,0.0,0,5.64,100.0,-1,0.0,,,,,,3279,0.99,0.001548,67.539244
2026-07-09T11:51:11.025405,Raspberry_Relieve1,,,37.001,0.0,0,5.64,100.0,-1,0.0,,,,,,3280,0.98,0.001539,67.540784
2026-07-09T11:51:12.025509,Raspberry_Relieve1,,,37.004,0.0,0,5.64,100.0,-1,0.0,,,,,,3281,1.01,0.001583,67.542367
2026-07-09T11:51:13.025602,Raspberry_Relieve1,,,37.003,0.0,0,5.64,100.0,-1,0.0,,,,,,3282,1.02,0.001591,67.543958
2026-07-09T11:51:14.025718,Raspberry_Relieve1,,,37.007,0.0,0,5.64,100.0,-1,0.0,,,,,,3283,0.96,0.001497,67.545456
2026-07-09T11:51:15.025844,Raspberry_Relieve1,,,37.006,0.0,0,5.64,100.0,-1,0.0,,,,,,3284,0.9,0.001408,67.546863
2026-07-09T11:51:16.025951,Raspberry_Relieve1,,,37.008,0.0,0,5.64,100.0,-1,0.0,,,,,,3285,1.14,0.001781,67.548644
2026-07-09T11:51:17.026069,Raspberry_Relieve1,,,37.009,0.0,0,5.64,100.0,-1,0.0,,,,,,3286,0.96,0.001511,67.550155
2026-07-09T11:51:18.026256,Raspberry_Relieve1,,,37.012,0.0,0,5.64,100.0,-1,0.0,,,,,,3287,1.05,0.001639,67.551794
2026-07-09T11:51:19.026374,Raspberry_Relieve1,,,37.013,0.0,0,5.64,100.0,-1,0.0,,,,,,3288,0.96,0.001507,67.553301
2026-07-09T11:51:20.026478,Raspberry_Relieve1,,,37.014,0.0,0,5.64,100.0,-1,0.0,,,,,,3289,1.04,0.001627,67.554928
2026-07-09T11:51:21.026584,Raspberry_Relieve1,,,37.016,0.0,0,5.64,100.0,-1,0.0,,,,,,3290,0.91,0.001434,67.556362
2026-07-09T11:51:22.026698,Raspberry_Relieve1,,,37.016,0.0,0,5.64,100.0,-1,0.0,,,,,,3291,1.06,0.001664,67.558026
2026-07-09T11:51:23.026801,Raspberry_Relieve1,,,37.019,0.0,0,5.64,100.0,-1,0.0,,,,,,3292,1.04,0.001623,67.559649
2026-07-09T11:51:24.026933,Raspberry_Relieve1,,,37.019,0.0,0,5.64,100.0,-1,0.0,,,,,,3293,0.95,0.001488,67.561137
2026-07-09T11:51:25.027048,Raspberry_Relieve1,,,37.02,0.0,0,5.64,100.0,-1,0.0,,,,,,3294,0.95,0.001482,67.562619
2026-07-09T11:51:26.027151,Raspberry_Relieve1,,,37.022,0.0,0,5.64,100.0,-1,0.0,,,,,,3295,0.99,0.001555,67.564174
2026-07-09T11:51:27.027274,Raspberry_Relieve1,,,37.023,0.0,0,5.64,100.0,-1,0.0,,,,,,3296,1.01,0.00159,67.565764
2026-07-09T11:51:28.027368,Raspberry_Relieve1,,,37.024,0.0,0,5.64,100.0,-1,0.0,,,,,,3297,1.04,0.001637,67.567401
2026-07-09T11:51:29.027498,Raspberry_Relieve1,,,37.026,0.0,0,5.64,100.0,-1,0.0,,,,,,3298,0.98,0.001542,67.568943
2026-07-09T11:51:30.027606,Raspberry_Relieve1,,,37.026,0.0,0,5.64,100.0,-1,0.0,,,,,,3299,1.06,0.001668,67.570611
2026-07-09T11:51:31.027745,Raspberry_Relieve1,,,37.027,0.0,0,5.64,100.0,-1,0.0,,,,,,3300,0.88,0.001387,67.571998
2026-07-09T11:53:44.079757,Raspberry_Relieve1,,,37.166,0.0,0,5.64,100.0,-1,0.0,,,,,,4837,1537.14,2.409516,69.981514
2026-07-09T11:53:45.079839,Raspberry_Relieve1,,,37.162,0.0,0,5.64,100.0,-1,0.0,,,,,,4838,0.82,0.001282,69.982796
2026-07-09T11:53:46.079919,Raspberry_Relieve1,,,37.162,0.0,0,5.64,100.0,-1,0.0,,,,,,4839,1.0,0.001571,69.984367
2026-07-09T11:53:47.080011,Raspberry_Relieve1,,,37.164,0.0,0,5.64,100.0,-1,0.0,,,,,,4840,0.99,0.00155,69.985917
2026-07-09T11:53:48.080093,Raspberry_Relieve1,,,37.163,0.0,0,5.64,100.0,-1,0.0,,,,,,4841,0.96,0.001505,69.987422
2026-07-09T11:53:49.080204,Raspberry_Relieve1,,,37.163,0.0,0,5.64,100.0,-1,0.0,,,,,,4842,1.07,0.001674,69.989096
2026-07-09T11:53:50.080306,Raspberry_Relieve1,,,37.165,0.0,0,5.64,100.0,-1,0.0,,,,,,4843,0.95,0.001492,69.990588
2026-07-09T11:53:51.080422,Raspberry_Relieve1,,,37.163,0.0,0,5.64,100.0,-1,0.0,,,,,,4844,1.02,0.0016,69.992188
2026-07-09T11:53:52.080524,Raspberry_Relieve1,,,37.165,0.0,0,5.64,100.0,-1,0.0,,,,,,4845,0.96,0.001507,69.993695
2026-07-09T11:53:53.080980,Raspberry_Relieve1,,,37.162,0.0,0,5.64,100.0,-1,0.0,,,,,,4846,1.0,0.001565,69.99526
2026-07-09T11:53:54.081170,Raspberry_Relieve1,,,37.164,0.0,0,5.64,100.0,-1,0.0,,,,,,4847,1.0,0.001561,69.996822
2026-07-09T11:53:55.081199,Raspberry_Relieve1,,,37.165,0.0,0,5.64,100.0,-1,0.0,,,,,,4848,0.98,0.00153,69.998351
2026-07-09T11:53:56.081310,Raspberry_Relieve1,,,37.164,0.0,0,5.64,100.0,-1,0.0,,,,,,4849,1.09,0.001711,70.000062
2026-07-09T11:53:57.081437,Raspberry_Relieve1,,,37.166,0.0,0,5.64,100.0,-1,0.0,,,,,,4850,0.91,0.001427,70.001489
2026-07-09T11:53:58.081546,Raspberry_Relieve1,,,37.164,0.0,0,5.64,100.0,-1,0.0,,,,,,4851,1.0,0.00157,70.003059
2026-07-09T11:53:59.081658,Raspberry_Relieve1,,,37.165,0.0,0,5.64,100.0,-1,0.0,,,,,,4852,1.04,0.001633,70.004692
2026-07-09T11:54:00.081826,Raspberry_Relieve1,,,37.164,0.0,0,5.64,100.0,-1,0.0,,,,,,4853,0.95,0.001482,70.006174
2026-07-09T11:54:01.081942,Raspberry_Relieve1,,,37.166,0.0,0,5.64,100.0,-1,0.0,,,,,,4854,1.02,0.001596,70.007769
2026-07-09T11:54:02.082053,Raspberry_Relieve1,,,37.165,0.0,0,5.64,100.0,-1,0.0,,,,,,4855,1.06,0.001665,70.009434
2026-07-09T11:54:03.082155,Raspberry_Relieve1,,,37.164,0.0,0,5.64,100.0,-1,0.0,,,,,,4856,0.86,0.001344,70.010778
2026-07-09T11:54:04.082349,Raspberry_Relieve1,,,37.163,0.0,0,5.64,100.0,-1,0.0,,,,,,4857,1.1,0.001718,70.012496
2026-07-09T12:17:28.837284,Raspberry_Relieve1,,,37.162,0.0,0,5.64,100.0,-1,0.0,,,,,,4858,1.04,0.001634,70.01413
2026-07-09T12:17:29.837360,Raspberry_Relieve1,,,37.163,0.0,0,5.64,100.0,-1,0.0,,,,,,4859,0.98,0.001538,70.015668
2026-07-09T12:17:30.837444,Raspberry_Relieve1,,,37.163,0.0,0,5.64,100.0,-1,0.0,,,,,,4860,0.93,0.001462,70.01713
2026-07-09T12:17:31.837526,Raspberry_Relieve1,,,37.163,0.0,0,5.64,100.0,-1,0.0,,,,,,4861,1.03,0.001609,70.018739
2026-07-09T12:17:32.837613,Raspberry_Relieve1,,,37.163,0.0,0,5.64,100.0,-1,0.0,,,,,,4862,1.04,0.001634,70.020374
2026-07-09T12:17:33.837744,Raspberry_Relieve1,,,37.162,0.0,0,5.64,100.0,-1,0.0,,,,,,4863,0.99,0.001556,70.02193
2026-07-09T12:17:34.837850,Raspberry_Relieve1,,,37.164,0.0,0,5.64,100.0,-1,0.0,,,,,,4864,0.91,0.001429,70.023359
2026-07-09T12:17:35.837963,Raspberry_Relieve1,,,37.161,0.0,0,5.64,100.0,-1,0.0,,,,,,4865,0.99,0.001557,70.024917
2026-07-09T12:17:36.838076,Raspberry_Relieve1,,,37.164,0.0,0,5.64,100.0,-1,0.0,,,,,,4866,1.09,0.001708,70.026624
2026-07-09T12:17:37.838196,Raspberry_Relieve1,,,37.165,0.0,0,5.64,100.0,-1,0.0,,,,,,4867,1.01,0.001586,70.028211
2026-07-09T12:17:38.838299,Raspberry_Relieve1,,,37.163,0.0,0,5.64,100.0,-1,0.0,,,,,,4868,0.98,0.001544,70.029754
2026-07-09T12:17:39.838404,Raspberry_Relieve1,,,37.163,0.0,0,5.64,100.0,-1,0.0,,,,,,4869,1.03,0.001607,70.031361
2026-07-09T12:17:40.838510,Raspberry_Relieve1,,,37.163,0.0,0,5.64,100.0,-1,0.0,,,,,,4870,0.99,0.001552,70.032913
2026-07-09T12:17:41.838610,Raspberry_Relieve1,,,37.164,0.0,0,5.64,100.0,-1,0.0,,,,,,4871,1.03,0.001613,70.034526
2026-07-09T12:17:42.838714,Raspberry_Relieve1,,,37.162,0.0,0,5.64,100.0,-1,0.0,,,,,,4872,0.88,0.001373,70.035899
2026-07-09T12:17:43.838826,Raspberry_Relieve1,,,37.165,0.0,0,5.64,100.0,-1,0.0,,,,,,4873,1.03,0.001616,70.037515
2026-07-09T12:17:44.838941,Raspberry_Relieve1,,,37.164,0.0,0,5.64,100.0,-1,0.0,,,,,,4874,1.1,0.001727,70.039241
2026-07-09T12:17:45.839044,Raspberry_Relieve1,,,37.163,0.0,0,5.64,100.0,-1,0.0,,,,,,4875,0.85,0.001333,70.040575
2026-07-09T12:17:46.839151,Raspberry_Relieve1,,,37.163,0.0,0,5.64,100.0,-1,0.0,,,,,,4876,1.07,0.001682,70.042256
2026-07-09T12:17:47.839248,Raspberry_Relieve1,,,37.165,0.0,0,5.64,100.0,-1,0.0,,,,,,4877,1.02,0.001602,70.043858
2026-07-09T12:17:48.839364,Raspberry_Relieve1,,,37.166,0.0,0,5.64,100.0,-1,0.0,,,,,,4878,0.92,0.001442,70.0453
2026-07-09T12:17:49.839463,Raspberry_Relieve1,,,37.165,0.0,0,5.64,100.0,-1,0.0,,,,,,4879,1.01,0.001585,70.046885
2026-07-09T12:17:50.839571,Raspberry_Relieve1,,,37.164,0.0,0,5.64,100.0,-1,0.0,,,,,,4880,1.08,0.001696,70.04858
2026-07-09T12:17:51.839674,Raspberry_Relieve1,,,37.165,0.0,0,5.64,100.0,-1,0.0,,,,,,4881,0.89,0.001396,70.049977
2026-07-09T12:17:52.839772,Raspberry_Relieve1,,,37.163,0.0,0,5.64,100.0,-1,0.0,,,,,,4882,1.07,0.00167,70.051647
2026-07-09T12:17:53.839892,Raspberry_Relieve1,,,37.163,0.0,0,5.64,100.0,-1,0.0,,,,,,4883,0.93,0.001464,70.053111
2026-07-09T12:17:54.839986,Raspberry_Relieve1,,,37.165,0.0,0,5.64,100.0,-1,0.0,,,,,,4884,1.08,0.001694,70.054804
2026-07-09T12:17:55.840084,Raspberry_Relieve1,,,37.165,0.0,0,5.64,100.0,-1,0.0,,,,,,4885,1.01,0.001583,70.056387
2026-07-09T12:17:56.840183,Raspberry_Relieve1,,,37.165,0.0,0,5.64,100.0,-1,0.0,,,,,,4886,0.99,0.001545,70.057932
2026-07-09T12:17:57.840278,Raspberry_Relieve1,,,37.164,0.0,0,5.64,100.0,-1,0.0,,,,,,4887,0.98,0.001543,70.059476
2026-07-09T12:17:58.840386,Raspberry_Relieve1,,,37.165,0.0,0,5.64,100.0,-1,0.0,,,,,,4888,1.0,0.001575,70.061051
2026-07-09T12:17:59.840493,Raspberry_Relieve1,,,37.166,0.0,0,5.64,100.0,-1,0.0,,,,,,4889,1.04,0.001637,70.062687
2026-07-09T12:18:00.840598,Raspberry_Relieve1,,,37.164,0.0,0,5.64,100.0,-1,0.0,,,,,,4890,0.98,0.001543,70.06423
2026-07-09T12:18:01.840738,Raspberry_Relieve1,,,37.163,0.0,0,5.64,100.0,-1,0.0,,,,,,4891,0.97,0.001521,70.065751
2026-07-09T12:18:02.840891,Raspberry_Relieve1,,,37.163,0.0,0,5.64,100.0,-1,0.0,,,,,,4892,1.04,0.001629,70.06738
2026-07-09T12:18:03.841022,Raspberry_Relieve1,,,37.164,0.0,0,5.64,100.0,-1,0.0,,,,,,4893,1.01,0.001591,70.068971
2026-07-09T12:18:04.841124,Raspberry_Relieve1,,,37.164,0.0,0,5.64,100.0,-1,0.0,,,,,,4894,1.0,0.001566,70.070537
2026-07-09T12:18:05.841244,Raspberry_Relieve1,,,37.162,0.0,0,5.64,100.0,-1,0.0,,,,,,4895,0.88,0.001375,70.071912
2026-07-09T12:18:06.841351,Raspberry_Relieve1,,,37.162,0.0,0,5.64,100.0,-1,0.0,,,,,,4896,1.05,0.001642,70.073554
2026-07-09T12:18:07.841450,Raspberry_Relieve1,,,37.163,0.0,0,5.64,100.0,-1,0.0,,,,,,4897,1.01,0.001587,70.075141
2026-07-09T12:18:08.841577,Raspberry_Relieve1,,,37.163,0.0,0,5.64,100.0,-1,0.0,,,,,,4898,1.05,0.001645,70.076786
2026-07-09T12:18:09.841695,Raspberry_Relieve1,,,37.163,0.0,0,5.64,100.0,-1,0.0,,,,,,4899,1.02,0.001598,70.078385
2026-07-09T12:18:10.841820,Raspberry_Relieve1,,,37.162,0.0,0,5.64,100.0,-1,0.0,,,,,,4900,1.02,0.001593,70.079977
2026-07-09T12:18:11.841959,Raspberry_Relieve1,,,37.162,0.0,0,5.64,100.0,-1,0.0,,,,,,4901,0.92,0.001445,70.081423
2026-07-09T12:18:12.842067,Raspberry_Relieve1,,,37.161,0.0,0,5.64,100.0,-1,0.0,,,,,,4902,1.03,0.001609,70.083032
2026-07-09T12:18:13.842173,Raspberry_Relieve1,,,37.162,0.0,0,5.64,100.0,-1,0.0,,,,,,4903,1.02,0.001594,70.084626
2026-07-09T12:18:14.842296,Raspberry_Relieve1,,,37.162,0.0,0,5.64,100.0,-1,0.0,,,,,,4904,0.91,0.001432,70.086059
2026-07-09T12:18:15.842399,Raspberry_Relieve1,,,37.162,0.0,0,5.64,100.0,-1,0.0,,,,,,4905,1.05,0.001644,70.087703
2026-07-09T12:18:16.842503,Raspberry_Relieve1,,,37.162,0.0,0,5.64,100.0,-1,0.0,,,,,,4906,1.02,0.001597,70.089299
2026-07-09T12:18:17.842614,Raspberry_Relieve1,,,37.162,0.0,0,5.64,100.0,-1,0.0,,,,,,4907,0.93,0.001462,70.090762
2026-07-09T12:18:18.842722,Raspberry_Relieve1,,,37.162,0.0,0,5.64,100.0,-1,0.0,,,,,,4908,1.1,0.00173,70.092492
2026-07-09T12:18:19.842844,Raspberry_Relieve1,,,37.162,0.0,0,5.64,100.0,-1,0.0,,,,,,4909,0.94,0.001473,70.093965
2026-07-09T12:18:20.842949,Raspberry_Relieve1,,,37.16,0.0,0,5.64,100.0,-1,0.0,,,,,,4910,0.99,0.001549,70.095514
2026-07-09T12:18:21.843065,Raspberry_Relieve1,,,37.162,0.0,0,5.64,100.0,-1,0.0,,,,,,4911,0.96,0.0015,70.097013
2026-07-09T12:18:22.843180,Raspberry_Relieve1,,,37.162,0.0,0,5.64,100.0,-1,0.0,,,,,,4912,0.99,0.001552,70.098565
2026-07-09T12:18:23.843318,Raspberry_Relieve1,,,37.165,0.0,0,5.64,100.0,-1,0.0,,,,,,4913,1.1,0.001725,70.10029
2026-07-09T12:18:24.843414,Raspberry_Relieve1,,,37.164,0.0,0,5.64,100.0,-1,0.0,,,,,,4914,0.93,0.001458,70.101749
2026-07-09T12:18:25.843520,Raspberry_Relieve1,,,37.163,0.0,0,5.64,100.0,-1,0.0,,,,,,4915,1.03,0.001618,70.103367
2026-07-09T12:18:26.843625,Raspberry_Relieve1,,,37.162,0.0,0,5.64,100.0,-1,0.0,,,,,,4916,1.01,0.001576,70.104943
2026-07-09T12:18:27.843740,Raspberry_Relieve1,,,37.163,0.0,0,5.64,100.0,-1,0.0,,,,,,4917,1.0,0.001565,70.106508
2026-07-09T12:18:28.843844,Raspberry_Relieve1,,,37.163,0.0,0,5.64,100.0,-1,0.0,,,,,,4918,0.96,0.001504,70.108012
2026-07-09T12:18:29.843964,Raspberry_Relieve1,,,37.162,0.0,0,5.64,100.0,-1,0.0,,,,,,4919,0.98,0.001529,70.109542
2026-07-09T12:18:30.844083,Raspberry_Relieve1,,,37.163,0.0,0,5.64,100.0,-1,0.0,,,,,,4920,1.11,0.001733,70.111274
2026-07-09T12:18:31.844197,Raspberry_Relieve1,,,37.162,0.0,0,5.64,100.0,-1,0.0,,,,,,4921,0.97,0.001521,70.112796
2026-07-09T12:18:32.844293,Raspberry_Relieve1,,,37.16,0.0,0,5.64,100.0,-1,0.0,,,,,,4922,0.95,0.001484,70.11428
2026-07-09T12:18:33.844396,Raspberry_Relieve1,,,37.161,0.0,0,5.64,100.0,-1,0.0,,,,,,4923,0.98,0.001531,70.115811
2026-07-09T12:18:34.844513,Raspberry_Relieve1,,,37.163,0.0,0,5.64,100.0,-1,0.0,,,,,,4924,1.09,0.001716,70.117527
2026-07-09T12:18:35.844645,Raspberry_Relieve1,,,37.161,0.0,0,5.64,100.0,-1,0.0,,,,,,4925,0.98,0.001531,70.119058
2026-07-09T12:18:36.844753,Raspberry_Relieve1,,,37.161,0.0,0,5.64,100.0,-1,0.0,,,,,,4926,0.93,0.001454,70.120512
2026-07-09T12:18:37.844852,Raspberry_Relieve1,,,37.161,0.0,0,5.64,100.0,-1,0.0,,,,,,4927,1.17,0.00183,70.122343
2026-07-09T12:18:38.844963,Raspberry_Relieve1,,,37.161,0.0,0,5.64,100.0,-1,0.0,,,,,,4928,0.99,0.001555,70.123898
2026-07-09T12:18:39.845072,Raspberry_Relieve1,,,37.161,0.0,0,5.64,100.0,-1,0.0,,,,,,4929,0.91,0.001426,70.125324
2026-07-09T12:18:40.845174,Raspberry_Relieve1,,,37.159,0.0,0,5.64,100.0,-1,0.0,,,,,,4930,1.04,0.001634,70.126958
2026-07-09T12:18:41.845289,Raspberry_Relieve1,,,37.16,0.0,0,5.64,100.0,-1,0.0,,,,,,4931,0.94,0.001476,70.128434
2026-07-09T12:18:42.845407,Raspberry_Relieve1,,,37.161,0.0,0,5.64,100.0,-1,0.0,,,,,,4932,0.99,0.001545,70.129979
2026-07-09T12:18:43.845558,Raspberry_Relieve1,,,37.162,0.0,0,5.64,100.0,-1,0.0,,,,,,4933,1.05,0.001651,70.13163
2026-07-09T12:18:44.845669,Raspberry_Relieve1,,,37.162,0.0,0,5.64,100.0,-1,0.0,,,,,,4934,0.92,0.001437,70.133067
2026-07-09T12:18:45.845787,Raspberry_Relieve1,,,37.161,0.0,0,5.64,100.0,-1,0.0,,,,,,4935,1.03,0.001613,70.13468
2026-07-09T12:18:46.845888,Raspberry_Relieve1,,,37.163,0.0,0,5.64,100.0,-1,0.0,,,,,,4936,1.03,0.001618,70.136298
2026-07-09T12:18:47.845988,Raspberry_Relieve1,,,37.162,0.0,0,5.64,100.0,-1,0.0,,,,,,4937,1.02,0.001597,70.137895
2026-07-09T12:18:48.846093,Raspberry_Relieve1,,,37.161,0.0,0,5.64,100.0,-1,0.0,,,,,,4938,0.98,0.001538,70.139434
2026-07-09T12:18:49.846206,Raspberry_Relieve1,,,37.161,0.0,0,5.64,100.0,-1,0.0,,,,,,4939,0.98,0.001531,70.140965
2026-07-09T12:18:50.846314,Raspberry_Relieve1,,,37.161,0.0,0,5.64,100.0,-1,0.0,,,,,,4940,1.01,0.001576,70.142541
2026-07-09T12:18:51.846434,Raspberry_Relieve1,,,37.16,0.0,0,5.64,100.0,-1,0.0,,,,,,4941,1.26,0.001975,70.144516
2026-07-09T12:18:52.846532,Raspberry_Relieve1,,,37.161,0.0,0,5.64,100.0,-1,0.0,,,,,,4942,0.73,0.001143,70.14566
2026-07-09T12:18:53.846648,Raspberry_Relieve1,,,37.163,0.0,0,5.64,100.0,-1,0.0,,,,,,4943,0.98,0.00154,70.1472
2026-07-09T12:18:54.846772,Raspberry_Relieve1,,,37.162,0.0,0,5.64,100.0,-1,0.0,,,,,,4944,1.06,0.001668,70.148868
2026-07-09T12:18:55.846876,Raspberry_Relieve1,,,37.161,0.0,0,5.64,100.0,-1,0.0,,,,,,4945,0.92,0.00144,70.150308
2026-07-09T12:18:56.846995,Raspberry_Relieve1,,,37.161,0.0,0,5.64,100.0,-1,0.0,,,,,,4946,1.01,0.001576,70.151884
2026-07-09T12:18:57.847092,Raspberry_Relieve1,,,37.161,0.0,0,5.64,100.0,-1,0.0,,,,,,4947,0.99,0.001554,70.153438
2026-07-09T12:18:58.847248,Raspberry_Relieve1,,,37.162,0.0,0,5.64,100.0,-1,0.0,,,,,,4948,1.07,0.001681,70.155119
2026-07-09T12:18:59.847362,Raspberry_Relieve1,,,37.161,0.0,0,5.64,100.0,-1,0.0,,,,,,4949,1.01,0.001584,70.156702
2026-07-09T12:19:00.847478,Raspberry_Relieve1,,,37.16,0.0,0,5.64,100.0,-1,0.0,,,,,,4950,0.92,0.001449,70.158151
2026-07-09T12:19:01.847575,Raspberry_Relieve1,,,37.161,0.0,0,5.64,100.0,-1,0.0,,,,,,4951,1.09,0.001708,70.159859
2026-07-09T12:19:02.847675,Raspberry_Relieve1,,,37.162,0.0,0,5.64,100.0,-1,0.0,,,,,,4952,0.9,0.001405,70.161265
2026-07-09T12:19:03.847808,Raspberry_Relieve1,,,37.162,0.0,0,5.64,100.0,-1,0.0,,,,,,4953,1.12,0.001763,70.163027
2026-07-09T12:19:04.847907,Raspberry_Relieve1,,,37.16,0.0,0,5.64,100.0,-1,0.0,,,,,,4954,0.88,0.001374,70.164401
2026-07-09T12:19:05.848010,Raspberry_Relieve1,,,37.159,0.0,0,5.64,100.0,-1,0.0,,,,,,4955,1.14,0.001785,70.166186
2026-07-09T12:19:06.848079,Raspberry_Relieve1,,,37.162,0.0,0,5.64,100.0,-1,0.0,,,,,,4956,0.98,0.00154,70.167726
2026-07-09T12:19:07.848149,Raspberry_Relieve1,,,37.159,0.0,0,5.64,100.0,-1,0.0,,,,,,4957,0.89,0.0014,70.169126
2026-07-09T12:19:08.848269,Raspberry_Relieve1,,,37.16,0.0,0,5.64,100.0,-1,0.0,,,,,,4958,1.06,0.001661,70.170787
2026-07-09T12:19:09.848379,Raspberry_Relieve1,,,37.161,0.0,0,5.64,100.0,-1,0.0,,,,,,4959,1.02,0.0016,70.172387
2026-07-09T12:19:10.848523,Raspberry_Relieve1,,,37.16,0.0,0,5.64,100.0,-1,0.0,,,,,,4960,1.0,0.001567,70.173954
2026-07-09T12:19:11.848623,Raspberry_Relieve1,,,37.161,0.0,0,5.64,100.0,-1,0.0,,,,,,4961,0.9,0.001411,70.175365
2026-07-09T12:19:12.848749,Raspberry_Relieve1,,,37.16,0.0,0,5.64,100.0,-1,0.0,,,,,,4962,1.07,0.00167,70.177035
2026-07-09T12:19:13.848843,Raspberry_Relieve1,,,37.161,0.0,0,5.64,100.0,-1,0.0,,,,,,4963,1.06,0.001655,70.17869
2026-07-09T12:19:14.848950,Raspberry_Relieve1,,,37.16,0.0,0,5.64,100.0,-1,0.0,,,,,,4964,1.02,0.001596,70.180286
2026-07-09T12:19:15.849025,Raspberry_Relieve1,,,37.161,0.0,0,5.64,100.0,-1,0.0,,,,,,4965,1.01,0.001579,70.181865
2026-07-09T12:19:16.849117,Raspberry_Relieve1,,,37.161,0.0,0,5.64,100.0,-1,0.0,,,,,,4966,0.87,0.001361,70.183225
2026-07-09T12:19:17.849241,Raspberry_Relieve1,,,37.16,0.0,0,5.64,100.0,-1,0.0,,,,,,4967,1.09,0.001701,70.184927
2026-07-09T12:19:18.849345,Raspberry_Relieve1,,,37.162,0.0,0,5.64,100.0,-1,0.0,,,,,,4968,0.97,0.001521,70.186448
2026-07-09T12:19:19.849440,Raspberry_Relieve1,,,37.161,0.0,0,5.64,100.0,-1,0.0,,,,,,4969,1.05,0.001648,70.188096
2026-07-09T12:19:20.849545,Raspberry_Relieve1,,,37.161,0.0,0,5.64,100.0,-1,0.0,,,,,,4970,0.9,0.001406,70.189502
2026-07-09T12:19:21.849670,Raspberry_Relieve1,,,37.16,0.0,0,5.64,100.0,-1,0.0,,,,,,4971,1.13,0.001776,70.191278
2026-07-09T12:19:22.849762,Raspberry_Relieve1,,,37.16,0.0,0,5.64,100.0,-1,0.0,,,,,,4972,0.96,0.001502,70.192779
2026-07-09T12:19:23.849885,Raspberry_Relieve1,,,37.16,0.0,0,5.64,100.0,-1,0.0,,,,,,4973,0.99,0.001548,70.194328
2026-07-09T12:19:24.849972,Raspberry_Relieve1,,,37.159,0.0,0,5.64,100.0,-1,0.0,,,,,,4974,0.93,0.00145,70.195778
2026-07-09T12:19:25.850085,Raspberry_Relieve1,,,37.16,0.0,0,5.64,100.0,-1,0.0,,,,,,4975,1.0,0.001575,70.197353
2026-07-09T12:19:26.850160,Raspberry_Relieve1,,,37.159,0.0,0,5.64,100.0,-1,0.0,,,,,,4976,1.1,0.001729,70.199082
2026-07-09T12:19:27.850259,Raspberry_Relieve1,,,37.161,0.0,0,5.64,100.0,-1,0.0,,,,,,4977,0.9,0.001405,70.200487
2026-07-09T12:19:28.850331,Raspberry_Relieve1,,,37.16,0.0,0,5.64,100.0,-1,0.0,,,,,,4978,1.09,0.001715,70.202203
2026-07-09T12:19:29.850437,Raspberry_Relieve1,,,37.16,0.0,0,5.64,100.0,-1,0.0,,,,,,4979,0.99,0.001553,70.203756
2026-07-09T12:19:30.850588,Raspberry_Relieve1,,,37.159,0.0,0,5.64,100.0,-1,0.0,,,,,,4980,0.93,0.001452,70.205207
2026-07-09T12:19:31.850651,Raspberry_Relieve1,,,37.159,0.0,0,5.64,100.0,-1,0.0,,,,,,4981,1.1,0.001731,70.206939
2026-07-09T12:19:32.850750,Raspberry_Relieve1,,,37.159,0.0,0,5.64,100.0,-1,0.0,,,,,,4982,0.93,0.001452,70.208391
2026-07-09T12:19:33.850867,Raspberry_Relieve1,,,37.159,0.0,0,5.64,100.0,-1,0.0,,,,,,4983,1.02,0.001604,70.209995
2026-07-09T12:19:34.850976,Raspberry_Relieve1,,,37.159,0.0,0,5.64,100.0,-1,0.0,,,,,,4984,1.15,0.001799,70.211794
2026-07-09T12:19:35.851057,Raspberry_Relieve1,,,37.159,0.0,0,5.64,100.0,-1,0.0,,,,,,4985,0.81,0.001275,70.213069
2026-07-09T12:19:36.851183,Raspberry_Relieve1,,,37.159,0.0,0,5.64,100.0,-1,0.0,,,,,,4986,1.06,0.001666,70.214734
2026-07-09T12:19:37.851284,Raspberry_Relieve1,,,37.159,0.0,0,5.64,100.0,-1,0.0,,,,,,4987,0.9,0.001405,70.21614
2026-07-09T12:19:38.851404,Raspberry_Relieve1,,,37.158,0.0,0,5.64,100.0,-1,0.0,,,,,,4988,1.1,0.001731,70.217871
2026-07-09T12:19:39.851521,Raspberry_Relieve1,,,37.159,0.0,0,5.64,100.0,-1,0.0,,,,,,4989,0.9,0.001413,70.219285
2026-07-09T12:19:40.851612,Raspberry_Relieve1,,,37.158,0.0,0,5.64,100.0,-1,0.0,,,,,,4990,1.06,0.001654,70.220939
2026-07-09T12:19:41.851766,Raspberry_Relieve1,,,37.159,0.0,0,5.64,100.0,-1,0.0,,,,,,4991,1.0,0.001562,70.222501
2026-07-09T12:19:42.851861,Raspberry_Relieve1,,,37.159,0.0,0,5.64,100.0,-1,0.0,,,,,,4992,0.97,0.001519,70.22402
2026-07-09T12:19:43.851960,Raspberry_Relieve1,,,37.159,0.0,0,5.64,100.0,-1,0.0,,,,,,4993,1.05,0.001653,70.225673
2026-07-09T12:19:44.852087,Raspberry_Relieve1,,,37.159,0.0,0,5.64,100.0,-1,0.0,,,,,,4994,0.91,0.001429,70.227102
2026-07-09T12:19:45.852176,Raspberry_Relieve1,,,37.158,0.0,0,5.64,100.0,-1,0.0,,,,,,4995,1.02,0.001594,70.228696
2026-07-09T12:19:46.852296,Raspberry_Relieve1,,,37.158,0.0,0,5.64,100.0,-1,0.0,,,,,,4996,1.1,0.001717,70.230413
2026-07-09T12:19:47.852379,Raspberry_Relieve1,,,37.157,0.0,0,5.64,100.0,-1,0.0,,,,,,4997,1.03,0.001616,70.232029
2026-07-09T12:19:48.852534,Raspberry_Relieve1,,,37.157,0.0,0,5.64,100.0,-1,0.0,,,,,,4998,0.87,0.001362,70.233391
2026-07-09T12:19:49.852636,Raspberry_Relieve1,,,37.158,0.0,0,5.64,100.0,-1,0.0,,,,,,4999,1.06,0.001664,70.235055
2026-07-09T12:19:50.852732,Raspberry_Relieve1,,,37.158,0.0,0,5.64,100.0,-1,0.0,,,,,,5000,1.03,0.001622,70.236677
2026-07-09T12:19:51.852830,Raspberry_Relieve1,,,37.158,0.0,0,5.64,100.0,-1,0.0,,,,,,5001,0.93,0.001462,70.238139
2026-07-09T12:19:52.852914,Raspberry_Relieve1,,,37.158,0.0,0,5.64,100.0,-1,0.0,,,,,,5002,1.09,0.001703,70.239842
2026-07-09T12:19:53.853038,Raspberry_Relieve1,,,37.158,0.0,0,5.64,100.0,-1,0.0,,,,,,5003,0.89,0.001401,70.241243
2026-07-09T12:19:54.853148,Raspberry_Relieve1,,,37.159,0.0,0,5.64,100.0,-1,0.0,,,,,,5004,1.05,0.001652,70.242894
2026-07-09T12:19:55.853240,Raspberry_Relieve1,,,37.16,0.0,0,5.64,100.0,-1,0.0,,,,,,5005,1.03,0.001617,70.244511
2026-07-09T12:19:56.853369,Raspberry_Relieve1,,,37.158,0.0,0,5.64,100.0,-1,0.0,,,,,,5006,1.01,0.001587,70.246098
2026-07-09T12:19:57.853484,Raspberry_Relieve1,,,37.159,0.0,0,5.64,100.0,-1,0.0,,,,,,5007,0.92,0.001446,70.247544
2026-07-09T12:19:58.853586,Raspberry_Relieve1,,,37.158,0.0,0,5.64,100.0,-1,0.0,,,,,,5008,0.98,0.001543,70.249087
2026-07-09T12:19:59.853706,Raspberry_Relieve1,,,37.157,0.0,0,5.64,100.0,-1,0.0,,,,,,5009,1.07,0.001671,70.250758
2026-07-09T12:20:00.853825,Raspberry_Relieve1,,,37.159,0.0,0,5.64,100.0,-1,0.0,,,,,,5010,1.04,0.001634,70.252393
2026-07-09T12:20:01.853920,Raspberry_Relieve1,,,37.158,0.0,0,5.64,100.0,-1,0.0,,,,,,5011,0.93,0.001464,70.253857
2026-07-09T12:20:02.854033,Raspberry_Relieve1,,,37.158,0.0,0,5.64,100.0,-1,0.0,,,,,,5012,1.02,0.001604,70.255461
2026-07-09T12:20:03.854141,Raspberry_Relieve1,,,37.159,0.0,0,5.64,100.0,-1,0.0,,,,,,5013,0.99,0.001557,70.257018
2026-07-09T12:20:04.854248,Raspberry_Relieve1,,,37.158,0.0,0,5.64,100.0,-1,0.0,,,,,,5014,0.97,0.001521,70.258538
2026-07-09T12:20:05.854362,Raspberry_Relieve1,,,37.159,0.0,0,5.64,100.0,-1,0.0,,,,,,5015,0.98,0.001534,70.260072
2026-07-09T12:20:06.854475,Raspberry_Relieve1,,,37.159,0.0,0,5.64,100.0,-1,0.0,,,,,,5016,1.1,0.001725,70.261797
2026-07-09T12:20:07.854545,Raspberry_Relieve1,,,37.158,0.0,0,5.64,100.0,-1,0.0,,,,,,5017,1.09,0.001702,70.263499
2026-07-09T12:20:08.854687,Raspberry_Relieve1,,,37.158,0.0,0,5.64,100.0,-1,0.0,,,,,,5018,0.89,0.001388,70.264887
2026-07-09T12:20:09.854773,Raspberry_Relieve1,,,37.159,0.0,0,5.64,100.0,-1,0.0,,,,,,5019,1.03,0.00162,70.266507
2026-07-09T12:20:10.854891,Raspberry_Relieve1,,,37.157,0.0,0,5.64,100.0,-1,0.0,,,,,,5020,0.99,0.001552,70.268059
2026-07-09T12:20:11.854978,Raspberry_Relieve1,,,37.158,0.0,0,5.64,100.0,-1,0.0,,,,,,5021,0.94,0.001481,70.26954
2026-07-09T12:20:12.855098,Raspberry_Relieve1,,,37.157,0.0,0,5.64,100.0,-1,0.0,,,,,,5022,0.99,0.001558,70.271098
2026-07-09T12:20:13.855196,Raspberry_Relieve1,,,37.159,0.0,0,5.64,100.0,-1,0.0,,,,,,5023,1.02,0.001596,70.272694
2026-07-09T12:20:14.855299,Raspberry_Relieve1,,,37.158,0.0,0,5.64,100.0,-1,0.0,,,,,,5024,1.02,0.001601,70.274295
2026-07-09T12:20:15.855412,Raspberry_Relieve1,,,37.158,0.0,0,5.64,100.0,-1,0.0,,,,,,5025,0.98,0.001541,70.275837
2026-07-09T12:20:16.855506,Raspberry_Relieve1,,,37.157,0.0,0,5.64,100.0,-1,0.0,,,,,,5026,0.92,0.001448,70.277285
2026-07-09T12:20:17.855621,Raspberry_Relieve1,,,37.157,0.0,0,5.64,100.0,-1,0.0,,,,,,5027,1.1,0.00173,70.279014
2026-07-09T12:20:18.855727,Raspberry_Relieve1,,,37.158,0.0,0,5.64,100.0,-1,0.0,,,,,,5028,0.96,0.001506,70.280521
2026-07-09T12:20:19.855825,Raspberry_Relieve1,,,37.156,0.0,0,5.64,100.0,-1,0.0,,,,,,5029,0.95,0.001491,70.282012
2026-07-09T12:20:20.855935,Raspberry_Relieve1,,,37.158,0.0,0,5.64,100.0,-1,0.0,,,,,,5030,0.99,0.001555,70.283567
2026-07-09T12:20:21.856047,Raspberry_Relieve1,,,37.157,0.0,0,5.64,100.0,-1,0.0,,,,,,5031,1.07,0.001684,70.285251
2026-07-09T12:20:22.856146,Raspberry_Relieve1,,,37.157,0.0,0,5.64,100.0,-1,0.0,,,,,,5032,1.13,0.001777,70.287028
2026-07-09T12:20:23.856263,Raspberry_Relieve1,,,37.158,0.0,0,5.64,100.0,-1,0.0,,,,,,5033,0.88,0.001387,70.288415
2026-07-09T12:20:24.856380,Raspberry_Relieve1,,,37.157,0.0,0,5.64,100.0,-1,0.0,,,,,,5034,0.96,0.001504,70.289918
2026-07-09T12:20:25.856517,Raspberry_Relieve1,,,37.158,0.0,0,5.64,100.0,-1,0.0,,,,,,5035,1.09,0.001705,70.291623
2026-07-09T12:20:26.856631,Raspberry_Relieve1,,,37.157,0.0,0,5.64,100.0,-1,0.0,,,,,,5036,0.94,0.001481,70.293104
2026-07-09T12:20:27.856735,Raspberry_Relieve1,,,37.158,0.0,0,5.64,100.0,-1,0.0,,,,,,5037,0.92,0.001445,70.294548
2026-07-09T12:20:28.856858,Raspberry_Relieve1,,,37.158,0.0,0,5.64,100.0,-1,0.0,,,,,,5038,1.07,0.001669,70.296218
2026-07-09T12:20:29.856971,Raspberry_Relieve1,,,37.157,0.0,0,5.64,100.0,-1,0.0,,,,,,5039,0.93,0.001457,70.297675
2026-07-09T12:20:30.857093,Raspberry_Relieve1,,,37.157,0.0,0,5.64,100.0,-1,0.0,,,,,,5040,1.11,0.001733,70.299408
2026-07-09T12:20:31.857199,Raspberry_Relieve1,,,37.157,0.0,0,5.64,100.0,-1,0.0,,,,,,5041,0.92,0.001437,70.300846
2026-07-09T12:20:32.857322,Raspberry_Relieve1,,,37.156,0.0,0,5.64,100.0,-1,0.0,,,,,,5042,1.05,0.001645,70.30249
2026-07-09T12:20:33.857441,Raspberry_Relieve1,,,37.158,0.0,0,5.64,100.0,-1,0.0,,,,,,5043,0.94,0.001471,70.303961
2026-07-09T12:20:34.857541,Raspberry_Relieve1,,,37.157,0.0,0,5.64,100.0,-1,0.0,,,,,,5044,1.03,0.001618,70.30558
2026-07-09T12:20:35.857652,Raspberry_Relieve1,,,37.157,0.0,0,5.64,100.0,-1,0.0,,,,,,5045,1.03,0.001608,70.307187
2026-07-09T12:20:36.857763,Raspberry_Relieve1,,,37.157,0.0,0,5.64,100.0,-1,0.0,,,,,,5046,0.97,0.001521,70.308708
2026-07-09T12:20:37.857869,Raspberry_Relieve1,,,37.158,0.0,0,5.64,100.0,-1,0.0,,,,,,5047,0.95,0.001497,70.310205
2026-07-09T12:20:38.857997,Raspberry_Relieve1,,,37.157,0.0,0,5.64,100.0,-1,0.0,,,,,,5048,1.02,0.001593,70.311797
2026-07-09T12:20:39.858098,Raspberry_Relieve1,,,37.158,0.0,0,5.64,100.0,-1,0.0,,,,,,5049,1.08,0.001692,70.31349
2026-07-09T12:20:40.858209,Raspberry_Relieve1,,,37.157,0.0,0,5.64,100.0,-1,0.0,,,,,,5050,1.01,0.001587,70.315077
2026-07-09T12:20:41.858319,Raspberry_Relieve1,,,37.157,0.0,0,5.64,100.0,-1,0.0,,,,,,5051,0.91,0.001428,70.316505
2026-07-09T12:20:42.858446,Raspberry_Relieve1,,,37.156,0.0,0,5.64,100.0,-1,0.0,,,,,,5052,1.0,0.001564,70.318069
2026-07-09T12:20:43.858535,Raspberry_Relieve1,,,37.158,0.0,0,5.64,100.0,-1,0.0,,,,,,5053,1.03,0.001609,70.319679
2026-07-09T12:20:44.858663,Raspberry_Relieve1,,,37.157,0.0,0,5.64,100.0,-1,0.0,,,,,,5054,1.05,0.001649,70.321328
2026-07-09T12:20:45.858752,Raspberry_Relieve1,,,37.157,0.0,0,5.64,100.0,-1,0.0,,,,,,5055,1.0,0.001574,70.322902
2026-07-09T12:20:46.858849,Raspberry_Relieve1,,,37.157,0.0,0,5.64,100.0,-1,0.0,,,,,,5056,0.97,0.001515,70.324417
2026-07-09T12:20:47.858967,Raspberry_Relieve1,,,37.156,0.0,0,5.64,100.0,-1,0.0,,,,,,5057,1.02,0.001594,70.326011
2026-07-09T12:20:48.859077,Raspberry_Relieve1,,,37.156,0.0,0,5.64,100.0,-1,0.0,,,,,,5058,0.97,0.001526,70.327537
2026-07-09T12:20:49.859164,Raspberry_Relieve1,,,37.155,0.0,0,5.64,100.0,-1,0.0,,,,,,5059,0.94,0.00148,70.329017
2026-07-09T12:20:50.859260,Raspberry_Relieve1,,,37.157,0.0,0,5.64,100.0,-1,0.0,,,,,,5060,1.01,0.00159,70.330608
2026-07-09T12:20:51.859385,Raspberry_Relieve1,,,37.158,0.0,0,5.64,100.0,-1,0.0,,,,,,5061,1.05,0.001644,70.332252
2026-07-09T12:20:52.859486,Raspberry_Relieve1,,,37.157,0.0,0,5.64,100.0,-1,0.0,,,,,,5062,0.94,0.001479,70.333731
2026-07-09T12:20:53.859651,Raspberry_Relieve1,,,37.157,0.0,0,5.64,100.0,-1,0.0,,,,,,5063,1.03,0.001613,70.335344
2026-07-09T12:20:54.859734,Raspberry_Relieve1,,,37.156,0.0,0,5.64,100.0,-1,0.0,,,,,,5064,1.13,0.001773,70.337116
2026-07-09T12:20:55.859842,Raspberry_Relieve1,,,37.157,0.0,0,5.64,100.0,-1,0.0,,,,,,5065,0.86,0.001345,70.338461
2026-07-09T12:20:56.859936,Raspberry_Relieve1,,,37.156,0.0,0,5.64,100.0,-1,0.0,,,,,,5066,1.07,0.001671,70.340132
2026-07-09T12:20:57.860048,Raspberry_Relieve1,,,37.155,0.0,0,5.64,100.0,-1,0.0,,,,,,5067,1.02,0.001605,70.341737
2026-07-09T12:20:58.860159,Raspberry_Relieve1,,,37.156,0.0,0,5.64,100.0,-1,0.0,,,,,,5068,1.01,0.001586,70.343323
2026-07-09T12:20:59.860264,Raspberry_Relieve1,,,37.155,0.0,0,5.64,100.0,-1,0.0,,,,,,5069,0.87,0.001367,70.34469
2026-07-09T12:21:00.860380,Raspberry_Relieve1,,,37.156,0.0,0,5.64,100.0,-1,0.0,,,,,,5070,0.99,0.001547,70.346237
2026-07-09T12:21:01.860490,Raspberry_Relieve1,,,37.155,0.0,0,5.64,100.0,-1,0.0,,,,,,5071,1.09,0.001713,70.34795
2026-07-09T12:21:02.860590,Raspberry_Relieve1,,,37.156,0.0,0,5.64,100.0,-1,0.0,,,,,,5072,0.93,0.001463,70.349412
2026-07-09T12:21:03.860694,Raspberry_Relieve1,,,37.156,0.0,0,5.64,100.0,-1,0.0,,,,,,5073,1.07,0.001684,70.351096
2026-07-09T12:21:04.860807,Raspberry_Relieve1,,,37.154,0.0,0,5.64,100.0,-1,0.0,,,,,,5074,0.91,0.001421,70.352517
2026-07-09T12:21:05.860933,Raspberry_Relieve1,,,37.158,0.0,0,5.64,100.0,-1,0.0,,,,,,5075,1.17,0.001827,70.354345
2026-07-09T12:21:06.861034,Raspberry_Relieve1,,,37.156,0.0,0,5.64,100.0,-1,0.0,,,,,,5076,0.97,0.001516,70.355861
2026-07-09T12:21:07.861192,Raspberry_Relieve1,,,37.156,0.0,0,5.64,100.0,-1,0.0,,,,,,5077,0.9,0.001407,70.357268
2026-07-09T12:21:08.861300,Raspberry_Relieve1,,,37.156,0.0,0,5.64,100.0,-1,0.0,,,,,,5078,1.03,0.00162,70.358888
2026-07-09T12:21:09.861464,Raspberry_Relieve1,,,37.156,0.0,0,5.64,100.0,-1,0.0,,,,,,5079,1.0,0.00157,70.360458
2026-07-09T12:21:10.861580,Raspberry_Relieve1,,,37.157,0.0,0,5.64,100.0,-1,0.0,,,,,,5080,0.97,0.001515,70.361973
2026-07-09T12:21:11.861686,Raspberry_Relieve1,,,37.156,0.0,0,5.64,100.0,-1,0.0,,,,,,5081,1.05,0.001653,70.363626
2026-07-09T12:21:12.861799,Raspberry_Relieve1,,,37.156,0.0,0,5.64,100.0,-1,0.0,,,,,,5082,0.99,0.001556,70.365182
2026-07-09T12:21:13.861914,Raspberry_Relieve1,,,37.157,0.0,0,5.64,100.0,-1,0.0,,,,,,5083,1.02,0.001595,70.366777
2026-07-09T12:21:14.862029,Raspberry_Relieve1,,,37.156,0.0,0,5.64,100.0,-1,0.0,,,,,,5084,1.03,0.001612,70.368389
2026-07-09T12:21:15.862124,Raspberry_Relieve1,,,37.156,0.0,0,5.64,100.0,-1,0.0,,,,,,5085,0.92,0.001446,70.369836
2026-07-09T12:21:16.862248,Raspberry_Relieve1,,,37.155,0.0,0,5.64,100.0,-1,0.0,,,,,,5086,0.95,0.001488,70.371324
2026-07-09T12:21:17.862357,Raspberry_Relieve1,,,37.155,0.0,0,5.64,100.0,-1,0.0,,,,,,5087,1.09,0.001715,70.373038
2026-07-09T12:21:18.862554,Raspberry_Relieve1,,,37.157,0.0,0,5.64,100.0,-1,0.0,,,,,,5088,1.01,0.001583,70.374621
2026-07-09T12:21:19.862671,Raspberry_Relieve1,,,37.156,0.0,0,5.64,100.0,-1,0.0,,,,,,5089,1.1,0.00173,70.376351
2026-07-09T12:21:20.862770,Raspberry_Relieve1,,,37.155,0.0,0,5.64,100.0,-1,0.0,,,,,,5090,0.8,0.001255,70.377606
2026-07-09T12:21:21.862876,Raspberry_Relieve1,,,37.156,0.0,0,5.64,100.0,-1,0.0,,,,,,5091,1.02,0.001597,70.379203
2026-07-09T12:21:22.862981,Raspberry_Relieve1,,,37.156,0.0,0,5.64,100.0,-1,0.0,,,,,,5092,1.14,0.001787,70.38099
2026-07-09T12:21:23.863094,Raspberry_Relieve1,,,37.155,0.0,0,5.64,100.0,-1,0.0,,,,,,5093,0.97,0.001514,70.382504
2026-07-09T12:21:24.863196,Raspberry_Relieve1,,,37.155,0.0,0,5.64,100.0,-1,0.0,,,,,,5094,1.22,0.001908,70.384412
2026-07-09T12:21:25.863303,Raspberry_Relieve1,,,37.155,0.0,0,5.64,100.0,-1,0.0,,,,,,5095,0.72,0.001132,70.385544
2026-07-09T12:21:26.863403,Raspberry_Relieve1,,,37.156,0.0,0,5.64,100.0,-1,0.0,,,,,,5096,1.0,0.001568,70.387112
2026-07-09T12:21:27.863514,Raspberry_Relieve1,,,37.155,0.0,0,5.64,100.0,-1,0.0,,,,,,5097,0.97,0.001522,70.388634
2026-07-09T12:21:28.863629,Raspberry_Relieve1,,,37.156,0.0,0,5.64,100.0,-1,0.0,,,,,,5098,1.08,0.001694,70.390328
2026-07-09T12:21:29.863726,Raspberry_Relieve1,,,37.157,0.0,0,5.64,100.0,-1,0.0,,,,,,5099,0.99,0.001558,70.391886
2026-07-09T12:21:30.863842,Raspberry_Relieve1,,,37.155,0.0,0,5.64,100.0,-1,0.0,,,,,,5100,0.9,0.00141,70.393296
2026-07-09T12:21:31.863941,Raspberry_Relieve1,,,37.155,0.0,0,5.64,100.0,-1,0.0,,,,,,5101,1.05,0.001652,70.394949
2026-07-09T12:21:32.864144,Raspberry_Relieve1,,,37.156,0.0,0,5.64,100.0,-1,0.0,,,,,,5102,0.93,0.00146,70.396408
2026-07-09T12:21:33.864252,Raspberry_Relieve1,,,37.155,0.0,0,5.64,100.0,-1,0.0,,,,,,5103,1.1,0.001718,70.398126
2026-07-09T12:21:34.864357,Raspberry_Relieve1,,,37.156,0.0,0,5.64,100.0,-1,0.0,,,,,,5104,1.02,0.001601,70.399728
2026-07-09T12:21:35.864497,Raspberry_Relieve1,,,37.155,0.0,0,5.64,100.0,-1,0.0,,,,,,5105,0.98,0.001542,70.401269
2026-07-09T12:21:36.864663,Raspberry_Relieve1,,,37.156,0.0,0,5.64,100.0,-1,0.0,,,,,,5106,0.98,0.001539,70.402809
2026-07-09T12:21:37.864766,Raspberry_Relieve1,,,37.155,0.0,0,5.64,100.0,-1,0.0,,,,,,5107,1.0,0.001573,70.404381
2026-07-09T12:21:38.864994,Raspberry_Relieve1,,,37.155,0.0,0,5.64,100.0,-1,0.0,,,,,,5108,0.99,0.001544,70.405926
2026-07-09T12:21:39.865085,Raspberry_Relieve1,,,37.156,0.0,0,5.64,100.0,-1,0.0,,,,,,5109,1.22,0.001909,70.407835
2026-07-09T12:21:40.865196,Raspberry_Relieve1,,,37.155,0.0,0,5.64,100.0,-1,0.0,,,,,,5110,0.84,0.001322,70.409156
2026-07-09T12:21:41.865300,Raspberry_Relieve1,,,37.154,0.0,0,5.64,100.0,-1,0.0,,,,,,5111,0.98,0.001541,70.410697
2026-07-09T12:21:42.865424,Raspberry_Relieve1,,,37.157,0.0,0,5.64,100.0,-1,0.0,,,,,,5112,0.95,0.001484,70.412182
2026-07-09T12:21:43.865515,Raspberry_Relieve1,,,37.156,0.0,0,5.64,100.0,-1,0.0,,,,,,5113,1.07,0.001679,70.413861
2026-07-09T12:21:44.865617,Raspberry_Relieve1,,,37.156,0.0,0,5.64,100.0,-1,0.0,,,,,,5114,0.97,0.001516,70.415377
2026-07-09T12:21:45.865716,Raspberry_Relieve1,,,37.155,0.0,0,5.64,100.0,-1,0.0,,,,,,5115,0.98,0.001534,70.416912
2026-07-09T12:21:46.865818,Raspberry_Relieve1,,,37.154,0.0,0,5.64,100.0,-1,0.0,,,,,,5116,0.95,0.001482,70.418393
2026-07-09T12:21:47.865919,Raspberry_Relieve1,,,37.156,0.0,0,5.64,100.0,-1,0.0,,,,,,5117,1.1,0.001727,70.42012
2026-07-09T12:21:48.866015,Raspberry_Relieve1,,,37.156,0.0,0,5.64,100.0,-1,0.0,,,,,,5118,0.91,0.00142,70.42154
2026-07-09T12:21:49.866122,Raspberry_Relieve1,,,37.156,0.0,0,5.64,100.0,-1,0.0,,,,,,5119,1.01,0.00158,70.423119
2026-07-09T12:21:50.866326,Raspberry_Relieve1,,,37.156,0.0,0,5.64,100.0,-1,0.0,,,,,,5120,0.98,0.001542,70.424661
2026-07-09T12:21:51.866424,Raspberry_Relieve1,,,37.156,0.0,0,5.64,100.0,-1,0.0,,,,,,5121,1.1,0.001723,70.426384
2026-07-09T12:21:52.866527,Raspberry_Relieve1,,,37.156,0.0,0,5.64,100.0,-1,0.0,,,,,,5122,0.96,0.001505,70.427889
2026-07-09T12:21:53.866630,Raspberry_Relieve1,,,37.155,0.0,0,5.64,100.0,-1,0.0,,,,,,5123,0.99,0.001557,70.429446
2026-07-09T12:21:54.866726,Raspberry_Relieve1,,,37.156,0.0,0,5.64,100.0,-1,0.0,,,,,,5124,1.06,0.001667,70.431113
2026-07-09T12:21:55.866815,Raspberry_Relieve1,,,37.156,0.0,0,5.64,100.0,-1,0.0,,,,,,5125,1.09,0.001709,70.432822
2026-07-09T12:21:56.867029,Raspberry_Relieve1,,,37.155,0.0,0,5.64,100.0,-1,0.0,,,,,,5126,0.8,0.001253,70.434075
2026-07-09T12:21:57.867130,Raspberry_Relieve1,,,37.155,0.0,0,5.64,100.0,-1,0.0,,,,,,5127,1.0,0.001566,70.435641
2026-07-09T12:21:58.867242,Raspberry_Relieve1,,,37.155,0.0,0,5.64,100.0,-1,0.0,,,,,,5128,1.09,0.001705,70.437346
2026-07-09T12:21:59.867343,Raspberry_Relieve1,,,37.154,0.0,0,5.64,100.0,-1,0.0,,,,,,5129,1.01,0.001588,70.438934
2026-07-09T12:22:00.867452,Raspberry_Relieve1,,,37.154,0.0,0,5.64,100.0,-1,0.0,,,,,,5130,0.95,0.001483,70.440417
2026-07-09T12:22:01.867552,Raspberry_Relieve1,,,37.155,0.0,0,5.64,100.0,-1,0.0,,,,,,5131,1.03,0.00162,70.442037
2026-07-09T12:22:02.867665,Raspberry_Relieve1,,,37.154,0.0,0,5.64,100.0,-1,0.0,,,,,,5132,1.02,0.001602,70.443639
2026-07-09T12:22:03.867771,Raspberry_Relieve1,,,37.155,0.0,0,5.64,100.0,-1,0.0,,,,,,5133,1.02,0.001599,70.445237
2026-07-09T12:22:04.867880,Raspberry_Relieve1,,,37.156,0.0,0,5.64,100.0,-1,0.0,,,,,,5134,0.96,0.001502,70.446739
2026-07-09T12:22:05.867975,Raspberry_Relieve1,,,37.155,0.0,0,5.64,100.0,-1,0.0,,,,,,5135,0.99,0.00156,70.448299
2026-07-09T12:22:06.868146,Raspberry_Relieve1,,,37.155,0.0,0,5.64,100.0,-1,0.0,,,,,,5136,1.03,0.00161,70.449909
2026-07-09T12:22:07.868257,Raspberry_Relieve1,,,37.155,0.0,0,5.64,100.0,-1,0.0,,,,,,5137,1.05,0.001645,70.451555
2026-07-09T12:22:08.868380,Raspberry_Relieve1,,,37.155,0.0,0,5.64,100.0,-1,0.0,,,,,,5138,1.01,0.00158,70.453135
2026-07-09T12:22:09.868527,Raspberry_Relieve1,,,37.154,0.0,0,5.64,100.0,-1,0.0,,,,,,5139,0.85,0.001335,70.45447
2026-07-09T12:22:10.868628,Raspberry_Relieve1,,,37.156,0.0,0,5.64,100.0,-1,0.0,,,,,,5140,1.05,0.001646,70.456116
2026-07-09T12:22:11.868732,Raspberry_Relieve1,,,37.155,0.0,0,5.64,100.0,-1,0.0,,,,,,5141,1.14,0.001787,70.457903
2026-07-09T12:22:12.868848,Raspberry_Relieve1,,,37.154,0.0,0,5.64,100.0,-1,0.0,,,,,,5142,0.86,0.001344,70.459247
2026-07-09T12:22:13.868930,Raspberry_Relieve1,,,37.154,0.0,0,5.64,100.0,-1,0.0,,,,,,5143,0.94,0.001469,70.460716
2026-07-09T12:22:14.869045,Raspberry_Relieve1,,,37.155,0.0,0,5.64,100.0,-1,0.0,,,,,,5144,1.06,0.001662,70.462379
2026-07-09T12:22:15.869139,Raspberry_Relieve1,,,37.154,0.0,0,5.64,100.0,-1,0.0,,,,,,5145,0.96,0.001497,70.463876
2026-07-09T12:22:16.869255,Raspberry_Relieve1,,,37.154,0.0,0,5.64,100.0,-1,0.0,,,,,,5146,1.05,0.001643,70.465518
2026-07-09T12:22:17.869352,Raspberry_Relieve1,,,37.154,0.0,0,5.64,100.0,-1,0.0,,,,,,5147,1.02,0.001596,70.467114
2026-07-09T12:22:18.869455,Raspberry_Relieve1,,,37.153,0.0,0,5.64,100.0,-1,0.0,,,,,,5148,0.98,0.001539,70.468653
2026-07-09T12:22:19.869540,Raspberry_Relieve1,,,37.154,0.0,0,5.64,100.0,-1,0.0,,,,,,5149,1.02,0.001597,70.47025
2026-07-09T12:22:20.869655,Raspberry_Relieve1,,,37.154,0.0,0,5.64,100.0,-1,0.0,,,,,,5150,1.02,0.001598,70.471849
2026-07-09T12:22:21.869781,Raspberry_Relieve1,,,37.154,0.0,0,5.64,100.0,-1,0.0,,,,,,5151,1.0,0.001572,70.473421
2026-07-09T12:22:22.869871,Raspberry_Relieve1,,,37.154,0.0,0,5.64,100.0,-1,0.0,,,,,,5152,0.91,0.001434,70.474855
2026-07-09T12:22:23.869983,Raspberry_Relieve1,,,37.154,0.0,0,5.64,100.0,-1,0.0,,,,,,5153,0.98,0.001543,70.476398
2026-07-09T12:22:24.870074,Raspberry_Relieve1,,,37.156,0.0,0,5.64,100.0,-1,0.0,,,,,,5154,1.08,0.00169,70.478088
2026-07-09T12:22:25.870171,Raspberry_Relieve1,,,37.155,0.0,0,5.64,100.0,-1,0.0,,,,,,5155,0.99,0.001553,70.479641
2026-07-09T12:22:26.870284,Raspberry_Relieve1,,,37.155,0.0,0,5.64,100.0,-1,0.0,,,,,,5156,1.02,0.001594,70.481235
2026-07-09T12:22:27.870378,Raspberry_Relieve1,,,37.154,0.0,0,5.64,100.0,-1,0.0,,,,,,5157,0.92,0.001447,70.482682
2026-07-09T12:22:28.870496,Raspberry_Relieve1,,,37.154,0.0,0,5.64,100.0,-1,0.0,,,,,,5158,1.05,0.001652,70.484334
2026-07-09T12:22:29.870594,Raspberry_Relieve1,,,37.155,0.0,0,5.64,100.0,-1,0.0,,,,,,5159,1.02,0.001602,70.485937
2026-07-09T12:22:30.870720,Raspberry_Relieve1,,,37.154,0.0,0,5.64,100.0,-1,0.0,,,,,,5160,0.98,0.00153,70.487467
2026-07-09T12:22:31.870822,Raspberry_Relieve1,,,37.154,0.0,0,5.64,100.0,-1,0.0,,,,,,5161,1.05,0.00164,70.489107
2026-07-09T12:22:32.870997,Raspberry_Relieve1,,,37.155,0.0,0,5.64,100.0,-1,0.0,,,,,,5162,0.96,0.001499,70.490606
2026-07-09T12:22:33.871093,Raspberry_Relieve1,,,37.155,0.0,0,5.64,100.0,-1,0.0,,,,,,5163,0.96,0.001511,70.492117
2026-07-09T12:22:34.871196,Raspberry_Relieve1,,,37.155,0.0,0,5.64,100.0,-1,0.0,,,,,,5164,1.04,0.001623,70.49374
2026-07-09T12:22:35.871298,Raspberry_Relieve1,,,37.155,0.0,0,5.64,100.0,-1,0.0,,,,,,5165,1.05,0.001641,70.495381
2026-07-09T12:22:36.871491,Raspberry_Relieve1,,,37.156,0.0,0,5.64,100.0,-1,0.0,,,,,,5166,0.87,0.001368,70.496749
2026-07-09T12:22:37.871586,Raspberry_Relieve1,,,37.156,0.0,0,5.64,100.0,-1,0.0,,,,,,5167,1.1,0.001731,70.49848
2026-07-09T12:22:38.871719,Raspberry_Relieve1,,,37.155,0.0,0,5.64,100.0,-1,0.0,,,,,,5168,1.02,0.001594,70.500075
2026-07-09T12:22:39.871835,Raspberry_Relieve1,,,37.156,0.0,0,5.64,100.0,-1,0.0,,,,,,5169,0.91,0.001432,70.501507
2026-07-09T12:22:40.871923,Raspberry_Relieve1,,,37.155,0.0,0,5.64,100.0,-1,0.0,,,,,,5170,0.98,0.001539,70.503046
2026-07-09T12:22:41.872024,Raspberry_Relieve1,,,37.155,0.0,0,5.64,100.0,-1,0.0,,,,,,5171,1.08,0.001687,70.504733
2026-07-09T12:22:42.872127,Raspberry_Relieve1,,,37.154,0.0,0,5.64,100.0,-1,0.0,,,,,,5172,1.0,0.001571,70.506304
2026-07-09T12:22:43.872230,Raspberry_Relieve1,,,37.154,0.0,0,5.64,100.0,-1,0.0,,,,,,5173,1.03,0.001607,70.507912
2026-07-09T12:22:44.872352,Raspberry_Relieve1,,,37.154,0.0,0,5.64,100.0,-1,0.0,,,,,,5174,1.0,0.001565,70.509477
2026-07-09T12:22:45.872511,Raspberry_Relieve1,,,37.154,0.0,0,5.64,100.0,-1,0.0,,,,,,5175,1.0,0.001571,70.511048
2026-07-09T12:22:46.872582,Raspberry_Relieve1,,,37.155,0.0,0,5.64,100.0,-1,0.0,,,,,,5176,0.96,0.001503,70.512551
2026-07-09T12:22:47.872683,Raspberry_Relieve1,,,37.154,0.0,0,5.64,100.0,-1,0.0,,,,,,5177,1.04,0.001636,70.514187
2026-07-09T12:22:48.872809,Raspberry_Relieve1,,,37.155,0.0,0,5.64,100.0,-1,0.0,,,,,,5178,0.9,0.001406,70.515593
2026-07-09T12:22:49.872899,Raspberry_Relieve1,,,37.154,0.0,0,5.64,100.0,-1,0.0,,,,,,5179,1.1,0.00173,70.517324
2026-07-09T12:22:50.873003,Raspberry_Relieve1,,,37.157,0.0,0,5.64,100.0,-1,0.0,,,,,,5180,0.91,0.001427,70.51875
2026-07-09T12:22:51.873108,Raspberry_Relieve1,,,37.154,0.0,0,5.64,100.0,-1,0.0,,,,,,5181,1.08,0.001694,70.520445
2026-07-09T12:22:52.873220,Raspberry_Relieve1,,,37.154,0.0,0,5.64,100.0,-1,0.0,,,,,,5182,0.9,0.001411,70.521855
2026-07-09T12:22:53.873344,Raspberry_Relieve1,,,37.155,0.0,0,5.64,100.0,-1,0.0,,,,,,5183,1.08,0.001697,70.523552
2026-07-09T12:22:54.873454,Raspberry_Relieve1,,,37.156,0.0,0,5.64,100.0,-1,0.0,,,,,,5184,1.02,0.001591,70.525144
2026-07-09T12:22:55.873558,Raspberry_Relieve1,,,37.157,0.0,0,5.64,100.0,-1,0.0,,,,,,5185,1.0,0.001571,70.526715
2026-07-09T12:22:56.873675,Raspberry_Relieve1,,,37.156,0.0,0,5.64,100.0,-1,0.0,,,,,,5186,0.97,0.001519,70.528234
2026-07-09T12:22:57.873788,Raspberry_Relieve1,,,37.155,0.0,0,5.64,100.0,-1,0.0,,,,,,5187,1.02,0.001592,70.529826
2026-07-09T12:22:58.873882,Raspberry_Relieve1,,,37.155,0.0,0,5.64,100.0,-1,0.0,,,,,,5188,0.98,0.001539,70.531365
2026-07-09T12:22:59.873982,Raspberry_Relieve1,,,37.154,0.0,0,5.64,100.0,-1,0.0,,,,,,5189,1.03,0.001617,70.532981
2026-07-09T12:23:00.874093,Raspberry_Relieve1,,,37.155,0.0,0,5.64,100.0,-1,0.0,,,,,,5190,1.0,0.00157,70.534552
2026-07-09T12:23:01.874198,Raspberry_Relieve1,,,37.154,0.0,0,5.64,100.0,-1,0.0,,,,,,5191,0.88,0.001377,70.535929
2026-07-09T12:23:02.874311,Raspberry_Relieve1,,,37.155,0.0,0,5.64,100.0,-1,0.0,,,,,,5192,1.01,0.001576,70.537505
2026-07-09T12:23:03.874430,Raspberry_Relieve1,,,37.154,0.0,0,5.64,100.0,-1,0.0,,,,,,5193,1.03,0.001622,70.539127
2026-07-09T12:23:04.874535,Raspberry_Relieve1,,,37.154,0.0,0,5.64,100.0,-1,0.0,,,,,,5194,0.98,0.001536,70.540663
2026-07-09T12:23:05.874646,Raspberry_Relieve1,,,37.154,0.0,0,5.64,100.0,-1,0.0,,,,,,5195,1.0,0.001572,70.542235
2026-07-09T12:23:06.874776,Raspberry_Relieve1,,,37.154,0.0,0,5.64,100.0,-1,0.0,,,,,,5196,1.09,0.001707,70.543942
2026-07-09T12:23:07.874866,Raspberry_Relieve1,,,37.154,0.0,0,5.64,100.0,-1,0.0,,,,,,5197,1.03,0.001615,70.545557
2026-07-09T12:23:08.874993,Raspberry_Relieve1,,,37.156,0.0,0,5.64,100.0,-1,0.0,,,,,,5198,0.97,0.001525,70.547082
2026-07-09T12:23:09.875086,Raspberry_Relieve1,,,37.156,0.0,0,5.64,100.0,-1,0.0,,,,,,5199,1.01,0.001578,70.54866
2026-07-09T12:23:10.875236,Raspberry_Relieve1,,,37.156,0.0,0,5.64,100.0,-1,0.0,,,,,,5200,0.98,0.001544,70.550204
2026-07-09T12:23:11.875333,Raspberry_Relieve1,,,37.155,0.0,0,5.64,100.0,-1,0.0,,,,,,5201,1.01,0.001587,70.55179
2026-07-09T12:23:12.875467,Raspberry_Relieve1,,,37.154,0.0,0,5.64,100.0,-1,0.0,,,,,,5202,0.97,0.001527,70.553317
2026-07-09T12:23:13.875564,Raspberry_Relieve1,,,37.153,0.0,0,5.64,100.0,-1,0.0,,,,,,5203,1.01,0.001578,70.554896
2026-07-09T12:23:14.875680,Raspberry_Relieve1,,,37.155,0.0,0,5.64,100.0,-1,0.0,,,,,,5204,1.01,0.00159,70.556486
2026-07-09T12:23:15.875798,Raspberry_Relieve1,,,37.154,0.0,0,5.64,100.0,-1,0.0,,,,,,5205,1.01,0.001577,70.558063
2026-07-09T12:23:16.875898,Raspberry_Relieve1,,,37.155,0.0,0,5.64,100.0,-1,0.0,,,,,,5206,1.05,0.001647,70.55971
2026-07-09T12:23:17.876003,Raspberry_Relieve1,,,37.154,0.0,0,5.64,100.0,-1,0.0,,,,,,5207,0.97,0.001527,70.561238
2026-07-09T12:23:18.876119,Raspberry_Relieve1,,,37.153,0.0,0,5.64,100.0,-1,0.0,,,,,,5208,0.97,0.001521,70.562758
2026-07-09T12:23:19.876228,Raspberry_Relieve1,,,37.153,0.0,0,5.64,100.0,-1,0.0,,,,,,5209,1.11,0.001744,70.564502
2026-07-09T12:23:20.876347,Raspberry_Relieve1,,,37.155,0.0,0,5.64,100.0,-1,0.0,,,,,,5210,0.92,0.001441,70.565943
2026-07-09T12:23:21.876516,Raspberry_Relieve1,,,37.154,0.0,0,5.64,100.0,-1,0.0,,,,,,5211,1.05,0.001639,70.567582
2026-07-09T12:23:22.876568,Raspberry_Relieve1,,,37.154,0.0,0,5.64,100.0,-1,0.0,,,,,,5212,0.97,0.001514,70.569096
2026-07-09T12:23:23.876681,Raspberry_Relieve1,,,37.155,0.0,0,5.64,100.0,-1,0.0,,,,,,5213,1.14,0.001791,70.570887
2026-07-09T12:23:24.876792,Raspberry_Relieve1,,,37.154,0.0,0,5.64,100.0,-1,0.0,,,,,,5214,1.04,0.001628,70.572515
2026-07-09T12:23:25.876891,Raspberry_Relieve1,,,37.154,0.0,0,5.64,100.0,-1,0.0,,,,,,5215,0.81,0.001267,70.573782
2026-07-09T12:23:26.877001,Raspberry_Relieve1,,,37.154,0.0,0,5.64,100.0,-1,0.0,,,,,,5216,1.0,0.001568,70.575351
2026-07-09T12:23:27.877099,Raspberry_Relieve1,,,37.154,0.0,0,5.64,100.0,-1,0.0,,,,,,5217,0.98,0.001544,70.576894
2026-07-09T12:23:28.877222,Raspberry_Relieve1,,,37.154,0.0,0,5.64,100.0,-1,0.0,,,,,,5218,0.89,0.001391,70.578286
2026-07-09T12:23:29.877326,Raspberry_Relieve1,,,37.157,0.0,0,5.64,100.0,-1,0.0,,,,,,5219,1.09,0.001709,70.579994
2026-07-09T12:23:30.877449,Raspberry_Relieve1,,,37.154,0.0,0,5.64,100.0,-1,0.0,,,,,,5220,1.01,0.001587,70.581582
2026-07-09T12:23:31.877555,Raspberry_Relieve1,,,37.154,0.0,0,5.64,100.0,-1,0.0,,,,,,5221,0.94,0.001466,70.583048
2026-07-09T12:23:32.877670,Raspberry_Relieve1,,,37.154,0.0,0,5.64,100.0,-1,0.0,,,,,,5222,1.06,0.001669,70.584717
2026-07-09T12:23:33.877798,Raspberry_Relieve1,,,37.152,0.0,0,5.64,100.0,-1,0.0,,,,,,5223,0.93,0.001452,70.58617
2026-07-09T12:23:34.877903,Raspberry_Relieve1,,,37.154,0.0,0,5.64,100.0,-1,0.0,,,,,,5224,0.98,0.001534,70.587703
2026-07-09T12:23:35.878006,Raspberry_Relieve1,,,37.154,0.0,0,5.64,100.0,-1,0.0,,,,,,5225,1.11,0.001739,70.589442
2026-07-09T12:23:36.878118,Raspberry_Relieve1,,,37.155,0.0,0,5.64,100.0,-1,0.0,,,,,,5226,0.96,0.001511,70.590953
2026-07-09T12:23:37.878228,Raspberry_Relieve1,,,37.156,0.0,0,5.64,100.0,-1,0.0,,,,,,5227,1.06,0.001657,70.59261
2026-07-09T12:23:38.878362,Raspberry_Relieve1,,,37.155,0.0,0,5.64,100.0,-1,0.0,,,,,,5228,0.86,0.001351,70.593961
2026-07-09T12:23:39.878473,Raspberry_Relieve1,,,37.155,0.0,0,5.64,100.0,-1,0.0,,,,,,5229,1.09,0.001706,70.595667
2026-07-09T12:23:40.878594,Raspberry_Relieve1,,,37.155,0.0,0,5.64,100.0,-1,0.0,,,,,,5230,1.02,0.0016,70.597267
2026-07-09T12:23:41.878679,Raspberry_Relieve1,,,37.155,0.0,0,5.64,100.0,-1,0.0,,,,,,5231,0.99,0.001554,70.59882
2026-07-09T12:23:42.878822,Raspberry_Relieve1,,,37.155,0.0,0,5.64,100.0,-1,0.0,,,,,,5232,0.95,0.001487,70.600308
2026-07-09T12:23:43.878906,Raspberry_Relieve1,,,37.156,0.0,0,5.64,100.0,-1,0.0,,,,,,5233,1.14,0.001793,70.6021
2026-07-09T12:23:44.879038,Raspberry_Relieve1,,,37.154,0.0,0,5.64,100.0,-1,0.0,,,,,,5234,0.87,0.001362,70.603462
2026-07-09T12:23:45.879132,Raspberry_Relieve1,,,37.155,0.0,0,5.64,100.0,-1,0.0,,,,,,5235,1.01,0.00159,70.605052
2026-07-09T12:23:46.879252,Raspberry_Relieve1,,,37.155,0.0,0,5.64,100.0,-1,0.0,,,,,,5236,0.95,0.001486,70.606538
2026-07-09T12:23:47.879355,Raspberry_Relieve1,,,37.155,0.0,0,5.64,100.0,-1,0.0,,,,,,5237,0.99,0.001546,70.608084
2026-07-09T12:23:48.879473,Raspberry_Relieve1,,,37.155,0.0,0,5.64,100.0,-1,0.0,,,,,,5238,1.09,0.001711,70.609795
2026-07-09T12:23:49.879582,Raspberry_Relieve1,,,37.156,0.0,0,5.64,100.0,-1,0.0,,,,,,5239,0.9,0.001409,70.611204
2026-07-09T12:23:50.879702,Raspberry_Relieve1,,,37.155,0.0,0,5.64,100.0,-1,0.0,,,,,,5240,1.0,0.00156,70.612764
2026-07-09T12:23:51.879819,Raspberry_Relieve1,,,37.155,0.0,0,5.64,100.0,-1,0.0,,,,,,5241,1.08,0.0017,70.614464
2026-07-09T12:23:52.879925,Raspberry_Relieve1,,,37.156,0.0,0,5.64,100.0,-1,0.0,,,,,,5242,0.99,0.001557,70.616021
2026-07-09T12:23:53.880050,Raspberry_Relieve1,,,37.157,0.0,0,5.64,100.0,-1,0.0,,,,,,5243,0.93,0.001455,70.617476
2026-07-09T12:23:54.880148,Raspberry_Relieve1,,,37.156,0.0,0,5.64,100.0,-1,0.0,,,,,,5244,1.1,0.00172,70.619196
2026-07-09T12:23:55.880266,Raspberry_Relieve1,,,37.154,0.0,0,5.64,100.0,-1,0.0,,,,,,5245,0.97,0.001514,70.62071
2026-07-09T12:23:56.880376,Raspberry_Relieve1,,,37.155,0.0,0,5.64,100.0,-1,0.0,,,,,,5246,0.94,0.00147,70.62218
2026-07-09T12:23:57.880525,Raspberry_Relieve1,,,37.154,0.0,0,5.64,100.0,-1,0.0,,,,,,5247,1.05,0.001639,70.623819
2026-07-09T12:23:58.880645,Raspberry_Relieve1,,,37.154,0.0,0,5.64,100.0,-1,0.0,,,,,,5248,1.02,0.001598,70.625417
2026-07-09T12:23:59.880754,Raspberry_Relieve1,,,37.155,0.0,0,5.64,100.0,-1,0.0,,,,,,5249,0.93,0.001462,70.626879
2026-07-09T12:24:00.880885,Raspberry_Relieve1,,,37.154,0.0,0,5.64,100.0,-1,0.0,,,,,,5250,1.07,0.00168,70.628559
2026-07-09T12:24:01.880995,Raspberry_Relieve1,,,37.154,0.0,0,5.64,100.0,-1,0.0,,,,,,5251,1.04,0.001637,70.630196
2026-07-09T12:24:02.881117,Raspberry_Relieve1,,,37.154,0.0,0,5.64,100.0,-1,0.0,,,,,,5252,1.03,0.001621,70.631817
2026-07-09T12:24:03.881224,Raspberry_Relieve1,,,37.154,0.0,0,5.64,100.0,-1,0.0,,,,,,5253,1.07,0.00167,70.633486
2026-07-09T12:24:04.881347,Raspberry_Relieve1,,,37.155,0.0,0,5.64,100.0,-1,0.0,,,,,,5254,0.97,0.001519,70.635005
2026-07-09T12:24:05.881459,Raspberry_Relieve1,,,37.154,0.0,0,5.64,100.0,-1,0.0,,,,,,5255,0.89,0.001395,70.6364
2026-07-09T12:24:06.881585,Raspberry_Relieve1,,,37.155,0.0,0,5.64,100.0,-1,0.0,,,,,,5256,0.93,0.001459,70.637859
2026-07-09T12:24:07.881696,Raspberry_Relieve1,,,37.156,0.0,0,5.64,100.0,-1,0.0,,,,,,5257,1.1,0.001719,70.639578
2026-07-09T12:24:08.881811,Raspberry_Relieve1,,,37.155,0.0,0,5.64,100.0,-1,0.0,,,,,,5258,0.92,0.001445,70.641022
2026-07-09T12:24:09.881922,Raspberry_Relieve1,,,37.154,0.0,0,5.64,100.0,-1,0.0,,,,,,5259,1.07,0.001682,70.642705
2026-07-09T12:24:10.882034,Raspberry_Relieve1,,,37.155,0.0,0,5.64,100.0,-1,0.0,,,,,,5260,0.96,0.001513,70.644217
2026-07-09T12:24:11.882150,Raspberry_Relieve1,,,37.155,0.0,0,5.64,100.0,-1,0.0,,,,,,5261,1.03,0.001616,70.645833
2026-07-09T12:24:12.882266,Raspberry_Relieve1,,,37.154,0.0,0,5.64,100.0,-1,0.0,,,,,,5262,0.94,0.001469,70.647302
2026-07-09T12:24:13.882383,Raspberry_Relieve1,,,37.154,0.0,0,5.64,100.0,-1,0.0,,,,,,5263,0.99,0.001553,70.648855
2026-07-09T12:24:14.882485,Raspberry_Relieve1,,,37.154,0.0,0,5.64,100.0,-1,0.0,,,,,,5264,0.99,0.001557,70.650412
2026-07-09T12:24:15.882602,Raspberry_Relieve1,,,37.153,0.0,0,5.64,100.0,-1,0.0,,,,,,5265,1.09,0.001716,70.652128
2026-07-09T12:24:16.882722,Raspberry_Relieve1,,,37.154,0.0,0,5.64,100.0,-1,0.0,,,,,,5266,0.97,0.001515,70.653643
2026-07-09T12:24:17.882830,Raspberry_Relieve1,,,37.155,0.0,0,5.64,100.0,-1,0.0,,,,,,5267,0.94,0.001478,70.655121
2026-07-09T12:24:18.882956,Raspberry_Relieve1,,,37.153,0.0,0,5.64,100.0,-1,0.0,,,,,,5268,1.0,0.001561,70.656682
2026-07-09T12:24:19.883053,Raspberry_Relieve1,,,37.154,0.0,0,5.64,100.0,-1,0.0,,,,,,5269,1.0,0.001567,70.658249
2026-07-09T12:24:20.883171,Raspberry_Relieve1,,,37.154,0.0,0,5.64,100.0,-1,0.0,,,,,,5270,1.08,0.001695,70.659944
2026-07-09T12:24:21.883274,Raspberry_Relieve1,,,37.153,0.0,0,5.64,100.0,-1,0.0,,,,,,5271,1.08,0.00169,70.661634
2026-07-09T12:24:22.883396,Raspberry_Relieve1,,,37.154,0.0,0,5.64,100.0,-1,0.0,,,,,,5272,0.91,0.001433,70.663068
2026-07-09T12:24:23.883510,Raspberry_Relieve1,,,37.154,0.0,0,5.64,100.0,-1,0.0,,,,,,5273,1.03,0.001608,70.664676
2026-07-09T12:24:24.883622,Raspberry_Relieve1,,,37.155,0.0,0,5.64,100.0,-1,0.0,,,,,,5274,0.94,0.001468,70.666144
2026-07-09T12:24:25.883725,Raspberry_Relieve1,,,37.154,0.0,0,5.64,100.0,-1,0.0,,,,,,5275,1.06,0.001658,70.667802
2026-07-09T12:24:26.883835,Raspberry_Relieve1,,,37.157,0.0,0,5.64,100.0,-1,0.0,,,,,,5276,0.9,0.001412,70.669214
2026-07-09T12:24:27.883963,Raspberry_Relieve1,,,37.156,0.0,0,5.64,100.0,-1,0.0,,,,,,5277,1.09,0.001707,70.670921
2026-07-09T12:24:28.884074,Raspberry_Relieve1,,,37.156,0.0,0,5.64,100.0,-1,0.0,,,,,,5278,1.17,0.001836,70.672757
2026-07-09T12:24:29.884178,Raspberry_Relieve1,,,37.154,0.0,0,5.64,100.0,-1,0.0,,,,,,5279,0.81,0.001264,70.674021
2026-07-09T12:24:30.884289,Raspberry_Relieve1,,,37.154,0.0,0,5.64,100.0,-1,0.0,,,,,,5280,1.06,0.001661,70.675682
2026-07-09T12:24:31.884400,Raspberry_Relieve1,,,37.152,0.0,0,5.64,100.0,-1,0.0,,,,,,5281,0.96,0.001501,70.677183
2026-07-09T12:24:32.884533,Raspberry_Relieve1,,,37.155,0.0,0,5.64,100.0,-1,0.0,,,,,,5282,0.92,0.001444,70.678627
2026-07-09T12:24:33.884650,Raspberry_Relieve1,,,37.155,0.0,0,5.64,100.0,-1,0.0,,,,,,5283,1.01,0.001579,70.680206
2026-07-09T12:24:34.884847,Raspberry_Relieve1,,,37.154,0.0,0,5.64,100.0,-1,0.0,,,,,,5284,1.0,0.001571,70.681777
2026-07-09T12:24:35.884876,Raspberry_Relieve1,,,37.153,0.0,0,5.64,100.0,-1,0.0,,,,,,5285,0.98,0.001541,70.683318
2026-07-09T12:24:36.885003,Raspberry_Relieve1,,,37.154,0.0,0,5.64,100.0,-1,0.0,,,,,,5286,1.09,0.001714,70.685032
2026-07-09T12:24:37.885115,Raspberry_Relieve1,,,37.153,0.0,0,5.64,100.0,-1,0.0,,,,,,5287,0.96,0.001502,70.686534
2026-07-09T12:24:38.885230,Raspberry_Relieve1,,,37.153,0.0,0,5.64,100.0,-1,0.0,,,,,,5288,0.98,0.001534,70.688068
2026-07-09T12:24:39.885334,Raspberry_Relieve1,,,37.154,0.0,0,5.64,100.0,-1,0.0,,,,,,5289,1.1,0.001724,70.689792
2026-07-09T12:24:40.885449,Raspberry_Relieve1,,,37.155,0.0,0,5.64,100.0,-1,0.0,,,,,,5290,1.03,0.001615,70.691407
2026-07-09T12:24:41.885555,Raspberry_Relieve1,,,37.151,0.0,0,5.64,100.0,-1,0.0,,,,,,5291,0.94,0.001468,70.692875
2026-07-09T12:24:42.885672,Raspberry_Relieve1,,,37.152,0.0,0,5.64,100.0,-1,0.0,,,,,,5292,0.96,0.00151,70.694386
2026-07-09T12:24:43.885788,Raspberry_Relieve1,,,37.154,0.0,0,5.64,100.0,-1,0.0,,,,,,5293,1.04,0.001625,70.69601
2026-07-09T12:24:44.885892,Raspberry_Relieve1,,,37.154,0.0,0,5.64,100.0,-1,0.0,,,,,,5294,1.04,0.001636,70.697646
2026-07-09T12:24:45.886016,Raspberry_Relieve1,,,37.154,0.0,0,5.64,100.0,-1,0.0,,,,,,5295,0.89,0.00139,70.699036
2026-07-09T12:24:46.886127,Raspberry_Relieve1,,,37.154,0.0,0,5.64,100.0,-1,0.0,,,,,,5296,0.97,0.001518,70.700554
2026-07-09T12:24:47.886225,Raspberry_Relieve1,,,37.155,0.0,0,5.64,100.0,-1,0.0,,,,,,5297,1.08,0.001686,70.70224
2026-07-09T12:24:48.886366,Raspberry_Relieve1,,,37.153,0.0,0,5.64,100.0,-1,0.0,,,,,,5298,0.97,0.001526,70.703766
2026-07-09T12:24:49.886473,Raspberry_Relieve1,,,37.153,0.0,0,5.64,100.0,-1,0.0,,,,,,5299,1.08,0.001691,70.705457
2026-07-09T12:24:50.886590,Raspberry_Relieve1,,,37.154,0.0,0,5.64,100.0,-1,0.0,,,,,,5300,0.91,0.001425,70.706882
2026-07-09T12:24:51.886685,Raspberry_Relieve1,,,37.154,0.0,0,5.64,100.0,-1,0.0,,,,,,5301,0.98,0.001529,70.708411
2026-07-09T12:24:52.886802,Raspberry_Relieve1,,,37.153,0.0,0,5.64,100.0,-1,0.0,,,,,,5302,1.09,0.001704,70.710116
2026-07-09T12:24:53.886911,Raspberry_Relieve1,,,37.151,0.0,0,5.64,100.0,-1,0.0,,,,,,5303,0.93,0.001455,70.711571
2026-07-09T12:24:54.887057,Raspberry_Relieve1,,,37.153,0.0,0,5.64,100.0,-1,0.0,,,,,,5304,1.1,0.001722,70.713293
2026-07-09T12:24:55.887170,Raspberry_Relieve1,,,37.151,0.0,0,5.64,100.0,-1,0.0,,,,,,5305,0.93,0.001453,70.714746
2026-07-09T12:24:56.887282,Raspberry_Relieve1,,,37.151,0.0,0,5.64,100.0,-1,0.0,,,,,,5306,1.03,0.001608,70.716354
2026-07-09T12:24:57.887386,Raspberry_Relieve1,,,37.151,0.0,0,5.64,100.0,-1,0.0,,,,,,5307,1.04,0.001624,70.717978
2026-07-09T12:24:58.887503,Raspberry_Relieve1,,,37.15,0.0,0,5.64,100.0,-1,0.0,,,,,,5308,0.89,0.001398,70.719376
2026-07-09T12:24:59.887599,Raspberry_Relieve1,,,37.149,0.0,0,5.64,100.0,-1,0.0,,,,,,5309,1.04,0.001636,70.721013
2026-07-09T12:25:00.887713,Raspberry_Relieve1,,,37.151,0.0,0,5.64,100.0,-1,0.0,,,,,,5310,0.98,0.001535,70.722548
2026-07-09T12:25:01.887816,Raspberry_Relieve1,,,37.153,0.0,0,5.64,100.0,-1,0.0,,,,,,5311,1.1,0.00172,70.724268
2026-07-09T12:25:02.887919,Raspberry_Relieve1,,,37.153,0.0,0,5.64,100.0,-1,0.0,,,,,,5312,0.96,0.001501,70.725769
2026-07-09T12:25:03.888021,Raspberry_Relieve1,,,37.153,0.0,0,5.64,100.0,-1,0.0,,,,,,5313,0.92,0.001442,70.727211
2026-07-09T12:25:04.888134,Raspberry_Relieve1,,,37.152,0.0,0,5.64,100.0,-1,0.0,,,,,,5314,1.0,0.00156,70.728771
2026-07-09T12:25:05.888240,Raspberry_Relieve1,,,37.152,0.0,0,5.64,100.0,-1,0.0,,,,,,5315,1.09,0.001709,70.730479
2026-07-09T12:25:06.888340,Raspberry_Relieve1,,,37.154,0.0,0,5.64,100.0,-1,0.0,,,,,,5316,0.92,0.001446,70.731926
2026-07-09T12:25:07.888462,Raspberry_Relieve1,,,37.151,0.0,0,5.64,100.0,-1,0.0,,,,,,5317,1.08,0.001697,70.733623
2026-07-09T12:25:08.888547,Raspberry_Relieve1,,,37.153,0.0,0,5.64,100.0,-1,0.0,,,,,,5318,0.89,0.0014,70.735023
2026-07-09T12:25:09.888760,Raspberry_Relieve1,,,37.152,0.0,0,5.64,100.0,-1,0.0,,,,,,5319,1.09,0.001711,70.736735
2026-07-09T12:25:10.888861,Raspberry_Relieve1,,,37.151,0.0,0,5.64,100.0,-1,0.0,,,,,,5320,1.06,0.001658,70.738393
2026-07-09T12:25:11.888973,Raspberry_Relieve1,,,37.153,0.0,0,5.64,100.0,-1,0.0,,,,,,5321,0.86,0.001343,70.739736
2026-07-09T12:25:12.889076,Raspberry_Relieve1,,,37.151,0.0,0,5.64,100.0,-1,0.0,,,,,,5322,1.12,0.001755,70.741492
2026-07-09T12:25:13.889171,Raspberry_Relieve1,,,37.153,0.0,0,5.64,100.0,-1,0.0,,,,,,5323,0.99,0.001554,70.743046
2026-07-09T12:25:14.889272,Raspberry_Relieve1,,,37.153,0.0,0,5.64,100.0,-1,0.0,,,,,,5324,1.08,0.001698,70.744744
2026-07-09T12:25:15.889390,Raspberry_Relieve1,,,37.153,0.0,0,5.64,100.0,-1,0.0,,,,,,5325,0.92,0.001437,70.746181
2026-07-09T12:25:16.889495,Raspberry_Relieve1,,,37.152,0.0,0,5.64,100.0,-1,0.0,,,,,,5326,0.98,0.001535,70.747717
2026-07-09T12:25:17.889606,Raspberry_Relieve1,,,37.15,0.0,0,5.64,100.0,-1,0.0,,,,,,5327,1.05,0.001639,70.749356
2026-07-09T12:25:18.889702,Raspberry_Relieve1,,,37.151,0.0,0,5.64,100.0,-1,0.0,,,,,,5328,0.94,0.001477,70.750832
2026-07-09T12:25:19.889804,Raspberry_Relieve1,,,37.152,0.0,0,5.64,100.0,-1,0.0,,,,,,5329,0.92,0.001444,70.752276
2026-07-09T12:25:20.890808,Raspberry_Relieve1,,,37.151,0.0,0,5.64,100.0,-1,0.0,,,,,,5330,1.08,0.001694,70.75397
2026-07-09T12:25:21.890840,Raspberry_Relieve1,,,37.151,0.0,0,5.64,100.0,-1,0.0,,,,,,5331,1.01,0.001589,70.755559
2026-07-09T12:25:22.891004,Raspberry_Relieve1,,,37.146,0.0,0,5.64,100.0,-1,0.0,,,,,,5332,1.0,0.001566,70.757125
2026-07-09T12:25:23.891240,Raspberry_Relieve1,,,37.141,0.0,0,5.64,100.0,-1,0.0,,,,,,5333,1.01,0.001583,70.758707
2026-07-09T12:25:24.891329,Raspberry_Relieve1,,,37.142,0.0,0,5.64,100.0,-1,0.0,,,,,,5334,0.99,0.001551,70.760259
2026-07-09T12:25:25.891404,Raspberry_Relieve1,,,37.147,0.0,0,5.64,100.0,-1,0.0,,,,,,5335,1.02,0.001604,70.761863
2026-07-09T12:25:26.891483,Raspberry_Relieve1,,,37.148,0.0,0,5.64,100.0,-1,0.0,,,,,,5336,0.88,0.001382,70.763245
2026-07-09T12:25:27.891577,Raspberry_Relieve1,,,37.15,0.0,0,5.64,100.0,-1,0.0,,,,,,5337,1.07,0.001674,70.764918
2026-07-09T12:25:28.891661,Raspberry_Relieve1,,,37.148,0.0,0,5.64,100.0,-1,0.0,,,,,,5338,1.0,0.001569,70.766487
2026-07-09T12:25:29.891740,Raspberry_Relieve1,,,37.148,0.0,0,5.64,100.0,-1,0.0,,,,,,5339,1.12,0.001757,70.768244
2026-07-09T12:25:30.891816,Raspberry_Relieve1,,,37.151,0.0,0,5.64,100.0,-1,0.0,,,,,,5340,0.82,0.00129,70.769534
2026-07-09T12:25:31.891896,Raspberry_Relieve1,,,37.149,0.0,0,5.64,100.0,-1,0.0,,,,,,5341,1.09,0.001709,70.771244
2026-07-09T12:25:32.891977,Raspberry_Relieve1,,,37.151,0.0,0,5.64,100.0,-1,0.0,,,,,,5342,0.98,0.001543,70.772787
2026-07-09T12:25:33.892057,Raspberry_Relieve1,,,37.149,0.0,0,5.64,100.0,-1,0.0,,,,,,5343,1.02,0.001596,70.774383
2026-07-09T12:25:34.892137,Raspberry_Relieve1,,,37.15,0.0,0,5.64,100.0,-1,0.0,,,,,,5344,0.9,0.001409,70.775792
2026-07-09T12:25:35.892217,Raspberry_Relieve1,,,37.148,0.0,0,5.64,100.0,-1,0.0,,,,,,5345,1.13,0.001773,70.777565
2026-07-09T12:25:36.892332,Raspberry_Relieve1,,,37.149,0.0,0,5.64,100.0,-1,0.0,,,,,,5346,0.99,0.001552,70.779117
2026-07-09T12:25:37.892454,Raspberry_Relieve1,,,37.151,0.0,0,5.64,100.0,-1,0.0,,,,,,5347,0.99,0.001552,70.780668
2026-07-09T12:25:38.892534,Raspberry_Relieve1,,,37.15,0.0,0,5.64,100.0,-1,0.0,,,,,,5348,0.9,0.001412,70.78208
2026-07-09T12:25:39.892631,Raspberry_Relieve1,,,37.15,0.0,0,5.64,100.0,-1,0.0,,,,,,5349,1.06,0.001665,70.783744
2026-07-09T12:25:40.892736,Raspberry_Relieve1,,,37.151,0.0,0,5.64,100.0,-1,0.0,,,,,,5350,1.02,0.001598,70.785343
2026-07-09T12:25:41.892830,Raspberry_Relieve1,,,37.149,0.0,0,5.64,100.0,-1,0.0,,,,,,5351,0.96,0.001498,70.78684
2026-07-09T12:25:42.892932,Raspberry_Relieve1,,,37.15,0.0,0,5.64,100.0,-1,0.0,,,,,,5352,1.0,0.001575,70.788415
2026-07-09T12:25:43.893052,Raspberry_Relieve1,,,37.149,0.0,0,5.64,100.0,-1,0.0,,,,,,5353,1.01,0.001589,70.790004
2026-07-09T12:25:44.893151,Raspberry_Relieve1,,,37.149,0.0,0,5.64,100.0,-1,0.0,,,,,,5354,1.08,0.001692,70.791696
2026-07-09T12:25:45.893247,Raspberry_Relieve1,,,37.151,0.0,0,5.64,100.0,-1,0.0,,,,,,5355,0.97,0.001524,70.79322
2026-07-09T12:25:46.893349,Raspberry_Relieve1,,,37.149,0.0,0,5.64,100.0,-1,0.0,,,,,,5356,0.89,0.001396,70.794617
2026-07-09T12:25:47.893457,Raspberry_Relieve1,,,37.15,0.0,0,5.64,100.0,-1,0.0,,,,,,5357,1.0,0.001571,70.796187
2026-07-09T12:25:48.893560,Raspberry_Relieve1,,,37.151,0.0,0,5.64,100.0,-1,0.0,,,,,,5358,1.03,0.001616,70.797803
2026-07-09T12:25:49.893670,Raspberry_Relieve1,,,37.151,0.0,0,5.64,100.0,-1,0.0,,,,,,5359,0.99,0.001549,70.799352
2026-07-09T12:25:50.893764,Raspberry_Relieve1,,,37.151,0.0,0,5.64,100.0,-1,0.0,,,,,,5360,1.05,0.001647,70.800999
2026-07-09T12:25:51.893861,Raspberry_Relieve1,,,37.152,0.0,0,5.64,100.0,-1,0.0,,,,,,5361,0.94,0.001469,70.802468
2026-07-09T12:25:52.894067,Raspberry_Relieve1,,,37.151,0.0,0,5.64,100.0,-1,0.0,,,,,,5362,1.09,0.001709,70.804178
2026-07-09T12:25:53.894168,Raspberry_Relieve1,,,37.15,0.0,0,5.64,100.0,-1,0.0,,,,,,5363,0.91,0.001434,70.805611
2026-07-09T12:25:54.894278,Raspberry_Relieve1,,,37.15,0.0,0,5.64,100.0,-1,0.0,,,,,,5364,1.09,0.00171,70.807321
2026-07-09T12:25:55.894366,Raspberry_Relieve1,,,37.151,0.0,0,5.64,100.0,-1,0.0,,,,,,5365,1.0,0.001566,70.808887
2026-07-09T12:25:56.894470,Raspberry_Relieve1,,,37.15,0.0,0,5.64,100.0,-1,0.0,,,,,,5366,1.0,0.001572,70.810459
2026-07-09T12:25:57.894592,Raspberry_Relieve1,,,37.15,0.0,0,5.64,100.0,-1,0.0,,,,,,5367,0.99,0.001555,70.812014
2026-07-09T12:25:58.894689,Raspberry_Relieve1,,,37.149,0.0,0,5.64,100.0,-1,0.0,,,,,,5368,0.98,0.001535,70.813548
2026-07-09T12:25:59.894797,Raspberry_Relieve1,,,37.15,0.0,0,5.64,100.0,-1,0.0,,,,,,5369,0.93,0.001461,70.81501
2026-07-09T12:26:00.894875,Raspberry_Relieve1,,,37.151,0.0,0,5.64,100.0,-1,0.0,,,,,,5370,1.09,0.001715,70.816725
2026-07-09T12:26:01.894955,Raspberry_Relieve1,,,37.15,0.0,0,5.64,100.0,-1,0.0,,,,,,5371,1.0,0.001575,70.818301
2026-07-09T12:26:02.895040,Raspberry_Relieve1,,,37.148,0.0,0,5.64,100.0,-1,0.0,,,,,,5372,0.95,0.001482,70.819782
2026-07-09T12:26:03.895121,Raspberry_Relieve1,,,37.148,0.0,0,5.64,100.0,-1,0.0,,,,,,5373,0.96,0.001498,70.821281
2026-07-09T12:26:04.895210,Raspberry_Relieve1,,,37.15,0.0,0,5.64,100.0,-1,0.0,,,,,,5374,1.09,0.001711,70.822991
2026-07-09T12:26:05.895321,Raspberry_Relieve1,,,37.15,0.0,0,5.64,100.0,-1,0.0,,,,,,5375,1.02,0.001595,70.824586
2026-07-09T12:26:06.895442,Raspberry_Relieve1,,,37.149,0.0,0,5.64,100.0,-1,0.0,,,,,,5376,0.9,0.001415,70.826001
2026-07-09T12:26:07.895543,Raspberry_Relieve1,,,37.148,0.0,0,5.64,100.0,-1,0.0,,,,,,5377,1.03,0.00161,70.827611
2026-07-09T12:26:08.895651,Raspberry_Relieve1,,,37.148,0.0,0,5.64,100.0,-1,0.0,,,,,,5378,0.98,0.001535,70.829146
2026-07-09T12:26:09.895743,Raspberry_Relieve1,,,37.149,0.0,0,5.64,100.0,-1,0.0,,,,,,5379,1.1,0.001719,70.830864
2026-07-09T12:26:10.895849,Raspberry_Relieve1,,,37.15,0.0,0,5.64,100.0,-1,0.0,,,,,,5380,0.96,0.00151,70.832374
2026-07-09T12:26:11.895951,Raspberry_Relieve1,,,37.149,0.0,0,5.64,100.0,-1,0.0,,,,,,5381,1.02,0.001594,70.833968
2026-07-09T12:26:12.896062,Raspberry_Relieve1,,,37.15,0.0,0,5.64,100.0,-1,0.0,,,,,,5382,1.01,0.001587,70.835555
2026-07-09T12:26:13.896176,Raspberry_Relieve1,,,37.15,0.0,0,5.64,100.0,-1,0.0,,,,,,5383,0.91,0.001425,70.83698
2026-07-09T12:26:14.896276,Raspberry_Relieve1,,,37.15,0.0,0,5.64,100.0,-1,0.0,,,,,,5384,1.09,0.001715,70.838694
2026-07-09T12:26:15.896371,Raspberry_Relieve1,,,37.15,0.0,0,5.64,100.0,-1,0.0,,,,,,5385,0.87,0.001372,70.840066
2026-07-09T12:26:16.896525,Raspberry_Relieve1,,,37.15,0.0,0,5.64,100.0,-1,0.0,,,,,,5386,1.02,0.001605,70.841671
2026-07-09T12:26:17.896610,Raspberry_Relieve1,,,37.151,0.0,0,5.64,100.0,-1,0.0,,,,,,5387,1.09,0.001712,70.843383
2026-07-09T12:26:18.896715,Raspberry_Relieve1,,,37.152,0.0,0,5.64,100.0,-1,0.0,,,,,,5388,0.91,0.001431,70.844814
2026-07-09T12:26:19.896812,Raspberry_Relieve1,,,37.149,0.0,0,5.64,100.0,-1,0.0,,,,,,5389,1.07,0.001672,70.846486
2026-07-09T12:26:20.896922,Raspberry_Relieve1,,,37.15,0.0,0,5.64,100.0,-1,0.0,,,,,,5390,1.11,0.001736,70.848222
2026-07-09T12:26:21.897030,Raspberry_Relieve1,,,37.149,0.0,0,5.64,100.0,-1,0.0,,,,,,5391,0.9,0.001418,70.84964
2026-07-09T12:26:22.897127,Raspberry_Relieve1,,,37.149,0.0,0,5.64,100.0,-1,0.0,,,,,,5392,0.92,0.001435,70.851075
2026-07-09T12:26:23.897331,Raspberry_Relieve1,,,37.149,0.0,0,5.64,100.0,-1,0.0,,,,,,5393,1.06,0.001663,70.852738
2026-07-09T12:26:24.897432,Raspberry_Relieve1,,,37.149,0.0,0,5.64,100.0,-1,0.0,,,,,,5394,1.05,0.001653,70.854392
2026-07-09T12:26:25.897535,Raspberry_Relieve1,,,37.149,0.0,0,5.64,100.0,-1,0.0,,,,,,5395,0.91,0.001421,70.855813
2026-07-09T12:26:26.897642,Raspberry_Relieve1,,,37.15,0.0,0,5.64,100.0,-1,0.0,,,,,,5396,1.03,0.001621,70.857433
2026-07-09T12:26:27.897837,Raspberry_Relieve1,,,37.15,0.0,0,5.64,100.0,-1,0.0,,,,,,5397,1.02,0.001606,70.85904
2026-07-09T12:26:28.897963,Raspberry_Relieve1,,,37.151,0.0,0,5.64,100.0,-1,0.0,,,,,,5398,1.0,0.001568,70.860608
2026-07-09T12:26:29.898089,Raspberry_Relieve1,,,37.15,0.0,0,5.64,100.0,-1,0.0,,,,,,5399,0.91,0.001429,70.862037
2026-07-09T12:26:30.898203,Raspberry_Relieve1,,,37.15,0.0,0,5.64,100.0,-1,0.0,,,,,,5400,1.16,0.001817,70.863854
2026-07-09T12:26:31.898326,Raspberry_Relieve1,,,37.15,0.0,0,5.64,100.0,-1,0.0,,,,,,5401,0.93,0.001465,70.865319
2026-07-09T12:26:32.898445,Raspberry_Relieve1,,,37.15,0.0,0,5.64,100.0,-1,0.0,,,,,,5402,1.03,0.001616,70.866934
2026-07-09T12:26:33.898575,Raspberry_Relieve1,,,37.15,0.0,0,5.64,100.0,-1,0.0,,,,,,5403,0.89,0.001402,70.868337
2026-07-09T12:26:34.898682,Raspberry_Relieve1,,,37.149,0.0,0,5.64,100.0,-1,0.0,,,,,,5404,1.06,0.00166,70.869997
2026-07-09T12:26:35.898790,Raspberry_Relieve1,,,37.15,0.0,0,5.64,100.0,-1,0.0,,,,,,5405,1.01,0.001586,70.871583
2026-07-09T12:26:36.898910,Raspberry_Relieve1,,,37.15,0.0,0,5.64,100.0,-1,0.0,,,,,,5406,0.93,0.001457,70.87304
2026-07-09T12:26:37.899011,Raspberry_Relieve1,,,37.149,0.0,0,5.64,100.0,-1,0.0,,,,,,5407,1.09,0.001712,70.874752
2026-07-09T12:26:38.899157,Raspberry_Relieve1,,,37.151,0.0,0,5.64,100.0,-1,0.0,,,,,,5408,0.96,0.001507,70.876259
2026-07-09T12:26:39.899260,Raspberry_Relieve1,,,37.149,0.0,0,5.64,100.0,-1,0.0,,,,,,5409,1.04,0.001626,70.877885
2026-07-09T12:26:40.899368,Raspberry_Relieve1,,,37.149,0.0,0,5.64,100.0,-1,0.0,,,,,,5410,0.97,0.00152,70.879405
2026-07-09T12:26:41.899474,Raspberry_Relieve1,,,37.149,0.0,0,5.64,100.0,-1,0.0,,,,,,5411,0.99,0.001557,70.880962
2026-07-09T12:26:42.899612,Raspberry_Relieve1,,,37.149,0.0,0,5.64,100.0,-1,0.0,,,,,,5412,0.95,0.001483,70.882444
2026-07-09T12:26:43.899704,Raspberry_Relieve1,,,37.149,0.0,0,5.64,100.0,-1,0.0,,,,,,5413,1.01,0.001587,70.884031
2026-07-09T12:26:44.899830,Raspberry_Relieve1,,,37.151,0.0,0,5.64,100.0,-1,0.0,,,,,,5414,1.05,0.001645,70.885676
2026-07-09T12:26:45.899931,Raspberry_Relieve1,,,37.15,0.0,0,5.64,100.0,-1,0.0,,,,,,5415,1.06,0.001654,70.88733
2026-07-09T12:26:46.900045,Raspberry_Relieve1,,,37.149,0.0,0,5.64,100.0,-1,0.0,,,,,,5416,0.98,0.001538,70.888868
2026-07-09T12:26:47.900160,Raspberry_Relieve1,,,37.149,0.0,0,5.64,100.0,-1,0.0,,,,,,5417,1.17,0.001829,70.890698
2026-07-09T12:26:48.900280,Raspberry_Relieve1,,,37.148,0.0,0,5.64,100.0,-1,0.0,,,,,,5418,0.79,0.001237,70.891935
2026-07-09T12:26:49.900393,Raspberry_Relieve1,,,37.149,0.0,0,5.64,100.0,-1,0.0,,,,,,5419,1.02,0.001603,70.893538
2026-07-09T12:26:50.900538,Raspberry_Relieve1,,,37.151,0.0,0,5.64,100.0,-1,0.0,,,,,,5420,1.12,0.001754,70.895292
2026-07-09T12:26:51.900662,Raspberry_Relieve1,,,37.15,0.0,0,5.64,100.0,-1,0.0,,,,,,5421,0.8,0.001249,70.896541
2026-07-09T12:26:52.900765,Raspberry_Relieve1,,,37.15,0.0,0,5.64,100.0,-1,0.0,,,,,,5422,1.06,0.001661,70.898202
2026-07-09T12:26:53.900882,Raspberry_Relieve1,,,37.149,0.0,0,5.64,100.0,-1,0.0,,,,,,5423,1.13,0.001778,70.899979
2026-07-09T12:26:54.900983,Raspberry_Relieve1,,,37.15,0.0,0,5.64,100.0,-1,0.0,,,,,,5424,0.94,0.001472,70.901451
2026-07-09T12:26:55.901088,Raspberry_Relieve1,,,37.149,0.0,0,5.64,100.0,-1,0.0,,,,,,5425,0.94,0.00148,70.902931
2026-07-09T12:26:56.901201,Raspberry_Relieve1,,,37.149,0.0,0,5.64,100.0,-1,0.0,,,,,,5426,1.01,0.001576,70.904507
2026-07-09T12:26:57.901318,Raspberry_Relieve1,,,37.149,0.0,0,5.64,100.0,-1,0.0,,,,,,5427,1.02,0.001596,70.906103
2026-07-09T12:26:58.901422,Raspberry_Relieve1,,,37.148,0.0,0,5.64,100.0,-1,0.0,,,,,,5428,0.98,0.001541,70.907644
2026-07-09T12:26:59.901531,Raspberry_Relieve1,,,37.148,0.0,0,5.64,100.0,-1,0.0,,,,,,5429,1.01,0.001589,70.909233
2026-07-09T12:27:00.901616,Raspberry_Relieve1,,,37.149,0.0,0,5.64,100.0,-1,0.0,,,,,,5430,0.92,0.001439,70.910672
2026-07-09T12:27:01.901689,Raspberry_Relieve1,,,37.147,0.0,0,5.64,100.0,-1,0.0,,,,,,5431,1.08,0.001692,70.912364
2026-07-09T12:27:02.901772,Raspberry_Relieve1,,,37.148,0.0,0,5.64,100.0,-1,0.0,,,,,,5432,0.93,0.001454,70.913818
2026-07-09T12:27:03.901852,Raspberry_Relieve1,,,37.148,0.0,0,5.64,100.0,-1,0.0,,,,,,5433,0.95,0.001483,70.915301
2026-07-09T12:27:04.901937,Raspberry_Relieve1,,,37.147,0.0,0,5.64,100.0,-1,0.0,,,,,,5434,1.03,0.001616,70.916916
2026-07-09T12:27:05.902059,Raspberry_Relieve1,,,37.148,0.0,0,5.64,100.0,-1,0.0,,,,,,5435,1.14,0.00179,70.918706
2026-07-09T12:27:06.902170,Raspberry_Relieve1,,,37.148,0.0,0,5.64,100.0,-1,0.0,,,,,,5436,0.89,0.001398,70.920103
2026-07-09T12:27:07.902281,Raspberry_Relieve1,,,37.148,0.0,0,5.64,100.0,-1,0.0,,,,,,5437,0.98,0.001539,70.921643
2026-07-09T12:27:08.902410,Raspberry_Relieve1,,,37.149,0.0,0,5.64,100.0,-1,0.0,,,,,,5438,1.03,0.001622,70.923264
2026-07-09T12:27:09.902516,Raspberry_Relieve1,,,37.15,0.0,0,5.64,100.0,-1,0.0,,,,,,5439,1.03,0.001613,70.924877
2026-07-09T12:27:10.902612,Raspberry_Relieve1,,,37.148,0.0,0,5.64,100.0,-1,0.0,,,,,,5440,1.04,0.001625,70.926503
2026-07-09T12:27:11.902719,Raspberry_Relieve1,,,37.148,0.0,0,5.64,100.0,-1,0.0,,,,,,5441,0.96,0.001503,70.928005
2026-07-09T12:27:12.902838,Raspberry_Relieve1,,,37.149,0.0,0,5.64,100.0,-1,0.0,,,,,,5442,1.03,0.001622,70.929627
2026-07-09T12:27:13.902954,Raspberry_Relieve1,,,37.147,0.0,0,5.64,100.0,-1,0.0,,,,,,5443,0.87,0.001363,70.93099
2026-07-09T12:27:14.903056,Raspberry_Relieve1,,,37.149,0.0,0,5.64,100.0,-1,0.0,,,,,,5444,1.23,0.001921,70.932911
2026-07-09T12:27:15.903162,Raspberry_Relieve1,,,37.149,0.0,0,5.64,100.0,-1,0.0,,,,,,5445,0.81,0.001267,70.934178
2026-07-09T12:27:16.903270,Raspberry_Relieve1,,,37.148,0.0,0,5.64,100.0,-1,0.0,,,,,,5446,1.11,0.001736,70.935914
2026-07-09T12:27:17.903369,Raspberry_Relieve1,,,37.148,0.0,0,5.64,100.0,-1,0.0,,,,,,5447,0.97,0.001523,70.937436
2026-07-09T12:27:18.903492,Raspberry_Relieve1,,,37.147,0.0,0,5.64,100.0,-1,0.0,,,,,,5448,0.99,0.001552,70.938988
2026-07-09T12:27:19.903595,Raspberry_Relieve1,,,37.148,0.0,0,5.64,100.0,-1,0.0,,,,,,5449,1.05,0.001647,70.940635
2026-07-09T12:27:20.903703,Raspberry_Relieve1,,,37.149,0.0,0,5.64,100.0,-1,0.0,,,,,,5450,0.96,0.001507,70.942142
2026-07-09T12:27:21.903810,Raspberry_Relieve1,,,37.149,0.0,0,5.64,100.0,-1,0.0,,,,,,5451,1.0,0.001561,70.943703
2026-07-09T12:27:22.903922,Raspberry_Relieve1,,,37.148,0.0,0,5.64,100.0,-1,0.0,,,,,,5452,0.93,0.001458,70.945161
2026-07-09T12:27:23.904052,Raspberry_Relieve1,,,37.149,0.0,0,5.64,100.0,-1,0.0,,,,,,5453,0.96,0.001512,70.946673
2026-07-09T12:27:24.904162,Raspberry_Relieve1,,,37.149,0.0,0,5.64,100.0,-1,0.0,,,,,,5454,1.1,0.001731,70.948404
2026-07-09T12:27:25.904268,Raspberry_Relieve1,,,37.15,0.0,0,5.64,100.0,-1,0.0,,,,,,5455,0.94,0.001476,70.94988
2026-07-09T12:27:26.904376,Raspberry_Relieve1,,,37.148,0.0,0,5.64,100.0,-1,0.0,,,,,,5456,0.98,0.001539,70.95142
2026-07-09T12:27:27.904544,Raspberry_Relieve1,,,37.149,0.0,0,5.64,100.0,-1,0.0,,,,,,5457,0.97,0.001525,70.952945
2026-07-09T12:27:28.904644,Raspberry_Relieve1,,,37.148,0.0,0,5.64,100.0,-1,0.0,,,,,,5458,1.16,0.001817,70.954762
2026-07-09T12:27:29.904763,Raspberry_Relieve1,,,37.148,0.0,0,5.64,100.0,-1,0.0,,,,,,5459,0.93,0.001464,70.956226
2026-07-09T12:27:30.904886,Raspberry_Relieve1,,,37.148,0.0,0,5.64,100.0,-1,0.0,,,,,,5460,1.04,0.001633,70.95786
2026-07-09T12:27:31.904993,Raspberry_Relieve1,,,37.148,0.0,0,5.64,100.0,-1,0.0,,,,,,5461,0.95,0.001496,70.959356
2026-07-09T12:27:32.905104,Raspberry_Relieve1,,,37.148,0.0,0,5.64,100.0,-1,0.0,,,,,,5462,0.93,0.001458,70.960814
2026-07-09T12:27:33.905219,Raspberry_Relieve1,,,37.15,0.0,0,5.64,100.0,-1,0.0,,,,,,5463,1.05,0.001648,70.962462
2026-07-09T12:27:34.905326,Raspberry_Relieve1,,,37.149,0.0,0,5.64,100.0,-1,0.0,,,,,,5464,1.06,0.001665,70.964127
2026-07-09T12:27:35.905427,Raspberry_Relieve1,,,37.149,0.0,0,5.64,100.0,-1,0.0,,,,,,5465,0.88,0.001377,70.965504
2026-07-09T12:27:36.905553,Raspberry_Relieve1,,,37.147,0.0,0,5.64,100.0,-1,0.0,,,,,,5466,1.08,0.001699,70.967203
2026-07-09T12:27:37.905644,Raspberry_Relieve1,,,37.148,0.0,0,5.64,100.0,-1,0.0,,,,,,5467,0.97,0.001516,70.968719
2026-07-09T12:27:38.905764,Raspberry_Relieve1,,,37.147,0.0,0,5.64,100.0,-1,0.0,,,,,,5468,1.09,0.001709,70.970428
2026-07-09T12:27:39.905858,Raspberry_Relieve1,,,37.146,0.0,0,5.64,100.0,-1,0.0,,,,,,5469,0.93,0.001458,70.971886
2026-07-09T12:27:40.905970,Raspberry_Relieve1,,,37.147,0.0,0,5.64,100.0,-1,0.0,,,,,,5470,1.01,0.00159,70.973477
2026-07-09T12:27:41.906077,Raspberry_Relieve1,,,37.146,0.0,0,5.64,100.0,-1,0.0,,,,,,5471,1.0,0.001565,70.975041
2026-07-09T12:27:42.906186,Raspberry_Relieve1,,,37.147,0.0,0,5.64,100.0,-1,0.0,,,,,,5472,0.96,0.001511,70.976552
2026-07-09T12:27:43.906280,Raspberry_Relieve1,,,37.147,0.0,0,5.64,100.0,-1,0.0,,,,,,5473,1.01,0.001591,70.978143
2026-07-09T12:27:44.906394,Raspberry_Relieve1,,,37.146,0.0,0,5.64,100.0,-1,0.0,,,,,,5474,0.96,0.001507,70.979649
2026-07-09T12:27:45.906520,Raspberry_Relieve1,,,37.148,0.0,0,5.64,100.0,-1,0.0,,,,,,5475,1.09,0.001713,70.981363
2026-07-09T12:27:46.906624,Raspberry_Relieve1,,,37.148,0.0,0,5.64,100.0,-1,0.0,,,,,,5476,1.02,0.001598,70.982961
2026-07-09T12:27:47.906733,Raspberry_Relieve1,,,37.147,0.0,0,5.64,100.0,-1,0.0,,,,,,5477,0.91,0.001419,70.98438
2026-07-09T12:27:48.906849,Raspberry_Relieve1,,,37.147,0.0,0,5.64,100.0,-1,0.0,,,,,,5478,1.01,0.00159,70.98597
2026-07-09T12:27:49.906970,Raspberry_Relieve1,,,37.147,0.0,0,5.64,100.0,-1,0.0,,,,,,5479,0.97,0.001522,70.987491
2026-07-09T12:27:50.907086,Raspberry_Relieve1,,,37.146,0.0,0,5.64,100.0,-1,0.0,,,,,,5480,1.04,0.001626,70.989118
2026-07-09T12:27:51.907197,Raspberry_Relieve1,,,37.146,0.0,0,5.64,100.0,-1,0.0,,,,,,5481,1.0,0.001563,70.990681
2026-07-09T12:27:52.907306,Raspberry_Relieve1,,,37.146,0.0,0,5.64,100.0,-1,0.0,,,,,,5482,1.0,0.001567,70.992248
2026-07-09T12:27:53.907428,Raspberry_Relieve1,,,37.145,0.0,0,5.64,100.0,-1,0.0,,,,,,5483,1.02,0.001598,70.993846
2026-07-09T12:27:54.907581,Raspberry_Relieve1,,,37.146,0.0,0,5.64,100.0,-1,0.0,,,,,,5484,1.09,0.001709,70.995555
2026-07-09T12:27:55.907676,Raspberry_Relieve1,,,37.146,0.0,0,5.64,100.0,-1,0.0,,,,,,5485,0.83,0.001305,70.996859
2026-07-09T12:27:56.907796,Raspberry_Relieve1,,,37.146,0.0,0,5.64,100.0,-1,0.0,,,,,,5486,1.09,0.00171,70.998569
2026-07-09T12:27:57.907914,Raspberry_Relieve1,,,37.149,0.0,0,5.64,100.0,-1,0.0,,,,,,5487,0.98,0.001544,71.000113
2026-07-09T12:27:58.908019,Raspberry_Relieve1,,,37.149,0.0,0,5.64,100.0,-1,0.0,,,,,,5488,1.14,0.001784,71.001897
2026-07-09T12:27:59.908134,Raspberry_Relieve1,,,37.146,0.0,0,5.64,100.0,-1,0.0,,,,,,5489,0.91,0.00143,71.003327
2026-07-09T12:28:00.908211,Raspberry_Relieve1,,,37.148,0.0,0,5.64,100.0,-1,0.0,,,,,,5490,0.96,0.001508,71.004835
2026-07-09T12:28:01.908281,Raspberry_Relieve1,,,37.149,0.0,0,5.64,100.0,-1,0.0,,,,,,5491,1.07,0.001682,71.006517
2026-07-09T12:28:02.908370,Raspberry_Relieve1,,,37.147,0.0,0,5.64,100.0,-1,0.0,,,,,,5492,0.93,0.001451,71.007967
2026-07-09T12:28:03.908486,Raspberry_Relieve1,,,37.146,0.0,0,5.64,100.0,-1,0.0,,,,,,5493,1.02,0.001598,71.009565
2026-07-09T12:28:04.908537,Raspberry_Relieve1,,,37.146,0.0,0,5.64,100.0,-1,0.0,,,,,,5494,0.96,0.001502,71.011067
2026-07-09T12:28:05.908673,Raspberry_Relieve1,,,37.146,0.0,0,5.64,100.0,-1,0.0,,,,,,5495,1.03,0.00161,71.012677
2026-07-09T12:28:06.908778,Raspberry_Relieve1,,,37.146,0.0,0,5.64,100.0,-1,0.0,,,,,,5496,0.96,0.001506,71.014183
2026-07-09T12:28:07.908895,Raspberry_Relieve1,,,37.147,0.0,0,5.64,100.0,-1,0.0,,,,,,5497,1.09,0.001706,71.015888
2026-07-09T12:28:08.909021,Raspberry_Relieve1,,,37.148,0.0,0,5.64,100.0,-1,0.0,,,,,,5498,0.88,0.001385,71.017273
2026-07-09T12:28:09.909118,Raspberry_Relieve1,,,37.147,0.0,0,5.64,100.0,-1,0.0,,,,,,5499,1.07,0.00167,71.018943
2026-07-09T12:28:10.909230,Raspberry_Relieve1,,,37.149,0.0,0,5.64,100.0,-1,0.0,,,,,,5500,0.93,0.001453,71.020396
2026-07-09T12:28:11.909338,Raspberry_Relieve1,,,37.148,0.0,0,5.64,100.0,-1,0.0,,,,,,5501,1.06,0.001659,71.022055
2026-07-09T12:28:12.909463,Raspberry_Relieve1,,,37.147,0.0,0,5.64,100.0,-1,0.0,,,,,,5502,1.03,0.001614,71.023669
2026-07-09T12:28:13.909571,Raspberry_Relieve1,,,37.146,0.0,0,5.64,100.0,-1,0.0,,,,,,5503,1.01,0.001579,71.025249
2026-07-09T12:28:14.909685,Raspberry_Relieve1,,,37.146,0.0,0,5.64,100.0,-1,0.0,,,,,,5504,0.89,0.001397,71.026646
2026-07-09T12:28:15.909815,Raspberry_Relieve1,,,37.145,0.0,0,5.64,100.0,-1,0.0,,,,,,5505,0.99,0.001551,71.028197
2026-07-09T12:28:16.909931,Raspberry_Relieve1,,,37.147,0.0,0,5.64,100.0,-1,0.0,,,,,,5506,1.01,0.001577,71.029774
2026-07-09T12:28:17.910036,Raspberry_Relieve1,,,37.145,0.0,0,5.64,100.0,-1,0.0,,,,,,5507,1.12,0.001757,71.031531
2026-07-09T12:28:18.910164,Raspberry_Relieve1,,,37.145,0.0,0,5.64,100.0,-1,0.0,,,,,,5508,1.05,0.001652,71.033183
2026-07-09T12:28:19.910271,Raspberry_Relieve1,,,37.147,0.0,0,5.64,100.0,-1,0.0,,,,,,5509,0.94,0.001477,71.03466
2026-07-09T12:28:20.910382,Raspberry_Relieve1,,,37.146,0.0,0,5.64,100.0,-1,0.0,,,,,,5510,0.96,0.0015,71.036161
2026-07-09T12:28:21.910511,Raspberry_Relieve1,,,37.146,0.0,0,5.64,100.0,-1,0.0,,,,,,5511,1.0,0.00156,71.037721
2026-07-09T12:28:22.910600,Raspberry_Relieve1,,,37.145,0.0,0,5.64,100.0,-1,0.0,,,,,,5512,1.03,0.001618,71.039338
2026-07-09T12:28:23.910730,Raspberry_Relieve1,,,37.147,0.0,0,5.64,100.0,-1,0.0,,,,,,5513,0.97,0.001527,71.040866
2026-07-09T12:28:24.910848,Raspberry_Relieve1,,,37.147,0.0,0,5.64,100.0,-1,0.0,,,,,,5514,1.0,0.00156,71.042426
2026-07-09T12:28:25.910940,Raspberry_Relieve1,,,37.146,0.0,0,5.64,100.0,-1,0.0,,,,,,5515,1.01,0.001579,71.044004
2026-07-09T12:28:26.911056,Raspberry_Relieve1,,,37.148,0.0,0,5.64,100.0,-1,0.0,,,,,,5516,0.99,0.001544,71.045549
2026-07-09T12:28:27.911175,Raspberry_Relieve1,,,37.146,0.0,0,5.64,100.0,-1,0.0,,,,,,5517,1.04,0.001629,71.047178
2026-07-09T12:28:28.911281,Raspberry_Relieve1,,,37.145,0.0,0,5.64,100.0,-1,0.0,,,,,,5518,0.93,0.001454,71.048632
2026-07-09T12:28:29.911393,Raspberry_Relieve1,,,37.146,0.0,0,5.64,100.0,-1,0.0,,,,,,5519,1.04,0.001627,71.050258
2026-07-09T12:28:30.911501,Raspberry_Relieve1,,,37.147,0.0,0,5.64,100.0,-1,0.0,,,,,,5520,1.02,0.001593,71.051851
2026-07-09T12:28:31.911601,Raspberry_Relieve1,,,37.147,0.0,0,5.64,100.0,-1,0.0,,,,,,5521,1.02,0.001597,71.053448
2026-07-09T12:28:32.911720,Raspberry_Relieve1,,,37.147,0.0,0,5.64,100.0,-1,0.0,,,,,,5522,0.94,0.001474,71.054922
2026-07-09T12:28:33.911829,Raspberry_Relieve1,,,37.146,0.0,0,5.64,100.0,-1,0.0,,,,,,5523,1.07,0.001674,71.056595
2026-07-09T12:28:34.911946,Raspberry_Relieve1,,,37.146,0.0,0,5.64,100.0,-1,0.0,,,,,,5524,0.97,0.001527,71.058122
2026-07-09T12:28:35.912052,Raspberry_Relieve1,,,37.146,0.0,0,5.64,100.0,-1,0.0,,,,,,5525,1.04,0.001628,71.05975
2026-07-09T12:28:36.912165,Raspberry_Relieve1,,,37.147,0.0,0,5.64,100.0,-1,0.0,,,,,,5526,0.92,0.001447,71.061197
2026-07-09T12:28:37.912264,Raspberry_Relieve1,,,37.146,0.0,0,5.64,100.0,-1,0.0,,,,,,5527,1.12,0.00175,71.062948
2026-07-09T12:28:38.912389,Raspberry_Relieve1,,,37.147,0.0,0,5.64,100.0,-1,0.0,,,,,,5528,0.93,0.001452,71.064399
2026-07-09T12:28:39.912525,Raspberry_Relieve1,,,37.146,0.0,0,5.64,100.0,-1,0.0,,,,,,5529,0.99,0.001552,71.065952
2026-07-09T12:28:40.912635,Raspberry_Relieve1,,,37.146,0.0,0,5.64,100.0,-1,0.0,,,,,,5530,1.05,0.001652,71.067603
2026-07-09T12:28:41.912753,Raspberry_Relieve1,,,37.146,0.0,0,5.64,100.0,-1,0.0,,,,,,5531,0.89,0.0014,71.069003
2026-07-09T12:28:42.912850,Raspberry_Relieve1,,,37.145,0.0,0,5.64,100.0,-1,0.0,,,,,,5532,1.09,0.001716,71.070719
2026-07-09T12:28:43.912958,Raspberry_Relieve1,,,37.145,0.0,0,5.64,100.0,-1,0.0,,,,,,5533,0.96,0.001498,71.072217
2026-07-09T12:28:44.913075,Raspberry_Relieve1,,,37.145,0.0,0,5.64,100.0,-1,0.0,,,,,,5534,1.0,0.001562,71.073779
2026-07-09T12:28:45.913167,Raspberry_Relieve1,,,37.146,0.0,0,5.64,100.0,-1,0.0,,,,,,5535,0.95,0.001494,71.075273
2026-07-09T12:28:46.913289,Raspberry_Relieve1,,,37.147,0.0,0,5.64,100.0,-1,0.0,,,,,,5536,1.01,0.001581,71.076854
2026-07-09T12:28:47.913411,Raspberry_Relieve1,,,37.146,0.0,0,5.64,100.0,-1,0.0,,,,,,5537,1.08,0.001686,71.07854
2026-07-09T12:28:48.913527,Raspberry_Relieve1,,,37.146,0.0,0,5.64,100.0,-1,0.0,,,,,,5538,0.99,0.001554,71.080094
2026-07-09T12:28:49.913640,Raspberry_Relieve1,,,37.146,0.0,0,5.64,100.0,-1,0.0,,,,,,5539,1.02,0.001593,71.081687
2026-07-09T12:28:50.913754,Raspberry_Relieve1,,,37.146,0.0,0,5.64,100.0,-1,0.0,,,,,,5540,1.19,0.001872,71.083559
2026-07-09T12:28:51.913867,Raspberry_Relieve1,,,37.146,0.0,0,5.64,100.0,-1,0.0,,,,,,5541,0.85,0.001329,71.084889
2026-07-09T12:28:52.913977,Raspberry_Relieve1,,,37.145,0.0,0,5.64,100.0,-1,0.0,,,,,,5542,1.06,0.001656,71.086545
2026-07-09T12:28:53.914079,Raspberry_Relieve1,,,37.148,0.0,0,5.64,100.0,-1,0.0,,,,,,5543,1.02,0.001598,71.088143
2026-07-09T12:28:54.914215,Raspberry_Relieve1,,,37.148,0.0,0,5.64,100.0,-1,0.0,,,,,,5544,0.78,0.001227,71.08937
2026-07-09T12:28:55.914318,Raspberry_Relieve1,,,37.146,0.0,0,5.64,100.0,-1,0.0,,,,,,5545,1.22,0.001919,71.091289
2026-07-09T12:28:56.914421,Raspberry_Relieve1,,,37.147,0.0,0,5.64,100.0,-1,0.0,,,,,,5546,0.77,0.001205,71.092493
2026-07-09T12:28:57.914536,Raspberry_Relieve1,,,37.146,0.0,0,5.64,100.0,-1,0.0,,,,,,5547,1.2,0.001879,71.094373
2026-07-09T12:28:58.914721,Raspberry_Relieve1,,,37.146,0.0,0,5.64,100.0,-1,0.0,,,,,,5548,0.89,0.001388,71.095761
2026-07-09T12:28:59.914826,Raspberry_Relieve1,,,37.147,0.0,0,5.64,100.0,-1,0.0,,,,,,5549,1.0,0.001567,71.097328
2026-07-09T12:29:00.914905,Raspberry_Relieve1,,,37.147,0.0,0,5.64,100.0,-1,0.0,,,,,,5550,1.05,0.00165,71.098977
2026-07-09T12:29:01.914981,Raspberry_Relieve1,,,37.145,0.0,0,5.64,100.0,-1,0.0,,,,,,5551,0.92,0.001438,71.100416
2026-07-09T12:29:02.915092,Raspberry_Relieve1,,,37.144,0.0,0,5.64,100.0,-1,0.0,,,,,,5552,1.03,0.001613,71.102028
2026-07-09T12:29:03.915175,Raspberry_Relieve1,,,37.145,0.0,0,5.64,100.0,-1,0.0,,,,,,5553,0.9,0.001418,71.103446
2026-07-09T12:29:04.915250,Raspberry_Relieve1,,,37.146,0.0,0,5.64,100.0,-1,0.0,,,,,,5554,1.04,0.001631,71.105078
2026-07-09T12:29:05.915364,Raspberry_Relieve1,,,37.145,0.0,0,5.64,100.0,-1,0.0,,,,,,5555,0.99,0.001544,71.106622
2026-07-09T12:29:06.915500,Raspberry_Relieve1,,,37.144,0.0,0,5.64,100.0,-1,0.0,,,,,,5556,1.0,0.001566,71.108188
2026-07-09T12:29:07.915589,Raspberry_Relieve1,,,37.146,0.0,0,5.64,100.0,-1,0.0,,,,,,5557,1.01,0.001588,71.109777
2026-07-09T12:29:08.915703,Raspberry_Relieve1,,,37.146,0.0,0,5.64,100.0,-1,0.0,,,,,,5558,1.09,0.001704,71.111481
2026-07-09T12:29:09.915818,Raspberry_Relieve1,,,37.146,0.0,0,5.64,100.0,-1,0.0,,,,,,5559,1.16,0.001812,71.113293
2026-07-09T12:29:10.915913,Raspberry_Relieve1,,,37.145,0.0,0,5.64,100.0,-1,0.0,,,,,,5560,0.86,0.00134,71.114633
2026-07-09T12:29:11.916010,Raspberry_Relieve1,,,37.147,0.0,0,5.64,100.0,-1,0.0,,,,,,5561,0.85,0.001334,71.115967
2026-07-09T12:29:12.916126,Raspberry_Relieve1,,,37.146,0.0,0,5.64,100.0,-1,0.0,,,,,,5562,1.16,0.001811,71.117778
2026-07-09T12:29:13.916233,Raspberry_Relieve1,,,37.146,0.0,0,5.64,100.0,-1,0.0,,,,,,5563,0.99,0.001548,71.119326
2026-07-09T12:29:14.916341,Raspberry_Relieve1,,,37.145,0.0,0,5.64,100.0,-1,0.0,,,,,,5564,0.96,0.001511,71.120837
2026-07-09T12:29:15.916494,Raspberry_Relieve1,,,37.147,0.0,0,5.64,100.0,-1,0.0,,,,,,5565,0.99,0.001548,71.122384
2026-07-09T12:29:16.916571,Raspberry_Relieve1,,,37.146,0.0,0,5.64,100.0,-1,0.0,,,,,,5566,0.96,0.001502,71.123886
2026-07-09T12:29:17.916675,Raspberry_Relieve1,,,37.145,0.0,0,5.64,100.0,-1,0.0,,,,,,5567,1.1,0.00172,71.125607
2026-07-09T12:29:18.916780,Raspberry_Relieve1,,,37.145,0.0,0,5.64,100.0,-1,0.0,,,,,,5568,0.97,0.001527,71.127134
2026-07-09T12:29:19.916874,Raspberry_Relieve1,,,37.145,0.0,0,5.64,100.0,-1,0.0,,,,,,5569,0.99,0.001553,71.128687
2026-07-09T12:29:20.916982,Raspberry_Relieve1,,,37.144,0.0,0,5.64,100.0,-1,0.0,,,,,,5570,0.97,0.001525,71.130212
2026-07-09T12:29:21.917088,Raspberry_Relieve1,,,37.148,0.0,0,5.64,100.0,-1,0.0,,,,,,5571,1.07,0.001674,71.131886
2026-07-09T12:29:22.917184,Raspberry_Relieve1,,,37.145,0.0,0,5.64,100.0,-1,0.0,,,,,,5572,0.89,0.001393,71.133279
2026-07-09T12:29:23.917300,Raspberry_Relieve1,,,37.146,0.0,0,5.64,100.0,-1,0.0,,,,,,5573,1.1,0.001724,71.135002
2026-07-09T12:29:24.917398,Raspberry_Relieve1,,,37.145,0.0,0,5.64,100.0,-1,0.0,,,,,,5574,0.95,0.001495,71.136497
2026-07-09T12:29:25.917504,Raspberry_Relieve1,,,37.145,0.0,0,5.64,100.0,-1,0.0,,,,,,5575,1.04,0.001627,71.138124
2026-07-09T12:29:26.917606,Raspberry_Relieve1,,,37.145,0.0,0,5.64,100.0,-1,0.0,,,,,,5576,0.97,0.001517,71.139641
2026-07-09T12:29:27.917722,Raspberry_Relieve1,,,37.145,0.0,0,5.64,100.0,-1,0.0,,,,,,5577,1.01,0.00159,71.14123
2026-07-09T12:29:28.917816,Raspberry_Relieve1,,,37.145,0.0,0,5.64,100.0,-1,0.0,,,,,,5578,0.95,0.001482,71.142713
2026-07-09T12:29:29.917934,Raspberry_Relieve1,,,37.145,0.0,0,5.64,100.0,-1,0.0,,,,,,5579,1.0,0.001561,71.144274
2026-07-09T12:29:30.918031,Raspberry_Relieve1,,,37.145,0.0,0,5.64,100.0,-1,0.0,,,,,,5580,1.09,0.001702,71.145976
2026-07-09T12:29:31.918125,Raspberry_Relieve1,,,37.146,0.0,0,5.64,100.0,-1,0.0,,,,,,5581,0.87,0.001371,71.147347
2026-07-09T12:29:32.918234,Raspberry_Relieve1,,,37.145,0.0,0,5.64,100.0,-1,0.0,,,,,,5582,1.32,0.002062,71.149409
2026-07-09T12:29:33.918332,Raspberry_Relieve1,,,37.145,0.0,0,5.64,100.0,-1,0.0,,,,,,5583,0.72,0.001124,71.150533
2026-07-09T12:29:34.918433,Raspberry_Relieve1,,,37.146,0.0,0,5.64,100.0,-1,0.0,,,,,,5584,0.98,0.001535,71.152069
2026-07-09T12:29:35.918530,Raspberry_Relieve1,,,37.146,0.0,0,5.64,100.0,-1,0.0,,,,,,5585,1.02,0.001596,71.153664
2026-07-09T12:29:36.918635,Raspberry_Relieve1,,,37.146,0.0,0,5.64,100.0,-1,0.0,,,,,,5586,1.05,0.001649,71.155313
2026-07-09T12:29:37.918736,Raspberry_Relieve1,,,37.146,0.0,0,5.64,100.0,-1,0.0,,,,,,5587,1.06,0.001665,71.156978
2026-07-09T12:29:38.918844,Raspberry_Relieve1,,,37.146,0.0,0,5.64,100.0,-1,0.0,,,,,,5588,0.96,0.001512,71.15849
2026-07-09T12:29:39.918937,Raspberry_Relieve1,,,37.147,0.0,0,5.64,100.0,-1,0.0,,,,,,5589,0.96,0.001501,71.159992
2026-07-09T12:29:40.919043,Raspberry_Relieve1,,,37.145,0.0,0,5.64,100.0,-1,0.0,,,,,,5590,1.07,0.001676,71.161668
2026-07-09T12:29:41.919141,Raspberry_Relieve1,,,37.145,0.0,0,5.64,100.0,-1,0.0,,,,,,5591,1.01,0.001581,71.163248
2026-07-09T12:29:42.919245,Raspberry_Relieve1,,,37.147,0.0,0,5.64,100.0,-1,0.0,,,,,,5592,0.94,0.001478,71.164727
2026-07-09T12:29:43.919341,Raspberry_Relieve1,,,37.146,0.0,0,5.64,100.0,-1,0.0,,,,,,5593,1.11,0.001742,71.166469
2026-07-09T12:29:44.919454,Raspberry_Relieve1,,,37.145,0.0,0,5.64,100.0,-1,0.0,,,,,,5594,0.91,0.001433,71.167902
2026-07-09T12:29:45.919556,Raspberry_Relieve1,,,37.144,0.0,0,5.64,100.0,-1,0.0,,,,,,5595,0.98,0.001542,71.169444
2026-07-09T12:29:46.919647,Raspberry_Relieve1,,,37.145,0.0,0,5.64,100.0,-1,0.0,,,,,,5596,0.95,0.001485,71.17093
2026-07-09T12:29:47.919728,Raspberry_Relieve1,,,37.146,0.0,0,5.64,100.0,-1,0.0,,,,,,5597,1.04,0.001636,71.172566
2026-07-09T12:29:48.919801,Raspberry_Relieve1,,,37.145,0.0,0,5.64,100.0,-1,0.0,,,,,,5598,1.01,0.001589,71.174156
2026-07-09T12:29:49.919882,Raspberry_Relieve1,,,37.145,0.0,0,5.64,100.0,-1,0.0,,,,,,5599,0.98,0.001532,71.175688
2026-07-09T12:29:50.919958,Raspberry_Relieve1,,,37.145,0.0,0,5.64,100.0,-1,0.0,,,,,,5600,1.01,0.001586,71.177274
2026-07-09T12:29:51.920036,Raspberry_Relieve1,,,37.143,0.0,0,5.64,100.0,-1,0.0,,,,,,5601,0.97,0.001513,71.178787
2026-07-09T12:29:52.920169,Raspberry_Relieve1,,,37.143,0.0,0,5.64,100.0,-1,0.0,,,,,,5602,1.05,0.001653,71.18044
2026-07-09T12:29:53.920256,Raspberry_Relieve1,,,37.144,0.0,0,5.64,100.0,-1,0.0,,,,,,5603,0.92,0.001449,71.181888
2026-07-09T12:29:54.920354,Raspberry_Relieve1,,,37.143,0.0,0,5.64,100.0,-1,0.0,,,,,,5604,1.08,0.001695,71.183583
2026-07-09T12:29:55.920484,Raspberry_Relieve1,,,37.145,0.0,0,5.64,100.0,-1,0.0,,,,,,5605,0.91,0.001422,71.185005
2026-07-09T12:29:56.920569,Raspberry_Relieve1,,,37.144,0.0,0,5.64,100.0,-1,0.0,,,,,,5606,1.09,0.001716,71.186721
2026-07-09T12:29:57.920670,Raspberry_Relieve1,,,37.144,0.0,0,5.64,100.0,-1,0.0,,,,,,5607,0.98,0.001537,71.188258
2026-07-09T12:29:58.920768,Raspberry_Relieve1,,,37.144,0.0,0,5.64,100.0,-1,0.0,,,,,,5608,0.97,0.001526,71.189785
2026-07-09T12:29:59.920861,Raspberry_Relieve1,,,37.143,0.0,0,5.64,100.0,-1,0.0,,,,,,5609,1.05,0.001646,71.19143
2026-07-09T12:30:00.920982,Raspberry_Relieve1,,,37.145,0.0,0,5.64,100.0,-1,0.0,,,,,,5610,1.08,0.001689,71.19312
2026-07-09T12:30:01.921075,Raspberry_Relieve1,,,37.144,0.0,0,5.64,100.0,-1,0.0,,,,,,5611,0.96,0.001498,71.194618
2026-07-09T12:30:02.921179,Raspberry_Relieve1,,,37.145,0.0,0,5.64,100.0,-1,0.0,,,,,,5612,1.05,0.001641,71.19626
2026-07-09T12:30:03.921278,Raspberry_Relieve1,,,37.143,0.0,0,5.64,100.0,-1,0.0,,,,,,5613,0.88,0.001374,71.197633
2026-07-09T12:30:04.921383,Raspberry_Relieve1,,,37.144,0.0,0,5.64,100.0,-1,0.0,,,,,,5614,1.01,0.001586,71.199219
2026-07-09T12:30:05.921476,Raspberry_Relieve1,,,37.145,0.0,0,5.64,100.0,-1,0.0,,,,,,5615,0.92,0.00144,71.20066
2026-07-09T12:30:06.921585,Raspberry_Relieve1,,,37.146,0.0,0,5.64,100.0,-1,0.0,,,,,,5616,1.24,0.00194,71.2026
2026-07-09T12:30:07.921690,Raspberry_Relieve1,,,37.145,0.0,0,5.64,100.0,-1,0.0,,,,,,5617,0.86,0.001356,71.203955
2026-07-09T12:30:08.921818,Raspberry_Relieve1,,,37.143,0.0,0,5.64,100.0,-1,0.0,,,,,,5618,0.98,0.001539,71.205495
2026-07-09T12:30:09.921914,Raspberry_Relieve1,,,37.143,0.0,0,5.64,100.0,-1,0.0,,,,,,5619,1.0,0.001564,71.207059
2026-07-09T12:30:10.922014,Raspberry_Relieve1,,,37.145,0.0,0,5.64,100.0,-1,0.0,,,,,,5620,0.97,0.001523,71.208582
2026-07-09T12:30:11.922123,Raspberry_Relieve1,,,37.144,0.0,0,5.64,100.0,-1,0.0,,,,,,5621,1.06,0.001656,71.210238
2026-07-09T12:30:12.922222,Raspberry_Relieve1,,,37.145,0.0,0,5.64,100.0,-1,0.0,,,,,,5622,1.02,0.001604,71.211842
2026-07-09T12:30:13.922347,Raspberry_Relieve1,,,37.144,0.0,0,5.64,100.0,-1,0.0,,,,,,5623,0.94,0.001471,71.213313
2026-07-09T12:30:14.922451,Raspberry_Relieve1,,,37.146,0.0,0,5.64,100.0,-1,0.0,,,,,,5624,0.98,0.001542,71.214855
2026-07-09T12:30:15.922567,Raspberry_Relieve1,,,37.144,0.0,0,5.64,100.0,-1,0.0,,,,,,5625,1.09,0.001713,71.216567
2026-07-09T12:30:16.922677,Raspberry_Relieve1,,,37.145,0.0,0,5.64,100.0,-1,0.0,,,,,,5626,0.95,0.001496,71.218063
2026-07-09T12:30:17.922783,Raspberry_Relieve1,,,37.144,0.0,0,5.64,100.0,-1,0.0,,,,,,5627,1.01,0.00159,71.219653
2026-07-09T12:30:18.922912,Raspberry_Relieve1,,,37.144,0.0,0,5.64,100.0,-1,0.0,,,,,,5628,0.9,0.001411,71.221064
2026-07-09T12:30:19.923033,Raspberry_Relieve1,,,37.145,0.0,0,5.64,100.0,-1,0.0,,,,,,5629,1.08,0.001699,71.222763
2026-07-09T12:30:20.923133,Raspberry_Relieve1,,,37.146,0.0,0,5.64,100.0,-1,0.0,,,,,,5630,1.0,0.001573,71.224337
2026-07-09T12:30:21.923253,Raspberry_Relieve1,,,37.145,0.0,0,5.64,100.0,-1,0.0,,,,,,5631,1.04,0.001623,71.22596
2026-07-09T12:30:22.923362,Raspberry_Relieve1,,,37.145,0.0,0,5.64,100.0,-1,0.0,,,,,,5632,0.99,0.001552,71.227512
2026-07-09T12:30:23.923501,Raspberry_Relieve1,,,37.146,0.0,0,5.64,100.0,-1,0.0,,,,,,5633,0.97,0.00152,71.229032
2026-07-09T12:30:24.923593,Raspberry_Relieve1,,,37.145,0.0,0,5.64,100.0,-1,0.0,,,,,,5634,0.94,0.001476,71.230508
2026-07-09T12:30:25.923710,Raspberry_Relieve1,,,37.145,0.0,0,5.64,100.0,-1,0.0,,,,,,5635,1.06,0.001662,71.23217
2026-07-09T12:30:26.923820,Raspberry_Relieve1,,,37.145,0.0,0,5.64,100.0,-1,0.0,,,,,,5636,1.0,0.001565,71.233735
2026-07-09T12:30:27.923934,Raspberry_Relieve1,,,37.146,0.0,0,5.64,100.0,-1,0.0,,,,,,5637,1.02,0.001598,71.235334
2026-07-09T12:30:28.924023,Raspberry_Relieve1,,,37.146,0.0,0,5.64,100.0,-1,0.0,,,,,,5638,1.01,0.001584,71.236918
2026-07-09T12:30:29.924131,Raspberry_Relieve1,,,37.146,0.0,0,5.64,100.0,-1,0.0,,,,,,5639,1.07,0.001674,71.238591
2026-07-09T12:30:30.924226,Raspberry_Relieve1,,,37.146,0.0,0,5.64,100.0,-1,0.0,,,,,,5640,0.86,0.001341,71.239933
2026-07-09T12:30:31.924329,Raspberry_Relieve1,,,37.146,0.0,0,5.64,100.0,-1,0.0,,,,,,5641,1.17,0.001832,71.241765
2026-07-09T12:30:32.924479,Raspberry_Relieve1,,,37.146,0.0,0,5.64,100.0,-1,0.0,,,,,,5642,0.8,0.00125,71.243015
2026-07-09T12:30:33.924557,Raspberry_Relieve1,,,37.145,0.0,0,5.64,100.0,-1,0.0,,,,,,5643,1.1,0.001729,71.244744
2026-07-09T12:30:34.924672,Raspberry_Relieve1,,,37.146,0.0,0,5.64,100.0,-1,0.0,,,,,,5644,0.95,0.001484,71.246228
2026-07-09T12:30:35.924772,Raspberry_Relieve1,,,37.146,0.0,0,5.64,100.0,-1,0.0,,,,,,5645,1.08,0.00169,71.247918
2026-07-09T12:30:36.924895,Raspberry_Relieve1,,,37.145,0.0,0,5.64,100.0,-1,0.0,,,,,,5646,1.01,0.001588,71.249506
2026-07-09T12:30:37.924987,Raspberry_Relieve1,,,37.145,0.0,0,5.64,100.0,-1,0.0,,,,,,5647,0.98,0.001532,71.251038
2026-07-09T12:30:38.925165,Raspberry_Relieve1,,,37.147,0.0,0,5.64,100.0,-1,0.0,,,,,,5648,0.97,0.001521,71.252559
2026-07-09T12:30:39.925251,Raspberry_Relieve1,,,37.145,0.0,0,5.64,100.0,-1,0.0,,,,,,5649,1.09,0.001705,71.254264
2026-07-09T12:30:40.925360,Raspberry_Relieve1,,,37.145,0.0,0,5.64,100.0,-1,0.0,,,,,,5650,0.93,0.001465,71.255729
2026-07-09T12:30:41.925482,Raspberry_Relieve1,,,37.146,0.0,0,5.64,100.0,-1,0.0,,,,,,5651,0.95,0.001489,71.257218
2026-07-09T12:30:42.925600,Raspberry_Relieve1,,,37.144,0.0,0,5.64,100.0,-1,0.0,,,,,,5652,1.03,0.001619,71.258837
2026-07-09T12:30:43.925701,Raspberry_Relieve1,,,37.146,0.0,0,5.64,100.0,-1,0.0,,,,,,5653,0.96,0.001507,71.260344
2026-07-09T12:30:44.925816,Raspberry_Relieve1,,,37.144,0.0,0,5.64,100.0,-1,0.0,,,,,,5654,1.13,0.001767,71.262111
2026-07-09T12:30:45.925933,Raspberry_Relieve1,,,37.143,0.0,0,5.64,100.0,-1,0.0,,,,,,5655,0.88,0.001386,71.263498
2026-07-09T12:30:46.926027,Raspberry_Relieve1,,,37.144,0.0,0,5.64,100.0,-1,0.0,,,,,,5656,1.23,0.00193,71.265427
2026-07-09T12:30:47.926134,Raspberry_Relieve1,,,37.143,0.0,0,5.64,100.0,-1,0.0,,,,,,5657,0.74,0.001162,71.266589
2026-07-09T12:30:48.926259,Raspberry_Relieve1,,,37.143,0.0,0,5.64,100.0,-1,0.0,,,,,,5658,0.98,0.001538,71.268126
2026-07-09T12:30:49.926374,Raspberry_Relieve1,,,37.145,0.0,0,5.64,100.0,-1,0.0,,,,,,5659,0.98,0.00153,71.269656
2026-07-09T12:30:50.926479,Raspberry_Relieve1,,,37.143,0.0,0,5.64,100.0,-1,0.0,,,,,,5660,1.13,0.001769,71.271426
2026-07-09T12:30:51.926591,Raspberry_Relieve1,,,37.143,0.0,0,5.64,100.0,-1,0.0,,,,,,5661,1.09,0.00171,71.273136
2026-07-09T12:30:52.926699,Raspberry_Relieve1,,,37.144,0.0,0,5.64,100.0,-1,0.0,,,,,,5662,0.81,0.001274,71.27441
2026-07-09T12:30:53.926808,Raspberry_Relieve1,,,37.142,0.0,0,5.64,100.0,-1,0.0,,,,,,5663,1.06,0.001666,71.276076
2026-07-09T12:30:54.926916,Raspberry_Relieve1,,,37.143,0.0,0,5.64,100.0,-1,0.0,,,,,,5664,1.01,0.001579,71.277656
2026-07-09T12:30:55.927002,Raspberry_Relieve1,,,37.143,0.0,0,5.64,100.0,-1,0.0,,,,,,5665,1.01,0.001584,71.27924
2026-07-09T12:30:56.927120,Raspberry_Relieve1,,,37.144,0.0,0,5.64,100.0,-1,0.0,,,,,,5666,1.02,0.001598,71.280838
2026-07-09T12:30:57.927221,Raspberry_Relieve1,,,37.145,0.0,0,5.64,100.0,-1,0.0,,,,,,5667,0.93,0.001453,71.282291
2026-07-09T12:30:58.927331,Raspberry_Relieve1,,,37.143,0.0,0,5.64,100.0,-1,0.0,,,,,,5668,1.17,0.001831,71.284122
2026-07-09T12:30:59.927447,Raspberry_Relieve1,,,37.144,0.0,0,5.64,100.0,-1,0.0,,,,,,5669,0.86,0.001356,71.285478
2026-07-09T12:31:00.927529,Raspberry_Relieve1,,,37.144,0.0,0,5.64,100.0,-1,0.0,,,,,,5670,1.01,0.001585,71.287062
2026-07-09T12:31:01.927602,Raspberry_Relieve1,,,37.142,0.0,0,5.64,100.0,-1,0.0,,,,,,5671,0.91,0.001419,71.288482
2026-07-09T12:31:02.927691,Raspberry_Relieve1,,,37.143,0.0,0,5.64,100.0,-1,0.0,,,,,,5672,1.16,0.001817,71.290299
2026-07-09T12:31:03.927775,Raspberry_Relieve1,,,37.144,0.0,0,5.64,100.0,-1,0.0,,,,,,5673,0.92,0.001444,71.291743
2026-07-09T12:31:04.927851,Raspberry_Relieve1,,,37.144,0.0,0,5.64,100.0,-1,0.0,,,,,,5674,1.2,0.001886,71.293629
2026-07-09T12:31:05.927964,Raspberry_Relieve1,,,37.143,0.0,0,5.64,100.0,-1,0.0,,,,,,5675,0.78,0.001223,71.294853
2026-07-09T12:31:06.928082,Raspberry_Relieve1,,,37.143,0.0,0,5.64,100.0,-1,0.0,,,,,,5676,1.18,0.00185,71.296703
2026-07-09T12:31:07.928187,Raspberry_Relieve1,,,37.143,0.0,0,5.64,100.0,-1,0.0,,,,,,5677,0.8,0.001261,71.297964
2026-07-09T12:31:08.928297,Raspberry_Relieve1,,,37.142,0.0,0,5.64,100.0,-1,0.0,,,,,,5678,1.25,0.001955,71.299919
2026-07-09T12:31:09.928386,Raspberry_Relieve1,,,37.144,0.0,0,5.64,100.0,-1,0.0,,,,,,5679,0.77,0.001212,71.301131
2026-07-09T12:31:10.928554,Raspberry_Relieve1,,,37.143,0.0,0,5.64,100.0,-1,0.0,,,,,,5681,2.01,0.003156,71.304287
2026-07-09T12:31:12.365504,Raspberry_Relieve1,,,37.143,0.0,0,5.64,100.0,-1,0.0,,,,,,5682,0.66,0.001031,71.305317
2026-07-09T12:31:13.365693,Raspberry_Relieve1,,,37.147,0.0,0,5.64,100.0,-1,0.0,,,,,,5682,0.81,0.001265,71.306582
2026-07-09T12:31:14.365849,Raspberry_Relieve1,,,37.144,0.0,0,5.64,100.0,-1,0.0,,,,,,5683,0.91,0.001422,71.308004
2026-07-09T12:31:15.365954,Raspberry_Relieve1,,,37.144,0.0,0,5.64,100.0,-1,0.0,,,,,,5684,1.12,0.001754,71.309758
2026-07-09T12:31:35.385742,Raspberry_Relieve1,,,37.142,0.0,0,5.64,100.0,-1,0.0,,,,,,5704,20.01,0.031373,71.34113
2026-07-09T12:31:36.385947,Raspberry_Relieve1,,,37.144,0.0,0,5.64,100.0,-1,0.0,,,,,,5705,0.9,0.00141,71.34254
2026-07-09T12:31:37.386046,Raspberry_Relieve1,,,37.141,0.0,0,5.64,100.0,-1,0.0,,,,,,5706,1.03,0.001611,71.344151
2026-07-09T12:31:38.386126,Raspberry_Relieve1,,,37.134,0.0,0,5.64,100.0,-1,0.0,,,,,,5707,0.96,0.001504,71.345655
2026-07-09T12:31:39.386209,Raspberry_Relieve1,,,37.143,0.0,0,5.64,100.0,-1,0.0,,,,,,5708,1.04,0.001638,71.347294
2026-07-09T12:31:40.386298,Raspberry_Relieve1,,,37.142,0.0,0,5.64,100.0,-1,0.0,,,,,,5709,1.0,0.001575,71.348869
2026-07-09T12:31:41.386386,Raspberry_Relieve1,,,37.144,0.0,0,5.64,100.0,-1,0.0,,,,,,5710,1.02,0.001596,71.350465
2026-07-09T12:31:42.386518,Raspberry_Relieve1,,,37.144,0.0,0,5.64,100.0,-1,0.0,,,,,,5711,0.92,0.001437,71.351902
2026-07-09T12:31:43.386640,Raspberry_Relieve1,,,37.143,0.0,0,5.64,100.0,-1,0.0,,,,,,5712,1.09,0.001706,71.353607
2026-07-09T12:31:44.386760,Raspberry_Relieve1,,,37.144,0.0,0,5.64,100.0,-1,0.0,,,,,,5713,0.9,0.001405,71.355013
2026-07-09T12:31:45.386869,Raspberry_Relieve1,,,37.145,0.0,0,5.64,100.0,-1,0.0,,,,,,5714,1.07,0.001683,71.356696
2026-07-09T12:31:46.387007,Raspberry_Relieve1,,,37.146,0.0,0,5.64,100.0,-1,0.0,,,,,,5715,1.05,0.00164,71.358336
2026-07-09T12:31:47.387096,Raspberry_Relieve1,,,37.144,0.0,0,5.64,100.0,-1,0.0,,,,,,5716,0.93,0.001461,71.359797
2026-07-09T12:31:48.387167,Raspberry_Relieve1,,,37.142,0.0,0,5.64,100.0,-1,0.0,,,,,,5717,0.98,0.00154,71.361337
2026-07-09T12:31:49.387252,Raspberry_Relieve1,,,37.142,0.0,0,5.64,100.0,-1,0.0,,,,,,5718,0.96,0.001508,71.362845
2026-07-09T12:31:50.387343,Raspberry_Relieve1,,,37.144,0.0,0,5.64,100.0,-1,0.0,,,,,,5719,1.09,0.001713,71.364558
2026-07-09T12:31:51.387431,Raspberry_Relieve1,,,37.143,0.0,0,5.64,100.0,-1,0.0,,,,,,5720,0.95,0.001487,71.366045
2026-07-09T12:31:52.387560,Raspberry_Relieve1,,,37.142,0.0,0,5.64,100.0,-1,0.0,,,,,,5721,0.99,0.001556,71.367601
2026-07-09T12:31:53.387711,Raspberry_Relieve1,,,37.142,0.0,0,5.64,100.0,-1,0.0,,,,,,5722,1.07,0.001685,71.369286
2026-07-09T12:31:54.387814,Raspberry_Relieve1,,,37.142,0.0,0,5.64,100.0,-1,0.0,,,,,,5723,0.87,0.001368,71.370654
2026-07-09T12:31:55.387933,Raspberry_Relieve1,,,37.144,0.0,0,5.64,100.0,-1,0.0,,,,,,5725,1.22,0.00192,71.372574
2026-07-09T12:31:56.388063,Raspberry_Relieve1,,,37.143,0.0,0,5.64,100.0,-1,0.0,,,,,,5725,0.85,0.001325,71.373899
2026-07-09T12:31:57.388252,Raspberry_Relieve1,,,37.144,0.0,0,5.64,100.0,-1,0.0,,,,,,5726,1.05,0.00165,71.375549
2026-07-09T12:31:58.388381,Raspberry_Relieve1,,,37.144,0.0,0,5.64,100.0,-1,0.0,,,,,,5728,1.13,0.001778,71.377327
2026-07-09T12:31:59.388538,Raspberry_Relieve1,,,37.145,0.0,0,5.64,100.0,-1,0.0,,,,,,5728,0.82,0.001292,71.378619
2026-07-09T12:32:00.388656,Raspberry_Relieve1,,,37.143,0.0,0,5.64,100.0,-1,0.0,,,,,,5729,1.0,0.001573,71.380193
2026-07-09T12:32:01.388730,Raspberry_Relieve1,,,37.144,0.0,0,5.64,100.0,-1,0.0,,,,,,5730,0.91,0.001428,71.38162
2026-07-09T12:32:02.388819,Raspberry_Relieve1,,,37.142,0.0,0,5.64,100.0,-1,0.0,,,,,,5731,1.14,0.001794,71.383415
2026-07-09T12:32:03.388912,Raspberry_Relieve1,,,37.143,0.0,0,5.64,100.0,-1,0.0,,,,,,5732,0.95,0.001494,71.384908
2026-07-09T12:32:04.388998,Raspberry_Relieve1,,,37.143,0.0,0,5.64,100.0,-1,0.0,,,,,,5733,1.02,0.001603,71.386511
2026-07-09T12:32:05.389083,Raspberry_Relieve1,,,37.142,0.0,0,5.64,100.0,-1,0.0,,,,,,5734,0.96,0.001506,71.388017
2026-07-09T12:32:06.389229,Raspberry_Relieve1,,,37.141,0.0,0,5.64,100.0,-1,0.0,,,,,,5735,0.96,0.001503,71.38952
2026-07-09T12:32:07.389344,Raspberry_Relieve1,,,37.143,0.0,0,5.64,100.0,-1,0.0,,,,,,5736,1.11,0.001738,71.391258
2026-07-09T12:32:08.389487,Raspberry_Relieve1,,,37.143,0.0,0,5.64,100.0,-1,0.0,,,,,,5737,1.02,0.0016,71.392858
2026-07-09T12:32:09.389603,Raspberry_Relieve1,,,37.141,0.0,0,5.64,100.0,-1,0.0,,,,,,5739,1.02,0.001593,71.394451
2026-07-09T12:32:10.389734,Raspberry_Relieve1,,,37.142,0.0,0,5.64,100.0,-1,0.0,,,,,,5739,0.97,0.001516,71.395967
2026-07-09T12:32:11.389859,Raspberry_Relieve1,,,37.141,0.0,0,5.64,100.0,-1,0.0,,,,,,5741,1.04,0.001635,71.397602
2026-07-09T12:32:12.389967,Raspberry_Relieve1,,,37.141,0.0,0,5.64,100.0,-1,0.0,,,,,,5742,1.03,0.00161,71.399212
2026-07-09T12:32:13.390095,Raspberry_Relieve1,,,37.142,0.0,0,5.64,100.0,-1,0.0,,,,,,5742,0.83,0.001297,71.400509
2026-07-09T12:32:14.390206,Raspberry_Relieve1,,,37.144,0.0,0,5.64,100.0,-1,0.0,,,,,,5744,1.13,0.001773,71.402282
2026-07-09T12:32:15.390310,Raspberry_Relieve1,,,37.143,0.0,0,5.64,100.0,-1,0.0,,,,,,5744,0.85,0.001339,71.40362
2026-07-09T12:32:16.390433,Raspberry_Relieve1,,,37.142,0.0,0,5.64,100.0,-1,0.0,,,,,,5745,1.13,0.001772,71.405392
2026-07-09T12:32:17.390547,Raspberry_Relieve1,,,37.141,0.0,0,5.64,100.0,-1,0.0,,,,,,5746,0.97,0.001516,71.406908
2026-07-09T12:32:18.390716,Raspberry_Relieve1,,,37.141,0.0,0,5.64,100.0,-1,0.0,,,,,,5747,1.02,0.001599,71.408507
2026-07-09T12:32:19.390828,Raspberry_Relieve1,,,37.143,0.0,0,5.64,100.0,-1,0.0,,,,,,5748,0.94,0.00147,71.409977
2026-07-09T12:32:20.390956,Raspberry_Relieve1,,,37.144,0.0,0,5.64,100.0,-1,0.0,,,,,,5749,1.01,0.001584,71.411561
2026-07-09T12:32:21.391096,Raspberry_Relieve1,,,37.143,0.0,0,5.64,100.0,-1,0.0,,,,,,5750,1.03,0.001616,71.413177
2026-07-09T12:32:22.391204,Raspberry_Relieve1,,,37.142,0.0,0,5.64,100.0,-1,0.0,,,,,,5751,1.0,0.001571,71.414748
2026-07-09T12:32:23.391321,Raspberry_Relieve1,,,37.143,0.0,0,5.64,100.0,-1,0.0,,,,,,5752,0.98,0.001537,71.416285
2026-07-09T12:32:24.391445,Raspberry_Relieve1,,,37.143,0.0,0,5.64,100.0,-1,0.0,,,,,,5753,1.0,0.001568,71.417853
2026-07-09T12:32:25.391555,Raspberry_Relieve1,,,37.142,0.0,0,5.64,100.0,-1,0.0,,,,,,5754,1.01,0.001577,71.41943
2026-07-09T12:32:26.391681,Raspberry_Relieve1,,,37.143,0.0,0,5.64,100.0,-1,0.0,,,,,,5755,1.01,0.001578,71.421008
2026-07-09T12:32:27.391817,Raspberry_Relieve1,,,37.144,0.0,0,5.64,100.0,-1,0.0,,,,,,5756,0.97,0.001518,71.422527
2026-07-09T12:32:28.391932,Raspberry_Relieve1,,,37.143,0.0,0,5.64,100.0,-1,0.0,,,,,,5757,1.04,0.001635,71.424162
2026-07-09T12:32:29.392065,Raspberry_Relieve1,,,37.144,0.0,0,5.64,100.0,-1,0.0,,,,,,5758,0.98,0.001541,71.425703
2026-07-09T12:32:30.392172,Raspberry_Relieve1,,,37.142,0.0,0,5.64,100.0,-1,0.0,,,,,,5759,0.96,0.001508,71.427211
2026-07-09T12:32:31.392390,Raspberry_Relieve1,,,37.144,0.0,0,5.64,100.0,-1,0.0,,,,,,5760,0.98,0.00154,71.428751
2026-07-09T12:32:32.392539,Raspberry_Relieve1,,,37.143,0.0,0,5.64,100.0,-1,0.0,,,,,,5761,1.1,0.001732,71.430482
2026-07-09T12:32:33.392663,Raspberry_Relieve1,,,37.142,0.0,0,5.64,100.0,-1,0.0,,,,,,5762,0.94,0.001478,71.43196
2026-07-09T12:32:34.392797,Raspberry_Relieve1,,,37.141,0.0,0,5.64,100.0,-1,0.0,,,,,,5763,1.03,0.00161,71.43357
2026-07-09T12:32:35.392928,Raspberry_Relieve1,,,37.14,0.0,0,5.64,100.0,-1,0.0,,,,,,5764,0.92,0.001436,71.435006
2026-07-09T12:32:36.393054,Raspberry_Relieve1,,,37.141,0.0,0,5.64,100.0,-1,0.0,,,,,,5765,1.09,0.001712,71.436719
2026-07-09T12:32:37.393170,Raspberry_Relieve1,,,37.143,0.0,0,5.64,100.0,-1,0.0,,,,,,5766,1.0,0.001572,71.43829
2026-07-09T12:32:38.393294,Raspberry_Relieve1,,,37.141,0.0,0,5.64,100.0,-1,0.0,,,,,,5767,0.95,0.001485,71.439776
2026-07-09T12:32:39.393415,Raspberry_Relieve1,,,37.143,0.0,0,5.64,100.0,-1,0.0,,,,,,5768,0.94,0.001472,71.441248
2026-07-09T12:32:40.393533,Raspberry_Relieve1,,,37.143,0.0,0,5.64,100.0,-1,0.0,,,,,,5769,1.09,0.001702,71.44295
2026-07-09T12:32:41.393654,Raspberry_Relieve1,,,37.142,0.0,0,5.64,100.0,-1,0.0,,,,,,5770,0.93,0.00146,71.44441
2026-07-09T12:32:42.393760,Raspberry_Relieve1,,,37.143,0.0,0,5.64,100.0,-1,0.0,,,,,,5771,1.08,0.001696,71.446106
2026-07-09T12:32:43.393897,Raspberry_Relieve1,,,37.143,0.0,0,5.64,100.0,-1,0.0,,,,,,5772,1.03,0.00161,71.447716
2026-07-09T12:32:44.394033,Raspberry_Relieve1,,,37.142,0.0,0,5.64,100.0,-1,0.0,,,,,,5773,0.91,0.001429,71.449145
2026-07-09T12:32:45.394148,Raspberry_Relieve1,,,37.144,0.0,0,5.64,100.0,-1,0.0,,,,,,5775,1.14,0.001783,71.450928
2026-07-09T12:32:46.394298,Raspberry_Relieve1,,,37.144,0.0,0,5.64,100.0,-1,0.0,,,,,,5775,0.84,0.00131,71.452238
2026-07-09T12:32:47.394409,Raspberry_Relieve1,,,37.141,0.0,0,5.64,100.0,-1,0.0,,,,,,5776,1.02,0.001594,71.453832
2026-07-09T12:32:48.394526,Raspberry_Relieve1,,,37.143,0.0,0,5.64,100.0,-1,0.0,,,,,,5777,1.08,0.001695,71.455527
2026-07-09T12:32:49.394658,Raspberry_Relieve1,,,37.142,0.0,0,5.64,100.0,-1,0.0,,,,,,5778,1.02,0.001593,71.45712
2026-07-09T12:32:50.394778,Raspberry_Relieve1,,,37.142,0.0,0,5.64,100.0,-1,0.0,,,,,,5780,1.02,0.001593,71.458713
2026-07-09T12:32:51.394899,Raspberry_Relieve1,,,37.143,0.0,0,5.64,100.0,-1,0.0,,,,,,5780,0.93,0.001453,71.460165
2026-07-09T12:32:52.395028,Raspberry_Relieve1,,,37.142,0.0,0,5.64,100.0,-1,0.0,,,,,,5781,1.0,0.001569,71.461734
2026-07-09T12:32:53.395160,Raspberry_Relieve1,,,37.142,0.0,0,5.64,100.0,-1,0.0,,,,,,5782,1.03,0.001609,71.463343
2026-07-09T12:32:54.395289,Raspberry_Relieve1,,,37.142,0.0,0,5.64,100.0,-1,0.0,,,,,,5783,0.93,0.001461,71.464804
2026-07-09T12:32:55.395423,Raspberry_Relieve1,,,37.142,0.0,0,5.64,100.0,-1,0.0,,,,,,5785,1.13,0.001765,71.466568
2026-07-09T12:32:56.395552,Raspberry_Relieve1,,,37.142,0.0,0,5.64,100.0,-1,0.0,,,,,,5785,0.93,0.001457,71.468026
2026-07-09T12:32:57.395652,Raspberry_Relieve1,,,37.142,0.0,0,5.64,100.0,-1,0.0,,,,,,5786,0.97,0.001524,71.46955
2026-07-09T12:32:58.395783,Raspberry_Relieve1,,,37.143,0.0,0,5.64,100.0,-1,0.0,,,,,,5787,0.95,0.00149,71.47104
2026-07-09T12:32:59.395894,Raspberry_Relieve1,,,37.142,0.0,0,5.64,100.0,-1,0.0,,,,,,5788,1.02,0.001603,71.472642
2026-07-09T12:33:00.396014,Raspberry_Relieve1,,,37.142,0.0,0,5.64,100.0,-1,0.0,,,,,,5789,1.08,0.001687,71.474329
2026-07-09T12:33:01.396096,Raspberry_Relieve1,,,37.141,0.0,0,5.64,100.0,-1,0.0,,,,,,5790,0.99,0.001549,71.475879
2026-07-09T12:33:02.396175,Raspberry_Relieve1,,,37.142,0.0,0,5.64,100.0,-1,0.0,,,,,,5791,0.89,0.001401,71.47728
2026-07-09T12:33:03.396258,Raspberry_Relieve1,,,37.14,0.0,0,5.64,100.0,-1,0.0,,,,,,5792,1.1,0.001723,71.479003
2026-07-09T12:33:04.396349,Raspberry_Relieve1,,,37.141,0.0,0,5.64,100.0,-1,0.0,,,,,,5793,1.02,0.001597,71.480599
2026-07-09T12:33:05.396462,Raspberry_Relieve1,,,37.141,0.0,0,5.64,100.0,-1,0.0,,,,,,5794,0.92,0.00144,71.482039
2026-07-09T12:33:06.396590,Raspberry_Relieve1,,,37.141,0.0,0,5.64,100.0,-1,0.0,,,,,,5795,1.01,0.001587,71.483626
2026-07-09T12:33:07.396701,Raspberry_Relieve1,,,37.141,0.0,0,5.64,100.0,-1,0.0,,,,,,5796,1.01,0.001581,71.485207
2026-07-09T12:33:08.396843,Raspberry_Relieve1,,,37.14,0.0,0,5.64,100.0,-1,0.0,,,,,,5797,1.05,0.001643,71.486849
2026-07-09T12:33:09.397002,Raspberry_Relieve1,,,37.142,0.0,0,5.64,100.0,-1,0.0,,,,,,5798,1.0,0.001573,71.488422
2026-07-09T12:33:10.397120,Raspberry_Relieve1,,,37.141,0.0,0,5.64,100.0,-1,0.0,,,,,,5799,0.96,0.001508,71.48993
2026-07-09T12:33:11.397236,Raspberry_Relieve1,,,37.141,0.0,0,5.64,100.0,-1,0.0,,,,,,5800,1.03,0.00162,71.491551
2026-07-09T12:33:12.397389,Raspberry_Relieve1,,,37.141,0.0,0,5.64,100.0,-1,0.0,,,,,,5801,0.98,0.001543,71.493093
2026-07-09T12:33:13.397504,Raspberry_Relieve1,,,37.141,0.0,0,5.64,100.0,-1,0.0,,,,,,5802,1.02,0.001594,71.494688
2026-07-09T12:33:14.397616,Raspberry_Relieve1,,,37.141,0.0,0,5.64,100.0,-1,0.0,,,,,,5803,1.0,0.00156,71.496248
2026-07-09T12:33:15.397742,Raspberry_Relieve1,,,37.14,0.0,0,5.64,100.0,-1,0.0,,,,,,5804,1.02,0.001598,71.497847
2026-07-09T12:33:16.397845,Raspberry_Relieve1,,,37.141,0.0,0,5.64,100.0,-1,0.0,,,,,,5805,0.95,0.001483,71.499329
2026-07-09T12:33:17.397968,Raspberry_Relieve1,,,37.141,0.0,0,5.64,100.0,-1,0.0,,,,,,5806,0.96,0.001506,71.500835
2026-07-09T12:33:18.398090,Raspberry_Relieve1,,,37.14,0.0,0,5.64,100.0,-1,0.0,,,,,,5807,1.05,0.001649,71.502484
2026-07-09T12:33:19.398291,Raspberry_Relieve1,,,37.14,0.0,0,5.64,100.0,-1,0.0,,,,,,5808,1.04,0.001632,71.504116
2026-07-09T12:33:20.398409,Raspberry_Relieve1,,,37.142,0.0,0,5.64,100.0,-1,0.0,,,,,,5809,0.96,0.001497,71.505613
2026-07-09T12:33:21.398596,Raspberry_Relieve1,,,37.141,0.0,0,5.64,100.0,-1,0.0,,,,,,5810,0.96,0.0015,71.507114
2026-07-09T12:33:22.398710,Raspberry_Relieve1,,,37.141,0.0,0,5.64,100.0,-1,0.0,,,,,,5811,1.02,0.001599,71.508712
2026-07-09T12:33:23.398849,Raspberry_Relieve1,,,37.142,0.0,0,5.64,100.0,-1,0.0,,,,,,5812,1.03,0.00162,71.510332
2026-07-09T12:33:24.398970,Raspberry_Relieve1,,,37.14,0.0,0,5.64,100.0,-1,0.0,,,,,,5813,0.96,0.001502,71.511834
2026-07-09T12:33:25.399114,Raspberry_Relieve1,,,37.141,0.0,0,5.64,100.0,-1,0.0,,,,,,5814,1.02,0.001601,71.513435
2026-07-09T12:33:26.399235,Raspberry_Relieve1,,,37.142,0.0,0,5.64,100.0,-1,0.0,,,,,,5815,0.95,0.001489,71.514925
2026-07-09T12:33:27.399373,Raspberry_Relieve1,,,37.139,0.0,0,5.64,100.0,-1,0.0,,,,,,5816,1.06,0.001663,71.516588
2026-07-09T12:33:28.399489,Raspberry_Relieve1,,,37.14,0.0,0,5.64,100.0,-1,0.0,,,,,,5817,1.04,0.001629,71.518217
2026-07-09T12:33:29.399606,Raspberry_Relieve1,,,37.14,0.0,0,5.64,100.0,-1,0.0,,,,,,5818,0.91,0.001427,71.519644
2026-07-09T12:33:30.399718,Raspberry_Relieve1,,,37.141,0.0,0,5.64,100.0,-1,0.0,,,,,,5819,1.07,0.001679,71.521323
2026-07-09T12:33:31.399840,Raspberry_Relieve1,,,37.141,0.0,0,5.64,100.0,-1,0.0,,,,,,5820,1.0,0.001568,71.522891
2026-07-09T12:33:32.399952,Raspberry_Relieve1,,,37.14,0.0,0,5.64,100.0,-1,0.0,,,,,,5821,0.98,0.001531,71.524422
2026-07-09T12:33:33.400068,Raspberry_Relieve1,,,37.14,0.0,0,5.64,100.0,-1,0.0,,,,,,5823,1.09,0.001715,71.526138
2026-07-09T12:33:34.400177,Raspberry_Relieve1,,,37.141,0.0,0,5.64,100.0,-1,0.0,,,,,,5823,0.87,0.001356,71.527494
2026-07-09T12:33:35.400295,Raspberry_Relieve1,,,37.14,0.0,0,5.64,100.0,-1,0.0,,,,,,5825,1.21,0.001903,71.529397
2026-07-09T12:33:36.400406,Raspberry_Relieve1,,,37.138,0.0,0,5.64,100.0,-1,0.0,,,,,,5825,0.79,0.001244,71.53064
2026-07-09T12:33:37.400530,Raspberry_Relieve1,,,37.142,0.0,0,5.64,100.0,-1,0.0,,,,,,5826,1.07,0.001672,71.532313
2026-07-09T12:33:38.400647,Raspberry_Relieve1,,,37.139,0.0,0,5.64,100.0,-1,0.0,,,,,,5827,0.89,0.0014,71.533712
2026-07-09T12:33:39.400764,Raspberry_Relieve1,,,37.139,0.0,0,5.64,100.0,-1,0.0,,,,,,5828,1.11,0.001741,71.535453
2026-07-09T12:33:40.400875,Raspberry_Relieve1,,,37.138,0.0,0,5.64,100.0,-1,0.0,,,,,,5829,1.02,0.001594,71.537047
2026-07-09T12:33:41.400988,Raspberry_Relieve1,,,37.139,0.0,0,5.64,100.0,-1,0.0,,,,,,5831,1.02,0.0016,71.538647
2026-07-09T12:33:42.401098,Raspberry_Relieve1,,,37.139,0.0,0,5.64,100.0,-1,0.0,,,,,,5831,0.95,0.001496,71.540143
2026-07-09T12:33:43.401214,Raspberry_Relieve1,,,37.14,0.0,0,5.64,100.0,-1,0.0,,,,,,5832,1.0,0.00157,71.541713
2026-07-09T12:33:44.401338,Raspberry_Relieve1,,,37.14,0.0,0,5.64,100.0,-1,0.0,,,,,,5833,0.99,0.001551,71.543265
2026-07-09T12:33:45.401455,Raspberry_Relieve1,,,37.14,0.0,0,5.64,100.0,-1,0.0,,,,,,5834,1.01,0.001577,71.544841
2026-07-09T12:33:46.401554,Raspberry_Relieve1,,,37.139,0.0,0,5.64,100.0,-1,0.0,,,,,,5835,0.91,0.001421,71.546262
2026-07-09T12:33:47.401663,Raspberry_Relieve1,,,37.141,0.0,0,5.64,100.0,-1,0.0,,,,,,5836,1.04,0.001636,71.547898
2026-07-09T12:33:48.401770,Raspberry_Relieve1,,,37.141,0.0,0,5.64,100.0,-1,0.0,,,,,,5837,1.08,0.001693,71.549591
2026-07-09T12:33:49.401881,Raspberry_Relieve1,,,37.141,0.0,0,5.64,100.0,-1,0.0,,,,,,5838,1.0,0.001573,71.551164
2026-07-09T12:33:50.402088,Raspberry_Relieve1,,,37.141,0.0,0,5.64,100.0,-1,0.0,,,,,,5840,1.03,0.001608,71.552772
2026-07-09T12:33:51.402195,Raspberry_Relieve1,,,37.139,0.0,0,5.64,100.0,-1,0.0,,,,,,5841,1.02,0.001602,71.554374
2026-07-09T12:33:52.402319,Raspberry_Relieve1,,,37.14,0.0,0,5.64,100.0,-1,0.0,,,,,,5842,0.97,0.00152,71.555895
2026-07-09T12:33:53.402421,Raspberry_Relieve1,,,37.14,0.0,0,5.64,100.0,-1,0.0,,,,,,5842,0.92,0.001442,71.557337
2026-07-09T12:33:54.402526,Raspberry_Relieve1,,,37.14,0.0,0,5.64,100.0,-1,0.0,,,,,,5843,1.04,0.001634,71.558971
2026-07-09T12:33:55.402639,Raspberry_Relieve1,,,37.14,0.0,0,5.64,100.0,-1,0.0,,,,,,5845,1.08,0.0017,71.560671
2026-07-09T12:33:56.402751,Raspberry_Relieve1,,,37.14,0.0,0,5.64,100.0,-1,0.0,,,,,,5846,1.38,0.002168,71.562839
2026-07-09T12:33:57.402852,Raspberry_Relieve1,,,37.139,0.0,0,5.64,100.0,-1,0.0,,,,,,5846,0.5,0.000788,71.563627
2026-07-09T12:33:58.403063,Raspberry_Relieve1,,,37.14,0.0,0,5.64,100.0,-1,0.0,,,,,,5847,1.02,0.001597,71.565223
2026-07-09T12:33:59.403268,Raspberry_Relieve1,,,37.139,0.0,0,5.64,100.0,-1,0.0,,,,,,5848,0.99,0.00155,71.566773
2026-07-09T12:34:00.403477,Raspberry_Relieve1,,,37.138,0.0,0,5.64,100.0,-1,0.0,,,,,,5849,1.03,0.001617,71.56839
2026-07-09T12:34:01.403597,Raspberry_Relieve1,,,37.139,0.0,0,5.64,100.0,-1,0.0,,,,,,5850,0.89,0.001398,71.569788
2026-07-09T12:34:02.403701,Raspberry_Relieve1,,,37.138,0.0,0,5.64,100.0,-1,0.0,,,,,,5851,1.06,0.001662,71.571451
2026-07-09T12:34:03.403916,Raspberry_Relieve1,,,37.139,0.0,0,5.64,100.0,-1,0.0,,,,,,5852,1.04,0.001624,71.573075
2026-07-09T12:34:04.404017,Raspberry_Relieve1,,,37.138,0.0,0,5.64,100.0,-1,0.0,,,,,,5853,1.0,0.00157,71.574645
2026-07-09T12:34:05.404126,Raspberry_Relieve1,,,37.138,0.0,0,5.64,100.0,-1,0.0,,,,,,5854,0.9,0.001416,71.576061
2026-07-09T12:34:06.404246,Raspberry_Relieve1,,,37.139,0.0,0,5.64,100.0,-1,0.0,,,,,,5855,1.09,0.001714,71.577775
2026-07-09T12:34:07.404370,Raspberry_Relieve1,,,37.138,0.0,0,5.64,100.0,-1,0.0,,,,,,5856,0.98,0.001534,71.57931
2026-07-09T12:34:08.404587,Raspberry_Relieve1,,,37.138,0.0,0,5.64,100.0,-1,0.0,,,,,,5857,1.02,0.001598,71.580908
2026-07-09T12:34:09.404709,Raspberry_Relieve1,,,37.138,0.0,0,5.64,100.0,-1,0.0,,,,,,5858,0.91,0.001423,71.582331
2026-07-09T12:34:10.404810,Raspberry_Relieve1,,,37.139,0.0,0,5.64,100.0,-1,0.0,,,,,,5859,1.1,0.001721,71.584052
2026-07-09T12:34:11.404928,Raspberry_Relieve1,,,37.139,0.0,0,5.64,100.0,-1,0.0,,,,,,5860,0.96,0.001499,71.585552
2026-07-09T12:34:12.405033,Raspberry_Relieve1,,,37.139,0.0,0,5.64,100.0,-1,0.0,,,,,,5861,0.98,0.001543,71.587095
2026-07-09T12:34:13.405146,Raspberry_Relieve1,,,37.139,0.0,0,5.64,100.0,-1,0.0,,,,,,5862,0.96,0.0015,71.588595
2026-07-09T12:34:14.405264,Raspberry_Relieve1,,,37.14,0.0,0,5.64,100.0,-1,0.0,,,,,,5863,1.08,0.001693,71.590288
2026-07-09T12:34:15.405376,Raspberry_Relieve1,,,37.139,0.0,0,5.64,100.0,-1,0.0,,,,,,5864,1.02,0.0016,71.591888
2026-07-09T12:34:16.405479,Raspberry_Relieve1,,,37.139,0.0,0,5.64,100.0,-1,0.0,,,,,,5865,0.93,0.001459,71.593347
2026-07-09T12:34:17.405582,Raspberry_Relieve1,,,37.139,0.0,0,5.64,100.0,-1,0.0,,,,,,5866,1.07,0.001677,71.595024
2026-07-09T12:34:18.405690,Raspberry_Relieve1,,,37.14,0.0,0,5.64,100.0,-1,0.0,,,,,,5867,0.9,0.001413,71.596437
2026-07-09T12:34:19.405793,Raspberry_Relieve1,,,37.141,0.0,0,5.64,100.0,-1,0.0,,,,,,5868,1.08,0.0017,71.598137
2026-07-09T12:34:20.405905,Raspberry_Relieve1,,,37.139,0.0,0,5.64,100.0,-1,0.0,,,,,,5869,1.01,0.001585,71.599722
2026-07-09T12:34:21.406011,Raspberry_Relieve1,,,37.139,0.0,0,5.64,100.0,-1,0.0,,,,,,5870,0.99,0.001547,71.601269
2026-07-09T12:34:22.406123,Raspberry_Relieve1,,,37.14,0.0,0,5.64,100.0,-1,0.0,,,,,,5871,1.0,0.001575,71.602844
2026-07-09T12:34:23.406227,Raspberry_Relieve1,,,37.139,0.0,0,5.64,100.0,-1,0.0,,,,,,5872,1.02,0.001602,71.604445
2026-07-09T12:34:24.406343,Raspberry_Relieve1,,,37.139,0.0,0,5.64,100.0,-1,0.0,,,,,,5873,1.0,0.001568,71.606013
2026-07-09T12:34:25.406457,Raspberry_Relieve1,,,37.138,0.0,0,5.64,100.0,-1,0.0,,,,,,5874,0.9,0.001411,71.607424
2026-07-09T12:34:26.406563,Raspberry_Relieve1,,,37.139,0.0,0,5.64,100.0,-1,0.0,,,,,,5875,1.01,0.001579,71.609003
2026-07-09T12:34:27.406684,Raspberry_Relieve1,,,37.138,0.0,0,5.64,100.0,-1,0.0,,,,,,5876,1.08,0.001688,71.610691
2026-07-09T12:34:28.406909,Raspberry_Relieve1,,,37.138,0.0,0,5.64,100.0,-1,0.0,,,,,,5877,0.93,0.001465,71.612156
2026-07-09T12:34:29.407125,Raspberry_Relieve1,,,37.137,0.0,0,5.64,100.0,-1,0.0,,,,,,5878,0.98,0.001536,71.613692
2026-07-09T12:34:30.407243,Raspberry_Relieve1,,,37.139,0.0,0,5.64,100.0,-1,0.0,,,,,,5879,1.06,0.001668,71.615361
2026-07-09T12:34:31.407354,Raspberry_Relieve1,,,37.139,0.0,0,5.64,100.0,-1,0.0,,,,,,5880,1.02,0.001606,71.616966
2026-07-09T12:34:32.407486,Raspberry_Relieve1,,,37.139,0.0,0,5.64,100.0,-1,0.0,,,,,,5881,0.97,0.001525,71.618492
2026-07-09T12:34:33.407584,Raspberry_Relieve1,,,37.141,0.0,0,5.64,100.0,-1,0.0,,,,,,5882,0.99,0.001559,71.62005
2026-07-09T12:34:34.407704,Raspberry_Relieve1,,,37.139,0.0,0,5.64,100.0,-1,0.0,,,,,,5884,1.09,0.001704,71.621754
2026-07-09T12:34:35.407822,Raspberry_Relieve1,,,37.14,0.0,0,5.64,100.0,-1,0.0,,,,,,5884,0.9,0.001405,71.623159
2026-07-09T12:34:36.407934,Raspberry_Relieve1,,,37.139,0.0,0,5.64,100.0,-1,0.0,,,,,,5886,1.1,0.00173,71.624889
2026-07-09T12:34:37.408041,Raspberry_Relieve1,,,37.14,0.0,0,5.64,100.0,-1,0.0,,,,,,5887,0.99,0.001548,71.626436
2026-07-09T12:34:38.408149,Raspberry_Relieve1,,,37.139,0.0,0,5.64,100.0,-1,0.0,,,,,,5887,0.95,0.001489,71.627925
2026-07-09T12:34:39.408333,Raspberry_Relieve1,,,37.14,0.0,0,5.64,100.0,-1,0.0,,,,,,5888,1.0,0.00157,71.629495
2026-07-09T12:34:40.408486,Raspberry_Relieve1,,,37.138,0.0,0,5.64,100.0,-1,0.0,,,,,,5889,0.98,0.001541,71.631037
2026-07-09T12:34:41.408559,Raspberry_Relieve1,,,37.139,0.0,0,5.64,100.0,-1,0.0,,,,,,5890,0.96,0.0015,71.632537
2026-07-09T12:34:42.408665,Raspberry_Relieve1,,,37.139,0.0,0,5.64,100.0,-1,0.0,,,,,,5891,1.0,0.001563,71.6341
2026-07-09T12:34:43.408831,Raspberry_Relieve1,,,37.14,0.0,0,5.64,100.0,-1,0.0,,,,,,5892,1.06,0.001659,71.635759
2026-07-09T12:34:44.408940,Raspberry_Relieve1,,,37.139,0.0,0,5.64,100.0,-1,0.0,,,,,,5893,0.94,0.001479,71.637238
2026-07-09T12:34:45.409041,Raspberry_Relieve1,,,37.139,0.0,0,5.64,100.0,-1,0.0,,,,,,5894,0.98,0.001535,71.638773
2026-07-09T12:34:46.409208,Raspberry_Relieve1,,,37.138,0.0,0,5.64,100.0,-1,0.0,,,,,,5895,1.1,0.001727,71.6405
2026-07-09T12:34:47.409379,Raspberry_Relieve1,,,37.139,0.0,0,5.64,100.0,-1,0.0,,,,,,5896,0.92,0.001449,71.641949
2026-07-09T12:34:48.409520,Raspberry_Relieve1,,,37.14,0.0,0,5.64,100.0,-1,0.0,,,,,,5897,1.05,0.00165,71.643599
2026-07-09T12:34:49.409642,Raspberry_Relieve1,,,37.14,0.0,0,5.64,100.0,-1,0.0,,,,,,5899,1.05,0.001648,71.645247
2026-07-09T12:34:50.409743,Raspberry_Relieve1,,,37.138,0.0,0,5.64,100.0,-1,0.0,,,,,,5899,0.87,0.001367,71.646615
2026-07-09T12:34:51.409851,Raspberry_Relieve1,,,37.138,0.0,0,5.64,100.0,-1,0.0,,,,,,5900,1.11,0.001742,71.648357
2026-07-09T12:34:52.409968,Raspberry_Relieve1,,,37.14,0.0,0,5.64,100.0,-1,0.0,,,,,,5901,0.97,0.001526,71.649883
2026-07-09T12:34:53.410142,Raspberry_Relieve1,,,37.14,0.0,0,5.64,100.0,-1,0.0,,,,,,5902,0.92,0.001438,71.651321
2026-07-09T12:34:54.410260,Raspberry_Relieve1,,,37.139,0.0,0,5.64,100.0,-1,0.0,,,,,,5903,1.05,0.001646,71.652967
2026-07-09T12:34:55.410387,Raspberry_Relieve1,,,37.139,0.0,0,5.64,100.0,-1,0.0,,,,,,5904,1.01,0.001587,71.654554
2026-07-09T12:34:56.410499,Raspberry_Relieve1,,,37.139,0.0,0,5.64,100.0,-1,0.0,,,,,,5905,1.0,0.00156,71.656114
2026-07-09T12:34:57.410617,Raspberry_Relieve1,,,37.14,0.0,0,5.64,100.0,-1,0.0,,,,,,5906,1.03,0.00161,71.657724
2026-07-09T12:34:58.410738,Raspberry_Relieve1,,,37.139,0.0,0,5.64,100.0,-1,0.0,,,,,,5908,1.04,0.001625,71.659349
2026-07-09T12:34:59.410846,Raspberry_Relieve1,,,37.138,0.0,0,5.64,100.0,-1,0.0,,,,,,5908,0.85,0.001333,71.660682
2026-07-09T12:35:00.410961,Raspberry_Relieve1,,,37.138,0.0,0,5.64,100.0,-1,0.0,,,,,,5909,1.11,0.001744,71.662426
2026-07-09T12:35:01.411126,Raspberry_Relieve1,,,37.139,0.0,0,5.64,100.0,-1,0.0,,,,,,5910,0.99,0.001554,71.66398
2026-07-09T12:35:02.411248,Raspberry_Relieve1,,,37.139,0.0,0,5.64,100.0,-1,0.0,,,,,,5911,0.93,0.001463,71.665442
2026-07-09T12:35:03.411360,Raspberry_Relieve1,,,37.139,0.0,0,5.64,100.0,-1,0.0,,,,,,5913,1.12,0.001748,71.66719
2026-07-09T12:35:04.411539,Raspberry_Relieve1,,,37.141,0.0,0,5.64,100.0,-1,0.0,,,,,,5913,0.98,0.001541,71.668731
2026-07-09T12:35:05.411659,Raspberry_Relieve1,,,37.139,0.0,0,5.64,100.0,-1,0.0,,,,,,5914,0.89,0.001394,71.670125
2026-07-09T12:35:06.411832,Raspberry_Relieve1,,,37.138,0.0,0,5.64,100.0,-1,0.0,,,,,,5915,1.06,0.001669,71.671794
2026-07-09T12:35:07.411957,Raspberry_Relieve1,,,37.138,0.0,0,5.64,100.0,-1,0.0,,,,,,5916,0.99,0.001554,71.673347
2026-07-09T12:35:08.412069,Raspberry_Relieve1,,,37.14,0.0,0,5.64,100.0,-1,0.0,,,,,,5917,0.97,0.001516,71.674864
2026-07-09T12:35:09.412181,Raspberry_Relieve1,,,37.138,0.0,0,5.64,100.0,-1,0.0,,,,,,5918,1.06,0.001659,71.676523
2026-07-09T12:35:10.412371,Raspberry_Relieve1,,,37.14,0.0,0,5.64,100.0,-1,0.0,,,,,,5919,1.04,0.001629,71.678152
2026-07-09T12:35:11.412567,Raspberry_Relieve1,,,37.138,0.0,0,5.64,100.0,-1,0.0,,,,,,5920,0.94,0.001467,71.679619
2026-07-09T12:35:12.412724,Raspberry_Relieve1,,,37.139,0.0,0,5.64,100.0,-1,0.0,,,,,,5922,1.09,0.001702,71.681321
2026-07-09T12:35:13.412852,Raspberry_Relieve1,,,37.139,0.0,0,5.64,100.0,-1,0.0,,,,,,5922,0.96,0.001505,71.682826
2026-07-09T12:35:14.412966,Raspberry_Relieve1,,,37.14,0.0,0,5.64,100.0,-1,0.0,,,,,,5924,1.02,0.001601,71.684427
2026-07-09T12:35:15.413134,Raspberry_Relieve1,,,37.139,0.0,0,5.64,100.0,-1,0.0,,,,,,5924,0.98,0.001534,71.685961
2026-07-09T12:35:16.413258,Raspberry_Relieve1,,,37.139,0.0,0,5.64,100.0,-1,0.0,,,,,,5925,1.01,0.001576,71.687537
2026-07-09T12:35:17.413426,Raspberry_Relieve1,,,37.139,0.0,0,5.64,100.0,-1,0.0,,,,,,5926,1.01,0.001584,71.689121
2026-07-09T12:35:18.413597,Raspberry_Relieve1,,,37.139,0.0,0,5.64,100.0,-1,0.0,,,,,,5927,0.95,0.001492,71.690613
2026-07-09T12:35:19.413718,Raspberry_Relieve1,,,37.139,0.0,0,5.64,100.0,-1,0.0,,,,,,5929,1.06,0.001658,71.692272
2026-07-09T12:35:20.413840,Raspberry_Relieve1,,,37.141,0.0,0,5.64,100.0,-1,0.0,,,,,,5929,0.9,0.001415,71.693687
2026-07-09T12:35:21.413955,Raspberry_Relieve1,,,37.138,0.0,0,5.64,100.0,-1,0.0,,,,,,5930,1.07,0.001678,71.695365
2026-07-09T12:35:22.414132,Raspberry_Relieve1,,,37.138,0.0,0,5.64,100.0,-1,0.0,,,,,,5931,0.99,0.001559,71.696923
2026-07-09T12:35:23.414243,Raspberry_Relieve1,,,37.139,0.0,0,5.64,100.0,-1,0.0,,,,,,5932,0.98,0.00153,71.698453
2026-07-09T12:35:24.414365,Raspberry_Relieve1,,,37.139,0.0,0,5.64,100.0,-1,0.0,,,,,,5933,1.04,0.001623,71.700076
2026-07-09T12:35:25.414492,Raspberry_Relieve1,,,37.139,0.0,0,5.64,100.0,-1,0.0,,,,,,5934,0.96,0.001504,71.70158
2026-07-09T12:35:26.414627,Raspberry_Relieve1,,,37.139,0.0,0,5.64,100.0,-1,0.0,,,,,,5935,1.03,0.001615,71.703195
2026-07-09T12:35:27.414804,Raspberry_Relieve1,,,37.139,0.0,0,5.64,100.0,-1,0.0,,,,,,5936,1.01,0.001576,71.704771
2026-07-09T12:35:28.414940,Raspberry_Relieve1,,,37.139,0.0,0,5.64,100.0,-1,0.0,,,,,,5937,1.0,0.001562,71.706334
2026-07-09T12:35:29.415067,Raspberry_Relieve1,,,37.14,0.0,0,5.64,100.0,-1,0.0,,,,,,5938,0.93,0.001459,71.707793
2026-07-09T12:35:30.415185,Raspberry_Relieve1,,,37.139,0.0,0,5.64,100.0,-1,0.0,,,,,,5939,1.03,0.001617,71.70941
2026-07-09T12:35:31.415310,Raspberry_Relieve1,,,37.139,0.0,0,5.64,100.0,-1,0.0,,,,,,5940,0.96,0.0015,71.71091
2026-07-09T12:35:32.415474,Raspberry_Relieve1,,,37.139,0.0,0,5.64,100.0,-1,0.0,,,,,,5941,1.08,0.0017,71.71261
2026-07-09T12:35:33.415598,Raspberry_Relieve1,,,37.14,0.0,0,5.64,100.0,-1,0.0,,,,,,5942,0.95,0.001493,71.714103
2026-07-09T12:35:34.415731,Raspberry_Relieve1,,,37.141,0.0,0,5.64,100.0,-1,0.0,,,,,,5944,1.07,0.001675,71.715778
2026-07-09T12:35:35.415849,Raspberry_Relieve1,,,37.138,0.0,0,5.64,100.0,-1,0.0,,,,,,5944,0.96,0.001506,71.717285
2026-07-09T12:35:36.416020,Raspberry_Relieve1,,,37.138,0.0,0,5.64,100.0,-1,0.0,,,,,,5945,0.95,0.001483,71.718768
2026-07-09T12:35:37.416144,Raspberry_Relieve1,,,37.138,0.0,0,5.64,100.0,-1,0.0,,,,,,5946,1.05,0.001648,71.720416
2026-07-09T12:35:38.416313,Raspberry_Relieve1,,,37.139,0.0,0,5.64,100.0,-1,0.0,,,,,,5947,0.92,0.001444,71.72186
2026-07-09T12:35:39.416474,Raspberry_Relieve1,,,37.138,0.0,0,5.64,100.0,-1,0.0,,,,,,5949,1.15,0.0018,71.72366
2026-07-09T12:35:40.416568,Raspberry_Relieve1,,,37.138,0.0,0,5.64,100.0,-1,0.0,,,,,,5949,0.89,0.001391,71.725051
2026-07-09T12:35:41.416734,Raspberry_Relieve1,,,37.138,0.0,0,5.64,100.0,-1,0.0,,,,,,5950,1.08,0.001686,71.726737
2026-07-09T12:35:42.416863,Raspberry_Relieve1,,,37.14,0.0,0,5.64,100.0,-1,0.0,,,,,,5951,0.89,0.001389,71.728127
2026-07-09T12:35:43.416979,Raspberry_Relieve1,,,37.138,0.0,0,5.64,100.0,-1,0.0,,,,,,5952,1.1,0.001728,71.729855
2026-07-09T12:35:44.417152,Raspberry_Relieve1,,,37.139,0.0,0,5.64,100.0,-1,0.0,,,,,,5953,0.9,0.001415,71.73127
2026-07-09T12:35:45.417304,Raspberry_Relieve1,,,37.138,0.0,0,5.64,100.0,-1,0.0,,,,,,5955,1.14,0.001786,71.733056
2026-07-09T12:35:46.417675,Raspberry_Relieve1,,,37.139,0.0,0,5.64,100.0,-1,0.0,,,,,,5955,0.87,0.001358,71.734414
2026-07-09T12:35:47.417788,Raspberry_Relieve1,,,37.138,0.0,0,5.64,100.0,-1,0.0,,,,,,5957,1.14,0.001785,71.736199
2026-07-09T12:35:48.417919,Raspberry_Relieve1,,,37.139,0.0,0,5.64,100.0,-1,0.0,,,,,,5957,0.95,0.001496,71.737695
2026-07-09T12:35:49.418038,Raspberry_Relieve1,,,37.139,0.0,0,5.64,100.0,-1,0.0,,,,,,5959,1.03,0.001607,71.739302
2026-07-09T12:35:50.418162,Raspberry_Relieve1,,,37.138,0.0,0,5.64,100.0,-1,0.0,,,,,,5959,0.91,0.001431,71.740733
2026-07-09T12:35:51.418277,Raspberry_Relieve1,,,37.137,0.0,0,5.64,100.0,-1,0.0,,,,,,5960,1.06,0.00166,71.742393
2026-07-09T12:35:52.418409,Raspberry_Relieve1,,,37.139,0.0,0,5.64,100.0,-1,0.0,,,,,,5961,0.92,0.001439,71.743832
2026-07-09T12:35:53.418522,Raspberry_Relieve1,,,37.137,0.0,0,5.64,100.0,-1,0.0,,,,,,5963,1.13,0.001775,71.745607
2026-07-09T12:35:54.418657,Raspberry_Relieve1,,,37.139,0.0,0,5.64,100.0,-1,0.0,,,,,,5963,0.95,0.001484,71.747092
2026-07-09T12:35:55.418830,Raspberry_Relieve1,,,37.138,0.0,0,5.64,100.0,-1,0.0,,,,,,5965,1.12,0.001757,71.748849
2026-07-09T12:35:56.418958,Raspberry_Relieve1,,,37.14,0.0,0,5.64,100.0,-1,0.0,,,,,,5965,0.87,0.001365,71.750214
2026-07-09T12:35:57.419121,Raspberry_Relieve1,,,37.141,0.0,0,5.64,100.0,-1,0.0,,,,,,5967,1.04,0.001634,71.751848
2026-07-09T12:35:58.419265,Raspberry_Relieve1,,,37.14,0.0,0,5.64,100.0,-1,0.0,,,,,,5967,0.92,0.001448,71.753296
2026-07-09T12:35:59.419429,Raspberry_Relieve1,,,37.138,0.0,0,5.64,100.0,-1,0.0,,,,,,5969,1.08,0.0017,71.754996
2026-07-09T12:36:00.419512,Raspberry_Relieve1,,,37.138,0.0,0,5.64,100.0,-1,0.0,,,,,,5969,0.95,0.001482,71.756478
2026-07-09T12:36:01.419599,Raspberry_Relieve1,,,37.137,0.0,0,5.64,100.0,-1,0.0,,,,,,5970,0.91,0.001424,71.757902
2026-07-09T12:36:02.419694,Raspberry_Relieve1,,,37.136,0.0,0,5.64,100.0,-1,0.0,,,,,,5971,1.08,0.0017,71.759602
2026-07-09T12:36:03.419781,Raspberry_Relieve1,,,37.136,0.0,0,5.64,100.0,-1,0.0,,,,,,5972,1.02,0.001596,71.761198
2026-07-09T12:36:04.419878,Raspberry_Relieve1,,,37.138,0.0,0,5.64,100.0,-1,0.0,,,,,,5973,0.97,0.001516,71.762714
2026-07-09T12:36:05.420003,Raspberry_Relieve1,,,37.138,0.0,0,5.64,100.0,-1,0.0,,,,,,5974,0.98,0.001541,71.764255
2026-07-09T12:36:06.420136,Raspberry_Relieve1,,,37.139,0.0,0,5.64,100.0,-1,0.0,,,,,,5975,1.01,0.001582,71.765837
2026-07-09T12:36:07.420306,Raspberry_Relieve1,,,37.138,0.0,0,5.64,100.0,-1,0.0,,,,,,5977,1.07,0.001679,71.767516
2026-07-09T12:36:08.420538,Raspberry_Relieve1,,,37.137,0.0,0,5.64,100.0,-1,0.0,,,,,,5978,1.0,0.001564,71.76908
2026-07-09T12:36:09.420648,Raspberry_Relieve1,,,37.137,0.0,0,5.64,100.0,-1,0.0,,,,,,5979,1.02,0.001593,71.770673
2026-07-09T12:36:10.420787,Raspberry_Relieve1,,,37.139,0.0,0,5.64,100.0,-1,0.0,,,,,,5979,0.92,0.001446,71.772119
2026-07-09T12:36:11.420953,Raspberry_Relieve1,,,37.139,0.0,0,5.64,100.0,-1,0.0,,,,,,5980,0.93,0.001455,71.773574
2026-07-09T12:36:12.421139,Raspberry_Relieve1,,,37.137,0.0,0,5.64,100.0,-1,0.0,,,,,,5981,1.1,0.001717,71.77529
2026-07-09T12:36:13.421256,Raspberry_Relieve1,,,37.138,0.0,0,5.64,100.0,-1,0.0,,,,,,5982,0.94,0.001477,71.776768
2026-07-09T12:36:14.421391,Raspberry_Relieve1,,,37.138,0.0,0,5.64,100.0,-1,0.0,,,,,,5983,1.07,0.001669,71.778437
2026-07-09T12:36:15.421561,Raspberry_Relieve1,,,37.139,0.0,0,5.64,100.0,-1,0.0,,,,,,5984,0.98,0.001535,71.779972
2026-07-09T12:36:16.421749,Raspberry_Relieve1,,,37.138,0.0,0,5.64,100.0,-1,0.0,,,,,,5986,1.08,0.001697,71.78167
2026-07-09T12:36:17.421918,Raspberry_Relieve1,,,37.138,0.0,0,5.64,100.0,-1,0.0,,,,,,5987,0.98,0.001538,71.783208
2026-07-09T12:36:18.422060,Raspberry_Relieve1,,,37.139,0.0,0,5.64,100.0,-1,0.0,,,,,,5987,0.93,0.001462,71.784669
2026-07-09T12:36:19.422233,Raspberry_Relieve1,,,37.138,0.0,0,5.64,100.0,-1,0.0,,,,,,5989,1.11,0.001747,71.786416
2026-07-09T12:36:20.422364,Raspberry_Relieve1,,,37.139,0.0,0,5.64,100.0,-1,0.0,,,,,,5989,0.92,0.001449,71.787865
2026-07-09T12:36:21.422484,Raspberry_Relieve1,,,37.137,0.0,0,5.64,100.0,-1,0.0,,,,,,5990,0.93,0.00146,71.789325
2026-07-09T12:36:22.422622,Raspberry_Relieve1,,,37.139,0.0,0,5.64,100.0,-1,0.0,,,,,,5991,1.05,0.001639,71.790964
2026-07-09T12:36:23.422737,Raspberry_Relieve1,,,37.138,0.0,0,5.64,100.0,-1,0.0,,,,,,5992,1.0,0.001566,71.79253
2026-07-09T12:36:24.422866,Raspberry_Relieve1,,,37.138,0.0,0,5.64,100.0,-1,0.0,,,,,,5994,1.04,0.001635,71.794165
2026-07-09T12:36:25.422983,Raspberry_Relieve1,,,37.139,0.0,0,5.64,100.0,-1,0.0,,,,,,5995,1.0,0.001569,71.795734
2026-07-09T12:36:26.423112,Raspberry_Relieve1,,,37.14,0.0,0,5.64,100.0,-1,0.0,,,,,,5995,0.96,0.001507,71.79724
2026-07-09T12:36:27.423269,Raspberry_Relieve1,,,37.14,0.0,0,5.64,100.0,-1,0.0,,,,,,5996,1.01,0.001579,71.79882
2026-07-09T12:36:28.423410,Raspberry_Relieve1,,,37.14,0.0,0,5.64,100.0,-1,0.0,,,,,,5997,0.97,0.001516,71.800336
2026-07-09T12:36:29.423517,Raspberry_Relieve1,,,37.139,0.0,0,5.64,100.0,-1,0.0,,,,,,5998,0.94,0.001469,71.801805
2026-07-09T12:36:30.423647,Raspberry_Relieve1,,,37.138,0.0,0,5.64,100.0,-1,0.0,,,,,,5999,1.05,0.001645,71.80345
2026-07-09T12:36:31.423765,Raspberry_Relieve1,,,37.139,0.0,0,5.64,100.0,-1,0.0,,,,,,6000,1.03,0.001611,71.805061
2026-07-09T12:36:32.423891,Raspberry_Relieve1,,,37.139,0.0,0,5.64,100.0,-1,0.0,,,,,,6002,1.04,0.001633,71.806694
2026-07-09T12:36:33.424006,Raspberry_Relieve1,,,37.141,0.0,0,5.64,100.0,-1,0.0,,,,,,6003,1.05,0.00165,71.808344
2026-07-09T12:36:34.424121,Raspberry_Relieve1,,,37.139,0.0,0,5.64,100.0,-1,0.0,,,,,,6003,0.89,0.001394,71.809738
2026-07-09T12:36:35.424247,Raspberry_Relieve1,,,37.138,0.0,0,5.64,100.0,-1,0.0,,,,,,6004,1.05,0.001644,71.811383
2026-07-09T12:36:36.424375,Raspberry_Relieve1,,,37.138,0.0,0,5.64,100.0,-1,0.0,,,,,,6005,0.99,0.001547,71.81293
2026-07-09T12:36:37.424533,Raspberry_Relieve1,,,37.139,0.0,0,5.64,100.0,-1,0.0,,,,,,6007,1.03,0.001621,71.814551
2026-07-09T12:36:38.424655,Raspberry_Relieve1,,,37.141,0.0,0,5.64,100.0,-1,0.0,,,,,,6007,0.87,0.001371,71.815922
2026-07-09T12:36:39.424784,Raspberry_Relieve1,,,37.139,0.0,0,5.64,100.0,-1,0.0,,,,,,6008,1.07,0.00167,71.817593
2026-07-09T12:36:40.424902,Raspberry_Relieve1,,,37.137,0.0,0,5.64,100.0,-1,0.0,,,,,,6009,1.01,0.001578,71.81917
2026-07-09T12:36:41.425018,Raspberry_Relieve1,,,37.138,0.0,0,5.64,100.0,-1,0.0,,,,,,6010,0.93,0.00146,71.82063
2026-07-09T12:36:42.425143,Raspberry_Relieve1,,,37.137,0.0,0,5.64,100.0,-1,0.0,,,,,,6011,0.99,0.00155,71.822179
2026-07-09T12:36:43.425262,Raspberry_Relieve1,,,37.14,0.0,0,5.64,100.0,-1,0.0,,,,,,6012,1.02,0.0016,71.823779
2026-07-09T12:36:44.425391,Raspberry_Relieve1,,,37.14,0.0,0,5.64,100.0,-1,0.0,,,,,,6013,0.99,0.001554,71.825333
2026-07-09T12:36:45.425527,Raspberry_Relieve1,,,37.14,0.0,0,5.64,100.0,-1,0.0,,,,,,6014,1.08,0.001695,71.827028
2026-07-09T12:36:46.425654,Raspberry_Relieve1,,,37.14,0.0,0,5.64,100.0,-1,0.0,,,,,,6015,0.91,0.001425,71.828453
2026-07-09T12:36:47.425783,Raspberry_Relieve1,,,37.139,0.0,0,5.64,100.0,-1,0.0,,,,,,6016,1.09,0.001715,71.830168
2026-07-09T12:36:48.425911,Raspberry_Relieve1,,,37.139,0.0,0,5.64,100.0,-1,0.0,,,,,,6018,1.06,0.001656,71.831824
2026-07-09T12:36:49.426034,Raspberry_Relieve1,,,37.138,0.0,0,5.64,100.0,-1,0.0,,,,,,6018,0.94,0.001469,71.833293
2026-07-09T12:36:50.426168,Raspberry_Relieve1,,,37.141,0.0,0,5.64,100.0,-1,0.0,,,,,,6019,0.98,0.001537,71.834829
2026-07-09T12:36:51.426304,Raspberry_Relieve1,,,37.14,0.0,0,5.64,100.0,-1,0.0,,,,,,6020,1.03,0.001608,71.836437
2026-07-09T12:36:52.426470,Raspberry_Relieve1,,,37.141,0.0,0,5.64,100.0,-1,0.0,,,,,,6021,1.01,0.001582,71.838019
2026-07-09T12:36:53.426597,Raspberry_Relieve1,,,37.138,0.0,0,5.64,100.0,-1,0.0,,,,,,6022,0.99,0.001548,71.839568
2026-07-09T12:36:54.426725,Raspberry_Relieve1,,,37.141,0.0,0,5.64,100.0,-1,0.0,,,,,,6023,1.01,0.001582,71.84115
2026-07-09T12:36:55.426826,Raspberry_Relieve1,,,37.139,0.0,0,5.64,100.0,-1,0.0,,,,,,6024,0.97,0.001523,71.842673
2026-07-09T12:36:56.426965,Raspberry_Relieve1,,,37.139,0.0,0,5.64,100.0,-1,0.0,,,,,,6025,1.03,0.001619,71.844292
2026-07-09T12:36:57.427068,Raspberry_Relieve1,,,37.14,0.0,0,5.64,100.0,-1,0.0,,,,,,6027,1.02,0.001606,71.845898
2026-07-09T12:36:58.427192,Raspberry_Relieve1,,,37.141,0.0,0,5.64,100.0,-1,0.0,,,,,,6027,0.96,0.001508,71.847406
2026-07-09T12:36:59.427293,Raspberry_Relieve1,,,37.14,0.0,0,5.64,100.0,-1,0.0,,,,,,6028,0.94,0.001476,71.848882
2026-07-09T12:37:00.427403,Raspberry_Relieve1,,,37.14,0.0,0,5.64,100.0,-1,0.0,,,,,,6029,0.97,0.001528,71.850409
2026-07-09T12:37:01.427465,Raspberry_Relieve1,,,37.139,0.0,0,5.64,100.0,-1,0.0,,,,,,6031,1.16,0.001825,71.852234
2026-07-09T12:37:02.427559,Raspberry_Relieve1,,,37.138,0.0,0,5.64,100.0,-1,0.0,,,,,,6031,0.81,0.001275,71.853509
2026-07-09T12:37:03.427637,Raspberry_Relieve1,,,37.138,0.0,0,5.64,100.0,-1,0.0,,,,,,6032,1.03,0.001607,71.855115
2026-07-09T12:37:04.427732,Raspberry_Relieve1,,,37.138,0.0,0,5.64,100.0,-1,0.0,,,,,,6033,1.08,0.001698,71.856813
2026-07-09T12:37:05.427854,Raspberry_Relieve1,,,37.139,0.0,0,5.64,100.0,-1,0.0,,,,,,6034,1.0,0.001561,71.858374
2026-07-09T12:37:06.427977,Raspberry_Relieve1,,,37.14,0.0,0,5.64,100.0,-1,0.0,,,,,,6036,1.04,0.001624,71.859998
2026-07-09T12:37:07.428073,Raspberry_Relieve1,,,37.138,0.0,0,5.64,100.0,-1,0.0,,,,,,6036,0.97,0.001527,71.861524
2026-07-09T12:37:08.428225,Raspberry_Relieve1,,,37.139,0.0,0,5.64,100.0,-1,0.0,,,,,,6037,1.0,0.001572,71.863097
2026-07-09T12:37:09.428323,Raspberry_Relieve1,,,37.139,0.0,0,5.64,100.0,-1,0.0,,,,,,6039,1.04,0.001627,71.864724
2026-07-09T12:37:10.428504,Raspberry_Relieve1,,,37.141,0.0,0,5.64,100.0,-1,0.0,,,,,,6039,0.97,0.001521,71.866245
2026-07-09T12:37:11.428556,Raspberry_Relieve1,,,37.138,0.0,0,5.64,100.0,-1,0.0,,,,,,6041,1.09,0.001715,71.86796
2026-07-09T12:37:12.428681,Raspberry_Relieve1,,,37.139,0.0,0,5.64,100.0,-1,0.0,,,,,,6041,0.81,0.001273,71.869233
2026-07-09T12:37:13.428787,Raspberry_Relieve1,,,37.138,0.0,0,5.64,100.0,-1,0.0,,,,,,6042,1.07,0.001684,71.870917
2026-07-09T12:37:14.428913,Raspberry_Relieve1,,,37.138,0.0,0,5.64,100.0,-1,0.0,,,,,,6044,1.04,0.001631,71.872548
2026-07-09T12:37:15.429019,Raspberry_Relieve1,,,37.14,0.0,0,5.64,100.0,-1,0.0,,,,,,6044,0.89,0.001396,71.873944
2026-07-09T12:37:16.429959,Raspberry_Relieve1,,,37.138,0.0,0,5.64,100.0,-1,0.0,,,,,,6046,1.17,0.001828,71.875773
2026-07-09T12:37:17.430071,Raspberry_Relieve1,,,37.137,0.0,0,5.64,100.0,-1,0.0,,,,,,6046,0.88,0.001373,71.877145
2026-07-09T12:37:18.430183,Raspberry_Relieve1,,,37.138,0.0,0,5.64,100.0,-1,0.0,,,,,,6047,0.95,0.001492,71.878638
2026-07-09T12:37:19.430291,Raspberry_Relieve1,,,37.137,0.0,0,5.64,100.0,-1,0.0,,,,,,6049,1.13,0.001766,71.880403
2026-07-09T12:37:20.430426,Raspberry_Relieve1,,,37.136,0.0,0,5.64,100.0,-1,0.0,,,,,,6049,0.96,0.001508,71.881912
2026-07-09T12:37:21.430536,Raspberry_Relieve1,,,37.135,0.0,0,5.64,100.0,-1,0.0,,,,,,6050,0.97,0.001515,71.883427
2026-07-09T12:37:22.430658,Raspberry_Relieve1,,,37.138,0.0,0,5.64,100.0,-1,0.0,,,,,,6051,0.93,0.00146,71.884887
2026-07-09T12:37:23.430769,Raspberry_Relieve1,,,37.139,0.0,0,5.64,100.0,-1,0.0,,,,,,6052,1.09,0.001714,71.886601
2026-07-09T12:37:24.430971,Raspberry_Relieve1,,,37.138,0.0,0,5.64,100.0,-1,0.0,,,,,,6053,0.99,0.001545,71.888145
2026-07-09T12:37:25.431076,Raspberry_Relieve1,,,37.138,0.0,0,5.64,100.0,-1,0.0,,,,,,6054,0.95,0.001482,71.889627
2026-07-09T12:37:26.431185,Raspberry_Relieve1,,,37.137,0.0,0,5.64,100.0,-1,0.0,,,,,,6055,1.06,0.001657,71.891284
2026-07-09T12:37:27.431298,Raspberry_Relieve1,,,37.138,0.0,0,5.64,100.0,-1,0.0,,,,,,6056,1.01,0.001576,71.89286
2026-07-09T12:37:28.431408,Raspberry_Relieve1,,,37.137,0.0,0,5.64,100.0,-1,0.0,,,,,,6057,0.94,0.00147,71.894329
2026-07-09T12:37:29.431520,Raspberry_Relieve1,,,37.137,0.0,0,5.64,100.0,-1,0.0,,,,,,6058,1.08,0.001698,71.896027
2026-07-09T12:37:30.431637,Raspberry_Relieve1,,,37.139,0.0,0,5.64,100.0,-1,0.0,,,,,,6059,1.01,0.001578,71.897605
2026-07-09T12:37:31.431755,Raspberry_Relieve1,,,37.138,0.0,0,5.64,100.0,-1,0.0,,,,,,6060,0.98,0.001541,71.899146
2026-07-09T12:37:32.431869,Raspberry_Relieve1,,,37.138,0.0,0,5.64,100.0,-1,0.0,,,,,,6061,0.94,0.001473,71.900619
2026-07-09T12:37:33.431986,Raspberry_Relieve1,,,37.138,0.0,0,5.64,100.0,-1,0.0,,,,,,6062,0.97,0.001525,71.902144
2026-07-09T12:37:34.432097,Raspberry_Relieve1,,,37.137,0.0,0,5.64,100.0,-1,0.0,,,,,,6063,1.05,0.001644,71.903788
2026-07-09T12:37:35.432218,Raspberry_Relieve1,,,37.136,0.0,0,5.64,100.0,-1,0.0,,,,,,6065,1.17,0.001836,71.905624
2026-07-09T12:37:36.432328,Raspberry_Relieve1,,,37.136,0.0,0,5.64,100.0,-1,0.0,,,,,,6066,1.08,0.00169,71.907314
2026-07-09T12:37:37.432475,Raspberry_Relieve1,,,37.136,0.0,0,5.64,100.0,-1,0.0,,,,,,6066,0.81,0.001269,71.908583
2026-07-09T12:37:38.432555,Raspberry_Relieve1,,,37.137,0.0,0,5.64,100.0,-1,0.0,,,,,,6067,0.94,0.001473,71.910056
2026-07-09T12:37:39.432664,Raspberry_Relieve1,,,37.136,0.0,0,5.64,100.0,-1,0.0,,,,,,6068,0.94,0.001474,71.91153
2026-07-09T12:37:40.432779,Raspberry_Relieve1,,,37.136,0.0,0,5.64,100.0,-1,0.0,,,,,,6069,1.12,0.001752,71.913282
2026-07-09T12:37:41.432886,Raspberry_Relieve1,,,37.138,0.0,0,5.64,100.0,-1,0.0,,,,,,6070,0.93,0.001451,71.914733
2026-07-09T12:37:42.433007,Raspberry_Relieve1,,,37.137,0.0,0,5.64,100.0,-1,0.0,,,,,,6071,1.03,0.001608,71.916341
2026-07-09T12:37:43.433126,Raspberry_Relieve1,,,37.137,0.0,0,5.64,100.0,-1,0.0,,,,,,6073,1.05,0.001651,71.917993
2026-07-09T12:37:44.433251,Raspberry_Relieve1,,,37.137,0.0,0,5.64,100.0,-1,0.0,,,,,,6073,0.97,0.001517,71.919509
2026-07-09T12:37:45.433363,Raspberry_Relieve1,,,37.138,0.0,0,5.64,100.0,-1,0.0,,,,,,6075,1.06,0.001662,71.921171
2026-07-09T12:37:46.433474,Raspberry_Relieve1,,,37.135,0.0,0,5.64,100.0,-1,0.0,,,,,,6075,0.9,0.001417,71.922588
2026-07-09T12:37:47.433590,Raspberry_Relieve1,,,37.136,0.0,0,5.64,100.0,-1,0.0,,,,,,6076,1.06,0.001661,71.924249
2026-07-09T12:37:48.433704,Raspberry_Relieve1,,,37.136,0.0,0,5.64,100.0,-1,0.0,,,,,,6077,0.9,0.001408,71.925657
2026-07-09T12:37:49.433815,Raspberry_Relieve1,,,37.135,0.0,0,5.64,100.0,-1,0.0,,,,,,6078,1.1,0.001728,71.927385
2026-07-09T12:37:50.433931,Raspberry_Relieve1,,,37.137,0.0,0,5.64,100.0,-1,0.0,,,,,,6079,0.89,0.001397,71.928782
2026-07-09T12:37:51.434044,Raspberry_Relieve1,,,37.138,0.0,0,5.64,100.0,-1,0.0,,,,,,6081,1.13,0.001778,71.93056
2026-07-09T12:37:52.434156,Raspberry_Relieve1,,,37.139,0.0,0,5.64,100.0,-1,0.0,,,,,,6082,1.0,0.001572,71.932132
2026-07-09T12:37:53.434350,Raspberry_Relieve1,,,37.137,0.0,0,5.64,100.0,-1,0.0,,,,,,6083,0.98,0.001543,71.933676
2026-07-09T12:37:54.434457,Raspberry_Relieve1,,,37.136,0.0,0,5.64,100.0,-1,0.0,,,,,,6083,0.98,0.001536,71.935212
2026-07-09T12:37:55.434657,Raspberry_Relieve1,,,37.136,0.0,0,5.64,100.0,-1,0.0,,,,,,6084,0.96,0.001498,71.936711
2026-07-09T12:37:56.434771,Raspberry_Relieve1,,,37.137,0.0,0,5.64,100.0,-1,0.0,,,,,,6085,0.97,0.001514,71.938224
2026-07-09T12:37:57.434884,Raspberry_Relieve1,,,37.137,0.0,0,5.64,100.0,-1,0.0,,,,,,6086,1.0,0.001573,71.939798
2026-07-09T12:37:58.435000,Raspberry_Relieve1,,,37.137,0.0,0,5.64,100.0,-1,0.0,,,,,,6087,1.04,0.001627,71.941425
2026-07-09T12:37:59.435129,Raspberry_Relieve1,,,37.135,0.0,0,5.64,100.0,-1,0.0,,,,,,6088,1.05,0.001639,71.943064
2026-07-09T12:38:00.435204,Raspberry_Relieve1,,,37.136,0.0,0,5.64,100.0,-1,0.0,,,,,,6089,0.95,0.001497,71.944561
2026-07-09T12:38:01.435292,Raspberry_Relieve1,,,37.135,0.0,0,5.64,100.0,-1,0.0,,,,,,6091,1.07,0.001679,71.94624
2026-07-09T12:38:02.435379,Raspberry_Relieve1,,,37.137,0.0,0,5.64,100.0,-1,0.0,,,,,,6092,0.98,0.001539,71.947778
2026-07-09T12:38:03.435463,Raspberry_Relieve1,,,37.136,0.0,0,5.64,100.0,-1,0.0,,,,,,6092,0.89,0.001391,71.94917
2026-07-09T12:38:04.435550,Raspberry_Relieve1,,,37.134,0.0,0,5.64,100.0,-1,0.0,,,,,,6093,1.04,0.001626,71.950796
2026-07-09T12:38:05.435680,Raspberry_Relieve1,,,37.133,0.0,0,5.64,100.0,-1,0.0,,,,,,6095,1.12,0.001752,71.952547
2026-07-09T12:38:06.435787,Raspberry_Relieve1,,,37.133,0.0,0,5.64,100.0,-1,0.0,,,,,,6095,0.94,0.001474,71.954022
2026-07-09T12:38:07.435977,Raspberry_Relieve1,,,37.135,0.0,0,5.64,100.0,-1,0.0,,,,,,6096,0.99,0.001558,71.95558
2026-07-09T12:38:08.436081,Raspberry_Relieve1,,,37.135,0.0,0,5.64,100.0,-1,0.0,,,,,,6097,0.96,0.0015,71.95708
2026-07-09T12:38:09.436310,Raspberry_Relieve1,,,37.136,0.0,0,5.64,100.0,-1,0.0,,,,,,6098,1.05,0.001639,71.958719
2026-07-09T12:38:10.436535,Raspberry_Relieve1,,,37.138,0.0,0,5.64,100.0,-1,0.0,,,,,,6099,0.94,0.001473,71.960192
2026-07-09T12:38:11.436748,Raspberry_Relieve1,,,37.138,0.0,0,5.64,100.0,-1,0.0,,,,,,6100,1.04,0.001625,71.961817
2026-07-09T12:38:12.436951,Raspberry_Relieve1,,,37.136,0.0,0,5.64,100.0,-1,0.0,,,,,,6101,1.02,0.001591,71.963408
2026-07-09T12:38:13.437051,Raspberry_Relieve1,,,37.137,0.0,0,5.64,100.0,-1,0.0,,,,,,6102,0.95,0.001493,71.964901
2026-07-09T12:38:14.437268,Raspberry_Relieve1,,,37.137,0.0,0,5.64,100.0,-1,0.0,,,,,,6103,1.06,0.001667,71.966568
2026-07-09T12:38:15.437480,Raspberry_Relieve1,,,37.137,0.0,0,5.64,100.0,-1,0.0,,,,,,6105,1.02,0.0016,71.968168
2026-07-09T12:38:16.437677,Raspberry_Relieve1,,,37.136,0.0,0,5.64,100.0,-1,0.0,,,,,,6105,0.92,0.001441,71.969609
2026-07-09T12:38:17.437784,Raspberry_Relieve1,,,37.137,0.0,0,5.64,100.0,-1,0.0,,,,,,6107,1.1,0.001723,71.971332
2026-07-09T12:38:18.437912,Raspberry_Relieve1,,,37.138,0.0,0,5.64,100.0,-1,0.0,,,,,,6108,1.0,0.001564,71.972895
2026-07-09T12:38:19.438021,Raspberry_Relieve1,,,37.135,0.0,0,5.64,100.0,-1,0.0,,,,,,6109,1.01,0.001577,71.974473
2026-07-09T12:38:20.438122,Raspberry_Relieve1,,,37.136,0.0,0,5.64,100.0,-1,0.0,,,,,,6110,1.0,0.00157,71.976042
2026-07-09T12:38:21.438230,Raspberry_Relieve1,,,37.137,0.0,0,5.64,100.0,-1,0.0,,,,,,6110,0.96,0.001506,71.977548
2026-07-09T12:38:22.438329,Raspberry_Relieve1,,,37.134,0.0,0,5.64,100.0,-1,0.0,,,,,,6112,1.02,0.001604,71.979152
2026-07-09T12:38:23.438430,Raspberry_Relieve1,,,37.136,0.0,0,5.64,100.0,-1,0.0,,,,,,6112,0.98,0.00153,71.980682
2026-07-09T12:38:24.438645,Raspberry_Relieve1,,,37.135,0.0,0,5.64,100.0,-1,0.0,,,,,,6113,0.98,0.00154,71.982222
2026-07-09T12:38:25.438855,Raspberry_Relieve1,,,37.136,0.0,0,5.64,100.0,-1,0.0,,,,,,6115,1.03,0.001613,71.983835
2026-07-09T12:38:26.438955,Raspberry_Relieve1,,,37.137,0.0,0,5.64,100.0,-1,0.0,,,,,,6115,0.96,0.00151,71.985345
2026-07-09T12:38:27.439083,Raspberry_Relieve1,,,37.136,0.0,0,5.64,100.0,-1,0.0,,,,,,6117,1.06,0.001655,71.987
2026-07-09T12:38:28.439180,Raspberry_Relieve1,,,37.137,0.0,0,5.64,100.0,-1,0.0,,,,,,6117,0.9,0.001418,71.988418
2026-07-09T12:38:29.439287,Raspberry_Relieve1,,,37.136,0.0,0,5.64,100.0,-1,0.0,,,,,,6118,1.03,0.00161,71.990028
2026-07-09T12:38:30.439397,Raspberry_Relieve1,,,37.138,0.0,0,5.64,100.0,-1,0.0,,,,,,6120,1.12,0.001756,71.991784
