timestamp,dispositivo_id,latitud,longitud,voltaje,corriente,potencia,potencia_calculada,soc,ttg_min,ah_consumidos,motor_voltaje,motor_corriente,motor_potencia,motor_rpm,motor_temp,tiempo_acumulado(s),delta_t_s,energia_wh,energia_acumulada_wh
2026-07-17T12:24:03.928296,Raspberry_Relieve7,,,,,,0.0,,,,,,,,,0,,,0.0
2026-07-17T12:24:04.193362,Raspberry_Relieve7,,,,,,0.0,,,,,,,,,0,,,0.0
2026-07-17T12:24:04.928622,Raspberry_Relieve7,,,,,,0.0,,,,,,,,,0,0.8,0.0,0.0
2026-07-17T12:24:05.928672,Raspberry_Relieve7,,,,,,0.0,,,,,,,,,1,0.89,0.0,0.0
2026-07-17T12:24:06.928815,Raspberry_Relieve7,,,,,,0.0,,,,,,,,,2,0.96,0.0,0.0
2026-07-17T12:24:07.928908,Raspberry_Relieve7,,,,,,0.0,,,,,,,,,3,1.06,0.0,0.0
2026-07-17T12:24:08.929050,Raspberry_Relieve7,,,,,,0.0,,,,,,,,,4,0.98,0.0,0.0
2026-07-17T12:24:09.929186,Raspberry_Relieve7,,,,,,0.0,,,,,,,,,5,1.09,0.0,0.0
2026-07-17T12:24:10.929322,Raspberry_Relieve7,,,,,,0.0,,,,,,,,,6,0.9,0.0,0.0
2026-07-17T12:24:11.929421,Raspberry_Relieve7,,,,,,0.0,,,,,,,,,7,1.07,0.0,0.0
2026-07-17T12:24:12.929552,Raspberry_Relieve7,,,,,,0.0,,,,,,,,,8,0.93,0.0,0.0
2026-07-17T12:28:24.342302,Raspberry_Relieve7,,,,,,0.0,,,,,,,,,261,252.53,0.0,0.0
2026-07-17T12:28:25.937358,Raspberry_Relieve7,,,,,,0.0,,,,,,,,,262,1.61,0.0,0.0
2026-07-17T12:28:27.557921,Raspberry_Relieve7,,,,,,0.0,,,,,,,,,264,1.26,0.0,0.0
2026-07-17T12:28:28.804778,Raspberry_Relieve7,,,,,,0.0,,,,,,,,,265,0.83,0.0,0.0
2026-07-17T12:28:29.804885,Raspberry_Relieve7,,,,,,0.0,,,,,,,,,265,0.71,0.0,0.0
2026-07-17T12:28:30.805056,Raspberry_Relieve7,,,,,,0.0,,,,,,,,,266,0.9,0.0,0.0
2026-07-17T12:28:31.805133,Raspberry_Relieve7,,,,,,0.0,,,,,,,,,267,1.1,0.0,0.0
2026-07-17T12:28:32.805275,Raspberry_Relieve7,,,,,,0.0,,,,,,,,,268,1.06,0.0,0.0
2026-07-17T12:28:33.805352,Raspberry_Relieve7,,,,,,0.0,,,,,,,,,269,1.12,0.0,0.0
2026-07-17T12:28:34.805446,Raspberry_Relieve7,,,,,,0.0,,,,,,,,,270,0.97,0.0,0.0
2026-07-17T12:28:35.805540,Raspberry_Relieve7,,,,,,0.0,,,,,,,,,271,1.07,0.0,0.0
2026-07-17T12:28:36.805638,Raspberry_Relieve7,,,,,,0.0,,,,,,,,,272,0.61,0.0,0.0
2026-07-17T12:28:37.805782,Raspberry_Relieve7,,,,,,0.0,,,,,,,,,273,1.25,0.0,0.0
2026-07-17T12:28:38.805858,Raspberry_Relieve7,,,,,,0.0,,,,,,,,,274,0.85,0.0,0.0
2026-07-17T12:28:39.805959,Raspberry_Relieve7,,,,,,0.0,,,,,,,,,275,0.99,0.0,0.0
2026-07-17T12:28:40.806052,Raspberry_Relieve7,,,,,,0.0,,,,,,,,,276,1.11,0.0,0.0
2026-07-17T12:28:41.806205,Raspberry_Relieve7,,,,,,0.0,,,,,,,,,278,1.28,0.0,0.0
2026-07-17T12:28:42.806398,Raspberry_Relieve7,,,,,,0.0,,,,,,,,,278,0.68,0.0,0.0
2026-07-17T12:28:43.806581,Raspberry_Relieve7,,,,,,0.0,,,,,,,,,279,1.03,0.0,0.0
2026-07-17T12:28:44.806720,Raspberry_Relieve7,,,,,,0.0,,,,,,,,,281,1.51,0.0,0.0
2026-07-17T12:28:45.878322,Raspberry_Relieve7,,,,,,0.0,,,,,,,,,281,0.61,0.0,0.0
2026-07-17T12:28:46.878453,Raspberry_Relieve7,,,,,,0.0,,,,,,,,,282,0.99,0.0,0.0
2026-07-17T12:28:47.878555,Raspberry_Relieve7,,,,,,0.0,,,,,,,,,283,0.88,0.0,0.0
2026-07-17T12:28:48.878720,Raspberry_Relieve7,,,,,,0.0,,,,,,,,,284,1.04,0.0,0.0
2026-07-17T12:28:49.878800,Raspberry_Relieve7,,,,,,0.0,,,,,,,,,285,1.02,0.0,0.0
2026-07-17T12:28:50.878959,Raspberry_Relieve7,,,,,,0.0,,,,,,,,,288,2.39,0.0,0.0
2026-07-17T12:28:52.811123,Raspberry_Relieve7,,,,,,0.0,,,,,,,,,288,0.57,0.0,0.0
2026-07-17T12:28:53.811366,Raspberry_Relieve7,,,,,,0.0,,,,,,,,,289,0.92,0.0,0.0
2026-07-17T12:28:54.811487,Raspberry_Relieve7,,,,,,0.0,,,,,,,,,290,0.95,0.0,0.0
2026-07-17T12:28:55.811632,Raspberry_Relieve7,,,,,,0.0,,,,,,,,,291,0.97,0.0,0.0
2026-07-17T12:28:56.811789,Raspberry_Relieve7,,,,,,0.0,,,,,,,,,292,1.0,0.0,0.0
2026-07-17T12:28:57.811858,Raspberry_Relieve7,,,,,,0.0,,,,,,,,,293,1.02,0.0,0.0
2026-07-17T12:28:58.812008,Raspberry_Relieve7,,,,,,0.0,,,,,,,,,294,1.16,0.0,0.0
2026-07-17T12:28:59.812146,Raspberry_Relieve7,,,,,,0.0,,,,,,,,,295,0.94,0.0,0.0
2026-07-17T12:29:00.812279,Raspberry_Relieve7,,,,,,0.0,,,,,,,,,296,0.95,0.0,0.0
2026-07-17T12:29:01.812419,Raspberry_Relieve7,,,,,,0.0,,,,,,,,,297,0.95,0.0,0.0
2026-07-17T12:29:02.812546,Raspberry_Relieve7,,,,,,0.0,,,,,,,,,298,0.98,0.0,0.0
2026-07-17T12:29:03.812680,Raspberry_Relieve7,,,,,,0.0,,,,,,,,,299,1.0,0.0,0.0
2026-07-17T12:29:04.812809,Raspberry_Relieve7,,,,,,0.0,,,,,,,,,300,1.02,0.0,0.0
2026-07-17T12:29:05.812934,Raspberry_Relieve7,,,,,,0.0,,,,,,,,,301,0.95,0.0,0.0
2026-07-17T12:29:06.813087,Raspberry_Relieve7,,,,,,0.0,,,,,,,,,302,1.19,0.0,0.0
2026-07-17T12:29:07.813228,Raspberry_Relieve7,,,,,,0.0,,,,,,,,,303,0.96,0.0,0.0
2026-07-17T12:31:01.073133,Raspberry_Relieve7,,,,,,0.0,,,,,,,,,429,125.74,0.0,0.0
2026-07-17T12:31:02.073363,Raspberry_Relieve7,,,,,,0.0,,,,,,,,,430,0.97,0.0,0.0
2026-07-17T12:31:03.073577,Raspberry_Relieve7,,,,,,0.0,,,,,,,,,431,1.08,0.0,0.0
2026-07-17T12:31:04.073779,Raspberry_Relieve7,,,,,,0.0,,,,,,,,,432,0.92,0.0,0.0
2026-07-17T12:31:05.073934,Raspberry_Relieve7,,,,,,0.0,,,,,,,,,433,0.93,0.0,0.0
2026-07-17T12:31:06.074084,Raspberry_Relieve7,,,,,,0.0,,,,,,,,,434,0.97,0.0,0.0
2026-07-17T12:31:07.074197,Raspberry_Relieve7,,,,,,0.0,,,,,,,,,435,1.27,0.0,0.0
2026-07-17T12:31:08.074336,Raspberry_Relieve7,,,,,,0.0,,,,,,,,,436,0.7,0.0,0.0
2026-07-17T12:31:09.074434,Raspberry_Relieve7,,,,,,0.0,,,,,,,,,437,1.02,0.0,0.0
2026-07-17T12:31:10.074604,Raspberry_Relieve7,,,,,,0.0,,,,,,,,,438,1.05,0.0,0.0
2026-07-17T12:31:11.074735,Raspberry_Relieve7,,,,,,0.0,,,,,,,,,439,0.98,0.0,0.0
2026-07-17T12:31:12.074878,Raspberry_Relieve7,,,,,,0.0,,,,,,,,,440,0.95,0.0,0.0
2026-07-17T12:31:13.075025,Raspberry_Relieve7,,,,,,0.0,,,,,,,,,441,1.03,0.0,0.0
2026-07-17T12:31:14.075152,Raspberry_Relieve7,,,,,,0.0,,,,,,,,,442,1.03,0.0,0.0
2026-07-17T12:31:15.075328,Raspberry_Relieve7,,,,,,0.0,,,,,,,,,443,0.99,0.0,0.0
2026-07-17T12:31:16.075531,Raspberry_Relieve7,,,,,,0.0,,,,,,,,,444,1.17,0.0,0.0
2026-07-17T12:31:17.075649,Raspberry_Relieve7,,,,,,0.0,,,,,,,,,445,0.91,0.0,0.0
2026-07-17T12:31:18.075780,Raspberry_Relieve7,,,,,,0.0,,,,,,,,,446,1.04,0.0,0.0
2026-07-17T12:31:19.075925,Raspberry_Relieve7,,,,,,0.0,,,,,,,,,447,0.84,0.0,0.0
2026-07-17T12:31:20.076060,Raspberry_Relieve7,,,,,,0.0,,,,,,,,,448,0.99,0.0,0.0
2026-07-17T12:31:33.530929,Raspberry_Relieve7,,,,,,0.0,,,,,,,,,449,1.04,0.0,0.0
2026-07-17T12:31:34.531201,Raspberry_Relieve7,,,,,,0.0,,,,,,,,,450,0.99,0.0,0.0
2026-07-17T12:31:35.531306,Raspberry_Relieve7,,,,,,0.0,,,,,,,,,451,0.96,0.0,0.0
2026-07-17T12:31:36.531446,Raspberry_Relieve7,,,,,,0.0,,,,,,,,,452,1.06,0.0,0.0
2026-07-17T12:31:37.531583,Raspberry_Relieve7,,,,,,0.0,,,,,,,,,453,1.07,0.0,0.0
2026-07-17T12:31:38.531725,Raspberry_Relieve7,,,,,,0.0,,,,,,,,,454,1.03,0.0,0.0
2026-07-17T12:31:39.531843,Raspberry_Relieve7,,,,,,0.0,,,,,,,,,455,0.92,0.0,0.0
2026-07-17T12:31:40.531976,Raspberry_Relieve7,,,,,,0.0,,,,,,,,,456,0.93,0.0,0.0
2026-07-17T12:31:41.532091,Raspberry_Relieve7,,,,,,0.0,,,,,,,,,457,1.07,0.0,0.0
2026-07-17T12:31:42.532245,Raspberry_Relieve7,,,,,,0.0,,,,,,,,,458,1.03,0.0,0.0
2026-07-17T12:31:43.532406,Raspberry_Relieve7,,,,,,0.0,,,,,,,,,459,0.91,0.0,0.0
2026-07-17T12:31:44.532544,Raspberry_Relieve7,,,,,,0.0,,,,,,,,,460,1.14,0.0,0.0
2026-07-17T12:31:45.532677,Raspberry_Relieve7,,,,,,0.0,,,,,,,,,461,0.91,0.0,0.0
2026-07-17T12:31:46.532834,Raspberry_Relieve7,,,,,,0.0,,,,,,,,,462,1.05,0.0,0.0
2026-07-17T12:31:47.532969,Raspberry_Relieve7,,,,,,0.0,,,,,,,,,463,0.97,0.0,0.0
2026-07-17T12:31:48.533110,Raspberry_Relieve7,,,,,,0.0,,,,,,,,,464,1.01,0.0,0.0
2026-07-17T12:31:49.533239,Raspberry_Relieve7,,,,,,0.0,,,,,,,,,465,1.09,0.0,0.0
2026-07-17T12:31:50.533375,Raspberry_Relieve7,,,,,,0.0,,,,,,,,,466,1.07,0.0,0.0
2026-07-17T12:31:51.533510,Raspberry_Relieve7,,,,,,0.0,,,,,,,,,467,0.91,0.0,0.0
2026-07-17T12:33:05.982283,Raspberry_Relieve7,,,,,,0.0,,,,,,,,,542,74.76,0.0,0.0
2026-07-17T12:33:06.982378,Raspberry_Relieve7,,,,,,0.0,,,,,,,,,542,0.57,0.0,0.0
2026-07-17T12:33:07.982588,Raspberry_Relieve7,,,,,,0.0,,,,,,,,,543,1.13,0.0,0.0
2026-07-17T12:33:08.982751,Raspberry_Relieve7,,,,,,0.0,,,,,,,,,544,1.03,0.0,0.0
2026-07-17T12:33:09.982836,Raspberry_Relieve7,,,,,,0.0,,,,,,,,,545,0.96,0.0,0.0
2026-07-17T12:33:10.982958,Raspberry_Relieve7,,,,,,0.0,,,,,,,,,546,0.93,0.0,0.0
2026-07-17T12:33:11.983082,Raspberry_Relieve7,,,,,,0.0,,,,,,,,,547,1.05,0.0,0.0
2026-07-17T12:33:12.983209,Raspberry_Relieve7,,,,,,0.0,,,,,,,,,548,1.0,0.0,0.0
2026-07-17T12:33:13.983305,Raspberry_Relieve7,,,,,,0.0,,,,,,,,,549,0.94,0.0,0.0
2026-07-17T12:33:14.983426,Raspberry_Relieve7,,,,,,0.0,,,,,,,,,550,1.13,0.0,0.0
2026-07-17T12:33:15.983538,Raspberry_Relieve7,,,,,,0.0,,,,,,,,,551,1.03,0.0,0.0
2026-07-17T12:33:16.983653,Raspberry_Relieve7,,,,,,0.0,,,,,,,,,552,0.9,0.0,0.0
2026-07-17T12:33:17.983771,Raspberry_Relieve7,,,,,,0.0,,,,,,,,,553,0.97,0.0,0.0
2026-07-17T12:33:18.983888,Raspberry_Relieve7,,,,,,0.0,,,,,,,,,554,0.97,0.0,0.0
2026-07-17T12:33:19.984016,Raspberry_Relieve7,,,,,,0.0,,,,,,,,,555,1.01,0.0,0.0
2026-07-17T12:33:20.984133,Raspberry_Relieve7,,,,,,0.0,,,,,,,,,556,1.15,0.0,0.0
2026-07-17T12:33:21.984241,Raspberry_Relieve7,,,,,,0.0,,,,,,,,,557,0.85,0.0,0.0
2026-07-17T12:33:22.984370,Raspberry_Relieve7,,,,,,0.0,,,,,,,,,558,1.12,0.0,0.0
2026-07-17T12:33:23.984474,Raspberry_Relieve7,,,,,,0.0,,,,,,,,,559,0.91,0.0,0.0
2026-07-17T12:33:24.984590,Raspberry_Relieve7,,,,,,0.0,,,,,,,,,560,0.96,0.0,0.0
2026-07-17T12:33:25.984704,Raspberry_Relieve7,,,,,,0.0,,,,,,,,,561,1.0,0.0,0.0
2026-07-17T12:33:26.984817,Raspberry_Relieve7,,,,,,0.0,,,,,,,,,562,1.05,0.0,0.0
2026-07-17T12:33:27.984920,Raspberry_Relieve7,,,,,,0.0,,,,,,,,,563,1.16,0.0,0.0
2026-07-17T12:33:28.985036,Raspberry_Relieve7,,,,,,0.0,,,,,,,,,564,0.76,0.0,0.0
2026-07-17T12:33:29.985144,Raspberry_Relieve7,,,,,,0.0,,,,,,,,,565,1.06,0.0,0.0
2026-07-17T12:33:30.985273,Raspberry_Relieve7,,,,,,0.0,,,,,,,,,566,1.12,0.0,0.0
2026-07-17T12:33:31.985389,Raspberry_Relieve7,,,,,,0.0,,,,,,,,,567,0.93,0.0,0.0
2026-07-17T12:33:32.985510,Raspberry_Relieve7,,,,,,0.0,,,,,,,,,568,1.03,0.0,0.0
2026-07-17T12:33:33.985621,Raspberry_Relieve7,,,,,,0.0,,,,,,,,,569,1.04,0.0,0.0
2026-07-17T12:33:34.985734,Raspberry_Relieve7,,,,,,0.0,,,,,,,,,570,0.94,0.0,0.0
2026-07-17T12:33:35.985961,Raspberry_Relieve7,,,,,,0.0,,,,,,,,,571,0.91,0.0,0.0
2026-07-17T12:33:36.986076,Raspberry_Relieve7,,,,,,0.0,,,,,,,,,572,0.99,0.0,0.0
2026-07-17T12:33:37.986192,Raspberry_Relieve7,,,,,,0.0,,,,,,,,,573,0.99,0.0,0.0
2026-07-17T12:33:38.986309,Raspberry_Relieve7,,,,,,0.0,,,,,,,,,574,1.21,0.0,0.0
2026-07-17T12:33:39.986422,Raspberry_Relieve7,,,,,,0.0,,,,,,,,,575,0.88,0.0,0.0
2026-07-17T12:33:40.986631,Raspberry_Relieve7,,,,,,0.0,,,,,,,,,576,0.97,0.0,0.0
2026-07-17T12:33:41.986772,Raspberry_Relieve7,,,,,,0.0,,,,,,,,,577,0.95,0.0,0.0
2026-07-17T12:33:42.986876,Raspberry_Relieve7,,,,,,0.0,,,,,,,,,578,1.06,0.0,0.0
2026-07-17T12:33:43.986993,Raspberry_Relieve7,,,,,,0.0,,,,,,,,,579,0.95,0.0,0.0
2026-07-17T12:33:44.987113,Raspberry_Relieve7,,,,,,0.0,,,,,,,,,580,1.02,0.0,0.0
2026-07-17T12:33:45.987223,Raspberry_Relieve7,,,,,,0.0,,,,,,,,,581,1.02,0.0,0.0
2026-07-17T12:33:46.987343,Raspberry_Relieve7,,,,,,0.0,,,,,,,,,582,1.13,0.0,0.0
2026-07-17T12:33:47.987473,Raspberry_Relieve7,,,,,,0.0,,,,,,,,,583,0.82,0.0,0.0
2026-07-17T12:33:48.987578,Raspberry_Relieve7,,,,,,0.0,,,,,,,,,584,1.06,0.0,0.0
2026-07-17T12:33:49.987694,Raspberry_Relieve7,,,,,,0.0,,,,,,,,,585,0.92,0.0,0.0
2026-07-17T12:33:50.987895,Raspberry_Relieve7,,,,,,0.0,,,,,,,,,586,1.0,0.0,0.0
2026-07-17T12:33:51.988013,Raspberry_Relieve7,,,,,,0.0,,,,,,,,,587,0.98,0.0,0.0
2026-07-17T12:33:52.988139,Raspberry_Relieve7,,,,,,0.0,,,,,,,,,588,1.05,0.0,0.0
2026-07-17T12:33:53.988351,Raspberry_Relieve7,,,,,,0.0,,,,,,,,,589,1.04,0.0,0.0
2026-07-17T12:33:54.988467,Raspberry_Relieve7,,,,,,0.0,,,,,,,,,590,1.13,0.0,0.0
2026-07-17T12:33:55.988590,Raspberry_Relieve7,,,,,,0.0,,,,,,,,,591,0.81,0.0,0.0
2026-07-17T12:33:56.988837,Raspberry_Relieve7,,,,,,0.0,,,,,,,,,592,1.02,0.0,0.0
2026-07-17T12:33:57.988962,Raspberry_Relieve7,,,,,,0.0,,,,,,,,,593,0.96,0.0,0.0
2026-07-17T12:33:58.989088,Raspberry_Relieve7,,,,,,0.0,,,,,,,,,594,1.06,0.0,0.0
2026-07-17T12:33:59.989356,Raspberry_Relieve7,,,,,,0.0,,,,,,,,,595,1.05,0.0,0.0
2026-07-17T12:34:00.989470,Raspberry_Relieve7,,,,,,0.0,,,,,,,,,596,0.95,0.0,0.0
2026-07-17T12:34:01.989700,Raspberry_Relieve7,,,,,,0.0,,,,,,,,,597,0.97,0.0,0.0
2026-07-17T12:34:02.989825,Raspberry_Relieve7,,,,,,0.0,,,,,,,,,598,1.18,0.0,0.0
2026-07-17T12:34:03.989963,Raspberry_Relieve7,,,,,,0.0,,,,,,,,,599,0.93,0.0,0.0
2026-07-17T12:34:04.990104,Raspberry_Relieve7,,,,,,0.0,,,,,,,,,600,0.96,0.0,0.0
2026-07-17T12:34:05.990228,Raspberry_Relieve7,,,,,,0.0,,,,,,,,,601,1.0,0.0,0.0
2026-07-17T12:34:06.990350,Raspberry_Relieve7,,,,,,0.0,,,,,,,,,602,1.04,0.0,0.0
2026-07-17T12:34:07.990470,Raspberry_Relieve7,,,,,,0.0,,,,,,,,,603,0.97,0.0,0.0
2026-07-17T12:34:08.990585,Raspberry_Relieve7,,,,,,0.0,,,,,,,,,604,1.02,0.0,0.0
2026-07-17T12:34:09.990709,Raspberry_Relieve7,,,,,,0.0,,,,,,,,,605,0.9,0.0,0.0
2026-07-17T12:34:10.990830,Raspberry_Relieve7,,,,,,0.0,,,,,,,,,606,1.14,0.0,0.0
2026-07-17T12:34:11.990936,Raspberry_Relieve7,,,,,,0.0,,,,,,,,,607,0.9,0.0,0.0
2026-07-17T12:34:12.991051,Raspberry_Relieve7,,,,,,0.0,,,,,,,,,608,0.96,0.0,0.0
2026-07-17T12:34:13.991158,Raspberry_Relieve7,,,,,,0.0,,,,,,,,,609,1.04,0.0,0.0
2026-07-17T12:34:14.991276,Raspberry_Relieve7,,,,,,0.0,,,,,,,,,610,0.97,0.0,0.0
2026-07-17T12:34:15.991376,Raspberry_Relieve7,,,,,,0.0,,,,,,,,,611,1.0,0.0,0.0
2026-07-17T12:34:16.991481,Raspberry_Relieve7,,,,,,0.0,,,,,,,,,612,1.05,0.0,0.0
2026-07-17T12:34:17.991589,Raspberry_Relieve7,,,,,,0.0,,,,,,,,,613,1.06,0.0,0.0
2026-07-17T12:34:18.991703,Raspberry_Relieve7,,,,,,0.0,,,,,,,,,614,1.12,0.0,0.0
2026-07-17T12:34:19.991818,Raspberry_Relieve7,,,,,,0.0,,,,,,,,,615,0.81,0.0,0.0
2026-07-17T12:34:20.991937,Raspberry_Relieve7,,,,,,0.0,,,,,,,,,616,0.94,0.0,0.0
2026-07-17T12:34:21.992045,Raspberry_Relieve7,,,,,,0.0,,,,,,,,,617,0.96,0.0,0.0
2026-07-17T12:34:22.992153,Raspberry_Relieve7,,,,,,0.0,,,,,,,,,618,1.04,0.0,0.0
2026-07-17T12:34:23.992255,Raspberry_Relieve7,,,,,,0.0,,,,,,,,,619,1.05,0.0,0.0
2026-07-17T12:34:24.992372,Raspberry_Relieve7,,,,,,0.0,,,,,,,,,620,0.99,0.0,0.0
2026-07-17T12:34:25.992477,Raspberry_Relieve7,,,,,,0.0,,,,,,,,,621,1.02,0.0,0.0
2026-07-17T12:34:26.992598,Raspberry_Relieve7,,,,,,0.0,,,,,,,,,623,1.22,0.0,0.0
2026-07-17T12:34:27.992699,Raspberry_Relieve7,,,,,,0.0,,,,,,,,,623,0.79,0.0,0.0
2026-07-17T12:34:28.992823,Raspberry_Relieve7,,,,,,0.0,,,,,,,,,624,0.96,0.0,0.0
2026-07-17T12:34:29.992940,Raspberry_Relieve7,,,,,,0.0,,,,,,,,,625,0.97,0.0,0.0
2026-07-17T12:34:30.993043,Raspberry_Relieve7,,,,,,0.0,,,,,,,,,626,0.98,0.0,0.0
2026-07-17T12:34:31.993157,Raspberry_Relieve7,,,,,,0.0,,,,,,,,,627,1.05,0.0,0.0
2026-07-17T12:34:32.993263,Raspberry_Relieve7,,,,,,0.0,,,,,,,,,628,0.95,0.0,0.0
2026-07-17T12:34:33.993374,Raspberry_Relieve7,,,,,,0.0,,,,,,,,,629,1.03,0.0,0.0
2026-07-17T12:34:34.993499,Raspberry_Relieve7,,,,,,0.0,,,,,,,,,631,1.31,0.0,0.0
2026-07-17T12:34:35.993594,Raspberry_Relieve7,,,,,,0.0,,,,,,,,,631,0.7,0.0,0.0
2026-07-17T12:34:36.993709,Raspberry_Relieve7,,,,,,0.0,,,,,,,,,632,0.97,0.0,0.0
2026-07-17T12:34:37.993828,Raspberry_Relieve7,,,,,,0.0,,,,,,,,,633,1.02,0.0,0.0
2026-07-17T12:34:38.993934,Raspberry_Relieve7,,,,,,0.0,,,,,,,,,634,0.98,0.0,0.0
2026-07-17T12:34:39.994055,Raspberry_Relieve7,,,,,,0.0,,,,,,,,,635,1.02,0.0,0.0
2026-07-17T12:34:40.994172,Raspberry_Relieve7,,,,,,0.0,,,,,,,,,636,1.03,0.0,0.0
2026-07-17T12:34:41.994298,Raspberry_Relieve7,,,,,,0.0,,,,,,,,,637,0.98,0.0,0.0
2026-07-17T12:34:42.994391,Raspberry_Relieve7,,,,,,0.0,,,,,,,,,639,1.27,0.0,0.0
2026-07-17T12:34:43.994493,Raspberry_Relieve7,,,,,,0.0,,,,,,,,,640,1.02,0.0,0.0
2026-07-17T12:34:44.994604,Raspberry_Relieve7,,,,,,0.0,,,,,,,,,640,0.69,0.0,0.0
2026-07-17T12:34:45.994726,Raspberry_Relieve7,,,,,,0.0,,,,,,,,,641,1.13,0.0,0.0
2026-07-17T12:34:46.994829,Raspberry_Relieve7,,,,,,0.0,,,,,,,,,642,0.86,0.0,0.0
2026-07-17T12:34:47.994948,Raspberry_Relieve7,,,,,,0.0,,,,,,,,,643,1.02,0.0,0.0
2026-07-17T12:34:48.995053,Raspberry_Relieve7,,,,,,0.0,,,,,,,,,644,1.0,0.0,0.0
2026-07-17T12:34:49.995269,Raspberry_Relieve7,,,,,,0.0,,,,,,,,,645,1.2,0.0,0.0
2026-07-17T12:34:50.995392,Raspberry_Relieve7,,,,,,0.0,,,,,,,,,646,0.92,0.0,0.0
2026-07-17T12:34:51.995509,Raspberry_Relieve7,,,,,,0.0,,,,,,,,,647,1.02,0.0,0.0
2026-07-17T12:34:52.995617,Raspberry_Relieve7,,,,,,0.0,,,,,,,,,648,0.97,0.0,0.0
2026-07-17T12:34:53.995739,Raspberry_Relieve7,,,,,,0.0,,,,,,,,,649,1.02,0.0,0.0
2026-07-17T12:34:54.995875,Raspberry_Relieve7,,,,,,0.0,,,,,,,,,650,0.84,0.0,0.0
2026-07-17T12:34:55.995985,Raspberry_Relieve7,,,,,,0.0,,,,,,,,,651,1.02,0.0,0.0
2026-07-17T12:34:56.996204,Raspberry_Relieve7,,,,,,0.0,,,,,,,,,652,0.98,0.0,0.0
2026-07-17T12:34:57.996334,Raspberry_Relieve7,,,,,,0.0,,,,,,,,,653,1.02,0.0,0.0
2026-07-17T12:34:58.996441,Raspberry_Relieve7,,,,,,0.0,,,,,,,,,654,1.17,0.0,0.0
2026-07-17T12:34:59.996566,Raspberry_Relieve7,,,,,,0.0,,,,,,,,,655,1.01,0.0,0.0
2026-07-17T12:35:00.996688,Raspberry_Relieve7,,,,,,0.0,,,,,,,,,656,0.94,0.0,0.0
2026-07-17T12:35:01.996807,Raspberry_Relieve7,,,,,,0.0,,,,,,,,,657,0.92,0.0,0.0
2026-07-17T12:35:02.997048,Raspberry_Relieve7,,,,,,0.0,,,,,,,,,658,1.0,0.0,0.0
2026-07-17T12:35:03.997161,Raspberry_Relieve7,,,,,,0.0,,,,,,,,,659,1.03,0.0,0.0
2026-07-17T12:35:04.997291,Raspberry_Relieve7,,,,,,0.0,,,,,,,,,661,1.35,0.0,0.0
2026-07-17T12:35:05.997404,Raspberry_Relieve7,,,,,,0.0,,,,,,,,,661,0.66,0.0,0.0
2026-07-17T12:35:06.997532,Raspberry_Relieve7,,,,,,0.0,,,,,,,,,662,0.89,0.0,0.0
2026-07-17T12:35:07.997643,Raspberry_Relieve7,,,,,,0.0,,,,,,,,,663,1.22,0.0,0.0
2026-07-17T12:35:08.997759,Raspberry_Relieve7,,,,,,0.0,,,,,,,,,664,0.92,0.0,0.0
2026-07-17T12:35:09.997878,Raspberry_Relieve7,,,,,,0.0,,,,,,,,,665,0.93,0.0,0.0
2026-07-17T12:35:10.997999,Raspberry_Relieve7,,,,,,0.0,,,,,,,,,666,1.0,0.0,0.0
2026-07-17T12:35:11.998117,Raspberry_Relieve7,,,,,,0.0,,,,,,,,,667,1.01,0.0,0.0
2026-07-17T12:35:12.998233,Raspberry_Relieve7,,,,,,0.0,,,,,,,,,668,1.06,0.0,0.0
2026-07-17T12:35:13.998351,Raspberry_Relieve7,,,,,,0.0,,,,,,,,,669,0.92,0.0,0.0
2026-07-17T12:35:14.998469,Raspberry_Relieve7,,,,,,0.0,,,,,,,,,670,1.12,0.0,0.0
2026-07-17T12:35:15.998600,Raspberry_Relieve7,,,,,,0.0,,,,,,,,,671,0.85,0.0,0.0
2026-07-17T12:35:16.998718,Raspberry_Relieve7,,,,,,0.0,,,,,,,,,672,1.0,0.0,0.0
2026-07-17T12:35:17.998836,Raspberry_Relieve7,,,,,,0.0,,,,,,,,,673,1.02,0.0,0.0
2026-07-17T12:35:18.998944,Raspberry_Relieve7,,,,,,0.0,,,,,,,,,674,0.98,0.0,0.0
2026-07-17T12:35:19.999061,Raspberry_Relieve7,,,,,,0.0,,,,,,,,,675,1.01,0.0,0.0
2026-07-17T12:35:20.999280,Raspberry_Relieve7,,,,,,0.0,,,,,,,,,676,0.97,0.0,0.0
2026-07-17T12:35:21.999401,Raspberry_Relieve7,,,,,,0.0,,,,,,,,,677,1.03,0.0,0.0
2026-07-17T12:35:22.999602,Raspberry_Relieve7,,,,,,0.0,,,,,,,,,678,0.99,0.0,0.0
2026-07-17T12:35:23.999718,Raspberry_Relieve7,,,,,,0.0,,,,,,,,,679,1.09,0.0,0.0
2026-07-17T12:35:24.999834,Raspberry_Relieve7,,,,,,0.0,,,,,,,,,680,1.01,0.0,0.0
2026-07-17T12:35:26.000057,Raspberry_Relieve7,,,,,,0.0,,,,,,,,,681,0.95,0.0,0.0
2026-07-17T12:35:27.000209,Raspberry_Relieve7,,,,,,0.0,,,,,,,,,682,0.99,0.0,0.0
2026-07-17T12:35:28.000290,Raspberry_Relieve7,,,,,,0.0,,,,,,,,,683,1.12,0.0,0.0
2026-07-17T12:35:29.000396,Raspberry_Relieve7,,,,,,0.0,,,,,,,,,684,0.85,0.0,0.0
2026-07-17T12:35:30.000515,Raspberry_Relieve7,,,,,,0.0,,,,,,,,,685,1.01,0.0,0.0
2026-07-17T12:35:31.000634,Raspberry_Relieve7,,,,,,0.0,,,,,,,,,686,0.98,0.0,0.0
2026-07-17T12:35:32.000855,Raspberry_Relieve7,,,,,,0.0,,,,,,,,,687,1.16,0.0,0.0
2026-07-17T12:35:33.000966,Raspberry_Relieve7,,,,,,0.0,,,,,,,,,688,0.92,0.0,0.0
2026-07-17T12:35:34.001178,Raspberry_Relieve7,,,,,,0.0,,,,,,,,,689,1.14,0.0,0.0
2026-07-17T12:35:35.001282,Raspberry_Relieve7,,,,,,0.0,,,,,,,,,690,0.81,0.0,0.0
2026-07-17T12:35:36.001413,Raspberry_Relieve7,,,,,,0.0,,,,,,,,,691,0.97,0.0,0.0
2026-07-17T12:35:37.001523,Raspberry_Relieve7,,,,,,0.0,,,,,,,,,692,1.07,0.0,0.0
2026-07-17T12:35:38.001643,Raspberry_Relieve7,,,,,,0.0,,,,,,,,,693,0.92,0.0,0.0
2026-07-17T12:35:39.001857,Raspberry_Relieve7,,,,,,0.0,,,,,,,,,694,1.17,0.0,0.0
2026-07-17T12:35:40.001974,Raspberry_Relieve7,,,,,,0.0,,,,,,,,,695,0.99,0.0,0.0
2026-07-17T12:35:41.002084,Raspberry_Relieve7,,,,,,0.0,,,,,,,,,696,0.88,0.0,0.0
2026-07-17T12:35:42.002206,Raspberry_Relieve7,,,,,,0.0,,,,,,,,,697,0.97,0.0,0.0
2026-07-17T12:35:43.002307,Raspberry_Relieve7,,,,,,0.0,,,,,,,,,698,1.0,0.0,0.0
2026-07-17T12:35:44.002427,Raspberry_Relieve7,,,,,,0.0,,,,,,,,,699,1.02,0.0,0.0
2026-07-17T12:35:45.002536,Raspberry_Relieve7,,,,,,0.0,,,,,,,,,700,1.04,0.0,0.0
2026-07-17T12:35:46.002646,Raspberry_Relieve7,,,,,,0.0,,,,,,,,,701,1.01,0.0,0.0
2026-07-17T12:35:47.002756,Raspberry_Relieve7,,,,,,0.0,,,,,,,,,702,0.91,0.0,0.0
2026-07-17T12:35:48.002872,Raspberry_Relieve7,,,,,,0.0,,,,,,,,,703,1.02,0.0,0.0
2026-07-17T12:35:49.003078,Raspberry_Relieve7,,,,,,0.0,,,,,,,,,704,1.04,0.0,0.0
2026-07-17T12:35:50.003185,Raspberry_Relieve7,,,,,,0.0,,,,,,,,,705,0.96,0.0,0.0
2026-07-17T12:35:51.003314,Raspberry_Relieve7,,,,,,0.0,,,,,,,,,706,0.98,0.0,0.0
2026-07-17T12:35:52.003428,Raspberry_Relieve7,,,,,,0.0,,,,,,,,,707,1.02,0.0,0.0
2026-07-17T12:35:53.003539,Raspberry_Relieve7,,,,,,0.0,,,,,,,,,708,1.02,0.0,0.0
2026-07-17T12:35:54.003648,Raspberry_Relieve7,,,,,,0.0,,,,,,,,,709,0.99,0.0,0.0
2026-07-17T12:35:55.003753,Raspberry_Relieve7,,,,,,0.0,,,,,,,,,710,1.19,0.0,0.0
2026-07-17T12:35:56.003856,Raspberry_Relieve7,,,,,,0.0,,,,,,,,,711,0.83,0.0,0.0
2026-07-17T12:35:57.003971,Raspberry_Relieve7,,,,,,0.0,,,,,,,,,712,1.14,0.0,0.0
2026-07-17T12:35:58.004083,Raspberry_Relieve7,,,,,,0.0,,,,,,,,,713,0.9,0.0,0.0
2026-07-17T12:35:59.004194,Raspberry_Relieve7,,,,,,0.0,,,,,,,,,714,0.97,0.0,0.0
2026-07-17T12:36:00.004321,Raspberry_Relieve7,,,,,,0.0,,,,,,,,,715,1.07,0.0,0.0
2026-07-17T12:36:01.004428,Raspberry_Relieve7,,,,,,0.0,,,,,,,,,716,0.94,0.0,0.0
2026-07-17T12:36:02.004541,Raspberry_Relieve7,,,,,,0.0,,,,,,,,,717,1.06,0.0,0.0
2026-07-17T12:36:03.004650,Raspberry_Relieve7,,,,,,0.0,,,,,,,,,719,1.12,0.0,0.0
2026-07-17T12:36:04.004752,Raspberry_Relieve7,,,,,,0.0,,,,,,,,,719,0.86,0.0,0.0
2026-07-17T12:36:05.004879,Raspberry_Relieve7,,,,,,0.0,,,,,,,,,720,0.91,0.0,0.0
2026-07-17T12:36:06.005002,Raspberry_Relieve7,,,,,,0.0,,,,,,,,,721,1.03,0.0,0.0
2026-07-17T12:36:07.005116,Raspberry_Relieve7,,,,,,0.0,,,,,,,,,722,0.95,0.0,0.0
2026-07-17T12:36:08.005230,Raspberry_Relieve7,,,,,,0.0,,,,,,,,,723,1.07,0.0,0.0
2026-07-17T12:36:09.005434,Raspberry_Relieve7,,,,,,0.0,,,,,,,,,725,1.29,0.0,0.0
2026-07-17T12:36:10.005542,Raspberry_Relieve7,,,,,,0.0,,,,,,,,,725,0.82,0.0,0.0
2026-07-17T12:36:11.005678,Raspberry_Relieve7,,,,,,0.0,,,,,,,,,726,1.01,0.0,0.0
2026-07-17T12:36:12.005785,Raspberry_Relieve7,,,,,,0.0,,,,,,,,,727,0.93,0.0,0.0
2026-07-17T12:36:13.005892,Raspberry_Relieve7,,,,,,0.0,,,,,,,,,728,1.0,0.0,0.0
2026-07-17T12:36:14.005992,Raspberry_Relieve7,,,,,,0.0,,,,,,,,,729,0.94,0.0,0.0
2026-07-17T12:36:15.006119,Raspberry_Relieve7,,,,,,0.0,,,,,,,,,730,1.01,0.0,0.0
2026-07-17T12:36:16.006223,Raspberry_Relieve7,,,,,,0.0,,,,,,,,,731,0.93,0.0,0.0
2026-07-17T12:36:17.006333,Raspberry_Relieve7,,,,,,0.0,,,,,,,,,732,1.03,0.0,0.0
2026-07-17T12:36:18.006439,Raspberry_Relieve7,,,,,,0.0,,,,,,,,,733,0.96,0.0,0.0
2026-07-17T12:36:19.006575,Raspberry_Relieve7,,,,,,0.0,,,,,,,,,735,1.28,0.0,0.0
2026-07-17T12:36:20.006666,Raspberry_Relieve7,,,,,,0.0,,,,,,,,,735,0.81,0.0,0.0
2026-07-17T12:36:21.006791,Raspberry_Relieve7,,,,,,0.0,,,,,,,,,736,1.13,0.0,0.0
2026-07-17T12:36:22.006901,Raspberry_Relieve7,,,,,,0.0,,,,,,,,,737,0.79,0.0,0.0
2026-07-17T12:36:23.007049,Raspberry_Relieve7,,,,,,0.0,,,,,,,,,738,1.05,0.0,0.0
2026-07-17T12:36:24.007145,Raspberry_Relieve7,,,,,,0.0,,,,,,,,,739,1.01,0.0,0.0
2026-07-17T12:36:25.007252,Raspberry_Relieve7,,,,,,0.0,,,,,,,,,740,1.0,0.0,0.0
2026-07-17T12:36:26.007362,Raspberry_Relieve7,,,,,,0.0,,,,,,,,,741,1.0,0.0,0.0
2026-07-17T12:36:27.007474,Raspberry_Relieve7,,,,,,0.0,,,,,,,,,742,1.11,0.0,0.0
2026-07-17T12:36:28.007584,Raspberry_Relieve7,,,,,,0.0,,,,,,,,,743,0.98,0.0,0.0
2026-07-17T12:36:29.007693,Raspberry_Relieve7,,,,,,0.0,,,,,,,,,744,0.9,0.0,0.0
2026-07-17T12:36:30.007807,Raspberry_Relieve7,,,,,,0.0,,,,,,,,,745,0.98,0.0,0.0
2026-07-17T12:36:31.007913,Raspberry_Relieve7,,,,,,0.0,,,,,,,,,746,0.93,0.0,0.0
2026-07-17T12:36:32.008033,Raspberry_Relieve7,,,,,,0.0,,,,,,,,,747,1.05,0.0,0.0
2026-07-17T12:36:33.008145,Raspberry_Relieve7,,,,,,0.0,,,,,,,,,748,1.07,0.0,0.0
2026-07-17T12:36:34.008261,Raspberry_Relieve7,,,,,,0.0,,,,,,,,,749,1.01,0.0,0.0
2026-07-17T12:36:35.008373,Raspberry_Relieve7,,,,,,0.0,,,,,,,,,750,1.11,0.0,0.0
2026-07-17T12:36:36.008489,Raspberry_Relieve7,,,,,,0.0,,,,,,,,,752,1.04,0.0,0.0
2026-07-17T12:36:37.008605,Raspberry_Relieve7,,,,,,0.0,,,,,,,,,752,0.76,0.0,0.0
2026-07-17T12:36:38.008724,Raspberry_Relieve7,,,,,,0.0,,,,,,,,,753,1.06,0.0,0.0
2026-07-17T12:36:39.008836,Raspberry_Relieve7,,,,,,0.0,,,,,,,,,754,0.94,0.0,0.0
2026-07-17T12:36:40.009059,Raspberry_Relieve7,,,,,,0.0,,,,,,,,,755,1.0,0.0,0.0
2026-07-17T12:36:41.009164,Raspberry_Relieve7,,,,,,0.0,,,,,,,,,756,1.01,0.0,0.0
2026-07-17T12:36:42.009283,Raspberry_Relieve7,,,,,,0.0,,,,,,,,,757,1.2,0.0,0.0
2026-07-17T12:36:43.009397,Raspberry_Relieve7,,,,,,0.0,,,,,,,,,758,1.01,0.0,0.0
2026-07-17T12:36:44.009507,Raspberry_Relieve7,,,,,,0.0,,,,,,,,,759,0.78,0.0,0.0
2026-07-17T12:36:45.009624,Raspberry_Relieve7,,,,,,0.0,,,,,,,,,760,0.96,0.0,0.0
2026-07-17T12:36:46.009747,Raspberry_Relieve7,,,,,,0.0,,,,,,,,,761,1.06,0.0,0.0
2026-07-17T12:36:47.009858,Raspberry_Relieve7,,,,,,0.0,,,,,,,,,762,0.98,0.0,0.0
2026-07-17T12:36:48.010072,Raspberry_Relieve7,,,,,,0.0,,,,,,,,,763,1.0,0.0,0.0
2026-07-17T12:36:49.010223,Raspberry_Relieve7,,,,,,0.0,,,,,,,,,764,1.05,0.0,0.0
2026-07-17T12:36:50.010303,Raspberry_Relieve7,,,,,,0.0,,,,,,,,,765,1.01,0.0,0.0
2026-07-17T12:36:51.010422,Raspberry_Relieve7,,,,,,0.0,,,,,,,,,766,1.1,0.0,0.0
2026-07-17T12:36:52.010534,Raspberry_Relieve7,,,,,,0.0,,,,,,,,,767,1.01,0.0,0.0
2026-07-17T12:36:53.010661,Raspberry_Relieve7,,,,,,0.0,,,,,,,,,768,0.99,0.0,0.0
2026-07-17T12:36:54.010770,Raspberry_Relieve7,,,,,,0.0,,,,,,,,,769,0.9,0.0,0.0
2026-07-17T12:36:55.010896,Raspberry_Relieve7,,,,,,0.0,,,,,,,,,770,0.95,0.0,0.0
2026-07-17T12:36:56.011013,Raspberry_Relieve7,,,,,,0.0,,,,,,,,,771,1.07,0.0,0.0
2026-07-17T12:36:57.011139,Raspberry_Relieve7,,,,,,0.0,,,,,,,,,772,0.94,0.0,0.0
2026-07-17T12:36:58.011248,Raspberry_Relieve7,,,,,,0.0,,,,,,,,,773,1.13,0.0,0.0
2026-07-17T12:36:59.011360,Raspberry_Relieve7,,,,,,0.0,,,,,,,,,774,1.02,0.0,0.0
2026-07-17T12:37:00.011471,Raspberry_Relieve7,,,,,,0.0,,,,,,,,,775,0.95,0.0,0.0
2026-07-17T12:37:01.011588,Raspberry_Relieve7,,,,,,0.0,,,,,,,,,776,0.94,0.0,0.0
2026-07-17T12:37:02.011697,Raspberry_Relieve7,,,,,,0.0,,,,,,,,,777,0.95,0.0,0.0
2026-07-17T12:37:03.011819,Raspberry_Relieve7,,,,,,0.0,,,,,,,,,778,0.96,0.0,0.0
2026-07-17T12:37:04.011928,Raspberry_Relieve7,,,,,,0.0,,,,,,,,,779,1.02,0.0,0.0
2026-07-17T12:37:05.012054,Raspberry_Relieve7,,,,,,0.0,,,,,,,,,781,1.25,0.0,0.0
2026-07-17T12:37:06.012156,Raspberry_Relieve7,,,,,,0.0,,,,,,,,,781,0.88,0.0,0.0
2026-07-17T12:37:07.012264,Raspberry_Relieve7,,,,,,0.0,,,,,,,,,782,1.04,0.0,0.0
2026-07-17T12:37:08.012372,Raspberry_Relieve7,,,,,,0.0,,,,,,,,,783,1.01,0.0,0.0
2026-07-17T12:37:09.012482,Raspberry_Relieve7,,,,,,0.0,,,,,,,,,784,0.93,0.0,0.0
2026-07-17T12:37:10.012593,Raspberry_Relieve7,,,,,,0.0,,,,,,,,,785,1.06,0.0,0.0
2026-07-17T12:37:11.012707,Raspberry_Relieve7,,,,,,0.0,,,,,,,,,786,0.81,0.0,0.0
2026-07-17T12:37:12.012815,Raspberry_Relieve7,,,,,,0.0,,,,,,,,,787,1.02,0.0,0.0
2026-07-17T12:37:13.012913,Raspberry_Relieve7,,,,,,0.0,,,,,,,,,788,1.0,0.0,0.0
2026-07-17T12:37:14.013017,Raspberry_Relieve7,,,,,,0.0,,,,,,,,,789,1.02,0.0,0.0
2026-07-17T12:37:15.013133,Raspberry_Relieve7,,,,,,0.0,,,,,,,,,790,1.18,0.0,0.0
2026-07-17T12:37:16.013245,Raspberry_Relieve7,,,,,,0.0,,,,,,,,,791,0.83,0.0,0.0
2026-07-17T12:37:17.013367,Raspberry_Relieve7,,,,,,0.0,,,,,,,,,792,1.1,0.0,0.0
2026-07-17T12:37:18.013479,Raspberry_Relieve7,,,,,,0.0,,,,,,,,,793,1.02,0.0,0.0
2026-07-17T12:37:19.013577,Raspberry_Relieve7,,,,,,0.0,,,,,,,,,794,0.85,0.0,0.0
2026-07-17T12:37:20.013695,Raspberry_Relieve7,,,,,,0.0,,,,,,,,,795,1.0,0.0,0.0
2026-07-17T12:37:21.013825,Raspberry_Relieve7,,,,,,0.0,,,,,,,,,796,1.02,0.0,0.0
2026-07-17T12:37:22.013935,Raspberry_Relieve7,,,,,,0.0,,,,,,,,,797,0.99,0.0,0.0
2026-07-17T12:37:23.014072,Raspberry_Relieve7,,,,,,0.0,,,,,,,,,798,1.15,0.0,0.0
2026-07-17T12:37:24.014189,Raspberry_Relieve7,,,,,,0.0,,,,,,,,,799,0.94,0.0,0.0
2026-07-17T12:37:25.014300,Raspberry_Relieve7,,,,,,0.0,,,,,,,,,800,0.99,0.0,0.0
2026-07-17T12:37:26.014408,Raspberry_Relieve7,,,,,,0.0,,,,,,,,,801,0.95,0.0,0.0
2026-07-17T12:37:27.014519,Raspberry_Relieve7,,,,,,0.0,,,,,,,,,802,1.01,0.0,0.0
2026-07-17T12:37:28.014641,Raspberry_Relieve7,,,,,,0.0,,,,,,,,,803,1.04,0.0,0.0
2026-07-17T12:37:29.014748,Raspberry_Relieve7,,,,,,0.0,,,,,,,,,804,1.02,0.0,0.0
2026-07-17T12:37:30.014851,Raspberry_Relieve7,,,,,,0.0,,,,,,,,,805,0.91,0.0,0.0
2026-07-17T12:37:31.014969,Raspberry_Relieve7,,,,,,0.0,,,,,,,,,806,1.15,0.0,0.0
2026-07-17T12:37:32.015073,Raspberry_Relieve7,,,,,,0.0,,,,,,,,,807,1.04,0.0,0.0
2026-07-17T12:37:33.015184,Raspberry_Relieve7,,,,,,0.0,,,,,,,,,808,0.87,0.0,0.0
2026-07-17T12:37:34.015301,Raspberry_Relieve7,,,,,,0.0,,,,,,,,,809,1.0,0.0,0.0
2026-07-17T12:37:35.015422,Raspberry_Relieve7,,,,,,0.0,,,,,,,,,810,0.94,0.0,0.0
2026-07-17T12:37:36.015609,Raspberry_Relieve7,,,,,,0.0,,,,,,,,,811,1.04,0.0,0.0
2026-07-17T12:37:37.015720,Raspberry_Relieve7,,,,,,0.0,,,,,,,,,812,0.95,0.0,0.0
2026-07-17T12:37:38.015834,Raspberry_Relieve7,,,,,,0.0,,,,,,,,,813,1.01,0.0,0.0
2026-07-17T12:37:39.016058,Raspberry_Relieve7,,,,,,0.0,,,,,,,,,814,1.14,0.0,0.0
2026-07-17T12:37:40.016172,Raspberry_Relieve7,,,,,,0.0,,,,,,,,,815,0.99,0.0,0.0
2026-07-17T12:37:41.016285,Raspberry_Relieve7,,,,,,0.0,,,,,,,,,816,0.94,0.0,0.0
2026-07-17T12:37:42.016403,Raspberry_Relieve7,,,,,,0.0,,,,,,,,,817,0.92,0.0,0.0
2026-07-17T12:37:43.016519,Raspberry_Relieve7,,,,,,0.0,,,,,,,,,818,1.07,0.0,0.0
2026-07-17T12:37:44.016637,Raspberry_Relieve7,,,,,,0.0,,,,,,,,,819,1.04,0.0,0.0
2026-07-17T12:37:45.016762,Raspberry_Relieve7,,,,,,0.0,,,,,,,,,820,0.94,0.0,0.0
2026-07-17T12:37:46.016945,Raspberry_Relieve7,,,,,,0.0,,,,,,,,,821,0.93,0.0,0.0
2026-07-17T12:37:47.017063,Raspberry_Relieve7,,,,,,0.0,,,,,,,,,822,1.22,0.0,0.0
2026-07-17T12:37:48.017170,Raspberry_Relieve7,,,,,,0.0,,,,,,,,,823,0.93,0.0,0.0
2026-07-17T12:37:49.017283,Raspberry_Relieve7,,,,,,0.0,,,,,,,,,824,0.89,0.0,0.0
2026-07-17T12:37:50.017391,Raspberry_Relieve7,,,,,,0.0,,,,,,,,,825,1.03,0.0,0.0
2026-07-17T12:37:51.017509,Raspberry_Relieve7,,,,,,0.0,,,,,,,,,826,0.92,0.0,0.0
2026-07-17T12:37:52.017638,Raspberry_Relieve7,,,,,,0.0,,,,,,,,,827,1.01,0.0,0.0
2026-07-17T12:37:53.017840,Raspberry_Relieve7,,,,,,0.0,,,,,,,,,828,1.06,0.0,0.0
2026-07-17T12:37:54.017948,Raspberry_Relieve7,,,,,,0.0,,,,,,,,,829,1.13,0.0,0.0
2026-07-17T12:49:47.145025,Raspberry_Relieve7,,,,,,0.0,,,,,,,,,1555,725.26,0.0,0.0
2026-07-17T12:49:48.358495,Raspberry_Relieve7,,,,,,0.0,,,,,,,,,1555,0.68,0.0,0.0
2026-07-17T12:49:49.358740,Raspberry_Relieve7,,,,,,0.0,,,,,,,,,1557,1.16,0.0,0.0
2026-07-17T12:49:50.358912,Raspberry_Relieve7,,,,,,0.0,,,,,,,,,1557,0.89,0.0,0.0
2026-07-17T12:49:51.359030,Raspberry_Relieve7,,,,,,0.0,,,,,,,,,1559,1.17,0.0,0.0
2026-07-17T12:49:52.359125,Raspberry_Relieve7,,,,,,0.0,,,,,,,,,1559,0.87,0.0,0.0
2026-07-17T12:49:53.359263,Raspberry_Relieve7,,,,,,0.0,,,,,,,,,1560,0.96,0.0,0.0
2026-07-17T12:49:54.359377,Raspberry_Relieve7,,,,,,0.0,,,,,,,,,1561,0.98,0.0,0.0
2026-07-17T12:49:55.359555,Raspberry_Relieve7,,,,,,0.0,,,,,,,,,1562,1.01,0.0,0.0
2026-07-17T12:49:56.359650,Raspberry_Relieve7,,,,,,0.0,,,,,,,,,1563,0.98,0.0,0.0
2026-07-17T12:49:57.359808,Raspberry_Relieve7,,,,,,0.0,,,,,,,,,1564,1.09,0.0,0.0
2026-07-17T12:49:58.359908,Raspberry_Relieve7,,,,,,0.0,,,,,,,,,1565,0.95,0.0,0.0
2026-07-17T12:49:59.360035,Raspberry_Relieve7,,,,,,0.0,,,,,,,,,1567,1.09,0.0,0.0
2026-07-17T12:50:00.360145,Raspberry_Relieve7,,,,,,0.0,,,,,,,,,1567,0.84,0.0,0.0
2026-07-17T12:50:01.360286,Raspberry_Relieve7,,,,,,0.0,,,,,,,,,1568,1.03,0.0,0.0
2026-07-17T12:50:02.360464,Raspberry_Relieve7,,,,,,0.0,,,,,,,,,1570,1.35,0.0,0.0
2026-07-17T12:58:33.168099,Raspberry_Relieve7,,,,,,0.0,,,,,,,,,2093,522.93,0.0,0.0
2026-07-17T12:58:34.168190,Raspberry_Relieve7,,,,,,0.0,,,,,,,,,2093,0.61,0.0,0.0
2026-07-17T12:58:35.168352,Raspberry_Relieve7,,,,,,0.0,,,,,,,,,2094,1.13,0.0,0.0
2026-07-17T12:58:36.168471,Raspberry_Relieve7,,,,,,0.0,,,,,,,,,2095,1.03,0.0,0.0
2026-07-17T12:58:37.168583,Raspberry_Relieve7,,,,,,0.0,,,,,,,,,2096,0.9,0.0,0.0
2026-07-17T12:58:38.168708,Raspberry_Relieve7,,,,,,0.0,,,,,,,,,2097,0.87,0.0,0.0
2026-07-17T12:58:39.168830,Raspberry_Relieve7,,,,,,0.0,,,,,,,,,2098,1.04,0.0,0.0
2026-07-17T12:58:40.169033,Raspberry_Relieve7,,,,,,0.0,,,,,,,,,2099,1.01,0.0,0.0
2026-07-17T12:58:41.169138,Raspberry_Relieve7,,,,,,0.0,,,,,,,,,2100,0.97,0.0,0.0
2026-07-17T12:58:42.169251,Raspberry_Relieve7,,,,,,0.0,,,,,,,,,2101,1.01,0.0,0.0
2026-07-17T12:59:06.998059,Raspberry_Relieve7,,,,,,0.0,,,,,,,,,2102,0.94,0.0,0.0
2026-07-17T12:59:07.998177,Raspberry_Relieve7,,,,,,0.0,,,,,,,,,2103,1.11,0.0,0.0
2026-07-17T12:59:08.998286,Raspberry_Relieve7,,,,,,0.0,,,,,,,,,2104,1.08,0.0,0.0
2026-07-17T12:59:09.998405,Raspberry_Relieve7,,,,,,0.0,,,,,,,,,2105,0.78,0.0,0.0
2026-07-17T12:59:10.998522,Raspberry_Relieve7,,,,,,0.0,,,,,,,,,2107,1.35,0.0,0.0
2026-07-17T12:59:11.998636,Raspberry_Relieve7,,,,,,0.0,,,,,,,,,2107,0.67,0.0,0.0
2026-07-17T12:59:12.998756,Raspberry_Relieve7,,,,,,0.0,,,,,,,,,2108,1.03,0.0,0.0
2026-07-17T12:59:13.998885,Raspberry_Relieve7,,,,,,0.0,,,,,,,,,2109,1.04,0.0,0.0
2026-07-17T13:08:59.485111,Raspberry_Relieve7,,,,,,0.0,,,,,,,,,2706,597.21,0.0,0.0
2026-07-17T13:09:00.485246,Raspberry_Relieve7,,,,,,0.0,,,,,,,,,2707,0.78,0.0,0.0
2026-07-17T13:09:01.485406,Raspberry_Relieve7,,,,,,0.0,,,,,,,,,2708,1.01,0.0,0.0
2026-07-17T13:09:02.485630,Raspberry_Relieve7,,,,,,0.0,,,,,,,,,2709,1.02,0.0,0.0
2026-07-17T13:09:03.485788,Raspberry_Relieve7,,,,,,0.0,,,,,,,,,2710,1.03,0.0,0.0
2026-07-17T13:09:04.485990,Raspberry_Relieve7,,,,,,0.0,,,,,,,,,2711,0.96,0.0,0.0
2026-07-17T13:09:05.486147,Raspberry_Relieve7,,,,,,0.0,,,,,,,,,2712,0.99,0.0,0.0
2026-07-17T13:09:06.486312,Raspberry_Relieve7,,,,,,0.0,,,,,,,,,2713,1.02,0.0,0.0
2026-07-17T13:09:07.486537,Raspberry_Relieve7,,,,,,0.0,,,,,,,,,2714,0.95,0.0,0.0
2026-07-17T13:09:08.487246,Raspberry_Relieve7,,,,,,0.0,,,,,,,,,2715,1.02,0.0,0.0
2026-07-17T13:09:09.487404,Raspberry_Relieve7,,,,,,0.0,,,,,,,,,2716,1.02,0.0,0.0
2026-07-17T13:09:10.487542,Raspberry_Relieve7,,,,,,0.0,,,,,,,,,2717,0.92,0.0,0.0
2026-07-17T13:09:11.487639,Raspberry_Relieve7,,,,,,0.0,,,,,,,,,2718,1.02,0.0,0.0
2026-07-17T13:09:12.487741,Raspberry_Relieve7,,,,,,0.0,,,,,,,,,2719,1.02,0.0,0.0
2026-07-17T13:09:13.487856,Raspberry_Relieve7,,,,,,0.0,,,,,,,,,2720,0.92,0.0,0.0
2026-07-17T13:09:14.487932,Raspberry_Relieve7,,,,,,0.0,,,,,,,,,2721,1.06,0.0,0.0
2026-07-17T13:09:15.488058,Raspberry_Relieve7,,,,,,0.0,,,,,,,,,2722,0.93,0.0,0.0
2026-07-17T13:09:16.488180,Raspberry_Relieve7,,,,,,0.0,,,,,,,,,2723,1.01,0.0,0.0
2026-07-17T13:09:17.488293,Raspberry_Relieve7,,,,,,0.0,,,,,,,,,2724,1.0,0.0,0.0
2026-07-17T13:09:18.488420,Raspberry_Relieve7,,,,,,0.0,,,,,,,,,2725,1.03,0.0,0.0
2026-07-17T13:09:30.912494,Raspberry_Relieve7,,,,,,0.0,,,,,,,,,2726,1.01,0.0,0.0
2026-07-17T13:09:31.912554,Raspberry_Relieve7,,,,,,0.0,,,,,,,,,2727,0.91,0.0,0.0
2026-07-17T13:09:32.912709,Raspberry_Relieve7,,,,,,0.0,,,,,,,,,2728,1.03,0.0,0.0
2026-07-17T13:09:33.912830,Raspberry_Relieve7,,,,,,0.0,,,,,,,,,2729,1.05,0.0,0.0
2026-07-17T13:09:34.912921,Raspberry_Relieve7,,,,,,0.0,,,,,,,,,2730,1.0,0.0,0.0
2026-07-17T13:09:35.913005,Raspberry_Relieve7,,,,,,0.0,,,,,,,,,2731,0.9,0.0,0.0
2026-07-17T13:09:36.913147,Raspberry_Relieve7,,,,,,0.0,,,,,,,,,2732,1.12,0.0,0.0
2026-07-17T13:09:37.913263,Raspberry_Relieve7,,,,,,0.0,,,,,,,,,2733,0.94,0.0,0.0
2026-07-17T13:09:38.913388,Raspberry_Relieve7,,,,,,0.0,,,,,,,,,2734,1.04,0.0,0.0
2026-07-17T13:09:39.913553,Raspberry_Relieve7,,,,,,0.0,,,,,,,,,2735,1.01,0.0,0.0
2026-07-17T13:09:40.913643,Raspberry_Relieve7,,,,,,0.0,,,,,,,,,2736,0.95,0.0,0.0
2026-07-17T13:09:41.913805,Raspberry_Relieve7,,,,,,0.0,,,,,,,,,2737,1.0,0.0,0.0
2026-07-17T13:09:42.913914,Raspberry_Relieve7,,,,,,0.0,,,,,,,,,2738,1.0,0.0,0.0
2026-07-17T13:09:43.913993,Raspberry_Relieve7,,,,,,0.0,,,,,,,,,2739,0.98,0.0,0.0
2026-07-17T13:09:44.914128,Raspberry_Relieve7,,,,,,0.0,,,,,,,,,2740,0.98,0.0,0.0
2026-07-17T13:09:45.914208,Raspberry_Relieve7,,,,,,0.0,,,,,,,,,2741,1.04,0.0,0.0
2026-07-17T13:09:46.914355,Raspberry_Relieve7,,,,,,0.0,,,,,,,,,2742,1.02,0.0,0.0
2026-07-17T13:09:47.914472,Raspberry_Relieve7,,,,,,0.0,,,,,,,,,2743,0.93,0.0,0.0
2026-07-17T13:09:48.914641,Raspberry_Relieve7,,,,,,0.0,,,,,,,,,2744,1.09,0.0,0.0
2026-07-17T13:09:49.914745,Raspberry_Relieve7,,,,,,0.0,,,,,,,,,2745,1.05,0.0,0.0
2026-07-17T13:09:50.914841,Raspberry_Relieve7,,,,,,0.0,,,,,,,,,2746,0.9,0.0,0.0
2026-07-17T13:09:51.914928,Raspberry_Relieve7,,,,,,0.0,,,,,,,,,2747,0.99,0.0,0.0
2026-07-17T13:09:52.915093,Raspberry_Relieve7,,,,,,0.0,,,,,,,,,2748,1.03,0.0,0.0
2026-07-17T13:09:53.915202,Raspberry_Relieve7,,,,,,0.0,,,,,,,,,2749,1.04,0.0,0.0
2026-07-17T13:09:54.915302,Raspberry_Relieve7,,,,,,0.0,,,,,,,,,2750,0.95,0.0,0.0
2026-07-17T13:09:55.915374,Raspberry_Relieve7,,,,,,0.0,,,,,,,,,2751,1.03,0.0,0.0
2026-07-17T13:09:56.915491,Raspberry_Relieve7,,,,,,0.0,,,,,,,,,2752,1.02,0.0,0.0
2026-07-17T13:09:57.915605,Raspberry_Relieve7,,,,,,0.0,,,,,,,,,2753,0.93,0.0,0.0
2026-07-17T13:09:58.915726,Raspberry_Relieve7,,,,,,0.0,,,,,,,,,2754,0.99,0.0,0.0
2026-07-17T13:09:59.915797,Raspberry_Relieve7,,,,,,0.0,,,,,,,,,2755,0.98,0.0,0.0
2026-07-17T13:10:00.915935,Raspberry_Relieve7,,,,,,0.0,,,,,,,,,2756,1.05,0.0,0.0
2026-07-17T13:10:01.916061,Raspberry_Relieve7,,,,,,0.0,,,,,,,,,2757,1.04,0.0,0.0
2026-07-17T13:10:02.916237,Raspberry_Relieve7,,,,,,0.0,,,,,,,,,2758,0.99,0.0,0.0
2026-07-17T13:10:03.917948,Raspberry_Relieve7,,,,,,0.0,,,,,,,,,2759,1.09,0.0,0.0
2026-07-17T13:10:04.918059,Raspberry_Relieve7,,,,,,0.0,,,,,,,,,2760,0.87,0.0,0.0
2026-07-17T13:10:05.918203,Raspberry_Relieve7,,,,,,0.0,,,,,,,,,2761,0.99,0.0,0.0
2026-07-17T13:10:06.918330,Raspberry_Relieve7,,,,,,0.0,,,,,,,,,2762,1.11,0.0,0.0
2026-07-17T13:10:07.918437,Raspberry_Relieve7,,,,,,0.0,,,,,,,,,2763,1.23,0.0,0.0
2026-07-17T13:10:08.954565,Raspberry_Relieve7,,,,,,0.0,,,,,,,,,2764,0.65,0.0,0.0
2026-07-17T13:10:09.954717,Raspberry_Relieve7,,,,,,0.0,,,,,,,,,2765,0.97,0.0,0.0
2026-07-17T13:10:10.954850,Raspberry_Relieve7,,,,,,0.0,,,,,,,,,2766,1.03,0.0,0.0
2026-07-17T13:10:11.954984,Raspberry_Relieve7,,,,,,0.0,,,,,,,,,2767,0.97,0.0,0.0
2026-07-17T13:10:12.955209,Raspberry_Relieve7,,,,,,0.0,,,,,,,,,2768,1.04,0.0,0.0
2026-07-17T13:10:13.955376,Raspberry_Relieve7,,,,,,0.0,,,,,,,,,2769,1.0,0.0,0.0
2026-07-17T13:10:14.955556,Raspberry_Relieve7,,,,,,0.0,,,,,,,,,2770,1.02,0.0,0.0
2026-07-17T13:10:15.955709,Raspberry_Relieve7,,,,,,0.0,,,,,,,,,2771,0.98,0.0,0.0
2026-07-17T13:10:16.955856,Raspberry_Relieve7,,,,,,0.0,,,,,,,,,2772,0.99,0.0,0.0
2026-07-17T13:10:17.956021,Raspberry_Relieve7,,,,,,0.0,,,,,,,,,2773,0.98,0.0,0.0
2026-07-17T13:10:18.956142,Raspberry_Relieve7,,,,,,0.0,,,,,,,,,2774,1.03,0.0,0.0
2026-07-17T13:10:19.956283,Raspberry_Relieve7,,,,,,0.0,,,,,,,,,2775,0.99,0.0,0.0
2026-07-17T13:10:20.956428,Raspberry_Relieve7,,,,,,0.0,,,,,,,,,2776,1.03,0.0,0.0
2026-07-17T13:10:21.956553,Raspberry_Relieve7,,,,,,0.0,,,,,,,,,2777,1.03,0.0,0.0
2026-07-17T13:10:22.956684,Raspberry_Relieve7,,,,,,0.0,,,,,,,,,2778,1.01,0.0,0.0
2026-07-17T13:10:23.956807,Raspberry_Relieve7,,,,,,0.0,,,,,,,,,2779,0.92,0.0,0.0
2026-07-17T13:10:24.956940,Raspberry_Relieve7,,,,,,0.0,,,,,,,,,2780,1.02,0.0,0.0
2026-07-17T13:10:25.957049,Raspberry_Relieve7,,,,,,0.0,,,,,,,,,2781,1.21,0.0,0.0
2026-07-17T13:10:26.957171,Raspberry_Relieve7,,,,,,0.0,,,,,,,,,2782,0.84,0.0,0.0
2026-07-17T13:10:27.957291,Raspberry_Relieve7,,,,,,0.0,,,,,,,,,2783,0.92,0.0,0.0
2026-07-17T13:10:28.957414,Raspberry_Relieve7,,,,,,0.0,,,,,,,,,2784,1.05,0.0,0.0
2026-07-17T13:10:29.957527,Raspberry_Relieve7,,,,,,0.0,,,,,,,,,2785,1.0,0.0,0.0
2026-07-17T13:10:30.957644,Raspberry_Relieve7,,,,,,0.0,,,,,,,,,2786,1.03,0.0,0.0
2026-07-17T13:10:31.957758,Raspberry_Relieve7,,,,,,0.0,,,,,,,,,2787,0.94,0.0,0.0
2026-07-17T13:10:32.957849,Raspberry_Relieve7,,,,,,0.0,,,,,,,,,2788,0.96,0.0,0.0
2026-07-17T13:10:33.958006,Raspberry_Relieve7,,,,,,0.0,,,,,,,,,2789,1.02,0.0,0.0
2026-07-17T13:10:34.958114,Raspberry_Relieve7,,,,,,0.0,,,,,,,,,2790,0.97,0.0,0.0
2026-07-17T13:10:35.958302,Raspberry_Relieve7,,,,,,0.0,,,,,,,,,2791,1.17,0.0,0.0
2026-07-17T13:10:36.958393,Raspberry_Relieve7,,,,,,0.0,,,,,,,,,2792,0.88,0.0,0.0
2026-07-17T13:10:37.958546,Raspberry_Relieve7,,,,,,0.0,,,,,,,,,2793,1.03,0.0,0.0
2026-07-17T13:10:38.958651,Raspberry_Relieve7,,,,,,0.0,,,,,,,,,2794,1.02,0.0,0.0
2026-07-17T13:10:39.958779,Raspberry_Relieve7,,,,,,0.0,,,,,,,,,2795,1.03,0.0,0.0
2026-07-17T13:10:40.958898,Raspberry_Relieve7,,,,,,0.0,,,,,,,,,2796,0.91,0.0,0.0
2026-07-17T13:10:41.958983,Raspberry_Relieve7,,,,,,0.0,,,,,,,,,2797,1.02,0.0,0.0
2026-07-17T13:10:42.959103,Raspberry_Relieve7,,,,,,0.0,,,,,,,,,2798,1.04,0.0,0.0
2026-07-17T13:10:43.959223,Raspberry_Relieve7,,,,,,0.0,,,,,,,,,2799,1.03,0.0,0.0
2026-07-17T13:10:44.959291,Raspberry_Relieve7,,,,,,0.0,,,,,,,,,2800,1.02,0.0,0.0
2026-07-17T13:10:45.959416,Raspberry_Relieve7,,,,,,0.0,,,,,,,,,2801,0.92,0.0,0.0
2026-07-17T13:10:46.959520,Raspberry_Relieve7,,,,,,0.0,,,,,,,,,2802,1.04,0.0,0.0
2026-07-17T13:10:47.959640,Raspberry_Relieve7,,,,,,0.0,,,,,,,,,2803,0.95,0.0,0.0
2026-07-17T13:10:48.959762,Raspberry_Relieve7,,,,,,0.0,,,,,,,,,2804,1.0,0.0,0.0
2026-07-17T13:10:49.959988,Raspberry_Relieve7,,,,,,0.0,,,,,,,,,2805,1.02,0.0,0.0
2026-07-17T13:10:50.960094,Raspberry_Relieve7,,,,,,0.0,,,,,,,,,2806,0.98,0.0,0.0
2026-07-17T13:10:51.960221,Raspberry_Relieve7,,,,,,0.0,,,,,,,,,2807,0.98,0.0,0.0
2026-07-17T13:10:52.960474,Raspberry_Relieve7,,,,,,0.0,,,,,,,,,2808,1.05,0.0,0.0
2026-07-17T13:10:53.960541,Raspberry_Relieve7,,,,,,0.0,,,,,,,,,2809,0.98,0.0,0.0
2026-07-17T13:10:54.960677,Raspberry_Relieve7,,,,,,0.0,,,,,,,,,2810,1.05,0.0,0.0
2026-07-17T13:10:55.960771,Raspberry_Relieve7,,,,,,0.0,,,,,,,,,2811,0.94,0.0,0.0
2026-07-17T13:10:56.960907,Raspberry_Relieve7,,,,,,0.0,,,,,,,,,2812,1.01,0.0,0.0
2026-07-17T13:10:57.961003,Raspberry_Relieve7,,,,,,0.0,,,,,,,,,2813,1.0,0.0,0.0
2026-07-17T13:10:58.961122,Raspberry_Relieve7,,,,,,0.0,,,,,,,,,2814,1.01,0.0,0.0
2026-07-17T13:10:59.961248,Raspberry_Relieve7,,,,,,0.0,,,,,,,,,2815,1.06,0.0,0.0
2026-07-17T13:11:00.961349,Raspberry_Relieve7,,,,,,0.0,,,,,,,,,2816,0.99,0.0,0.0
2026-07-17T13:11:01.961465,Raspberry_Relieve7,,,,,,0.0,,,,,,,,,2817,1.02,0.0,0.0
2026-07-17T13:11:02.961568,Raspberry_Relieve7,,,,,,0.0,,,,,,,,,2818,0.97,0.0,0.0
2026-07-17T13:11:03.961679,Raspberry_Relieve7,,,,,,0.0,,,,,,,,,2819,0.95,0.0,0.0
2026-07-17T13:11:04.961788,Raspberry_Relieve7,,,,,,0.0,,,,,,,,,2820,1.07,0.0,0.0
2026-07-17T13:11:05.961887,Raspberry_Relieve7,,,,,,0.0,,,,,,,,,2821,1.02,0.0,0.0
2026-07-17T13:11:06.961958,Raspberry_Relieve7,,,,,,0.0,,,,,,,,,2822,0.92,0.0,0.0
2026-07-17T13:11:07.962092,Raspberry_Relieve7,,,,,,0.0,,,,,,,,,2823,1.06,0.0,0.0
2026-07-17T13:11:08.962183,Raspberry_Relieve7,,,,,,0.0,,,,,,,,,2824,0.98,0.0,0.0
2026-07-17T13:11:09.962285,Raspberry_Relieve7,,,,,,0.0,,,,,,,,,2825,1.03,0.0,0.0
2026-07-17T13:11:10.962394,Raspberry_Relieve7,,,,,,0.0,,,,,,,,,2826,1.02,0.0,0.0
2026-07-17T13:11:11.962509,Raspberry_Relieve7,,,,,,0.0,,,,,,,,,2827,1.01,0.0,0.0
2026-07-17T13:11:12.962621,Raspberry_Relieve7,,,,,,0.0,,,,,,,,,2828,0.94,0.0,0.0
2026-07-17T13:11:13.962752,Raspberry_Relieve7,,,,,,0.0,,,,,,,,,2829,1.02,0.0,0.0
2026-07-17T13:11:14.962847,Raspberry_Relieve7,,,,,,0.0,,,,,,,,,2830,0.92,0.0,0.0
2026-07-17T13:11:15.962961,Raspberry_Relieve7,,,,,,0.0,,,,,,,,,2831,1.11,0.0,0.0
2026-07-17T13:11:16.963060,Raspberry_Relieve7,,,,,,0.0,,,,,,,,,2832,1.05,0.0,0.0
2026-07-17T13:11:17.963170,Raspberry_Relieve7,,,,,,0.0,,,,,,,,,2833,0.92,0.0,0.0
2026-07-17T13:11:18.963282,Raspberry_Relieve7,,,,,,0.0,,,,,,,,,2834,1.02,0.0,0.0
2026-07-17T13:11:19.963394,Raspberry_Relieve7,,,,,,0.0,,,,,,,,,2835,1.03,0.0,0.0
2026-07-17T13:11:20.963510,Raspberry_Relieve7,,,,,,0.0,,,,,,,,,2836,1.02,0.0,0.0
2026-07-17T13:11:21.963626,Raspberry_Relieve7,,,,,,0.0,,,,,,,,,2837,0.92,0.0,0.0
2026-07-17T13:11:22.963736,Raspberry_Relieve7,,,,,,0.0,,,,,,,,,2838,1.0,0.0,0.0
2026-07-17T13:11:23.963803,Raspberry_Relieve7,,,,,,0.0,,,,,,,,,2839,0.99,0.0,0.0
2026-07-17T13:11:24.963889,Raspberry_Relieve7,,,,,,0.0,,,,,,,,,2840,0.99,0.0,0.0
2026-07-17T13:11:25.963990,Raspberry_Relieve7,,,,,,0.0,,,,,,,,,2842,1.31,0.0,0.0
2026-07-17T13:11:26.964070,Raspberry_Relieve7,,,,,,0.0,,,,,,,,,2842,0.72,0.0,0.0
2026-07-17T13:11:27.964196,Raspberry_Relieve7,,,,,,0.0,,,,,,,,,2843,1.02,0.0,0.0
2026-07-17T13:11:28.964300,Raspberry_Relieve7,,,,,,0.0,,,,,,,,,2844,1.03,0.0,0.0
2026-07-17T13:11:29.964364,Raspberry_Relieve7,,,,,,0.0,,,,,,,,,2845,1.02,0.0,0.0
2026-07-17T13:11:30.964481,Raspberry_Relieve7,,,,,,0.0,,,,,,,,,2846,1.03,0.0,0.0
2026-07-17T13:11:31.964599,Raspberry_Relieve7,,,,,,0.0,,,,,,,,,2847,0.92,0.0,0.0
2026-07-17T13:11:32.964721,Raspberry_Relieve7,,,,,,0.0,,,,,,,,,2848,0.92,0.0,0.0
2026-07-17T13:11:33.964813,Raspberry_Relieve7,,,,,,0.0,,,,,,,,,2849,1.02,0.0,0.0
2026-07-17T13:11:34.964885,Raspberry_Relieve7,,,,,,0.0,,,,,,,,,2850,0.95,0.0,0.0
2026-07-17T13:11:35.965028,Raspberry_Relieve7,,,,,,0.0,,,,,,,,,2851,1.06,0.0,0.0
2026-07-17T13:11:36.965148,Raspberry_Relieve7,,,,,,0.0,,,,,,,,,2852,0.99,0.0,0.0
2026-07-17T13:11:37.965271,Raspberry_Relieve7,,,,,,0.0,,,,,,,,,2853,1.0,0.0,0.0
2026-07-17T13:11:38.965411,Raspberry_Relieve7,,,,,,0.0,,,,,,,,,2854,1.02,0.0,0.0
2026-07-17T13:11:39.965533,Raspberry_Relieve7,,,,,,0.0,,,,,,,,,2855,1.0,0.0,0.0
2026-07-17T13:11:40.965966,Raspberry_Relieve7,,,,,,0.0,,,,,,,,,2856,0.98,0.0,0.0
2026-07-17T13:11:41.966363,Raspberry_Relieve7,,,,,,0.0,,,,,,,,,2857,1.0,0.0,0.0
2026-07-17T13:11:42.966787,Raspberry_Relieve7,,,,,,0.0,,,,,,,,,2858,0.94,0.0,0.0
2026-07-17T13:11:43.967059,Raspberry_Relieve7,,,,,,0.0,,,,,,,,,2859,1.08,0.0,0.0
2026-07-17T13:11:44.967291,Raspberry_Relieve7,,,,,,0.0,,,,,,,,,2860,1.03,0.0,0.0
2026-07-17T13:11:45.967403,Raspberry_Relieve7,,,,,,0.0,,,,,,,,,2861,1.02,0.0,0.0
2026-07-17T13:11:46.967607,Raspberry_Relieve7,,,,,,0.0,,,,,,,,,2862,1.03,0.0,0.0
2026-07-17T13:11:47.967779,Raspberry_Relieve7,,,,,,0.0,,,,,,,,,2863,0.93,0.0,0.0
2026-07-17T13:11:48.967941,Raspberry_Relieve7,,,,,,0.0,,,,,,,,,2864,1.02,0.0,0.0
2026-07-17T13:11:49.968086,Raspberry_Relieve7,,,,,,0.0,,,,,,,,,2865,1.02,0.0,0.0
2026-07-17T13:11:50.968217,Raspberry_Relieve7,,,,,,0.0,,,,,,,,,2866,1.03,0.0,0.0
2026-07-17T13:11:51.968405,Raspberry_Relieve7,,,,,,0.0,,,,,,,,,2867,0.92,0.0,0.0
2026-07-17T13:11:52.968569,Raspberry_Relieve7,,,,,,0.0,,,,,,,,,2868,1.02,0.0,0.0
2026-07-17T13:11:53.968835,Raspberry_Relieve7,,,,,,0.0,,,,,,,,,2869,1.02,0.0,0.0
2026-07-17T13:11:54.968980,Raspberry_Relieve7,,,,,,0.0,,,,,,,,,2870,0.93,0.0,0.0
2026-07-17T13:11:55.969135,Raspberry_Relieve7,,,,,,0.0,,,,,,,,,2871,1.0,0.0,0.0
2026-07-17T13:11:56.969265,Raspberry_Relieve7,,,,,,0.0,,,,,,,,,2872,0.98,0.0,0.0
2026-07-17T13:11:57.969527,Raspberry_Relieve7,,,,,,0.0,,,,,,,,,2873,1.04,0.0,0.0
2026-07-17T13:11:58.969660,Raspberry_Relieve7,,,,,,0.0,,,,,,,,,2874,0.97,0.0,0.0
2026-07-17T13:11:59.969828,Raspberry_Relieve7,,,,,,0.0,,,,,,,,,2875,1.01,0.0,0.0
2026-07-17T13:12:00.969964,Raspberry_Relieve7,,,,,,0.0,,,,,,,,,2876,1.01,0.0,0.0
2026-07-17T13:12:01.970085,Raspberry_Relieve7,,,,,,0.0,,,,,,,,,2877,1.03,0.0,0.0
2026-07-17T13:12:02.970397,Raspberry_Relieve7,,,,,,0.0,,,,,,,,,2878,0.96,0.0,0.0
2026-07-17T13:12:03.970547,Raspberry_Relieve7,,,,,,0.0,,,,,,,,,2879,0.99,0.0,0.0
2026-07-17T13:12:04.970714,Raspberry_Relieve7,,,,,,0.0,,,,,,,,,2880,0.99,0.0,0.0
2026-07-17T13:12:05.970880,Raspberry_Relieve7,,,,,,0.0,,,,,,,,,2881,1.04,0.0,0.0
2026-07-17T13:12:06.971019,Raspberry_Relieve7,,,,,,0.0,,,,,,,,,2882,1.03,0.0,0.0
2026-07-17T13:12:07.971159,Raspberry_Relieve7,,,,,,0.0,,,,,,,,,2883,1.01,0.0,0.0
2026-07-17T13:12:08.971285,Raspberry_Relieve7,,,,,,0.0,,,,,,,,,2884,1.03,0.0,0.0
2026-07-17T13:12:09.971396,Raspberry_Relieve7,,,,,,0.0,,,,,,,,,2885,0.94,0.0,0.0
2026-07-17T13:12:10.971521,Raspberry_Relieve7,,,,,,0.0,,,,,,,,,2886,1.02,0.0,0.0
2026-07-17T13:12:11.971652,Raspberry_Relieve7,,,,,,0.0,,,,,,,,,2887,1.02,0.0,0.0
2026-07-17T13:12:12.971774,Raspberry_Relieve7,,,,,,0.0,,,,,,,,,2888,0.91,0.0,0.0
2026-07-17T13:12:13.971921,Raspberry_Relieve7,,,,,,0.0,,,,,,,,,2889,1.05,0.0,0.0
2026-07-17T13:12:14.971983,Raspberry_Relieve7,,,,,,0.0,,,,,,,,,2890,0.9,0.0,0.0
2026-07-17T13:12:15.972124,Raspberry_Relieve7,,,,,,0.0,,,,,,,,,2891,1.06,0.0,0.0
2026-07-17T13:12:16.972236,Raspberry_Relieve7,,,,,,0.0,,,,,,,,,2892,1.07,0.0,0.0
2026-07-17T13:12:17.972343,Raspberry_Relieve7,,,,,,0.0,,,,,,,,,2893,0.97,0.0,0.0
2026-07-17T13:12:18.972453,Raspberry_Relieve7,,,,,,0.0,,,,,,,,,2899,6.04,0.0,0.0
2026-07-17T13:12:24.513410,Raspberry_Relieve7,,,,,,0.0,,,,,,,,,2900,0.42,0.0,0.0
2026-07-17T13:12:25.513564,Raspberry_Relieve7,,,,,,0.0,,,,,,,,,2901,1.04,0.0,0.0
2026-07-17T13:12:26.513700,Raspberry_Relieve7,,,,,,0.0,,,,,,,,,2902,1.03,0.0,0.0
2026-07-17T13:12:27.513855,Raspberry_Relieve7,,,,,,0.0,,,,,,,,,2903,0.99,0.0,0.0
2026-07-17T13:12:28.513976,Raspberry_Relieve7,,,,,,0.0,,,,,,,,,2904,1.03,0.0,0.0
2026-07-17T13:12:29.514106,Raspberry_Relieve7,,,,,,0.0,,,,,,,,,2905,0.95,0.0,0.0
2026-07-17T13:12:30.514225,Raspberry_Relieve7,,,,,,0.0,,,,,,,,,2906,1.01,0.0,0.0
2026-07-17T13:12:31.514371,Raspberry_Relieve7,,,,,,0.0,,,,,,,,,2907,0.97,0.0,0.0
2026-07-17T13:12:32.514504,Raspberry_Relieve7,,,,,,0.0,,,,,,,,,2913,6.08,0.0,0.0
2026-07-17T13:12:38.044486,Raspberry_Relieve7,,,,,,0.0,,,,,,,,,2913,0.51,0.0,0.0
2026-07-17T13:12:39.044646,Raspberry_Relieve7,,,,,,0.0,,,,,,,,,2914,1.02,0.0,0.0
2026-07-17T13:12:40.044776,Raspberry_Relieve7,,,,,,0.0,,,,,,,,,2915,1.02,0.0,0.0
2026-07-17T13:12:41.044865,Raspberry_Relieve7,,,,,,0.0,,,,,,,,,2916,1.02,0.0,0.0
2026-07-17T13:12:42.044976,Raspberry_Relieve7,,,,,,0.0,,,,,,,,,2917,0.92,0.0,0.0
2026-07-17T13:12:43.045087,Raspberry_Relieve7,,,,,,0.0,,,,,,,,,2918,1.03,0.0,0.0
2026-07-17T13:12:44.045192,Raspberry_Relieve7,,,,,,0.0,,,,,,,,,2919,1.02,0.0,0.0
2026-07-17T13:12:45.045299,Raspberry_Relieve7,,,,,,0.0,,,,,,,,,2920,1.02,0.0,0.0
2026-07-17T13:12:46.045415,Raspberry_Relieve7,,,,,,0.0,,,,,,,,,2921,0.93,0.0,0.0
2026-07-17T13:12:47.045531,Raspberry_Relieve7,,,,,,0.0,,,,,,,,,2922,0.99,0.0,0.0
2026-07-17T13:12:48.045629,Raspberry_Relieve7,,,,,,0.0,,,,,,,,,2923,1.01,0.0,0.0
2026-07-17T13:12:49.045680,Raspberry_Relieve7,,,,,,0.0,,,,,,,,,2924,0.95,0.0,0.0
2026-07-17T13:12:50.045813,Raspberry_Relieve7,,,,,,0.0,,,,,,,,,2925,1.02,0.0,0.0
2026-07-17T13:12:51.045939,Raspberry_Relieve7,,,,,,0.0,,,,,,,,,2926,1.03,0.0,0.0
2026-07-17T13:12:52.046049,Raspberry_Relieve7,,,,,,0.0,,,,,,,,,2927,1.03,0.0,0.0
2026-07-17T13:12:53.046165,Raspberry_Relieve7,,,,,,0.0,,,,,,,,,2928,0.95,0.0,0.0
2026-07-17T13:12:54.046270,Raspberry_Relieve7,,,,,,0.0,,,,,,,,,2929,1.04,0.0,0.0
2026-07-17T13:12:55.046337,Raspberry_Relieve7,,,,,,0.0,,,,,,,,,2930,0.98,0.0,0.0
2026-07-17T13:12:56.046423,Raspberry_Relieve7,,,,,,0.0,,,,,,,,,2931,1.0,0.0,0.0
2026-07-17T13:12:57.046552,Raspberry_Relieve7,,,,,,0.0,,,,,,,,,2932,1.04,0.0,0.0
2026-07-17T13:12:58.046667,Raspberry_Relieve7,,,,,,0.0,,,,,,,,,2933,1.01,0.0,0.0
2026-07-17T13:12:59.046764,Raspberry_Relieve7,,,,,,0.0,,,,,,,,,2934,0.93,0.0,0.0
2026-07-17T13:13:00.046874,Raspberry_Relieve7,,,,,,0.0,,,,,,,,,2935,1.03,0.0,0.0
2026-07-17T13:13:01.046986,Raspberry_Relieve7,,,,,,0.0,,,,,,,,,2936,0.98,0.0,0.0
2026-07-17T13:13:02.047127,Raspberry_Relieve7,,,,,,0.0,,,,,,,,,2937,1.02,0.0,0.0
2026-07-17T13:13:03.047230,Raspberry_Relieve7,,,,,,0.0,,,,,,,,,2938,0.95,0.0,0.0
2026-07-17T13:13:04.047328,Raspberry_Relieve7,,,,,,0.0,,,,,,,,,2939,0.99,0.0,0.0
2026-07-17T13:13:05.047441,Raspberry_Relieve7,,,,,,0.0,,,,,,,,,2940,1.02,0.0,0.0
2026-07-17T13:13:06.047586,Raspberry_Relieve7,,,,,,0.0,,,,,,,,,2941,0.99,0.0,0.0
2026-07-17T13:13:07.047655,Raspberry_Relieve7,,,,,,0.0,,,,,,,,,2942,1.03,0.0,0.0
2026-07-17T13:13:08.047779,Raspberry_Relieve7,,,,,,0.0,,,,,,,,,2943,1.01,0.0,0.0
2026-07-17T13:13:09.047882,Raspberry_Relieve7,,,,,,0.0,,,,,,,,,2944,1.02,0.0,0.0
2026-07-17T13:13:10.047987,Raspberry_Relieve7,,,,,,0.0,,,,,,,,,2945,1.02,0.0,0.0
2026-07-17T13:13:11.048090,Raspberry_Relieve7,,,,,,0.0,,,,,,,,,2946,1.02,0.0,0.0
2026-07-17T13:13:12.048308,Raspberry_Relieve7,,,,,,0.0,,,,,,,,,2947,0.92,0.0,0.0
2026-07-17T13:13:13.048362,Raspberry_Relieve7,,,,,,0.0,,,,,,,,,2948,0.94,0.0,0.0
2026-07-17T13:13:14.048471,Raspberry_Relieve7,,,,,,0.0,,,,,,,,,2949,1.05,0.0,0.0
2026-07-17T13:13:15.048547,Raspberry_Relieve7,,,,,,0.0,,,,,,,,,2950,1.03,0.0,0.0
2026-07-17T13:13:16.048649,Raspberry_Relieve7,,,,,,0.0,,,,,,,,,2951,0.98,0.0,0.0
2026-07-17T13:13:17.048752,Raspberry_Relieve7,,,,,,0.0,,,,,,,,,2952,1.03,0.0,0.0
2026-07-17T13:13:18.048823,Raspberry_Relieve7,,,,,,0.0,,,,,,,,,2953,0.95,0.0,0.0
2026-07-17T13:13:19.048941,Raspberry_Relieve7,,,,,,0.0,,,,,,,,,2954,1.0,0.0,0.0
2026-07-17T13:13:20.049039,Raspberry_Relieve7,,,,,,0.0,,,,,,,,,2955,1.0,0.0,0.0
2026-07-17T13:13:21.049155,Raspberry_Relieve7,,,,,,0.0,,,,,,,,,2956,0.99,0.0,0.0
2026-07-17T13:13:22.049255,Raspberry_Relieve7,,,,,,0.0,,,,,,,,,2957,1.04,0.0,0.0
2026-07-17T13:13:23.049376,Raspberry_Relieve7,,,,,,0.0,,,,,,,,,2958,0.98,0.0,0.0
2026-07-17T13:13:24.049474,Raspberry_Relieve7,,,,,,0.0,,,,,,,,,2959,0.98,0.0,0.0
2026-07-17T13:13:25.049559,Raspberry_Relieve7,,,,,,0.0,,,,,,,,,2960,1.03,0.0,0.0
2026-07-17T13:13:26.049665,Raspberry_Relieve7,,,,,,0.0,,,,,,,,,2961,1.02,0.0,0.0
2026-07-17T13:13:27.049764,Raspberry_Relieve7,,,,,,0.0,,,,,,,,,2963,1.25,0.0,0.0
2026-07-17T13:13:28.049851,Raspberry_Relieve7,,,,,,0.0,,,,,,,,,2963,0.82,0.0,0.0
2026-07-17T13:13:29.049953,Raspberry_Relieve7,,,,,,0.0,,,,,,,,,2964,0.92,0.0,0.0
2026-07-17T13:13:30.050045,Raspberry_Relieve7,,,,,,0.0,,,,,,,,,2965,1.02,0.0,0.0
2026-07-17T13:13:31.050111,Raspberry_Relieve7,,,,,,0.0,,,,,,,,,2966,1.02,0.0,0.0
2026-07-17T13:13:32.050234,Raspberry_Relieve7,,,,,,0.0,,,,,,,,,2967,1.02,0.0,0.0
2026-07-17T13:13:33.050432,Raspberry_Relieve7,,,,,,0.0,,,,,,,,,2968,0.92,0.0,0.0
2026-07-17T13:13:34.050464,Raspberry_Relieve7,,,,,,0.0,,,,,,,,,2969,1.03,0.0,0.0
2026-07-17T13:13:35.050563,Raspberry_Relieve7,,,,,,0.0,,,,,,,,,2970,1.02,0.0,0.0
2026-07-17T13:13:36.050629,Raspberry_Relieve7,,,,,,0.0,,,,,,,,,2971,0.92,0.0,0.0
2026-07-17T13:13:37.050770,Raspberry_Relieve7,,,,,,0.0,,,,,,,,,2972,1.0,0.0,0.0
2026-07-17T13:13:38.050883,Raspberry_Relieve7,,,,,,0.0,,,,,,,,,2973,1.02,0.0,0.0
2026-07-17T13:13:39.050989,Raspberry_Relieve7,,,,,,0.0,,,,,,,,,2974,1.0,0.0,0.0
2026-07-17T13:13:40.051113,Raspberry_Relieve7,,,,,,0.0,,,,,,,,,2975,1.07,0.0,0.0
2026-07-17T13:13:41.051191,Raspberry_Relieve7,,,,,,0.0,,,,,,,,,2976,1.03,0.0,0.0
2026-07-17T13:13:42.051300,Raspberry_Relieve7,,,,,,0.0,,,,,,,,,2977,1.02,0.0,0.0
2026-07-17T13:13:43.051403,Raspberry_Relieve7,,,,,,0.0,,,,,,,,,2978,0.92,0.0,0.0
2026-07-17T13:13:44.051504,Raspberry_Relieve7,,,,,,0.0,,,,,,,,,2979,0.97,0.0,0.0
2026-07-17T13:13:45.051608,Raspberry_Relieve7,,,,,,0.0,,,,,,,,,2980,1.03,0.0,0.0
2026-07-17T13:13:46.051707,Raspberry_Relieve7,,,,,,0.0,,,,,,,,,2981,1.0,0.0,0.0
2026-07-17T13:13:47.051816,Raspberry_Relieve7,,,,,,0.0,,,,,,,,,2982,1.0,0.0,0.0
2026-07-17T13:13:48.052067,Raspberry_Relieve7,,,,,,0.0,,,,,,,,,2983,0.98,0.0,0.0
2026-07-17T13:13:49.052153,Raspberry_Relieve7,,,,,,0.0,,,,,,,,,2984,1.02,0.0,0.0
2026-07-17T13:13:50.052239,Raspberry_Relieve7,,,,,,0.0,,,,,,,,,2985,1.05,0.0,0.0
2026-07-17T13:13:51.052358,Raspberry_Relieve7,,,,,,0.0,,,,,,,,,2986,0.94,0.0,0.0
2026-07-17T13:13:52.052478,Raspberry_Relieve7,,,,,,0.0,,,,,,,,,2987,1.0,0.0,0.0
2026-07-17T13:13:53.052634,Raspberry_Relieve7,,,,,,0.0,,,,,,,,,2988,1.0,0.0,0.0
2026-07-17T13:13:54.052725,Raspberry_Relieve7,,,,,,0.0,,,,,,,,,2989,1.04,0.0,0.0
2026-07-17T13:13:55.052830,Raspberry_Relieve7,,,,,,0.0,,,,,,,,,2990,0.93,0.0,0.0
2026-07-17T13:13:56.052944,Raspberry_Relieve7,,,,,,0.0,,,,,,,,,2991,0.96,0.0,0.0
2026-07-17T13:13:57.053013,Raspberry_Relieve7,,,,,,0.0,,,,,,,,,2992,1.04,0.0,0.0
2026-07-17T13:13:58.053138,Raspberry_Relieve7,,,,,,0.0,,,,,,,,,2993,0.99,0.0,0.0
2026-07-17T13:13:59.053268,Raspberry_Relieve7,,,,,,0.0,,,,,,,,,2994,1.02,0.0,0.0
2026-07-17T13:14:00.053379,Raspberry_Relieve7,,,,,,0.0,,,,,,,,,2995,1.03,0.0,0.0
2026-07-17T13:14:01.053490,Raspberry_Relieve7,,,,,,0.0,,,,,,,,,2996,1.02,0.0,0.0
2026-07-17T13:14:02.053604,Raspberry_Relieve7,,,,,,0.0,,,,,,,,,2997,1.02,0.0,0.0
2026-07-17T13:14:03.053704,Raspberry_Relieve7,,,,,,0.0,,,,,,,,,2998,0.92,0.0,0.0
2026-07-17T13:14:04.053820,Raspberry_Relieve7,,,,,,0.0,,,,,,,,,2999,1.01,0.0,0.0
2026-07-17T13:14:05.053884,Raspberry_Relieve7,,,,,,0.0,,,,,,,,,3000,1.02,0.0,0.0
2026-07-17T13:14:06.053973,Raspberry_Relieve7,,,,,,0.0,,,,,,,,,3001,1.03,0.0,0.0
2026-07-17T13:14:07.054091,Raspberry_Relieve7,,,,,,0.0,,,,,,,,,3002,1.01,0.0,0.0
2026-07-17T13:14:08.054204,Raspberry_Relieve7,,,,,,0.0,,,,,,,,,3003,1.02,0.0,0.0
2026-07-17T13:14:09.054312,Raspberry_Relieve7,,,,,,0.0,,,,,,,,,3004,0.93,0.0,0.0
2026-07-17T13:14:10.054428,Raspberry_Relieve7,,,,,,0.0,,,,,,,,,3005,1.02,0.0,0.0
2026-07-17T13:14:11.054536,Raspberry_Relieve7,,,,,,0.0,,,,,,,,,3006,0.94,0.0,0.0
2026-07-17T13:14:12.054665,Raspberry_Relieve7,,,,,,0.0,,,,,,,,,3007,1.03,0.0,0.0
2026-07-17T13:14:13.054772,Raspberry_Relieve7,,,,,,0.0,,,,,,,,,3008,0.97,0.0,0.0
2026-07-17T13:14:14.054890,Raspberry_Relieve7,,,,,,0.0,,,,,,,,,3009,1.01,0.0,0.0
2026-07-17T13:14:15.054988,Raspberry_Relieve7,,,,,,0.0,,,,,,,,,3010,1.0,0.0,0.0
2026-07-17T13:14:16.055099,Raspberry_Relieve7,,,,,,0.0,,,,,,,,,3011,1.03,0.0,0.0
2026-07-17T13:14:17.055206,Raspberry_Relieve7,,,,,,0.0,,,,,,,,,3012,1.0,0.0,0.0
2026-07-17T13:14:18.055311,Raspberry_Relieve7,,,,,,0.0,,,,,,,,,3013,1.02,0.0,0.0
2026-07-17T13:14:19.055415,Raspberry_Relieve7,,,,,,0.0,,,,,,,,,3014,1.03,0.0,0.0
2026-07-17T13:14:20.055524,Raspberry_Relieve7,,,,,,0.0,,,,,,,,,3015,1.02,0.0,0.0
2026-07-17T13:14:21.055630,Raspberry_Relieve7,,,,,,0.0,,,,,,,,,3016,0.9,0.0,0.0
2026-07-17T13:14:22.055750,Raspberry_Relieve7,,,,,,0.0,,,,,,,,,3017,1.04,0.0,0.0
2026-07-17T13:14:23.055857,Raspberry_Relieve7,,,,,,0.0,,,,,,,,,3018,1.02,0.0,0.0
2026-07-17T13:14:24.055980,Raspberry_Relieve7,,,,,,0.0,,,,,,,,,3019,1.02,0.0,0.0
2026-07-17T13:14:25.056072,Raspberry_Relieve7,,,,,,0.0,,,,,,,,,3020,1.02,0.0,0.0
2026-07-17T13:14:26.056182,Raspberry_Relieve7,,,,,,0.0,,,,,,,,,3021,1.02,0.0,0.0
2026-07-17T13:14:27.056293,Raspberry_Relieve7,,,,,,0.0,,,,,,,,,3022,0.92,0.0,0.0
2026-07-17T13:14:28.056426,Raspberry_Relieve7,,,,,,0.0,,,,,,,,,3023,0.95,0.0,0.0
2026-07-17T13:14:29.056537,Raspberry_Relieve7,,,,,,0.0,,,,,,,,,3024,1.01,0.0,0.0
2026-07-17T13:14:30.056647,Raspberry_Relieve7,,,,,,0.0,,,,,,,,,3025,1.0,0.0,0.0
2026-07-17T13:14:31.056820,Raspberry_Relieve7,,,,,,0.0,,,,,,,,,3026,1.01,0.0,0.0
2026-07-17T13:14:32.056900,Raspberry_Relieve7,,,,,,0.0,,,,,,,,,3027,1.03,0.0,0.0
2026-07-17T13:14:33.057017,Raspberry_Relieve7,,,,,,0.0,,,,,,,,,3028,1.16,0.0,0.0
2026-07-17T13:14:34.057104,Raspberry_Relieve7,,,,,,0.0,,,,,,,,,3029,0.88,0.0,0.0
2026-07-17T13:14:35.057229,Raspberry_Relieve7,,,,,,0.0,,,,,,,,,3030,0.96,0.0,0.0
2026-07-17T13:14:36.057332,Raspberry_Relieve7,,,,,,0.0,,,,,,,,,3031,1.02,0.0,0.0
2026-07-17T13:14:37.057461,Raspberry_Relieve7,,,,,,0.0,,,,,,,,,3032,1.02,0.0,0.0
2026-07-17T13:14:38.057556,Raspberry_Relieve7,,,,,,0.0,,,,,,,,,3033,0.92,0.0,0.0
2026-07-17T13:14:39.057669,Raspberry_Relieve7,,,,,,0.0,,,,,,,,,3034,1.03,0.0,0.0
2026-07-17T13:14:40.057774,Raspberry_Relieve7,,,,,,0.0,,,,,,,,,3035,1.02,0.0,0.0
2026-07-17T13:14:41.057882,Raspberry_Relieve7,,,,,,0.0,,,,,,,,,3036,1.02,0.0,0.0
2026-07-17T13:14:42.057991,Raspberry_Relieve7,,,,,,0.0,,,,,,,,,3037,1.11,0.0,0.0
2026-07-17T13:14:43.058117,Raspberry_Relieve7,,,,,,0.0,,,,,,,,,3038,0.84,0.0,0.0
2026-07-17T13:14:44.058224,Raspberry_Relieve7,,,,,,0.0,,,,,,,,,3039,1.02,0.0,0.0
2026-07-17T13:14:45.058288,Raspberry_Relieve7,,,,,,0.0,,,,,,,,,3040,0.92,0.0,0.0
2026-07-17T13:14:46.058422,Raspberry_Relieve7,,,,,,0.0,,,,,,,,,3041,1.02,0.0,0.0
2026-07-17T13:14:47.058531,Raspberry_Relieve7,,,,,,0.0,,,,,,,,,3042,1.02,0.0,0.0
2026-07-17T13:14:48.058639,Raspberry_Relieve7,,,,,,0.0,,,,,,,,,3043,0.98,0.0,0.0
2026-07-17T13:14:49.058852,Raspberry_Relieve7,,,,,,0.0,,,,,,,,,3044,1.03,0.0,0.0
2026-07-17T13:14:50.058958,Raspberry_Relieve7,,,,,,0.0,,,,,,,,,3045,0.96,0.0,0.0
2026-07-17T13:14:51.059069,Raspberry_Relieve7,,,,,,0.0,,,,,,,,,3046,1.02,0.0,0.0
2026-07-17T13:14:52.059194,Raspberry_Relieve7,,,,,,0.0,,,,,,,,,3047,1.02,0.0,0.0
2026-07-17T13:14:53.059291,Raspberry_Relieve7,,,,,,0.0,,,,,,,,,3048,1.02,0.0,0.0
2026-07-17T13:14:54.059419,Raspberry_Relieve7,,,,,,0.0,,,,,,,,,3049,1.02,0.0,0.0
2026-07-17T13:14:55.059531,Raspberry_Relieve7,,,,,,0.0,,,,,,,,,3050,1.03,0.0,0.0
2026-07-17T13:14:56.059628,Raspberry_Relieve7,,,,,,0.0,,,,,,,,,3051,0.92,0.0,0.0
2026-07-17T13:14:57.059731,Raspberry_Relieve7,,,,,,0.0,,,,,,,,,3052,1.02,0.0,0.0
2026-07-17T13:14:58.059838,Raspberry_Relieve7,,,,,,0.0,,,,,,,,,3053,1.02,0.0,0.0
2026-07-17T13:14:59.059930,Raspberry_Relieve7,,,,,,0.0,,,,,,,,,3054,1.03,0.0,0.0
2026-07-17T13:15:00.060144,Raspberry_Relieve7,,,,,,0.0,,,,,,,,,3055,0.92,0.0,0.0
2026-07-17T13:15:01.060247,Raspberry_Relieve7,,,,,,0.0,,,,,,,,,3056,0.95,0.0,0.0
2026-07-17T13:15:02.060398,Raspberry_Relieve7,,,,,,0.0,,,,,,,,,3057,1.02,0.0,0.0
2026-07-17T13:15:03.060559,Raspberry_Relieve7,,,,,,0.0,,,,,,,,,3058,1.0,0.0,0.0
2026-07-17T13:15:04.060672,Raspberry_Relieve7,,,,,,0.0,,,,,,,,,3059,1.03,0.0,0.0
2026-07-17T13:15:05.060774,Raspberry_Relieve7,,,,,,0.0,,,,,,,,,3060,1.0,0.0,0.0
2026-07-17T13:15:06.060871,Raspberry_Relieve7,,,,,,0.0,,,,,,,,,3061,1.0,0.0,0.0
2026-07-17T13:15:07.060966,Raspberry_Relieve7,,,,,,0.0,,,,,,,,,3062,1.05,0.0,0.0
2026-07-17T13:15:08.061063,Raspberry_Relieve7,,,,,,0.0,,,,,,,,,3063,0.94,0.0,0.0
2026-07-17T13:15:09.061165,Raspberry_Relieve7,,,,,,0.0,,,,,,,,,3064,1.03,0.0,0.0
2026-07-17T13:15:10.061275,Raspberry_Relieve7,,,,,,0.0,,,,,,,,,3065,0.98,0.0,0.0
2026-07-17T13:15:11.061376,Raspberry_Relieve7,,,,,,0.0,,,,,,,,,3066,0.98,0.0,0.0
2026-07-17T13:15:12.061495,Raspberry_Relieve7,,,,,,0.0,,,,,,,,,3067,1.03,0.0,0.0
2026-07-17T13:15:13.061599,Raspberry_Relieve7,,,,,,0.0,,,,,,,,,3068,1.01,0.0,0.0
2026-07-17T13:15:14.061726,Raspberry_Relieve7,,,,,,0.0,,,,,,,,,3069,0.97,0.0,0.0
2026-07-17T13:15:15.061825,Raspberry_Relieve7,,,,,,0.0,,,,,,,,,3070,1.04,0.0,0.0
2026-07-17T13:15:16.061886,Raspberry_Relieve7,,,,,,0.0,,,,,,,,,3071,1.03,0.0,0.0
2026-07-17T13:15:17.062034,Raspberry_Relieve7,,,,,,0.0,,,,,,,,,3072,0.96,0.0,0.0
2026-07-17T13:15:18.062132,Raspberry_Relieve7,,,,,,0.0,,,,,,,,,3073,1.02,0.0,0.0
2026-07-17T13:15:19.062230,Raspberry_Relieve7,,,,,,0.0,,,,,,,,,3074,1.03,0.0,0.0
2026-07-17T13:15:20.062333,Raspberry_Relieve7,,,,,,0.0,,,,,,,,,3075,0.92,0.0,0.0
2026-07-17T13:15:21.062442,Raspberry_Relieve7,,,,,,0.0,,,,,,,,,3076,1.02,0.0,0.0
2026-07-17T13:15:22.062531,Raspberry_Relieve7,,,,,,0.0,,,,,,,,,3077,1.03,0.0,0.0
2026-07-17T13:15:23.062632,Raspberry_Relieve7,,,,,,0.0,,,,,,,,,3078,1.11,0.0,0.0
2026-07-17T13:15:24.062721,Raspberry_Relieve7,,,,,,0.0,,,,,,,,,3079,0.94,0.0,0.0
2026-07-17T13:15:25.062829,Raspberry_Relieve7,,,,,,0.0,,,,,,,,,3080,1.03,0.0,0.0
2026-07-17T13:15:26.062924,Raspberry_Relieve7,,,,,,0.0,,,,,,,,,3081,1.02,0.0,0.0
2026-07-17T13:15:27.063029,Raspberry_Relieve7,,,,,,0.0,,,,,,,,,3082,0.92,0.0,0.0
2026-07-17T13:15:28.063134,Raspberry_Relieve7,,,,,,0.0,,,,,,,,,3083,1.11,0.0,0.0
2026-07-17T13:15:29.063225,Raspberry_Relieve7,,,,,,0.0,,,,,,,,,3084,0.94,0.0,0.0
2026-07-17T13:15:30.063323,Raspberry_Relieve7,,,,,,0.0,,,,,,,,,3085,0.93,0.0,0.0
2026-07-17T13:15:31.063428,Raspberry_Relieve7,,,,,,0.0,,,,,,,,,3086,1.01,0.0,0.0
2026-07-17T13:15:32.063521,Raspberry_Relieve7,,,,,,0.0,,,,,,,,,3087,0.96,0.0,0.0
2026-07-17T13:15:33.063623,Raspberry_Relieve7,,,,,,0.0,,,,,,,,,3088,1.03,0.0,0.0
2026-07-17T13:15:34.063718,Raspberry_Relieve7,,,,,,0.0,,,,,,,,,3089,1.02,0.0,0.0
2026-07-17T13:15:35.063814,Raspberry_Relieve7,,,,,,0.0,,,,,,,,,3090,0.99,0.0,0.0
2026-07-17T13:15:36.063912,Raspberry_Relieve7,,,,,,0.0,,,,,,,,,3091,0.97,0.0,0.0
2026-07-17T13:15:37.064008,Raspberry_Relieve7,,,,,,0.0,,,,,,,,,3092,1.0,0.0,0.0
2026-07-17T13:15:38.064232,Raspberry_Relieve7,,,,,,0.0,,,,,,,,,3093,1.0,0.0,0.0
2026-07-17T13:15:39.064315,Raspberry_Relieve7,,,,,,0.0,,,,,,,,,3094,1.0,0.0,0.0
2026-07-17T13:15:40.064426,Raspberry_Relieve7,,,,,,0.0,,,,,,,,,3095,1.02,0.0,0.0
2026-07-17T13:15:41.064537,Raspberry_Relieve7,,,,,,0.0,,,,,,,,,3096,1.02,0.0,0.0
2026-07-17T13:15:42.064640,Raspberry_Relieve7,,,,,,0.0,,,,,,,,,3097,0.98,0.0,0.0
2026-07-17T13:15:43.064742,Raspberry_Relieve7,,,,,,0.0,,,,,,,,,3098,1.03,0.0,0.0
2026-07-17T13:15:44.064854,Raspberry_Relieve7,,,,,,0.0,,,,,,,,,3099,0.99,0.0,0.0
2026-07-17T13:15:45.064949,Raspberry_Relieve7,,,,,,0.0,,,,,,,,,3100,1.02,0.0,0.0
2026-07-17T13:15:46.064999,Raspberry_Relieve7,,,,,,0.0,,,,,,,,,3101,0.92,0.0,0.0
2026-07-17T13:15:47.065110,Raspberry_Relieve7,,,,,,0.0,,,,,,,,,3102,1.02,0.0,0.0
2026-07-17T13:15:48.065209,Raspberry_Relieve7,,,,,,0.0,,,,,,,,,3103,1.02,0.0,0.0
2026-07-17T13:15:49.065305,Raspberry_Relieve7,,,,,,0.0,,,,,,,,,3104,1.03,0.0,0.0
2026-07-17T13:15:50.065404,Raspberry_Relieve7,,,,,,0.0,,,,,,,,,3105,1.02,0.0,0.0
2026-07-17T13:15:51.065492,Raspberry_Relieve7,,,,,,0.0,,,,,,,,,3106,0.92,0.0,0.0
2026-07-17T13:15:52.065558,Raspberry_Relieve7,,,,,,0.0,,,,,,,,,3107,0.99,0.0,0.0
2026-07-17T13:15:53.065731,Raspberry_Relieve7,,,,,,0.0,,,,,,,,,3108,0.99,0.0,0.0
2026-07-17T13:15:54.065833,Raspberry_Relieve7,,,,,,0.0,,,,,,,,,3109,1.04,0.0,0.0
2026-07-17T13:15:55.065920,Raspberry_Relieve7,,,,,,0.0,,,,,,,,,3110,0.96,0.0,0.0
2026-07-17T13:15:56.066043,Raspberry_Relieve7,,,,,,0.0,,,,,,,,,3111,1.03,0.0,0.0
2026-07-17T13:15:57.066144,Raspberry_Relieve7,,,,,,0.0,,,,,,,,,3112,1.04,0.0,0.0
2026-07-17T13:15:58.066253,Raspberry_Relieve7,,,,,,0.0,,,,,,,,,3113,0.93,0.0,0.0
2026-07-17T13:15:59.066350,Raspberry_Relieve7,,,,,,0.0,,,,,,,,,3114,1.02,0.0,0.0
2026-07-17T13:16:00.066443,Raspberry_Relieve7,,,,,,0.0,,,,,,,,,3115,1.03,0.0,0.0
2026-07-17T13:16:01.066507,Raspberry_Relieve7,,,,,,0.0,,,,,,,,,3116,0.97,0.0,0.0
2026-07-17T13:16:02.066646,Raspberry_Relieve7,,,,,,0.0,,,,,,,,,3117,1.03,0.0,0.0
2026-07-17T13:16:03.066730,Raspberry_Relieve7,,,,,,0.0,,,,,,,,,3118,0.96,0.0,0.0
2026-07-17T13:16:04.066842,Raspberry_Relieve7,,,,,,0.0,,,,,,,,,3119,0.98,0.0,0.0
2026-07-17T13:16:05.066948,Raspberry_Relieve7,,,,,,0.0,,,,,,,,,3120,1.03,0.0,0.0
2026-07-17T13:16:06.067047,Raspberry_Relieve7,,,,,,0.0,,,,,,,,,3121,1.03,0.0,0.0
2026-07-17T13:16:07.067146,Raspberry_Relieve7,,,,,,0.0,,,,,,,,,3122,1.04,0.0,0.0
2026-07-17T13:16:08.067250,Raspberry_Relieve7,,,,,,0.0,,,,,,,,,3123,1.06,0.0,0.0
2026-07-17T13:16:09.067351,Raspberry_Relieve7,,,,,,0.0,,,,,,,,,3124,0.88,0.0,0.0
2026-07-17T13:16:10.067459,Raspberry_Relieve7,,,,,,0.0,,,,,,,,,3125,0.99,0.0,0.0
2026-07-17T13:16:11.067569,Raspberry_Relieve7,,,,,,0.0,,,,,,,,,3126,0.98,0.0,0.0
2026-07-17T13:16:12.067689,Raspberry_Relieve7,,,,,,0.0,,,,,,,,,3127,1.03,0.0,0.0
2026-07-17T13:16:13.067814,Raspberry_Relieve7,,,,,,0.0,,,,,,,,,3128,0.99,0.0,0.0
2026-07-17T13:16:14.067924,Raspberry_Relieve7,,,,,,0.0,,,,,,,,,3129,1.0,0.0,0.0
2026-07-17T13:16:15.068037,Raspberry_Relieve7,,,,,,0.0,,,,,,,,,3130,0.97,0.0,0.0
2026-07-17T13:16:16.068145,Raspberry_Relieve7,,,,,,0.0,,,,,,,,,3131,1.07,0.0,0.0
2026-07-17T13:16:17.068248,Raspberry_Relieve7,,,,,,0.0,,,,,,,,,3132,1.08,0.0,0.0
2026-07-17T13:16:18.068332,Raspberry_Relieve7,,,,,,0.0,,,,,,,,,3133,0.83,0.0,0.0
2026-07-17T13:16:19.068455,Raspberry_Relieve7,,,,,,0.0,,,,,,,,,3134,1.04,0.0,0.0
2026-07-17T13:16:20.068669,Raspberry_Relieve7,,,,,,0.0,,,,,,,,,3135,0.96,0.0,0.0
2026-07-17T13:16:21.068775,Raspberry_Relieve7,,,,,,0.0,,,,,,,,,3136,1.08,0.0,0.0
2026-07-17T13:16:22.068883,Raspberry_Relieve7,,,,,,0.0,,,,,,,,,3137,0.98,0.0,0.0
2026-07-17T13:16:23.068987,Raspberry_Relieve7,,,,,,0.0,,,,,,,,,3138,0.96,0.0,0.0
2026-07-17T13:16:24.069082,Raspberry_Relieve7,,,,,,0.0,,,,,,,,,3139,1.03,0.0,0.0
2026-07-17T13:16:25.069177,Raspberry_Relieve7,,,,,,0.0,,,,,,,,,3140,1.1,0.0,0.0
2026-07-17T13:16:26.069276,Raspberry_Relieve7,,,,,,0.0,,,,,,,,,3141,0.85,0.0,0.0
2026-07-17T13:16:27.069368,Raspberry_Relieve7,,,,,,0.0,,,,,,,,,3142,1.03,0.0,0.0
2026-07-17T13:16:28.069461,Raspberry_Relieve7,,,,,,0.0,,,,,,,,,3143,0.95,0.0,0.0
2026-07-17T13:16:29.069560,Raspberry_Relieve7,,,,,,0.0,,,,,,,,,3144,1.16,0.0,0.0
2026-07-17T13:16:30.069648,Raspberry_Relieve7,,,,,,0.0,,,,,,,,,3145,0.99,0.0,0.0
2026-07-17T13:16:31.069744,Raspberry_Relieve7,,,,,,0.0,,,,,,,,,3146,0.92,0.0,0.0
2026-07-17T13:16:32.069869,Raspberry_Relieve7,,,,,,0.0,,,,,,,,,3152,6.04,0.0,0.0
2026-07-17T13:16:37.616190,Raspberry_Relieve7,,,,,,0.0,,,,,,,,,3153,0.51,0.0,0.0
2026-07-17T13:16:38.616478,Raspberry_Relieve7,,,,,,0.0,,,,,,,,,3154,1.02,0.0,0.0
2026-07-17T13:16:39.616617,Raspberry_Relieve7,,,,,,0.0,,,,,,,,,3155,1.02,0.0,0.0
2026-07-17T13:16:40.616710,Raspberry_Relieve7,,,,,,0.0,,,,,,,,,3156,1.0,0.0,0.0
2026-07-17T13:16:41.616843,Raspberry_Relieve7,,,,,,0.0,,,,,,,,,3157,0.95,0.0,0.0
2026-07-17T13:16:42.616867,Raspberry_Relieve7,,,,,,0.0,,,,,,,,,3158,0.98,0.0,0.0
2026-07-17T13:16:43.617013,Raspberry_Relieve7,,,,,,0.0,,,,,,,,,3159,0.98,0.0,0.0
2026-07-17T13:16:44.617133,Raspberry_Relieve7,,,,,,0.0,,,,,,,,,3160,1.0,0.0,0.0
2026-07-17T13:16:45.617254,Raspberry_Relieve7,,,,,,0.0,,,,,,,,,3161,1.0,0.0,0.0
2026-07-17T13:16:46.617354,Raspberry_Relieve7,,,,,,0.0,,,,,,,,,3162,0.98,0.0,0.0
2026-07-17T13:16:47.617463,Raspberry_Relieve7,,,,,,0.0,,,,,,,,,3163,1.04,0.0,0.0
2026-07-17T13:16:48.617591,Raspberry_Relieve7,,,,,,0.0,,,,,,,,,3164,0.98,0.0,0.0
2026-07-17T13:16:49.617649,Raspberry_Relieve7,,,,,,0.0,,,,,,,,,3165,1.0,0.0,0.0
2026-07-17T13:16:50.617781,Raspberry_Relieve7,,,,,,0.0,,,,,,,,,3166,1.03,0.0,0.0
2026-07-17T13:16:51.617895,Raspberry_Relieve7,,,,,,0.0,,,,,,,,,3167,1.05,0.0,0.0
2026-07-17T13:16:52.618012,Raspberry_Relieve7,,,,,,0.0,,,,,,,,,3168,0.91,0.0,0.0
2026-07-17T13:16:53.618220,Raspberry_Relieve7,,,,,,0.0,,,,,,,,,3169,1.07,0.0,0.0
2026-07-17T13:16:54.618336,Raspberry_Relieve7,,,,,,0.0,,,,,,,,,3170,0.97,0.0,0.0
2026-07-17T13:16:55.618449,Raspberry_Relieve7,,,,,,0.0,,,,,,,,,3171,1.07,0.0,0.0
2026-07-17T13:16:56.618559,Raspberry_Relieve7,,,,,,0.0,,,,,,,,,3172,0.89,0.0,0.0
2026-07-17T13:16:57.618659,Raspberry_Relieve7,,,,,,0.0,,,,,,,,,3173,1.01,0.0,0.0
2026-07-17T13:16:58.618786,Raspberry_Relieve7,,,,,,0.0,,,,,,,,,3174,1.02,0.0,0.0
2026-07-17T13:16:59.618914,Raspberry_Relieve7,,,,,,0.0,,,,,,,,,3175,1.03,0.0,0.0
2026-07-17T13:17:00.619017,Raspberry_Relieve7,,,,,,0.0,,,,,,,,,3176,0.92,0.0,0.0
2026-07-17T13:17:01.619139,Raspberry_Relieve7,,,,,,0.0,,,,,,,,,3177,1.02,0.0,0.0
2026-07-17T13:17:02.619214,Raspberry_Relieve7,,,,,,0.0,,,,,,,,,3178,0.96,0.0,0.0
2026-07-17T13:17:03.619350,Raspberry_Relieve7,,,,,,0.0,,,,,,,,,3179,1.06,0.0,0.0
2026-07-17T13:17:04.619452,Raspberry_Relieve7,,,,,,0.0,,,,,,,,,3180,1.0,0.0,0.0
2026-07-17T13:17:05.619598,Raspberry_Relieve7,,,,,,0.0,,,,,,,,,3181,1.0,0.0,0.0
2026-07-17T13:17:06.619665,Raspberry_Relieve7,,,,,,0.0,,,,,,,,,3182,1.04,0.0,0.0
2026-07-17T13:17:07.619807,Raspberry_Relieve7,,,,,,0.0,,,,,,,,,3183,0.98,0.0,0.0
2026-07-17T13:17:08.619908,Raspberry_Relieve7,,,,,,0.0,,,,,,,,,3184,1.11,0.0,0.0
2026-07-17T13:17:09.620029,Raspberry_Relieve7,,,,,,0.0,,,,,,,,,3185,0.93,0.0,0.0
2026-07-17T13:17:10.620103,Raspberry_Relieve7,,,,,,0.0,,,,,,,,,3186,0.92,0.0,0.0
2026-07-17T13:17:11.620247,Raspberry_Relieve7,,,,,,0.0,,,,,,,,,3187,1.04,0.0,0.0
2026-07-17T13:17:12.620333,Raspberry_Relieve7,,,,,,0.0,,,,,,,,,3188,1.01,0.0,0.0
2026-07-17T13:17:13.620453,Raspberry_Relieve7,,,,,,0.0,,,,,,,,,3189,1.12,0.0,0.0
2026-07-17T13:17:14.620557,Raspberry_Relieve7,,,,,,0.0,,,,,,,,,3190,0.84,0.0,0.0
2026-07-17T13:17:15.620664,Raspberry_Relieve7,,,,,,0.0,,,,,,,,,3191,1.0,0.0,0.0
2026-07-17T13:17:16.620754,Raspberry_Relieve7,,,,,,0.0,,,,,,,,,3192,1.16,0.0,0.0
2026-07-17T13:17:17.620887,Raspberry_Relieve7,,,,,,0.0,,,,,,,,,3193,0.84,0.0,0.0
2026-07-17T13:17:18.620962,Raspberry_Relieve7,,,,,,0.0,,,,,,,,,3194,0.99,0.0,0.0
2026-07-17T13:17:19.621081,Raspberry_Relieve7,,,,,,0.0,,,,,,,,,3195,1.03,0.0,0.0
2026-07-17T13:17:20.621157,Raspberry_Relieve7,,,,,,0.0,,,,,,,,,3196,1.0,0.0,0.0
2026-07-17T13:17:21.621276,Raspberry_Relieve7,,,,,,0.0,,,,,,,,,3197,1.03,0.0,0.0
2026-07-17T13:17:22.621343,Raspberry_Relieve7,,,,,,0.0,,,,,,,,,3198,1.02,0.0,0.0
2026-07-17T13:17:23.621465,Raspberry_Relieve7,,,,,,0.0,,,,,,,,,3199,1.02,0.0,0.0
2026-07-17T13:17:24.621551,Raspberry_Relieve7,,,,,,0.0,,,,,,,,,3200,0.88,0.0,0.0
2026-07-17T13:17:25.621676,Raspberry_Relieve7,,,,,,0.0,,,,,,,,,3201,1.04,0.0,0.0
2026-07-17T13:17:26.621775,Raspberry_Relieve7,,,,,,0.0,,,,,,,,,3202,1.02,0.0,0.0
2026-07-17T13:17:27.621912,Raspberry_Relieve7,,,,,,0.0,,,,,,,,,3203,0.95,0.0,0.0
2026-07-17T13:17:28.621986,Raspberry_Relieve7,,,,,,0.0,,,,,,,,,3204,1.07,0.0,0.0
2026-07-17T13:17:29.622159,Raspberry_Relieve7,,,,,,0.0,,,,,,,,,3205,0.98,0.0,0.0
2026-07-17T13:17:30.622281,Raspberry_Relieve7,,,,,,0.0,,,,,,,,,3206,0.96,0.0,0.0
2026-07-17T13:17:31.622400,Raspberry_Relieve7,,,,,,0.0,,,,,,,,,3207,1.03,0.0,0.0
2026-07-17T13:17:32.622485,Raspberry_Relieve7,,,,,,0.0,,,,,,,,,3208,1.01,0.0,0.0
2026-07-17T13:17:33.622602,Raspberry_Relieve7,,,,,,0.0,,,,,,,,,3209,1.0,0.0,0.0
2026-07-17T13:17:34.622661,Raspberry_Relieve7,,,,,,0.0,,,,,,,,,3210,0.92,0.0,0.0
2026-07-17T13:17:35.622842,Raspberry_Relieve7,,,,,,0.0,,,,,,,,,3211,1.04,0.0,0.0
2026-07-17T13:17:36.622901,Raspberry_Relieve7,,,,,,0.0,,,,,,,,,3212,1.01,0.0,0.0
2026-07-17T13:17:37.623032,Raspberry_Relieve7,,,,,,0.0,,,,,,,,,3213,1.02,0.0,0.0
2026-07-17T13:17:38.623139,Raspberry_Relieve7,,,,,,0.0,,,,,,,,,3214,0.95,0.0,0.0
2026-07-17T13:17:39.623258,Raspberry_Relieve7,,,,,,0.0,,,,,,,,,3215,1.09,0.0,0.0
2026-07-17T13:17:40.623318,Raspberry_Relieve7,,,,,,0.0,,,,,,,,,3216,1.02,0.0,0.0
2026-07-17T13:17:41.623462,Raspberry_Relieve7,,,,,,0.0,,,,,,,,,3217,0.92,0.0,0.0
2026-07-17T13:17:42.623522,Raspberry_Relieve7,,,,,,0.0,,,,,,,,,3218,1.03,0.0,0.0
2026-07-17T13:17:43.623693,Raspberry_Relieve7,,,,,,0.0,,,,,,,,,3219,1.02,0.0,0.0
2026-07-17T13:17:44.623772,Raspberry_Relieve7,,,,,,0.0,,,,,,,,,3220,1.02,0.0,0.0
2026-07-17T13:17:45.623883,Raspberry_Relieve7,,,,,,0.0,,,,,,,,,3221,1.02,0.0,0.0
2026-07-17T13:17:46.623913,Raspberry_Relieve7,,,,,,0.0,,,,,,,,,3222,0.92,0.0,0.0
2026-07-17T13:17:47.624056,Raspberry_Relieve7,,,,,,0.0,,,,,,,,,3223,1.02,0.0,0.0
2026-07-17T13:17:48.624106,Raspberry_Relieve7,,,,,,0.0,,,,,,,,,3224,1.02,0.0,0.0
2026-07-17T13:17:49.624219,Raspberry_Relieve7,,,,,,0.0,,,,,,,,,3225,0.94,0.0,0.0
2026-07-17T13:17:50.624289,Raspberry_Relieve7,,,,,,0.0,,,,,,,,,3226,0.98,0.0,0.0
2026-07-17T13:17:51.624435,Raspberry_Relieve7,,,,,,0.0,,,,,,,,,3227,1.0,0.0,0.0
2026-07-17T13:17:52.624512,Raspberry_Relieve7,,,,,,0.0,,,,,,,,,3228,1.02,0.0,0.0
2026-07-17T13:17:53.624634,Raspberry_Relieve7,,,,,,0.0,,,,,,,,,3229,1.0,0.0,0.0
2026-07-17T13:17:54.624720,Raspberry_Relieve7,,,,,,0.0,,,,,,,,,3230,1.01,0.0,0.0
2026-07-17T13:17:55.624773,Raspberry_Relieve7,,,,,,0.0,,,,,,,,,3231,1.02,0.0,0.0
2026-07-17T13:17:56.624908,Raspberry_Relieve7,,,,,,0.0,,,,,,,,,3232,1.02,0.0,0.0
2026-07-17T13:17:57.625016,Raspberry_Relieve7,,,,,,0.0,,,,,,,,,3233,1.01,0.0,0.0
2026-07-17T13:17:58.625102,Raspberry_Relieve7,,,,,,0.0,,,,,,,,,3234,0.93,0.0,0.0
2026-07-17T13:17:59.625215,Raspberry_Relieve7,,,,,,0.0,,,,,,,,,3235,1.03,0.0,0.0
2026-07-17T13:18:00.625283,Raspberry_Relieve7,,,,,,0.0,,,,,,,,,3236,1.02,0.0,0.0
2026-07-17T13:18:01.625404,Raspberry_Relieve7,,,,,,0.0,,,,,,,,,3237,0.94,0.0,0.0
2026-07-17T13:18:02.625574,Raspberry_Relieve7,,,,,,0.0,,,,,,,,,3238,1.0,0.0,0.0
2026-07-17T13:18:03.625720,Raspberry_Relieve7,,,,,,0.0,,,,,,,,,3239,0.98,0.0,0.0
2026-07-17T13:18:04.625856,Raspberry_Relieve7,,,,,,0.0,,,,,,,,,3240,1.05,0.0,0.0
2026-07-17T13:18:05.626076,Raspberry_Relieve7,,,,,,0.0,,,,,,,,,3241,1.03,0.0,0.0
2026-07-17T13:18:06.626190,Raspberry_Relieve7,,,,,,0.0,,,,,,,,,3242,1.04,0.0,0.0
2026-07-17T13:18:07.626518,Raspberry_Relieve7,,,,,,0.0,,,,,,,,,3243,0.92,0.0,0.0
2026-07-17T13:18:08.626708,Raspberry_Relieve7,,,,,,0.0,,,,,,,,,3244,0.98,0.0,0.0
2026-07-17T13:18:09.627026,Raspberry_Relieve7,,,,,,0.0,,,,,,,,,3245,1.02,0.0,0.0
2026-07-17T13:18:10.627211,Raspberry_Relieve7,,,,,,0.0,,,,,,,,,3246,1.04,0.0,0.0
2026-07-17T13:18:11.627506,Raspberry_Relieve7,,,,,,0.0,,,,,,,,,3247,0.96,0.0,0.0
2026-07-17T13:18:12.627672,Raspberry_Relieve7,,,,,,0.0,,,,,,,,,3248,1.02,0.0,0.0
2026-07-17T13:18:13.627869,Raspberry_Relieve7,,,,,,0.0,,,,,,,,,3249,1.02,0.0,0.0
2026-07-17T13:18:14.627993,Raspberry_Relieve7,,,,,,0.0,,,,,,,,,3250,1.03,0.0,0.0
2026-07-17T13:18:15.628268,Raspberry_Relieve7,,,,,,0.0,,,,,,,,,3251,0.92,0.0,0.0
2026-07-17T13:18:16.628449,Raspberry_Relieve7,,,,,,0.0,,,,,,,,,3252,1.09,0.0,0.0
2026-07-17T13:18:17.628678,Raspberry_Relieve7,,,,,,0.0,,,,,,,,,3253,0.96,0.0,0.0
2026-07-17T13:18:18.628809,Raspberry_Relieve7,,,,,,0.0,,,,,,,,,3254,1.03,0.0,0.0
2026-07-17T13:18:19.629028,Raspberry_Relieve7,,,,,,0.0,,,,,,,,,3255,1.02,0.0,0.0
2026-07-17T13:18:20.629172,Raspberry_Relieve7,,,,,,0.0,,,,,,,,,3256,0.91,0.0,0.0
2026-07-17T13:18:21.629370,Raspberry_Relieve7,,,,,,0.0,,,,,,,,,3257,1.0,0.0,0.0
2026-07-17T13:18:22.629522,Raspberry_Relieve7,,,,,,0.0,,,,,,,,,3258,0.96,0.0,0.0
2026-07-17T13:18:23.629785,Raspberry_Relieve7,,,,,,0.0,,,,,,,,,3259,1.0,0.0,0.0
2026-07-17T13:18:24.629912,Raspberry_Relieve7,,,,,,0.0,,,,,,,,,3260,1.08,0.0,0.0
2026-07-17T13:18:25.630134,Raspberry_Relieve7,,,,,,0.0,,,,,,,,,3261,1.03,0.0,0.0
2026-07-17T13:18:26.630280,Raspberry_Relieve7,,,,,,0.0,,,,,,,,,3262,0.96,0.0,0.0
2026-07-17T13:18:27.630543,Raspberry_Relieve7,,,,,,0.0,,,,,,,,,3263,1.04,0.0,0.0
2026-07-17T13:18:28.630711,Raspberry_Relieve7,,,,,,0.0,,,,,,,,,3264,0.93,0.0,0.0
2026-07-17T13:18:29.630907,Raspberry_Relieve7,,,,,,0.0,,,,,,,,,3265,1.0,0.0,0.0
2026-07-17T13:18:30.631025,Raspberry_Relieve7,,,,,,0.0,,,,,,,,,3266,1.05,0.0,0.0
2026-07-17T13:18:31.631293,Raspberry_Relieve7,,,,,,0.0,,,,,,,,,3267,1.02,0.0,0.0
2026-07-17T13:18:32.631419,Raspberry_Relieve7,,,,,,0.0,,,,,,,,,3268,1.02,0.0,0.0
2026-07-17T13:18:33.631653,Raspberry_Relieve7,,,,,,0.0,,,,,,,,,3269,0.92,0.0,0.0
2026-07-17T13:18:34.631784,Raspberry_Relieve7,,,,,,0.0,,,,,,,,,3270,1.02,0.0,0.0
2026-07-17T13:18:35.632022,Raspberry_Relieve7,,,,,,0.0,,,,,,,,,3271,1.03,0.0,0.0
2026-07-17T13:18:36.632167,Raspberry_Relieve7,,,,,,0.0,,,,,,,,,3272,1.02,0.0,0.0
2026-07-17T13:18:37.632354,Raspberry_Relieve7,,,,,,0.0,,,,,,,,,3273,1.02,0.0,0.0
2026-07-17T13:18:38.632479,Raspberry_Relieve7,,,,,,0.0,,,,,,,,,3274,0.87,0.0,0.0
2026-07-17T13:18:39.632722,Raspberry_Relieve7,,,,,,0.0,,,,,,,,,3275,1.01,0.0,0.0
2026-07-17T13:18:40.632872,Raspberry_Relieve7,,,,,,0.0,,,,,,,,,3276,1.05,0.0,0.0
2026-07-17T13:18:41.633015,Raspberry_Relieve7,,,,,,0.0,,,,,,,,,3277,0.95,0.0,0.0
2026-07-17T13:18:42.633161,Raspberry_Relieve7,,,,,,0.0,,,,,,,,,3278,1.03,0.0,0.0
2026-07-17T13:18:43.633359,Raspberry_Relieve7,,,,,,0.0,,,,,,,,,3279,0.97,0.0,0.0
2026-07-17T13:18:44.633474,Raspberry_Relieve7,,,,,,0.0,,,,,,,,,3280,0.97,0.0,0.0
2026-07-17T13:18:45.633717,Raspberry_Relieve7,,,,,,0.0,,,,,,,,,3281,1.03,0.0,0.0
2026-07-17T13:18:46.633847,Raspberry_Relieve7,,,,,,0.0,,,,,,,,,3282,1.0,0.0,0.0
2026-07-17T13:18:47.634002,Raspberry_Relieve7,,,,,,0.0,,,,,,,,,3283,1.02,0.0,0.0
2026-07-17T13:18:48.634106,Raspberry_Relieve7,,,,,,0.0,,,,,,,,,3284,0.94,0.0,0.0
2026-07-17T13:18:49.634319,Raspberry_Relieve7,,,,,,0.0,,,,,,,,,3285,1.1,0.0,0.0
2026-07-17T13:18:50.634447,Raspberry_Relieve7,,,,,,0.0,,,,,,,,,3286,1.05,0.0,0.0
2026-07-17T13:18:51.634695,Raspberry_Relieve7,,,,,,0.0,,,,,,,,,3287,0.92,0.0,0.0
2026-07-17T13:18:52.634816,Raspberry_Relieve7,,,,,,0.0,,,,,,,,,3288,1.03,0.0,0.0
2026-07-17T13:18:53.635025,Raspberry_Relieve7,,,,,,0.0,,,,,,,,,3289,1.02,0.0,0.0
2026-07-17T13:18:54.635147,Raspberry_Relieve7,,,,,,0.0,,,,,,,,,3290,0.92,0.0,0.0
2026-07-17T13:18:55.635364,Raspberry_Relieve7,,,,,,0.0,,,,,,,,,3291,1.03,0.0,0.0
2026-07-17T13:18:56.635507,Raspberry_Relieve7,,,,,,0.0,,,,,,,,,3292,0.93,0.0,0.0
2026-07-17T13:18:57.635662,Raspberry_Relieve7,,,,,,0.0,,,,,,,,,3293,0.99,0.0,0.0
2026-07-17T13:18:58.635885,Raspberry_Relieve7,,,,,,0.0,,,,,,,,,3294,1.12,0.0,0.0
2026-07-17T13:18:59.636086,Raspberry_Relieve7,,,,,,0.0,,,,,,,,,3295,0.91,0.0,0.0
2026-07-17T13:19:00.636223,Raspberry_Relieve7,,,,,,0.0,,,,,,,,,3296,1.05,0.0,0.0
2026-07-17T13:19:01.636405,Raspberry_Relieve7,,,,,,0.0,,,,,,,,,3297,1.04,0.0,0.0
2026-07-17T13:19:02.636525,Raspberry_Relieve7,,,,,,0.0,,,,,,,,,3298,0.92,0.0,0.0
2026-07-17T13:19:03.636694,Raspberry_Relieve7,,,,,,0.0,,,,,,,,,3299,1.0,0.0,0.0
2026-07-17T13:19:04.636805,Raspberry_Relieve7,,,,,,0.0,,,,,,,,,3300,0.96,0.0,0.0
2026-07-17T13:19:05.636955,Raspberry_Relieve7,,,,,,0.0,,,,,,,,,3301,1.03,0.0,0.0
2026-07-17T13:19:06.637109,Raspberry_Relieve7,,,,,,0.0,,,,,,,,,3302,1.01,0.0,0.0
2026-07-17T13:19:07.637308,Raspberry_Relieve7,,,,,,0.0,,,,,,,,,3303,1.01,0.0,0.0
2026-07-17T13:19:08.637443,Raspberry_Relieve7,,,,,,0.0,,,,,,,,,3304,0.93,0.0,0.0
2026-07-17T13:19:09.637623,Raspberry_Relieve7,,,,,,0.0,,,,,,,,,3305,1.04,0.0,0.0
2026-07-17T13:19:10.637724,Raspberry_Relieve7,,,,,,0.0,,,,,,,,,3306,1.05,0.0,0.0
2026-07-17T13:19:11.637945,Raspberry_Relieve7,,,,,,0.0,,,,,,,,,3307,0.97,0.0,0.0
2026-07-17T13:19:12.638069,Raspberry_Relieve7,,,,,,0.0,,,,,,,,,3308,1.05,0.0,0.0
2026-07-17T13:19:13.638242,Raspberry_Relieve7,,,,,,0.0,,,,,,,,,3309,0.9,0.0,0.0
2026-07-17T13:19:14.638371,Raspberry_Relieve7,,,,,,0.0,,,,,,,,,3310,1.0,0.0,0.0
2026-07-17T13:19:15.638581,Raspberry_Relieve7,,,,,,0.0,,,,,,,,,3311,1.05,0.0,0.0
2026-07-17T13:19:16.638684,Raspberry_Relieve7,,,,,,0.0,,,,,,,,,3312,0.94,0.0,0.0
2026-07-17T13:19:17.638828,Raspberry_Relieve7,,,,,,0.0,,,,,,,,,3313,1.04,0.0,0.0
2026-07-17T13:19:18.638951,Raspberry_Relieve7,,,,,,0.0,,,,,,,,,3314,0.96,0.0,0.0
2026-07-17T13:19:19.639132,Raspberry_Relieve7,,,,,,0.0,,,,,,,,,3315,1.04,0.0,0.0
2026-07-17T13:19:20.639236,Raspberry_Relieve7,,,,,,0.0,,,,,,,,,3316,1.12,0.0,0.0
2026-07-17T13:19:21.639405,Raspberry_Relieve7,,,,,,0.0,,,,,,,,,3317,0.93,0.0,0.0
2026-07-17T13:19:22.639502,Raspberry_Relieve7,,,,,,0.0,,,,,,,,,3318,1.02,0.0,0.0
2026-07-17T13:19:23.639705,Raspberry_Relieve7,,,,,,0.0,,,,,,,,,3319,0.89,0.0,0.0
2026-07-17T13:19:24.639813,Raspberry_Relieve7,,,,,,0.0,,,,,,,,,3320,1.03,0.0,0.0
2026-07-17T13:19:25.639985,Raspberry_Relieve7,,,,,,0.0,,,,,,,,,3321,1.2,0.0,0.0
2026-07-17T13:19:26.640091,Raspberry_Relieve7,,,,,,0.0,,,,,,,,,3322,0.87,0.0,0.0
2026-07-17T13:19:27.640271,Raspberry_Relieve7,,,,,,0.0,,,,,,,,,3323,0.93,0.0,0.0
2026-07-17T13:19:28.640433,Raspberry_Relieve7,,,,,,0.0,,,,,,,,,3324,1.01,0.0,0.0
2026-07-17T13:19:29.640584,Raspberry_Relieve7,,,,,,0.0,,,,,,,,,3325,1.04,0.0,0.0
2026-07-17T13:19:30.640647,Raspberry_Relieve7,,,,,,0.0,,,,,,,,,3326,0.91,0.0,0.0
2026-07-17T13:19:31.640841,Raspberry_Relieve7,,,,,,0.0,,,,,,,,,3327,1.01,0.0,0.0
2026-07-17T13:19:32.640961,Raspberry_Relieve7,,,,,,0.0,,,,,,,,,3328,1.0,0.0,0.0
2026-07-17T13:19:33.641269,Raspberry_Relieve7,,,,,,0.0,,,,,,,,,3329,1.04,0.0,0.0
2026-07-17T13:19:34.641372,Raspberry_Relieve7,,,,,,0.0,,,,,,,,,3330,0.96,0.0,0.0
2026-07-17T13:19:35.641539,Raspberry_Relieve7,,,,,,0.0,,,,,,,,,3331,1.04,0.0,0.0
2026-07-17T13:19:36.641641,Raspberry_Relieve7,,,,,,0.0,,,,,,,,,3332,1.01,0.0,0.0
2026-07-17T13:19:37.641792,Raspberry_Relieve7,,,,,,0.0,,,,,,,,,3333,1.04,0.0,0.0
2026-07-17T13:19:38.641961,Raspberry_Relieve7,,,,,,0.0,,,,,,,,,3334,1.0,0.0,0.0
2026-07-17T13:19:39.642141,Raspberry_Relieve7,,,,,,0.0,,,,,,,,,3335,0.92,0.0,0.0
2026-07-17T13:19:40.642259,Raspberry_Relieve7,,,,,,0.0,,,,,,,,,3336,1.03,0.0,0.0
2026-07-17T13:19:41.642430,Raspberry_Relieve7,,,,,,0.0,,,,,,,,,3337,1.02,0.0,0.0
2026-07-17T13:19:42.642521,Raspberry_Relieve7,,,,,,0.0,,,,,,,,,3338,1.02,0.0,0.0
2026-07-17T13:19:43.642698,Raspberry_Relieve7,,,,,,0.0,,,,,,,,,3339,1.02,0.0,0.0
2026-07-17T13:19:44.642796,Raspberry_Relieve7,,,,,,0.0,,,,,,,,,3340,0.92,0.0,0.0
2026-07-17T13:19:45.642910,Raspberry_Relieve7,,,,,,0.0,,,,,,,,,3341,1.01,0.0,0.0
2026-07-17T13:19:46.643038,Raspberry_Relieve7,,,,,,0.0,,,,,,,,,3342,0.96,0.0,0.0
2026-07-17T13:19:47.643193,Raspberry_Relieve7,,,,,,0.0,,,,,,,,,3343,1.0,0.0,0.0
2026-07-17T13:19:48.643311,Raspberry_Relieve7,,,,,,0.0,,,,,,,,,3344,1.05,0.0,0.0
2026-07-17T13:19:49.643469,Raspberry_Relieve7,,,,,,0.0,,,,,,,,,3345,0.95,0.0,0.0
2026-07-17T13:19:50.643577,Raspberry_Relieve7,,,,,,0.0,,,,,,,,,3346,0.99,0.0,0.0
2026-07-17T13:19:51.643718,Raspberry_Relieve7,,,,,,0.0,,,,,,,,,3347,1.05,0.0,0.0
2026-07-17T13:19:52.643824,Raspberry_Relieve7,,,,,,0.0,,,,,,,,,3348,0.97,0.0,0.0
2026-07-17T13:19:53.643974,Raspberry_Relieve7,,,,,,0.0,,,,,,,,,3349,1.02,0.0,0.0
2026-07-17T13:19:54.644039,Raspberry_Relieve7,,,,,,0.0,,,,,,,,,3350,0.96,0.0,0.0
2026-07-17T13:19:55.644217,Raspberry_Relieve7,,,,,,0.0,,,,,,,,,3351,1.07,0.0,0.0
2026-07-17T13:19:56.644322,Raspberry_Relieve7,,,,,,0.0,,,,,,,,,3352,0.93,0.0,0.0
2026-07-17T13:19:57.644465,Raspberry_Relieve7,,,,,,0.0,,,,,,,,,3353,1.04,0.0,0.0
2026-07-17T13:19:58.644567,Raspberry_Relieve7,,,,,,0.0,,,,,,,,,3354,1.02,0.0,0.0
2026-07-17T13:19:59.644731,Raspberry_Relieve7,,,,,,0.0,,,,,,,,,3355,1.03,0.0,0.0
2026-07-17T13:20:00.644826,Raspberry_Relieve7,,,,,,0.0,,,,,,,,,3356,1.02,0.0,0.0
2026-07-17T13:20:01.644979,Raspberry_Relieve7,,,,,,0.0,,,,,,,,,3357,0.93,0.0,0.0
2026-07-17T13:20:02.645062,Raspberry_Relieve7,,,,,,0.0,,,,,,,,,3358,1.01,0.0,0.0
2026-07-17T13:20:03.645219,Raspberry_Relieve7,,,,,,0.0,,,,,,,,,3359,0.99,0.0,0.0
2026-07-17T13:20:04.645312,Raspberry_Relieve7,,,,,,0.0,,,,,,,,,3360,0.95,0.0,0.0
2026-07-17T13:20:05.645514,Raspberry_Relieve7,,,,,,0.0,,,,,,,,,3361,1.05,0.0,0.0
2026-07-17T13:20:06.645601,Raspberry_Relieve7,,,,,,0.0,,,,,,,,,3362,0.97,0.0,0.0
2026-07-17T13:20:07.645771,Raspberry_Relieve7,,,,,,0.0,,,,,,,,,3363,1.05,0.0,0.0
2026-07-17T13:20:08.645824,Raspberry_Relieve7,,,,,,0.0,,,,,,,,,3364,1.0,0.0,0.0
2026-07-17T13:20:09.646012,Raspberry_Relieve7,,,,,,0.0,,,,,,,,,3365,0.99,0.0,0.0
2026-07-17T13:20:10.646108,Raspberry_Relieve7,,,,,,0.0,,,,,,,,,3366,0.97,0.0,0.0
2026-07-17T13:20:11.646268,Raspberry_Relieve7,,,,,,0.0,,,,,,,,,3367,1.05,0.0,0.0
2026-07-17T13:20:12.646365,Raspberry_Relieve7,,,,,,0.0,,,,,,,,,3368,1.02,0.0,0.0
2026-07-17T13:20:13.646515,Raspberry_Relieve7,,,,,,0.0,,,,,,,,,3369,1.02,0.0,0.0
2026-07-17T13:20:14.646647,Raspberry_Relieve7,,,,,,0.0,,,,,,,,,3370,1.02,0.0,0.0
2026-07-17T13:20:15.646783,Raspberry_Relieve7,,,,,,0.0,,,,,,,,,3371,0.88,0.0,0.0
2026-07-17T13:20:16.646911,Raspberry_Relieve7,,,,,,0.0,,,,,,,,,3372,1.13,0.0,0.0
2026-07-17T13:20:17.647026,Raspberry_Relieve7,,,,,,0.0,,,,,,,,,3373,0.97,0.0,0.0
2026-07-17T13:20:18.647166,Raspberry_Relieve7,,,,,,0.0,,,,,,,,,3374,0.92,0.0,0.0
2026-07-17T13:20:19.647309,Raspberry_Relieve7,,,,,,0.0,,,,,,,,,3375,0.98,0.0,0.0
2026-07-17T13:20:20.647423,Raspberry_Relieve7,,,,,,0.0,,,,,,,,,3376,0.99,0.0,0.0
2026-07-17T13:20:21.647579,Raspberry_Relieve7,,,,,,0.0,,,,,,,,,3377,1.04,0.0,0.0
2026-07-17T13:20:22.647661,Raspberry_Relieve7,,,,,,0.0,,,,,,,,,3378,0.92,0.0,0.0
2026-07-17T13:20:23.647823,Raspberry_Relieve7,,,,,,0.0,,,,,,,,,3379,1.07,0.0,0.0
2026-07-17T13:20:24.647952,Raspberry_Relieve7,,,,,,0.0,,,,,,,,,3380,0.97,0.0,0.0
2026-07-17T13:20:25.648077,Raspberry_Relieve7,,,,,,0.0,,,,,,,,,3381,1.04,0.0,0.0
2026-07-17T13:20:26.648211,Raspberry_Relieve7,,,,,,0.0,,,,,,,,,3382,0.99,0.0,0.0
2026-07-17T13:20:27.648343,Raspberry_Relieve7,,,,,,0.0,,,,,,,,,3383,0.97,0.0,0.0
2026-07-17T13:20:28.648465,Raspberry_Relieve7,,,,,,0.0,,,,,,,,,3384,1.16,0.0,0.0
2026-07-17T13:20:29.648547,Raspberry_Relieve7,,,,,,0.0,,,,,,,,,3385,0.87,0.0,0.0
2026-07-17T13:20:30.648694,Raspberry_Relieve7,,,,,,0.0,,,,,,,,,3386,1.03,0.0,0.0
2026-07-17T13:20:31.648824,Raspberry_Relieve7,,,,,,0.0,,,,,,,,,3387,0.96,0.0,0.0
2026-07-17T13:20:32.648954,Raspberry_Relieve7,,,,,,0.0,,,,,,,,,3388,1.02,0.0,0.0
2026-07-17T13:20:33.649083,Raspberry_Relieve7,,,,,,0.0,,,,,,,,,3389,1.03,0.0,0.0
2026-07-17T13:20:34.649223,Raspberry_Relieve7,,,,,,0.0,,,,,,,,,3390,0.98,0.0,0.0
2026-07-17T13:20:35.649369,Raspberry_Relieve7,,,,,,0.0,,,,,,,,,3391,1.02,0.0,0.0
2026-07-17T13:20:36.649493,Raspberry_Relieve7,,,,,,0.0,,,,,,,,,3392,0.97,0.0,0.0
2026-07-17T13:20:37.649627,Raspberry_Relieve7,,,,,,0.0,,,,,,,,,3393,0.97,0.0,0.0
2026-07-17T13:20:38.649762,Raspberry_Relieve7,,,,,,0.0,,,,,,,,,3394,0.98,0.0,0.0
2026-07-17T13:20:39.649883,Raspberry_Relieve7,,,,,,0.0,,,,,,,,,3395,1.02,0.0,0.0
2026-07-17T13:20:40.649988,Raspberry_Relieve7,,,,,,0.0,,,,,,,,,3396,1.02,0.0,0.0
2026-07-17T13:20:41.650130,Raspberry_Relieve7,,,,,,0.0,,,,,,,,,3397,1.02,0.0,0.0
2026-07-17T13:20:42.650228,Raspberry_Relieve7,,,,,,0.0,,,,,,,,,3398,1.03,0.0,0.0
2026-07-17T13:20:43.650411,Raspberry_Relieve7,,,,,,0.0,,,,,,,,,3399,1.02,0.0,0.0
2026-07-17T13:20:44.650504,Raspberry_Relieve7,,,,,,0.0,,,,,,,,,3400,0.94,0.0,0.0
2026-07-17T13:20:45.650638,Raspberry_Relieve7,,,,,,0.0,,,,,,,,,3401,1.0,0.0,0.0
2026-07-17T13:20:46.650763,Raspberry_Relieve7,,,,,,0.0,,,,,,,,,3402,1.03,0.0,0.0
2026-07-17T13:20:47.650899,Raspberry_Relieve7,,,,,,0.0,,,,,,,,,3403,0.97,0.0,0.0
2026-07-17T13:20:48.651024,Raspberry_Relieve7,,,,,,0.0,,,,,,,,,3404,1.05,0.0,0.0
2026-07-17T13:20:49.651099,Raspberry_Relieve7,,,,,,0.0,,,,,,,,,3405,0.95,0.0,0.0
2026-07-17T13:20:50.651270,Raspberry_Relieve7,,,,,,0.0,,,,,,,,,3406,0.95,0.0,0.0
2026-07-17T13:20:51.651391,Raspberry_Relieve7,,,,,,0.0,,,,,,,,,3407,1.03,0.0,0.0
2026-07-17T13:20:52.651517,Raspberry_Relieve7,,,,,,0.0,,,,,,,,,3408,0.98,0.0,0.0
2026-07-17T13:20:53.651647,Raspberry_Relieve7,,,,,,0.0,,,,,,,,,3409,1.01,0.0,0.0
2026-07-17T13:20:54.651778,Raspberry_Relieve7,,,,,,0.0,,,,,,,,,3410,0.93,0.0,0.0
2026-07-17T13:20:55.651911,Raspberry_Relieve7,,,,,,0.0,,,,,,,,,3411,1.07,0.0,0.0
2026-07-17T13:20:56.652038,Raspberry_Relieve7,,,,,,0.0,,,,,,,,,3412,1.05,0.0,0.0
2026-07-17T13:20:57.652155,Raspberry_Relieve7,,,,,,0.0,,,,,,,,,3413,0.97,0.0,0.0
2026-07-17T13:20:58.652291,Raspberry_Relieve7,,,,,,0.0,,,,,,,,,3414,1.0,0.0,0.0
2026-07-17T13:20:59.652424,Raspberry_Relieve7,,,,,,0.0,,,,,,,,,3415,1.01,0.0,0.0
2026-07-17T13:21:00.652535,Raspberry_Relieve7,,,,,,0.0,,,,,,,,,3416,1.02,0.0,0.0
2026-07-17T13:21:01.652674,Raspberry_Relieve7,,,,,,0.0,,,,,,,,,3417,0.91,0.0,0.0
2026-07-17T13:21:02.652764,Raspberry_Relieve7,,,,,,0.0,,,,,,,,,3418,0.98,0.0,0.0
2026-07-17T13:21:03.652906,Raspberry_Relieve7,,,,,,0.0,,,,,,,,,3419,1.02,0.0,0.0
2026-07-17T13:21:04.653034,Raspberry_Relieve7,,,,,,0.0,,,,,,,,,3420,1.03,0.0,0.0
2026-07-17T13:21:05.653170,Raspberry_Relieve7,,,,,,0.0,,,,,,,,,3421,1.03,0.0,0.0
2026-07-17T13:21:06.653298,Raspberry_Relieve7,,,,,,0.0,,,,,,,,,3422,1.03,0.0,0.0
2026-07-17T13:21:07.653433,Raspberry_Relieve7,,,,,,0.0,,,,,,,,,3423,0.9,0.0,0.0
2026-07-17T13:21:08.653564,Raspberry_Relieve7,,,,,,0.0,,,,,,,,,3424,1.0,0.0,0.0
2026-07-17T13:21:09.653698,Raspberry_Relieve7,,,,,,0.0,,,,,,,,,3425,1.03,0.0,0.0
2026-07-17T13:21:10.653819,Raspberry_Relieve7,,,,,,0.0,,,,,,,,,3426,0.97,0.0,0.0
2026-07-17T13:21:11.653961,Raspberry_Relieve7,,,,,,0.0,,,,,,,,,3427,1.05,0.0,0.0
2026-07-17T13:21:12.654091,Raspberry_Relieve7,,,,,,0.0,,,,,,,,,3428,0.97,0.0,0.0
2026-07-17T13:21:13.654222,Raspberry_Relieve7,,,,,,0.0,,,,,,,,,3429,1.03,0.0,0.0
2026-07-17T13:21:14.654355,Raspberry_Relieve7,,,,,,0.0,,,,,,,,,3430,1.03,0.0,0.0
2026-07-17T13:21:15.654495,Raspberry_Relieve7,,,,,,0.0,,,,,,,,,3431,0.96,0.0,0.0
2026-07-17T13:21:16.654626,Raspberry_Relieve7,,,,,,0.0,,,,,,,,,3432,0.98,0.0,0.0
2026-07-17T13:21:17.654735,Raspberry_Relieve7,,,,,,0.0,,,,,,,,,3433,1.03,0.0,0.0
2026-07-17T13:21:18.654888,Raspberry_Relieve7,,,,,,0.0,,,,,,,,,3434,0.99,0.0,0.0
2026-07-17T13:21:19.655034,Raspberry_Relieve7,,,,,,0.0,,,,,,,,,3435,1.02,0.0,0.0
2026-07-17T13:21:20.655139,Raspberry_Relieve7,,,,,,0.0,,,,,,,,,3436,1.11,0.0,0.0
2026-07-17T13:21:21.655285,Raspberry_Relieve7,,,,,,0.0,,,,,,,,,3437,0.94,0.0,0.0
2026-07-17T13:21:22.655392,Raspberry_Relieve7,,,,,,0.0,,,,,,,,,3438,0.94,0.0,0.0
2026-07-17T13:21:23.655533,Raspberry_Relieve7,,,,,,0.0,,,,,,,,,3439,1.0,0.0,0.0
2026-07-17T13:21:24.655656,Raspberry_Relieve7,,,,,,0.0,,,,,,,,,3440,1.02,0.0,0.0
2026-07-17T13:21:25.655787,Raspberry_Relieve7,,,,,,0.0,,,,,,,,,3441,0.97,0.0,0.0
2026-07-17T13:21:26.655910,Raspberry_Relieve7,,,,,,0.0,,,,,,,,,3442,1.06,0.0,0.0
2026-07-17T13:21:27.656060,Raspberry_Relieve7,,,,,,0.0,,,,,,,,,3443,1.08,0.0,0.0
2026-07-17T13:21:28.656187,Raspberry_Relieve7,,,,,,0.0,,,,,,,,,3444,0.82,0.0,0.0
2026-07-17T13:21:29.656304,Raspberry_Relieve7,,,,,,0.0,,,,,,,,,3445,1.0,0.0,0.0
2026-07-17T13:21:30.656430,Raspberry_Relieve7,,,,,,0.0,,,,,,,,,3451,6.12,0.0,0.0
2026-07-17T13:21:36.239008,Raspberry_Relieve7,,,,,,0.0,,,,,,,,,3451,0.49,0.0,0.0
2026-07-17T13:21:37.239119,Raspberry_Relieve7,,,,,,0.0,,,,,,,,,3452,1.02,0.0,0.0
2026-07-17T13:21:38.239365,Raspberry_Relieve7,,,,,,0.0,,,,,,,,,3454,1.05,0.0,0.0
2026-07-17T13:21:39.239559,Raspberry_Relieve7,,,,,,0.0,,,,,,,,,3454,0.93,0.0,0.0
2026-07-17T13:21:40.239617,Raspberry_Relieve7,,,,,,0.0,,,,,,,,,3456,1.03,0.0,0.0
2026-07-17T13:21:41.239736,Raspberry_Relieve7,,,,,,0.0,,,,,,,,,3457,1.02,0.0,0.0
2026-07-17T13:21:42.239850,Raspberry_Relieve7,,,,,,0.0,,,,,,,,,3458,1.02,0.0,0.0
2026-07-17T13:21:43.239959,Raspberry_Relieve7,,,,,,0.0,,,,,,,,,3458,0.95,0.0,0.0
2026-07-17T13:21:44.240065,Raspberry_Relieve7,,,,,,0.0,,,,,,,,,3459,0.96,0.0,0.0
2026-07-17T13:21:45.240175,Raspberry_Relieve7,,,,,,0.0,,,,,,,,,3461,1.05,0.0,0.0
2026-07-17T13:21:46.240287,Raspberry_Relieve7,,,,,,0.0,,,,,,,,,3461,0.95,0.0,0.0
2026-07-17T13:21:47.240405,Raspberry_Relieve7,,,,,,0.0,,,,,,,,,3462,1.0,0.0,0.0
2026-07-17T13:21:48.240506,Raspberry_Relieve7,,,,,,0.0,,,,,,,,,3463,1.0,0.0,0.0
2026-07-17T13:21:49.240635,Raspberry_Relieve7,,,,,,0.0,,,,,,,,,3465,1.04,0.0,0.0
2026-07-17T13:21:50.240759,Raspberry_Relieve7,,,,,,0.0,,,,,,,,,3466,1.0,0.0,0.0
2026-07-17T13:21:51.240889,Raspberry_Relieve7,,,,,,0.0,,,,,,,,,3467,0.99,0.0,0.0
2026-07-17T13:21:52.240989,Raspberry_Relieve7,,,,,,0.0,,,,,,,,,3467,0.98,0.0,0.0
2026-07-17T13:21:53.241102,Raspberry_Relieve7,,,,,,0.0,,,,,,,,,3469,1.06,0.0,0.0
2026-07-17T13:21:54.241217,Raspberry_Relieve7,,,,,,0.0,,,,,,,,,3470,0.99,0.0,0.0
2026-07-17T13:21:55.241311,Raspberry_Relieve7,,,,,,0.0,,,,,,,,,3471,1.03,0.0,0.0
2026-07-17T13:21:56.241414,Raspberry_Relieve7,,,,,,0.0,,,,,,,,,3471,0.92,0.0,0.0
2026-07-17T13:21:57.241534,Raspberry_Relieve7,,,,,,0.0,,,,,,,,,3472,1.02,0.0,0.0
2026-07-17T13:21:58.241638,Raspberry_Relieve7,,,,,,0.0,,,,,,,,,3474,1.02,0.0,0.0
2026-07-17T13:21:59.241708,Raspberry_Relieve7,,,,,,0.0,,,,,,,,,3474,0.92,0.0,0.0
2026-07-17T13:22:00.241846,Raspberry_Relieve7,,,,,,0.0,,,,,,,,,3475,1.01,0.0,0.0
2026-07-17T13:22:01.241960,Raspberry_Relieve7,,,,,,0.0,,,,,,,,,3477,1.05,0.0,0.0
2026-07-17T13:22:02.242085,Raspberry_Relieve7,,,,,,0.0,,,,,,,,,3478,1.04,0.0,0.0
2026-07-17T13:22:03.242161,Raspberry_Relieve7,,,,,,0.0,,,,,,,,,3478,0.91,0.0,0.0
2026-07-17T13:22:04.242272,Raspberry_Relieve7,,,,,,0.0,,,,,,,,,3479,1.02,0.0,0.0
2026-07-17T13:22:05.242379,Raspberry_Relieve7,,,,,,0.0,,,,,,,,,3480,1.01,0.0,0.0
2026-07-17T13:22:06.242495,Raspberry_Relieve7,,,,,,0.0,,,,,,,,,3482,1.02,0.0,0.0
2026-07-17T13:22:07.242606,Raspberry_Relieve7,,,,,,0.0,,,,,,,,,3483,1.02,0.0,0.0
2026-07-17T13:22:08.242719,Raspberry_Relieve7,,,,,,0.0,,,,,,,,,3483,0.92,0.0,0.0
2026-07-17T13:22:09.242829,Raspberry_Relieve7,,,,,,0.0,,,,,,,,,3485,1.08,0.0,0.0
2026-07-17T13:22:10.242945,Raspberry_Relieve7,,,,,,0.0,,,,,,,,,3486,0.97,0.0,0.0
2026-07-17T13:22:11.243061,Raspberry_Relieve7,,,,,,0.0,,,,,,,,,3487,1.02,0.0,0.0
2026-07-17T13:22:12.243173,Raspberry_Relieve7,,,,,,0.0,,,,,,,,,3488,0.98,0.0,0.0
2026-07-17T13:22:13.243289,Raspberry_Relieve7,,,,,,0.0,,,,,,,,,3489,1.0,0.0,0.0
2026-07-17T13:22:14.243402,Raspberry_Relieve7,,,,,,0.0,,,,,,,,,3489,0.96,0.0,0.0
2026-07-17T13:22:15.243532,Raspberry_Relieve7,,,,,,0.0,,,,,,,,,3491,1.04,0.0,0.0
2026-07-17T13:22:16.243625,Raspberry_Relieve7,,,,,,0.0,,,,,,,,,3491,0.96,0.0,0.0
2026-07-17T13:22:17.243738,Raspberry_Relieve7,,,,,,0.0,,,,,,,,,3492,1.03,0.0,0.0
2026-07-17T13:22:18.243850,Raspberry_Relieve7,,,,,,0.0,,,,,,,,,3493,0.96,0.0,0.0
2026-07-17T13:22:19.243969,Raspberry_Relieve7,,,,,,0.0,,,,,,,,,3495,1.16,0.0,0.0
2026-07-17T13:22:20.244082,Raspberry_Relieve7,,,,,,0.0,,,,,,,,,3496,0.92,0.0,0.0
2026-07-17T13:22:21.244200,Raspberry_Relieve7,,,,,,0.0,,,,,,,,,3497,0.98,0.0,0.0
2026-07-17T13:22:22.244314,Raspberry_Relieve7,,,,,,0.0,,,,,,,,,3497,0.97,0.0,0.0
2026-07-17T13:22:23.244387,Raspberry_Relieve7,,,,,,0.0,,,,,,,,,3499,1.03,0.0,0.0
2026-07-17T13:22:24.244521,Raspberry_Relieve7,,,,,,0.0,,,,,,,,,3499,0.94,0.0,0.0
2026-07-17T13:22:25.244639,Raspberry_Relieve7,,,,,,0.0,,,,,,,,,3501,1.07,0.0,0.0
2026-07-17T13:22:26.244752,Raspberry_Relieve7,,,,,,0.0,,,,,,,,,3501,0.96,0.0,0.0
2026-07-17T13:22:27.244896,Raspberry_Relieve7,,,,,,0.0,,,,,,,,,3503,1.03,0.0,0.0
2026-07-17T13:22:28.245064,Raspberry_Relieve7,,,,,,0.0,,,,,,,,,3504,1.02,0.0,0.0
2026-07-17T13:22:29.245156,Raspberry_Relieve7,,,,,,0.0,,,,,,,,,3505,1.03,0.0,0.0
2026-07-17T13:22:30.245267,Raspberry_Relieve7,,,,,,0.0,,,,,,,,,3505,0.91,0.0,0.0
2026-07-17T13:22:31.245391,Raspberry_Relieve7,,,,,,0.0,,,,,,,,,3507,1.04,0.0,0.0
2026-07-17T13:22:32.245507,Raspberry_Relieve7,,,,,,0.0,,,,,,,,,3507,0.98,0.0,0.0
2026-07-17T13:22:33.245620,Raspberry_Relieve7,,,,,,0.0,,,,,,,,,3508,0.99,0.0,0.0
2026-07-17T13:22:34.245737,Raspberry_Relieve7,,,,,,0.0,,,,,,,,,3510,1.11,0.0,0.0
2026-07-17T13:22:35.245854,Raspberry_Relieve7,,,,,,0.0,,,,,,,,,3510,0.91,0.0,0.0
2026-07-17T13:22:36.245966,Raspberry_Relieve7,,,,,,0.0,,,,,,,,,3512,1.01,0.0,0.0
2026-07-17T13:22:37.246083,Raspberry_Relieve7,,,,,,0.0,,,,,,,,,3513,1.03,0.0,0.0
2026-07-17T13:22:38.246180,Raspberry_Relieve7,,,,,,0.0,,,,,,,,,3513,0.93,0.0,0.0
2026-07-17T13:22:39.246408,Raspberry_Relieve7,,,,,,0.0,,,,,,,,,3514,1.02,0.0,0.0
2026-07-17T13:22:40.246530,Raspberry_Relieve7,,,,,,0.0,,,,,,,,,3515,0.98,0.0,0.0
2026-07-17T13:22:41.246748,Raspberry_Relieve7,,,,,,0.0,,,,,,,,,3516,1.01,0.0,0.0
2026-07-17T13:22:42.246856,Raspberry_Relieve7,,,,,,0.0,,,,,,,,,3518,1.04,0.0,0.0
2026-07-17T13:22:43.246977,Raspberry_Relieve7,,,,,,0.0,,,,,,,,,3518,0.97,0.0,0.0
2026-07-17T13:22:44.247189,Raspberry_Relieve7,,,,,,0.0,,,,,,,,,3520,1.03,0.0,0.0
2026-07-17T13:22:45.247306,Raspberry_Relieve7,,,,,,0.0,,,,,,,,,3521,1.02,0.0,0.0
2026-07-17T13:22:46.247426,Raspberry_Relieve7,,,,,,0.0,,,,,,,,,3521,0.94,0.0,0.0
2026-07-17T13:22:47.247655,Raspberry_Relieve7,,,,,,0.0,,,,,,,,,3522,1.01,0.0,0.0
2026-07-17T13:22:48.247772,Raspberry_Relieve7,,,,,,0.0,,,,,,,,,3523,1.02,0.0,0.0
2026-07-17T13:22:49.247999,Raspberry_Relieve7,,,,,,0.0,,,,,,,,,3524,0.97,0.0,0.0
2026-07-17T13:22:50.248119,Raspberry_Relieve7,,,,,,0.0,,,,,,,,,3526,1.04,0.0,0.0
2026-07-17T13:22:51.248237,Raspberry_Relieve7,,,,,,0.0,,,,,,,,,3527,1.0,0.0,0.0
2026-07-17T13:22:52.248353,Raspberry_Relieve7,,,,,,0.0,,,,,,,,,3527,0.96,0.0,0.0
2026-07-17T13:22:53.248473,Raspberry_Relieve7,,,,,,0.0,,,,,,,,,3529,1.04,0.0,0.0
2026-07-17T13:22:54.248589,Raspberry_Relieve7,,,,,,0.0,,,,,,,,,3530,1.03,0.0,0.0
2026-07-17T13:22:55.248730,Raspberry_Relieve7,,,,,,0.0,,,,,,,,,3531,1.04,0.0,0.0
2026-07-17T13:22:56.248847,Raspberry_Relieve7,,,,,,0.0,,,,,,,,,3531,0.92,0.0,0.0
2026-07-17T13:22:57.248963,Raspberry_Relieve7,,,,,,0.0,,,,,,,,,3532,1.01,0.0,0.0
2026-07-17T13:22:58.249083,Raspberry_Relieve7,,,,,,0.0,,,,,,,,,3533,0.97,0.0,0.0
2026-07-17T13:22:59.249287,Raspberry_Relieve7,,,,,,0.0,,,,,,,,,3534,1.04,0.0,0.0
2026-07-17T13:23:00.249407,Raspberry_Relieve7,,,,,,0.0,,,,,,,,,3535,0.98,0.0,0.0
2026-07-17T13:23:01.249625,Raspberry_Relieve7,,,,,,0.0,,,,,,,,,3536,1.02,0.0,0.0
2026-07-17T13:23:02.249742,Raspberry_Relieve7,,,,,,0.0,,,,,,,,,3538,1.02,0.0,0.0
2026-07-17T13:23:03.249956,Raspberry_Relieve7,,,,,,0.0,,,,,,,,,3538,0.98,0.0,0.0
2026-07-17T13:23:04.250057,Raspberry_Relieve7,,,,,,0.0,,,,,,,,,3540,1.04,0.0,0.0
2026-07-17T13:23:05.250180,Raspberry_Relieve7,,,,,,0.0,,,,,,,,,3541,0.97,0.0,0.0
2026-07-17T13:23:06.250291,Raspberry_Relieve7,,,,,,0.0,,,,,,,,,3542,1.0,0.0,0.0
2026-07-17T13:23:07.250428,Raspberry_Relieve7,,,,,,0.0,,,,,,,,,3543,1.04,0.0,0.0
2026-07-17T13:23:08.250549,Raspberry_Relieve7,,,,,,0.0,,,,,,,,,3543,0.88,0.0,0.0
2026-07-17T13:23:09.250667,Raspberry_Relieve7,,,,,,0.0,,,,,,,,,3544,1.07,0.0,0.0
2026-07-17T13:23:10.250777,Raspberry_Relieve7,,,,,,0.0,,,,,,,,,3546,1.09,0.0,0.0
2026-07-17T13:23:11.250896,Raspberry_Relieve7,,,,,,0.0,,,,,,,,,3547,0.94,0.0,0.0
2026-07-17T13:23:12.251014,Raspberry_Relieve7,,,,,,0.0,,,,,,,,,3548,1.03,0.0,0.0
2026-07-17T13:23:13.251111,Raspberry_Relieve7,,,,,,0.0,,,,,,,,,3549,1.03,0.0,0.0
2026-07-17T13:23:14.251232,Raspberry_Relieve7,,,,,,0.0,,,,,,,,,3550,1.02,0.0,0.0
2026-07-17T13:23:15.251339,Raspberry_Relieve7,,,,,,0.0,,,,,,,,,3551,1.03,0.0,0.0
2026-07-17T13:23:16.251445,Raspberry_Relieve7,,,,,,0.0,,,,,,,,,3552,1.02,0.0,0.0
2026-07-17T13:23:17.251559,Raspberry_Relieve7,,,,,,0.0,,,,,,,,,3553,0.92,0.0,0.0
2026-07-17T13:23:18.251675,Raspberry_Relieve7,,,,,,0.0,,,,,,,,,3554,1.02,0.0,0.0
2026-07-17T13:23:19.251798,Raspberry_Relieve7,,,,,,0.0,,,,,,,,,3555,1.1,0.0,0.0
2026-07-17T13:23:20.251905,Raspberry_Relieve7,,,,,,0.0,,,,,,,,,3556,1.03,0.0,0.0
2026-07-17T13:23:21.251984,Raspberry_Relieve7,,,,,,0.0,,,,,,,,,3557,0.85,0.0,0.0
2026-07-17T13:23:22.252067,Raspberry_Relieve7,,,,,,0.0,,,,,,,,,3558,1.04,0.0,0.0
2026-07-17T13:23:23.252198,Raspberry_Relieve7,,,,,,0.0,,,,,,,,,3559,0.89,0.0,0.0
2026-07-17T13:23:24.252313,Raspberry_Relieve7,,,,,,0.0,,,,,,,,,3560,1.0,0.0,0.0
2026-07-17T13:23:25.252382,Raspberry_Relieve7,,,,,,0.0,,,,,,,,,3561,1.0,0.0,0.0
2026-07-17T13:23:26.252566,Raspberry_Relieve7,,,,,,0.0,,,,,,,,,3561,0.97,0.0,0.0
2026-07-17T13:23:27.252653,Raspberry_Relieve7,,,,,,0.0,,,,,,,,,3563,1.1,0.0,0.0
2026-07-17T13:23:28.252769,Raspberry_Relieve7,,,,,,0.0,,,,,,,,,3564,0.96,0.0,0.0
2026-07-17T13:23:29.252889,Raspberry_Relieve7,,,,,,0.0,,,,,,,,,3565,1.01,0.0,0.0
2026-07-17T13:23:30.252998,Raspberry_Relieve7,,,,,,0.0,,,,,,,,,3566,1.03,0.0,0.0
2026-07-17T13:23:31.253082,Raspberry_Relieve7,,,,,,0.0,,,,,,,,,3567,0.94,0.0,0.0
2026-07-17T13:23:32.253170,Raspberry_Relieve7,,,,,,0.0,,,,,,,,,3568,1.03,0.0,0.0
2026-07-17T13:23:33.253308,Raspberry_Relieve7,,,,,,0.0,,,,,,,,,3569,1.09,0.0,0.0
2026-07-17T13:23:34.253427,Raspberry_Relieve7,,,,,,0.0,,,,,,,,,3570,0.94,0.0,0.0
2026-07-17T13:23:35.253543,Raspberry_Relieve7,,,,,,0.0,,,,,,,,,3571,1.03,0.0,0.0
2026-07-17T13:23:36.253660,Raspberry_Relieve7,,,,,,0.0,,,,,,,,,3572,0.91,0.0,0.0
2026-07-17T13:23:37.253779,Raspberry_Relieve7,,,,,,0.0,,,,,,,,,3573,0.99,0.0,0.0
2026-07-17T13:23:38.253898,Raspberry_Relieve7,,,,,,0.0,,,,,,,,,3574,1.04,0.0,0.0
2026-07-17T13:23:39.254015,Raspberry_Relieve7,,,,,,0.0,,,,,,,,,3575,1.06,0.0,0.0
2026-07-17T13:23:40.254137,Raspberry_Relieve7,,,,,,0.0,,,,,,,,,3576,0.9,0.0,0.0
2026-07-17T13:23:41.254259,Raspberry_Relieve7,,,,,,0.0,,,,,,,,,3577,1.0,0.0,0.0
2026-07-17T13:23:42.254378,Raspberry_Relieve7,,,,,,0.0,,,,,,,,,3578,1.05,0.0,0.0
2026-07-17T13:23:43.254448,Raspberry_Relieve7,,,,,,0.0,,,,,,,,,3579,1.02,0.0,0.0
2026-07-17T13:23:44.254580,Raspberry_Relieve7,,,,,,0.0,,,,,,,,,3580,0.93,0.0,0.0
2026-07-17T13:23:45.254689,Raspberry_Relieve7,,,,,,0.0,,,,,,,,,3581,1.02,0.0,0.0
2026-07-17T13:23:46.254769,Raspberry_Relieve7,,,,,,0.0,,,,,,,,,3582,1.02,0.0,0.0
2026-07-17T13:23:47.254855,Raspberry_Relieve7,,,,,,0.0,,,,,,,,,3583,1.03,0.0,0.0
2026-07-17T13:23:48.254984,Raspberry_Relieve7,,,,,,0.0,,,,,,,,,3584,1.02,0.0,0.0
2026-07-17T13:23:49.255098,Raspberry_Relieve7,,,,,,0.0,,,,,,,,,3585,0.92,0.0,0.0
2026-07-17T13:23:50.255215,Raspberry_Relieve7,,,,,,0.0,,,,,,,,,3586,1.11,0.0,0.0
2026-07-17T13:23:51.255326,Raspberry_Relieve7,,,,,,0.0,,,,,,,,,3587,0.94,0.0,0.0
2026-07-17T13:23:52.255401,Raspberry_Relieve7,,,,,,0.0,,,,,,,,,3587,0.92,0.0,0.0
2026-07-17T13:23:53.255552,Raspberry_Relieve7,,,,,,0.0,,,,,,,,,3589,1.11,0.0,0.0
2026-07-17T13:23:54.255662,Raspberry_Relieve7,,,,,,0.0,,,,,,,,,3590,1.04,0.0,0.0
2026-07-17T13:23:55.255778,Raspberry_Relieve7,,,,,,0.0,,,,,,,,,3591,0.94,0.0,0.0
2026-07-17T13:23:56.255886,Raspberry_Relieve7,,,,,,0.0,,,,,,,,,3592,0.96,0.0,0.0
2026-07-17T13:23:57.255963,Raspberry_Relieve7,,,,,,0.0,,,,,,,,,3593,1.01,0.0,0.0
2026-07-17T13:23:58.256051,Raspberry_Relieve7,,,,,,0.0,,,,,,,,,3594,0.98,0.0,0.0
2026-07-17T13:23:59.256186,Raspberry_Relieve7,,,,,,0.0,,,,,,,,,3595,0.97,0.0,0.0
2026-07-17T13:24:00.256301,Raspberry_Relieve7,,,,,,0.0,,,,,,,,,3596,1.04,0.0,0.0
2026-07-17T13:24:01.256422,Raspberry_Relieve7,,,,,,0.0,,,,,,,,,3597,1.04,0.0,0.0
2026-07-17T13:24:02.256535,Raspberry_Relieve7,,,,,,0.0,,,,,,,,,3598,1.07,0.0,0.0
2026-07-17T13:24:03.256653,Raspberry_Relieve7,,,,,,0.0,,,,,,,,,3599,0.89,0.0,0.0
2026-07-17T13:24:04.256768,Raspberry_Relieve7,,,,,,0.0,,,,,,,,,3600,1.0,0.0,0.0
2026-07-17T13:24:05.256878,Raspberry_Relieve7,,,,,,0.0,,,,,,,,,3601,1.03,0.0,0.0
2026-07-17T13:24:06.256994,Raspberry_Relieve7,,,,,,0.0,,,,,,,,,3602,1.05,0.0,0.0
2026-07-17T13:24:07.257066,Raspberry_Relieve7,,,,,,0.0,,,,,,,,,3603,0.92,0.0,0.0
2026-07-17T13:24:08.257199,Raspberry_Relieve7,,,,,,0.0,,,,,,,,,3604,1.02,0.0,0.0
2026-07-17T13:24:09.257318,Raspberry_Relieve7,,,,,,0.0,,,,,,,,,3605,1.02,0.0,0.0
2026-07-17T13:24:10.257398,Raspberry_Relieve7,,,,,,0.0,,,,,,,,,3606,0.92,0.0,0.0
2026-07-17T13:24:11.257535,Raspberry_Relieve7,,,,,,0.0,,,,,,,,,3607,1.03,0.0,0.0
2026-07-17T13:24:12.257643,Raspberry_Relieve7,,,,,,0.0,,,,,,,,,3608,1.12,0.0,0.0
2026-07-17T13:24:13.257760,Raspberry_Relieve7,,,,,,0.0,,,,,,,,,3608,0.83,0.0,0.0
2026-07-17T13:24:14.257874,Raspberry_Relieve7,,,,,,0.0,,,,,,,,,3610,1.01,0.0,0.0
2026-07-17T13:24:15.257995,Raspberry_Relieve7,,,,,,0.0,,,,,,,,,3610,0.99,0.0,0.0
2026-07-17T13:24:16.258101,Raspberry_Relieve7,,,,,,0.0,,,,,,,,,3611,0.99,0.0,0.0
2026-07-17T13:24:17.258221,Raspberry_Relieve7,,,,,,0.0,,,,,,,,,3613,1.06,0.0,0.0
2026-07-17T13:24:18.258329,Raspberry_Relieve7,,,,,,0.0,,,,,,,,,3614,1.01,0.0,0.0
2026-07-17T13:24:19.258447,Raspberry_Relieve7,,,,,,0.0,,,,,,,,,3615,1.18,0.0,0.0
2026-07-17T13:24:20.258565,Raspberry_Relieve7,,,,,,0.0,,,,,,,,,3616,0.82,0.0,0.0
2026-07-17T13:24:21.258679,Raspberry_Relieve7,,,,,,0.0,,,,,,,,,3617,1.02,0.0,0.0
2026-07-17T13:24:22.258788,Raspberry_Relieve7,,,,,,0.0,,,,,,,,,3618,1.02,0.0,0.0
2026-07-17T13:24:23.258907,Raspberry_Relieve7,,,,,,0.0,,,,,,,,,3619,0.92,0.0,0.0
2026-07-17T13:24:24.259080,Raspberry_Relieve7,,,,,,0.0,,,,,,,,,3620,1.02,0.0,0.0
2026-07-17T13:24:25.259170,Raspberry_Relieve7,,,,,,0.0,,,,,,,,,3621,1.03,0.0,0.0
2026-07-17T13:24:26.259273,Raspberry_Relieve7,,,,,,0.0,,,,,,,,,3622,1.02,0.0,0.0
2026-07-17T13:24:27.259394,Raspberry_Relieve7,,,,,,0.0,,,,,,,,,3623,1.07,0.0,0.0
2026-07-17T13:24:28.259460,Raspberry_Relieve7,,,,,,0.0,,,,,,,,,3624,0.89,0.0,0.0
2026-07-17T13:24:29.259583,Raspberry_Relieve7,,,,,,0.0,,,,,,,,,3625,0.96,0.0,0.0
2026-07-17T13:24:30.259693,Raspberry_Relieve7,,,,,,0.0,,,,,,,,,3626,1.15,0.0,0.0
2026-07-17T13:24:31.259793,Raspberry_Relieve7,,,,,,0.0,,,,,,,,,3626,0.84,0.0,0.0
2026-07-17T13:24:32.259910,Raspberry_Relieve7,,,,,,0.0,,,,,,,,,3628,1.01,0.0,0.0
2026-07-17T13:24:33.260019,Raspberry_Relieve7,,,,,,0.0,,,,,,,,,3629,1.04,0.0,0.0
2026-07-17T13:24:34.260130,Raspberry_Relieve7,,,,,,0.0,,,,,,,,,3630,1.02,0.0,0.0
2026-07-17T13:24:35.260242,Raspberry_Relieve7,,,,,,0.0,,,,,,,,,3631,1.04,0.0,0.0
2026-07-17T13:24:36.260397,Raspberry_Relieve7,,,,,,0.0,,,,,,,,,3632,0.92,0.0,0.0
2026-07-17T13:24:37.260467,Raspberry_Relieve7,,,,,,0.0,,,,,,,,,3633,1.03,0.0,0.0
2026-07-17T13:24:38.260585,Raspberry_Relieve7,,,,,,0.0,,,,,,,,,3634,1.02,0.0,0.0
2026-07-17T13:24:39.260706,Raspberry_Relieve7,,,,,,0.0,,,,,,,,,3635,1.02,0.0,0.0
2026-07-17T13:24:40.260817,Raspberry_Relieve7,,,,,,0.0,,,,,,,,,3636,0.92,0.0,0.0
2026-07-17T13:24:41.260925,Raspberry_Relieve7,,,,,,0.0,,,,,,,,,3637,1.02,0.0,0.0
2026-07-17T13:24:42.261045,Raspberry_Relieve7,,,,,,0.0,,,,,,,,,3638,1.03,0.0,0.0
2026-07-17T13:24:43.261100,Raspberry_Relieve7,,,,,,0.0,,,,,,,,,3639,1.05,0.0,0.0
2026-07-17T13:24:44.261234,Raspberry_Relieve7,,,,,,0.0,,,,,,,,,3640,0.92,0.0,0.0
2026-07-17T13:24:45.261341,Raspberry_Relieve7,,,,,,0.0,,,,,,,,,3641,1.0,0.0,0.0
2026-07-17T13:24:46.261454,Raspberry_Relieve7,,,,,,0.0,,,,,,,,,3642,1.01,0.0,0.0
2026-07-17T13:24:47.261560,Raspberry_Relieve7,,,,,,0.0,,,,,,,,,3643,0.98,0.0,0.0
2026-07-17T13:24:48.261668,Raspberry_Relieve7,,,,,,0.0,,,,,,,,,3644,1.01,0.0,0.0
2026-07-17T13:24:49.261784,Raspberry_Relieve7,,,,,,0.0,,,,,,,,,3645,0.96,0.0,0.0
2026-07-17T13:24:50.261899,Raspberry_Relieve7,,,,,,0.0,,,,,,,,,3646,1.04,0.0,0.0
2026-07-17T13:24:51.262015,Raspberry_Relieve7,,,,,,0.0,,,,,,,,,3647,1.03,0.0,0.0
2026-07-17T13:24:52.262123,Raspberry_Relieve7,,,,,,0.0,,,,,,,,,3648,1.03,0.0,0.0
2026-07-17T13:24:53.262238,Raspberry_Relieve7,,,,,,0.0,,,,,,,,,3649,1.03,0.0,0.0
2026-07-17T13:24:54.262349,Raspberry_Relieve7,,,,,,0.0,,,,,,,,,3650,1.02,0.0,0.0
2026-07-17T13:24:55.262462,Raspberry_Relieve7,,,,,,0.0,,,,,,,,,3651,1.02,0.0,0.0
2026-07-17T13:24:56.262575,Raspberry_Relieve7,,,,,,0.0,,,,,,,,,3652,0.92,0.0,0.0
2026-07-17T13:24:57.262686,Raspberry_Relieve7,,,,,,0.0,,,,,,,,,3653,1.02,0.0,0.0
2026-07-17T13:24:58.262797,Raspberry_Relieve7,,,,,,0.0,,,,,,,,,3654,1.02,0.0,0.0
2026-07-17T13:24:59.262910,Raspberry_Relieve7,,,,,,0.0,,,,,,,,,3655,1.02,0.0,0.0
2026-07-17T13:25:00.263019,Raspberry_Relieve7,,,,,,0.0,,,,,,,,,3656,0.87,0.0,0.0
2026-07-17T13:25:01.263137,Raspberry_Relieve7,,,,,,0.0,,,,,,,,,3657,0.97,0.0,0.0
2026-07-17T13:25:02.263255,Raspberry_Relieve7,,,,,,0.0,,,,,,,,,3658,1.07,0.0,0.0
2026-07-17T13:25:03.263367,Raspberry_Relieve7,,,,,,0.0,,,,,,,,,3659,1.08,0.0,0.0
2026-07-17T13:25:04.263474,Raspberry_Relieve7,,,,,,0.0,,,,,,,,,3660,0.96,0.0,0.0
2026-07-17T13:25:05.263582,Raspberry_Relieve7,,,,,,0.0,,,,,,,,,3661,0.97,0.0,0.0
2026-07-17T13:25:06.263692,Raspberry_Relieve7,,,,,,0.0,,,,,,,,,3662,0.95,0.0,0.0
2026-07-17T13:25:07.263803,Raspberry_Relieve7,,,,,,0.0,,,,,,,,,3663,1.03,0.0,0.0
2026-07-17T13:25:08.263911,Raspberry_Relieve7,,,,,,0.0,,,,,,,,,3664,1.01,0.0,0.0
2026-07-17T13:25:09.264029,Raspberry_Relieve7,,,,,,0.0,,,,,,,,,3665,1.12,0.0,0.0
2026-07-17T13:25:10.264136,Raspberry_Relieve7,,,,,,0.0,,,,,,,,,3666,0.8,0.0,0.0
2026-07-17T13:25:11.264252,Raspberry_Relieve7,,,,,,0.0,,,,,,,,,3667,1.08,0.0,0.0
2026-07-17T13:25:12.264360,Raspberry_Relieve7,,,,,,0.0,,,,,,,,,3668,0.97,0.0,0.0
2026-07-17T13:25:13.264440,Raspberry_Relieve7,,,,,,0.0,,,,,,,,,3668,0.94,0.0,0.0
2026-07-17T13:25:14.264567,Raspberry_Relieve7,,,,,,0.0,,,,,,,,,3670,1.02,0.0,0.0
2026-07-17T13:25:15.264684,Raspberry_Relieve7,,,,,,0.0,,,,,,,,,3671,1.03,0.0,0.0
2026-07-17T13:25:16.264753,Raspberry_Relieve7,,,,,,0.0,,,,,,,,,3672,0.96,0.0,0.0
2026-07-17T13:25:17.264891,Raspberry_Relieve7,,,,,,0.0,,,,,,,,,3673,1.17,0.0,0.0
2026-07-17T13:25:18.265092,Raspberry_Relieve7,,,,,,0.0,,,,,,,,,3674,0.87,0.0,0.0
2026-07-17T13:25:19.265257,Raspberry_Relieve7,,,,,,0.0,,,,,,,,,3675,1.04,0.0,0.0
2026-07-17T13:25:20.265327,Raspberry_Relieve7,,,,,,0.0,,,,,,,,,3676,0.96,0.0,0.0
2026-07-17T13:25:21.265457,Raspberry_Relieve7,,,,,,0.0,,,,,,,,,3677,1.03,0.0,0.0
2026-07-17T13:25:22.265528,Raspberry_Relieve7,,,,,,0.0,,,,,,,,,3678,0.98,0.0,0.0
2026-07-17T13:25:23.265668,Raspberry_Relieve7,,,,,,0.0,,,,,,,,,3679,1.15,0.0,0.0
2026-07-17T13:25:24.265781,Raspberry_Relieve7,,,,,,0.0,,,,,,,,,3680,0.96,0.0,0.0
2026-07-17T13:25:25.265897,Raspberry_Relieve7,,,,,,0.0,,,,,,,,,3681,0.92,0.0,0.0
2026-07-17T13:25:26.266012,Raspberry_Relieve7,,,,,,0.0,,,,,,,,,3682,1.02,0.0,0.0
2026-07-17T13:25:27.266121,Raspberry_Relieve7,,,,,,0.0,,,,,,,,,3683,1.02,0.0,0.0
2026-07-17T13:25:28.266238,Raspberry_Relieve7,,,,,,0.0,,,,,,,,,3684,1.02,0.0,0.0
2026-07-17T13:25:29.266350,Raspberry_Relieve7,,,,,,0.0,,,,,,,,,3685,0.9,0.0,0.0
2026-07-17T13:25:30.266427,Raspberry_Relieve7,,,,,,0.0,,,,,,,,,3686,1.02,0.0,0.0
2026-07-17T13:25:31.266511,Raspberry_Relieve7,,,,,,0.0,,,,,,,,,3686,0.93,0.0,0.0
2026-07-17T13:25:32.266642,Raspberry_Relieve7,,,,,,0.0,,,,,,,,,3688,1.04,0.0,0.0
2026-07-17T13:25:33.266754,Raspberry_Relieve7,,,,,,0.0,,,,,,,,,3689,1.01,0.0,0.0
2026-07-17T13:25:34.266869,Raspberry_Relieve7,,,,,,0.0,,,,,,,,,3690,1.03,0.0,0.0
2026-07-17T13:25:35.266977,Raspberry_Relieve7,,,,,,0.0,,,,,,,,,3691,1.02,0.0,0.0
2026-07-17T13:25:36.267091,Raspberry_Relieve7,,,,,,0.0,,,,,,,,,3692,0.93,0.0,0.0
2026-07-17T13:25:37.267204,Raspberry_Relieve7,,,,,,0.0,,,,,,,,,3693,1.05,0.0,0.0
2026-07-17T13:25:38.267280,Raspberry_Relieve7,,,,,,0.0,,,,,,,,,3693,0.92,0.0,0.0
2026-07-17T13:25:39.267411,Raspberry_Relieve7,,,,,,0.0,,,,,,,,,3695,1.06,0.0,0.0
2026-07-17T13:25:40.267521,Raspberry_Relieve7,,,,,,0.0,,,,,,,,,3696,1.06,0.0,0.0
2026-07-17T13:25:41.267635,Raspberry_Relieve7,,,,,,0.0,,,,,,,,,3697,1.03,0.0,0.0
2026-07-17T13:25:42.267751,Raspberry_Relieve7,,,,,,0.0,,,,,,,,,3698,0.93,0.0,0.0
2026-07-17T13:25:43.267830,Raspberry_Relieve7,,,,,,0.0,,,,,,,,,3699,1.02,0.0,0.0
2026-07-17T13:25:44.267954,Raspberry_Relieve7,,,,,,0.0,,,,,,,,,3700,1.02,0.0,0.0
2026-07-17T13:25:45.268070,Raspberry_Relieve7,,,,,,0.0,,,,,,,,,3701,0.92,0.0,0.0
2026-07-17T13:25:46.268182,Raspberry_Relieve7,,,,,,0.0,,,,,,,,,3702,1.13,0.0,0.0
2026-07-17T13:25:47.268299,Raspberry_Relieve7,,,,,,0.0,,,,,,,,,3703,0.87,0.0,0.0
2026-07-17T13:25:48.268400,Raspberry_Relieve7,,,,,,0.0,,,,,,,,,3704,1.02,0.0,0.0
2026-07-17T13:25:49.268508,Raspberry_Relieve7,,,,,,0.0,,,,,,,,,3705,1.03,0.0,0.0
2026-07-17T13:25:50.268622,Raspberry_Relieve7,,,,,,0.0,,,,,,,,,3706,0.97,0.0,0.0
2026-07-17T13:25:51.268736,Raspberry_Relieve7,,,,,,0.0,,,,,,,,,3707,1.09,0.0,0.0
2026-07-17T13:25:52.268848,Raspberry_Relieve7,,,,,,0.0,,,,,,,,,3708,0.96,0.0,0.0
2026-07-17T13:25:53.268962,Raspberry_Relieve7,,,,,,0.0,,,,,,,,,3709,1.05,0.0,0.0
2026-07-17T13:25:54.269074,Raspberry_Relieve7,,,,,,0.0,,,,,,,,,3710,0.89,0.0,0.0
2026-07-17T13:25:55.269191,Raspberry_Relieve7,,,,,,0.0,,,,,,,,,3711,1.02,0.0,0.0
2026-07-17T13:25:56.269305,Raspberry_Relieve7,,,,,,0.0,,,,,,,,,3712,0.96,0.0,0.0
2026-07-17T13:25:57.269422,Raspberry_Relieve7,,,,,,0.0,,,,,,,,,3713,1.05,0.0,0.0
2026-07-17T13:25:58.269494,Raspberry_Relieve7,,,,,,0.0,,,,,,,,,3714,1.04,0.0,0.0
2026-07-17T13:25:59.269622,Raspberry_Relieve7,,,,,,0.0,,,,,,,,,3715,0.93,0.0,0.0
2026-07-17T13:26:00.269746,Raspberry_Relieve7,,,,,,0.0,,,,,,,,,3716,1.03,0.0,0.0
2026-07-17T13:26:01.269817,Raspberry_Relieve7,,,,,,0.0,,,,,,,,,3717,0.92,0.0,0.0
2026-07-17T13:26:02.269950,Raspberry_Relieve7,,,,,,0.0,,,,,,,,,3718,1.11,0.0,0.0
2026-07-17T13:26:03.270063,Raspberry_Relieve7,,,,,,0.0,,,,,,,,,3719,0.88,0.0,0.0
2026-07-17T13:26:04.270181,Raspberry_Relieve7,,,,,,0.0,,,,,,,,,3720,1.03,0.0,0.0
2026-07-17T13:26:05.270296,Raspberry_Relieve7,,,,,,0.0,,,,,,,,,3721,1.03,0.0,0.0
2026-07-17T13:26:06.270435,Raspberry_Relieve7,,,,,,0.0,,,,,,,,,3722,1.05,0.0,0.0
2026-07-17T13:26:07.270546,Raspberry_Relieve7,,,,,,0.0,,,,,,,,,3723,1.03,0.0,0.0
2026-07-17T13:26:08.270662,Raspberry_Relieve7,,,,,,0.0,,,,,,,,,3724,0.93,0.0,0.0
2026-07-17T13:26:09.270780,Raspberry_Relieve7,,,,,,0.0,,,,,,,,,3725,0.99,0.0,0.0
2026-07-17T13:26:10.270895,Raspberry_Relieve7,,,,,,0.0,,,,,,,,,3726,0.97,0.0,0.0
2026-07-17T13:26:11.271020,Raspberry_Relieve7,,,,,,0.0,,,,,,,,,3727,0.98,0.0,0.0
2026-07-17T13:26:12.271118,Raspberry_Relieve7,,,,,,0.0,,,,,,,,,3728,1.02,0.0,0.0
2026-07-17T13:26:13.271235,Raspberry_Relieve7,,,,,,0.0,,,,,,,,,3729,1.03,0.0,0.0
2026-07-17T13:26:14.271359,Raspberry_Relieve7,,,,,,0.0,,,,,,,,,3730,1.05,0.0,0.0
2026-07-17T13:26:15.271466,Raspberry_Relieve7,,,,,,0.0,,,,,,,,,3731,0.92,0.0,0.0
2026-07-17T13:26:16.271546,Raspberry_Relieve7,,,,,,0.0,,,,,,,,,3731,0.94,0.0,0.0
2026-07-17T13:26:17.271674,Raspberry_Relieve7,,,,,,0.0,,,,,,,,,3733,1.11,0.0,0.0
2026-07-17T13:26:18.271790,Raspberry_Relieve7,,,,,,0.0,,,,,,,,,3734,1.02,0.0,0.0
2026-07-17T13:26:19.271903,Raspberry_Relieve7,,,,,,0.0,,,,,,,,,3735,1.02,0.0,0.0
2026-07-17T13:26:20.272028,Raspberry_Relieve7,,,,,,0.0,,,,,,,,,3736,0.92,0.0,0.0
2026-07-17T13:26:21.272131,Raspberry_Relieve7,,,,,,0.0,,,,,,,,,3737,0.94,0.0,0.0
2026-07-17T13:26:22.272259,Raspberry_Relieve7,,,,,,0.0,,,,,,,,,3738,1.01,0.0,0.0
2026-07-17T13:26:23.272368,Raspberry_Relieve7,,,,,,0.0,,,,,,,,,3739,1.06,0.0,0.0
2026-07-17T13:26:24.272471,Raspberry_Relieve7,,,,,,0.0,,,,,,,,,3740,0.98,0.0,0.0
2026-07-17T13:26:25.272585,Raspberry_Relieve7,,,,,,0.0,,,,,,,,,3741,1.02,0.0,0.0
2026-07-17T13:26:26.272655,Raspberry_Relieve7,,,,,,0.0,,,,,,,,,3742,1.01,0.0,0.0
2026-07-17T13:26:27.272779,Raspberry_Relieve7,,,,,,0.0,,,,,,,,,3743,0.97,0.0,0.0
2026-07-17T13:26:28.272895,Raspberry_Relieve7,,,,,,0.0,,,,,,,,,3743,0.96,0.0,0.0
2026-07-17T13:26:29.273008,Raspberry_Relieve7,,,,,,0.0,,,,,,,,,3745,1.05,0.0,0.0
2026-07-17T13:26:30.273118,Raspberry_Relieve7,,,,,,0.0,,,,,,,,,3746,1.05,0.0,0.0
2026-07-17T13:26:31.273200,Raspberry_Relieve7,,,,,,0.0,,,,,,,,,3747,0.97,0.0,0.0
2026-07-17T13:26:32.273284,Raspberry_Relieve7,,,,,,0.0,,,,,,,,,3748,0.98,0.0,0.0
2026-07-17T13:26:33.273415,Raspberry_Relieve7,,,,,,0.0,,,,,,,,,3749,0.96,0.0,0.0
2026-07-17T13:26:34.273527,Raspberry_Relieve7,,,,,,0.0,,,,,,,,,3750,1.02,0.0,0.0
2026-07-17T13:26:35.273640,Raspberry_Relieve7,,,,,,0.0,,,,,,,,,3751,1.1,0.0,0.0
2026-07-17T13:26:36.273756,Raspberry_Relieve7,,,,,,0.0,,,,,,,,,3752,1.09,0.0,0.0
2026-07-17T13:26:37.273861,Raspberry_Relieve7,,,,,,0.0,,,,,,,,,3752,0.79,0.0,0.0
2026-07-17T13:26:38.273963,Raspberry_Relieve7,,,,,,0.0,,,,,,,,,3753,0.99,0.0,0.0
2026-07-17T13:26:39.274044,Raspberry_Relieve7,,,,,,0.0,,,,,,,,,3754,0.99,0.0,0.0
2026-07-17T13:26:40.274170,Raspberry_Relieve7,,,,,,0.0,,,,,,,,,3756,1.04,0.0,0.0
2026-07-17T13:26:41.274285,Raspberry_Relieve7,,,,,,0.0,,,,,,,,,3756,0.97,0.0,0.0
2026-07-17T13:26:42.274419,Raspberry_Relieve7,,,,,,0.0,,,,,,,,,3758,1.32,0.0,0.0
2026-07-17T13:26:43.274556,Raspberry_Relieve7,,,,,,0.0,,,,,,,,,3759,0.69,0.0,0.0
2026-07-17T13:26:44.274663,Raspberry_Relieve7,,,,,,0.0,,,,,,,,,3760,1.06,0.0,0.0
2026-07-17T13:26:45.274776,Raspberry_Relieve7,,,,,,0.0,,,,,,,,,3760,0.93,0.0,0.0
2026-07-17T13:26:46.274889,Raspberry_Relieve7,,,,,,0.0,,,,,,,,,3762,1.06,0.0,0.0
2026-07-17T13:26:47.275007,Raspberry_Relieve7,,,,,,0.0,,,,,,,,,3762,0.93,0.0,0.0
2026-07-17T13:26:48.275132,Raspberry_Relieve7,,,,,,0.0,,,,,,,,,3764,1.03,0.0,0.0
2026-07-17T13:26:49.275211,Raspberry_Relieve7,,,,,,0.0,,,,,,,,,3765,1.03,0.0,0.0
2026-07-17T13:26:50.275294,Raspberry_Relieve7,,,,,,0.0,,,,,,,,,3766,1.01,0.0,0.0
2026-07-17T13:26:51.275414,Raspberry_Relieve7,,,,,,0.0,,,,,,,,,3767,1.02,0.0,0.0
2026-07-17T13:26:52.275511,Raspberry_Relieve7,,,,,,0.0,,,,,,,,,3768,0.92,0.0,0.0
2026-07-17T13:26:53.275670,Raspberry_Relieve7,,,,,,0.0,,,,,,,,,3769,1.03,0.0,0.0
2026-07-17T13:26:54.275920,Raspberry_Relieve7,,,,,,0.0,,,,,,,,,3770,1.02,0.0,0.0
2026-07-17T13:26:55.276118,Raspberry_Relieve7,,,,,,0.0,,,,,,,,,3771,1.02,0.0,0.0
2026-07-17T13:26:56.276308,Raspberry_Relieve7,,,,,,0.0,,,,,,,,,3772,1.02,0.0,0.0
2026-07-17T13:26:57.276523,Raspberry_Relieve7,,,,,,0.0,,,,,,,,,3773,1.01,0.0,0.0
2026-07-17T13:26:58.276606,Raspberry_Relieve7,,,,,,0.0,,,,,,,,,3774,0.9,0.0,0.0
2026-07-17T13:26:59.276810,Raspberry_Relieve7,,,,,,0.0,,,,,,,,,3774,0.96,0.0,0.0
2026-07-17T13:27:00.276888,Raspberry_Relieve7,,,,,,0.0,,,,,,,,,3776,1.05,0.0,0.0
2026-07-17T13:27:01.277014,Raspberry_Relieve7,,,,,,0.0,,,,,,,,,3776,0.96,0.0,0.0
2026-07-17T13:27:02.277134,Raspberry_Relieve7,,,,,,0.0,,,,,,,,,3777,1.0,0.0,0.0
2026-07-17T13:27:03.277352,Raspberry_Relieve7,,,,,,0.0,,,,,,,,,3779,1.01,0.0,0.0
2026-07-17T13:27:04.277416,Raspberry_Relieve7,,,,,,0.0,,,,,,,,,3780,1.05,0.0,0.0
2026-07-17T13:27:05.277543,Raspberry_Relieve7,,,,,,0.0,,,,,,,,,3781,1.05,0.0,0.0
2026-07-17T13:27:06.277650,Raspberry_Relieve7,,,,,,0.0,,,,,,,,,3782,0.93,0.0,0.0
2026-07-17T13:27:07.277756,Raspberry_Relieve7,,,,,,0.0,,,,,,,,,3783,1.02,0.0,0.0
2026-07-17T13:27:08.277835,Raspberry_Relieve7,,,,,,0.0,,,,,,,,,3784,1.02,0.0,0.0
2026-07-17T13:27:09.277949,Raspberry_Relieve7,,,,,,0.0,,,,,,,,,3785,1.02,0.0,0.0
2026-07-17T13:27:10.278030,Raspberry_Relieve7,,,,,,0.0,,,,,,,,,3786,0.92,0.0,0.0
2026-07-17T13:27:11.278159,Raspberry_Relieve7,,,,,,0.0,,,,,,,,,3787,1.02,0.0,0.0
2026-07-17T13:27:12.278426,Raspberry_Relieve7,,,,,,0.0,,,,,,,,,3788,1.03,0.0,0.0
2026-07-17T13:27:13.278663,Raspberry_Relieve7,,,,,,0.0,,,,,,,,,3788,0.92,0.0,0.0
2026-07-17T13:27:14.278780,Raspberry_Relieve7,,,,,,0.0,,,,,,,,,3790,1.06,0.0,0.0
2026-07-17T13:27:15.278853,Raspberry_Relieve7,,,,,,0.0,,,,,,,,,3791,0.96,0.0,0.0
2026-07-17T13:27:16.278972,Raspberry_Relieve7,,,,,,0.0,,,,,,,,,3792,1.0,0.0,0.0
2026-07-17T13:27:17.279038,Raspberry_Relieve7,,,,,,0.0,,,,,,,,,3793,1.0,0.0,0.0
2026-07-17T13:27:18.279166,Raspberry_Relieve7,,,,,,0.0,,,,,,,,,3794,1.03,0.0,0.0
2026-07-17T13:27:19.279276,Raspberry_Relieve7,,,,,,0.0,,,,,,,,,3794,0.95,0.0,0.0
2026-07-17T13:27:20.279430,Raspberry_Relieve7,,,,,,0.0,,,,,,,,,3795,0.99,0.0,0.0
2026-07-17T13:27:21.279506,Raspberry_Relieve7,,,,,,0.0,,,,,,,,,3797,1.05,0.0,0.0
2026-07-17T13:27:22.279602,Raspberry_Relieve7,,,,,,0.0,,,,,,,,,3797,0.95,0.0,0.0
2026-07-17T13:27:23.279710,Raspberry_Relieve7,,,,,,0.0,,,,,,,,,3799,1.04,0.0,0.0
2026-07-17T13:27:24.279810,Raspberry_Relieve7,,,,,,0.0,,,,,,,,,3800,1.01,0.0,0.0
2026-07-17T13:27:25.279915,Raspberry_Relieve7,,,,,,0.0,,,,,,,,,3801,1.02,0.0,0.0
2026-07-17T13:27:26.280011,Raspberry_Relieve7,,,,,,0.0,,,,,,,,,3802,0.98,0.0,0.0
2026-07-17T13:27:27.280256,Raspberry_Relieve7,,,,,,0.0,,,,,,,,,3803,1.09,0.0,0.0
2026-07-17T13:27:28.280548,Raspberry_Relieve7,,,,,,0.0,,,,,,,,,3804,0.91,0.0,0.0
2026-07-17T13:27:29.280637,Raspberry_Relieve7,,,,,,0.0,,,,,,,,,3805,1.03,0.0,0.0
2026-07-17T13:27:30.280821,Raspberry_Relieve7,,,,,,0.0,,,,,,,,,3806,1.02,0.0,0.0
2026-07-17T13:27:31.280879,Raspberry_Relieve7,,,,,,0.0,,,,,,,,,3807,0.95,0.0,0.0
2026-07-17T13:27:32.280991,Raspberry_Relieve7,,,,,,0.0,,,,,,,,,3808,1.08,0.0,0.0
2026-07-17T13:27:33.281100,Raspberry_Relieve7,,,,,,0.0,,,,,,,,,3808,0.87,0.0,0.0
2026-07-17T13:27:34.281226,Raspberry_Relieve7,,,,,,0.0,,,,,,,,,3810,1.04,0.0,0.0
2026-07-17T13:27:35.281431,Raspberry_Relieve7,,,,,,0.0,,,,,,,,,3811,1.02,0.0,0.0
2026-07-17T13:27:36.281568,Raspberry_Relieve7,,,,,,0.0,,,,,,,,,3812,0.97,0.0,0.0
2026-07-17T13:27:37.281678,Raspberry_Relieve7,,,,,,0.0,,,,,,,,,3813,1.02,0.0,0.0
2026-07-17T13:27:38.281780,Raspberry_Relieve7,,,,,,0.0,,,,,,,,,3814,1.04,0.0,0.0
2026-07-17T13:27:39.281895,Raspberry_Relieve7,,,,,,0.0,,,,,,,,,3815,1.02,0.0,0.0
2026-07-17T13:27:40.282014,Raspberry_Relieve7,,,,,,0.0,,,,,,,,,3816,1.03,0.0,0.0
2026-07-17T13:27:41.282128,Raspberry_Relieve7,,,,,,0.0,,,,,,,,,3817,0.92,0.0,0.0
2026-07-17T13:27:42.282243,Raspberry_Relieve7,,,,,,0.0,,,,,,,,,3818,1.02,0.0,0.0
2026-07-17T13:27:43.282364,Raspberry_Relieve7,,,,,,0.0,,,,,,,,,3819,0.94,0.0,0.0
2026-07-17T13:27:44.282481,Raspberry_Relieve7,,,,,,0.0,,,,,,,,,3820,1.06,0.0,0.0
2026-07-17T13:27:45.282592,Raspberry_Relieve7,,,,,,0.0,,,,,,,,,3821,1.05,0.0,0.0
2026-07-17T13:27:46.282663,Raspberry_Relieve7,,,,,,0.0,,,,,,,,,3822,0.94,0.0,0.0
2026-07-17T13:27:47.282748,Raspberry_Relieve7,,,,,,0.0,,,,,,,,,3823,1.03,0.0,0.0
2026-07-17T13:27:48.282868,Raspberry_Relieve7,,,,,,0.0,,,,,,,,,3824,1.02,0.0,0.0
2026-07-17T13:27:49.282981,Raspberry_Relieve7,,,,,,0.0,,,,,,,,,3825,1.04,0.0,0.0
2026-07-17T13:27:50.283078,Raspberry_Relieve7,,,,,,0.0,,,,,,,,,3826,0.88,0.0,0.0
2026-07-17T13:27:51.283188,Raspberry_Relieve7,,,,,,0.0,,,,,,,,,3827,1.02,0.0,0.0
2026-07-17T13:27:52.283295,Raspberry_Relieve7,,,,,,0.0,,,,,,,,,3828,1.0,0.0,0.0
2026-07-17T13:27:53.283411,Raspberry_Relieve7,,,,,,0.0,,,,,,,,,3829,1.02,0.0,0.0
2026-07-17T13:27:54.283515,Raspberry_Relieve7,,,,,,0.0,,,,,,,,,3830,1.0,0.0,0.0
2026-07-17T13:27:55.283589,Raspberry_Relieve7,,,,,,0.0,,,,,,,,,3831,1.31,0.0,0.0
2026-07-17T13:27:56.283734,Raspberry_Relieve7,,,,,,0.0,,,,,,,,,3832,0.72,0.0,0.0
2026-07-17T13:27:57.283974,Raspberry_Relieve7,,,,,,0.0,,,,,,,,,3833,1.02,0.0,0.0
2026-07-17T13:27:58.284078,Raspberry_Relieve7,,,,,,0.0,,,,,,,,,3834,0.98,0.0,0.0
2026-07-17T13:27:59.284190,Raspberry_Relieve7,,,,,,0.0,,,,,,,,,3835,0.97,0.0,0.0
2026-07-17T13:28:00.284288,Raspberry_Relieve7,,,,,,0.0,,,,,,,,,3836,1.06,0.0,0.0
2026-07-17T13:28:01.284398,Raspberry_Relieve7,,,,,,0.0,,,,,,,,,3837,0.99,0.0,0.0
2026-07-17T13:28:02.284509,Raspberry_Relieve7,,,,,,0.0,,,,,,,,,3838,0.96,0.0,0.0
2026-07-17T13:28:03.284619,Raspberry_Relieve7,,,,,,0.0,,,,,,,,,3839,0.94,0.0,0.0
2026-07-17T13:28:04.284723,Raspberry_Relieve7,,,,,,0.0,,,,,,,,,3840,1.03,0.0,0.0
2026-07-17T13:28:05.284791,Raspberry_Relieve7,,,,,,0.0,,,,,,,,,3841,0.96,0.0,0.0
2026-07-17T13:28:06.284893,Raspberry_Relieve7,,,,,,0.0,,,,,,,,,3842,1.08,0.0,0.0
2026-07-17T13:28:07.284995,Raspberry_Relieve7,,,,,,0.0,,,,,,,,,3843,0.94,0.0,0.0
2026-07-17T13:28:08.285115,Raspberry_Relieve7,,,,,,0.0,,,,,,,,,3844,1.15,0.0,0.0
2026-07-17T13:28:09.285181,Raspberry_Relieve7,,,,,,0.0,,,,,,,,,3845,0.87,0.0,0.0
2026-07-17T13:28:10.285255,Raspberry_Relieve7,,,,,,0.0,,,,,,,,,3846,1.02,0.0,0.0
2026-07-17T13:28:11.285337,Raspberry_Relieve7,,,,,,0.0,,,,,,,,,3847,0.98,0.0,0.0
2026-07-17T13:28:12.285454,Raspberry_Relieve7,,,,,,0.0,,,,,,,,,3848,1.03,0.0,0.0
2026-07-17T13:28:13.285566,Raspberry_Relieve7,,,,,,0.0,,,,,,,,,3849,1.05,0.0,0.0
2026-07-17T13:28:14.285673,Raspberry_Relieve7,,,,,,0.0,,,,,,,,,3850,1.07,0.0,0.0
2026-07-17T13:28:15.285889,Raspberry_Relieve7,,,,,,0.0,,,,,,,,,3851,0.95,0.0,0.0
2026-07-17T13:28:16.286062,Raspberry_Relieve7,,,,,,0.0,,,,,,,,,3852,1.02,0.0,0.0
2026-07-17T13:28:17.286139,Raspberry_Relieve7,,,,,,0.0,,,,,,,,,3853,0.92,0.0,0.0
2026-07-17T13:28:18.286262,Raspberry_Relieve7,,,,,,0.0,,,,,,,,,3854,1.02,0.0,0.0
2026-07-17T13:28:19.286371,Raspberry_Relieve7,,,,,,0.0,,,,,,,,,3855,1.02,0.0,0.0
2026-07-17T13:28:20.286496,Raspberry_Relieve7,,,,,,0.0,,,,,,,,,3856,1.02,0.0,0.0
2026-07-17T13:28:21.286561,Raspberry_Relieve7,,,,,,0.0,,,,,,,,,3857,0.88,0.0,0.0
2026-07-17T13:28:22.286694,Raspberry_Relieve7,,,,,,0.0,,,,,,,,,3858,1.06,0.0,0.0
2026-07-17T13:28:23.286802,Raspberry_Relieve7,,,,,,0.0,,,,,,,,,3859,0.96,0.0,0.0
2026-07-17T13:28:24.286910,Raspberry_Relieve7,,,,,,0.0,,,,,,,,,3860,0.95,0.0,0.0
2026-07-17T13:28:25.287028,Raspberry_Relieve7,,,,,,0.0,,,,,,,,,3861,1.0,0.0,0.0
2026-07-17T13:28:26.287102,Raspberry_Relieve7,,,,,,0.0,,,,,,,,,3862,0.99,0.0,0.0
2026-07-17T13:28:27.287228,Raspberry_Relieve7,,,,,,0.0,,,,,,,,,3863,1.02,0.0,0.0
2026-07-17T13:28:28.287341,Raspberry_Relieve7,,,,,,0.0,,,,,,,,,3864,1.02,0.0,0.0
2026-07-17T13:28:29.287455,Raspberry_Relieve7,,,,,,0.0,,,,,,,,,3865,1.02,0.0,0.0
2026-07-17T13:28:30.287568,Raspberry_Relieve7,,,,,,0.0,,,,,,,,,3866,1.02,0.0,0.0
2026-07-17T13:28:31.287682,Raspberry_Relieve7,,,,,,0.0,,,,,,,,,3867,0.95,0.0,0.0
2026-07-17T13:28:32.287773,Raspberry_Relieve7,,,,,,0.0,,,,,,,,,3868,0.99,0.0,0.0
2026-07-17T13:28:33.287850,Raspberry_Relieve7,,,,,,0.0,,,,,,,,,3869,1.02,0.0,0.0
2026-07-17T13:28:34.287936,Raspberry_Relieve7,,,,,,0.0,,,,,,,,,3870,1.0,0.0,0.0
2026-07-17T13:28:35.288070,Raspberry_Relieve7,,,,,,0.0,,,,,,,,,3871,1.01,0.0,0.0
2026-07-17T13:28:36.288176,Raspberry_Relieve7,,,,,,0.0,,,,,,,,,3872,1.03,0.0,0.0
2026-07-17T13:28:37.288291,Raspberry_Relieve7,,,,,,0.0,,,,,,,,,3873,0.97,0.0,0.0
2026-07-17T13:28:38.288412,Raspberry_Relieve7,,,,,,0.0,,,,,,,,,3874,1.02,0.0,0.0
2026-07-17T13:28:39.288529,Raspberry_Relieve7,,,,,,0.0,,,,,,,,,3875,0.94,0.0,0.0
2026-07-17T13:28:40.288576,Raspberry_Relieve7,,,,,,0.0,,,,,,,,,3876,1.0,0.0,0.0
2026-07-17T13:28:41.288709,Raspberry_Relieve7,,,,,,0.0,,,,,,,,,3877,1.0,0.0,0.0
2026-07-17T13:28:42.288820,Raspberry_Relieve7,,,,,,0.0,,,,,,,,,3878,1.04,0.0,0.0
2026-07-17T13:28:43.288891,Raspberry_Relieve7,,,,,,0.0,,,,,,,,,3879,0.99,0.0,0.0
2026-07-17T13:28:44.288985,Raspberry_Relieve7,,,,,,0.0,,,,,,,,,3880,1.03,0.0,0.0
2026-07-17T13:28:45.289107,Raspberry_Relieve7,,,,,,0.0,,,,,,,,,3881,1.04,0.0,0.0
2026-07-17T13:28:46.289201,Raspberry_Relieve7,,,,,,0.0,,,,,,,,,3882,1.03,0.0,0.0
2026-07-17T13:28:47.289312,Raspberry_Relieve7,,,,,,0.0,,,,,,,,,3883,0.93,0.0,0.0
2026-07-17T13:28:48.289405,Raspberry_Relieve7,,,,,,0.0,,,,,,,,,3884,1.03,0.0,0.0
2026-07-17T13:28:49.289515,Raspberry_Relieve7,,,,,,0.0,,,,,,,,,3885,1.02,0.0,0.0
2026-07-17T13:28:50.289633,Raspberry_Relieve7,,,,,,0.0,,,,,,,,,3886,0.92,0.0,0.0
2026-07-17T13:28:51.289751,Raspberry_Relieve7,,,,,,0.0,,,,,,,,,3887,1.03,0.0,0.0
2026-07-17T13:28:52.289848,Raspberry_Relieve7,,,,,,0.0,,,,,,,,,3888,1.02,0.0,0.0
2026-07-17T13:28:53.289913,Raspberry_Relieve7,,,,,,0.0,,,,,,,,,3889,0.93,0.0,0.0
2026-07-17T13:28:54.290017,Raspberry_Relieve7,,,,,,0.0,,,,,,,,,3890,1.07,0.0,0.0
2026-07-17T13:28:55.290115,Raspberry_Relieve7,,,,,,0.0,,,,,,,,,3891,0.98,0.0,0.0
2026-07-17T13:28:56.290217,Raspberry_Relieve7,,,,,,0.0,,,,,,,,,3892,0.94,0.0,0.0
2026-07-17T13:28:57.290334,Raspberry_Relieve7,,,,,,0.0,,,,,,,,,3893,1.14,0.0,0.0
2026-07-17T13:28:58.290446,Raspberry_Relieve7,,,,,,0.0,,,,,,,,,3894,0.84,0.0,0.0
2026-07-17T13:28:59.290520,Raspberry_Relieve7,,,,,,0.0,,,,,,,,,3895,1.05,0.0,0.0
2026-07-17T13:29:00.290660,Raspberry_Relieve7,,,,,,0.0,,,,,,,,,3896,1.03,0.0,0.0
2026-07-17T13:29:01.290770,Raspberry_Relieve7,,,,,,0.0,,,,,,,,,3897,1.14,0.0,0.0
2026-07-17T13:29:02.290891,Raspberry_Relieve7,,,,,,0.0,,,,,,,,,3898,0.84,0.0,0.0
2026-07-17T13:29:03.291004,Raspberry_Relieve7,,,,,,0.0,,,,,,,,,3898,0.92,0.0,0.0
2026-07-17T13:29:04.291113,Raspberry_Relieve7,,,,,,0.0,,,,,,,,,3900,1.04,0.0,0.0
2026-07-17T13:29:05.291212,Raspberry_Relieve7,,,,,,0.0,,,,,,,,,3901,1.03,0.0,0.0
2026-07-17T13:29:06.291296,Raspberry_Relieve7,,,,,,0.0,,,,,,,,,3902,0.99,0.0,0.0
2026-07-17T13:29:07.291415,Raspberry_Relieve7,,,,,,0.0,,,,,,,,,3903,1.02,0.0,0.0
2026-07-17T13:29:08.291509,Raspberry_Relieve7,,,,,,0.0,,,,,,,,,3904,1.02,0.0,0.0
2026-07-17T13:29:09.291623,Raspberry_Relieve7,,,,,,0.0,,,,,,,,,3905,1.03,0.0,0.0
2026-07-17T13:29:10.291677,Raspberry_Relieve7,,,,,,0.0,,,,,,,,,3906,0.99,0.0,0.0
2026-07-17T13:29:11.291797,Raspberry_Relieve7,,,,,,0.0,,,,,,,,,3907,0.95,0.0,0.0
2026-07-17T13:29:12.291911,Raspberry_Relieve7,,,,,,0.0,,,,,,,,,3908,1.02,0.0,0.0
2026-07-17T13:29:13.291973,Raspberry_Relieve7,,,,,,0.0,,,,,,,,,3909,0.93,0.0,0.0
2026-07-17T13:29:14.292096,Raspberry_Relieve7,,,,,,0.0,,,,,,,,,3910,1.04,0.0,0.0
2026-07-17T13:29:15.292203,Raspberry_Relieve7,,,,,,0.0,,,,,,,,,3911,0.99,0.0,0.0
2026-07-17T13:29:16.292282,Raspberry_Relieve7,,,,,,0.0,,,,,,,,,3912,0.97,0.0,0.0
2026-07-17T13:29:17.292386,Raspberry_Relieve7,,,,,,0.0,,,,,,,,,3913,1.08,0.0,0.0
2026-07-17T13:29:18.292493,Raspberry_Relieve7,,,,,,0.0,,,,,,,,,3914,1.02,0.0,0.0
2026-07-17T13:29:19.292602,Raspberry_Relieve7,,,,,,0.0,,,,,,,,,3915,1.03,0.0,0.0
2026-07-17T13:29:20.292710,Raspberry_Relieve7,,,,,,0.0,,,,,,,,,3916,0.92,0.0,0.0
2026-07-17T13:29:21.292823,Raspberry_Relieve7,,,,,,0.0,,,,,,,,,3917,1.03,0.0,0.0
2026-07-17T13:29:22.292937,Raspberry_Relieve7,,,,,,0.0,,,,,,,,,3918,1.02,0.0,0.0
2026-07-17T13:29:23.293045,Raspberry_Relieve7,,,,,,0.0,,,,,,,,,3919,1.02,0.0,0.0
2026-07-17T13:29:24.293150,Raspberry_Relieve7,,,,,,0.0,,,,,,,,,3920,1.06,0.0,0.0
2026-07-17T13:29:25.293265,Raspberry_Relieve7,,,,,,0.0,,,,,,,,,3921,1.0,0.0,0.0
2026-07-17T13:29:26.293379,Raspberry_Relieve7,,,,,,0.0,,,,,,,,,3922,1.02,0.0,0.0
2026-07-17T13:29:27.293493,Raspberry_Relieve7,,,,,,0.0,,,,,,,,,3923,0.92,0.0,0.0
2026-07-17T13:29:28.293611,Raspberry_Relieve7,,,,,,0.0,,,,,,,,,3924,0.92,0.0,0.0
2026-07-17T13:29:29.293712,Raspberry_Relieve7,,,,,,0.0,,,,,,,,,3925,1.11,0.0,0.0
2026-07-17T13:29:30.293787,Raspberry_Relieve7,,,,,,0.0,,,,,,,,,3926,0.88,0.0,0.0
2026-07-17T13:29:31.293899,Raspberry_Relieve7,,,,,,0.0,,,,,,,,,3927,1.04,0.0,0.0
2026-07-17T13:29:32.294005,Raspberry_Relieve7,,,,,,0.0,,,,,,,,,3928,1.01,0.0,0.0
2026-07-17T13:29:33.294112,Raspberry_Relieve7,,,,,,0.0,,,,,,,,,3929,1.0,0.0,0.0
2026-07-17T13:29:34.294305,Raspberry_Relieve7,,,,,,0.0,,,,,,,,,3930,1.12,0.0,0.0
2026-07-17T13:29:35.294465,Raspberry_Relieve7,,,,,,0.0,,,,,,,,,3931,1.01,0.0,0.0
2026-07-17T13:29:36.294555,Raspberry_Relieve7,,,,,,0.0,,,,,,,,,3932,0.88,0.0,0.0
2026-07-17T13:29:37.294658,Raspberry_Relieve7,,,,,,0.0,,,,,,,,,3933,1.05,0.0,0.0
2026-07-17T13:29:38.294780,Raspberry_Relieve7,,,,,,0.0,,,,,,,,,3934,1.04,0.0,0.0
2026-07-17T13:29:39.294880,Raspberry_Relieve7,,,,,,0.0,,,,,,,,,3935,0.92,0.0,0.0
2026-07-17T13:29:40.294994,Raspberry_Relieve7,,,,,,0.0,,,,,,,,,3936,1.0,0.0,0.0
2026-07-17T13:29:41.295077,Raspberry_Relieve7,,,,,,0.0,,,,,,,,,3937,1.03,0.0,0.0
2026-07-17T13:29:42.295206,Raspberry_Relieve7,,,,,,0.0,,,,,,,,,3938,1.0,0.0,0.0
2026-07-17T13:29:43.295316,Raspberry_Relieve7,,,,,,0.0,,,,,,,,,3939,0.96,0.0,0.0
2026-07-17T13:29:44.295406,Raspberry_Relieve7,,,,,,0.0,,,,,,,,,3940,1.02,0.0,0.0
2026-07-17T13:29:45.295521,Raspberry_Relieve7,,,,,,0.0,,,,,,,,,3941,0.95,0.0,0.0
2026-07-17T13:29:46.295633,Raspberry_Relieve7,,,,,,0.0,,,,,,,,,3942,1.02,0.0,0.0
2026-07-17T13:29:47.295747,Raspberry_Relieve7,,,,,,0.0,,,,,,,,,3943,1.07,0.0,0.0
2026-07-17T13:29:48.295845,Raspberry_Relieve7,,,,,,0.0,,,,,,,,,3944,0.9,0.0,0.0
2026-07-17T13:29:49.295958,Raspberry_Relieve7,,,,,,0.0,,,,,,,,,3945,1.06,0.0,0.0
2026-07-17T13:29:50.296023,Raspberry_Relieve7,,,,,,0.0,,,,,,,,,3946,1.09,0.0,0.0
2026-07-17T13:29:51.296172,Raspberry_Relieve7,,,,,,0.0,,,,,,,,,3947,0.81,0.0,0.0
2026-07-17T13:29:52.296291,Raspberry_Relieve7,,,,,,0.0,,,,,,,,,3948,1.07,0.0,0.0
2026-07-17T13:29:53.296404,Raspberry_Relieve7,,,,,,0.0,,,,,,,,,3949,1.15,0.0,0.0
2026-07-17T13:29:54.296515,Raspberry_Relieve7,,,,,,0.0,,,,,,,,,3950,0.8,0.0,0.0
2026-07-17T13:29:55.296624,Raspberry_Relieve7,,,,,,0.0,,,,,,,,,3951,1.1,0.0,0.0
2026-07-17T13:29:56.296739,Raspberry_Relieve7,,,,,,0.0,,,,,,,,,3952,0.95,0.0,0.0
2026-07-17T13:29:57.296834,Raspberry_Relieve7,,,,,,0.0,,,,,,,,,3953,1.04,0.0,0.0
2026-07-17T13:29:58.296937,Raspberry_Relieve7,,,,,,0.0,,,,,,,,,3954,1.01,0.0,0.0
2026-07-17T13:29:59.297044,Raspberry_Relieve7,,,,,,0.0,,,,,,,,,3955,0.94,0.0,0.0
2026-07-17T13:30:00.297150,Raspberry_Relieve7,,,,,,0.0,,,,,,,,,3956,1.07,0.0,0.0
2026-07-17T13:30:01.297261,Raspberry_Relieve7,,,,,,0.0,,,,,,,,,3957,0.96,0.0,0.0
2026-07-17T13:30:02.297320,Raspberry_Relieve7,,,,,,0.0,,,,,,,,,3958,1.04,0.0,0.0
2026-07-17T13:30:03.297449,Raspberry_Relieve7,,,,,,0.0,,,,,,,,,3959,0.9,0.0,0.0
2026-07-17T13:30:04.297559,Raspberry_Relieve7,,,,,,0.0,,,,,,,,,3960,1.05,0.0,0.0
2026-07-17T13:30:05.297668,Raspberry_Relieve7,,,,,,0.0,,,,,,,,,3961,0.96,0.0,0.0
2026-07-17T13:30:06.297788,Raspberry_Relieve7,,,,,,0.0,,,,,,,,,3962,0.95,0.0,0.0
2026-07-17T13:30:07.297898,Raspberry_Relieve7,,,,,,0.0,,,,,,,,,3963,1.04,0.0,0.0
2026-07-17T13:30:08.297968,Raspberry_Relieve7,,,,,,0.0,,,,,,,,,3964,1.05,0.0,0.0
2026-07-17T13:30:09.298094,Raspberry_Relieve7,,,,,,0.0,,,,,,,,,3965,1.01,0.0,0.0
2026-07-17T13:30:10.298200,Raspberry_Relieve7,,,,,,0.0,,,,,,,,,3966,1.02,0.0,0.0
2026-07-17T13:30:11.298316,Raspberry_Relieve7,,,,,,0.0,,,,,,,,,3967,1.02,0.0,0.0
2026-07-17T13:30:12.298382,Raspberry_Relieve7,,,,,,0.0,,,,,,,,,3968,0.92,0.0,0.0
2026-07-17T13:30:13.298506,Raspberry_Relieve7,,,,,,0.0,,,,,,,,,3969,1.02,0.0,0.0
2026-07-17T13:30:14.298667,Raspberry_Relieve7,,,,,,0.0,,,,,,,,,3970,0.92,0.0,0.0
2026-07-17T13:30:15.298781,Raspberry_Relieve7,,,,,,0.0,,,,,,,,,3971,1.11,0.0,0.0
2026-07-17T13:30:16.298893,Raspberry_Relieve7,,,,,,0.0,,,,,,,,,3971,0.85,0.0,0.0
2026-07-17T13:30:17.299027,Raspberry_Relieve7,,,,,,0.0,,,,,,,,,3973,1.09,0.0,0.0
2026-07-17T13:30:18.299124,Raspberry_Relieve7,,,,,,0.0,,,,,,,,,3974,0.95,0.0,0.0
2026-07-17T13:30:19.299232,Raspberry_Relieve7,,,,,,0.0,,,,,,,,,3975,1.08,0.0,0.0
2026-07-17T13:30:20.299351,Raspberry_Relieve7,,,,,,0.0,,,,,,,,,3976,0.94,0.0,0.0
2026-07-17T13:30:21.299464,Raspberry_Relieve7,,,,,,0.0,,,,,,,,,3977,1.01,0.0,0.0
2026-07-17T13:30:22.299582,Raspberry_Relieve7,,,,,,0.0,,,,,,,,,3978,1.03,0.0,0.0
2026-07-17T13:30:23.299682,Raspberry_Relieve7,,,,,,0.0,,,,,,,,,3979,1.03,0.0,0.0
2026-07-17T13:30:24.299789,Raspberry_Relieve7,,,,,,0.0,,,,,,,,,3980,0.96,0.0,0.0
2026-07-17T13:30:25.299922,Raspberry_Relieve7,,,,,,0.0,,,,,,,,,3981,1.02,0.0,0.0
2026-07-17T13:30:26.300031,Raspberry_Relieve7,,,,,,0.0,,,,,,,,,3982,0.92,0.0,0.0
2026-07-17T13:30:27.300144,Raspberry_Relieve7,,,,,,0.0,,,,,,,,,3983,1.21,0.0,0.0
2026-07-17T13:30:28.300245,Raspberry_Relieve7,,,,,,0.0,,,,,,,,,3984,0.84,0.0,0.0
2026-07-17T13:30:29.300392,Raspberry_Relieve7,,,,,,0.0,,,,,,,,,3985,1.03,0.0,0.0
2026-07-17T13:30:30.300473,Raspberry_Relieve7,,,,,,0.0,,,,,,,,,3986,0.93,0.0,0.0
2026-07-17T13:30:31.300590,Raspberry_Relieve7,,,,,,0.0,,,,,,,,,3987,1.05,0.0,0.0
2026-07-17T13:30:32.300701,Raspberry_Relieve7,,,,,,0.0,,,,,,,,,3988,0.98,0.0,0.0
2026-07-17T13:30:33.300814,Raspberry_Relieve7,,,,,,0.0,,,,,,,,,3989,1.01,0.0,0.0
2026-07-17T13:30:34.300925,Raspberry_Relieve7,,,,,,0.0,,,,,,,,,3990,0.95,0.0,0.0
2026-07-17T13:30:35.301040,Raspberry_Relieve7,,,,,,0.0,,,,,,,,,3991,1.04,0.0,0.0
2026-07-17T13:30:36.301150,Raspberry_Relieve7,,,,,,0.0,,,,,,,,,3992,0.97,0.0,0.0
2026-07-17T13:30:37.301251,Raspberry_Relieve7,,,,,,0.0,,,,,,,,,3993,1.02,0.0,0.0
2026-07-17T13:30:38.301370,Raspberry_Relieve7,,,,,,0.0,,,,,,,,,3994,1.02,0.0,0.0
2026-07-17T13:30:39.301479,Raspberry_Relieve7,,,,,,0.0,,,,,,,,,3995,1.02,0.0,0.0
2026-07-17T13:30:40.301593,Raspberry_Relieve7,,,,,,0.0,,,,,,,,,3996,0.94,0.0,0.0
2026-07-17T13:30:41.301670,Raspberry_Relieve7,,,,,,0.0,,,,,,,,,3997,1.08,0.0,0.0
2026-07-17T13:30:42.301801,Raspberry_Relieve7,,,,,,0.0,,,,,,,,,3998,0.97,0.0,0.0
2026-07-17T13:30:43.301917,Raspberry_Relieve7,,,,,,0.0,,,,,,,,,3999,1.09,0.0,0.0
2026-07-17T13:30:44.302034,Raspberry_Relieve7,,,,,,0.0,,,,,,,,,4000,0.96,0.0,0.0
2026-07-17T13:30:45.302107,Raspberry_Relieve7,,,,,,0.0,,,,,,,,,4001,1.02,0.0,0.0
2026-07-17T13:30:46.302228,Raspberry_Relieve7,,,,,,0.0,,,,,,,,,4002,0.91,0.0,0.0
2026-07-17T13:30:47.302341,Raspberry_Relieve7,,,,,,0.0,,,,,,,,,4003,1.04,0.0,0.0
2026-07-17T13:30:48.302445,Raspberry_Relieve7,,,,,,0.0,,,,,,,,,4004,0.92,0.0,0.0
2026-07-17T13:30:49.302577,Raspberry_Relieve7,,,,,,0.0,,,,,,,,,4005,1.1,0.0,0.0
2026-07-17T13:30:50.302701,Raspberry_Relieve7,,,,,,0.0,,,,,,,,,4006,0.95,0.0,0.0
2026-07-17T13:30:51.302814,Raspberry_Relieve7,,,,,,0.0,,,,,,,,,4007,0.98,0.0,0.0
2026-07-17T13:30:52.302932,Raspberry_Relieve7,,,,,,0.0,,,,,,,,,4008,0.97,0.0,0.0
2026-07-17T13:30:53.303010,Raspberry_Relieve7,,,,,,0.0,,,,,,,,,4009,1.0,0.0,0.0
2026-07-17T13:30:54.303146,Raspberry_Relieve7,,,,,,0.0,,,,,,,,,4010,1.18,0.0,0.0
2026-07-17T13:30:55.303232,Raspberry_Relieve7,,,,,,0.0,,,,,,,,,4011,0.99,0.0,0.0
2026-07-17T13:30:56.303321,Raspberry_Relieve7,,,,,,0.0,,,,,,,,,4012,0.92,0.0,0.0
2026-07-17T13:30:57.303416,Raspberry_Relieve7,,,,,,0.0,,,,,,,,,4013,0.92,0.0,0.0
2026-07-17T13:30:58.303537,Raspberry_Relieve7,,,,,,0.0,,,,,,,,,4014,1.11,0.0,0.0
2026-07-17T13:30:59.303644,Raspberry_Relieve7,,,,,,0.0,,,,,,,,,4015,0.94,0.0,0.0
2026-07-17T13:31:00.303780,Raspberry_Relieve7,,,,,,0.0,,,,,,,,,4016,1.0,0.0,0.0
2026-07-17T13:31:01.304030,Raspberry_Relieve7,,,,,,0.0,,,,,,,,,4017,1.01,0.0,0.0
2026-07-17T13:31:02.304238,Raspberry_Relieve7,,,,,,0.0,,,,,,,,,4018,0.95,0.0,0.0
2026-07-17T13:31:03.304333,Raspberry_Relieve7,,,,,,0.0,,,,,,,,,4019,1.09,0.0,0.0
2026-07-17T13:31:04.304451,Raspberry_Relieve7,,,,,,0.0,,,,,,,,,4020,0.87,0.0,0.0
2026-07-17T13:31:05.304578,Raspberry_Relieve7,,,,,,0.0,,,,,,,,,4021,1.05,0.0,0.0
2026-07-17T13:31:06.304734,Raspberry_Relieve7,,,,,,0.0,,,,,,,,,4022,0.98,0.0,0.0
2026-07-17T13:31:07.304892,Raspberry_Relieve7,,,,,,0.0,,,,,,,,,4023,0.97,0.0,0.0
2026-07-17T13:31:08.305023,Raspberry_Relieve7,,,,,,0.0,,,,,,,,,4024,0.97,0.0,0.0
2026-07-17T13:31:09.305246,Raspberry_Relieve7,,,,,,0.0,,,,,,,,,4025,1.06,0.0,0.0
2026-07-17T13:31:10.305360,Raspberry_Relieve7,,,,,,0.0,,,,,,,,,4025,0.93,0.0,0.0
2026-07-17T13:31:11.305485,Raspberry_Relieve7,,,,,,0.0,,,,,,,,,4027,1.08,0.0,0.0
2026-07-17T13:31:12.305716,Raspberry_Relieve7,,,,,,0.0,,,,,,,,,4028,0.96,0.0,0.0
2026-07-17T13:31:13.305864,Raspberry_Relieve7,,,,,,0.0,,,,,,,,,4029,1.13,0.0,0.0
2026-07-17T13:31:14.306014,Raspberry_Relieve7,,,,,,0.0,,,,,,,,,4030,0.88,0.0,0.0
2026-07-17T13:31:15.306139,Raspberry_Relieve7,,,,,,0.0,,,,,,,,,4031,1.05,0.0,0.0
2026-07-17T13:31:16.306290,Raspberry_Relieve7,,,,,,0.0,,,,,,,,,4032,1.0,0.0,0.0
2026-07-17T13:31:17.306391,Raspberry_Relieve7,,,,,,0.0,,,,,,,,,4033,0.94,0.0,0.0
2026-07-17T13:31:18.306548,Raspberry_Relieve7,,,,,,0.0,,,,,,,,,4034,1.01,0.0,0.0
2026-07-17T13:31:19.306683,Raspberry_Relieve7,,,,,,0.0,,,,,,,,,4035,1.04,0.0,0.0
2026-07-17T13:31:20.306821,Raspberry_Relieve7,,,,,,0.0,,,,,,,,,4036,1.0,0.0,0.0
2026-07-17T13:31:21.306905,Raspberry_Relieve7,,,,,,0.0,,,,,,,,,4037,1.14,0.0,0.0
2026-07-17T13:31:22.307115,Raspberry_Relieve7,,,,,,0.0,,,,,,,,,4038,0.82,0.0,0.0
2026-07-17T13:31:23.307278,Raspberry_Relieve7,,,,,,0.0,,,,,,,,,4039,1.08,0.0,0.0
2026-07-17T13:31:24.307415,Raspberry_Relieve7,,,,,,0.0,,,,,,,,,4040,0.97,0.0,0.0
2026-07-17T13:31:25.307551,Raspberry_Relieve7,,,,,,0.0,,,,,,,,,4041,0.99,0.0,0.0
2026-07-17T13:31:26.307686,Raspberry_Relieve7,,,,,,0.0,,,,,,,,,4042,1.0,0.0,0.0
2026-07-17T13:31:27.307832,Raspberry_Relieve7,,,,,,0.0,,,,,,,,,4043,0.99,0.0,0.0
2026-07-17T13:31:28.307971,Raspberry_Relieve7,,,,,,0.0,,,,,,,,,4044,1.04,0.0,0.0
2026-07-17T13:31:29.308086,Raspberry_Relieve7,,,,,,0.0,,,,,,,,,4045,0.99,0.0,0.0
2026-07-17T13:31:30.308230,Raspberry_Relieve7,,,,,,0.0,,,,,,,,,4046,1.02,0.0,0.0
2026-07-17T13:31:31.308363,Raspberry_Relieve7,,,,,,0.0,,,,,,,,,4047,1.02,0.0,0.0
2026-07-17T13:31:32.308510,Raspberry_Relieve7,,,,,,0.0,,,,,,,,,4048,0.92,0.0,0.0
2026-07-17T13:31:33.308742,Raspberry_Relieve7,,,,,,0.0,,,,,,,,,4049,1.04,0.0,0.0
2026-07-17T13:31:34.308860,Raspberry_Relieve7,,,,,,0.0,,,,,,,,,4050,0.96,0.0,0.0
2026-07-17T13:31:35.308981,Raspberry_Relieve7,,,,,,0.0,,,,,,,,,4051,1.02,0.0,0.0
2026-07-17T13:31:36.309110,Raspberry_Relieve7,,,,,,0.0,,,,,,,,,4052,1.05,0.0,0.0
2026-07-17T13:31:37.309238,Raspberry_Relieve7,,,,,,0.0,,,,,,,,,4053,1.04,0.0,0.0
2026-07-17T13:31:38.309362,Raspberry_Relieve7,,,,,,0.0,,,,,,,,,4054,0.83,0.0,0.0
2026-07-17T13:31:39.309480,Raspberry_Relieve7,,,,,,0.0,,,,,,,,,4055,1.07,0.0,0.0
2026-07-17T13:31:40.309601,Raspberry_Relieve7,,,,,,0.0,,,,,,,,,4056,1.01,0.0,0.0
2026-07-17T13:31:41.309720,Raspberry_Relieve7,,,,,,0.0,,,,,,,,,4057,1.04,0.0,0.0
2026-07-17T13:31:42.309852,Raspberry_Relieve7,,,,,,0.0,,,,,,,,,4058,0.96,0.0,0.0
2026-07-17T13:31:43.309986,Raspberry_Relieve7,,,,,,0.0,,,,,,,,,4059,0.96,0.0,0.0
2026-07-17T13:31:44.310120,Raspberry_Relieve7,,,,,,0.0,,,,,,,,,4060,1.08,0.0,0.0
2026-07-17T13:31:45.310319,Raspberry_Relieve7,,,,,,0.0,,,,,,,,,4061,0.92,0.0,0.0
2026-07-17T13:31:46.310450,Raspberry_Relieve7,,,,,,0.0,,,,,,,,,4062,1.01,0.0,0.0
2026-07-17T13:31:47.310575,Raspberry_Relieve7,,,,,,0.0,,,,,,,,,4063,1.05,0.0,0.0
2026-07-17T13:31:48.310695,Raspberry_Relieve7,,,,,,0.0,,,,,,,,,4064,0.97,0.0,0.0
2026-07-17T13:31:49.310823,Raspberry_Relieve7,,,,,,0.0,,,,,,,,,4065,0.99,0.0,0.0
2026-07-17T13:31:50.310947,Raspberry_Relieve7,,,,,,0.0,,,,,,,,,4066,1.0,0.0,0.0
2026-07-17T13:31:51.311039,Raspberry_Relieve7,,,,,,0.0,,,,,,,,,4067,1.18,0.0,0.0
2026-07-17T13:31:52.311176,Raspberry_Relieve7,,,,,,0.0,,,,,,,,,4068,0.83,0.0,0.0
2026-07-17T13:31:53.311312,Raspberry_Relieve7,,,,,,0.0,,,,,,,,,4069,1.07,0.0,0.0
2026-07-17T13:31:54.311407,Raspberry_Relieve7,,,,,,0.0,,,,,,,,,4070,0.85,0.0,0.0
2026-07-17T13:31:55.311549,Raspberry_Relieve7,,,,,,0.0,,,,,,,,,4071,1.05,0.0,0.0
2026-07-17T13:31:56.311666,Raspberry_Relieve7,,,,,,0.0,,,,,,,,,4072,1.06,0.0,0.0
2026-07-17T13:31:57.311807,Raspberry_Relieve7,,,,,,0.0,,,,,,,,,4073,0.93,0.0,0.0
2026-07-17T13:31:58.311889,Raspberry_Relieve7,,,,,,0.0,,,,,,,,,4074,0.96,0.0,0.0
2026-07-17T13:31:59.312091,Raspberry_Relieve7,,,,,,0.0,,,,,,,,,4075,1.07,0.0,0.0
2026-07-17T13:32:00.312201,Raspberry_Relieve7,,,,,,0.0,,,,,,,,,4076,1.0,0.0,0.0
2026-07-17T13:32:01.312472,Raspberry_Relieve7,,,,,,0.0,,,,,,,,,4077,0.95,0.0,0.0
2026-07-17T13:32:02.312683,Raspberry_Relieve7,,,,,,0.0,,,,,,,,,4078,1.0,0.0,0.0
2026-07-17T13:32:03.312905,Raspberry_Relieve7,,,,,,0.0,,,,,,,,,4079,1.0,0.0,0.0
2026-07-17T13:32:04.312970,Raspberry_Relieve7,,,,,,0.0,,,,,,,,,4080,1.02,0.0,0.0
2026-07-17T13:32:05.313108,Raspberry_Relieve7,,,,,,0.0,,,,,,,,,4081,0.98,0.0,0.0
2026-07-17T13:32:06.313243,Raspberry_Relieve7,,,,,,0.0,,,,,,,,,4082,1.03,0.0,0.0
2026-07-17T13:32:07.313422,Raspberry_Relieve7,,,,,,0.0,,,,,,,,,4083,1.0,0.0,0.0
2026-07-17T13:32:08.313516,Raspberry_Relieve7,,,,,,0.0,,,,,,,,,4084,0.96,0.0,0.0
2026-07-17T13:32:09.313697,Raspberry_Relieve7,,,,,,0.0,,,,,,,,,4085,1.02,0.0,0.0
2026-07-17T13:32:10.313832,Raspberry_Relieve7,,,,,,0.0,,,,,,,,,4086,1.04,0.0,0.0
2026-07-17T13:32:11.313970,Raspberry_Relieve7,,,,,,0.0,,,,,,,,,4087,0.96,0.0,0.0
2026-07-17T13:32:12.314064,Raspberry_Relieve7,,,,,,0.0,,,,,,,,,4088,1.0,0.0,0.0
2026-07-17T13:32:13.314215,Raspberry_Relieve7,,,,,,0.0,,,,,,,,,4089,1.02,0.0,0.0
2026-07-17T13:32:14.314343,Raspberry_Relieve7,,,,,,0.0,,,,,,,,,4090,0.98,0.0,0.0
2026-07-17T13:32:15.314463,Raspberry_Relieve7,,,,,,0.0,,,,,,,,,4091,1.01,0.0,0.0
2026-07-17T13:32:16.314593,Raspberry_Relieve7,,,,,,0.0,,,,,,,,,4092,1.06,0.0,0.0
2026-07-17T13:32:17.314700,Raspberry_Relieve7,,,,,,0.0,,,,,,,,,4093,0.91,0.0,0.0
2026-07-17T13:32:18.314840,Raspberry_Relieve7,,,,,,0.0,,,,,,,,,4094,1.0,0.0,0.0
2026-07-17T13:32:19.314923,Raspberry_Relieve7,,,,,,0.0,,,,,,,,,4095,1.02,0.0,0.0
2026-07-17T13:32:20.315041,Raspberry_Relieve7,,,,,,0.0,,,,,,,,,4096,1.08,0.0,0.0
2026-07-17T13:32:21.315121,Raspberry_Relieve7,,,,,,0.0,,,,,,,,,4097,0.98,0.0,0.0
2026-07-17T13:32:22.315223,Raspberry_Relieve7,,,,,,0.0,,,,,,,,,4098,0.93,0.0,0.0
2026-07-17T13:32:23.315351,Raspberry_Relieve7,,,,,,0.0,,,,,,,,,4099,1.02,0.0,0.0
2026-07-17T13:32:24.315601,Raspberry_Relieve7,,,,,,0.0,,,,,,,,,4100,1.02,0.0,0.0
2026-07-17T13:32:25.315823,Raspberry_Relieve7,,,,,,0.0,,,,,,,,,4101,1.03,0.0,0.0
2026-07-17T13:32:26.315961,Raspberry_Relieve7,,,,,,0.0,,,,,,,,,4102,1.02,0.0,0.0
2026-07-17T13:32:27.316048,Raspberry_Relieve7,,,,,,0.0,,,,,,,,,4103,1.03,0.0,0.0
2026-07-17T13:32:28.316175,Raspberry_Relieve7,,,,,,0.0,,,,,,,,,4104,0.92,0.0,0.0
2026-07-17T13:32:29.316243,Raspberry_Relieve7,,,,,,0.0,,,,,,,,,4105,0.92,0.0,0.0
2026-07-17T13:32:30.316405,Raspberry_Relieve7,,,,,,0.0,,,,,,,,,4106,1.03,0.0,0.0
2026-07-17T13:32:31.316550,Raspberry_Relieve7,,,,,,0.0,,,,,,,,,4107,1.03,0.0,0.0
2026-07-17T13:32:32.316669,Raspberry_Relieve7,,,,,,0.0,,,,,,,,,4108,1.0,0.0,0.0
2026-07-17T13:32:33.316785,Raspberry_Relieve7,,,,,,0.0,,,,,,,,,4109,1.0,0.0,0.0
2026-07-17T13:32:34.316909,Raspberry_Relieve7,,,,,,0.0,,,,,,,,,4110,0.96,0.0,0.0
2026-07-17T13:32:35.316986,Raspberry_Relieve7,,,,,,0.0,,,,,,,,,4111,1.04,0.0,0.0
2026-07-17T13:32:36.317124,Raspberry_Relieve7,,,,,,0.0,,,,,,,,,4112,1.02,0.0,0.0
2026-07-17T13:32:37.317244,Raspberry_Relieve7,,,,,,0.0,,,,,,,,,4113,1.02,0.0,0.0
2026-07-17T13:32:38.317362,Raspberry_Relieve7,,,,,,0.0,,,,,,,,,4114,1.02,0.0,0.0
2026-07-17T13:32:39.317435,Raspberry_Relieve7,,,,,,0.0,,,,,,,,,4115,1.02,0.0,0.0
2026-07-17T13:32:40.317592,Raspberry_Relieve7,,,,,,0.0,,,,,,,,,4116,0.93,0.0,0.0
2026-07-17T13:32:41.317675,Raspberry_Relieve7,,,,,,0.0,,,,,,,,,4117,1.02,0.0,0.0
2026-07-17T13:32:42.317790,Raspberry_Relieve7,,,,,,0.0,,,,,,,,,4118,1.02,0.0,0.0
2026-07-17T13:32:43.318028,Raspberry_Relieve7,,,,,,0.0,,,,,,,,,4119,0.97,0.0,0.0
2026-07-17T13:32:44.318232,Raspberry_Relieve7,,,,,,0.0,,,,,,,,,4120,1.05,0.0,0.0
2026-07-17T13:32:45.318334,Raspberry_Relieve7,,,,,,0.0,,,,,,,,,4121,1.02,0.0,0.0
2026-07-17T13:32:46.318463,Raspberry_Relieve7,,,,,,0.0,,,,,,,,,4122,0.94,0.0,0.0
2026-07-17T13:32:47.318538,Raspberry_Relieve7,,,,,,0.0,,,,,,,,,4123,0.93,0.0,0.0
2026-07-17T13:32:48.318664,Raspberry_Relieve7,,,,,,0.0,,,,,,,,,4124,1.02,0.0,0.0
2026-07-17T13:32:49.318750,Raspberry_Relieve7,,,,,,0.0,,,,,,,,,4125,1.0,0.0,0.0
2026-07-17T13:32:50.318871,Raspberry_Relieve7,,,,,,0.0,,,,,,,,,4126,1.0,0.0,0.0
2026-07-17T13:32:51.319159,Raspberry_Relieve7,,,,,,0.0,,,,,,,,,4127,1.02,0.0,0.0
2026-07-17T13:32:52.319395,Raspberry_Relieve7,,,,,,0.0,,,,,,,,,4128,0.97,0.0,0.0
2026-07-17T13:32:53.319511,Raspberry_Relieve7,,,,,,0.0,,,,,,,,,4129,1.0,0.0,0.0
2026-07-17T13:32:54.319593,Raspberry_Relieve7,,,,,,0.0,,,,,,,,,4130,1.02,0.0,0.0
2026-07-17T13:32:55.319715,Raspberry_Relieve7,,,,,,0.0,,,,,,,,,4131,1.03,0.0,0.0
2026-07-17T13:32:56.319782,Raspberry_Relieve7,,,,,,0.0,,,,,,,,,4132,0.93,0.0,0.0
2026-07-17T13:32:57.319911,Raspberry_Relieve7,,,,,,0.0,,,,,,,,,4133,1.13,0.0,0.0
2026-07-17T13:32:58.320038,Raspberry_Relieve7,,,,,,0.0,,,,,,,,,4134,0.92,0.0,0.0
2026-07-17T13:32:59.320169,Raspberry_Relieve7,,,,,,0.0,,,,,,,,,4135,1.0,0.0,0.0
2026-07-17T13:33:00.320287,Raspberry_Relieve7,,,,,,0.0,,,,,,,,,4136,0.97,0.0,0.0
2026-07-17T13:33:01.320379,Raspberry_Relieve7,,,,,,0.0,,,,,,,,,4137,0.96,0.0,0.0
2026-07-17T13:33:02.320477,Raspberry_Relieve7,,,,,,0.0,,,,,,,,,4138,1.12,0.0,0.0
2026-07-17T13:33:03.320621,Raspberry_Relieve7,,,,,,0.0,,,,,,,,,4139,0.91,0.0,0.0
2026-07-17T13:33:04.320745,Raspberry_Relieve7,,,,,,0.0,,,,,,,,,4140,1.0,0.0,0.0
2026-07-17T13:33:05.320815,Raspberry_Relieve7,,,,,,0.0,,,,,,,,,4141,1.0,0.0,0.0
2026-07-17T13:33:06.320909,Raspberry_Relieve7,,,,,,0.0,,,,,,,,,4142,0.98,0.0,0.0
2026-07-17T13:33:07.320992,Raspberry_Relieve7,,,,,,0.0,,,,,,,,,4142,0.96,0.0,0.0
2026-07-17T13:33:08.321157,Raspberry_Relieve7,,,,,,0.0,,,,,,,,,4144,1.05,0.0,0.0
2026-07-17T13:33:09.321246,Raspberry_Relieve7,,,,,,0.0,,,,,,,,,4145,1.08,0.0,0.0
2026-07-17T13:33:10.321344,Raspberry_Relieve7,,,,,,0.0,,,,,,,,,4146,0.93,0.0,0.0
2026-07-17T13:33:11.321450,Raspberry_Relieve7,,,,,,0.0,,,,,,,,,4147,1.02,0.0,0.0
2026-07-17T13:33:12.321718,Raspberry_Relieve7,,,,,,0.0,,,,,,,,,4148,1.02,0.0,0.0
2026-07-17T13:33:13.321938,Raspberry_Relieve7,,,,,,0.0,,,,,,,,,4149,1.02,0.0,0.0
2026-07-17T13:33:14.322071,Raspberry_Relieve7,,,,,,0.0,,,,,,,,,4150,0.94,0.0,0.0
2026-07-17T13:33:15.322165,Raspberry_Relieve7,,,,,,0.0,,,,,,,,,4151,1.01,0.0,0.0
2026-07-17T13:33:16.322268,Raspberry_Relieve7,,,,,,0.0,,,,,,,,,4152,1.02,0.0,0.0
2026-07-17T13:33:17.322463,Raspberry_Relieve7,,,,,,0.0,,,,,,,,,4153,1.02,0.0,0.0
2026-07-17T13:33:18.322593,Raspberry_Relieve7,,,,,,0.0,,,,,,,,,4154,1.03,0.0,0.0
2026-07-17T13:33:19.322780,Raspberry_Relieve7,,,,,,0.0,,,,,,,,,4155,0.92,0.0,0.0
2026-07-17T13:33:20.322877,Raspberry_Relieve7,,,,,,0.0,,,,,,,,,4156,1.02,0.0,0.0
2026-07-17T13:33:21.323014,Raspberry_Relieve7,,,,,,0.0,,,,,,,,,4157,0.91,0.0,0.0
2026-07-17T13:33:22.323095,Raspberry_Relieve7,,,,,,0.0,,,,,,,,,4158,1.03,0.0,0.0
2026-07-17T13:33:23.323184,Raspberry_Relieve7,,,,,,0.0,,,,,,,,,4159,1.0,0.0,0.0
2026-07-17T13:33:24.323408,Raspberry_Relieve7,,,,,,0.0,,,,,,,,,4160,1.02,0.0,0.0
2026-07-17T13:33:25.323617,Raspberry_Relieve7,,,,,,0.0,,,,,,,,,4161,1.02,0.0,0.0
2026-07-17T13:33:26.323800,Raspberry_Relieve7,,,,,,0.0,,,,,,,,,4162,1.05,0.0,0.0
2026-07-17T13:33:27.323881,Raspberry_Relieve7,,,,,,0.0,,,,,,,,,4163,1.02,0.0,0.0
2026-07-17T13:33:28.323999,Raspberry_Relieve7,,,,,,0.0,,,,,,,,,4164,1.11,0.0,0.0
2026-07-17T13:33:29.324073,Raspberry_Relieve7,,,,,,0.0,,,,,,,,,4165,0.77,0.0,0.0
2026-07-17T13:33:30.324174,Raspberry_Relieve7,,,,,,0.0,,,,,,,,,4166,1.03,0.0,0.0
2026-07-17T13:33:31.324314,Raspberry_Relieve7,,,,,,0.0,,,,,,,,,4167,0.99,0.0,0.0
2026-07-17T13:33:32.324441,Raspberry_Relieve7,,,,,,0.0,,,,,,,,,4168,1.02,0.0,0.0
2026-07-17T13:33:33.324510,Raspberry_Relieve7,,,,,,0.0,,,,,,,,,4169,1.01,0.0,0.0
2026-07-17T13:33:34.324650,Raspberry_Relieve7,,,,,,0.0,,,,,,,,,4170,0.94,0.0,0.0
2026-07-17T13:33:35.324767,Raspberry_Relieve7,,,,,,0.0,,,,,,,,,4171,1.03,0.0,0.0
2026-07-17T13:33:36.324884,Raspberry_Relieve7,,,,,,0.0,,,,,,,,,4172,1.02,0.0,0.0
2026-07-17T13:33:37.324956,Raspberry_Relieve7,,,,,,0.0,,,,,,,,,4173,0.98,0.0,0.0
2026-07-17T13:33:38.325094,Raspberry_Relieve7,,,,,,0.0,,,,,,,,,4174,0.98,0.0,0.0
2026-07-17T13:33:39.325209,Raspberry_Relieve7,,,,,,0.0,,,,,,,,,4175,1.04,0.0,0.0
2026-07-17T13:33:40.325329,Raspberry_Relieve7,,,,,,0.0,,,,,,,,,4176,0.96,0.0,0.0
2026-07-17T13:33:41.325454,Raspberry_Relieve7,,,,,,0.0,,,,,,,,,4177,1.0,0.0,0.0
2026-07-17T13:33:42.325529,Raspberry_Relieve7,,,,,,0.0,,,,,,,,,4178,1.0,0.0,0.0
2026-07-17T13:33:43.325670,Raspberry_Relieve7,,,,,,0.0,,,,,,,,,4179,1.06,0.0,0.0
2026-07-17T13:33:44.325788,Raspberry_Relieve7,,,,,,0.0,,,,,,,,,4180,1.05,0.0,0.0
2026-07-17T13:33:45.325911,Raspberry_Relieve7,,,,,,0.0,,,,,,,,,4181,0.94,0.0,0.0
2026-07-17T13:33:46.325985,Raspberry_Relieve7,,,,,,0.0,,,,,,,,,4182,1.02,0.0,0.0
2026-07-17T13:33:47.326130,Raspberry_Relieve7,,,,,,0.0,,,,,,,,,4183,0.93,0.0,0.0
2026-07-17T13:33:48.326300,Raspberry_Relieve7,,,,,,0.0,,,,,,,,,4184,1.05,0.0,0.0
2026-07-17T13:33:49.326428,Raspberry_Relieve7,,,,,,0.0,,,,,,,,,4185,0.99,0.0,0.0
2026-07-17T13:33:50.326676,Raspberry_Relieve7,,,,,,0.0,,,,,,,,,4186,0.98,0.0,0.0
2026-07-17T13:33:51.326935,Raspberry_Relieve7,,,,,,0.0,,,,,,,,,4187,1.02,0.0,0.0
2026-07-17T13:33:52.326977,Raspberry_Relieve7,,,,,,0.0,,,,,,,,,4188,1.03,0.0,0.0
2026-07-17T13:33:53.327231,Raspberry_Relieve7,,,,,,0.0,,,,,,,,,4189,0.97,0.0,0.0
2026-07-17T13:33:54.327306,Raspberry_Relieve7,,,,,,0.0,,,,,,,,,4190,1.02,0.0,0.0
2026-07-17T13:33:55.327392,Raspberry_Relieve7,,,,,,0.0,,,,,,,,,4191,0.94,0.0,0.0
2026-07-17T13:33:56.327643,Raspberry_Relieve7,,,,,,0.0,,,,,,,,,4192,1.05,0.0,0.0
2026-07-17T13:33:57.327831,Raspberry_Relieve7,,,,,,0.0,,,,,,,,,4193,0.99,0.0,0.0
2026-07-17T13:33:58.327900,Raspberry_Relieve7,,,,,,0.0,,,,,,,,,4194,1.02,0.0,0.0
2026-07-17T13:33:59.328023,Raspberry_Relieve7,,,,,,0.0,,,,,,,,,4195,0.98,0.0,0.0
2026-07-17T13:34:00.328140,Raspberry_Relieve7,,,,,,0.0,,,,,,,,,4196,1.0,0.0,0.0
2026-07-17T13:34:01.328262,Raspberry_Relieve7,,,,,,0.0,,,,,,,,,4197,1.02,0.0,0.0
2026-07-17T13:34:02.328384,Raspberry_Relieve7,,,,,,0.0,,,,,,,,,4198,0.99,0.0,0.0
2026-07-17T13:34:03.328489,Raspberry_Relieve7,,,,,,0.0,,,,,,,,,4199,0.99,0.0,0.0
2026-07-17T13:34:04.328559,Raspberry_Relieve7,,,,,,0.0,,,,,,,,,4200,0.99,0.0,0.0
2026-07-17T13:34:05.328735,Raspberry_Relieve7,,,,,,0.0,,,,,,,,,4201,1.0,0.0,0.0
2026-07-17T13:34:06.328853,Raspberry_Relieve7,,,,,,0.0,,,,,,,,,4202,1.0,0.0,0.0
2026-07-17T13:34:07.329031,Raspberry_Relieve7,,,,,,0.0,,,,,,,,,4203,1.04,0.0,0.0
2026-07-17T13:34:08.329140,Raspberry_Relieve7,,,,,,0.0,,,,,,,,,4204,0.97,0.0,0.0
2026-07-17T13:34:09.329256,Raspberry_Relieve7,,,,,,0.0,,,,,,,,,4205,0.97,0.0,0.0
2026-07-17T13:34:10.329470,Raspberry_Relieve7,,,,,,0.0,,,,,,,,,4206,1.02,0.0,0.0
2026-07-17T13:34:11.329539,Raspberry_Relieve7,,,,,,0.0,,,,,,,,,4207,1.02,0.0,0.0
2026-07-17T13:34:12.329724,Raspberry_Relieve7,,,,,,0.0,,,,,,,,,4208,0.96,0.0,0.0
2026-07-17T13:34:13.329922,Raspberry_Relieve7,,,,,,0.0,,,,,,,,,4209,1.02,0.0,0.0
2026-07-17T13:34:14.329999,Raspberry_Relieve7,,,,,,0.0,,,,,,,,,4210,0.99,0.0,0.0
2026-07-17T13:34:15.330195,Raspberry_Relieve7,,,,,,0.0,,,,,,,,,4211,1.02,0.0,0.0
2026-07-17T13:34:16.330313,Raspberry_Relieve7,,,,,,0.0,,,,,,,,,4212,1.02,0.0,0.0
2026-07-17T13:34:17.330432,Raspberry_Relieve7,,,,,,0.0,,,,,,,,,4213,1.02,0.0,0.0
2026-07-17T13:34:18.330535,Raspberry_Relieve7,,,,,,0.0,,,,,,,,,4214,0.92,0.0,0.0
2026-07-17T13:34:19.330717,Raspberry_Relieve7,,,,,,0.0,,,,,,,,,4215,1.03,0.0,0.0
2026-07-17T13:34:20.330837,Raspberry_Relieve7,,,,,,0.0,,,,,,,,,4216,1.02,0.0,0.0
2026-07-17T13:34:21.330915,Raspberry_Relieve7,,,,,,0.0,,,,,,,,,4217,1.02,0.0,0.0
2026-07-17T13:34:22.331099,Raspberry_Relieve7,,,,,,0.0,,,,,,,,,4218,0.92,0.0,0.0
2026-07-17T13:34:23.331180,Raspberry_Relieve7,,,,,,0.0,,,,,,,,,4219,1.11,0.0,0.0
2026-07-17T13:34:24.331270,Raspberry_Relieve7,,,,,,0.0,,,,,,,,,4220,0.94,0.0,0.0
2026-07-17T13:34:25.331360,Raspberry_Relieve7,,,,,,0.0,,,,,,,,,4221,0.95,0.0,0.0
2026-07-17T13:34:26.331491,Raspberry_Relieve7,,,,,,0.0,,,,,,,,,4222,1.0,0.0,0.0
2026-07-17T13:34:27.331684,Raspberry_Relieve7,,,,,,0.0,,,,,,,,,4223,1.02,0.0,0.0
2026-07-17T13:34:28.332046,Raspberry_Relieve7,,,,,,0.0,,,,,,,,,4224,1.08,0.0,0.0
2026-07-17T13:34:29.332151,Raspberry_Relieve7,,,,,,0.0,,,,,,,,,4225,0.91,0.0,0.0
2026-07-17T13:34:30.332341,Raspberry_Relieve7,,,,,,0.0,,,,,,,,,4226,1.08,0.0,0.0
2026-07-17T13:34:31.332462,Raspberry_Relieve7,,,,,,0.0,,,,,,,,,4227,0.92,0.0,0.0
2026-07-17T13:34:32.332580,Raspberry_Relieve7,,,,,,0.0,,,,,,,,,4228,1.03,0.0,0.0
2026-07-17T13:34:33.332657,Raspberry_Relieve7,,,,,,0.0,,,,,,,,,4229,0.98,0.0,0.0
2026-07-17T13:34:34.332855,Raspberry_Relieve7,,,,,,0.0,,,,,,,,,4230,0.98,0.0,0.0
2026-07-17T13:34:35.332975,Raspberry_Relieve7,,,,,,0.0,,,,,,,,,4231,1.02,0.0,0.0
2026-07-17T13:34:36.333050,Raspberry_Relieve7,,,,,,0.0,,,,,,,,,4232,0.97,0.0,0.0
2026-07-17T13:34:37.333187,Raspberry_Relieve7,,,,,,0.0,,,,,,,,,4233,1.04,0.0,0.0
2026-07-17T13:34:38.333313,Raspberry_Relieve7,,,,,,0.0,,,,,,,,,4234,0.97,0.0,0.0
2026-07-17T13:34:39.333396,Raspberry_Relieve7,,,,,,0.0,,,,,,,,,4235,1.01,0.0,0.0
2026-07-17T13:34:40.333517,Raspberry_Relieve7,,,,,,0.0,,,,,,,,,4236,1.04,0.0,0.0
2026-07-17T13:34:41.333643,Raspberry_Relieve7,,,,,,0.0,,,,,,,,,4237,0.98,0.0,0.0
2026-07-17T13:34:42.333761,Raspberry_Relieve7,,,,,,0.0,,,,,,,,,4238,1.03,0.0,0.0
2026-07-17T13:34:43.333881,Raspberry_Relieve7,,,,,,0.0,,,,,,,,,4239,0.93,0.0,0.0
2026-07-17T13:34:44.333948,Raspberry_Relieve7,,,,,,0.0,,,,,,,,,4240,1.05,0.0,0.0
2026-07-17T13:34:45.334060,Raspberry_Relieve7,,,,,,0.0,,,,,,,,,4241,1.02,0.0,0.0
2026-07-17T13:34:46.334179,Raspberry_Relieve7,,,,,,0.0,,,,,,,,,4242,0.99,0.0,0.0
2026-07-17T13:34:47.334295,Raspberry_Relieve7,,,,,,0.0,,,,,,,,,4243,1.02,0.0,0.0
2026-07-17T13:34:48.334493,Raspberry_Relieve7,,,,,,0.0,,,,,,,,,4244,0.96,0.0,0.0
2026-07-17T13:34:49.334668,Raspberry_Relieve7,,,,,,0.0,,,,,,,,,4245,1.0,0.0,0.0
2026-07-17T13:34:50.334756,Raspberry_Relieve7,,,,,,0.0,,,,,,,,,4246,1.02,0.0,0.0
2026-07-17T13:34:51.334870,Raspberry_Relieve7,,,,,,0.0,,,,,,,,,4247,1.02,0.0,0.0
2026-07-17T13:34:52.335079,Raspberry_Relieve7,,,,,,0.0,,,,,,,,,4248,1.02,0.0,0.0
2026-07-17T13:34:53.335195,Raspberry_Relieve7,,,,,,0.0,,,,,,,,,4249,0.92,0.0,0.0
2026-07-17T13:34:54.335292,Raspberry_Relieve7,,,,,,0.0,,,,,,,,,4250,1.02,0.0,0.0
2026-07-17T13:34:55.335418,Raspberry_Relieve7,,,,,,0.0,,,,,,,,,4251,1.02,0.0,0.0
2026-07-17T13:34:56.335529,Raspberry_Relieve7,,,,,,0.0,,,,,,,,,4252,1.02,0.0,0.0
2026-07-17T13:34:57.335646,Raspberry_Relieve7,,,,,,0.0,,,,,,,,,4253,0.92,0.0,0.0
2026-07-17T13:34:58.335763,Raspberry_Relieve7,,,,,,0.0,,,,,,,,,4254,1.02,0.0,0.0
2026-07-17T13:34:59.335882,Raspberry_Relieve7,,,,,,0.0,,,,,,,,,4255,0.93,0.0,0.0
2026-07-17T13:35:00.335957,Raspberry_Relieve7,,,,,,0.0,,,,,,,,,4256,1.02,0.0,0.0
2026-07-17T13:35:01.336091,Raspberry_Relieve7,,,,,,0.0,,,,,,,,,4257,1.01,0.0,0.0
2026-07-17T13:35:02.336214,Raspberry_Relieve7,,,,,,0.0,,,,,,,,,4258,1.02,0.0,0.0
2026-07-17T13:35:03.336326,Raspberry_Relieve7,,,,,,0.0,,,,,,,,,4259,0.95,0.0,0.0
2026-07-17T13:35:04.336399,Raspberry_Relieve7,,,,,,0.0,,,,,,,,,4260,1.04,0.0,0.0
2026-07-17T13:35:05.336536,Raspberry_Relieve7,,,,,,0.0,,,,,,,,,4261,1.02,0.0,0.0
2026-07-17T13:35:06.336657,Raspberry_Relieve7,,,,,,0.0,,,,,,,,,4262,0.99,0.0,0.0
2026-07-17T13:35:07.336778,Raspberry_Relieve7,,,,,,0.0,,,,,,,,,4263,1.02,0.0,0.0
2026-07-17T13:35:08.336897,Raspberry_Relieve7,,,,,,0.0,,,,,,,,,4264,1.02,0.0,0.0
2026-07-17T13:35:09.337004,Raspberry_Relieve7,,,,,,0.0,,,,,,,,,4265,1.02,0.0,0.0
2026-07-17T13:35:10.337166,Raspberry_Relieve7,,,,,,0.0,,,,,,,,,4266,0.95,0.0,0.0
2026-07-17T13:35:11.337253,Raspberry_Relieve7,,,,,,0.0,,,,,,,,,4267,1.08,0.0,0.0
2026-07-17T13:35:12.337366,Raspberry_Relieve7,,,,,,0.0,,,,,,,,,4268,1.16,0.0,0.0
2026-07-17T13:35:13.337497,Raspberry_Relieve7,,,,,,0.0,,,,,,,,,4269,0.79,0.0,0.0
2026-07-17T13:35:14.337603,Raspberry_Relieve7,,,,,,0.0,,,,,,,,,4270,0.95,0.0,0.0
2026-07-17T13:35:15.337720,Raspberry_Relieve7,,,,,,0.0,,,,,,,,,4271,1.08,0.0,0.0
2026-07-17T13:35:16.337834,Raspberry_Relieve7,,,,,,0.0,,,,,,,,,4272,0.97,0.0,0.0
2026-07-17T13:35:17.337951,Raspberry_Relieve7,,,,,,0.0,,,,,,,,,4273,0.99,0.0,0.0
2026-07-17T13:35:18.338065,Raspberry_Relieve7,,,,,,0.0,,,,,,,,,4274,0.97,0.0,0.0
2026-07-17T13:35:19.338181,Raspberry_Relieve7,,,,,,0.0,,,,,,,,,4275,0.96,0.0,0.0
2026-07-17T13:35:20.338344,Raspberry_Relieve7,,,,,,0.0,,,,,,,,,4276,1.07,0.0,0.0
2026-07-17T13:35:21.338462,Raspberry_Relieve7,,,,,,0.0,,,,,,,,,4277,1.03,0.0,0.0
2026-07-17T13:35:22.338572,Raspberry_Relieve7,,,,,,0.0,,,,,,,,,4278,1.02,0.0,0.0
2026-07-17T13:35:23.338788,Raspberry_Relieve7,,,,,,0.0,,,,,,,,,4279,0.92,0.0,0.0
2026-07-17T13:35:24.338886,Raspberry_Relieve7,,,,,,0.0,,,,,,,,,4280,1.03,0.0,0.0
2026-07-17T13:35:25.338960,Raspberry_Relieve7,,,,,,0.0,,,,,,,,,4281,1.02,0.0,0.0
2026-07-17T13:35:26.339100,Raspberry_Relieve7,,,,,,0.0,,,,,,,,,4282,1.02,0.0,0.0
2026-07-17T13:35:27.339232,Raspberry_Relieve7,,,,,,0.0,,,,,,,,,4283,0.91,0.0,0.0
2026-07-17T13:35:28.339339,Raspberry_Relieve7,,,,,,0.0,,,,,,,,,4284,1.04,0.0,0.0
2026-07-17T13:35:29.339417,Raspberry_Relieve7,,,,,,0.0,,,,,,,,,4285,1.07,0.0,0.0
2026-07-17T13:35:30.339542,Raspberry_Relieve7,,,,,,0.0,,,,,,,,,4286,0.97,0.0,0.0
2026-07-17T13:35:31.339657,Raspberry_Relieve7,,,,,,0.0,,,,,,,,,4287,1.02,0.0,0.0
2026-07-17T13:35:32.339768,Raspberry_Relieve7,,,,,,0.0,,,,,,,,,4288,0.94,0.0,0.0
2026-07-17T13:35:33.339847,Raspberry_Relieve7,,,,,,0.0,,,,,,,,,4289,1.0,0.0,0.0
2026-07-17T13:35:34.339969,Raspberry_Relieve7,,,,,,0.0,,,,,,,,,4290,1.0,0.0,0.0
2026-07-17T13:35:35.340096,Raspberry_Relieve7,,,,,,0.0,,,,,,,,,4291,0.96,0.0,0.0
2026-07-17T13:35:36.340205,Raspberry_Relieve7,,,,,,0.0,,,,,,,,,4292,1.01,0.0,0.0
2026-07-17T13:35:37.340319,Raspberry_Relieve7,,,,,,0.0,,,,,,,,,4293,1.14,0.0,0.0
2026-07-17T13:35:38.340429,Raspberry_Relieve7,,,,,,0.0,,,,,,,,,4294,0.92,0.0,0.0
2026-07-17T13:35:39.340541,Raspberry_Relieve7,,,,,,0.0,,,,,,,,,4295,1.03,0.0,0.0
2026-07-17T13:35:40.340621,Raspberry_Relieve7,,,,,,0.0,,,,,,,,,4296,0.92,0.0,0.0
2026-07-17T13:35:41.340754,Raspberry_Relieve7,,,,,,0.0,,,,,,,,,4297,1.02,0.0,0.0
2026-07-17T13:35:42.340874,Raspberry_Relieve7,,,,,,0.0,,,,,,,,,4298,1.02,0.0,0.0
2026-07-17T13:35:43.340952,Raspberry_Relieve7,,,,,,0.0,,,,,,,,,4299,1.02,0.0,0.0
2026-07-17T13:35:44.341095,Raspberry_Relieve7,,,,,,0.0,,,,,,,,,4300,0.92,0.0,0.0
2026-07-17T13:35:45.341227,Raspberry_Relieve7,,,,,,0.0,,,,,,,,,4301,1.0,0.0,0.0
2026-07-17T13:35:46.341339,Raspberry_Relieve7,,,,,,0.0,,,,,,,,,4302,0.99,0.0,0.0
2026-07-17T13:35:47.341451,Raspberry_Relieve7,,,,,,0.0,,,,,,,,,4303,0.99,0.0,0.0
2026-07-17T13:35:48.341564,Raspberry_Relieve7,,,,,,0.0,,,,,,,,,4304,1.04,0.0,0.0
2026-07-17T13:35:49.341680,Raspberry_Relieve7,,,,,,0.0,,,,,,,,,4305,1.05,0.0,0.0
2026-07-17T13:35:50.341794,Raspberry_Relieve7,,,,,,0.0,,,,,,,,,4306,1.05,0.0,0.0
2026-07-17T13:35:51.341906,Raspberry_Relieve7,,,,,,0.0,,,,,,,,,4307,0.94,0.0,0.0
2026-07-17T13:35:52.342018,Raspberry_Relieve7,,,,,,0.0,,,,,,,,,4308,0.93,0.0,0.0
2026-07-17T13:35:53.342158,Raspberry_Relieve7,,,,,,0.0,,,,,,,,,4309,1.02,0.0,0.0
2026-07-17T13:35:54.342208,Raspberry_Relieve7,,,,,,0.0,,,,,,,,,4310,1.04,0.0,0.0
2026-07-17T13:35:55.342333,Raspberry_Relieve7,,,,,,0.0,,,,,,,,,4311,1.01,0.0,0.0
2026-07-17T13:35:56.342454,Raspberry_Relieve7,,,,,,0.0,,,,,,,,,4312,1.02,0.0,0.0
2026-07-17T13:35:57.342563,Raspberry_Relieve7,,,,,,0.0,,,,,,,,,4313,0.92,0.0,0.0
2026-07-17T13:35:58.342674,Raspberry_Relieve7,,,,,,0.0,,,,,,,,,4314,1.02,0.0,0.0
2026-07-17T13:35:59.342781,Raspberry_Relieve7,,,,,,0.0,,,,,,,,,4315,0.93,0.0,0.0
2026-07-17T13:36:00.342898,Raspberry_Relieve7,,,,,,0.0,,,,,,,,,4316,1.1,0.0,0.0
2026-07-17T13:36:01.343007,Raspberry_Relieve7,,,,,,0.0,,,,,,,,,4317,1.02,0.0,0.0
2026-07-17T13:36:02.343120,Raspberry_Relieve7,,,,,,0.0,,,,,,,,,4318,1.02,0.0,0.0
2026-07-17T13:36:03.343237,Raspberry_Relieve7,,,,,,0.0,,,,,,,,,4319,0.93,0.0,0.0
2026-07-17T13:36:04.343412,Raspberry_Relieve7,,,,,,0.0,,,,,,,,,4320,1.04,0.0,0.0
2026-07-17T13:36:05.343525,Raspberry_Relieve7,,,,,,0.0,,,,,,,,,4321,1.02,0.0,0.0
2026-07-17T13:36:06.343641,Raspberry_Relieve7,,,,,,0.0,,,,,,,,,4322,0.92,0.0,0.0
2026-07-17T13:36:07.343751,Raspberry_Relieve7,,,,,,0.0,,,,,,,,,4323,1.0,0.0,0.0
2026-07-17T13:36:08.343933,Raspberry_Relieve7,,,,,,0.0,,,,,,,,,4324,0.98,0.0,0.0
2026-07-17T13:36:09.344020,Raspberry_Relieve7,,,,,,0.0,,,,,,,,,4325,1.03,0.0,0.0
2026-07-17T13:36:10.344139,Raspberry_Relieve7,,,,,,0.0,,,,,,,,,4326,1.06,0.0,0.0
2026-07-17T13:36:11.344240,Raspberry_Relieve7,,,,,,0.0,,,,,,,,,4327,1.02,0.0,0.0
2026-07-17T13:36:12.344306,Raspberry_Relieve7,,,,,,0.0,,,,,,,,,4328,0.94,0.0,0.0
2026-07-17T13:36:13.344390,Raspberry_Relieve7,,,,,,0.0,,,,,,,,,4329,0.98,0.0,0.0
2026-07-17T13:36:14.344517,Raspberry_Relieve7,,,,,,0.0,,,,,,,,,4330,0.99,0.0,0.0
2026-07-17T13:36:15.344626,Raspberry_Relieve7,,,,,,0.0,,,,,,,,,4331,1.02,0.0,0.0
2026-07-17T13:36:16.344742,Raspberry_Relieve7,,,,,,0.0,,,,,,,,,4332,1.0,0.0,0.0
2026-07-17T13:36:17.344815,Raspberry_Relieve7,,,,,,0.0,,,,,,,,,4333,0.91,0.0,0.0
2026-07-17T13:36:18.344933,Raspberry_Relieve7,,,,,,0.0,,,,,,,,,4334,1.14,0.0,0.0
2026-07-17T13:36:19.345044,Raspberry_Relieve7,,,,,,0.0,,,,,,,,,4335,1.0,0.0,0.0
2026-07-17T13:36:20.345155,Raspberry_Relieve7,,,,,,0.0,,,,,,,,,4336,0.94,0.0,0.0
2026-07-17T13:36:21.345229,Raspberry_Relieve7,,,,,,0.0,,,,,,,,,4337,0.91,0.0,0.0
2026-07-17T13:36:22.345352,Raspberry_Relieve7,,,,,,0.0,,,,,,,,,4338,1.08,0.0,0.0
2026-07-17T13:36:23.345473,Raspberry_Relieve7,,,,,,0.0,,,,,,,,,4339,1.0,0.0,0.0
2026-07-17T13:36:24.345581,Raspberry_Relieve7,,,,,,0.0,,,,,,,,,4340,0.99,0.0,0.0
2026-07-17T13:36:25.345699,Raspberry_Relieve7,,,,,,0.0,,,,,,,,,4341,1.05,0.0,0.0
2026-07-17T13:36:26.345811,Raspberry_Relieve7,,,,,,0.0,,,,,,,,,4342,1.01,0.0,0.0
2026-07-17T13:36:27.345927,Raspberry_Relieve7,,,,,,0.0,,,,,,,,,4343,0.92,0.0,0.0
2026-07-17T13:36:28.346047,Raspberry_Relieve7,,,,,,0.0,,,,,,,,,4344,1.0,0.0,0.0
2026-07-17T13:36:29.346179,Raspberry_Relieve7,,,,,,0.0,,,,,,,,,4345,1.02,0.0,0.0
2026-07-17T13:36:30.346353,Raspberry_Relieve7,,,,,,0.0,,,,,,,,,4346,1.02,0.0,0.0
2026-07-17T13:36:31.346425,Raspberry_Relieve7,,,,,,0.0,,,,,,,,,4347,1.05,0.0,0.0
2026-07-17T13:36:32.346511,Raspberry_Relieve7,,,,,,0.0,,,,,,,,,4348,0.92,0.0,0.0
2026-07-17T13:36:33.346690,Raspberry_Relieve7,,,,,,0.0,,,,,,,,,4349,1.02,0.0,0.0
2026-07-17T13:36:34.346870,Raspberry_Relieve7,,,,,,0.0,,,,,,,,,4350,1.02,0.0,0.0
2026-07-17T13:36:35.346991,Raspberry_Relieve7,,,,,,0.0,,,,,,,,,4351,1.0,0.0,0.0
2026-07-17T13:36:36.347208,Raspberry_Relieve7,,,,,,0.0,,,,,,,,,4352,0.95,0.0,0.0
2026-07-17T13:36:37.347321,Raspberry_Relieve7,,,,,,0.0,,,,,,,,,4353,1.01,0.0,0.0
2026-07-17T13:36:38.347394,Raspberry_Relieve7,,,,,,0.0,,,,,,,,,4354,1.05,0.0,0.0
2026-07-17T13:36:39.347519,Raspberry_Relieve7,,,,,,0.0,,,,,,,,,4355,0.96,0.0,0.0
2026-07-17T13:36:40.347634,Raspberry_Relieve7,,,,,,0.0,,,,,,,,,4356,1.02,0.0,0.0
2026-07-17T13:36:41.347746,Raspberry_Relieve7,,,,,,0.0,,,,,,,,,4357,0.9,0.0,0.0
2026-07-17T13:36:42.347820,Raspberry_Relieve7,,,,,,0.0,,,,,,,,,4358,1.28,0.0,0.0
2026-07-17T13:36:43.347955,Raspberry_Relieve7,,,,,,0.0,,,,,,,,,4359,0.85,0.0,0.0
2026-07-17T13:36:44.348064,Raspberry_Relieve7,,,,,,0.0,,,,,,,,,4360,1.03,0.0,0.0
2026-07-17T13:36:45.348174,Raspberry_Relieve7,,,,,,0.0,,,,,,,,,4361,1.02,0.0,0.0
2026-07-17T13:36:46.348292,Raspberry_Relieve7,,,,,,0.0,,,,,,,,,4362,0.92,0.0,0.0
2026-07-17T13:36:47.348417,Raspberry_Relieve7,,,,,,0.0,,,,,,,,,4363,1.02,0.0,0.0
2026-07-17T13:36:48.348520,Raspberry_Relieve7,,,,,,0.0,,,,,,,,,4364,1.02,0.0,0.0
2026-07-17T13:36:49.348627,Raspberry_Relieve7,,,,,,0.0,,,,,,,,,4365,0.93,0.0,0.0
2026-07-17T13:36:50.348737,Raspberry_Relieve7,,,,,,0.0,,,,,,,,,4366,1.01,0.0,0.0
2026-07-17T13:36:51.348850,Raspberry_Relieve7,,,,,,0.0,,,,,,,,,4367,1.02,0.0,0.0
2026-07-17T13:36:52.348959,Raspberry_Relieve7,,,,,,0.0,,,,,,,,,4368,1.03,0.0,0.0
2026-07-17T13:36:53.349076,Raspberry_Relieve7,,,,,,0.0,,,,,,,,,4369,1.02,0.0,0.0
2026-07-17T13:36:54.349185,Raspberry_Relieve7,,,,,,0.0,,,,,,,,,4370,1.06,0.0,0.0
2026-07-17T13:36:55.349307,Raspberry_Relieve7,,,,,,0.0,,,,,,,,,4371,0.77,0.0,0.0
2026-07-17T13:36:56.349373,Raspberry_Relieve7,,,,,,0.0,,,,,,,,,4372,1.04,0.0,0.0
2026-07-17T13:36:57.349503,Raspberry_Relieve7,,,,,,0.0,,,,,,,,,4373,1.04,0.0,0.0
2026-07-17T13:36:58.349612,Raspberry_Relieve7,,,,,,0.0,,,,,,,,,4374,1.0,0.0,0.0
2026-07-17T13:36:59.349725,Raspberry_Relieve7,,,,,,0.0,,,,,,,,,4375,1.04,0.0,0.0
2026-07-17T13:37:00.349838,Raspberry_Relieve7,,,,,,0.0,,,,,,,,,4376,0.96,0.0,0.0
2026-07-17T13:37:01.349950,Raspberry_Relieve7,,,,,,0.0,,,,,,,,,4377,1.01,0.0,0.0
2026-07-17T13:37:02.350129,Raspberry_Relieve7,,,,,,0.0,,,,,,,,,4378,1.04,0.0,0.0
2026-07-17T13:37:03.350204,Raspberry_Relieve7,,,,,,0.0,,,,,,,,,4379,0.96,0.0,0.0
2026-07-17T13:37:04.350326,Raspberry_Relieve7,,,,,,0.0,,,,,,,,,4380,1.04,0.0,0.0
2026-07-17T13:37:05.350437,Raspberry_Relieve7,,,,,,0.0,,,,,,,,,4381,1.01,0.0,0.0
2026-07-17T13:37:06.350609,Raspberry_Relieve7,,,,,,0.0,,,,,,,,,4382,1.02,0.0,0.0
2026-07-17T13:37:07.350694,Raspberry_Relieve7,,,,,,0.0,,,,,,,,,4383,1.01,0.0,0.0
2026-07-17T13:37:08.350792,Raspberry_Relieve7,,,,,,0.0,,,,,,,,,4384,0.95,0.0,0.0
2026-07-17T13:37:09.350862,Raspberry_Relieve7,,,,,,0.0,,,,,,,,,4385,1.03,0.0,0.0
2026-07-17T13:37:10.350941,Raspberry_Relieve7,,,,,,0.0,,,,,,,,,4386,0.92,0.0,0.0
2026-07-17T13:37:11.351073,Raspberry_Relieve7,,,,,,0.0,,,,,,,,,4387,1.02,0.0,0.0
2026-07-17T13:37:12.351173,Raspberry_Relieve7,,,,,,0.0,,,,,,,,,4388,1.23,0.0,0.0
2026-07-17T13:37:13.351392,Raspberry_Relieve7,,,,,,0.0,,,,,,,,,4389,0.77,0.0,0.0
2026-07-17T13:37:14.351579,Raspberry_Relieve7,,,,,,0.0,,,,,,,,,4390,1.04,0.0,0.0
2026-07-17T13:37:15.351693,Raspberry_Relieve7,,,,,,0.0,,,,,,,,,4396,6.12,0.0,0.0
2026-07-17T13:37:21.017869,Raspberry_Relieve7,,,,,,0.0,,,,,,,,,4396,0.57,0.0,0.0
2026-07-17T13:37:22.018096,Raspberry_Relieve7,,,,,,0.0,,,,,,,,,4397,1.11,0.0,0.0
2026-07-17T13:37:23.018267,Raspberry_Relieve7,,,,,,0.0,,,,,,,,,4399,1.04,0.0,0.0
2026-07-17T13:37:24.018353,Raspberry_Relieve7,,,,,,0.0,,,,,,,,,4399,0.92,0.0,0.0
2026-07-17T13:37:25.018507,Raspberry_Relieve7,,,,,,0.0,,,,,,,,,4400,1.02,0.0,0.0
2026-07-17T13:37:26.018598,Raspberry_Relieve7,,,,,,0.0,,,,,,,,,4401,0.92,0.0,0.0
2026-07-17T13:37:27.018670,Raspberry_Relieve7,,,,,,0.0,,,,,,,,,4402,0.93,0.0,0.0
2026-07-17T13:37:28.018801,Raspberry_Relieve7,,,,,,0.0,,,,,,,,,4403,1.1,0.0,0.0
2026-07-17T13:37:29.018885,Raspberry_Relieve7,,,,,,0.0,,,,,,,,,4404,0.91,0.0,0.0
2026-07-17T13:37:30.018998,Raspberry_Relieve7,,,,,,0.0,,,,,,,,,4405,0.98,0.0,0.0
2026-07-17T13:37:31.019064,Raspberry_Relieve7,,,,,,0.0,,,,,,,,,4406,1.0,0.0,0.0
2026-07-17T13:37:32.019193,Raspberry_Relieve7,,,,,,0.0,,,,,,,,,4407,1.04,0.0,0.0
2026-07-17T13:37:33.019292,Raspberry_Relieve7,,,,,,0.0,,,,,,,,,4408,1.01,0.0,0.0
2026-07-17T13:37:34.019354,Raspberry_Relieve7,,,,,,0.0,,,,,,,,,4409,0.92,0.0,0.0
2026-07-17T13:37:35.019500,Raspberry_Relieve7,,,,,,0.0,,,,,,,,,4410,1.05,0.0,0.0
2026-07-17T13:37:36.019567,Raspberry_Relieve7,,,,,,0.0,,,,,,,,,4411,1.05,0.0,0.0
2026-07-17T13:37:37.019678,Raspberry_Relieve7,,,,,,0.0,,,,,,,,,4412,0.91,0.0,0.0
2026-07-17T13:37:38.019741,Raspberry_Relieve7,,,,,,0.0,,,,,,,,,4413,1.02,0.0,0.0
2026-07-17T13:37:39.019831,Raspberry_Relieve7,,,,,,0.0,,,,,,,,,4414,0.99,0.0,0.0
2026-07-17T13:37:40.019908,Raspberry_Relieve7,,,,,,0.0,,,,,,,,,4415,1.08,0.0,0.0
2026-07-17T13:37:41.019999,Raspberry_Relieve7,,,,,,0.0,,,,,,,,,4416,0.97,0.0,0.0
2026-07-17T13:37:42.020128,Raspberry_Relieve7,,,,,,0.0,,,,,,,,,4417,1.02,0.0,0.0
2026-07-17T13:37:43.020199,Raspberry_Relieve7,,,,,,0.0,,,,,,,,,4418,1.03,0.0,0.0
2026-07-17T13:37:44.020323,Raspberry_Relieve7,,,,,,0.0,,,,,,,,,4419,1.02,0.0,0.0
2026-07-17T13:37:45.020396,Raspberry_Relieve7,,,,,,0.0,,,,,,,,,4420,0.91,0.0,0.0
2026-07-17T13:37:46.020480,Raspberry_Relieve7,,,,,,0.0,,,,,,,,,4421,1.02,0.0,0.0
2026-07-17T13:37:47.020571,Raspberry_Relieve7,,,,,,0.0,,,,,,,,,4422,0.98,0.0,0.0
2026-07-17T13:37:48.020654,Raspberry_Relieve7,,,,,,0.0,,,,,,,,,4423,1.04,0.0,0.0
2026-07-17T13:37:49.020735,Raspberry_Relieve7,,,,,,0.0,,,,,,,,,4424,0.97,0.0,0.0
2026-07-17T13:37:50.020859,Raspberry_Relieve7,,,,,,0.0,,,,,,,,,4425,1.02,0.0,0.0
2026-07-17T13:37:51.021097,Raspberry_Relieve7,,,,,,0.0,,,,,,,,,4426,1.03,0.0,0.0
2026-07-17T13:37:52.021282,Raspberry_Relieve7,,,,,,0.0,,,,,,,,,4427,1.03,0.0,0.0
2026-07-17T13:37:53.021424,Raspberry_Relieve7,,,,,,0.0,,,,,,,,,4428,1.02,0.0,0.0
2026-07-17T13:37:54.021571,Raspberry_Relieve7,,,,,,0.0,,,,,,,,,4429,1.02,0.0,0.0
2026-07-17T13:37:55.021670,Raspberry_Relieve7,,,,,,0.0,,,,,,,,,4430,0.92,0.0,0.0
2026-07-17T13:37:56.021735,Raspberry_Relieve7,,,,,,0.0,,,,,,,,,4431,0.93,0.0,0.0
2026-07-17T13:37:57.021833,Raspberry_Relieve7,,,,,,0.0,,,,,,,,,4432,1.02,0.0,0.0
2026-07-17T13:37:58.021921,Raspberry_Relieve7,,,,,,0.0,,,,,,,,,4433,1.04,0.0,0.0
2026-07-17T13:37:59.022054,Raspberry_Relieve7,,,,,,0.0,,,,,,,,,4434,0.99,0.0,0.0
2026-07-17T13:38:00.022159,Raspberry_Relieve7,,,,,,0.0,,,,,,,,,4435,1.02,0.0,0.0
2026-07-17T13:38:01.022240,Raspberry_Relieve7,,,,,,0.0,,,,,,,,,4436,0.97,0.0,0.0
2026-07-17T13:38:02.022326,Raspberry_Relieve7,,,,,,0.0,,,,,,,,,4437,1.08,0.0,0.0
2026-07-17T13:38:03.022466,Raspberry_Relieve7,,,,,,0.0,,,,,,,,,4438,0.92,0.0,0.0
2026-07-17T13:38:04.022573,Raspberry_Relieve7,,,,,,0.0,,,,,,,,,4439,0.99,0.0,0.0
2026-07-17T13:38:05.022690,Raspberry_Relieve7,,,,,,0.0,,,,,,,,,4440,1.05,0.0,0.0
2026-07-17T13:38:06.022800,Raspberry_Relieve7,,,,,,0.0,,,,,,,,,4441,1.04,0.0,0.0
2026-07-17T13:38:07.022963,Raspberry_Relieve7,,,,,,0.0,,,,,,,,,4442,1.01,0.0,0.0
2026-07-17T13:38:08.023048,Raspberry_Relieve7,,,,,,0.0,,,,,,,,,4443,1.01,0.0,0.0
2026-07-17T13:38:09.023169,Raspberry_Relieve7,,,,,,0.0,,,,,,,,,4444,0.95,0.0,0.0
2026-07-17T13:38:10.023275,Raspberry_Relieve7,,,,,,0.0,,,,,,,,,4445,1.02,0.0,0.0
2026-07-17T13:38:11.023393,Raspberry_Relieve7,,,,,,0.0,,,,,,,,,4446,0.92,0.0,0.0
2026-07-17T13:38:12.023459,Raspberry_Relieve7,,,,,,0.0,,,,,,,,,4447,1.02,0.0,0.0
2026-07-17T13:38:13.023595,Raspberry_Relieve7,,,,,,0.0,,,,,,,,,4448,0.93,0.0,0.0
2026-07-17T13:38:14.023701,Raspberry_Relieve7,,,,,,0.0,,,,,,,,,4449,1.11,0.0,0.0
2026-07-17T13:38:15.023776,Raspberry_Relieve7,,,,,,0.0,,,,,,,,,4450,0.93,0.0,0.0
2026-07-17T13:38:16.023902,Raspberry_Relieve7,,,,,,0.0,,,,,,,,,4451,1.02,0.0,0.0
2026-07-17T13:38:17.024021,Raspberry_Relieve7,,,,,,0.0,,,,,,,,,4452,1.02,0.0,0.0
2026-07-17T13:38:18.024090,Raspberry_Relieve7,,,,,,0.0,,,,,,,,,4453,1.02,0.0,0.0
2026-07-17T13:38:19.024176,Raspberry_Relieve7,,,,,,0.0,,,,,,,,,4454,0.9,0.0,0.0
2026-07-17T13:38:20.024265,Raspberry_Relieve7,,,,,,0.0,,,,,,,,,4455,1.1,0.0,0.0
2026-07-17T13:38:21.024347,Raspberry_Relieve7,,,,,,0.0,,,,,,,,,4456,0.98,0.0,0.0
2026-07-17T13:38:22.024472,Raspberry_Relieve7,,,,,,0.0,,,,,,,,,4457,1.02,0.0,0.0
2026-07-17T13:38:23.024593,Raspberry_Relieve7,,,,,,0.0,,,,,,,,,4458,1.02,0.0,0.0
2026-07-17T13:38:24.024701,Raspberry_Relieve7,,,,,,0.0,,,,,,,,,4459,0.92,0.0,0.0
2026-07-17T13:38:25.024816,Raspberry_Relieve7,,,,,,0.0,,,,,,,,,4460,1.02,0.0,0.0
2026-07-17T13:38:26.024934,Raspberry_Relieve7,,,,,,0.0,,,,,,,,,4461,1.02,0.0,0.0
2026-07-17T13:38:27.025045,Raspberry_Relieve7,,,,,,0.0,,,,,,,,,4462,1.02,0.0,0.0
2026-07-17T13:38:28.025112,Raspberry_Relieve7,,,,,,0.0,,,,,,,,,4463,0.92,0.0,0.0
2026-07-17T13:38:29.025199,Raspberry_Relieve7,,,,,,0.0,,,,,,,,,4464,0.99,0.0,0.0
2026-07-17T13:38:30.025318,Raspberry_Relieve7,,,,,,0.0,,,,,,,,,4465,1.03,0.0,0.0
2026-07-17T13:38:31.025446,Raspberry_Relieve7,,,,,,0.0,,,,,,,,,4466,1.03,0.0,0.0
2026-07-17T13:38:32.025549,Raspberry_Relieve7,,,,,,0.0,,,,,,,,,4467,1.03,0.0,0.0
2026-07-17T13:38:33.025726,Raspberry_Relieve7,,,,,,0.0,,,,,,,,,4468,0.94,0.0,0.0
2026-07-17T13:38:34.025866,Raspberry_Relieve7,,,,,,0.0,,,,,,,,,4469,1.02,0.0,0.0
2026-07-17T13:38:35.025963,Raspberry_Relieve7,,,,,,0.0,,,,,,,,,4470,0.97,0.0,0.0
2026-07-17T13:38:36.026109,Raspberry_Relieve7,,,,,,0.0,,,,,,,,,4471,0.97,0.0,0.0
2026-07-17T13:38:37.026153,Raspberry_Relieve7,,,,,,0.0,,,,,,,,,4472,0.99,0.0,0.0
2026-07-17T13:38:38.026239,Raspberry_Relieve7,,,,,,0.0,,,,,,,,,4473,1.09,0.0,0.0
2026-07-17T13:38:39.026374,Raspberry_Relieve7,,,,,,0.0,,,,,,,,,4474,1.01,0.0,0.0
2026-07-17T13:38:40.026496,Raspberry_Relieve7,,,,,,0.0,,,,,,,,,4475,1.02,0.0,0.0
2026-07-17T13:38:41.026611,Raspberry_Relieve7,,,,,,0.0,,,,,,,,,4476,0.92,0.0,0.0
2026-07-17T13:38:42.026695,Raspberry_Relieve7,,,,,,0.0,,,,,,,,,4477,1.03,0.0,0.0
2026-07-17T13:38:43.026830,Raspberry_Relieve7,,,,,,0.0,,,,,,,,,4478,0.98,0.0,0.0
2026-07-17T13:38:44.026944,Raspberry_Relieve7,,,,,,0.0,,,,,,,,,4479,1.04,0.0,0.0
2026-07-17T13:38:45.027024,Raspberry_Relieve7,,,,,,0.0,,,,,,,,,4480,0.95,0.0,0.0
2026-07-17T13:38:46.027108,Raspberry_Relieve7,,,,,,0.0,,,,,,,,,4481,1.02,0.0,0.0
2026-07-17T13:38:47.027243,Raspberry_Relieve7,,,,,,0.0,,,,,,,,,4482,1.03,0.0,0.0
2026-07-17T13:38:48.027298,Raspberry_Relieve7,,,,,,0.0,,,,,,,,,4483,0.94,0.0,0.0
2026-07-17T13:38:49.027621,Raspberry_Relieve7,,,,,,0.0,,,,,,,,,4484,1.0,0.0,0.0
2026-07-17T13:38:50.027840,Raspberry_Relieve7,,,,,,0.0,,,,,,,,,4485,1.05,0.0,0.0
2026-07-17T13:38:51.027965,Raspberry_Relieve7,,,,,,0.0,,,,,,,,,4486,1.04,0.0,0.0
2026-07-17T13:38:52.028124,Raspberry_Relieve7,,,,,,0.0,,,,,,,,,4487,0.92,0.0,0.0
2026-07-17T13:38:53.028263,Raspberry_Relieve7,,,,,,0.0,,,,,,,,,4488,1.01,0.0,0.0
2026-07-17T13:38:54.028336,Raspberry_Relieve7,,,,,,0.0,,,,,,,,,4489,0.98,0.0,0.0
2026-07-17T13:38:55.028472,Raspberry_Relieve7,,,,,,0.0,,,,,,,,,4490,1.03,0.0,0.0
2026-07-17T13:38:56.028598,Raspberry_Relieve7,,,,,,0.0,,,,,,,,,4491,1.01,0.0,0.0
2026-07-17T13:38:57.028709,Raspberry_Relieve7,,,,,,0.0,,,,,,,,,4492,1.04,0.0,0.0
2026-07-17T13:38:58.028821,Raspberry_Relieve7,,,,,,0.0,,,,,,,,,4493,0.94,0.0,0.0
2026-07-17T13:38:59.028897,Raspberry_Relieve7,,,,,,0.0,,,,,,,,,4494,1.03,0.0,0.0
2026-07-17T13:39:00.028971,Raspberry_Relieve7,,,,,,0.0,,,,,,,,,4495,1.02,0.0,0.0
2026-07-17T13:39:01.029109,Raspberry_Relieve7,,,,,,0.0,,,,,,,,,4496,1.02,0.0,0.0
2026-07-17T13:39:02.029233,Raspberry_Relieve7,,,,,,0.0,,,,,,,,,4497,0.96,0.0,0.0
2026-07-17T13:39:03.029352,Raspberry_Relieve7,,,,,,0.0,,,,,,,,,4498,0.98,0.0,0.0
2026-07-17T13:39:04.029418,Raspberry_Relieve7,,,,,,0.0,,,,,,,,,4500,1.11,0.0,0.0
2026-07-17T13:39:05.029593,Raspberry_Relieve7,,,,,,0.0,,,,,,,,,4500,0.95,0.0,0.0
2026-07-17T13:39:06.029667,Raspberry_Relieve7,,,,,,0.0,,,,,,,,,4501,0.92,0.0,0.0
2026-07-17T13:39:07.029730,Raspberry_Relieve7,,,,,,0.0,,,,,,,,,4502,0.99,0.0,0.0
2026-07-17T13:39:08.029859,Raspberry_Relieve7,,,,,,0.0,,,,,,,,,4503,1.01,0.0,0.0
2026-07-17T13:39:09.029981,Raspberry_Relieve7,,,,,,0.0,,,,,,,,,4504,1.01,0.0,0.0
2026-07-17T13:39:10.030037,Raspberry_Relieve7,,,,,,0.0,,,,,,,,,4505,1.02,0.0,0.0
2026-07-17T13:39:11.030125,Raspberry_Relieve7,,,,,,0.0,,,,,,,,,4506,1.04,0.0,0.0
2026-07-17T13:39:12.030252,Raspberry_Relieve7,,,,,,0.0,,,,,,,,,4507,0.98,0.0,0.0
2026-07-17T13:39:13.030407,Raspberry_Relieve7,,,,,,0.0,,,,,,,,,4508,1.02,0.0,0.0
2026-07-17T13:39:14.030442,Raspberry_Relieve7,,,,,,0.0,,,,,,,,,4509,1.04,0.0,0.0
2026-07-17T13:39:15.030530,Raspberry_Relieve7,,,,,,0.0,,,,,,,,,4510,0.89,0.0,0.0
2026-07-17T13:39:16.030662,Raspberry_Relieve7,,,,,,0.0,,,,,,,,,4511,1.04,0.0,0.0
2026-07-17T13:39:17.030785,Raspberry_Relieve7,,,,,,0.0,,,,,,,,,4512,1.02,0.0,0.0
2026-07-17T13:39:18.030857,Raspberry_Relieve7,,,,,,0.0,,,,,,,,,4513,1.03,0.0,0.0
2026-07-17T13:39:19.030998,Raspberry_Relieve7,,,,,,0.0,,,,,,,,,4514,0.92,0.0,0.0
2026-07-17T13:39:20.031122,Raspberry_Relieve7,,,,,,0.0,,,,,,,,,4515,1.02,0.0,0.0
2026-07-17T13:39:21.031248,Raspberry_Relieve7,,,,,,0.0,,,,,,,,,4516,0.96,0.0,0.0
2026-07-17T13:39:22.031316,Raspberry_Relieve7,,,,,,0.0,,,,,,,,,4517,1.02,0.0,0.0
2026-07-17T13:39:23.031446,Raspberry_Relieve7,,,,,,0.0,,,,,,,,,4518,1.02,0.0,0.0
2026-07-17T13:39:24.031552,Raspberry_Relieve7,,,,,,0.0,,,,,,,,,4519,1.0,0.0,0.0
2026-07-17T13:39:25.031693,Raspberry_Relieve7,,,,,,0.0,,,,,,,,,4520,1.07,0.0,0.0
2026-07-17T13:39:26.031754,Raspberry_Relieve7,,,,,,0.0,,,,,,,,,4521,0.92,0.0,0.0
2026-07-17T13:39:27.031854,Raspberry_Relieve7,,,,,,0.0,,,,,,,,,4522,1.05,0.0,0.0
2026-07-17T13:39:28.031934,Raspberry_Relieve7,,,,,,0.0,,,,,,,,,4523,0.96,0.0,0.0
2026-07-17T13:39:29.032083,Raspberry_Relieve7,,,,,,0.0,,,,,,,,,4524,1.01,0.0,0.0
2026-07-17T13:39:30.032184,Raspberry_Relieve7,,,,,,0.0,,,,,,,,,4526,1.14,0.0,0.0
2026-07-17T13:39:31.032396,Raspberry_Relieve7,,,,,,0.0,,,,,,,,,4527,1.01,0.0,0.0
2026-07-17T13:39:32.032572,Raspberry_Relieve7,,,,,,0.0,,,,,,,,,4527,0.84,0.0,0.0
2026-07-17T13:39:33.032725,Raspberry_Relieve7,,,,,,0.0,,,,,,,,,4529,1.13,0.0,0.0
2026-07-17T13:39:34.032851,Raspberry_Relieve7,,,,,,0.0,,,,,,,,,4529,0.89,0.0,0.0
2026-07-17T13:39:35.032935,Raspberry_Relieve7,,,,,,0.0,,,,,,,,,4531,1.18,0.0,0.0
2026-07-17T13:39:36.033043,Raspberry_Relieve7,,,,,,0.0,,,,,,,,,4532,0.94,0.0,0.0
2026-07-17T13:39:37.033167,Raspberry_Relieve7,,,,,,0.0,,,,,,,,,4532,0.89,0.0,0.0
2026-07-17T13:39:38.033316,Raspberry_Relieve7,,,,,,0.0,,,,,,,,,4533,1.01,0.0,0.0
2026-07-17T13:39:39.033434,Raspberry_Relieve7,,,,,,0.0,,,,,,,,,4534,1.03,0.0,0.0
2026-07-17T13:39:40.033546,Raspberry_Relieve7,,,,,,0.0,,,,,,,,,4536,1.34,0.0,0.0
2026-07-17T13:39:41.033663,Raspberry_Relieve7,,,,,,0.0,,,,,,,,,4536,0.56,0.0,0.0
2026-07-17T13:39:42.033799,Raspberry_Relieve7,,,,,,0.0,,,,,,,,,4538,1.16,0.0,0.0
2026-07-17T13:39:43.033919,Raspberry_Relieve7,,,,,,0.0,,,,,,,,,4538,0.88,0.0,0.0
2026-07-17T13:39:44.034034,Raspberry_Relieve7,,,,,,0.0,,,,,,,,,4539,1.09,0.0,0.0
2026-07-17T13:39:45.034145,Raspberry_Relieve7,,,,,,0.0,,,,,,,,,4540,0.87,0.0,0.0
2026-07-17T13:39:46.034251,Raspberry_Relieve7,,,,,,0.0,,,,,,,,,4541,1.02,0.0,0.0
2026-07-17T13:39:47.034380,Raspberry_Relieve7,,,,,,0.0,,,,,,,,,4542,1.05,0.0,0.0
2026-07-17T13:39:48.034478,Raspberry_Relieve7,,,,,,0.0,,,,,,,,,4543,1.04,0.0,0.0
2026-07-17T13:39:49.034604,Raspberry_Relieve7,,,,,,0.0,,,,,,,,,4544,1.03,0.0,0.0
2026-07-17T13:39:50.034713,Raspberry_Relieve7,,,,,,0.0,,,,,,,,,4546,1.02,0.0,0.0
2026-07-17T13:39:51.034832,Raspberry_Relieve7,,,,,,0.0,,,,,,,,,4546,0.84,0.0,0.0
2026-07-17T13:39:52.034905,Raspberry_Relieve7,,,,,,0.0,,,,,,,,,4547,1.08,0.0,0.0
2026-07-17T13:39:53.035021,Raspberry_Relieve7,,,,,,0.0,,,,,,,,,4548,1.04,0.0,0.0
2026-07-17T13:39:54.035134,Raspberry_Relieve7,,,,,,0.0,,,,,,,,,4549,0.94,0.0,0.0
2026-07-17T13:39:55.035263,Raspberry_Relieve7,,,,,,0.0,,,,,,,,,4550,1.02,0.0,0.0
2026-07-17T13:39:56.035375,Raspberry_Relieve7,,,,,,0.0,,,,,,,,,4551,0.96,0.0,0.0
2026-07-17T13:39:57.035502,Raspberry_Relieve7,,,,,,0.0,,,,,,,,,4553,1.16,0.0,0.0
2026-07-17T13:39:58.035607,Raspberry_Relieve7,,,,,,0.0,,,,,,,,,4553,0.93,0.0,0.0
2026-07-17T13:39:59.035678,Raspberry_Relieve7,,,,,,0.0,,,,,,,,,4554,0.95,0.0,0.0
2026-07-17T13:40:00.035800,Raspberry_Relieve7,,,,,,0.0,,,,,,,,,4555,0.96,0.0,0.0
2026-07-17T13:40:01.035911,Raspberry_Relieve7,,,,,,0.0,,,,,,,,,4556,0.98,0.0,0.0
2026-07-17T13:40:02.036023,Raspberry_Relieve7,,,,,,0.0,,,,,,,,,4557,1.03,0.0,0.0
2026-07-17T13:40:03.036128,Raspberry_Relieve7,,,,,,0.0,,,,,,,,,4558,0.95,0.0,0.0
2026-07-17T13:40:04.036189,Raspberry_Relieve7,,,,,,0.0,,,,,,,,,4559,1.1,0.0,0.0
2026-07-17T13:40:05.036329,Raspberry_Relieve7,,,,,,0.0,,,,,,,,,4560,1.02,0.0,0.0
2026-07-17T13:40:06.036444,Raspberry_Relieve7,,,,,,0.0,,,,,,,,,4561,1.02,0.0,0.0
2026-07-17T13:40:07.036522,Raspberry_Relieve7,,,,,,0.0,,,,,,,,,4562,0.93,0.0,0.0
2026-07-17T13:40:08.036612,Raspberry_Relieve7,,,,,,0.0,,,,,,,,,4563,1.02,0.0,0.0
2026-07-17T13:40:09.036695,Raspberry_Relieve7,,,,,,0.0,,,,,,,,,4564,1.02,0.0,0.0
2026-07-17T13:40:10.036821,Raspberry_Relieve7,,,,,,0.0,,,,,,,,,4565,1.02,0.0,0.0
2026-07-17T13:40:11.036939,Raspberry_Relieve7,,,,,,0.0,,,,,,,,,4567,1.02,0.0,0.0
2026-07-17T13:40:12.037050,Raspberry_Relieve7,,,,,,0.0,,,,,,,,,4567,0.92,0.0,0.0
2026-07-17T13:40:13.037176,Raspberry_Relieve7,,,,,,0.0,,,,,,,,,4568,0.97,0.0,0.0
2026-07-17T13:40:14.037294,Raspberry_Relieve7,,,,,,0.0,,,,,,,,,4569,1.05,0.0,0.0
2026-07-17T13:40:15.037417,Raspberry_Relieve7,,,,,,0.0,,,,,,,,,4570,0.95,0.0,0.0
2026-07-17T13:40:16.037531,Raspberry_Relieve7,,,,,,0.0,,,,,,,,,4571,1.04,0.0,0.0
2026-07-17T13:40:17.037654,Raspberry_Relieve7,,,,,,0.0,,,,,,,,,4572,1.0,0.0,0.0
2026-07-17T13:40:18.037765,Raspberry_Relieve7,,,,,,0.0,,,,,,,,,4574,1.12,0.0,0.0
2026-07-17T13:40:19.037890,Raspberry_Relieve7,,,,,,0.0,,,,,,,,,4574,0.92,0.0,0.0
2026-07-17T13:40:20.038036,Raspberry_Relieve7,,,,,,0.0,,,,,,,,,4576,1.02,0.0,0.0
2026-07-17T13:40:21.038157,Raspberry_Relieve7,,,,,,0.0,,,,,,,,,4576,0.94,0.0,0.0
2026-07-17T13:40:22.038271,Raspberry_Relieve7,,,,,,0.0,,,,,,,,,4577,1.05,0.0,0.0
2026-07-17T13:40:23.038395,Raspberry_Relieve7,,,,,,0.0,,,,,,,,,4578,0.91,0.0,0.0
2026-07-17T13:40:24.038497,Raspberry_Relieve7,,,,,,0.0,,,,,,,,,4579,1.04,0.0,0.0
2026-07-17T13:40:25.038611,Raspberry_Relieve7,,,,,,0.0,,,,,,,,,4581,1.2,0.0,0.0
2026-07-17T13:40:26.038716,Raspberry_Relieve7,,,,,,0.0,,,,,,,,,4581,0.82,0.0,0.0
2026-07-17T13:40:27.038824,Raspberry_Relieve7,,,,,,0.0,,,,,,,,,4582,1.03,0.0,0.0
2026-07-17T13:40:28.038924,Raspberry_Relieve7,,,,,,0.0,,,,,,,,,4583,0.96,0.0,0.0
2026-07-17T13:40:29.039034,Raspberry_Relieve7,,,,,,0.0,,,,,,,,,4584,1.02,0.0,0.0
2026-07-17T13:40:30.039099,Raspberry_Relieve7,,,,,,0.0,,,,,,,,,4586,1.09,0.0,0.0
2026-07-17T13:40:31.039230,Raspberry_Relieve7,,,,,,0.0,,,,,,,,,4586,0.85,0.0,0.0
2026-07-17T13:40:32.039338,Raspberry_Relieve7,,,,,,0.0,,,,,,,,,4588,1.14,0.0,0.0
2026-07-17T13:40:33.039459,Raspberry_Relieve7,,,,,,0.0,,,,,,,,,4588,0.9,0.0,0.0
2026-07-17T13:40:34.039585,Raspberry_Relieve7,,,,,,0.0,,,,,,,,,4589,1.0,0.0,0.0
2026-07-17T13:40:35.039689,Raspberry_Relieve7,,,,,,0.0,,,,,,,,,4590,0.97,0.0,0.0
2026-07-17T13:40:36.039803,Raspberry_Relieve7,,,,,,0.0,,,,,,,,,4591,1.03,0.0,0.0
2026-07-17T13:40:37.039914,Raspberry_Relieve7,,,,,,0.0,,,,,,,,,4592,1.01,0.0,0.0
2026-07-17T13:40:38.040007,Raspberry_Relieve7,,,,,,0.0,,,,,,,,,4594,1.05,0.0,0.0
2026-07-17T13:40:39.040132,Raspberry_Relieve7,,,,,,0.0,,,,,,,,,4594,0.96,0.0,0.0
2026-07-17T13:40:40.040235,Raspberry_Relieve7,,,,,,0.0,,,,,,,,,4595,1.02,0.0,0.0
2026-07-17T13:40:41.040408,Raspberry_Relieve7,,,,,,0.0,,,,,,,,,4597,1.03,0.0,0.0
2026-07-17T13:40:42.040470,Raspberry_Relieve7,,,,,,0.0,,,,,,,,,4598,1.02,0.0,0.0
2026-07-17T13:40:43.040598,Raspberry_Relieve7,,,,,,0.0,,,,,,,,,4598,0.92,0.0,0.0
2026-07-17T13:40:44.040662,Raspberry_Relieve7,,,,,,0.0,,,,,,,,,4599,1.02,0.0,0.0
2026-07-17T13:40:45.040811,Raspberry_Relieve7,,,,,,0.0,,,,,,,,,4601,1.02,0.0,0.0
2026-07-17T13:40:46.040920,Raspberry_Relieve7,,,,,,0.0,,,,,,,,,4601,0.97,0.0,0.0
2026-07-17T13:40:47.041059,Raspberry_Relieve7,,,,,,0.0,,,,,,,,,4602,0.98,0.0,0.0
2026-07-17T13:40:48.041166,Raspberry_Relieve7,,,,,,0.0,,,,,,,,,4603,0.99,0.0,0.0
2026-07-17T13:40:49.041284,Raspberry_Relieve7,,,,,,0.0,,,,,,,,,4604,1.01,0.0,0.0
2026-07-17T13:40:50.041413,Raspberry_Relieve7,,,,,,0.0,,,,,,,,,4606,1.04,0.0,0.0
2026-07-17T13:40:51.041514,Raspberry_Relieve7,,,,,,0.0,,,,,,,,,4607,1.16,0.0,0.0
2026-07-17T13:40:52.041627,Raspberry_Relieve7,,,,,,0.0,,,,,,,,,4607,0.82,0.0,0.0
2026-07-17T13:40:53.041787,Raspberry_Relieve7,,,,,,0.0,,,,,,,,,4608,0.9,0.0,0.0
2026-07-17T13:40:54.041833,Raspberry_Relieve7,,,,,,0.0,,,,,,,,,4610,1.15,0.0,0.0
2026-07-17T13:40:55.041915,Raspberry_Relieve7,,,,,,0.0,,,,,,,,,4610,0.89,0.0,0.0
2026-07-17T13:40:56.042049,Raspberry_Relieve7,,,,,,0.0,,,,,,,,,4611,1.06,0.0,0.0
2026-07-17T13:40:57.042163,Raspberry_Relieve7,,,,,,0.0,,,,,,,,,4613,1.04,0.0,0.0
2026-07-17T13:40:58.042370,Raspberry_Relieve7,,,,,,0.0,,,,,,,,,4614,1.01,0.0,0.0
2026-07-17T13:40:59.042526,Raspberry_Relieve7,,,,,,0.0,,,,,,,,,4614,0.92,0.0,0.0
2026-07-17T13:41:00.042614,Raspberry_Relieve7,,,,,,0.0,,,,,,,,,4615,1.02,0.0,0.0
2026-07-17T13:41:01.042763,Raspberry_Relieve7,,,,,,0.0,,,,,,,,,4616,1.03,0.0,0.0
2026-07-17T13:41:02.042804,Raspberry_Relieve7,,,,,,0.0,,,,,,,,,4617,0.99,0.0,0.0
2026-07-17T13:41:03.042982,Raspberry_Relieve7,,,,,,0.0,,,,,,,,,4618,0.98,0.0,0.0
2026-07-17T13:41:04.043067,Raspberry_Relieve7,,,,,,0.0,,,,,,,,,4620,1.05,0.0,0.0
2026-07-17T13:41:05.043161,Raspberry_Relieve7,,,,,,0.0,,,,,,,,,4620,0.96,0.0,0.0
2026-07-17T13:41:06.043239,Raspberry_Relieve7,,,,,,0.0,,,,,,,,,4621,1.02,0.0,0.0
2026-07-17T13:41:07.043327,Raspberry_Relieve7,,,,,,0.0,,,,,,,,,4622,0.95,0.0,0.0
2026-07-17T13:41:08.043408,Raspberry_Relieve7,,,,,,0.0,,,,,,,,,4623,1.02,0.0,0.0
2026-07-17T13:41:09.043506,Raspberry_Relieve7,,,,,,0.0,,,,,,,,,4624,0.93,0.0,0.0
2026-07-17T13:41:10.043584,Raspberry_Relieve7,,,,,,0.0,,,,,,,,,4625,1.08,0.0,0.0
2026-07-17T13:41:11.043669,Raspberry_Relieve7,,,,,,0.0,,,,,,,,,4626,0.98,0.0,0.0
2026-07-17T13:41:12.043760,Raspberry_Relieve7,,,,,,0.0,,,,,,,,,4627,1.01,0.0,0.0
2026-07-17T13:41:13.043916,Raspberry_Relieve7,,,,,,0.0,,,,,,,,,4629,1.05,0.0,0.0
2026-07-17T13:41:14.044015,Raspberry_Relieve7,,,,,,0.0,,,,,,,,,4630,1.0,0.0,0.0
2026-07-17T13:41:15.044187,Raspberry_Relieve7,,,,,,0.0,,,,,,,,,4631,1.02,0.0,0.0
2026-07-17T13:41:16.044319,Raspberry_Relieve7,,,,,,0.0,,,,,,,,,4631,0.94,0.0,0.0
2026-07-17T13:41:17.044421,Raspberry_Relieve7,,,,,,0.0,,,,,,,,,4633,1.05,0.0,0.0
2026-07-17T13:41:18.044536,Raspberry_Relieve7,,,,,,0.0,,,,,,,,,4633,0.95,0.0,0.0
2026-07-17T13:41:19.044651,Raspberry_Relieve7,,,,,,0.0,,,,,,,,,4634,0.96,0.0,0.0
2026-07-17T13:41:20.044759,Raspberry_Relieve7,,,,,,0.0,,,,,,,,,4635,1.05,0.0,0.0
2026-07-17T13:41:21.044880,Raspberry_Relieve7,,,,,,0.0,,,,,,,,,4636,1.0,0.0,0.0
2026-07-17T13:41:22.044955,Raspberry_Relieve7,,,,,,0.0,,,,,,,,,4637,1.0,0.0,0.0
2026-07-17T13:41:23.045042,Raspberry_Relieve7,,,,,,0.0,,,,,,,,,4638,1.03,0.0,0.0
2026-07-17T13:41:24.045116,Raspberry_Relieve7,,,,,,0.0,,,,,,,,,4640,1.05,0.0,0.0
2026-07-17T13:41:25.045262,Raspberry_Relieve7,,,,,,0.0,,,,,,,,,4640,0.92,0.0,0.0
2026-07-17T13:41:26.045371,Raspberry_Relieve7,,,,,,0.0,,,,,,,,,4641,1.02,0.0,0.0
2026-07-17T13:41:27.045507,Raspberry_Relieve7,,,,,,0.0,,,,,,,,,4643,1.02,0.0,0.0
2026-07-17T13:41:28.045611,Raspberry_Relieve7,,,,,,0.0,,,,,,,,,4644,1.02,0.0,0.0
2026-07-17T13:41:29.045724,Raspberry_Relieve7,,,,,,0.0,,,,,,,,,4644,0.89,0.0,0.0
2026-07-17T13:41:30.045840,Raspberry_Relieve7,,,,,,0.0,,,,,,,,,4645,1.05,0.0,0.0
2026-07-17T13:41:31.045914,Raspberry_Relieve7,,,,,,0.0,,,,,,,,,4647,1.02,0.0,0.0
2026-07-17T13:41:32.046027,Raspberry_Relieve7,,,,,,0.0,,,,,,,,,4648,1.02,0.0,0.0
2026-07-17T13:41:33.046156,Raspberry_Relieve7,,,,,,0.0,,,,,,,,,4648,0.92,0.0,0.0
2026-07-17T13:41:34.046288,Raspberry_Relieve7,,,,,,0.0,,,,,,,,,4649,1.02,0.0,0.0
2026-07-17T13:41:35.046343,Raspberry_Relieve7,,,,,,0.0,,,,,,,,,4650,1.03,0.0,0.0
2026-07-17T13:41:36.046432,Raspberry_Relieve7,,,,,,0.0,,,,,,,,,4652,1.02,0.0,0.0
2026-07-17T13:41:37.046518,Raspberry_Relieve7,,,,,,0.0,,,,,,,,,4652,0.93,0.0,0.0
2026-07-17T13:41:38.046694,Raspberry_Relieve7,,,,,,0.0,,,,,,,,,4653,0.98,0.0,0.0
2026-07-17T13:41:39.046800,Raspberry_Relieve7,,,,,,0.0,,,,,,,,,4654,1.03,0.0,0.0
2026-07-17T13:41:40.046988,Raspberry_Relieve7,,,,,,0.0,,,,,,,,,4655,0.92,0.0,0.0
2026-07-17T13:41:41.047167,Raspberry_Relieve7,,,,,,0.0,,,,,,,,,4656,1.08,0.0,0.0
2026-07-17T13:41:42.047260,Raspberry_Relieve7,,,,,,0.0,,,,,,,,,4657,0.99,0.0,0.0
2026-07-17T13:41:43.047415,Raspberry_Relieve7,,,,,,0.0,,,,,,,,,4658,1.02,0.0,0.0
2026-07-17T13:41:44.047460,Raspberry_Relieve7,,,,,,0.0,,,,,,,,,4660,1.02,0.0,0.0
2026-07-17T13:41:45.047541,Raspberry_Relieve7,,,,,,0.0,,,,,,,,,4661,1.02,0.0,0.0
2026-07-17T13:41:46.047665,Raspberry_Relieve7,,,,,,0.0,,,,,,,,,4661,0.92,0.0,0.0
2026-07-17T13:41:47.047777,Raspberry_Relieve7,,,,,,0.0,,,,,,,,,4662,0.92,0.0,0.0
2026-07-17T13:41:48.047889,Raspberry_Relieve7,,,,,,0.0,,,,,,,,,4663,1.11,0.0,0.0
2026-07-17T13:41:49.048040,Raspberry_Relieve7,,,,,,0.0,,,,,,,,,4664,0.97,0.0,0.0
2026-07-17T13:41:50.048294,Raspberry_Relieve7,,,,,,0.0,,,,,,,,,4665,1.01,0.0,0.0
2026-07-17T13:41:51.048483,Raspberry_Relieve7,,,,,,0.0,,,,,,,,,4667,1.09,0.0,0.0
2026-07-17T13:41:52.048602,Raspberry_Relieve7,,,,,,0.0,,,,,,,,,4667,0.94,0.0,0.0
2026-07-17T13:41:53.048679,Raspberry_Relieve7,,,,,,0.0,,,,,,,,,4668,0.97,0.0,0.0
2026-07-17T13:41:54.048810,Raspberry_Relieve7,,,,,,0.0,,,,,,,,,4670,1.12,0.0,0.0
2026-07-17T13:41:55.048914,Raspberry_Relieve7,,,,,,0.0,,,,,,,,,4670,0.83,0.0,0.0
2026-07-17T13:41:56.049042,Raspberry_Relieve7,,,,,,0.0,,,,,,,,,4671,1.04,0.0,0.0
2026-07-17T13:41:57.049120,Raspberry_Relieve7,,,,,,0.0,,,,,,,,,4672,1.02,0.0,0.0
2026-07-17T13:41:58.049203,Raspberry_Relieve7,,,,,,0.0,,,,,,,,,4674,1.04,0.0,0.0
2026-07-17T13:41:59.049285,Raspberry_Relieve7,,,,,,0.0,,,,,,,,,4674,0.94,0.0,0.0
2026-07-17T13:42:00.049357,Raspberry_Relieve7,,,,,,0.0,,,,,,,,,4675,0.98,0.0,0.0
2026-07-17T13:42:01.049529,Raspberry_Relieve7,,,,,,0.0,,,,,,,,,4676,1.04,0.0,0.0
2026-07-17T13:42:02.049634,Raspberry_Relieve7,,,,,,0.0,,,,,,,,,4678,1.03,0.0,0.0
2026-07-17T13:42:03.049840,Raspberry_Relieve7,,,,,,0.0,,,,,,,,,4678,0.98,0.0,0.0
2026-07-17T13:42:04.050037,Raspberry_Relieve7,,,,,,0.0,,,,,,,,,4680,1.04,0.0,0.0
2026-07-17T13:42:05.050231,Raspberry_Relieve7,,,,,,0.0,,,,,,,,,4681,1.07,0.0,0.0
2026-07-17T13:42:06.050418,Raspberry_Relieve7,,,,,,0.0,,,,,,,,,4681,0.87,0.0,0.0
2026-07-17T13:42:07.050467,Raspberry_Relieve7,,,,,,0.0,,,,,,,,,4682,1.0,0.0,0.0
2026-07-17T13:42:08.050544,Raspberry_Relieve7,,,,,,0.0,,,,,,,,,4683,0.96,0.0,0.0
2026-07-17T13:42:09.050684,Raspberry_Relieve7,,,,,,0.0,,,,,,,,,4685,1.26,0.0,0.0
2026-07-17T13:42:10.050796,Raspberry_Relieve7,,,,,,0.0,,,,,,,,,4685,0.75,0.0,0.0
2026-07-17T13:42:11.050913,Raspberry_Relieve7,,,,,,0.0,,,,,,,,,4686,1.03,0.0,0.0
2026-07-17T13:42:12.051026,Raspberry_Relieve7,,,,,,0.0,,,,,,,,,4687,0.97,0.0,0.0
2026-07-17T13:42:13.051104,Raspberry_Relieve7,,,,,,0.0,,,,,,,,,4689,1.15,0.0,0.0
2026-07-17T13:42:14.051231,Raspberry_Relieve7,,,,,,0.0,,,,,,,,,4690,0.92,0.0,0.0
2026-07-17T13:42:15.051354,Raspberry_Relieve7,,,,,,0.0,,,,,,,,,4690,0.97,0.0,0.0
2026-07-17T13:42:16.051467,Raspberry_Relieve7,,,,,,0.0,,,,,,,,,4691,0.98,0.0,0.0
2026-07-17T13:42:17.051588,Raspberry_Relieve7,,,,,,0.0,,,,,,,,,4693,1.05,0.0,0.0
2026-07-17T13:42:18.051644,Raspberry_Relieve7,,,,,,0.0,,,,,,,,,4694,0.99,0.0,0.0
2026-07-17T13:42:19.051793,Raspberry_Relieve7,,,,,,0.0,,,,,,,,,4695,1.02,0.0,0.0
2026-07-17T13:42:20.051883,Raspberry_Relieve7,,,,,,0.0,,,,,,,,,4696,1.0,0.0,0.0
2026-07-17T13:42:21.052001,Raspberry_Relieve7,,,,,,0.0,,,,,,,,,4697,1.03,0.0,0.0
2026-07-17T13:42:22.052064,Raspberry_Relieve7,,,,,,0.0,,,,,,,,,4698,0.94,0.0,0.0
2026-07-17T13:42:23.052203,Raspberry_Relieve7,,,,,,0.0,,,,,,,,,4699,1.08,0.0,0.0
2026-07-17T13:42:24.052312,Raspberry_Relieve7,,,,,,0.0,,,,,,,,,4700,1.07,0.0,0.0
2026-07-17T13:42:25.052452,Raspberry_Relieve7,,,,,,0.0,,,,,,,,,4701,0.86,0.0,0.0
2026-07-17T13:42:26.052530,Raspberry_Relieve7,,,,,,0.0,,,,,,,,,4701,0.98,0.0,0.0
2026-07-17T13:42:27.052666,Raspberry_Relieve7,,,,,,0.0,,,,,,,,,4703,1.02,0.0,0.0
2026-07-17T13:42:28.052771,Raspberry_Relieve7,,,,,,0.0,,,,,,,,,4703,0.95,0.0,0.0
2026-07-17T13:42:29.052846,Raspberry_Relieve7,,,,,,0.0,,,,,,,,,4704,1.02,0.0,0.0
2026-07-17T13:42:30.052936,Raspberry_Relieve7,,,,,,0.0,,,,,,,,,4705,1.0,0.0,0.0
2026-07-17T13:42:31.053069,Raspberry_Relieve7,,,,,,0.0,,,,,,,,,4707,1.03,0.0,0.0
2026-07-17T13:42:32.053190,Raspberry_Relieve7,,,,,,0.0,,,,,,,,,4708,1.15,0.0,0.0
2026-07-17T13:42:33.053304,Raspberry_Relieve7,,,,,,0.0,,,,,,,,,4709,0.89,0.0,0.0
2026-07-17T13:42:34.053427,Raspberry_Relieve7,,,,,,0.0,,,,,,,,,4709,0.92,0.0,0.0
2026-07-17T13:42:35.053543,Raspberry_Relieve7,,,,,,0.0,,,,,,,,,4711,1.02,0.0,0.0
2026-07-17T13:42:36.053655,Raspberry_Relieve7,,,,,,0.0,,,,,,,,,4712,1.03,0.0,0.0
2026-07-17T13:42:37.053729,Raspberry_Relieve7,,,,,,0.0,,,,,,,,,4712,0.93,0.0,0.0
2026-07-17T13:42:38.053815,Raspberry_Relieve7,,,,,,0.0,,,,,,,,,4713,1.0,0.0,0.0
2026-07-17T13:42:39.053901,Raspberry_Relieve7,,,,,,0.0,,,,,,,,,4714,1.02,0.0,0.0
2026-07-17T13:42:40.054060,Raspberry_Relieve7,,,,,,0.0,,,,,,,,,4715,1.0,0.0,0.0
2026-07-17T13:42:41.054113,Raspberry_Relieve7,,,,,,0.0,,,,,,,,,4717,1.02,0.0,0.0
2026-07-17T13:42:42.054199,Raspberry_Relieve7,,,,,,0.0,,,,,,,,,4717,0.97,0.0,0.0
2026-07-17T13:42:43.054325,Raspberry_Relieve7,,,,,,0.0,,,,,,,,,4719,1.04,0.0,0.0
2026-07-17T13:42:44.054400,Raspberry_Relieve7,,,,,,0.0,,,,,,,,,4720,1.0,0.0,0.0
2026-07-17T13:42:45.054517,Raspberry_Relieve7,,,,,,0.0,,,,,,,,,4721,1.03,0.0,0.0
2026-07-17T13:42:46.054721,Raspberry_Relieve7,,,,,,0.0,,,,,,,,,4721,0.92,0.0,0.0
2026-07-17T13:42:47.054943,Raspberry_Relieve7,,,,,,0.0,,,,,,,,,4723,1.08,0.0,0.0
2026-07-17T13:42:48.055053,Raspberry_Relieve7,,,,,,0.0,,,,,,,,,4724,0.97,0.0,0.0
2026-07-17T13:42:49.055161,Raspberry_Relieve7,,,,,,0.0,,,,,,,,,4725,1.02,0.0,0.0
2026-07-17T13:42:50.055290,Raspberry_Relieve7,,,,,,0.0,,,,,,,,,4726,1.03,0.0,0.0
2026-07-17T13:42:51.055354,Raspberry_Relieve7,,,,,,0.0,,,,,,,,,4727,1.02,0.0,0.0
2026-07-17T13:42:52.055442,Raspberry_Relieve7,,,,,,0.0,,,,,,,,,4727,0.82,0.0,0.0
2026-07-17T13:42:53.055651,Raspberry_Relieve7,,,,,,0.0,,,,,,,,,4728,1.03,0.0,0.0
2026-07-17T13:42:54.055710,Raspberry_Relieve7,,,,,,0.0,,,,,,,,,4729,1.02,0.0,0.0
2026-07-17T13:42:55.055794,Raspberry_Relieve7,,,,,,0.0,,,,,,,,,4730,1.02,0.0,0.0
2026-07-17T13:42:56.055892,Raspberry_Relieve7,,,,,,0.0,,,,,,,,,4732,1.02,0.0,0.0
2026-07-17T13:42:57.055945,Raspberry_Relieve7,,,,,,0.0,,,,,,,,,4732,0.93,0.0,0.0
2026-07-17T13:42:58.056011,Raspberry_Relieve7,,,,,,0.0,,,,,,,,,4733,1.04,0.0,0.0
2026-07-17T13:42:59.056086,Raspberry_Relieve7,,,,,,0.0,,,,,,,,,4734,0.97,0.0,0.0
2026-07-17T13:43:00.056184,Raspberry_Relieve7,,,,,,0.0,,,,,,,,,4735,0.99,0.0,0.0
2026-07-17T13:43:01.056262,Raspberry_Relieve7,,,,,,0.0,,,,,,,,,4736,1.02,0.0,0.0
2026-07-17T13:43:02.056338,Raspberry_Relieve7,,,,,,0.0,,,,,,,,,4738,1.05,0.0,0.0
2026-07-17T13:43:03.056462,Raspberry_Relieve7,,,,,,0.0,,,,,,,,,4738,0.97,0.0,0.0
2026-07-17T13:43:04.056567,Raspberry_Relieve7,,,,,,0.0,,,,,,,,,4739,1.01,0.0,0.0
2026-07-17T13:43:05.056797,Raspberry_Relieve7,,,,,,0.0,,,,,,,,,4741,1.03,0.0,0.0
2026-07-17T13:43:06.056964,Raspberry_Relieve7,,,,,,0.0,,,,,,,,,4742,1.02,0.0,0.0
2026-07-17T13:43:07.057061,Raspberry_Relieve7,,,,,,0.0,,,,,,,,,4743,1.02,0.0,0.0
2026-07-17T13:43:08.057198,Raspberry_Relieve7,,,,,,0.0,,,,,,,,,4743,0.92,0.0,0.0
2026-07-17T13:43:09.057247,Raspberry_Relieve7,,,,,,0.0,,,,,,,,,4745,1.02,0.0,0.0
2026-07-17T13:43:10.057323,Raspberry_Relieve7,,,,,,0.0,,,,,,,,,4746,1.02,0.0,0.0
2026-07-17T13:43:11.057455,Raspberry_Relieve7,,,,,,0.0,,,,,,,,,4747,1.02,0.0,0.0
2026-07-17T13:43:12.057522,Raspberry_Relieve7,,,,,,0.0,,,,,,,,,4748,1.02,0.0,0.0
2026-07-17T13:43:13.057610,Raspberry_Relieve7,,,,,,0.0,,,,,,,,,4748,0.86,0.0,0.0
2026-07-17T13:43:14.057695,Raspberry_Relieve7,,,,,,0.0,,,,,,,,,4749,1.0,0.0,0.0
2026-07-17T13:43:15.057807,Raspberry_Relieve7,,,,,,0.0,,,,,,,,,4750,0.98,0.0,0.0
2026-07-17T13:43:16.057876,Raspberry_Relieve7,,,,,,0.0,,,,,,,,,4751,1.01,0.0,0.0
2026-07-17T13:43:17.058006,Raspberry_Relieve7,,,,,,0.0,,,,,,,,,4752,1.0,0.0,0.0
2026-07-17T13:43:18.058111,Raspberry_Relieve7,,,,,,0.0,,,,,,,,,4753,1.02,0.0,0.0
2026-07-17T13:43:19.058247,Raspberry_Relieve7,,,,,,0.0,,,,,,,,,4754,1.01,0.0,0.0
2026-07-17T13:43:20.058436,Raspberry_Relieve7,,,,,,0.0,,,,,,,,,4755,1.02,0.0,0.0
2026-07-17T13:43:21.058626,Raspberry_Relieve7,,,,,,0.0,,,,,,,,,4756,1.0,0.0,0.0
2026-07-17T13:43:22.058720,Raspberry_Relieve7,,,,,,0.0,,,,,,,,,4757,0.93,0.0,0.0
2026-07-17T13:43:23.058868,Raspberry_Relieve7,,,,,,0.0,,,,,,,,,4759,1.43,0.0,0.0
2026-07-17T13:43:24.058957,Raspberry_Relieve7,,,,,,0.0,,,,,,,,,4759,0.62,0.0,0.0
2026-07-17T13:43:25.059100,Raspberry_Relieve7,,,,,,0.0,,,,,,,,,4760,1.02,0.0,0.0
2026-07-17T13:43:26.059207,Raspberry_Relieve7,,,,,,0.0,,,,,,,,,4761,0.97,0.0,0.0
2026-07-17T13:43:27.059403,Raspberry_Relieve7,,,,,,0.0,,,,,,,,,4763,1.08,0.0,0.0
2026-07-17T13:43:28.059454,Raspberry_Relieve7,,,,,,0.0,,,,,,,,,4764,1.02,0.0,0.0
2026-07-17T13:43:29.059536,Raspberry_Relieve7,,,,,,0.0,,,,,,,,,4764,0.93,0.0,0.0
2026-07-17T13:43:30.059652,Raspberry_Relieve7,,,,,,0.0,,,,,,,,,4765,0.94,0.0,0.0
2026-07-17T13:43:31.059783,Raspberry_Relieve7,,,,,,0.0,,,,,,,,,4767,1.12,0.0,0.0
2026-07-17T13:43:32.059999,Raspberry_Relieve7,,,,,,0.0,,,,,,,,,4767,0.92,0.0,0.0
2026-07-17T13:43:33.060107,Raspberry_Relieve7,,,,,,0.0,,,,,,,,,4768,1.02,0.0,0.0
2026-07-17T13:43:34.060241,Raspberry_Relieve7,,,,,,0.0,,,,,,,,,4769,0.98,0.0,0.0
2026-07-17T13:43:35.060457,Raspberry_Relieve7,,,,,,0.0,,,,,,,,,4770,1.02,0.0,0.0
2026-07-17T13:43:36.060514,Raspberry_Relieve7,,,,,,0.0,,,,,,,,,4771,0.96,0.0,0.0
2026-07-17T13:43:37.060595,Raspberry_Relieve7,,,,,,0.0,,,,,,,,,4772,1.02,0.0,0.0
2026-07-17T13:43:38.060723,Raspberry_Relieve7,,,,,,0.0,,,,,,,,,4774,1.1,0.0,0.0
2026-07-17T13:43:39.060801,Raspberry_Relieve7,,,,,,0.0,,,,,,,,,4774,0.86,0.0,0.0
2026-07-17T13:43:40.060895,Raspberry_Relieve7,,,,,,0.0,,,,,,,,,4775,1.02,0.0,0.0
2026-07-17T13:43:41.060975,Raspberry_Relieve7,,,,,,0.0,,,,,,,,,4777,1.07,0.0,0.0
2026-07-17T13:43:42.061102,Raspberry_Relieve7,,,,,,0.0,,,,,,,,,4777,0.96,0.0,0.0
2026-07-17T13:43:43.061177,Raspberry_Relieve7,,,,,,0.0,,,,,,,,,4778,0.96,0.0,0.0
2026-07-17T13:43:44.061298,Raspberry_Relieve7,,,,,,0.0,,,,,,,,,4780,1.07,0.0,0.0
2026-07-17T13:43:45.061496,Raspberry_Relieve7,,,,,,0.0,,,,,,,,,4780,0.94,0.0,0.0
2026-07-17T13:43:46.061678,Raspberry_Relieve7,,,,,,0.0,,,,,,,,,4781,1.01,0.0,0.0
2026-07-17T13:43:47.061777,Raspberry_Relieve7,,,,,,0.0,,,,,,,,,4782,0.98,0.0,0.0
2026-07-17T13:43:48.061928,Raspberry_Relieve7,,,,,,0.0,,,,,,,,,4783,1.0,0.0,0.0
2026-07-17T13:43:49.062026,Raspberry_Relieve7,,,,,,0.0,,,,,,,,,4784,1.02,0.0,0.0
2026-07-17T13:43:50.062093,Raspberry_Relieve7,,,,,,0.0,,,,,,,,,4785,0.95,0.0,0.0
2026-07-17T13:43:51.062172,Raspberry_Relieve7,,,,,,0.0,,,,,,,,,4787,1.08,0.0,0.0
2026-07-17T13:43:52.062273,Raspberry_Relieve7,,,,,,0.0,,,,,,,,,4788,1.02,0.0,0.0
2026-07-17T13:43:53.062355,Raspberry_Relieve7,,,,,,0.0,,,,,,,,,4788,0.94,0.0,0.0
2026-07-17T13:43:54.062432,Raspberry_Relieve7,,,,,,0.0,,,,,,,,,4789,1.01,0.0,0.0
2026-07-17T13:43:55.062692,Raspberry_Relieve7,,,,,,0.0,,,,,,,,,4790,1.02,0.0,0.0
2026-07-17T13:43:56.062902,Raspberry_Relieve7,,,,,,0.0,,,,,,,,,4792,1.02,0.0,0.0
2026-07-17T13:43:57.063026,Raspberry_Relieve7,,,,,,0.0,,,,,,,,,4793,1.02,0.0,0.0
2026-07-17T13:43:58.063105,Raspberry_Relieve7,,,,,,0.0,,,,,,,,,4793,0.91,0.0,0.0
2026-07-17T13:43:59.063176,Raspberry_Relieve7,,,,,,0.0,,,,,,,,,4794,1.02,0.0,0.0
2026-07-17T13:44:00.063256,Raspberry_Relieve7,,,,,,0.0,,,,,,,,,4795,0.95,0.0,0.0
2026-07-17T13:44:01.063382,Raspberry_Relieve7,,,,,,0.0,,,,,,,,,4796,1.07,0.0,0.0
2026-07-17T13:44:02.063455,Raspberry_Relieve7,,,,,,0.0,,,,,,,,,4797,0.97,0.0,0.0
2026-07-17T13:44:03.063541,Raspberry_Relieve7,,,,,,0.0,,,,,,,,,4798,1.0,0.0,0.0
2026-07-17T13:44:04.063659,Raspberry_Relieve7,,,,,,0.0,,,,,,,,,4799,1.0,0.0,0.0
2026-07-17T13:44:05.063729,Raspberry_Relieve7,,,,,,0.0,,,,,,,,,4800,1.0,0.0,0.0
2026-07-17T13:44:06.063817,Raspberry_Relieve7,,,,,,0.0,,,,,,,,,4801,0.98,0.0,0.0
2026-07-17T13:44:07.063909,Raspberry_Relieve7,,,,,,0.0,,,,,,,,,4802,1.05,0.0,0.0
2026-07-17T13:44:08.063997,Raspberry_Relieve7,,,,,,0.0,,,,,,,,,4803,0.98,0.0,0.0
2026-07-17T13:44:09.064075,Raspberry_Relieve7,,,,,,0.0,,,,,,,,,4805,1.06,0.0,0.0
2026-07-17T13:44:10.064162,Raspberry_Relieve7,,,,,,0.0,,,,,,,,,4806,1.02,0.0,0.0
2026-07-17T13:44:11.064292,Raspberry_Relieve7,,,,,,0.0,,,,,,,,,4806,0.92,0.0,0.0
2026-07-17T13:44:12.064418,Raspberry_Relieve7,,,,,,0.0,,,,,,,,,4808,1.1,0.0,0.0
2026-07-17T13:44:13.064523,Raspberry_Relieve7,,,,,,0.0,,,,,,,,,4809,0.95,0.0,0.0
2026-07-17T13:44:14.064730,Raspberry_Relieve7,,,,,,0.0,,,,,,,,,4810,1.03,0.0,0.0
2026-07-17T13:44:15.064920,Raspberry_Relieve7,,,,,,0.0,,,,,,,,,4810,0.93,0.0,0.0
2026-07-17T13:44:16.065050,Raspberry_Relieve7,,,,,,0.0,,,,,,,,,4811,1.01,0.0,0.0
2026-07-17T13:44:17.065203,Raspberry_Relieve7,,,,,,0.0,,,,,,,,,4813,1.03,0.0,0.0
2026-07-17T13:44:18.065294,Raspberry_Relieve7,,,,,,0.0,,,,,,,,,4814,1.02,0.0,0.0
2026-07-17T13:44:19.065355,Raspberry_Relieve7,,,,,,0.0,,,,,,,,,4814,0.93,0.0,0.0
2026-07-17T13:44:20.065471,Raspberry_Relieve7,,,,,,0.0,,,,,,,,,4815,0.94,0.0,0.0
2026-07-17T13:44:21.065523,Raspberry_Relieve7,,,,,,0.0,,,,,,,,,4816,1.03,0.0,0.0
2026-07-17T13:44:22.065754,Raspberry_Relieve7,,,,,,0.0,,,,,,,,,4817,1.05,0.0,0.0
2026-07-17T13:44:23.065926,Raspberry_Relieve7,,,,,,0.0,,,,,,,,,4819,1.04,0.0,0.0
2026-07-17T13:44:24.066047,Raspberry_Relieve7,,,,,,0.0,,,,,,,,,4820,1.05,0.0,0.0
2026-07-17T13:44:25.066119,Raspberry_Relieve7,,,,,,0.0,,,,,,,,,4821,0.92,0.0,0.0
2026-07-17T13:44:26.066190,Raspberry_Relieve7,,,,,,0.0,,,,,,,,,4822,1.02,0.0,0.0
2026-07-17T13:44:27.066279,Raspberry_Relieve7,,,,,,0.0,,,,,,,,,4823,1.02,0.0,0.0
2026-07-17T13:44:28.066394,Raspberry_Relieve7,,,,,,0.0,,,,,,,,,4823,0.92,0.0,0.0
2026-07-17T13:44:29.066464,Raspberry_Relieve7,,,,,,0.0,,,,,,,,,4824,1.02,0.0,0.0
2026-07-17T13:44:30.066761,Raspberry_Relieve7,,,,,,0.0,,,,,,,,,4825,1.0,0.0,0.0
2026-07-17T13:44:31.067008,Raspberry_Relieve7,,,,,,0.0,,,,,,,,,4827,1.02,0.0,0.0
2026-07-17T13:44:32.067216,Raspberry_Relieve7,,,,,,0.0,,,,,,,,,4827,0.95,0.0,0.0
2026-07-17T13:44:33.067259,Raspberry_Relieve7,,,,,,0.0,,,,,,,,,4828,0.98,0.0,0.0
2026-07-17T13:44:34.067385,Raspberry_Relieve7,,,,,,0.0,,,,,,,,,4829,1.04,0.0,0.0
2026-07-17T13:44:35.067502,Raspberry_Relieve7,,,,,,0.0,,,,,,,,,4831,1.01,0.0,0.0
2026-07-17T13:44:36.067616,Raspberry_Relieve7,,,,,,0.0,,,,,,,,,4831,0.96,0.0,0.0
2026-07-17T13:44:37.067690,Raspberry_Relieve7,,,,,,0.0,,,,,,,,,4832,1.03,0.0,0.0
2026-07-17T13:44:38.067787,Raspberry_Relieve7,,,,,,0.0,,,,,,,,,4833,0.95,0.0,0.0
2026-07-17T13:44:39.067871,Raspberry_Relieve7,,,,,,0.0,,,,,,,,,4834,1.01,0.0,0.0
2026-07-17T13:44:40.067947,Raspberry_Relieve7,,,,,,0.0,,,,,,,,,4835,0.97,0.0,0.0
2026-07-17T13:44:41.068089,Raspberry_Relieve7,,,,,,0.0,,,,,,,,,4837,1.15,0.0,0.0
2026-07-17T13:44:42.068195,Raspberry_Relieve7,,,,,,0.0,,,,,,,,,4838,1.02,0.0,0.0
2026-07-17T13:44:43.068358,Raspberry_Relieve7,,,,,,0.0,,,,,,,,,4839,0.92,0.0,0.0
2026-07-17T13:44:44.068571,Raspberry_Relieve7,,,,,,0.0,,,,,,,,,4839,0.93,0.0,0.0
2026-07-17T13:44:45.068675,Raspberry_Relieve7,,,,,,0.0,,,,,,,,,4841,1.12,0.0,0.0
2026-07-17T13:44:46.068835,Raspberry_Relieve7,,,,,,0.0,,,,,,,,,4841,0.91,0.0,0.0
2026-07-17T13:44:47.068870,Raspberry_Relieve7,,,,,,0.0,,,,,,,,,4842,1.01,0.0,0.0
2026-07-17T13:44:48.068977,Raspberry_Relieve7,,,,,,0.0,,,,,,,,,4843,0.99,0.0,0.0
2026-07-17T13:44:49.069258,Raspberry_Relieve7,,,,,,0.0,,,,,,,,,4845,1.04,0.0,0.0
2026-07-17T13:44:50.069395,Raspberry_Relieve7,,,,,,0.0,,,,,,,,,4846,1.08,0.0,0.0
2026-07-17T13:44:51.069446,Raspberry_Relieve7,,,,,,0.0,,,,,,,,,4847,1.02,0.0,0.0
2026-07-17T13:44:52.069536,Raspberry_Relieve7,,,,,,0.0,,,,,,,,,4848,0.92,0.0,0.0
2026-07-17T13:44:53.069663,Raspberry_Relieve7,,,,,,0.0,,,,,,,,,4848,0.94,0.0,0.0
2026-07-17T13:44:54.069730,Raspberry_Relieve7,,,,,,0.0,,,,,,,,,4850,1.09,0.0,0.0
2026-07-17T13:44:55.069818,Raspberry_Relieve7,,,,,,0.0,,,,,,,,,4850,0.91,0.0,0.0
2026-07-17T13:44:56.069954,Raspberry_Relieve7,,,,,,0.0,,,,,,,,,4852,1.04,0.0,0.0
2026-07-17T13:44:57.070023,Raspberry_Relieve7,,,,,,0.0,,,,,,,,,4853,1.02,0.0,0.0
2026-07-17T13:44:58.070103,Raspberry_Relieve7,,,,,,0.0,,,,,,,,,4854,0.98,0.0,0.0
2026-07-17T13:44:59.070192,Raspberry_Relieve7,,,,,,0.0,,,,,,,,,4855,1.0,0.0,0.0
2026-07-17T13:45:00.070302,Raspberry_Relieve7,,,,,,0.0,,,,,,,,,4856,1.01,0.0,0.0
2026-07-17T13:45:01.070394,Raspberry_Relieve7,,,,,,0.0,,,,,,,,,4857,1.23,0.0,0.0
2026-07-17T13:45:02.070458,Raspberry_Relieve7,,,,,,0.0,,,,,,,,,4857,0.72,0.0,0.0
2026-07-17T13:45:03.070613,Raspberry_Relieve7,,,,,,0.0,,,,,,,,,4858,1.01,0.0,0.0
2026-07-17T13:45:04.070801,Raspberry_Relieve7,,,,,,0.0,,,,,,,,,4859,1.01,0.0,0.0
2026-07-17T13:45:05.070962,Raspberry_Relieve7,,,,,,0.0,,,,,,,,,4861,1.03,0.0,0.0
2026-07-17T13:45:06.071063,Raspberry_Relieve7,,,,,,0.0,,,,,,,,,4862,1.05,0.0,0.0
2026-07-17T13:45:07.071332,Raspberry_Relieve7,,,,,,0.0,,,,,,,,,4863,1.02,0.0,0.0
2026-07-17T13:45:08.071373,Raspberry_Relieve7,,,,,,0.0,,,,,,,,,4864,0.92,0.0,0.0
2026-07-17T13:45:09.071503,Raspberry_Relieve7,,,,,,0.0,,,,,,,,,4865,1.01,0.0,0.0
2026-07-17T13:45:10.071581,Raspberry_Relieve7,,,,,,0.0,,,,,,,,,4865,0.94,0.0,0.0
2026-07-17T13:45:11.071661,Raspberry_Relieve7,,,,,,0.0,,,,,,,,,4866,1.03,0.0,0.0
2026-07-17T13:45:12.071741,Raspberry_Relieve7,,,,,,0.0,,,,,,,,,4867,0.98,0.0,0.0
2026-07-17T13:45:13.071939,Raspberry_Relieve7,,,,,,0.0,,,,,,,,,4869,1.05,0.0,0.0
2026-07-17T13:45:14.072145,Raspberry_Relieve7,,,,,,0.0,,,,,,,,,4869,0.95,0.0,0.0
2026-07-17T13:45:15.072332,Raspberry_Relieve7,,,,,,0.0,,,,,,,,,4871,1.09,0.0,0.0
2026-07-17T13:45:16.072459,Raspberry_Relieve7,,,,,,0.0,,,,,,,,,4872,0.94,0.0,0.0
2026-07-17T13:45:17.072595,Raspberry_Relieve7,,,,,,0.0,,,,,,,,,4873,1.11,0.0,0.0
2026-07-17T13:45:18.072696,Raspberry_Relieve7,,,,,,0.0,,,,,,,,,4874,1.02,0.0,0.0
2026-07-17T13:45:19.072804,Raspberry_Relieve7,,,,,,0.0,,,,,,,,,4874,0.84,0.0,0.0
2026-07-17T13:45:20.072875,Raspberry_Relieve7,,,,,,0.0,,,,,,,,,4875,1.02,0.0,0.0
2026-07-17T13:45:21.073029,Raspberry_Relieve7,,,,,,0.0,,,,,,,,,4876,0.98,0.0,0.0
2026-07-17T13:45:22.073134,Raspberry_Relieve7,,,,,,0.0,,,,,,,,,4877,0.98,0.0,0.0
2026-07-17T13:45:23.073237,Raspberry_Relieve7,,,,,,0.0,,,,,,,,,4879,1.11,0.0,0.0
2026-07-17T13:45:24.073309,Raspberry_Relieve7,,,,,,0.0,,,,,,,,,4880,0.96,0.0,0.0
2026-07-17T13:45:25.073387,Raspberry_Relieve7,,,,,,0.0,,,,,,,,,4880,0.93,0.0,0.0
2026-07-17T13:45:26.073524,Raspberry_Relieve7,,,,,,0.0,,,,,,,,,4881,0.99,0.0,0.0
2026-07-17T13:45:27.073636,Raspberry_Relieve7,,,,,,0.0,,,,,,,,,4883,1.07,0.0,0.0
2026-07-17T13:45:28.073763,Raspberry_Relieve7,,,,,,0.0,,,,,,,,,4883,0.94,0.0,0.0
2026-07-17T13:45:29.073877,Raspberry_Relieve7,,,,,,0.0,,,,,,,,,4885,1.08,0.0,0.0
2026-07-17T13:45:30.073950,Raspberry_Relieve7,,,,,,0.0,,,,,,,,,4886,0.98,0.0,0.0
2026-07-17T13:45:31.074074,Raspberry_Relieve7,,,,,,0.0,,,,,,,,,4886,0.98,0.0,0.0
2026-07-17T13:45:32.074191,Raspberry_Relieve7,,,,,,0.0,,,,,,,,,4888,1.03,0.0,0.0
2026-07-17T13:45:33.074308,Raspberry_Relieve7,,,,,,0.0,,,,,,,,,4889,0.97,0.0,0.0
2026-07-17T13:45:34.074374,Raspberry_Relieve7,,,,,,0.0,,,,,,,,,4890,1.02,0.0,0.0
2026-07-17T13:45:35.074501,Raspberry_Relieve7,,,,,,0.0,,,,,,,,,4891,1.23,0.0,0.0
2026-07-17T13:45:36.074618,Raspberry_Relieve7,,,,,,0.0,,,,,,,,,4892,0.82,0.0,0.0
2026-07-17T13:45:37.074689,Raspberry_Relieve7,,,,,,0.0,,,,,,,,,4893,1.02,0.0,0.0
2026-07-17T13:45:38.074773,Raspberry_Relieve7,,,,,,0.0,,,,,,,,,4894,0.92,0.0,0.0
2026-07-17T13:45:39.074897,Raspberry_Relieve7,,,,,,0.0,,,,,,,,,4895,1.11,0.0,0.0
2026-07-17T13:45:40.075099,Raspberry_Relieve7,,,,,,0.0,,,,,,,,,4896,0.94,0.0,0.0
2026-07-17T13:45:41.075216,Raspberry_Relieve7,,,,,,0.0,,,,,,,,,4896,0.92,0.0,0.0
2026-07-17T13:45:42.075329,Raspberry_Relieve7,,,,,,0.0,,,,,,,,,4898,1.05,0.0,0.0
2026-07-17T13:45:43.075452,Raspberry_Relieve7,,,,,,0.0,,,,,,,,,4899,0.99,0.0,0.0
2026-07-17T13:45:44.075581,Raspberry_Relieve7,,,,,,0.0,,,,,,,,,4900,0.99,0.0,0.0
2026-07-17T13:45:45.075687,Raspberry_Relieve7,,,,,,0.0,,,,,,,,,4900,0.99,0.0,0.0
2026-07-17T13:45:46.075796,Raspberry_Relieve7,,,,,,0.0,,,,,,,,,4902,1.04,0.0,0.0
2026-07-17T13:45:47.075914,Raspberry_Relieve7,,,,,,0.0,,,,,,,,,4903,0.99,0.0,0.0
2026-07-17T13:45:48.076026,Raspberry_Relieve7,,,,,,0.0,,,,,,,,,4904,1.0,0.0,0.0
2026-07-17T13:45:49.076092,Raspberry_Relieve7,,,,,,0.0,,,,,,,,,4905,1.04,0.0,0.0
2026-07-17T13:45:50.076170,Raspberry_Relieve7,,,,,,0.0,,,,,,,,,4906,0.92,0.0,0.0
2026-07-17T13:45:51.076312,Raspberry_Relieve7,,,,,,0.0,,,,,,,,,4907,1.02,0.0,0.0
2026-07-17T13:45:52.076420,Raspberry_Relieve7,,,,,,0.0,,,,,,,,,4908,1.02,0.0,0.0
2026-07-17T13:45:53.076533,Raspberry_Relieve7,,,,,,0.0,,,,,,,,,4909,1.03,0.0,0.0
2026-07-17T13:45:54.076665,Raspberry_Relieve7,,,,,,0.0,,,,,,,,,4910,1.02,0.0,0.0
2026-07-17T13:45:55.076770,Raspberry_Relieve7,,,,,,0.0,,,,,,,,,4911,0.92,0.0,0.0
2026-07-17T13:45:56.076833,Raspberry_Relieve7,,,,,,0.0,,,,,,,,,4912,1.02,0.0,0.0
2026-07-17T13:45:57.076986,Raspberry_Relieve7,,,,,,0.0,,,,,,,,,4913,1.11,0.0,0.0
2026-07-17T13:45:58.077114,Raspberry_Relieve7,,,,,,0.0,,,,,,,,,4914,0.94,0.0,0.0
2026-07-17T13:45:59.077230,Raspberry_Relieve7,,,,,,0.0,,,,,,,,,4915,0.95,0.0,0.0
2026-07-17T13:46:00.077431,Raspberry_Relieve7,,,,,,0.0,,,,,,,,,4921,6.02,0.0,0.0
2026-07-17T13:46:05.665021,Raspberry_Relieve7,,,,,,0.0,,,,,,,,,4921,0.62,0.0,0.0
2026-07-17T13:46:06.665211,Raspberry_Relieve7,,,,,,0.0,,,,,,,,,4922,1.02,0.0,0.0
2026-07-17T13:46:07.665339,Raspberry_Relieve7,,,,,,0.0,,,,,,,,,4923,0.92,0.0,0.0
2026-07-17T13:46:08.665519,Raspberry_Relieve7,,,,,,0.0,,,,,,,,,4924,1.02,0.0,0.0
2026-07-17T13:46:09.665693,Raspberry_Relieve7,,,,,,0.0,,,,,,,,,4925,1.02,0.0,0.0
2026-07-17T13:46:10.665824,Raspberry_Relieve7,,,,,,0.0,,,,,,,,,4926,0.94,0.0,0.0
2026-07-17T13:46:11.665940,Raspberry_Relieve7,,,,,,0.0,,,,,,,,,4927,1.01,0.0,0.0
2026-07-17T13:46:12.666000,Raspberry_Relieve7,,,,,,0.0,,,,,,,,,4928,1.11,0.0,0.0
2026-07-17T13:46:13.666090,Raspberry_Relieve7,,,,,,0.0,,,,,,,,,4929,0.94,0.0,0.0
2026-07-17T13:46:14.666191,Raspberry_Relieve7,,,,,,0.0,,,,,,,,,4930,1.02,0.0,0.0
2026-07-17T13:46:15.666354,Raspberry_Relieve7,,,,,,0.0,,,,,,,,,4931,1.02,0.0,0.0
2026-07-17T13:46:16.666538,Raspberry_Relieve7,,,,,,0.0,,,,,,,,,4932,0.93,0.0,0.0
2026-07-17T13:46:17.666713,Raspberry_Relieve7,,,,,,0.0,,,,,,,,,4933,0.96,0.0,0.0
2026-07-17T13:46:18.666843,Raspberry_Relieve7,,,,,,0.0,,,,,,,,,4934,1.04,0.0,0.0
2026-07-17T13:46:19.666976,Raspberry_Relieve7,,,,,,0.0,,,,,,,,,4935,0.96,0.0,0.0
2026-07-17T13:46:20.667066,Raspberry_Relieve7,,,,,,0.0,,,,,,,,,4936,1.01,0.0,0.0
2026-07-17T13:46:21.667199,Raspberry_Relieve7,,,,,,0.0,,,,,,,,,4937,1.0,0.0,0.0
2026-07-17T13:46:22.667281,Raspberry_Relieve7,,,,,,0.0,,,,,,,,,4938,1.02,0.0,0.0
2026-07-17T13:46:23.667373,Raspberry_Relieve7,,,,,,0.0,,,,,,,,,4939,1.03,0.0,0.0
2026-07-17T13:46:24.667462,Raspberry_Relieve7,,,,,,0.0,,,,,,,,,4940,0.97,0.0,0.0
2026-07-17T13:46:25.667626,Raspberry_Relieve7,,,,,,0.0,,,,,,,,,4941,1.06,0.0,0.0
2026-07-17T13:46:26.667753,Raspberry_Relieve7,,,,,,0.0,,,,,,,,,4942,0.99,0.0,0.0
2026-07-17T13:46:27.667836,Raspberry_Relieve7,,,,,,0.0,,,,,,,,,4943,0.92,0.0,0.0
2026-07-17T13:46:28.667923,Raspberry_Relieve7,,,,,,0.0,,,,,,,,,4944,1.02,0.0,0.0
2026-07-17T13:46:29.668074,Raspberry_Relieve7,,,,,,0.0,,,,,,,,,4945,1.02,0.0,0.0
2026-07-17T13:46:30.668200,Raspberry_Relieve7,,,,,,0.0,,,,,,,,,4946,1.01,0.0,0.0
2026-07-17T13:46:31.668327,Raspberry_Relieve7,,,,,,0.0,,,,,,,,,4947,1.03,0.0,0.0
2026-07-17T13:46:32.668452,Raspberry_Relieve7,,,,,,0.0,,,,,,,,,4948,0.97,0.0,0.0
2026-07-17T13:46:33.668587,Raspberry_Relieve7,,,,,,0.0,,,,,,,,,4949,1.01,0.0,0.0
2026-07-17T13:46:34.668715,Raspberry_Relieve7,,,,,,0.0,,,,,,,,,4950,1.0,0.0,0.0
2026-07-17T13:46:35.668851,Raspberry_Relieve7,,,,,,0.0,,,,,,,,,4951,0.95,0.0,0.0
2026-07-17T13:46:36.668972,Raspberry_Relieve7,,,,,,0.0,,,,,,,,,4952,1.05,0.0,0.0
2026-07-17T13:46:37.669033,Raspberry_Relieve7,,,,,,0.0,,,,,,,,,4953,1.03,0.0,0.0
2026-07-17T13:46:38.669134,Raspberry_Relieve7,,,,,,0.0,,,,,,,,,4954,0.97,0.0,0.0
2026-07-17T13:46:39.669291,Raspberry_Relieve7,,,,,,0.0,,,,,,,,,4955,1.03,0.0,0.0
2026-07-17T13:46:40.669395,Raspberry_Relieve7,,,,,,0.0,,,,,,,,,4956,1.02,0.0,0.0
2026-07-17T13:46:41.669484,Raspberry_Relieve7,,,,,,0.0,,,,,,,,,4957,1.02,0.0,0.0
2026-07-17T13:46:42.669591,Raspberry_Relieve7,,,,,,0.0,,,,,,,,,4958,1.02,0.0,0.0
2026-07-17T13:46:43.669739,Raspberry_Relieve7,,,,,,0.0,,,,,,,,,4959,0.86,0.0,0.0
2026-07-17T13:46:44.669876,Raspberry_Relieve7,,,,,,0.0,,,,,,,,,4960,1.05,0.0,0.0
2026-07-17T13:46:45.669941,Raspberry_Relieve7,,,,,,0.0,,,,,,,,,4961,1.03,0.0,0.0
2026-07-17T13:46:46.670031,Raspberry_Relieve7,,,,,,0.0,,,,,,,,,4962,1.01,0.0,0.0
2026-07-17T13:46:47.670117,Raspberry_Relieve7,,,,,,0.0,,,,,,,,,4963,0.88,0.0,0.0
2026-07-17T13:46:48.670207,Raspberry_Relieve7,,,,,,0.0,,,,,,,,,4964,1.08,0.0,0.0
2026-07-17T13:46:49.670399,Raspberry_Relieve7,,,,,,0.0,,,,,,,,,4965,0.96,0.0,0.0
2026-07-17T13:46:50.670428,Raspberry_Relieve7,,,,,,0.0,,,,,,,,,4966,1.03,0.0,0.0
2026-07-17T13:46:51.670522,Raspberry_Relieve7,,,,,,0.0,,,,,,,,,4967,0.96,0.0,0.0
2026-07-17T13:46:52.670672,Raspberry_Relieve7,,,,,,0.0,,,,,,,,,4968,1.01,0.0,0.0
2026-07-17T13:46:53.670883,Raspberry_Relieve7,,,,,,0.0,,,,,,,,,4969,1.04,0.0,0.0
2026-07-17T13:46:54.671076,Raspberry_Relieve7,,,,,,0.0,,,,,,,,,4970,1.03,0.0,0.0
2026-07-17T13:46:55.671209,Raspberry_Relieve7,,,,,,0.0,,,,,,,,,4971,1.08,0.0,0.0
2026-07-17T13:46:56.671343,Raspberry_Relieve7,,,,,,0.0,,,,,,,,,4972,0.92,0.0,0.0
2026-07-17T13:46:57.671382,Raspberry_Relieve7,,,,,,0.0,,,,,,,,,4973,0.92,0.0,0.0
2026-07-17T13:46:58.671490,Raspberry_Relieve7,,,,,,0.0,,,,,,,,,4974,1.01,0.0,0.0
2026-07-17T13:46:59.671644,Raspberry_Relieve7,,,,,,0.0,,,,,,,,,4975,1.05,0.0,0.0
2026-07-17T13:47:00.671744,Raspberry_Relieve7,,,,,,0.0,,,,,,,,,4976,0.99,0.0,0.0
2026-07-17T13:47:01.671835,Raspberry_Relieve7,,,,,,0.0,,,,,,,,,4977,0.95,0.0,0.0
2026-07-17T13:47:02.671906,Raspberry_Relieve7,,,,,,0.0,,,,,,,,,4978,1.08,0.0,0.0
2026-07-17T13:47:03.672063,Raspberry_Relieve7,,,,,,0.0,,,,,,,,,4979,0.99,0.0,0.0
2026-07-17T13:47:04.672187,Raspberry_Relieve7,,,,,,0.0,,,,,,,,,4980,1.08,0.0,0.0
2026-07-17T13:47:05.672343,Raspberry_Relieve7,,,,,,0.0,,,,,,,,,4981,0.91,0.0,0.0
2026-07-17T13:47:06.672511,Raspberry_Relieve7,,,,,,0.0,,,,,,,,,4982,0.99,0.0,0.0
2026-07-17T13:47:07.672688,Raspberry_Relieve7,,,,,,0.0,,,,,,,,,4983,0.97,0.0,0.0
2026-07-17T13:47:08.672824,Raspberry_Relieve7,,,,,,0.0,,,,,,,,,4984,1.0,0.0,0.0
2026-07-17T13:47:09.672901,Raspberry_Relieve7,,,,,,0.0,,,,,,,,,4985,1.02,0.0,0.0
2026-07-17T13:47:10.672991,Raspberry_Relieve7,,,,,,0.0,,,,,,,,,4986,1.03,0.0,0.0
2026-07-17T13:47:11.673141,Raspberry_Relieve7,,,,,,0.0,,,,,,,,,4987,1.06,0.0,0.0
2026-07-17T13:47:12.673264,Raspberry_Relieve7,,,,,,0.0,,,,,,,,,4988,1.03,0.0,0.0
2026-07-17T13:47:13.673385,Raspberry_Relieve7,,,,,,0.0,,,,,,,,,4989,0.81,0.0,0.0
2026-07-17T13:47:14.673525,Raspberry_Relieve7,,,,,,0.0,,,,,,,,,4990,1.06,0.0,0.0
2026-07-17T13:47:15.673637,Raspberry_Relieve7,,,,,,0.0,,,,,,,,,4991,1.0,0.0,0.0
2026-07-17T13:47:16.673753,Raspberry_Relieve7,,,,,,0.0,,,,,,,,,4992,1.0,0.0,0.0
2026-07-17T13:47:17.673849,Raspberry_Relieve7,,,,,,0.0,,,,,,,,,4993,1.0,0.0,0.0
2026-07-17T13:47:18.673998,Raspberry_Relieve7,,,,,,0.0,,,,,,,,,4994,1.0,0.0,0.0
2026-07-17T13:47:19.674127,Raspberry_Relieve7,,,,,,0.0,,,,,,,,,4995,1.04,0.0,0.0
2026-07-17T13:47:20.674226,Raspberry_Relieve7,,,,,,0.0,,,,,,,,,4996,1.0,0.0,0.0
2026-07-17T13:47:21.674356,Raspberry_Relieve7,,,,,,0.0,,,,,,,,,4997,1.0,0.0,0.0
2026-07-17T13:47:22.674437,Raspberry_Relieve7,,,,,,0.0,,,,,,,,,4998,0.96,0.0,0.0
2026-07-17T13:47:23.674592,Raspberry_Relieve7,,,,,,0.0,,,,,,,,,4999,0.98,0.0,0.0
2026-07-17T13:47:24.674731,Raspberry_Relieve7,,,,,,0.0,,,,,,,,,5000,1.04,0.0,0.0
2026-07-17T13:47:25.674852,Raspberry_Relieve7,,,,,,0.0,,,,,,,,,5001,1.09,0.0,0.0
2026-07-17T13:47:26.674985,Raspberry_Relieve7,,,,,,0.0,,,,,,,,,5002,0.95,0.0,0.0
2026-07-17T13:47:27.675113,Raspberry_Relieve7,,,,,,0.0,,,,,,,,,5003,0.94,0.0,0.0
2026-07-17T13:47:28.675192,Raspberry_Relieve7,,,,,,0.0,,,,,,,,,5004,1.04,0.0,0.0
2026-07-17T13:47:29.675330,Raspberry_Relieve7,,,,,,0.0,,,,,,,,,5005,0.98,0.0,0.0
2026-07-17T13:47:30.675399,Raspberry_Relieve7,,,,,,0.0,,,,,,,,,5006,1.02,0.0,0.0
2026-07-17T13:47:31.675483,Raspberry_Relieve7,,,,,,0.0,,,,,,,,,5007,1.03,0.0,0.0
2026-07-17T13:47:32.675645,Raspberry_Relieve7,,,,,,0.0,,,,,,,,,5008,1.01,0.0,0.0
2026-07-17T13:47:33.675836,Raspberry_Relieve7,,,,,,0.0,,,,,,,,,5009,0.99,0.0,0.0
2026-07-17T13:47:34.676015,Raspberry_Relieve7,,,,,,0.0,,,,,,,,,5010,0.96,0.0,0.0
2026-07-17T13:47:35.676149,Raspberry_Relieve7,,,,,,0.0,,,,,,,,,5011,1.02,0.0,0.0
2026-07-17T13:47:36.676255,Raspberry_Relieve7,,,,,,0.0,,,,,,,,,5012,1.03,0.0,0.0
2026-07-17T13:47:37.676310,Raspberry_Relieve7,,,,,,0.0,,,,,,,,,5013,1.02,0.0,0.0
2026-07-17T13:47:38.676449,Raspberry_Relieve7,,,,,,0.0,,,,,,,,,5014,0.91,0.0,0.0
2026-07-17T13:47:39.676591,Raspberry_Relieve7,,,,,,0.0,,,,,,,,,5015,1.01,0.0,0.0
2026-07-17T13:47:40.676724,Raspberry_Relieve7,,,,,,0.0,,,,,,,,,5016,0.99,0.0,0.0
2026-07-17T13:47:41.676806,Raspberry_Relieve7,,,,,,0.0,,,,,,,,,5017,1.0,0.0,0.0
2026-07-17T13:47:42.676866,Raspberry_Relieve7,,,,,,0.0,,,,,,,,,5018,1.01,0.0,0.0
2026-07-17T13:47:43.677049,Raspberry_Relieve7,,,,,,0.0,,,,,,,,,5019,1.05,0.0,0.0
2026-07-17T13:47:44.677154,Raspberry_Relieve7,,,,,,0.0,,,,,,,,,5020,1.0,0.0,0.0
2026-07-17T13:47:45.677306,Raspberry_Relieve7,,,,,,0.0,,,,,,,,,5021,0.98,0.0,0.0
2026-07-17T13:47:46.677403,Raspberry_Relieve7,,,,,,0.0,,,,,,,,,5022,0.97,0.0,0.0
2026-07-17T13:47:47.677551,Raspberry_Relieve7,,,,,,0.0,,,,,,,,,5023,1.18,0.0,0.0
2026-07-17T13:47:48.677669,Raspberry_Relieve7,,,,,,0.0,,,,,,,,,5024,0.87,0.0,0.0
2026-07-17T13:47:49.677794,Raspberry_Relieve7,,,,,,0.0,,,,,,,,,5025,1.02,0.0,0.0
2026-07-17T13:47:50.677883,Raspberry_Relieve7,,,,,,0.0,,,,,,,,,5026,0.89,0.0,0.0
2026-07-17T13:47:51.678035,Raspberry_Relieve7,,,,,,0.0,,,,,,,,,5027,1.16,0.0,0.0
2026-07-17T13:47:52.678144,Raspberry_Relieve7,,,,,,0.0,,,,,,,,,5028,0.83,0.0,0.0
2026-07-17T13:47:53.678227,Raspberry_Relieve7,,,,,,0.0,,,,,,,,,5029,1.06,0.0,0.0
2026-07-17T13:47:54.678288,Raspberry_Relieve7,,,,,,0.0,,,,,,,,,5030,1.05,0.0,0.0
2026-07-17T13:47:55.678455,Raspberry_Relieve7,,,,,,0.0,,,,,,,,,5031,1.01,0.0,0.0
2026-07-17T13:47:56.678561,Raspberry_Relieve7,,,,,,0.0,,,,,,,,,5032,0.98,0.0,0.0
2026-07-17T13:47:57.678674,Raspberry_Relieve7,,,,,,0.0,,,,,,,,,5033,0.94,0.0,0.0
2026-07-17T13:47:58.678816,Raspberry_Relieve7,,,,,,0.0,,,,,,,,,5034,1.03,0.0,0.0
2026-07-17T13:47:59.678975,Raspberry_Relieve7,,,,,,0.0,,,,,,,,,5035,1.09,0.0,0.0
2026-07-17T13:48:00.679093,Raspberry_Relieve7,,,,,,0.0,,,,,,,,,5036,0.87,0.0,0.0
2026-07-17T13:48:01.679249,Raspberry_Relieve7,,,,,,0.0,,,,,,,,,5037,1.08,0.0,0.0
2026-07-17T13:48:02.679380,Raspberry_Relieve7,,,,,,0.0,,,,,,,,,5038,1.0,0.0,0.0
2026-07-17T13:48:03.679559,Raspberry_Relieve7,,,,,,0.0,,,,,,,,,5039,0.94,0.0,0.0
2026-07-17T13:48:04.679644,Raspberry_Relieve7,,,,,,0.0,,,,,,,,,5040,1.0,0.0,0.0
2026-07-17T13:48:05.679843,Raspberry_Relieve7,,,,,,0.0,,,,,,,,,5041,1.02,0.0,0.0
2026-07-17T13:48:06.679968,Raspberry_Relieve7,,,,,,0.0,,,,,,,,,5042,1.04,0.0,0.0
2026-07-17T13:48:07.680131,Raspberry_Relieve7,,,,,,0.0,,,,,,,,,5043,1.02,0.0,0.0
2026-07-17T13:48:08.680251,Raspberry_Relieve7,,,,,,0.0,,,,,,,,,5044,1.04,0.0,0.0
2026-07-17T13:48:09.680469,Raspberry_Relieve7,,,,,,0.0,,,,,,,,,5045,1.04,0.0,0.0
2026-07-17T13:48:10.680600,Raspberry_Relieve7,,,,,,0.0,,,,,,,,,5046,0.8,0.0,0.0
2026-07-17T13:48:11.680759,Raspberry_Relieve7,,,,,,0.0,,,,,,,,,5047,1.06,0.0,0.0
2026-07-17T13:48:12.681000,Raspberry_Relieve7,,,,,,0.0,,,,,,,,,5048,1.0,0.0,0.0
2026-07-17T13:48:13.681155,Raspberry_Relieve7,,,,,,0.0,,,,,,,,,5049,1.0,0.0,0.0
2026-07-17T13:48:14.681253,Raspberry_Relieve7,,,,,,0.0,,,,,,,,,5050,0.94,0.0,0.0
2026-07-17T13:48:15.681357,Raspberry_Relieve7,,,,,,0.0,,,,,,,,,5051,1.04,0.0,0.0
2026-07-17T13:48:16.681439,Raspberry_Relieve7,,,,,,0.0,,,,,,,,,5052,1.02,0.0,0.0
2026-07-17T13:48:17.681567,Raspberry_Relieve7,,,,,,0.0,,,,,,,,,5053,1.0,0.0,0.0
2026-07-17T13:48:18.681681,Raspberry_Relieve7,,,,,,0.0,,,,,,,,,5054,1.03,0.0,0.0
2026-07-17T13:48:19.681858,Raspberry_Relieve7,,,,,,0.0,,,,,,,,,5055,1.05,0.0,0.0
2026-07-17T13:48:20.681923,Raspberry_Relieve7,,,,,,0.0,,,,,,,,,5056,0.92,0.0,0.0
2026-07-17T13:48:21.682100,Raspberry_Relieve7,,,,,,0.0,,,,,,,,,5057,0.96,0.0,0.0
2026-07-17T13:48:22.682167,Raspberry_Relieve7,,,,,,0.0,,,,,,,,,5058,1.01,0.0,0.0
2026-07-17T13:48:23.682372,Raspberry_Relieve7,,,,,,0.0,,,,,,,,,5059,1.02,0.0,0.0
2026-07-17T13:48:24.682503,Raspberry_Relieve7,,,,,,0.0,,,,,,,,,5060,1.01,0.0,0.0
2026-07-17T13:48:25.682723,Raspberry_Relieve7,,,,,,0.0,,,,,,,,,5061,0.95,0.0,0.0
2026-07-17T13:48:26.682906,Raspberry_Relieve7,,,,,,0.0,,,,,,,,,5062,1.09,0.0,0.0
2026-07-17T13:48:27.683046,Raspberry_Relieve7,,,,,,0.0,,,,,,,,,5063,1.04,0.0,0.0
2026-07-17T13:48:28.683097,Raspberry_Relieve7,,,,,,0.0,,,,,,,,,5064,0.9,0.0,0.0
2026-07-17T13:48:29.683239,Raspberry_Relieve7,,,,,,0.0,,,,,,,,,5065,0.99,0.0,0.0
2026-07-17T13:48:30.683350,Raspberry_Relieve7,,,,,,0.0,,,,,,,,,5066,1.01,0.0,0.0
2026-07-17T13:48:31.683535,Raspberry_Relieve7,,,,,,0.0,,,,,,,,,5067,0.99,0.0,0.0
2026-07-17T13:48:32.683668,Raspberry_Relieve7,,,,,,0.0,,,,,,,,,5068,1.05,0.0,0.0
2026-07-17T13:48:33.683801,Raspberry_Relieve7,,,,,,0.0,,,,,,,,,5069,0.99,0.0,0.0
2026-07-17T13:48:34.683954,Raspberry_Relieve7,,,,,,0.0,,,,,,,,,5070,0.94,0.0,0.0
2026-07-17T13:48:35.684132,Raspberry_Relieve7,,,,,,0.0,,,,,,,,,5071,1.08,0.0,0.0
2026-07-17T13:48:36.684253,Raspberry_Relieve7,,,,,,0.0,,,,,,,,,5072,0.98,0.0,0.0
2026-07-17T13:48:37.684326,Raspberry_Relieve7,,,,,,0.0,,,,,,,,,5073,0.96,0.0,0.0
2026-07-17T13:48:38.684477,Raspberry_Relieve7,,,,,,0.0,,,,,,,,,5074,1.01,0.0,0.0
2026-07-17T13:48:39.684647,Raspberry_Relieve7,,,,,,0.0,,,,,,,,,5075,1.02,0.0,0.0
2026-07-17T13:48:40.684761,Raspberry_Relieve7,,,,,,0.0,,,,,,,,,5076,1.04,0.0,0.0
2026-07-17T13:48:41.684902,Raspberry_Relieve7,,,,,,0.0,,,,,,,,,5077,0.95,0.0,0.0
2026-07-17T13:48:42.685025,Raspberry_Relieve7,,,,,,0.0,,,,,,,,,5078,1.02,0.0,0.0
2026-07-17T13:48:43.685185,Raspberry_Relieve7,,,,,,0.0,,,,,,,,,5079,1.02,0.0,0.0
2026-07-17T13:48:44.685316,Raspberry_Relieve7,,,,,,0.0,,,,,,,,,5080,0.93,0.0,0.0
2026-07-17T13:48:45.685480,Raspberry_Relieve7,,,,,,0.0,,,,,,,,,5081,1.09,0.0,0.0
2026-07-17T13:48:46.685541,Raspberry_Relieve7,,,,,,0.0,,,,,,,,,5082,0.91,0.0,0.0
2026-07-17T13:48:47.685733,Raspberry_Relieve7,,,,,,0.0,,,,,,,,,5083,1.02,0.0,0.0
2026-07-17T13:48:48.685849,Raspberry_Relieve7,,,,,,0.0,,,,,,,,,5084,1.03,0.0,0.0
2026-07-17T13:48:49.686014,Raspberry_Relieve7,,,,,,0.0,,,,,,,,,5085,0.97,0.0,0.0
2026-07-17T13:48:50.686076,Raspberry_Relieve7,,,,,,0.0,,,,,,,,,5086,1.03,0.0,0.0
2026-07-17T13:48:51.686261,Raspberry_Relieve7,,,,,,0.0,,,,,,,,,5087,1.02,0.0,0.0
2026-07-17T13:48:52.686363,Raspberry_Relieve7,,,,,,0.0,,,,,,,,,5088,1.02,0.0,0.0
2026-07-17T13:48:53.686520,Raspberry_Relieve7,,,,,,0.0,,,,,,,,,5089,1.03,0.0,0.0
2026-07-17T13:48:54.686624,Raspberry_Relieve7,,,,,,0.0,,,,,,,,,5090,0.89,0.0,0.0
2026-07-17T13:48:55.686811,Raspberry_Relieve7,,,,,,0.0,,,,,,,,,5091,1.04,0.0,0.0
2026-07-17T13:48:56.686932,Raspberry_Relieve7,,,,,,0.0,,,,,,,,,5092,1.03,0.0,0.0
2026-07-17T13:48:57.687015,Raspberry_Relieve7,,,,,,0.0,,,,,,,,,5093,1.04,0.0,0.0
2026-07-17T13:48:58.687171,Raspberry_Relieve7,,,,,,0.0,,,,,,,,,5094,0.92,0.0,0.0
2026-07-17T13:48:59.687334,Raspberry_Relieve7,,,,,,0.0,,,,,,,,,5095,0.97,0.0,0.0
2026-07-17T13:49:00.687445,Raspberry_Relieve7,,,,,,0.0,,,,,,,,,5096,0.99,0.0,0.0
2026-07-17T13:49:01.687544,Raspberry_Relieve7,,,,,,0.0,,,,,,,,,5097,1.0,0.0,0.0
2026-07-17T13:49:02.687614,Raspberry_Relieve7,,,,,,0.0,,,,,,,,,5098,1.0,0.0,0.0
2026-07-17T13:49:03.687739,Raspberry_Relieve7,,,,,,0.0,,,,,,,,,5099,1.04,0.0,0.0
2026-07-17T13:49:04.687881,Raspberry_Relieve7,,,,,,0.0,,,,,,,,,5100,0.94,0.0,0.0
2026-07-17T13:49:05.688043,Raspberry_Relieve7,,,,,,0.0,,,,,,,,,5101,1.06,0.0,0.0
2026-07-17T13:49:06.688145,Raspberry_Relieve7,,,,,,0.0,,,,,,,,,5102,0.98,0.0,0.0
2026-07-17T13:49:07.688233,Raspberry_Relieve7,,,,,,0.0,,,,,,,,,5103,0.97,0.0,0.0
2026-07-17T13:49:08.688363,Raspberry_Relieve7,,,,,,0.0,,,,,,,,,5104,1.03,0.0,0.0
2026-07-17T13:49:09.688527,Raspberry_Relieve7,,,,,,0.0,,,,,,,,,5105,1.14,0.0,0.0
2026-07-17T13:49:10.688653,Raspberry_Relieve7,,,,,,0.0,,,,,,,,,5106,0.87,0.0,0.0
2026-07-17T13:49:11.688828,Raspberry_Relieve7,,,,,,0.0,,,,,,,,,5107,0.96,0.0,0.0
2026-07-17T13:49:12.688956,Raspberry_Relieve7,,,,,,0.0,,,,,,,,,5108,1.09,0.0,0.0
2026-07-17T13:49:13.689128,Raspberry_Relieve7,,,,,,0.0,,,,,,,,,5109,1.03,0.0,0.0
2026-07-17T13:49:14.689269,Raspberry_Relieve7,,,,,,0.0,,,,,,,,,5110,1.02,0.0,0.0
2026-07-17T13:49:15.689441,Raspberry_Relieve7,,,,,,0.0,,,,,,,,,5111,0.93,0.0,0.0
2026-07-17T13:49:16.689514,Raspberry_Relieve7,,,,,,0.0,,,,,,,,,5112,1.02,0.0,0.0
2026-07-17T13:49:17.689634,Raspberry_Relieve7,,,,,,0.0,,,,,,,,,5113,0.93,0.0,0.0
2026-07-17T13:49:18.689735,Raspberry_Relieve7,,,,,,0.0,,,,,,,,,5114,1.02,0.0,0.0
2026-07-17T13:49:19.689925,Raspberry_Relieve7,,,,,,0.0,,,,,,,,,5115,1.08,0.0,0.0
2026-07-17T13:49:20.690064,Raspberry_Relieve7,,,,,,0.0,,,,,,,,,5116,1.0,0.0,0.0
2026-07-17T13:49:21.690237,Raspberry_Relieve7,,,,,,0.0,,,,,,,,,5117,0.9,0.0,0.0
2026-07-17T13:49:22.690451,Raspberry_Relieve7,,,,,,0.0,,,,,,,,,5118,1.03,0.0,0.0
2026-07-17T13:49:23.690536,Raspberry_Relieve7,,,,,,0.0,,,,,,,,,5119,1.05,0.0,0.0
2026-07-17T13:49:24.690668,Raspberry_Relieve7,,,,,,0.0,,,,,,,,,5120,0.98,0.0,0.0
2026-07-17T13:49:25.690856,Raspberry_Relieve7,,,,,,0.0,,,,,,,,,5121,0.97,0.0,0.0
2026-07-17T13:49:26.690937,Raspberry_Relieve7,,,,,,0.0,,,,,,,,,5122,1.06,0.0,0.0
2026-07-17T13:49:27.691078,Raspberry_Relieve7,,,,,,0.0,,,,,,,,,5123,1.04,0.0,0.0
2026-07-17T13:49:28.691232,Raspberry_Relieve7,,,,,,0.0,,,,,,,,,5124,0.92,0.0,0.0
2026-07-17T13:49:29.691421,Raspberry_Relieve7,,,,,,0.0,,,,,,,,,5125,0.95,0.0,0.0
2026-07-17T13:49:30.691508,Raspberry_Relieve7,,,,,,0.0,,,,,,,,,5126,1.1,0.0,0.0
2026-07-17T13:49:31.691646,Raspberry_Relieve7,,,,,,0.0,,,,,,,,,5127,0.89,0.0,0.0
2026-07-17T13:49:32.691720,Raspberry_Relieve7,,,,,,0.0,,,,,,,,,5128,1.05,0.0,0.0
2026-07-17T13:49:33.691851,Raspberry_Relieve7,,,,,,0.0,,,,,,,,,5129,1.05,0.0,0.0
2026-07-17T13:49:34.691996,Raspberry_Relieve7,,,,,,0.0,,,,,,,,,5130,0.99,0.0,0.0
2026-07-17T13:49:35.692159,Raspberry_Relieve7,,,,,,0.0,,,,,,,,,5131,0.92,0.0,0.0
2026-07-17T13:49:36.692366,Raspberry_Relieve7,,,,,,0.0,,,,,,,,,5132,1.04,0.0,0.0
2026-07-17T13:49:37.692561,Raspberry_Relieve7,,,,,,0.0,,,,,,,,,5133,1.09,0.0,0.0
2026-07-17T13:49:38.692672,Raspberry_Relieve7,,,,,,0.0,,,,,,,,,5134,0.96,0.0,0.0
2026-07-17T13:49:39.692853,Raspberry_Relieve7,,,,,,0.0,,,,,,,,,5135,1.0,0.0,0.0
2026-07-17T13:49:40.692922,Raspberry_Relieve7,,,,,,0.0,,,,,,,,,5136,1.03,0.0,0.0
2026-07-17T13:49:41.693123,Raspberry_Relieve7,,,,,,0.0,,,,,,,,,5137,1.02,0.0,0.0
2026-07-17T13:49:42.693222,Raspberry_Relieve7,,,,,,0.0,,,,,,,,,5138,1.02,0.0,0.0
2026-07-17T13:49:43.693392,Raspberry_Relieve7,,,,,,0.0,,,,,,,,,5139,0.82,0.0,0.0
2026-07-17T13:49:44.693442,Raspberry_Relieve7,,,,,,0.0,,,,,,,,,5140,1.04,0.0,0.0
2026-07-17T13:49:45.693557,Raspberry_Relieve7,,,,,,0.0,,,,,,,,,5141,1.02,0.0,0.0
2026-07-17T13:49:46.693685,Raspberry_Relieve7,,,,,,0.0,,,,,,,,,5142,0.98,0.0,0.0
2026-07-17T13:49:47.693864,Raspberry_Relieve7,,,,,,0.0,,,,,,,,,5143,0.96,0.0,0.0
2026-07-17T13:49:48.693977,Raspberry_Relieve7,,,,,,0.0,,,,,,,,,5144,1.02,0.0,0.0
2026-07-17T13:49:49.694091,Raspberry_Relieve7,,,,,,0.0,,,,,,,,,5145,1.02,0.0,0.0
2026-07-17T13:49:50.694177,Raspberry_Relieve7,,,,,,0.0,,,,,,,,,5146,1.02,0.0,0.0
2026-07-17T13:49:51.694299,Raspberry_Relieve7,,,,,,0.0,,,,,,,,,5147,1.02,0.0,0.0
2026-07-17T13:49:52.694387,Raspberry_Relieve7,,,,,,0.0,,,,,,,,,5148,0.89,0.0,0.0
2026-07-17T13:49:53.694524,Raspberry_Relieve7,,,,,,0.0,,,,,,,,,5149,0.99,0.0,0.0
2026-07-17T13:49:54.694755,Raspberry_Relieve7,,,,,,0.0,,,,,,,,,5150,1.08,0.0,0.0
2026-07-17T13:49:55.694989,Raspberry_Relieve7,,,,,,0.0,,,,,,,,,5151,1.08,0.0,0.0
2026-07-17T13:49:56.695114,Raspberry_Relieve7,,,,,,0.0,,,,,,,,,5152,0.87,0.0,0.0
2026-07-17T13:49:57.695214,Raspberry_Relieve7,,,,,,0.0,,,,,,,,,5153,1.03,0.0,0.0
2026-07-17T13:49:58.695335,Raspberry_Relieve7,,,,,,0.0,,,,,,,,,5154,1.03,0.0,0.0
2026-07-17T13:49:59.695487,Raspberry_Relieve7,,,,,,0.0,,,,,,,,,5155,0.93,0.0,0.0
2026-07-17T13:50:00.695595,Raspberry_Relieve7,,,,,,0.0,,,,,,,,,5156,1.03,0.0,0.0
2026-07-17T13:50:01.695755,Raspberry_Relieve7,,,,,,0.0,,,,,,,,,5157,1.05,0.0,0.0
2026-07-17T13:50:02.695844,Raspberry_Relieve7,,,,,,0.0,,,,,,,,,5158,1.02,0.0,0.0
2026-07-17T13:50:03.696046,Raspberry_Relieve7,,,,,,0.0,,,,,,,,,5159,0.94,0.0,0.0
2026-07-17T13:50:04.696226,Raspberry_Relieve7,,,,,,0.0,,,,,,,,,5160,1.01,0.0,0.0
2026-07-17T13:50:05.696379,Raspberry_Relieve7,,,,,,0.0,,,,,,,,,5161,1.07,0.0,0.0
2026-07-17T13:50:06.696490,Raspberry_Relieve7,,,,,,0.0,,,,,,,,,5162,0.94,0.0,0.0
2026-07-17T13:50:07.696600,Raspberry_Relieve7,,,,,,0.0,,,,,,,,,5163,0.94,0.0,0.0
2026-07-17T13:50:08.696684,Raspberry_Relieve7,,,,,,0.0,,,,,,,,,5164,1.0,0.0,0.0
2026-07-17T13:50:09.696883,Raspberry_Relieve7,,,,,,0.0,,,,,,,,,5165,1.07,0.0,0.0
2026-07-17T13:50:10.696992,Raspberry_Relieve7,,,,,,0.0,,,,,,,,,5166,1.04,0.0,0.0
2026-07-17T13:50:11.697167,Raspberry_Relieve7,,,,,,0.0,,,,,,,,,5167,0.94,0.0,0.0
2026-07-17T13:50:12.697218,Raspberry_Relieve7,,,,,,0.0,,,,,,,,,5168,0.97,0.0,0.0
2026-07-17T13:50:13.697352,Raspberry_Relieve7,,,,,,0.0,,,,,,,,,5169,0.99,0.0,0.0
2026-07-17T13:50:14.697433,Raspberry_Relieve7,,,,,,0.0,,,,,,,,,5170,1.02,0.0,0.0
2026-07-17T13:50:15.697577,Raspberry_Relieve7,,,,,,0.0,,,,,,,,,5171,1.02,0.0,0.0
2026-07-17T13:50:16.697699,Raspberry_Relieve7,,,,,,0.0,,,,,,,,,5172,1.0,0.0,0.0
2026-07-17T13:50:17.697958,Raspberry_Relieve7,,,,,,0.0,,,,,,,,,5173,1.03,0.0,0.0
2026-07-17T13:50:18.698161,Raspberry_Relieve7,,,,,,0.0,,,,,,,,,5174,1.01,0.0,0.0
2026-07-17T13:50:19.698319,Raspberry_Relieve7,,,,,,0.0,,,,,,,,,5175,0.97,0.0,0.0
2026-07-17T13:50:20.698417,Raspberry_Relieve7,,,,,,0.0,,,,,,,,,5176,1.01,0.0,0.0
2026-07-17T13:50:21.698530,Raspberry_Relieve7,,,,,,0.0,,,,,,,,,5177,1.02,0.0,0.0
2026-07-17T13:50:22.698651,Raspberry_Relieve7,,,,,,0.0,,,,,,,,,5178,0.94,0.0,0.0
2026-07-17T13:50:23.698831,Raspberry_Relieve7,,,,,,0.0,,,,,,,,,5179,1.05,0.0,0.0
2026-07-17T13:50:24.698932,Raspberry_Relieve7,,,,,,0.0,,,,,,,,,5180,0.97,0.0,0.0
2026-07-17T13:50:25.699094,Raspberry_Relieve7,,,,,,0.0,,,,,,,,,5181,1.05,0.0,0.0
2026-07-17T13:50:26.699199,Raspberry_Relieve7,,,,,,0.0,,,,,,,,,5182,0.93,0.0,0.0
2026-07-17T13:50:27.699349,Raspberry_Relieve7,,,,,,0.0,,,,,,,,,5183,1.06,0.0,0.0
2026-07-17T13:50:28.699454,Raspberry_Relieve7,,,,,,0.0,,,,,,,,,5184,0.96,0.0,0.0
2026-07-17T13:50:29.699571,Raspberry_Relieve7,,,,,,0.0,,,,,,,,,5185,1.07,0.0,0.0
2026-07-17T13:50:30.699649,Raspberry_Relieve7,,,,,,0.0,,,,,,,,,5186,0.88,0.0,0.0
2026-07-17T13:50:31.699837,Raspberry_Relieve7,,,,,,0.0,,,,,,,,,5187,1.06,0.0,0.0
2026-07-17T13:50:32.699955,Raspberry_Relieve7,,,,,,0.0,,,,,,,,,5188,1.1,0.0,0.0
2026-07-17T13:50:33.700121,Raspberry_Relieve7,,,,,,0.0,,,,,,,,,5189,1.01,0.0,0.0
2026-07-17T13:50:34.700320,Raspberry_Relieve7,,,,,,0.0,,,,,,,,,5190,0.92,0.0,0.0
2026-07-17T13:50:35.700522,Raspberry_Relieve7,,,,,,0.0,,,,,,,,,5191,1.1,0.0,0.0
2026-07-17T13:50:36.700618,Raspberry_Relieve7,,,,,,0.0,,,,,,,,,5192,0.84,0.0,0.0
2026-07-17T13:50:37.700741,Raspberry_Relieve7,,,,,,0.0,,,,,,,,,5193,0.95,0.0,0.0
2026-07-17T13:50:38.700812,Raspberry_Relieve7,,,,,,0.0,,,,,,,,,5194,1.18,0.0,0.0
2026-07-17T13:50:39.700943,Raspberry_Relieve7,,,,,,0.0,,,,,,,,,5195,0.94,0.0,0.0
2026-07-17T13:50:40.701062,Raspberry_Relieve7,,,,,,0.0,,,,,,,,,5196,0.94,0.0,0.0
2026-07-17T13:50:41.701236,Raspberry_Relieve7,,,,,,0.0,,,,,,,,,5197,1.21,0.0,0.0
2026-07-17T13:50:42.701327,Raspberry_Relieve7,,,,,,0.0,,,,,,,,,5198,0.83,0.0,0.0
2026-07-17T13:50:43.701508,Raspberry_Relieve7,,,,,,0.0,,,,,,,,,5199,0.96,0.0,0.0
2026-07-17T13:50:44.701567,Raspberry_Relieve7,,,,,,0.0,,,,,,,,,5200,0.92,0.0,0.0
2026-07-17T13:50:45.701682,Raspberry_Relieve7,,,,,,0.0,,,,,,,,,5201,1.1,0.0,0.0
2026-07-17T13:50:46.701759,Raspberry_Relieve7,,,,,,0.0,,,,,,,,,5202,1.02,0.0,0.0
2026-07-17T13:50:47.701876,Raspberry_Relieve7,,,,,,0.0,,,,,,,,,5203,0.96,0.0,0.0
2026-07-17T13:50:48.702098,Raspberry_Relieve7,,,,,,0.0,,,,,,,,,5204,1.04,0.0,0.0
2026-07-17T13:50:49.702308,Raspberry_Relieve7,,,,,,0.0,,,,,,,,,5205,1.02,0.0,0.0
2026-07-17T13:50:50.702495,Raspberry_Relieve7,,,,,,0.0,,,,,,,,,5206,0.95,0.0,0.0
2026-07-17T13:50:51.702570,Raspberry_Relieve7,,,,,,0.0,,,,,,,,,5207,1.01,0.0,0.0
2026-07-17T13:50:52.702662,Raspberry_Relieve7,,,,,,0.0,,,,,,,,,5208,0.94,0.0,0.0
2026-07-17T13:50:53.702775,Raspberry_Relieve7,,,,,,0.0,,,,,,,,,5209,1.02,0.0,0.0
2026-07-17T13:50:54.702876,Raspberry_Relieve7,,,,,,0.0,,,,,,,,,5210,0.99,0.0,0.0
2026-07-17T13:50:55.703075,Raspberry_Relieve7,,,,,,0.0,,,,,,,,,5211,1.14,0.0,0.0
2026-07-17T13:50:56.703211,Raspberry_Relieve7,,,,,,0.0,,,,,,,,,5212,0.94,0.0,0.0
2026-07-17T13:50:57.703401,Raspberry_Relieve7,,,,,,0.0,,,,,,,,,5213,1.02,0.0,0.0
2026-07-17T13:50:58.703584,Raspberry_Relieve7,,,,,,0.0,,,,,,,,,5214,0.86,0.0,0.0
2026-07-17T13:50:59.703675,Raspberry_Relieve7,,,,,,0.0,,,,,,,,,5215,1.02,0.0,0.0
2026-07-17T13:51:00.703807,Raspberry_Relieve7,,,,,,0.0,,,,,,,,,5216,1.0,0.0,0.0
2026-07-17T13:51:01.703970,Raspberry_Relieve7,,,,,,0.0,,,,,,,,,5217,0.99,0.0,0.0
2026-07-17T13:51:02.704068,Raspberry_Relieve7,,,,,,0.0,,,,,,,,,5218,1.03,0.0,0.0
2026-07-17T13:51:03.704263,Raspberry_Relieve7,,,,,,0.0,,,,,,,,,5219,1.01,0.0,0.0
2026-07-17T13:51:04.704354,Raspberry_Relieve7,,,,,,0.0,,,,,,,,,5220,0.99,0.0,0.0
2026-07-17T13:51:05.704450,Raspberry_Relieve7,,,,,,0.0,,,,,,,,,5221,1.08,0.0,0.0
2026-07-17T13:51:06.704571,Raspberry_Relieve7,,,,,,0.0,,,,,,,,,5222,1.02,0.0,0.0
2026-07-17T13:51:07.704739,Raspberry_Relieve7,,,,,,0.0,,,,,,,,,5223,1.02,0.0,0.0
2026-07-17T13:51:08.704856,Raspberry_Relieve7,,,,,,0.0,,,,,,,,,5224,1.03,0.0,0.0
2026-07-17T13:51:09.705015,Raspberry_Relieve7,,,,,,0.0,,,,,,,,,5225,0.93,0.0,0.0
2026-07-17T13:51:10.705112,Raspberry_Relieve7,,,,,,0.0,,,,,,,,,5226,1.02,0.0,0.0
2026-07-17T13:51:11.705280,Raspberry_Relieve7,,,,,,0.0,,,,,,,,,5227,0.92,0.0,0.0
2026-07-17T13:51:12.705370,Raspberry_Relieve7,,,,,,0.0,,,,,,,,,5228,1.06,0.0,0.0
2026-07-17T13:51:13.705540,Raspberry_Relieve7,,,,,,0.0,,,,,,,,,5229,0.97,0.0,0.0
2026-07-17T13:51:14.705637,Raspberry_Relieve7,,,,,,0.0,,,,,,,,,5230,0.92,0.0,0.0
2026-07-17T13:51:15.705812,Raspberry_Relieve7,,,,,,0.0,,,,,,,,,5231,1.04,0.0,0.0
2026-07-17T13:51:16.705909,Raspberry_Relieve7,,,,,,0.0,,,,,,,,,5232,1.01,0.0,0.0
2026-07-17T13:51:17.706034,Raspberry_Relieve7,,,,,,0.0,,,,,,,,,5233,1.03,0.0,0.0
2026-07-17T13:51:18.706149,Raspberry_Relieve7,,,,,,0.0,,,,,,,,,5234,1.03,0.0,0.0
2026-07-17T13:51:19.706330,Raspberry_Relieve7,,,,,,0.0,,,,,,,,,5235,1.03,0.0,0.0
2026-07-17T13:51:20.706425,Raspberry_Relieve7,,,,,,0.0,,,,,,,,,5236,0.94,0.0,0.0
2026-07-17T13:51:21.706600,Raspberry_Relieve7,,,,,,0.0,,,,,,,,,5237,1.06,0.0,0.0
2026-07-17T13:51:22.706661,Raspberry_Relieve7,,,,,,0.0,,,,,,,,,5238,1.03,0.0,0.0
2026-07-17T13:51:23.706865,Raspberry_Relieve7,,,,,,0.0,,,,,,,,,5239,0.98,0.0,0.0
2026-07-17T13:51:24.706954,Raspberry_Relieve7,,,,,,0.0,,,,,,,,,5240,1.02,0.0,0.0
2026-07-17T13:51:25.707136,Raspberry_Relieve7,,,,,,0.0,,,,,,,,,5241,1.03,0.0,0.0
2026-07-17T13:51:26.707186,Raspberry_Relieve7,,,,,,0.0,,,,,,,,,5242,0.92,0.0,0.0
2026-07-17T13:51:27.707310,Raspberry_Relieve7,,,,,,0.0,,,,,,,,,5243,0.95,0.0,0.0
2026-07-17T13:51:28.707430,Raspberry_Relieve7,,,,,,0.0,,,,,,,,,5244,0.99,0.0,0.0
2026-07-17T13:51:29.707592,Raspberry_Relieve7,,,,,,0.0,,,,,,,,,5245,1.0,0.0,0.0
2026-07-17T13:51:30.707689,Raspberry_Relieve7,,,,,,0.0,,,,,,,,,5246,1.0,0.0,0.0
2026-07-17T13:51:31.707793,Raspberry_Relieve7,,,,,,0.0,,,,,,,,,5247,1.17,0.0,0.0
2026-07-17T13:51:32.707906,Raspberry_Relieve7,,,,,,0.0,,,,,,,,,5248,0.84,0.0,0.0
2026-07-17T13:51:33.708010,Raspberry_Relieve7,,,,,,0.0,,,,,,,,,5249,1.03,0.0,0.0
2026-07-17T13:51:34.708079,Raspberry_Relieve7,,,,,,0.0,,,,,,,,,5250,1.01,0.0,0.0
2026-07-17T13:51:35.708258,Raspberry_Relieve7,,,,,,0.0,,,,,,,,,5251,1.0,0.0,0.0
2026-07-17T13:51:36.708369,Raspberry_Relieve7,,,,,,0.0,,,,,,,,,5252,1.03,0.0,0.0
2026-07-17T13:51:37.708579,Raspberry_Relieve7,,,,,,0.0,,,,,,,,,5253,1.06,0.0,0.0
2026-07-17T13:51:38.708675,Raspberry_Relieve7,,,,,,0.0,,,,,,,,,5254,0.9,0.0,0.0
2026-07-17T13:51:39.708844,Raspberry_Relieve7,,,,,,0.0,,,,,,,,,5255,0.99,0.0,0.0
2026-07-17T13:51:40.708957,Raspberry_Relieve7,,,,,,0.0,,,,,,,,,5256,0.97,0.0,0.0
2026-07-17T13:51:41.709112,Raspberry_Relieve7,,,,,,0.0,,,,,,,,,5257,1.04,0.0,0.0
2026-07-17T13:51:42.709207,Raspberry_Relieve7,,,,,,0.0,,,,,,,,,5258,1.0,0.0,0.0
2026-07-17T13:51:43.709367,Raspberry_Relieve7,,,,,,0.0,,,,,,,,,5259,1.02,0.0,0.0
2026-07-17T13:51:44.709510,Raspberry_Relieve7,,,,,,0.0,,,,,,,,,5260,1.02,0.0,0.0
2026-07-17T13:51:45.709659,Raspberry_Relieve7,,,,,,0.0,,,,,,,,,5261,1.02,0.0,0.0
2026-07-17T13:51:46.709803,Raspberry_Relieve7,,,,,,0.0,,,,,,,,,5262,0.94,0.0,0.0
2026-07-17T13:51:47.709959,Raspberry_Relieve7,,,,,,0.0,,,,,,,,,5263,0.96,0.0,0.0
2026-07-17T13:51:48.710108,Raspberry_Relieve7,,,,,,0.0,,,,,,,,,5264,0.99,0.0,0.0
2026-07-17T13:51:49.710264,Raspberry_Relieve7,,,,,,0.0,,,,,,,,,5265,1.12,0.0,0.0
2026-07-17T13:51:50.710460,Raspberry_Relieve7,,,,,,0.0,,,,,,,,,5266,0.89,0.0,0.0
2026-07-17T13:51:51.710549,Raspberry_Relieve7,,,,,,0.0,,,,,,,,,5267,1.0,0.0,0.0
2026-07-17T13:51:52.710707,Raspberry_Relieve7,,,,,,0.0,,,,,,,,,5268,1.04,0.0,0.0
2026-07-17T13:51:53.710842,Raspberry_Relieve7,,,,,,0.0,,,,,,,,,5269,0.95,0.0,0.0
2026-07-17T13:51:54.710935,Raspberry_Relieve7,,,,,,0.0,,,,,,,,,5270,1.01,0.0,0.0
2026-07-17T13:51:55.711122,Raspberry_Relieve7,,,,,,0.0,,,,,,,,,5271,1.04,0.0,0.0
2026-07-17T13:51:56.711220,Raspberry_Relieve7,,,,,,0.0,,,,,,,,,5272,0.99,0.0,0.0
2026-07-17T13:51:57.711404,Raspberry_Relieve7,,,,,,0.0,,,,,,,,,5273,1.06,0.0,0.0
2026-07-17T13:51:58.711615,Raspberry_Relieve7,,,,,,0.0,,,,,,,,,5274,0.92,0.0,0.0
2026-07-17T13:51:59.711765,Raspberry_Relieve7,,,,,,0.0,,,,,,,,,5275,1.02,0.0,0.0
2026-07-17T13:52:00.711880,Raspberry_Relieve7,,,,,,0.0,,,,,,,,,5276,0.93,0.0,0.0
2026-07-17T13:52:01.712042,Raspberry_Relieve7,,,,,,0.0,,,,,,,,,5277,1.07,0.0,0.0
2026-07-17T13:52:02.712200,Raspberry_Relieve7,,,,,,0.0,,,,,,,,,5278,0.97,0.0,0.0
2026-07-17T13:52:03.712318,Raspberry_Relieve7,,,,,,0.0,,,,,,,,,5279,0.98,0.0,0.0
2026-07-17T13:52:04.712541,Raspberry_Relieve7,,,,,,0.0,,,,,,,,,5280,1.03,0.0,0.0
2026-07-17T13:52:05.712692,Raspberry_Relieve7,,,,,,0.0,,,,,,,,,5281,1.08,0.0,0.0
2026-07-17T13:52:06.712788,Raspberry_Relieve7,,,,,,0.0,,,,,,,,,5282,0.91,0.0,0.0
2026-07-17T13:52:07.712895,Raspberry_Relieve7,,,,,,0.0,,,,,,,,,5283,1.02,0.0,0.0
2026-07-17T13:52:08.713053,Raspberry_Relieve7,,,,,,0.0,,,,,,,,,5284,1.02,0.0,0.0
2026-07-17T13:52:09.713199,Raspberry_Relieve7,,,,,,0.0,,,,,,,,,5285,1.03,0.0,0.0
2026-07-17T13:52:10.713347,Raspberry_Relieve7,,,,,,0.0,,,,,,,,,5286,0.91,0.0,0.0
2026-07-17T13:52:11.713485,Raspberry_Relieve7,,,,,,0.0,,,,,,,,,5287,1.03,0.0,0.0
2026-07-17T13:52:12.713636,Raspberry_Relieve7,,,,,,0.0,,,,,,,,,5288,0.95,0.0,0.0
2026-07-17T13:52:13.713773,Raspberry_Relieve7,,,,,,0.0,,,,,,,,,5289,1.12,0.0,0.0
2026-07-17T13:52:14.713920,Raspberry_Relieve7,,,,,,0.0,,,,,,,,,5290,0.91,0.0,0.0
2026-07-17T13:52:15.714060,Raspberry_Relieve7,,,,,,0.0,,,,,,,,,5291,1.03,0.0,0.0
2026-07-17T13:52:16.714202,Raspberry_Relieve7,,,,,,0.0,,,,,,,,,5292,1.0,0.0,0.0
2026-07-17T13:52:17.714315,Raspberry_Relieve7,,,,,,0.0,,,,,,,,,5293,1.02,0.0,0.0
2026-07-17T13:52:18.714417,Raspberry_Relieve7,,,,,,0.0,,,,,,,,,5294,0.91,0.0,0.0
2026-07-17T13:52:19.714589,Raspberry_Relieve7,,,,,,0.0,,,,,,,,,5295,1.07,0.0,0.0
2026-07-17T13:52:20.714709,Raspberry_Relieve7,,,,,,0.0,,,,,,,,,5296,0.91,0.0,0.0
2026-07-17T13:52:21.714867,Raspberry_Relieve7,,,,,,0.0,,,,,,,,,5297,1.08,0.0,0.0
2026-07-17T13:52:22.714985,Raspberry_Relieve7,,,,,,0.0,,,,,,,,,5298,0.92,0.0,0.0
2026-07-17T13:52:23.715148,Raspberry_Relieve7,,,,,,0.0,,,,,,,,,5299,1.04,0.0,0.0
2026-07-17T13:52:24.715283,Raspberry_Relieve7,,,,,,0.0,,,,,,,,,5300,0.99,0.0,0.0
2026-07-17T13:52:25.715423,Raspberry_Relieve7,,,,,,0.0,,,,,,,,,5301,1.01,0.0,0.0
2026-07-17T13:52:26.715554,Raspberry_Relieve7,,,,,,0.0,,,,,,,,,5302,1.04,0.0,0.0
2026-07-17T13:52:27.715694,Raspberry_Relieve7,,,,,,0.0,,,,,,,,,5303,0.96,0.0,0.0
2026-07-17T13:52:28.715834,Raspberry_Relieve7,,,,,,0.0,,,,,,,,,5304,1.13,0.0,0.0
2026-07-17T13:52:29.715968,Raspberry_Relieve7,,,,,,0.0,,,,,,,,,5305,0.93,0.0,0.0
2026-07-17T13:52:30.716118,Raspberry_Relieve7,,,,,,0.0,,,,,,,,,5306,0.94,0.0,0.0
2026-07-17T13:52:31.716254,Raspberry_Relieve7,,,,,,0.0,,,,,,,,,5307,1.04,0.0,0.0
2026-07-17T13:52:32.716383,Raspberry_Relieve7,,,,,,0.0,,,,,,,,,5308,0.95,0.0,0.0
2026-07-17T13:52:33.716519,Raspberry_Relieve7,,,,,,0.0,,,,,,,,,5309,1.11,0.0,0.0
2026-07-17T13:52:34.716652,Raspberry_Relieve7,,,,,,0.0,,,,,,,,,5310,1.05,0.0,0.0
2026-07-17T13:52:35.716801,Raspberry_Relieve7,,,,,,0.0,,,,,,,,,5311,1.02,0.0,0.0
2026-07-17T13:52:36.716917,Raspberry_Relieve7,,,,,,0.0,,,,,,,,,5312,0.84,0.0,0.0
2026-07-17T13:52:37.716991,Raspberry_Relieve7,,,,,,0.0,,,,,,,,,5313,1.04,0.0,0.0
2026-07-17T13:52:38.717126,Raspberry_Relieve7,,,,,,0.0,,,,,,,,,5314,0.9,0.0,0.0
2026-07-17T13:52:39.717242,Raspberry_Relieve7,,,,,,0.0,,,,,,,,,5315,1.08,0.0,0.0
2026-07-17T13:52:40.717392,Raspberry_Relieve7,,,,,,0.0,,,,,,,,,5316,0.95,0.0,0.0
2026-07-17T13:52:41.717552,Raspberry_Relieve7,,,,,,0.0,,,,,,,,,5317,1.02,0.0,0.0
2026-07-17T13:52:42.717667,Raspberry_Relieve7,,,,,,0.0,,,,,,,,,5318,1.02,0.0,0.0
2026-07-17T13:52:43.717839,Raspberry_Relieve7,,,,,,0.0,,,,,,,,,5319,0.98,0.0,0.0
2026-07-17T13:52:44.717990,Raspberry_Relieve7,,,,,,0.0,,,,,,,,,5320,0.97,0.0,0.0
2026-07-17T13:52:45.718133,Raspberry_Relieve7,,,,,,0.0,,,,,,,,,5321,1.02,0.0,0.0
2026-07-17T13:52:46.718295,Raspberry_Relieve7,,,,,,0.0,,,,,,,,,5322,1.02,0.0,0.0
2026-07-17T13:52:47.718440,Raspberry_Relieve7,,,,,,0.0,,,,,,,,,5323,1.02,0.0,0.0
2026-07-17T13:52:48.718599,Raspberry_Relieve7,,,,,,0.0,,,,,,,,,5324,1.02,0.0,0.0
2026-07-17T13:52:49.718751,Raspberry_Relieve7,,,,,,0.0,,,,,,,,,5325,1.02,0.0,0.0
2026-07-17T13:52:50.718877,Raspberry_Relieve7,,,,,,0.0,,,,,,,,,5326,0.9,0.0,0.0
2026-07-17T13:52:51.719022,Raspberry_Relieve7,,,,,,0.0,,,,,,,,,5327,1.03,0.0,0.0
2026-07-17T13:52:52.719166,Raspberry_Relieve7,,,,,,0.0,,,,,,,,,5328,1.0,0.0,0.0
2026-07-17T13:52:53.719249,Raspberry_Relieve7,,,,,,0.0,,,,,,,,,5329,1.16,0.0,0.0
2026-07-17T13:52:54.719371,Raspberry_Relieve7,,,,,,0.0,,,,,,,,,5330,1.02,0.0,0.0
2026-07-17T13:52:55.719500,Raspberry_Relieve7,,,,,,0.0,,,,,,,,,5331,0.78,0.0,0.0
2026-07-17T13:52:56.719668,Raspberry_Relieve7,,,,,,0.0,,,,,,,,,5332,1.02,0.0,0.0
2026-07-17T13:52:57.719775,Raspberry_Relieve7,,,,,,0.0,,,,,,,,,5333,1.01,0.0,0.0
2026-07-17T13:52:58.719930,Raspberry_Relieve7,,,,,,0.0,,,,,,,,,5334,0.98,0.0,0.0
2026-07-17T13:52:59.720020,Raspberry_Relieve7,,,,,,0.0,,,,,,,,,5335,1.02,0.0,0.0
2026-07-17T13:53:00.720147,Raspberry_Relieve7,,,,,,0.0,,,,,,,,,5336,0.97,0.0,0.0
2026-07-17T13:53:01.720304,Raspberry_Relieve7,,,,,,0.0,,,,,,,,,5337,0.99,0.0,0.0
2026-07-17T13:53:02.720458,Raspberry_Relieve7,,,,,,0.0,,,,,,,,,5338,0.96,0.0,0.0
2026-07-17T13:53:03.720624,Raspberry_Relieve7,,,,,,0.0,,,,,,,,,5339,1.12,0.0,0.0
2026-07-17T13:53:04.720799,Raspberry_Relieve7,,,,,,0.0,,,,,,,,,5340,0.98,0.0,0.0
2026-07-17T13:53:05.720888,Raspberry_Relieve7,,,,,,0.0,,,,,,,,,5341,0.94,0.0,0.0
2026-07-17T13:53:06.721078,Raspberry_Relieve7,,,,,,0.0,,,,,,,,,5342,1.11,0.0,0.0
2026-07-17T13:53:07.721168,Raspberry_Relieve7,,,,,,0.0,,,,,,,,,5343,0.92,0.0,0.0
2026-07-17T13:53:08.721337,Raspberry_Relieve7,,,,,,0.0,,,,,,,,,5344,1.02,0.0,0.0
2026-07-17T13:53:09.721427,Raspberry_Relieve7,,,,,,0.0,,,,,,,,,5345,1.02,0.0,0.0
2026-07-17T13:53:10.721593,Raspberry_Relieve7,,,,,,0.0,,,,,,,,,5346,0.91,0.0,0.0
2026-07-17T13:53:11.721732,Raspberry_Relieve7,,,,,,0.0,,,,,,,,,5347,1.05,0.0,0.0
2026-07-17T13:53:12.721930,Raspberry_Relieve7,,,,,,0.0,,,,,,,,,5348,0.96,0.0,0.0
2026-07-17T13:53:13.722097,Raspberry_Relieve7,,,,,,0.0,,,,,,,,,5349,1.03,0.0,0.0
2026-07-17T13:53:14.722230,Raspberry_Relieve7,,,,,,0.0,,,,,,,,,5350,0.96,0.0,0.0
2026-07-17T13:53:15.722361,Raspberry_Relieve7,,,,,,0.0,,,,,,,,,5351,1.11,0.0,0.0
2026-07-17T13:53:16.722503,Raspberry_Relieve7,,,,,,0.0,,,,,,,,,5352,0.94,0.0,0.0
2026-07-17T13:53:17.722551,Raspberry_Relieve7,,,,,,0.0,,,,,,,,,5353,1.02,0.0,0.0
2026-07-17T13:53:18.722672,Raspberry_Relieve7,,,,,,0.0,,,,,,,,,5354,1.02,0.0,0.0
2026-07-17T13:53:19.722780,Raspberry_Relieve7,,,,,,0.0,,,,,,,,,5355,0.93,0.0,0.0
2026-07-17T13:53:20.722915,Raspberry_Relieve7,,,,,,0.0,,,,,,,,,5356,1.01,0.0,0.0
2026-07-17T13:53:21.723088,Raspberry_Relieve7,,,,,,0.0,,,,,,,,,5357,1.04,0.0,0.0
2026-07-17T13:53:22.723203,Raspberry_Relieve7,,,,,,0.0,,,,,,,,,5358,1.02,0.0,0.0
2026-07-17T13:53:23.723296,Raspberry_Relieve7,,,,,,0.0,,,,,,,,,5359,1.03,0.0,0.0
2026-07-17T13:53:24.723414,Raspberry_Relieve7,,,,,,0.0,,,,,,,,,5360,0.92,0.0,0.0
2026-07-17T13:53:25.723517,Raspberry_Relieve7,,,,,,0.0,,,,,,,,,5361,1.02,0.0,0.0
2026-07-17T13:53:26.723672,Raspberry_Relieve7,,,,,,0.0,,,,,,,,,5362,0.94,0.0,0.0
2026-07-17T13:53:27.723803,Raspberry_Relieve7,,,,,,0.0,,,,,,,,,5363,1.04,0.0,0.0
2026-07-17T13:53:28.723945,Raspberry_Relieve7,,,,,,0.0,,,,,,,,,5364,0.96,0.0,0.0
2026-07-17T13:53:29.724028,Raspberry_Relieve7,,,,,,0.0,,,,,,,,,5365,1.04,0.0,0.0
2026-07-17T13:53:30.724195,Raspberry_Relieve7,,,,,,0.0,,,,,,,,,5366,1.03,0.0,0.0
2026-07-17T13:53:31.724339,Raspberry_Relieve7,,,,,,0.0,,,,,,,,,5367,0.94,0.0,0.0
2026-07-17T13:53:32.724484,Raspberry_Relieve7,,,,,,0.0,,,,,,,,,5368,1.01,0.0,0.0
2026-07-17T13:53:33.724567,Raspberry_Relieve7,,,,,,0.0,,,,,,,,,5369,0.97,0.0,0.0
2026-07-17T13:53:34.724736,Raspberry_Relieve7,,,,,,0.0,,,,,,,,,5370,1.18,0.0,0.0
2026-07-17T13:53:35.724880,Raspberry_Relieve7,,,,,,0.0,,,,,,,,,5371,0.92,0.0,0.0
2026-07-17T13:53:36.725021,Raspberry_Relieve7,,,,,,0.0,,,,,,,,,5372,0.92,0.0,0.0
2026-07-17T13:53:37.725202,Raspberry_Relieve7,,,,,,0.0,,,,,,,,,5373,1.1,0.0,0.0
2026-07-17T13:53:38.725398,Raspberry_Relieve7,,,,,,0.0,,,,,,,,,5374,0.94,0.0,0.0
2026-07-17T13:53:39.725527,Raspberry_Relieve7,,,,,,0.0,,,,,,,,,5375,1.03,0.0,0.0
2026-07-17T13:53:40.725637,Raspberry_Relieve7,,,,,,0.0,,,,,,,,,5376,0.91,0.0,0.0
2026-07-17T13:53:41.725789,Raspberry_Relieve7,,,,,,0.0,,,,,,,,,5377,1.05,0.0,0.0
2026-07-17T13:53:42.725895,Raspberry_Relieve7,,,,,,0.0,,,,,,,,,5378,0.95,0.0,0.0
2026-07-17T13:53:43.726055,Raspberry_Relieve7,,,,,,0.0,,,,,,,,,5379,1.01,0.0,0.0
2026-07-17T13:53:44.726201,Raspberry_Relieve7,,,,,,0.0,,,,,,,,,5380,0.96,0.0,0.0
2026-07-17T13:53:45.726347,Raspberry_Relieve7,,,,,,0.0,,,,,,,,,5381,1.04,0.0,0.0
2026-07-17T13:53:46.726443,Raspberry_Relieve7,,,,,,0.0,,,,,,,,,5382,1.0,0.0,0.0
2026-07-17T13:53:47.726611,Raspberry_Relieve7,,,,,,0.0,,,,,,,,,5383,1.02,0.0,0.0
2026-07-17T13:53:48.726750,Raspberry_Relieve7,,,,,,0.0,,,,,,,,,5384,0.97,0.0,0.0
2026-07-17T13:53:49.726890,Raspberry_Relieve7,,,,,,0.0,,,,,,,,,5385,1.02,0.0,0.0
2026-07-17T13:53:50.726970,Raspberry_Relieve7,,,,,,0.0,,,,,,,,,5386,1.02,0.0,0.0
2026-07-17T13:53:51.727074,Raspberry_Relieve7,,,,,,0.0,,,,,,,,,5387,1.02,0.0,0.0
2026-07-17T13:53:52.727178,Raspberry_Relieve7,,,,,,0.0,,,,,,,,,5388,0.92,0.0,0.0
2026-07-17T13:53:53.727348,Raspberry_Relieve7,,,,,,0.0,,,,,,,,,5389,1.23,0.0,0.0
2026-07-17T13:53:54.727446,Raspberry_Relieve7,,,,,,0.0,,,,,,,,,5390,0.82,0.0,0.0
2026-07-17T13:53:55.727560,Raspberry_Relieve7,,,,,,0.0,,,,,,,,,5391,0.97,0.0,0.0
2026-07-17T13:53:56.727764,Raspberry_Relieve7,,,,,,0.0,,,,,,,,,5392,0.99,0.0,0.0
2026-07-17T13:53:57.727878,Raspberry_Relieve7,,,,,,0.0,,,,,,,,,5393,1.04,0.0,0.0
2026-07-17T13:53:58.728029,Raspberry_Relieve7,,,,,,0.0,,,,,,,,,5394,0.93,0.0,0.0
2026-07-17T13:53:59.728100,Raspberry_Relieve7,,,,,,0.0,,,,,,,,,5395,1.04,0.0,0.0
2026-07-17T13:54:00.728239,Raspberry_Relieve7,,,,,,0.0,,,,,,,,,5396,1.07,0.0,0.0
2026-07-17T13:54:01.728393,Raspberry_Relieve7,,,,,,0.0,,,,,,,,,5397,0.93,0.0,0.0
2026-07-17T13:54:02.728529,Raspberry_Relieve7,,,,,,0.0,,,,,,,,,5398,0.99,0.0,0.0
2026-07-17T13:54:03.728673,Raspberry_Relieve7,,,,,,0.0,,,,,,,,,5399,1.09,0.0,0.0
2026-07-17T13:54:04.728803,Raspberry_Relieve7,,,,,,0.0,,,,,,,,,5400,1.04,0.0,0.0
2026-07-17T13:54:05.728947,Raspberry_Relieve7,,,,,,0.0,,,,,,,,,5401,0.97,0.0,0.0
2026-07-17T13:54:06.729078,Raspberry_Relieve7,,,,,,0.0,,,,,,,,,5402,1.09,0.0,0.0
2026-07-17T13:54:07.729186,Raspberry_Relieve7,,,,,,0.0,,,,,,,,,5403,0.82,0.0,0.0
2026-07-17T13:54:08.729318,Raspberry_Relieve7,,,,,,0.0,,,,,,,,,5404,1.08,0.0,0.0
2026-07-17T13:54:09.729464,Raspberry_Relieve7,,,,,,0.0,,,,,,,,,5405,0.98,0.0,0.0
2026-07-17T13:54:10.729599,Raspberry_Relieve7,,,,,,0.0,,,,,,,,,5406,1.03,0.0,0.0
2026-07-17T13:54:11.729736,Raspberry_Relieve7,,,,,,0.0,,,,,,,,,5407,0.98,0.0,0.0
2026-07-17T13:54:12.729861,Raspberry_Relieve7,,,,,,0.0,,,,,,,,,5408,0.97,0.0,0.0
2026-07-17T13:54:13.729991,Raspberry_Relieve7,,,,,,0.0,,,,,,,,,5409,1.02,0.0,0.0
2026-07-17T13:54:14.730122,Raspberry_Relieve7,,,,,,0.0,,,,,,,,,5410,1.04,0.0,0.0
2026-07-17T13:54:15.730257,Raspberry_Relieve7,,,,,,0.0,,,,,,,,,5411,0.91,0.0,0.0
2026-07-17T13:54:16.730429,Raspberry_Relieve7,,,,,,0.0,,,,,,,,,5412,0.93,0.0,0.0
2026-07-17T13:54:17.730486,Raspberry_Relieve7,,,,,,0.0,,,,,,,,,5418,6.02,0.0,0.0
2026-07-17T13:54:23.255317,Raspberry_Relieve7,,,,,,0.0,,,,,,,,,5419,0.61,0.0,0.0
2026-07-17T13:54:24.255435,Raspberry_Relieve7,,,,,,0.0,,,,,,,,,5420,0.92,0.0,0.0
2026-07-17T13:54:25.255678,Raspberry_Relieve7,,,,,,0.0,,,,,,,,,5421,1.11,0.0,0.0
2026-07-17T13:54:26.255845,Raspberry_Relieve7,,,,,,0.0,,,,,,,,,5422,0.94,0.0,0.0
2026-07-17T13:54:27.255948,Raspberry_Relieve7,,,,,,0.0,,,,,,,,,5423,1.03,0.0,0.0
2026-07-17T13:54:28.256067,Raspberry_Relieve7,,,,,,0.0,,,,,,,,,5424,0.92,0.0,0.0
2026-07-17T13:54:29.256131,Raspberry_Relieve7,,,,,,0.0,,,,,,,,,5425,1.02,0.0,0.0
2026-07-17T13:54:30.256213,Raspberry_Relieve7,,,,,,0.0,,,,,,,,,5426,1.11,0.0,0.0
2026-07-17T13:54:31.256370,Raspberry_Relieve7,,,,,,0.0,,,,,,,,,5427,0.94,0.0,0.0
2026-07-17T13:54:32.256488,Raspberry_Relieve7,,,,,,0.0,,,,,,,,,5428,1.02,0.0,0.0
2026-07-17T13:54:33.256563,Raspberry_Relieve7,,,,,,0.0,,,,,,,,,5429,0.94,0.0,0.0
2026-07-17T13:54:34.256645,Raspberry_Relieve7,,,,,,0.0,,,,,,,,,5430,0.91,0.0,0.0
2026-07-17T13:54:35.256731,Raspberry_Relieve7,,,,,,0.0,,,,,,,,,5431,1.05,0.0,0.0
2026-07-17T13:54:36.256852,Raspberry_Relieve7,,,,,,0.0,,,,,,,,,5432,1.05,0.0,0.0
2026-07-17T13:54:37.256967,Raspberry_Relieve7,,,,,,0.0,,,,,,,,,5433,1.0,0.0,0.0
2026-07-17T13:54:38.257254,Raspberry_Relieve7,,,,,,0.0,,,,,,,,,5434,1.03,0.0,0.0
2026-07-17T13:54:39.257428,Raspberry_Relieve7,,,,,,0.0,,,,,,,,,5435,1.02,0.0,0.0
2026-07-17T13:54:40.257523,Raspberry_Relieve7,,,,,,0.0,,,,,,,,,5436,0.97,0.0,0.0
2026-07-17T13:54:41.257634,Raspberry_Relieve7,,,,,,0.0,,,,,,,,,5437,1.02,0.0,0.0
2026-07-17T13:54:42.257744,Raspberry_Relieve7,,,,,,0.0,,,,,,,,,5438,0.92,0.0,0.0
2026-07-17T13:54:43.257824,Raspberry_Relieve7,,,,,,0.0,,,,,,,,,5439,1.02,0.0,0.0
2026-07-17T13:54:44.257956,Raspberry_Relieve7,,,,,,0.0,,,,,,,,,5440,1.02,0.0,0.0
2026-07-17T13:54:45.258074,Raspberry_Relieve7,,,,,,0.0,,,,,,,,,5441,1.02,0.0,0.0
2026-07-17T13:54:46.258154,Raspberry_Relieve7,,,,,,0.0,,,,,,,,,5442,0.92,0.0,0.0
2026-07-17T13:54:47.258294,Raspberry_Relieve7,,,,,,0.0,,,,,,,,,5443,1.02,0.0,0.0
2026-07-17T13:54:48.258410,Raspberry_Relieve7,,,,,,0.0,,,,,,,,,5444,0.98,0.0,0.0
2026-07-17T13:54:49.258525,Raspberry_Relieve7,,,,,,0.0,,,,,,,,,5445,1.01,0.0,0.0
2026-07-17T13:54:50.258637,Raspberry_Relieve7,,,,,,0.0,,,,,,,,,5446,1.01,0.0,0.0
2026-07-17T13:54:51.258747,Raspberry_Relieve7,,,,,,0.0,,,,,,,,,5447,0.99,0.0,0.0
2026-07-17T13:54:52.258824,Raspberry_Relieve7,,,,,,0.0,,,,,,,,,5448,0.98,0.0,0.0
2026-07-17T13:54:53.258955,Raspberry_Relieve7,,,,,,0.0,,,,,,,,,5449,1.01,0.0,0.0
2026-07-17T13:54:54.259063,Raspberry_Relieve7,,,,,,0.0,,,,,,,,,5450,0.97,0.0,0.0
2026-07-17T13:54:55.259174,Raspberry_Relieve7,,,,,,0.0,,,,,,,,,5451,1.05,0.0,0.0
2026-07-17T13:54:56.259287,Raspberry_Relieve7,,,,,,0.0,,,,,,,,,5452,1.0,0.0,0.0
2026-07-17T13:54:57.259398,Raspberry_Relieve7,,,,,,0.0,,,,,,,,,5453,1.03,0.0,0.0
2026-07-17T13:54:58.259509,Raspberry_Relieve7,,,,,,0.0,,,,,,,,,5454,0.92,0.0,0.0
2026-07-17T13:54:59.259570,Raspberry_Relieve7,,,,,,0.0,,,,,,,,,5455,1.04,0.0,0.0
2026-07-17T13:55:00.259710,Raspberry_Relieve7,,,,,,0.0,,,,,,,,,5456,1.01,0.0,0.0
2026-07-17T13:55:01.259813,Raspberry_Relieve7,,,,,,0.0,,,,,,,,,5457,1.07,0.0,0.0
2026-07-17T13:55:02.259928,Raspberry_Relieve7,,,,,,0.0,,,,,,,,,5458,0.98,0.0,0.0
2026-07-17T13:55:03.260035,Raspberry_Relieve7,,,,,,0.0,,,,,,,,,5459,0.92,0.0,0.0
2026-07-17T13:55:04.260103,Raspberry_Relieve7,,,,,,0.0,,,,,,,,,5460,0.93,0.0,0.0
2026-07-17T13:55:05.260234,Raspberry_Relieve7,,,,,,0.0,,,,,,,,,5461,1.14,0.0,0.0
2026-07-17T13:55:06.260377,Raspberry_Relieve7,,,,,,0.0,,,,,,,,,5462,0.94,0.0,0.0
2026-07-17T13:55:07.260462,Raspberry_Relieve7,,,,,,0.0,,,,,,,,,5463,1.01,0.0,0.0
2026-07-17T13:55:08.260532,Raspberry_Relieve7,,,,,,0.0,,,,,,,,,5464,0.98,0.0,0.0
2026-07-17T13:55:09.260616,Raspberry_Relieve7,,,,,,0.0,,,,,,,,,5465,1.03,0.0,0.0
2026-07-17T13:55:10.260701,Raspberry_Relieve7,,,,,,0.0,,,,,,,,,5466,1.04,0.0,0.0
2026-07-17T13:55:11.260841,Raspberry_Relieve7,,,,,,0.0,,,,,,,,,5467,1.02,0.0,0.0
2026-07-17T13:55:12.260955,Raspberry_Relieve7,,,,,,0.0,,,,,,,,,5468,1.02,0.0,0.0
2026-07-17T13:55:13.261074,Raspberry_Relieve7,,,,,,0.0,,,,,,,,,5469,0.92,0.0,0.0
2026-07-17T13:55:14.261190,Raspberry_Relieve7,,,,,,0.0,,,,,,,,,5470,0.91,0.0,0.0
2026-07-17T13:55:15.261305,Raspberry_Relieve7,,,,,,0.0,,,,,,,,,5471,1.05,0.0,0.0
2026-07-17T13:55:16.261420,Raspberry_Relieve7,,,,,,0.0,,,,,,,,,5472,1.07,0.0,0.0
2026-07-17T13:55:17.261497,Raspberry_Relieve7,,,,,,0.0,,,,,,,,,5473,0.97,0.0,0.0
2026-07-17T13:55:18.261619,Raspberry_Relieve7,,,,,,0.0,,,,,,,,,5474,1.02,0.0,0.0
2026-07-17T13:55:19.261692,Raspberry_Relieve7,,,,,,0.0,,,,,,,,,5475,1.02,0.0,0.0
2026-07-17T13:55:20.261850,Raspberry_Relieve7,,,,,,0.0,,,,,,,,,5476,0.92,0.0,0.0
2026-07-17T13:55:21.262067,Raspberry_Relieve7,,,,,,0.0,,,,,,,,,5477,1.03,0.0,0.0
2026-07-17T13:55:22.262251,Raspberry_Relieve7,,,,,,0.0,,,,,,,,,5478,1.01,0.0,0.0
2026-07-17T13:55:23.262358,Raspberry_Relieve7,,,,,,0.0,,,,,,,,,5479,1.0,0.0,0.0
2026-07-17T13:55:24.262439,Raspberry_Relieve7,,,,,,0.0,,,,,,,,,5480,0.99,0.0,0.0
2026-07-17T13:55:25.262553,Raspberry_Relieve7,,,,,,0.0,,,,,,,,,5481,0.99,0.0,0.0
2026-07-17T13:55:26.262653,Raspberry_Relieve7,,,,,,0.0,,,,,,,,,5482,1.02,0.0,0.0
2026-07-17T13:55:27.262771,Raspberry_Relieve7,,,,,,0.0,,,,,,,,,5483,1.03,0.0,0.0
2026-07-17T13:55:28.262881,Raspberry_Relieve7,,,,,,0.0,,,,,,,,,5484,1.07,0.0,0.0
2026-07-17T13:55:29.262994,Raspberry_Relieve7,,,,,,0.0,,,,,,,,,5485,0.98,0.0,0.0
2026-07-17T13:55:30.263111,Raspberry_Relieve7,,,,,,0.0,,,,,,,,,5486,0.92,0.0,0.0
2026-07-17T13:55:31.263222,Raspberry_Relieve7,,,,,,0.0,,,,,,,,,5487,1.11,0.0,0.0
2026-07-17T13:55:32.263335,Raspberry_Relieve7,,,,,,0.0,,,,,,,,,5488,0.94,0.0,0.0
2026-07-17T13:55:33.263408,Raspberry_Relieve7,,,,,,0.0,,,,,,,,,5489,0.94,0.0,0.0
2026-07-17T13:55:34.263490,Raspberry_Relieve7,,,,,,0.0,,,,,,,,,5490,0.93,0.0,0.0
2026-07-17T13:55:35.263604,Raspberry_Relieve7,,,,,,0.0,,,,,,,,,5491,1.1,0.0,0.0
2026-07-17T13:55:36.263673,Raspberry_Relieve7,,,,,,0.0,,,,,,,,,5492,1.02,0.0,0.0
2026-07-17T13:55:37.263802,Raspberry_Relieve7,,,,,,0.0,,,,,,,,,5493,1.02,0.0,0.0
2026-07-17T13:55:38.264008,Raspberry_Relieve7,,,,,,0.0,,,,,,,,,5494,1.03,0.0,0.0
2026-07-17T13:55:39.264181,Raspberry_Relieve7,,,,,,0.0,,,,,,,,,5495,0.9,0.0,0.0
2026-07-17T13:55:40.264280,Raspberry_Relieve7,,,,,,0.0,,,,,,,,,5496,1.0,0.0,0.0
2026-07-17T13:55:41.264383,Raspberry_Relieve7,,,,,,0.0,,,,,,,,,5497,1.02,0.0,0.0
2026-07-17T13:55:42.264494,Raspberry_Relieve7,,,,,,0.0,,,,,,,,,5498,1.01,0.0,0.0
2026-07-17T13:55:43.264560,Raspberry_Relieve7,,,,,,0.0,,,,,,,,,5499,0.99,0.0,0.0
2026-07-17T13:55:44.264645,Raspberry_Relieve7,,,,,,0.0,,,,,,,,,5500,1.02,0.0,0.0
2026-07-17T13:55:45.264770,Raspberry_Relieve7,,,,,,0.0,,,,,,,,,5501,1.02,0.0,0.0
2026-07-17T13:55:46.264876,Raspberry_Relieve7,,,,,,0.0,,,,,,,,,5502,0.92,0.0,0.0
2026-07-17T13:55:47.264988,Raspberry_Relieve7,,,,,,0.0,,,,,,,,,5503,1.02,0.0,0.0
2026-07-17T13:55:48.265062,Raspberry_Relieve7,,,,,,0.0,,,,,,,,,5504,0.97,0.0,0.0
2026-07-17T13:55:49.265145,Raspberry_Relieve7,,,,,,0.0,,,,,,,,,5505,1.03,0.0,0.0
2026-07-17T13:55:50.265262,Raspberry_Relieve7,,,,,,0.0,,,,,,,,,5506,1.05,0.0,0.0
2026-07-17T13:55:51.265371,Raspberry_Relieve7,,,,,,0.0,,,,,,,,,5507,1.04,0.0,0.0
2026-07-17T13:55:52.265485,Raspberry_Relieve7,,,,,,0.0,,,,,,,,,5508,0.92,0.0,0.0
2026-07-17T13:55:53.265551,Raspberry_Relieve7,,,,,,0.0,,,,,,,,,5509,1.02,0.0,0.0
2026-07-17T13:55:54.265665,Raspberry_Relieve7,,,,,,0.0,,,,,,,,,5510,0.92,0.0,0.0
2026-07-17T13:55:55.265735,Raspberry_Relieve7,,,,,,0.0,,,,,,,,,5511,1.03,0.0,0.0
2026-07-17T13:55:56.265821,Raspberry_Relieve7,,,,,,0.0,,,,,,,,,5512,0.96,0.0,0.0
2026-07-17T13:55:57.265936,Raspberry_Relieve7,,,,,,0.0,,,,,,,,,5513,1.0,0.0,0.0
2026-07-17T13:55:58.266055,Raspberry_Relieve7,,,,,,0.0,,,,,,,,,5514,1.04,0.0,0.0
2026-07-17T13:55:59.266229,Raspberry_Relieve7,,,,,,0.0,,,,,,,,,5515,1.03,0.0,0.0
2026-07-17T13:56:00.266401,Raspberry_Relieve7,,,,,,0.0,,,,,,,,,5516,0.98,0.0,0.0
2026-07-17T13:56:01.266482,Raspberry_Relieve7,,,,,,0.0,,,,,,,,,5517,1.02,0.0,0.0
2026-07-17T13:56:02.266590,Raspberry_Relieve7,,,,,,0.0,,,,,,,,,5518,0.97,0.0,0.0
2026-07-17T13:56:03.266667,Raspberry_Relieve7,,,,,,0.0,,,,,,,,,5519,1.07,0.0,0.0
2026-07-17T13:56:04.266794,Raspberry_Relieve7,,,,,,0.0,,,,,,,,,5520,0.85,0.0,0.0
2026-07-17T13:56:05.266909,Raspberry_Relieve7,,,,,,0.0,,,,,,,,,5521,1.05,0.0,0.0
2026-07-17T13:56:06.267022,Raspberry_Relieve7,,,,,,0.0,,,,,,,,,5522,1.06,0.0,0.0
2026-07-17T13:56:07.267131,Raspberry_Relieve7,,,,,,0.0,,,,,,,,,5523,1.02,0.0,0.0
2026-07-17T13:56:08.267226,Raspberry_Relieve7,,,,,,0.0,,,,,,,,,5524,1.04,0.0,0.0
2026-07-17T13:56:09.267301,Raspberry_Relieve7,,,,,,0.0,,,,,,,,,5525,0.92,0.0,0.0
2026-07-17T13:56:10.267385,Raspberry_Relieve7,,,,,,0.0,,,,,,,,,5526,0.92,0.0,0.0
2026-07-17T13:56:11.267499,Raspberry_Relieve7,,,,,,0.0,,,,,,,,,5527,1.02,0.0,0.0
2026-07-17T13:56:12.267570,Raspberry_Relieve7,,,,,,0.0,,,,,,,,,5528,1.04,0.0,0.0
2026-07-17T13:56:13.267798,Raspberry_Relieve7,,,,,,0.0,,,,,,,,,5529,1.0,0.0,0.0
2026-07-17T13:56:14.268000,Raspberry_Relieve7,,,,,,0.0,,,,,,,,,5530,1.0,0.0,0.0
2026-07-17T13:56:15.268121,Raspberry_Relieve7,,,,,,0.0,,,,,,,,,5531,1.04,0.0,0.0
2026-07-17T13:56:16.268201,Raspberry_Relieve7,,,,,,0.0,,,,,,,,,5532,0.94,0.0,0.0
2026-07-17T13:56:17.268321,Raspberry_Relieve7,,,,,,0.0,,,,,,,,,5533,1.23,0.0,0.0
2026-07-17T13:56:18.268434,Raspberry_Relieve7,,,,,,0.0,,,,,,,,,5534,0.72,0.0,0.0
2026-07-17T13:56:19.268503,Raspberry_Relieve7,,,,,,0.0,,,,,,,,,5535,1.11,0.0,0.0
2026-07-17T13:56:20.268596,Raspberry_Relieve7,,,,,,0.0,,,,,,,,,5536,0.94,0.0,0.0
2026-07-17T13:56:21.268726,Raspberry_Relieve7,,,,,,0.0,,,,,,,,,5537,1.08,0.0,0.0
2026-07-17T13:56:22.268839,Raspberry_Relieve7,,,,,,0.0,,,,,,,,,5538,0.97,0.0,0.0
2026-07-17T13:56:23.268955,Raspberry_Relieve7,,,,,,0.0,,,,,,,,,5539,0.97,0.0,0.0
2026-07-17T13:56:24.269067,Raspberry_Relieve7,,,,,,0.0,,,,,,,,,5540,0.93,0.0,0.0
2026-07-17T13:56:25.269181,Raspberry_Relieve7,,,,,,0.0,,,,,,,,,5541,1.02,0.0,0.0
2026-07-17T13:56:26.269280,Raspberry_Relieve7,,,,,,0.0,,,,,,,,,5542,1.06,0.0,0.0
2026-07-17T13:56:27.269384,Raspberry_Relieve7,,,,,,0.0,,,,,,,,,5543,1.04,0.0,0.0
2026-07-17T13:56:28.269501,Raspberry_Relieve7,,,,,,0.0,,,,,,,,,5544,1.0,0.0,0.0
2026-07-17T13:56:29.269618,Raspberry_Relieve7,,,,,,0.0,,,,,,,,,5545,0.93,0.0,0.0
2026-07-17T13:56:30.269737,Raspberry_Relieve7,,,,,,0.0,,,,,,,,,5546,1.02,0.0,0.0
2026-07-17T13:56:31.269855,Raspberry_Relieve7,,,,,,0.0,,,,,,,,,5547,0.98,0.0,0.0
2026-07-17T13:56:32.269967,Raspberry_Relieve7,,,,,,0.0,,,,,,,,,5548,1.0,0.0,0.0
2026-07-17T13:56:33.270189,Raspberry_Relieve7,,,,,,0.0,,,,,,,,,5549,1.0,0.0,0.0
2026-07-17T13:56:34.270257,Raspberry_Relieve7,,,,,,0.0,,,,,,,,,5550,0.98,0.0,0.0
2026-07-17T13:56:35.270422,Raspberry_Relieve7,,,,,,0.0,,,,,,,,,5551,1.06,0.0,0.0
2026-07-17T13:56:36.270497,Raspberry_Relieve7,,,,,,0.0,,,,,,,,,5552,1.04,0.0,0.0
2026-07-17T13:56:37.270580,Raspberry_Relieve7,,,,,,0.0,,,,,,,,,5553,1.02,0.0,0.0
2026-07-17T13:56:38.270664,Raspberry_Relieve7,,,,,,0.0,,,,,,,,,5554,0.94,0.0,0.0
2026-07-17T13:56:39.270794,Raspberry_Relieve7,,,,,,0.0,,,,,,,,,5555,1.08,0.0,0.0
2026-07-17T13:56:40.271025,Raspberry_Relieve7,,,,,,0.0,,,,,,,,,5556,0.89,0.0,0.0
2026-07-17T13:56:41.271237,Raspberry_Relieve7,,,,,,0.0,,,,,,,,,5557,1.0,0.0,0.0
2026-07-17T13:56:42.271331,Raspberry_Relieve7,,,,,,0.0,,,,,,,,,5558,0.93,0.0,0.0
2026-07-17T13:56:43.271423,Raspberry_Relieve7,,,,,,0.0,,,,,,,,,5559,1.22,0.0,0.0
2026-07-17T13:56:44.271540,Raspberry_Relieve7,,,,,,0.0,,,,,,,,,5560,0.9,0.0,0.0
2026-07-17T13:56:45.271616,Raspberry_Relieve7,,,,,,0.0,,,,,,,,,5561,1.04,0.0,0.0
2026-07-17T13:56:46.271749,Raspberry_Relieve7,,,,,,0.0,,,,,,,,,5562,0.98,0.0,0.0
2026-07-17T13:56:47.271864,Raspberry_Relieve7,,,,,,0.0,,,,,,,,,5563,0.97,0.0,0.0
2026-07-17T13:56:48.271981,Raspberry_Relieve7,,,,,,0.0,,,,,,,,,5564,1.02,0.0,0.0
2026-07-17T13:56:49.272095,Raspberry_Relieve7,,,,,,0.0,,,,,,,,,5565,1.02,0.0,0.0
2026-07-17T13:56:50.272211,Raspberry_Relieve7,,,,,,0.0,,,,,,,,,5566,0.92,0.0,0.0
2026-07-17T13:56:51.272324,Raspberry_Relieve7,,,,,,0.0,,,,,,,,,5567,1.03,0.0,0.0
2026-07-17T13:56:52.272441,Raspberry_Relieve7,,,,,,0.0,,,,,,,,,5568,1.03,0.0,0.0
2026-07-17T13:56:53.272516,Raspberry_Relieve7,,,,,,0.0,,,,,,,,,5569,0.92,0.0,0.0
2026-07-17T13:56:54.272601,Raspberry_Relieve7,,,,,,0.0,,,,,,,,,5570,1.02,0.0,0.0
2026-07-17T13:56:55.272768,Raspberry_Relieve7,,,,,,0.0,,,,,,,,,5571,1.02,0.0,0.0
2026-07-17T13:56:56.272883,Raspberry_Relieve7,,,,,,0.0,,,,,,,,,5572,1.0,0.0,0.0
2026-07-17T13:56:57.273009,Raspberry_Relieve7,,,,,,0.0,,,,,,,,,5573,0.94,0.0,0.0
2026-07-17T13:56:58.273125,Raspberry_Relieve7,,,,,,0.0,,,,,,,,,5574,1.02,0.0,0.0
2026-07-17T13:56:59.273328,Raspberry_Relieve7,,,,,,0.0,,,,,,,,,5575,1.03,0.0,0.0
2026-07-17T13:57:00.273484,Raspberry_Relieve7,,,,,,0.0,,,,,,,,,5576,0.96,0.0,0.0
2026-07-17T13:57:01.273571,Raspberry_Relieve7,,,,,,0.0,,,,,,,,,5577,1.03,0.0,0.0
2026-07-17T13:57:02.273715,Raspberry_Relieve7,,,,,,0.0,,,,,,,,,5578,0.97,0.0,0.0
2026-07-17T13:57:03.273829,Raspberry_Relieve7,,,,,,0.0,,,,,,,,,5579,0.98,0.0,0.0
2026-07-17T13:57:04.273904,Raspberry_Relieve7,,,,,,0.0,,,,,,,,,5580,1.0,0.0,0.0
2026-07-17T13:57:05.274017,Raspberry_Relieve7,,,,,,0.0,,,,,,,,,5581,1.2,0.0,0.0
2026-07-17T13:57:06.274126,Raspberry_Relieve7,,,,,,0.0,,,,,,,,,5582,0.82,0.0,0.0
2026-07-17T13:57:07.274241,Raspberry_Relieve7,,,,,,0.0,,,,,,,,,5583,1.11,0.0,0.0
2026-07-17T13:57:08.274355,Raspberry_Relieve7,,,,,,0.0,,,,,,,,,5584,1.04,0.0,0.0
2026-07-17T13:57:09.274426,Raspberry_Relieve7,,,,,,0.0,,,,,,,,,5585,1.02,0.0,0.0
2026-07-17T13:57:10.274507,Raspberry_Relieve7,,,,,,0.0,,,,,,,,,5586,0.92,0.0,0.0
2026-07-17T13:57:11.274594,Raspberry_Relieve7,,,,,,0.0,,,,,,,,,5587,0.92,0.0,0.0
2026-07-17T13:57:12.274705,Raspberry_Relieve7,,,,,,0.0,,,,,,,,,5588,1.02,0.0,0.0
2026-07-17T13:57:13.274834,Raspberry_Relieve7,,,,,,0.0,,,,,,,,,5589,0.96,0.0,0.0
2026-07-17T13:57:14.275057,Raspberry_Relieve7,,,,,,0.0,,,,,,,,,5590,1.19,0.0,0.0
2026-07-17T13:57:15.275246,Raspberry_Relieve7,,,,,,0.0,,,,,,,,,5591,0.85,0.0,0.0
2026-07-17T13:57:16.275315,Raspberry_Relieve7,,,,,,0.0,,,,,,,,,5592,1.14,0.0,0.0
2026-07-17T13:57:17.275425,Raspberry_Relieve7,,,,,,0.0,,,,,,,,,5593,0.93,0.0,0.0
2026-07-17T13:57:18.275536,Raspberry_Relieve7,,,,,,0.0,,,,,,,,,5594,0.92,0.0,0.0
2026-07-17T13:57:19.275647,Raspberry_Relieve7,,,,,,0.0,,,,,,,,,5595,0.95,0.0,0.0
2026-07-17T13:57:20.275718,Raspberry_Relieve7,,,,,,0.0,,,,,,,,,5596,1.05,0.0,0.0
2026-07-17T13:57:21.275797,Raspberry_Relieve7,,,,,,0.0,,,,,,,,,5597,1.01,0.0,0.0
2026-07-17T13:57:22.275909,Raspberry_Relieve7,,,,,,0.0,,,,,,,,,5598,0.91,0.0,0.0
2026-07-17T13:57:23.276010,Raspberry_Relieve7,,,,,,0.0,,,,,,,,,5599,1.04,0.0,0.0
2026-07-17T13:57:24.276076,Raspberry_Relieve7,,,,,,0.0,,,,,,,,,5600,1.01,0.0,0.0
2026-07-17T13:57:25.276208,Raspberry_Relieve7,,,,,,0.0,,,,,,,,,5601,1.02,0.0,0.0
2026-07-17T13:57:26.276448,Raspberry_Relieve7,,,,,,0.0,,,,,,,,,5602,1.03,0.0,0.0
2026-07-17T13:57:27.276646,Raspberry_Relieve7,,,,,,0.0,,,,,,,,,5603,0.94,0.0,0.0
2026-07-17T13:57:28.276718,Raspberry_Relieve7,,,,,,0.0,,,,,,,,,5604,1.02,0.0,0.0
2026-07-17T13:57:29.276834,Raspberry_Relieve7,,,,,,0.0,,,,,,,,,5605,1.01,0.0,0.0
2026-07-17T13:57:30.276939,Raspberry_Relieve7,,,,,,0.0,,,,,,,,,5606,1.02,0.0,0.0
2026-07-17T13:57:31.277053,Raspberry_Relieve7,,,,,,0.0,,,,,,,,,5607,1.02,0.0,0.0
2026-07-17T13:57:32.277129,Raspberry_Relieve7,,,,,,0.0,,,,,,,,,5608,0.93,0.0,0.0
2026-07-17T13:57:33.277246,Raspberry_Relieve7,,,,,,0.0,,,,,,,,,5609,1.11,0.0,0.0
2026-07-17T13:57:34.277357,Raspberry_Relieve7,,,,,,0.0,,,,,,,,,5610,0.88,0.0,0.0
2026-07-17T13:57:35.277467,Raspberry_Relieve7,,,,,,0.0,,,,,,,,,5611,1.03,0.0,0.0
2026-07-17T13:57:36.277532,Raspberry_Relieve7,,,,,,0.0,,,,,,,,,5612,1.17,0.0,0.0
2026-07-17T13:57:37.277660,Raspberry_Relieve7,,,,,,0.0,,,,,,,,,5613,0.8,0.0,0.0
2026-07-17T13:57:38.277774,Raspberry_Relieve7,,,,,,0.0,,,,,,,,,5614,1.0,0.0,0.0
2026-07-17T13:57:39.277876,Raspberry_Relieve7,,,,,,0.0,,,,,,,,,5615,1.04,0.0,0.0
2026-07-17T13:57:40.277954,Raspberry_Relieve7,,,,,,0.0,,,,,,,,,5616,1.25,0.0,0.0
2026-07-17T13:57:41.278073,Raspberry_Relieve7,,,,,,0.0,,,,,,,,,5617,0.83,0.0,0.0
2026-07-17T13:57:42.278189,Raspberry_Relieve7,,,,,,0.0,,,,,,,,,5618,0.96,0.0,0.0
2026-07-17T13:57:43.278299,Raspberry_Relieve7,,,,,,0.0,,,,,,,,,5619,0.92,0.0,0.0
2026-07-17T13:57:44.278375,Raspberry_Relieve7,,,,,,0.0,,,,,,,,,5620,1.04,0.0,0.0
2026-07-17T13:57:45.278457,Raspberry_Relieve7,,,,,,0.0,,,,,,,,,5621,0.97,0.0,0.0
2026-07-17T13:57:46.278538,Raspberry_Relieve7,,,,,,0.0,,,,,,,,,5622,1.13,0.0,0.0
2026-07-17T13:57:47.278689,Raspberry_Relieve7,,,,,,0.0,,,,,,,,,5623,1.02,0.0,0.0
2026-07-17T13:57:48.278797,Raspberry_Relieve7,,,,,,0.0,,,,,,,,,5624,0.92,0.0,0.0
2026-07-17T13:57:49.278908,Raspberry_Relieve7,,,,,,0.0,,,,,,,,,5625,0.93,0.0,0.0
2026-07-17T13:57:50.278982,Raspberry_Relieve7,,,,,,0.0,,,,,,,,,5626,0.96,0.0,0.0
2026-07-17T13:57:51.279065,Raspberry_Relieve7,,,,,,0.0,,,,,,,,,5627,1.04,0.0,0.0
2026-07-17T13:57:52.279187,Raspberry_Relieve7,,,,,,0.0,,,,,,,,,5628,0.98,0.0,0.0
2026-07-17T13:57:53.279296,Raspberry_Relieve7,,,,,,0.0,,,,,,,,,5629,1.1,0.0,0.0
2026-07-17T13:57:54.279405,Raspberry_Relieve7,,,,,,0.0,,,,,,,,,5630,0.92,0.0,0.0
2026-07-17T13:57:55.279476,Raspberry_Relieve7,,,,,,0.0,,,,,,,,,5631,1.07,0.0,0.0
2026-07-17T13:57:56.279584,Raspberry_Relieve7,,,,,,0.0,,,,,,,,,5632,0.97,0.0,0.0
2026-07-17T13:57:57.279702,Raspberry_Relieve7,,,,,,0.0,,,,,,,,,5633,1.02,0.0,0.0
2026-07-17T13:57:58.279808,Raspberry_Relieve7,,,,,,0.0,,,,,,,,,5634,1.02,0.0,0.0
2026-07-17T13:57:59.279885,Raspberry_Relieve7,,,,,,0.0,,,,,,,,,5635,0.86,0.0,0.0
2026-07-17T13:58:00.279974,Raspberry_Relieve7,,,,,,0.0,,,,,,,,,5636,1.06,0.0,0.0
2026-07-17T13:58:01.280096,Raspberry_Relieve7,,,,,,0.0,,,,,,,,,5637,1.33,0.0,0.0
2026-07-17T13:58:02.280157,Raspberry_Relieve7,,,,,,0.0,,,,,,,,,5638,0.59,0.0,0.0
2026-07-17T13:58:03.280293,Raspberry_Relieve7,,,,,,0.0,,,,,,,,,5639,1.08,0.0,0.0
2026-07-17T13:58:04.280551,Raspberry_Relieve7,,,,,,0.0,,,,,,,,,5640,1.02,0.0,0.0
2026-07-17T13:58:05.280718,Raspberry_Relieve7,,,,,,0.0,,,,,,,,,5641,0.97,0.0,0.0
2026-07-17T13:58:06.280792,Raspberry_Relieve7,,,,,,0.0,,,,,,,,,5642,1.02,0.0,0.0
2026-07-17T13:58:07.280909,Raspberry_Relieve7,,,,,,0.0,,,,,,,,,5643,0.95,0.0,0.0
2026-07-17T13:58:08.281017,Raspberry_Relieve7,,,,,,0.0,,,,,,,,,5644,1.22,0.0,0.0
2026-07-17T13:58:09.281083,Raspberry_Relieve7,,,,,,0.0,,,,,,,,,5645,0.84,0.0,0.0
2026-07-17T13:58:10.281215,Raspberry_Relieve7,,,,,,0.0,,,,,,,,,5646,1.02,0.0,0.0
2026-07-17T13:58:11.281328,Raspberry_Relieve7,,,,,,0.0,,,,,,,,,5647,1.03,0.0,0.0
2026-07-17T13:58:12.281394,Raspberry_Relieve7,,,,,,0.0,,,,,,,,,5648,0.86,0.0,0.0
2026-07-17T13:58:13.281517,Raspberry_Relieve7,,,,,,0.0,,,,,,,,,5649,1.05,0.0,0.0
2026-07-17T13:58:14.281582,Raspberry_Relieve7,,,,,,0.0,,,,,,,,,5650,0.98,0.0,0.0
2026-07-17T13:58:15.281705,Raspberry_Relieve7,,,,,,0.0,,,,,,,,,5651,1.02,0.0,0.0
2026-07-17T13:58:16.281848,Raspberry_Relieve7,,,,,,0.0,,,,,,,,,5652,1.02,0.0,0.0
2026-07-17T13:58:17.281951,Raspberry_Relieve7,,,,,,0.0,,,,,,,,,5653,1.02,0.0,0.0
2026-07-17T13:58:18.282209,Raspberry_Relieve7,,,,,,0.0,,,,,,,,,5654,1.1,0.0,0.0
2026-07-17T13:58:19.282396,Raspberry_Relieve7,,,,,,0.0,,,,,,,,,5655,0.85,0.0,0.0
2026-07-17T13:58:20.282501,Raspberry_Relieve7,,,,,,0.0,,,,,,,,,5656,1.11,0.0,0.0
2026-07-17T13:58:21.282603,Raspberry_Relieve7,,,,,,0.0,,,,,,,,,5657,1.04,0.0,0.0
2026-07-17T13:58:22.282708,Raspberry_Relieve7,,,,,,0.0,,,,,,,,,5658,0.89,0.0,0.0
2026-07-17T13:58:23.282781,Raspberry_Relieve7,,,,,,0.0,,,,,,,,,5659,0.94,0.0,0.0
2026-07-17T13:58:24.282866,Raspberry_Relieve7,,,,,,0.0,,,,,,,,,5660,1.0,0.0,0.0
2026-07-17T13:58:25.282950,Raspberry_Relieve7,,,,,,0.0,,,,,,,,,5661,0.99,0.0,0.0
2026-07-17T13:58:26.283071,Raspberry_Relieve7,,,,,,0.0,,,,,,,,,5662,1.04,0.0,0.0
2026-07-17T13:58:27.283181,Raspberry_Relieve7,,,,,,0.0,,,,,,,,,5663,1.02,0.0,0.0
2026-07-17T13:58:28.283290,Raspberry_Relieve7,,,,,,0.0,,,,,,,,,5664,1.05,0.0,0.0
2026-07-17T13:58:29.283401,Raspberry_Relieve7,,,,,,0.0,,,,,,,,,5665,1.02,0.0,0.0
2026-07-17T13:58:30.283519,Raspberry_Relieve7,,,,,,0.0,,,,,,,,,5666,1.04,0.0,0.0
2026-07-17T13:58:31.283579,Raspberry_Relieve7,,,,,,0.0,,,,,,,,,5667,0.93,0.0,0.0
2026-07-17T13:58:32.283662,Raspberry_Relieve7,,,,,,0.0,,,,,,,,,5668,0.92,0.0,0.0
2026-07-17T13:58:33.283789,Raspberry_Relieve7,,,,,,0.0,,,,,,,,,5669,1.05,0.0,0.0
2026-07-17T13:58:34.283906,Raspberry_Relieve7,,,,,,0.0,,,,,,,,,5670,0.96,0.0,0.0
2026-07-17T13:58:35.284020,Raspberry_Relieve7,,,,,,0.0,,,,,,,,,5671,1.04,0.0,0.0
2026-07-17T13:58:36.284094,Raspberry_Relieve7,,,,,,0.0,,,,,,,,,5672,1.04,0.0,0.0
2026-07-17T13:58:37.284178,Raspberry_Relieve7,,,,,,0.0,,,,,,,,,5673,0.94,0.0,0.0
2026-07-17T13:58:38.284260,Raspberry_Relieve7,,,,,,0.0,,,,,,,,,5674,1.08,0.0,0.0
2026-07-17T13:58:39.284389,Raspberry_Relieve7,,,,,,0.0,,,,,,,,,5675,0.96,0.0,0.0
2026-07-17T13:58:40.284515,Raspberry_Relieve7,,,,,,0.0,,,,,,,,,5676,1.02,0.0,0.0
2026-07-17T13:58:41.284589,Raspberry_Relieve7,,,,,,0.0,,,,,,,,,5677,0.9,0.0,0.0
2026-07-17T13:58:42.284717,Raspberry_Relieve7,,,,,,0.0,,,,,,,,,5678,0.99,0.0,0.0
2026-07-17T13:58:43.284827,Raspberry_Relieve7,,,,,,0.0,,,,,,,,,5679,1.02,0.0,0.0
2026-07-17T13:58:44.284893,Raspberry_Relieve7,,,,,,0.0,,,,,,,,,5680,1.04,0.0,0.0
2026-07-17T13:58:45.285014,Raspberry_Relieve7,,,,,,0.0,,,,,,,,,5681,1.0,0.0,0.0
2026-07-17T13:58:46.285127,Raspberry_Relieve7,,,,,,0.0,,,,,,,,,5682,0.99,0.0,0.0
2026-07-17T13:58:47.285244,Raspberry_Relieve7,,,,,,0.0,,,,,,,,,5683,1.01,0.0,0.0
2026-07-17T13:58:48.285312,Raspberry_Relieve7,,,,,,0.0,,,,,,,,,5684,1.02,0.0,0.0
2026-07-17T13:58:49.285428,Raspberry_Relieve7,,,,,,0.0,,,,,,,,,5685,1.02,0.0,0.0
2026-07-17T13:58:50.285496,Raspberry_Relieve7,,,,,,0.0,,,,,,,,,5686,0.92,0.0,0.0
2026-07-17T13:58:51.285596,Raspberry_Relieve7,,,,,,0.0,,,,,,,,,5687,0.96,0.0,0.0
2026-07-17T13:58:52.285694,Raspberry_Relieve7,,,,,,0.0,,,,,,,,,5688,1.03,0.0,0.0
2026-07-17T13:58:53.285773,Raspberry_Relieve7,,,,,,0.0,,,,,,,,,5689,1.0,0.0,0.0
2026-07-17T13:58:54.286092,Raspberry_Relieve7,,,,,,0.0,,,,,,,,,5690,1.02,0.0,0.0
2026-07-17T13:58:55.286216,Raspberry_Relieve7,,,,,,0.0,,,,,,,,,5691,1.0,0.0,0.0
2026-07-17T13:58:56.286463,Raspberry_Relieve7,,,,,,0.0,,,,,,,,,5692,1.02,0.0,0.0
2026-07-17T13:58:57.286675,Raspberry_Relieve7,,,,,,0.0,,,,,,,,,5693,1.05,0.0,0.0
2026-07-17T13:58:58.286735,Raspberry_Relieve7,,,,,,0.0,,,,,,,,,5694,0.92,0.0,0.0
2026-07-17T13:58:59.286847,Raspberry_Relieve7,,,,,,0.0,,,,,,,,,5695,1.0,0.0,0.0
2026-07-17T13:59:00.286972,Raspberry_Relieve7,,,,,,0.0,,,,,,,,,5696,1.16,0.0,0.0
2026-07-17T13:59:01.287027,Raspberry_Relieve7,,,,,,0.0,,,,,,,,,5697,0.89,0.0,0.0
2026-07-17T13:59:02.287158,Raspberry_Relieve7,,,,,,0.0,,,,,,,,,5698,0.95,0.0,0.0
2026-07-17T13:59:03.287276,Raspberry_Relieve7,,,,,,0.0,,,,,,,,,5699,0.96,0.0,0.0
2026-07-17T13:59:04.287348,Raspberry_Relieve7,,,,,,0.0,,,,,,,,,5700,1.06,0.0,0.0
2026-07-17T13:59:05.287459,Raspberry_Relieve7,,,,,,0.0,,,,,,,,,5701,1.03,0.0,0.0
2026-07-17T13:59:06.287529,Raspberry_Relieve7,,,,,,0.0,,,,,,,,,5702,0.93,0.0,0.0
2026-07-17T13:59:07.287612,Raspberry_Relieve7,,,,,,0.0,,,,,,,,,5703,1.02,0.0,0.0
2026-07-17T13:59:08.287723,Raspberry_Relieve7,,,,,,0.0,,,,,,,,,5704,1.04,0.0,0.0
2026-07-17T13:59:09.287793,Raspberry_Relieve7,,,,,,0.0,,,,,,,,,5705,0.99,0.0,0.0
2026-07-17T13:59:10.287876,Raspberry_Relieve7,,,,,,0.0,,,,,,,,,5706,1.03,0.0,0.0
2026-07-17T13:59:11.287959,Raspberry_Relieve7,,,,,,0.0,,,,,,,,,5707,1.02,0.0,0.0
2026-07-17T13:59:12.288040,Raspberry_Relieve7,,,,,,0.0,,,,,,,,,5708,0.92,0.0,0.0
2026-07-17T13:59:13.288126,Raspberry_Relieve7,,,,,,0.0,,,,,,,,,5709,0.93,0.0,0.0
2026-07-17T13:59:14.288232,Raspberry_Relieve7,,,,,,0.0,,,,,,,,,5710,1.04,0.0,0.0
2026-07-17T13:59:15.288308,Raspberry_Relieve7,,,,,,0.0,,,,,,,,,5711,0.93,0.0,0.0
2026-07-17T13:59:16.288414,Raspberry_Relieve7,,,,,,0.0,,,,,,,,,5712,1.07,0.0,0.0
2026-07-17T13:59:17.288487,Raspberry_Relieve7,,,,,,0.0,,,,,,,,,5713,1.04,0.0,0.0
2026-07-17T13:59:18.288565,Raspberry_Relieve7,,,,,,0.0,,,,,,,,,5714,0.99,0.0,0.0
2026-07-17T13:59:19.288646,Raspberry_Relieve7,,,,,,0.0,,,,,,,,,5715,0.94,0.0,0.0
2026-07-17T13:59:20.288898,Raspberry_Relieve7,,,,,,0.0,,,,,,,,,5716,1.04,0.0,0.0
2026-07-17T13:59:21.289119,Raspberry_Relieve7,,,,,,0.0,,,,,,,,,5717,1.01,0.0,0.0
2026-07-17T13:59:22.289347,Raspberry_Relieve7,,,,,,0.0,,,,,,,,,5718,1.02,0.0,0.0
2026-07-17T13:59:23.289400,Raspberry_Relieve7,,,,,,0.0,,,,,,,,,5719,1.0,0.0,0.0
2026-07-17T13:59:24.289517,Raspberry_Relieve7,,,,,,0.0,,,,,,,,,5720,1.04,0.0,0.0
2026-07-17T13:59:25.289605,Raspberry_Relieve7,,,,,,0.0,,,,,,,,,5721,0.94,0.0,0.0
2026-07-17T13:59:26.289733,Raspberry_Relieve7,,,,,,0.0,,,,,,,,,5722,1.02,0.0,0.0
2026-07-17T13:59:27.289844,Raspberry_Relieve7,,,,,,0.0,,,,,,,,,5723,1.0,0.0,0.0
2026-07-17T13:59:28.289967,Raspberry_Relieve7,,,,,,0.0,,,,,,,,,5724,1.0,0.0,0.0
2026-07-17T13:59:29.290033,Raspberry_Relieve7,,,,,,0.0,,,,,,,,,5725,1.02,0.0,0.0
2026-07-17T13:59:30.290118,Raspberry_Relieve7,,,,,,0.0,,,,,,,,,5726,0.94,0.0,0.0
2026-07-17T13:59:31.290200,Raspberry_Relieve7,,,,,,0.0,,,,,,,,,5727,0.97,0.0,0.0
2026-07-17T13:59:32.290326,Raspberry_Relieve7,,,,,,0.0,,,,,,,,,5728,1.03,0.0,0.0
2026-07-17T13:59:33.290515,Raspberry_Relieve7,,,,,,0.0,,,,,,,,,5729,1.0,0.0,0.0
2026-07-17T13:59:34.290669,Raspberry_Relieve7,,,,,,0.0,,,,,,,,,5730,1.03,0.0,0.0
2026-07-17T13:59:35.290758,Raspberry_Relieve7,,,,,,0.0,,,,,,,,,5731,1.02,0.0,0.0
2026-07-17T13:59:36.290870,Raspberry_Relieve7,,,,,,0.0,,,,,,,,,5732,1.0,0.0,0.0
2026-07-17T13:59:37.290980,Raspberry_Relieve7,,,,,,0.0,,,,,,,,,5733,0.94,0.0,0.0
2026-07-17T13:59:38.291079,Raspberry_Relieve7,,,,,,0.0,,,,,,,,,5734,1.03,0.0,0.0
2026-07-17T13:59:39.291149,Raspberry_Relieve7,,,,,,0.0,,,,,,,,,5735,1.01,0.0,0.0
2026-07-17T13:59:40.291257,Raspberry_Relieve7,,,,,,0.0,,,,,,,,,5736,1.02,0.0,0.0
2026-07-17T13:59:41.291323,Raspberry_Relieve7,,,,,,0.0,,,,,,,,,5737,1.02,0.0,0.0
2026-07-17T13:59:42.291401,Raspberry_Relieve7,,,,,,0.0,,,,,,,,,5738,0.92,0.0,0.0
2026-07-17T13:59:43.291487,Raspberry_Relieve7,,,,,,0.0,,,,,,,,,5739,0.95,0.0,0.0
2026-07-17T13:59:44.291568,Raspberry_Relieve7,,,,,,0.0,,,,,,,,,5740,1.08,0.0,0.0
2026-07-17T13:59:45.291702,Raspberry_Relieve7,,,,,,0.0,,,,,,,,,5741,0.94,0.0,0.0
2026-07-17T13:59:46.291761,Raspberry_Relieve7,,,,,,0.0,,,,,,,,,5742,1.26,0.0,0.0
2026-07-17T13:59:47.291892,Raspberry_Relieve7,,,,,,0.0,,,,,,,,,5743,0.76,0.0,0.0
2026-07-17T13:59:48.292143,Raspberry_Relieve7,,,,,,0.0,,,,,,,,,5744,1.04,0.0,0.0
2026-07-17T13:59:49.292369,Raspberry_Relieve7,,,,,,0.0,,,,,,,,,5745,1.0,0.0,0.0
2026-07-17T13:59:50.292506,Raspberry_Relieve7,,,,,,0.0,,,,,,,,,5746,1.0,0.0,0.0
2026-07-17T13:59:51.292618,Raspberry_Relieve7,,,,,,0.0,,,,,,,,,5747,0.99,0.0,0.0
2026-07-17T13:59:52.292688,Raspberry_Relieve7,,,,,,0.0,,,,,,,,,5748,0.97,0.0,0.0
2026-07-17T13:59:53.292771,Raspberry_Relieve7,,,,,,0.0,,,,,,,,,5749,0.97,0.0,0.0
2026-07-17T13:59:54.292883,Raspberry_Relieve7,,,,,,0.0,,,,,,,,,5750,1.11,0.0,0.0
2026-07-17T13:59:55.292953,Raspberry_Relieve7,,,,,,0.0,,,,,,,,,5751,0.91,0.0,0.0
2026-07-17T13:59:56.293033,Raspberry_Relieve7,,,,,,0.0,,,,,,,,,5752,1.05,0.0,0.0
2026-07-17T13:59:57.293116,Raspberry_Relieve7,,,,,,0.0,,,,,,,,,5753,0.93,0.0,0.0
2026-07-17T13:59:58.293198,Raspberry_Relieve7,,,,,,0.0,,,,,,,,,5754,1.04,0.0,0.0
2026-07-17T13:59:59.293281,Raspberry_Relieve7,,,,,,0.0,,,,,,,,,5755,0.99,0.0,0.0
2026-07-17T14:00:00.293509,Raspberry_Relieve7,,,,,,0.0,,,,,,,,,5756,1.04,0.0,0.0
2026-07-17T14:00:01.293663,Raspberry_Relieve7,,,,,,0.0,,,,,,,,,5757,1.04,0.0,0.0
2026-07-17T14:00:02.293745,Raspberry_Relieve7,,,,,,0.0,,,,,,,,,5758,1.0,0.0,0.0
2026-07-17T14:00:03.293893,Raspberry_Relieve7,,,,,,0.0,,,,,,,,,5759,0.98,0.0,0.0
2026-07-17T14:00:04.293992,Raspberry_Relieve7,,,,,,0.0,,,,,,,,,5760,0.99,0.0,0.0
2026-07-17T14:00:05.294059,Raspberry_Relieve7,,,,,,0.0,,,,,,,,,5761,0.94,0.0,0.0
2026-07-17T14:00:06.294142,Raspberry_Relieve7,,,,,,0.0,,,,,,,,,5762,1.09,0.0,0.0
2026-07-17T14:00:07.294256,Raspberry_Relieve7,,,,,,0.0,,,,,,,,,5763,0.94,0.0,0.0
2026-07-17T14:00:08.294361,Raspberry_Relieve7,,,,,,0.0,,,,,,,,,5764,1.14,0.0,0.0
2026-07-17T14:00:09.294417,Raspberry_Relieve7,,,,,,0.0,,,,,,,,,5765,0.91,0.0,0.0
2026-07-17T14:00:10.294528,Raspberry_Relieve7,,,,,,0.0,,,,,,,,,5766,1.11,0.0,0.0
2026-07-17T14:00:11.294603,Raspberry_Relieve7,,,,,,0.0,,,,,,,,,5767,0.94,0.0,0.0
2026-07-17T14:00:12.521731,Raspberry_Relieve7,,,,,,0.0,,,,,,,,,5768,1.15,0.0,0.0
2026-07-17T14:00:13.521936,Raspberry_Relieve7,,,,,,0.0,,,,,,,,,5769,1.04,0.0,0.0
2026-07-17T14:00:14.522062,Raspberry_Relieve7,,,,,,0.0,,,,,,,,,5770,1.07,0.0,0.0
2026-07-17T14:00:15.522299,Raspberry_Relieve7,,,,,,0.0,,,,,,,,,5771,0.94,0.0,0.0
2026-07-17T14:00:16.522426,Raspberry_Relieve7,,,,,,0.0,,,,,,,,,5772,1.02,0.0,0.0
2026-07-17T14:00:17.522551,Raspberry_Relieve7,,,,,,0.0,,,,,,,,,5773,0.94,0.0,0.0
2026-07-17T14:00:18.522685,Raspberry_Relieve7,,,,,,0.0,,,,,,,,,5774,1.04,0.0,0.0
2026-07-17T14:00:19.522812,Raspberry_Relieve7,,,,,,0.0,,,,,,,,,5775,1.09,0.0,0.0
2026-07-17T14:00:20.522938,Raspberry_Relieve7,,,,,,0.0,,,,,,,,,5776,0.92,0.0,0.0
2026-07-17T14:00:21.523011,Raspberry_Relieve7,,,,,,0.0,,,,,,,,,5777,0.95,0.0,0.0
2026-07-17T14:00:22.523150,Raspberry_Relieve7,,,,,,0.0,,,,,,,,,5778,1.01,0.0,0.0
2026-07-17T14:00:23.523236,Raspberry_Relieve7,,,,,,0.0,,,,,,,,,5779,1.01,0.0,0.0
2026-07-17T14:00:24.523371,Raspberry_Relieve7,,,,,,0.0,,,,,,,,,5780,1.02,0.0,0.0
2026-07-17T14:00:25.523442,Raspberry_Relieve7,,,,,,0.0,,,,,,,,,5781,1.02,0.0,0.0
2026-07-17T14:00:26.523536,Raspberry_Relieve7,,,,,,0.0,,,,,,,,,5782,1.02,0.0,0.0
2026-07-17T14:00:27.523675,Raspberry_Relieve7,,,,,,0.0,,,,,,,,,5783,1.02,0.0,0.0
2026-07-17T14:00:28.523807,Raspberry_Relieve7,,,,,,0.0,,,,,,,,,5784,0.82,0.0,0.0
2026-07-17T14:00:29.523887,Raspberry_Relieve7,,,,,,0.0,,,,,,,,,5785,1.04,0.0,0.0
2026-07-17T14:00:30.524028,Raspberry_Relieve7,,,,,,0.0,,,,,,,,,5786,1.02,0.0,0.0
2026-07-17T14:00:31.524199,Raspberry_Relieve7,,,,,,0.0,,,,,,,,,5787,1.01,0.0,0.0
2026-07-17T14:00:32.524368,Raspberry_Relieve7,,,,,,0.0,,,,,,,,,5788,1.33,0.0,0.0
2026-07-17T14:00:33.532845,Raspberry_Relieve7,,,,,,0.0,,,,,,,,,5789,0.69,0.0,0.0
2026-07-17T14:00:34.533020,Raspberry_Relieve7,,,,,,0.0,,,,,,,,,5790,1.02,0.0,0.0
2026-07-17T14:00:35.533139,Raspberry_Relieve7,,,,,,0.0,,,,,,,,,5791,0.98,0.0,0.0
2026-07-17T14:00:36.533208,Raspberry_Relieve7,,,,,,0.0,,,,,,,,,5792,1.04,0.0,0.0
2026-07-17T14:00:37.533305,Raspberry_Relieve7,,,,,,0.0,,,,,,,,,5793,0.88,0.0,0.0
2026-07-17T14:00:38.533469,Raspberry_Relieve7,,,,,,0.0,,,,,,,,,5794,1.08,0.0,0.0
2026-07-17T14:00:39.533554,Raspberry_Relieve7,,,,,,0.0,,,,,,,,,5795,0.98,0.0,0.0
2026-07-17T14:00:40.533656,Raspberry_Relieve7,,,,,,0.0,,,,,,,,,5796,1.05,0.0,0.0
2026-07-17T14:00:41.533790,Raspberry_Relieve7,,,,,,0.0,,,,,,,,,5797,1.0,0.0,0.0
2026-07-17T14:00:42.533866,Raspberry_Relieve7,,,,,,0.0,,,,,,,,,5798,0.91,0.0,0.0
2026-07-17T14:00:43.533961,Raspberry_Relieve7,,,,,,0.0,,,,,,,,,5799,1.07,0.0,0.0
2026-07-17T14:00:44.534100,Raspberry_Relieve7,,,,,,0.0,,,,,,,,,5800,0.99,0.0,0.0
2026-07-17T14:00:45.534226,Raspberry_Relieve7,,,,,,0.0,,,,,,,,,5801,1.0,0.0,0.0
2026-07-17T14:00:46.534295,Raspberry_Relieve7,,,,,,0.0,,,,,,,,,5802,0.96,0.0,0.0
2026-07-17T14:00:47.534392,Raspberry_Relieve7,,,,,,0.0,,,,,,,,,5803,1.0,0.0,0.0
2026-07-17T14:00:48.534552,Raspberry_Relieve7,,,,,,0.0,,,,,,,,,5804,1.02,0.0,0.0
2026-07-17T14:00:49.534679,Raspberry_Relieve7,,,,,,0.0,,,,,,,,,5805,1.03,0.0,0.0
2026-07-17T14:00:50.534804,Raspberry_Relieve7,,,,,,0.0,,,,,,,,,5806,1.02,0.0,0.0
2026-07-17T14:00:51.534987,Raspberry_Relieve7,,,,,,0.0,,,,,,,,,5807,1.0,0.0,0.0
2026-07-17T14:00:52.535112,Raspberry_Relieve7,,,,,,0.0,,,,,,,,,5808,0.94,0.0,0.0
2026-07-17T14:00:53.535243,Raspberry_Relieve7,,,,,,0.0,,,,,,,,,5809,1.02,0.0,0.0
2026-07-17T14:00:54.535363,Raspberry_Relieve7,,,,,,0.0,,,,,,,,,5810,1.07,0.0,0.0
2026-07-17T14:00:55.535494,Raspberry_Relieve7,,,,,,0.0,,,,,,,,,5811,0.88,0.0,0.0
2026-07-17T14:00:56.535625,Raspberry_Relieve7,,,,,,0.0,,,,,,,,,5812,1.13,0.0,0.0
2026-07-17T14:00:57.535755,Raspberry_Relieve7,,,,,,0.0,,,,,,,,,5813,0.87,0.0,0.0
2026-07-17T14:00:58.535867,Raspberry_Relieve7,,,,,,0.0,,,,,,,,,5814,1.04,0.0,0.0
2026-07-17T14:00:59.536004,Raspberry_Relieve7,,,,,,0.0,,,,,,,,,5815,1.04,0.0,0.0
2026-07-17T14:01:00.536145,Raspberry_Relieve7,,,,,,0.0,,,,,,,,,5816,1.14,0.0,0.0
2026-07-17T14:01:01.536288,Raspberry_Relieve7,,,,,,0.0,,,,,,,,,5817,0.82,0.0,0.0
2026-07-17T14:01:02.536426,Raspberry_Relieve7,,,,,,0.0,,,,,,,,,5818,1.11,0.0,0.0
2026-07-17T14:01:03.536565,Raspberry_Relieve7,,,,,,0.0,,,,,,,,,5819,0.86,0.0,0.0
2026-07-17T14:01:04.536697,Raspberry_Relieve7,,,,,,0.0,,,,,,,,,5820,1.21,0.0,0.0
2026-07-17T14:01:05.536776,Raspberry_Relieve7,,,,,,0.0,,,,,,,,,5821,0.92,0.0,0.0
2026-07-17T14:01:06.536914,Raspberry_Relieve7,,,,,,0.0,,,,,,,,,5822,0.91,0.0,0.0
2026-07-17T14:01:07.537032,Raspberry_Relieve7,,,,,,0.0,,,,,,,,,5823,1.03,0.0,0.0
2026-07-17T14:01:08.537164,Raspberry_Relieve7,,,,,,0.0,,,,,,,,,5824,1.05,0.0,0.0
2026-07-17T14:01:09.537296,Raspberry_Relieve7,,,,,,0.0,,,,,,,,,5825,0.9,0.0,0.0
2026-07-17T14:01:10.537421,Raspberry_Relieve7,,,,,,0.0,,,,,,,,,5826,1.13,0.0,0.0
2026-07-17T14:01:11.537505,Raspberry_Relieve7,,,,,,0.0,,,,,,,,,5827,0.93,0.0,0.0
2026-07-17T14:01:12.537656,Raspberry_Relieve7,,,,,,0.0,,,,,,,,,5828,0.97,0.0,0.0
2026-07-17T14:01:13.537735,Raspberry_Relieve7,,,,,,0.0,,,,,,,,,5829,1.14,0.0,0.0
2026-07-17T14:01:14.537832,Raspberry_Relieve7,,,,,,0.0,,,,,,,,,5830,0.96,0.0,0.0
2026-07-17T14:01:15.537992,Raspberry_Relieve7,,,,,,0.0,,,,,,,,,5831,0.92,0.0,0.0
2026-07-17T14:01:16.538110,Raspberry_Relieve7,,,,,,0.0,,,,,,,,,5832,1.13,0.0,0.0
2026-07-17T14:01:17.538262,Raspberry_Relieve7,,,,,,0.0,,,,,,,,,5833,0.92,0.0,0.0
2026-07-17T14:01:18.538458,Raspberry_Relieve7,,,,,,0.0,,,,,,,,,5834,0.99,0.0,0.0
2026-07-17T14:01:19.538589,Raspberry_Relieve7,,,,,,0.0,,,,,,,,,5835,0.95,0.0,0.0
2026-07-17T14:01:20.538711,Raspberry_Relieve7,,,,,,0.0,,,,,,,,,5836,1.09,0.0,0.0
2026-07-17T14:01:21.538843,Raspberry_Relieve7,,,,,,0.0,,,,,,,,,5837,0.93,0.0,0.0
2026-07-17T14:01:22.538968,Raspberry_Relieve7,,,,,,0.0,,,,,,,,,5838,1.16,0.0,0.0
2026-07-17T14:01:23.539094,Raspberry_Relieve7,,,,,,0.0,,,,,,,,,5839,0.82,0.0,0.0
2026-07-17T14:01:24.539214,Raspberry_Relieve7,,,,,,0.0,,,,,,,,,5840,0.99,0.0,0.0
2026-07-17T14:01:25.539345,Raspberry_Relieve7,,,,,,0.0,,,,,,,,,5841,1.0,0.0,0.0
2026-07-17T14:01:26.539435,Raspberry_Relieve7,,,,,,0.0,,,,,,,,,5842,1.08,0.0,0.0
2026-07-17T14:01:27.539535,Raspberry_Relieve7,,,,,,0.0,,,,,,,,,5843,0.84,0.0,0.0
2026-07-17T14:01:28.539631,Raspberry_Relieve7,,,,,,0.0,,,,,,,,,5844,1.24,0.0,0.0
2026-07-17T14:01:29.539790,Raspberry_Relieve7,,,,,,0.0,,,,,,,,,5845,0.8,0.0,0.0
2026-07-17T14:01:30.539920,Raspberry_Relieve7,,,,,,0.0,,,,,,,,,5846,1.04,0.0,0.0
2026-07-17T14:01:31.540051,Raspberry_Relieve7,,,,,,0.0,,,,,,,,,5847,0.99,0.0,0.0
2026-07-17T14:01:32.540180,Raspberry_Relieve7,,,,,,0.0,,,,,,,,,5848,1.02,0.0,0.0
2026-07-17T14:01:33.540308,Raspberry_Relieve7,,,,,,0.0,,,,,,,,,5849,0.89,0.0,0.0
2026-07-17T14:01:34.540472,Raspberry_Relieve7,,,,,,0.0,,,,,,,,,5850,1.17,0.0,0.0
2026-07-17T14:01:35.540609,Raspberry_Relieve7,,,,,,0.0,,,,,,,,,5851,1.01,0.0,0.0
2026-07-17T14:01:36.540748,Raspberry_Relieve7,,,,,,0.0,,,,,,,,,5852,0.92,0.0,0.0
2026-07-17T14:01:37.540816,Raspberry_Relieve7,,,,,,0.0,,,,,,,,,5853,0.91,0.0,0.0
2026-07-17T14:01:38.540912,Raspberry_Relieve7,,,,,,0.0,,,,,,,,,5854,1.08,0.0,0.0
2026-07-17T14:01:39.541009,Raspberry_Relieve7,,,,,,0.0,,,,,,,,,5855,1.04,0.0,0.0
2026-07-17T14:01:40.541168,Raspberry_Relieve7,,,,,,0.0,,,,,,,,,5856,1.27,0.0,0.0
2026-07-17T14:01:41.541292,Raspberry_Relieve7,,,,,,0.0,,,,,,,,,5857,0.68,0.0,0.0
2026-07-17T14:01:42.541471,Raspberry_Relieve7,,,,,,0.0,,,,,,,,,5858,1.04,0.0,0.0
2026-07-17T14:01:43.541654,Raspberry_Relieve7,,,,,,0.0,,,,,,,,,5859,0.96,0.0,0.0
2026-07-17T14:01:44.541775,Raspberry_Relieve7,,,,,,0.0,,,,,,,,,5860,1.0,0.0,0.0
2026-07-17T14:01:45.541848,Raspberry_Relieve7,,,,,,0.0,,,,,,,,,5861,1.0,0.0,0.0
2026-07-17T14:01:46.541944,Raspberry_Relieve7,,,,,,0.0,,,,,,,,,5862,0.99,0.0,0.0
2026-07-17T14:01:47.542108,Raspberry_Relieve7,,,,,,0.0,,,,,,,,,5863,1.04,0.0,0.0
2026-07-17T14:01:48.542235,Raspberry_Relieve7,,,,,,0.0,,,,,,,,,5864,0.99,0.0,0.0
2026-07-17T14:01:49.542361,Raspberry_Relieve7,,,,,,0.0,,,,,,,,,5865,0.99,0.0,0.0
2026-07-17T14:01:50.542491,Raspberry_Relieve7,,,,,,0.0,,,,,,,,,5866,1.02,0.0,0.0
2026-07-17T14:01:51.542622,Raspberry_Relieve7,,,,,,0.0,,,,,,,,,5867,1.02,0.0,0.0
2026-07-17T14:01:52.542757,Raspberry_Relieve7,,,,,,0.0,,,,,,,,,5868,1.02,0.0,0.0
2026-07-17T14:01:53.542888,Raspberry_Relieve7,,,,,,0.0,,,,,,,,,5869,0.92,0.0,0.0
2026-07-17T14:01:54.543021,Raspberry_Relieve7,,,,,,0.0,,,,,,,,,5870,1.02,0.0,0.0
2026-07-17T14:01:55.543098,Raspberry_Relieve7,,,,,,0.0,,,,,,,,,5871,1.07,0.0,0.0
2026-07-17T14:01:56.543202,Raspberry_Relieve7,,,,,,0.0,,,,,,,,,5872,0.97,0.0,0.0
2026-07-17T14:01:57.543365,Raspberry_Relieve7,,,,,,0.0,,,,,,,,,5873,0.92,0.0,0.0
2026-07-17T14:01:58.543485,Raspberry_Relieve7,,,,,,0.0,,,,,,,,,5874,1.02,0.0,0.0
2026-07-17T14:01:59.543605,Raspberry_Relieve7,,,,,,0.0,,,,,,,,,5875,0.97,0.0,0.0
2026-07-17T14:02:00.543681,Raspberry_Relieve7,,,,,,0.0,,,,,,,,,5876,0.97,0.0,0.0
2026-07-17T14:02:01.543781,Raspberry_Relieve7,,,,,,0.0,,,,,,,,,5877,0.96,0.0,0.0
2026-07-17T14:02:02.543985,Raspberry_Relieve7,,,,,,0.0,,,,,,,,,5878,1.04,0.0,0.0
2026-07-17T14:02:03.544056,Raspberry_Relieve7,,,,,,0.0,,,,,,,,,5879,1.06,0.0,0.0
2026-07-17T14:02:04.544140,Raspberry_Relieve7,,,,,,0.0,,,,,,,,,5880,1.0,0.0,0.0
2026-07-17T14:02:05.544286,Raspberry_Relieve7,,,,,,0.0,,,,,,,,,5881,0.9,0.0,0.0
2026-07-17T14:02:06.544380,Raspberry_Relieve7,,,,,,0.0,,,,,,,,,5882,1.04,0.0,0.0
2026-07-17T14:02:07.544474,Raspberry_Relieve7,,,,,,0.0,,,,,,,,,5883,1.08,0.0,0.0
2026-07-17T14:02:08.544570,Raspberry_Relieve7,,,,,,0.0,,,,,,,,,5884,0.9,0.0,0.0
2026-07-17T14:02:09.544671,Raspberry_Relieve7,,,,,,0.0,,,,,,,,,5885,1.12,0.0,0.0
2026-07-17T14:02:10.544851,Raspberry_Relieve7,,,,,,0.0,,,,,,,,,5886,0.95,0.0,0.0
2026-07-17T14:02:11.545059,Raspberry_Relieve7,,,,,,0.0,,,,,,,,,5887,1.02,0.0,0.0
2026-07-17T14:02:12.545230,Raspberry_Relieve7,,,,,,0.0,,,,,,,,,5888,1.02,0.0,0.0
2026-07-17T14:02:13.545356,Raspberry_Relieve7,,,,,,0.0,,,,,,,,,5889,1.08,0.0,0.0
2026-07-17T14:02:14.545497,Raspberry_Relieve7,,,,,,0.0,,,,,,,,,5890,0.99,0.0,0.0
2026-07-17T14:02:15.545631,Raspberry_Relieve7,,,,,,0.0,,,,,,,,,5891,0.8,0.0,0.0
2026-07-17T14:02:16.545774,Raspberry_Relieve7,,,,,,0.0,,,,,,,,,5892,1.05,0.0,0.0
2026-07-17T14:02:17.545883,Raspberry_Relieve7,,,,,,0.0,,,,,,,,,5893,1.0,0.0,0.0
2026-07-17T14:02:18.545972,Raspberry_Relieve7,,,,,,0.0,,,,,,,,,5894,1.0,0.0,0.0
2026-07-17T14:02:19.546134,Raspberry_Relieve7,,,,,,0.0,,,,,,,,,5895,0.99,0.0,0.0
2026-07-17T14:02:20.546263,Raspberry_Relieve7,,,,,,0.0,,,,,,,,,5896,0.99,0.0,0.0
2026-07-17T14:02:21.546342,Raspberry_Relieve7,,,,,,0.0,,,,,,,,,5897,1.08,0.0,0.0
2026-07-17T14:02:22.546503,Raspberry_Relieve7,,,,,,0.0,,,,,,,,,5898,1.02,0.0,0.0
2026-07-17T14:02:23.546587,Raspberry_Relieve7,,,,,,0.0,,,,,,,,,5899,0.95,0.0,0.0
2026-07-17T14:02:24.546734,Raspberry_Relieve7,,,,,,0.0,,,,,,,,,5900,1.02,0.0,0.0
2026-07-17T14:02:25.546950,Raspberry_Relieve7,,,,,,0.0,,,,,,,,,5901,1.05,0.0,0.0
2026-07-17T14:02:26.547091,Raspberry_Relieve7,,,,,,0.0,,,,,,,,,5902,0.9,0.0,0.0
2026-07-17T14:02:27.547235,Raspberry_Relieve7,,,,,,0.0,,,,,,,,,5903,1.02,0.0,0.0
2026-07-17T14:02:28.547373,Raspberry_Relieve7,,,,,,0.0,,,,,,,,,5904,1.03,0.0,0.0
2026-07-17T14:02:29.547448,Raspberry_Relieve7,,,,,,0.0,,,,,,,,,5905,0.9,0.0,0.0
2026-07-17T14:02:30.547542,Raspberry_Relieve7,,,,,,0.0,,,,,,,,,5906,1.03,0.0,0.0
2026-07-17T14:02:31.547700,Raspberry_Relieve7,,,,,,0.0,,,,,,,,,5907,1.04,0.0,0.0
2026-07-17T14:02:32.547830,Raspberry_Relieve7,,,,,,0.0,,,,,,,,,5908,1.06,0.0,0.0
2026-07-17T14:02:33.547950,Raspberry_Relieve7,,,,,,0.0,,,,,,,,,5909,0.91,0.0,0.0
2026-07-17T14:02:34.548033,Raspberry_Relieve7,,,,,,0.0,,,,,,,,,5910,0.98,0.0,0.0
2026-07-17T14:02:35.548196,Raspberry_Relieve7,,,,,,0.0,,,,,,,,,5911,1.02,0.0,0.0
2026-07-17T14:02:36.548327,Raspberry_Relieve7,,,,,,0.0,,,,,,,,,5912,1.04,0.0,0.0
2026-07-17T14:02:37.548400,Raspberry_Relieve7,,,,,,0.0,,,,,,,,,5913,1.02,0.0,0.0
2026-07-17T14:02:38.548553,Raspberry_Relieve7,,,,,,0.0,,,,,,,,,5914,0.91,0.0,0.0
2026-07-17T14:02:39.548695,Raspberry_Relieve7,,,,,,0.0,,,,,,,,,5915,1.01,0.0,0.0
2026-07-17T14:02:40.548826,Raspberry_Relieve7,,,,,,0.0,,,,,,,,,5916,1.1,0.0,0.0
2026-07-17T14:02:41.548958,Raspberry_Relieve7,,,,,,0.0,,,,,,,,,5917,0.88,0.0,0.0
2026-07-17T14:02:42.549099,Raspberry_Relieve7,,,,,,0.0,,,,,,,,,5918,1.05,0.0,0.0
2026-07-17T14:02:43.549219,Raspberry_Relieve7,,,,,,0.0,,,,,,,,,5919,1.01,0.0,0.0
2026-07-17T14:02:44.549290,Raspberry_Relieve7,,,,,,0.0,,,,,,,,,5920,1.31,0.0,0.0
2026-07-17T14:02:45.791984,Raspberry_Relieve7,,,,,,0.0,,,,,,,,,5921,1.03,0.0,0.0
2026-07-17T14:02:46.792121,Raspberry_Relieve7,,,,,,0.0,,,,,,,,,5923,1.33,0.0,0.0
2026-07-17T14:02:47.792222,Raspberry_Relieve7,,,,,,0.0,,,,,,,,,5923,0.49,0.0,0.0
2026-07-17T14:02:48.792442,Raspberry_Relieve7,,,,,,0.0,,,,,,,,,5924,1.32,0.0,0.0
2026-07-17T14:02:49.792615,Raspberry_Relieve7,,,,,,0.0,,,,,,,,,5925,0.76,0.0,0.0
2026-07-17T14:02:50.792760,Raspberry_Relieve7,,,,,,0.0,,,,,,,,,5926,0.96,0.0,0.0
2026-07-17T14:02:51.792857,Raspberry_Relieve7,,,,,,0.0,,,,,,,,,5927,1.06,0.0,0.0
2026-07-17T14:02:52.793010,Raspberry_Relieve7,,,,,,0.0,,,,,,,,,5928,1.02,0.0,0.0
2026-07-17T14:02:53.793071,Raspberry_Relieve7,,,,,,0.0,,,,,,,,,5929,0.92,0.0,0.0
2026-07-17T14:02:54.793166,Raspberry_Relieve7,,,,,,0.0,,,,,,,,,5930,1.04,0.0,0.0
2026-07-17T14:02:55.793235,Raspberry_Relieve7,,,,,,0.0,,,,,,,,,5931,1.02,0.0,0.0
2026-07-17T14:02:56.793354,Raspberry_Relieve7,,,,,,0.0,,,,,,,,,5932,0.97,0.0,0.0
2026-07-17T14:02:57.793424,Raspberry_Relieve7,,,,,,0.0,,,,,,,,,5933,0.96,0.0,0.0
2026-07-17T14:02:58.793674,Raspberry_Relieve7,,,,,,0.0,,,,,,,,,5934,1.03,0.0,0.0
2026-07-17T14:02:59.793858,Raspberry_Relieve7,,,,,,0.0,,,,,,,,,5935,1.12,0.0,0.0
2026-07-17T14:03:00.794066,Raspberry_Relieve7,,,,,,0.0,,,,,,,,,5936,0.85,0.0,0.0
2026-07-17T14:03:01.794183,Raspberry_Relieve7,,,,,,0.0,,,,,,,,,5937,1.21,0.0,0.0
2026-07-17T14:03:02.794276,Raspberry_Relieve7,,,,,,0.0,,,,,,,,,5938,0.88,0.0,0.0
2026-07-17T14:03:03.794396,Raspberry_Relieve7,,,,,,0.0,,,,,,,,,5939,0.93,0.0,0.0
2026-07-17T14:03:04.794543,Raspberry_Relieve7,,,,,,0.0,,,,,,,,,5940,1.05,0.0,0.0
2026-07-17T14:03:05.794674,Raspberry_Relieve7,,,,,,0.0,,,,,,,,,5941,1.02,0.0,0.0
2026-07-17T14:03:06.794795,Raspberry_Relieve7,,,,,,0.0,,,,,,,,,5942,0.91,0.0,0.0
2026-07-17T14:03:07.794889,Raspberry_Relieve7,,,,,,0.0,,,,,,,,,5943,1.07,0.0,0.0
2026-07-17T14:03:08.795033,Raspberry_Relieve7,,,,,,0.0,,,,,,,,,5944,0.95,0.0,0.0
2026-07-17T14:03:09.795138,Raspberry_Relieve7,,,,,,0.0,,,,,,,,,5945,1.03,0.0,0.0
2026-07-17T14:03:10.795220,Raspberry_Relieve7,,,,,,0.0,,,,,,,,,5946,1.03,0.0,0.0
2026-07-17T14:03:11.795351,Raspberry_Relieve7,,,,,,0.0,,,,,,,,,5947,1.02,0.0,0.0
2026-07-17T14:03:12.795509,Raspberry_Relieve7,,,,,,0.0,,,,,,,,,5948,0.97,0.0,0.0
2026-07-17T14:03:13.795579,Raspberry_Relieve7,,,,,,0.0,,,,,,,,,5949,1.02,0.0,0.0
2026-07-17T14:03:14.795692,Raspberry_Relieve7,,,,,,0.0,,,,,,,,,5950,1.02,0.0,0.0
2026-07-17T14:03:15.795836,Raspberry_Relieve7,,,,,,0.0,,,,,,,,,5951,1.02,0.0,0.0
2026-07-17T14:03:16.795939,Raspberry_Relieve7,,,,,,0.0,,,,,,,,,5952,0.86,0.0,0.0
2026-07-17T14:03:17.796012,Raspberry_Relieve7,,,,,,0.0,,,,,,,,,5953,1.06,0.0,0.0
2026-07-17T14:03:18.796130,Raspberry_Relieve7,,,,,,0.0,,,,,,,,,5954,1.01,0.0,0.0
2026-07-17T14:03:19.796193,Raspberry_Relieve7,,,,,,0.0,,,,,,,,,5955,1.02,0.0,0.0
2026-07-17T14:03:20.796347,Raspberry_Relieve7,,,,,,0.0,,,,,,,,,5956,0.95,0.0,0.0
2026-07-17T14:03:21.796472,Raspberry_Relieve7,,,,,,0.0,,,,,,,,,5957,1.03,0.0,0.0
2026-07-17T14:03:22.796589,Raspberry_Relieve7,,,,,,0.0,,,,,,,,,5958,0.99,0.0,0.0
2026-07-17T14:03:23.796709,Raspberry_Relieve7,,,,,,0.0,,,,,,,,,5959,0.94,0.0,0.0
2026-07-17T14:03:24.796803,Raspberry_Relieve7,,,,,,0.0,,,,,,,,,5960,1.06,0.0,0.0
2026-07-17T14:03:25.796940,Raspberry_Relieve7,,,,,,0.0,,,,,,,,,5961,1.22,0.0,0.0
2026-07-17T14:03:26.797040,Raspberry_Relieve7,,,,,,0.0,,,,,,,,,5962,0.84,0.0,0.0
2026-07-17T14:03:27.797195,Raspberry_Relieve7,,,,,,0.0,,,,,,,,,5963,1.0,0.0,0.0
2026-07-17T14:03:28.797347,Raspberry_Relieve7,,,,,,0.0,,,,,,,,,5964,0.92,0.0,0.0
2026-07-17T14:03:29.797397,Raspberry_Relieve7,,,,,,0.0,,,,,,,,,5965,0.98,0.0,0.0
2026-07-17T14:03:30.797551,Raspberry_Relieve7,,,,,,0.0,,,,,,,,,5966,1.02,0.0,0.0
2026-07-17T14:03:31.797647,Raspberry_Relieve7,,,,,,0.0,,,,,,,,,5967,1.17,0.0,0.0
2026-07-17T14:03:32.797771,Raspberry_Relieve7,,,,,,0.0,,,,,,,,,5968,0.78,0.0,0.0
2026-07-17T14:03:33.797922,Raspberry_Relieve7,,,,,,0.0,,,,,,,,,5969,1.03,0.0,0.0
2026-07-17T14:03:34.798052,Raspberry_Relieve7,,,,,,0.0,,,,,,,,,5970,1.03,0.0,0.0
2026-07-17T14:03:35.798137,Raspberry_Relieve7,,,,,,0.0,,,,,,,,,5971,1.03,0.0,0.0
2026-07-17T14:03:36.798287,Raspberry_Relieve7,,,,,,0.0,,,,,,,,,5972,0.98,0.0,0.0
2026-07-17T14:03:37.798382,Raspberry_Relieve7,,,,,,0.0,,,,,,,,,5973,1.0,0.0,0.0
2026-07-17T14:03:38.798599,Raspberry_Relieve7,,,,,,0.0,,,,,,,,,5974,0.98,0.0,0.0
2026-07-17T14:03:39.798785,Raspberry_Relieve7,,,,,,0.0,,,,,,,,,5975,0.99,0.0,0.0
2026-07-17T14:03:40.798881,Raspberry_Relieve7,,,,,,0.0,,,,,,,,,5976,1.04,0.0,0.0
2026-07-17T14:03:41.799000,Raspberry_Relieve7,,,,,,0.0,,,,,,,,,5977,0.98,0.0,0.0
2026-07-17T14:03:42.799091,Raspberry_Relieve7,,,,,,0.0,,,,,,,,,5978,1.02,0.0,0.0
2026-07-17T14:03:43.799162,Raspberry_Relieve7,,,,,,0.0,,,,,,,,,5979,0.99,0.0,0.0
2026-07-17T14:03:44.799268,Raspberry_Relieve7,,,,,,0.0,,,,,,,,,5980,0.98,0.0,0.0
2026-07-17T14:03:45.799397,Raspberry_Relieve7,,,,,,0.0,,,,,,,,,5981,1.05,0.0,0.0
2026-07-17T14:03:46.799630,Raspberry_Relieve7,,,,,,0.0,,,,,,,,,5982,0.96,0.0,0.0
2026-07-17T14:03:47.799805,Raspberry_Relieve7,,,,,,0.0,,,,,,,,,5983,1.01,0.0,0.0
2026-07-17T14:03:48.799947,Raspberry_Relieve7,,,,,,0.0,,,,,,,,,5984,0.94,0.0,0.0
2026-07-17T14:03:49.800038,Raspberry_Relieve7,,,,,,0.0,,,,,,,,,5985,1.02,0.0,0.0
2026-07-17T14:03:50.800126,Raspberry_Relieve7,,,,,,0.0,,,,,,,,,5986,1.09,0.0,0.0
2026-07-17T14:03:51.800192,Raspberry_Relieve7,,,,,,0.0,,,,,,,,,5987,0.9,0.0,0.0
2026-07-17T14:03:52.800313,Raspberry_Relieve7,,,,,,0.0,,,,,,,,,5988,0.98,0.0,0.0
2026-07-17T14:03:53.800407,Raspberry_Relieve7,,,,,,0.0,,,,,,,,,5989,1.05,0.0,0.0
2026-07-17T14:03:54.800516,Raspberry_Relieve7,,,,,,0.0,,,,,,,,,5990,1.02,0.0,0.0
2026-07-17T14:03:55.800584,Raspberry_Relieve7,,,,,,0.0,,,,,,,,,5991,0.97,0.0,0.0
2026-07-17T14:03:56.800739,Raspberry_Relieve7,,,,,,0.0,,,,,,,,,5992,0.95,0.0,0.0
2026-07-17T14:03:57.800826,Raspberry_Relieve7,,,,,,0.0,,,,,,,,,5993,1.19,0.0,0.0
2026-07-17T14:03:58.800947,Raspberry_Relieve7,,,,,,0.0,,,,,,,,,5994,0.89,0.0,0.0
2026-07-17T14:03:59.801154,Raspberry_Relieve7,,,,,,0.0,,,,,,,,,5995,1.07,0.0,0.0
2026-07-17T14:04:00.801331,Raspberry_Relieve7,,,,,,0.0,,,,,,,,,5996,0.94,0.0,0.0
2026-07-17T14:04:01.801442,Raspberry_Relieve7,,,,,,0.0,,,,,,,,,5997,1.07,0.0,0.0
2026-07-17T14:04:02.801547,Raspberry_Relieve7,,,,,,0.0,,,,,,,,,5998,0.86,0.0,0.0
2026-07-17T14:04:03.801681,Raspberry_Relieve7,,,,,,0.0,,,,,,,,,5999,1.23,0.0,0.0
2026-07-17T14:04:04.801798,Raspberry_Relieve7,,,,,,0.0,,,,,,,,,6000,0.84,0.0,0.0
2026-07-17T14:04:05.801966,Raspberry_Relieve7,,,,,,0.0,,,,,,,,,6001,1.03,0.0,0.0
2026-07-17T14:04:06.802088,Raspberry_Relieve7,,,,,,0.0,,,,,,,,,6002,1.02,0.0,0.0
2026-07-17T14:04:07.802197,Raspberry_Relieve7,,,,,,0.0,,,,,,,,,6003,0.92,0.0,0.0
2026-07-17T14:04:08.802287,Raspberry_Relieve7,,,,,,0.0,,,,,,,,,6004,1.11,0.0,0.0
2026-07-17T14:04:09.802409,Raspberry_Relieve7,,,,,,0.0,,,,,,,,,6005,1.04,0.0,0.0
2026-07-17T14:04:10.802517,Raspberry_Relieve7,,,,,,0.0,,,,,,,,,6006,0.9,0.0,0.0
2026-07-17T14:04:11.802647,Raspberry_Relieve7,,,,,,0.0,,,,,,,,,6007,0.94,0.0,0.0
2026-07-17T14:04:12.802798,Raspberry_Relieve7,,,,,,0.0,,,,,,,,,6008,1.02,0.0,0.0
2026-07-17T14:04:13.802902,Raspberry_Relieve7,,,,,,0.0,,,,,,,,,6009,0.98,0.0,0.0
2026-07-17T14:04:14.802993,Raspberry_Relieve7,,,,,,0.0,,,,,,,,,6010,1.03,0.0,0.0
2026-07-17T14:04:15.803069,Raspberry_Relieve7,,,,,,0.0,,,,,,,,,6011,1.05,0.0,0.0
2026-07-17T14:04:16.803217,Raspberry_Relieve7,,,,,,0.0,,,,,,,,,6012,0.94,0.0,0.0
2026-07-17T14:04:17.803336,Raspberry_Relieve7,,,,,,0.0,,,,,,,,,6013,1.02,0.0,0.0
2026-07-17T14:04:18.803434,Raspberry_Relieve7,,,,,,0.0,,,,,,,,,6014,0.93,0.0,0.0
2026-07-17T14:04:19.803543,Raspberry_Relieve7,,,,,,0.0,,,,,,,,,6015,0.96,0.0,0.0
2026-07-17T14:04:20.803700,Raspberry_Relieve7,,,,,,0.0,,,,,,,,,6016,1.03,0.0,0.0
2026-07-17T14:04:21.803828,Raspberry_Relieve7,,,,,,0.0,,,,,,,,,6017,1.06,0.0,0.0
2026-07-17T14:04:22.803894,Raspberry_Relieve7,,,,,,0.0,,,,,,,,,6018,1.03,0.0,0.0
2026-07-17T14:04:23.803975,Raspberry_Relieve7,,,,,,0.0,,,,,,,,,6019,0.94,0.0,0.0
2026-07-17T14:04:24.804080,Raspberry_Relieve7,,,,,,0.0,,,,,,,,,6020,1.02,0.0,0.0
2026-07-17T14:04:25.804155,Raspberry_Relieve7,,,,,,0.0,,,,,,,,,6021,1.02,0.0,0.0
2026-07-17T14:04:26.804316,Raspberry_Relieve7,,,,,,0.0,,,,,,,,,6022,1.03,0.0,0.0
2026-07-17T14:04:27.804427,Raspberry_Relieve7,,,,,,0.0,,,,,,,,,6023,0.93,0.0,0.0
2026-07-17T14:04:28.804630,Raspberry_Relieve7,,,,,,0.0,,,,,,,,,6024,0.99,0.0,0.0
2026-07-17T14:04:29.804820,Raspberry_Relieve7,,,,,,0.0,,,,,,,,,6025,1.0,0.0,0.0
2026-07-17T14:04:30.804944,Raspberry_Relieve7,,,,,,0.0,,,,,,,,,6026,1.06,0.0,0.0
2026-07-17T14:04:31.805051,Raspberry_Relieve7,,,,,,0.0,,,,,,,,,6027,0.94,0.0,0.0
2026-07-17T14:04:32.805171,Raspberry_Relieve7,,,,,,0.0,,,,,,,,,6028,0.98,0.0,0.0
2026-07-17T14:04:33.805235,Raspberry_Relieve7,,,,,,0.0,,,,,,,,,6029,1.0,0.0,0.0
2026-07-17T14:04:34.805351,Raspberry_Relieve7,,,,,,0.0,,,,,,,,,6030,1.03,0.0,0.0
2026-07-17T14:04:35.805428,Raspberry_Relieve7,,,,,,0.0,,,,,,,,,6031,1.07,0.0,0.0
2026-07-17T14:04:36.805533,Raspberry_Relieve7,,,,,,0.0,,,,,,,,,6032,1.03,0.0,0.0
2026-07-17T14:04:37.805647,Raspberry_Relieve7,,,,,,0.0,,,,,,,,,6033,0.94,0.0,0.0
2026-07-17T14:04:38.805899,Raspberry_Relieve7,,,,,,0.0,,,,,,,,,6034,1.03,0.0,0.0
2026-07-17T14:04:39.806105,Raspberry_Relieve7,,,,,,0.0,,,,,,,,,6035,1.02,0.0,0.0
2026-07-17T14:04:40.806191,Raspberry_Relieve7,,,,,,0.0,,,,,,,,,6036,1.02,0.0,0.0
2026-07-17T14:04:41.806296,Raspberry_Relieve7,,,,,,0.0,,,,,,,,,6037,0.92,0.0,0.0
2026-07-17T14:04:42.806420,Raspberry_Relieve7,,,,,,0.0,,,,,,,,,6038,1.01,0.0,0.0
2026-07-17T14:04:43.806533,Raspberry_Relieve7,,,,,,0.0,,,,,,,,,6039,1.04,0.0,0.0
2026-07-17T14:04:44.806687,Raspberry_Relieve7,,,,,,0.0,,,,,,,,,6040,0.95,0.0,0.0
2026-07-17T14:04:45.806748,Raspberry_Relieve7,,,,,,0.0,,,,,,,,,6041,0.95,0.0,0.0
2026-07-17T14:04:46.806861,Raspberry_Relieve7,,,,,,0.0,,,,,,,,,6042,1.02,0.0,0.0
2026-07-17T14:04:47.806926,Raspberry_Relieve7,,,,,,0.0,,,,,,,,,6043,1.0,0.0,0.0
2026-07-17T14:04:48.807040,Raspberry_Relieve7,,,,,,0.0,,,,,,,,,6044,1.08,0.0,0.0
2026-07-17T14:04:49.807110,Raspberry_Relieve7,,,,,,0.0,,,,,,,,,6045,0.97,0.0,0.0
2026-07-17T14:04:50.807223,Raspberry_Relieve7,,,,,,0.0,,,,,,,,,6046,1.0,0.0,0.0
2026-07-17T14:04:51.807347,Raspberry_Relieve7,,,,,,0.0,,,,,,,,,6047,1.03,0.0,0.0
2026-07-17T14:04:52.807498,Raspberry_Relieve7,,,,,,0.0,,,,,,,,,6048,1.03,0.0,0.0
2026-07-17T14:04:53.807715,Raspberry_Relieve7,,,,,,0.0,,,,,,,,,6049,1.02,0.0,0.0
2026-07-17T14:04:54.807893,Raspberry_Relieve7,,,,,,0.0,,,,,,,,,6050,1.02,0.0,0.0
2026-07-17T14:04:55.807983,Raspberry_Relieve7,,,,,,0.0,,,,,,,,,6051,0.92,0.0,0.0
2026-07-17T14:04:56.808126,Raspberry_Relieve7,,,,,,0.0,,,,,,,,,6052,0.96,0.0,0.0
2026-07-17T14:04:57.808217,Raspberry_Relieve7,,,,,,0.0,,,,,,,,,6053,1.06,0.0,0.0
2026-07-17T14:04:58.808352,Raspberry_Relieve7,,,,,,0.0,,,,,,,,,6054,0.93,0.0,0.0
2026-07-17T14:04:59.808450,Raspberry_Relieve7,,,,,,0.0,,,,,,,,,6055,1.04,0.0,0.0
2026-07-17T14:05:00.808570,Raspberry_Relieve7,,,,,,0.0,,,,,,,,,6056,0.94,0.0,0.0
2026-07-17T14:05:01.808693,Raspberry_Relieve7,,,,,,0.0,,,,,,,,,6057,1.03,0.0,0.0
2026-07-17T14:05:02.808806,Raspberry_Relieve7,,,,,,0.0,,,,,,,,,6058,0.99,0.0,0.0
2026-07-17T14:05:03.808880,Raspberry_Relieve7,,,,,,0.0,,,,,,,,,6059,1.07,0.0,0.0
2026-07-17T14:05:04.808979,Raspberry_Relieve7,,,,,,0.0,,,,,,,,,6060,0.97,0.0,0.0
2026-07-17T14:05:05.809069,Raspberry_Relieve7,,,,,,0.0,,,,,,,,,6061,1.02,0.0,0.0
2026-07-17T14:05:06.809176,Raspberry_Relieve7,,,,,,0.0,,,,,,,,,6062,0.9,0.0,0.0
2026-07-17T14:05:07.809252,Raspberry_Relieve7,,,,,,0.0,,,,,,,,,6063,1.06,0.0,0.0
2026-07-17T14:05:08.809346,Raspberry_Relieve7,,,,,,0.0,,,,,,,,,6064,1.01,0.0,0.0
2026-07-17T14:05:09.809500,Raspberry_Relieve7,,,,,,0.0,,,,,,,,,6065,1.03,0.0,0.0
2026-07-17T14:05:10.809632,Raspberry_Relieve7,,,,,,0.0,,,,,,,,,6066,0.92,0.0,0.0
2026-07-17T14:05:11.809878,Raspberry_Relieve7,,,,,,0.0,,,,,,,,,6067,1.03,0.0,0.0
2026-07-17T14:05:12.810145,Raspberry_Relieve7,,,,,,0.0,,,,,,,,,6068,1.04,0.0,0.0
2026-07-17T14:05:13.810486,Raspberry_Relieve7,,,,,,0.0,,,,,,,,,6069,1.0,0.0,0.0
2026-07-17T14:05:14.810449,Raspberry_Relieve7,,,,,,0.0,,,,,,,,,6070,0.92,0.0,0.0
2026-07-17T14:05:15.810581,Raspberry_Relieve7,,,,,,0.0,,,,,,,,,6071,1.04,0.0,0.0
2026-07-17T14:05:16.810744,Raspberry_Relieve7,,,,,,0.0,,,,,,,,,6072,1.09,0.0,0.0
2026-07-17T14:05:17.810845,Raspberry_Relieve7,,,,,,0.0,,,,,,,,,6073,0.92,0.0,0.0
2026-07-17T14:05:18.811012,Raspberry_Relieve7,,,,,,0.0,,,,,,,,,6074,1.0,0.0,0.0
2026-07-17T14:05:19.811070,Raspberry_Relieve7,,,,,,0.0,,,,,,,,,6075,0.99,0.0,0.0
2026-07-17T14:05:20.811208,Raspberry_Relieve7,,,,,,0.0,,,,,,,,,6076,1.04,0.0,0.0
2026-07-17T14:05:21.811328,Raspberry_Relieve7,,,,,,0.0,,,,,,,,,6077,1.09,0.0,0.0
2026-07-17T14:05:22.811434,Raspberry_Relieve7,,,,,,0.0,,,,,,,,,6078,0.82,0.0,0.0
2026-07-17T14:05:23.811508,Raspberry_Relieve7,,,,,,0.0,,,,,,,,,6079,1.11,0.0,0.0
2026-07-17T14:05:24.811697,Raspberry_Relieve7,,,,,,0.0,,,,,,,,,6080,1.03,0.0,0.0
2026-07-17T14:05:25.811795,Raspberry_Relieve7,,,,,,0.0,,,,,,,,,6081,1.08,0.0,0.0
2026-07-17T14:05:26.811912,Raspberry_Relieve7,,,,,,0.0,,,,,,,,,6082,0.88,0.0,0.0
2026-07-17T14:05:27.812032,Raspberry_Relieve7,,,,,,0.0,,,,,,,,,6083,1.04,0.0,0.0
2026-07-17T14:05:28.812155,Raspberry_Relieve7,,,,,,0.0,,,,,,,,,6084,0.91,0.0,0.0
2026-07-17T14:05:29.812291,Raspberry_Relieve7,,,,,,0.0,,,,,,,,,6085,1.06,0.0,0.0
2026-07-17T14:05:30.812414,Raspberry_Relieve7,,,,,,0.0,,,,,,,,,6086,0.98,0.0,0.0
2026-07-17T14:05:31.812535,Raspberry_Relieve7,,,,,,0.0,,,,,,,,,6087,0.97,0.0,0.0
2026-07-17T14:05:32.812625,Raspberry_Relieve7,,,,,,0.0,,,,,,,,,6088,0.95,0.0,0.0
2026-07-17T14:05:33.812699,Raspberry_Relieve7,,,,,,0.0,,,,,,,,,6089,0.99,0.0,0.0
2026-07-17T14:05:34.812827,Raspberry_Relieve7,,,,,,0.0,,,,,,,,,6090,1.06,0.0,0.0
2026-07-17T14:05:35.812903,Raspberry_Relieve7,,,,,,0.0,,,,,,,,,6091,0.96,0.0,0.0
2026-07-17T14:05:36.813182,Raspberry_Relieve7,,,,,,0.0,,,,,,,,,6092,1.03,0.0,0.0
2026-07-17T14:05:37.813405,Raspberry_Relieve7,,,,,,0.0,,,,,,,,,6093,1.08,0.0,0.0
2026-07-17T14:05:38.813571,Raspberry_Relieve7,,,,,,0.0,,,,,,,,,6094,0.94,0.0,0.0
2026-07-17T14:05:39.813670,Raspberry_Relieve7,,,,,,0.0,,,,,,,,,6095,1.02,0.0,0.0
2026-07-17T14:05:40.813802,Raspberry_Relieve7,,,,,,0.0,,,,,,,,,6096,1.0,0.0,0.0
2026-07-17T14:05:41.813899,Raspberry_Relieve7,,,,,,0.0,,,,,,,,,6097,1.02,0.0,0.0
2026-07-17T14:05:42.814022,Raspberry_Relieve7,,,,,,0.0,,,,,,,,,6098,1.02,0.0,0.0
2026-07-17T14:05:43.814098,Raspberry_Relieve7,,,,,,0.0,,,,,,,,,6099,0.92,0.0,0.0
2026-07-17T14:05:44.814222,Raspberry_Relieve7,,,,,,0.0,,,,,,,,,6100,1.02,0.0,0.0
2026-07-17T14:05:45.814298,Raspberry_Relieve7,,,,,,0.0,,,,,,,,,6101,0.95,0.0,0.0
2026-07-17T14:05:46.814404,Raspberry_Relieve7,,,,,,0.0,,,,,,,,,6102,1.03,0.0,0.0
2026-07-17T14:05:47.814548,Raspberry_Relieve7,,,,,,0.0,,,,,,,,,6103,1.01,0.0,0.0
2026-07-17T14:05:48.814699,Raspberry_Relieve7,,,,,,0.0,,,,,,,,,6104,0.98,0.0,0.0
2026-07-17T14:05:49.814885,Raspberry_Relieve7,,,,,,0.0,,,,,,,,,6105,1.0,0.0,0.0
2026-07-17T14:05:50.815083,Raspberry_Relieve7,,,,,,0.0,,,,,,,,,6106,1.05,0.0,0.0
2026-07-17T14:05:51.815178,Raspberry_Relieve7,,,,,,0.0,,,,,,,,,6107,0.95,0.0,0.0
2026-07-17T14:05:52.815273,Raspberry_Relieve7,,,,,,0.0,,,,,,,,,6108,1.03,0.0,0.0
2026-07-17T14:05:53.815348,Raspberry_Relieve7,,,,,,0.0,,,,,,,,,6109,1.04,0.0,0.0
2026-07-17T14:05:54.815434,Raspberry_Relieve7,,,,,,0.0,,,,,,,,,6110,0.92,0.0,0.0
2026-07-17T14:05:55.815529,Raspberry_Relieve7,,,,,,0.0,,,,,,,,,6111,1.02,0.0,0.0
2026-07-17T14:05:56.815681,Raspberry_Relieve7,,,,,,0.0,,,,,,,,,6112,0.98,0.0,0.0
2026-07-17T14:05:57.815731,Raspberry_Relieve7,,,,,,0.0,,,,,,,,,6113,1.05,0.0,0.0
2026-07-17T14:05:58.815831,Raspberry_Relieve7,,,,,,0.0,,,,,,,,,6114,0.94,0.0,0.0
2026-07-17T14:05:59.815913,Raspberry_Relieve7,,,,,,0.0,,,,,,,,,6115,1.01,0.0,0.0
2026-07-17T14:06:00.816052,Raspberry_Relieve7,,,,,,0.0,,,,,,,,,6116,1.01,0.0,0.0
2026-07-17T14:06:01.816264,Raspberry_Relieve7,,,,,,0.0,,,,,,,,,6117,1.0,0.0,0.0
2026-07-17T14:06:02.816461,Raspberry_Relieve7,,,,,,0.0,,,,,,,,,6118,0.99,0.0,0.0
2026-07-17T14:06:03.816588,Raspberry_Relieve7,,,,,,0.0,,,,,,,,,6119,0.99,0.0,0.0
2026-07-17T14:06:04.816715,Raspberry_Relieve7,,,,,,0.0,,,,,,,,,6120,1.04,0.0,0.0
2026-07-17T14:06:05.816828,Raspberry_Relieve7,,,,,,0.0,,,,,,,,,6121,1.0,0.0,0.0
2026-07-17T14:06:06.816954,Raspberry_Relieve7,,,,,,0.0,,,,,,,,,6122,0.93,0.0,0.0
2026-07-17T14:06:07.817063,Raspberry_Relieve7,,,,,,0.0,,,,,,,,,6123,1.05,0.0,0.0
2026-07-17T14:06:08.817211,Raspberry_Relieve7,,,,,,0.0,,,,,,,,,6124,0.99,0.0,0.0
2026-07-17T14:06:09.817271,Raspberry_Relieve7,,,,,,0.0,,,,,,,,,6125,1.02,0.0,0.0
2026-07-17T14:06:10.817418,Raspberry_Relieve7,,,,,,0.0,,,,,,,,,6126,0.92,0.0,0.0
2026-07-17T14:06:11.817483,Raspberry_Relieve7,,,,,,0.0,,,,,,,,,6127,1.06,0.0,0.0
2026-07-17T14:06:12.817666,Raspberry_Relieve7,,,,,,0.0,,,,,,,,,6128,0.98,0.0,0.0
2026-07-17T14:06:13.817770,Raspberry_Relieve7,,,,,,0.0,,,,,,,,,6129,1.23,0.0,0.0
2026-07-17T14:06:14.817966,Raspberry_Relieve7,,,,,,0.0,,,,,,,,,6130,0.72,0.0,0.0
2026-07-17T14:06:15.818148,Raspberry_Relieve7,,,,,,0.0,,,,,,,,,6131,1.06,0.0,0.0
2026-07-17T14:06:16.818283,Raspberry_Relieve7,,,,,,0.0,,,,,,,,,6132,0.99,0.0,0.0
2026-07-17T14:06:17.818371,Raspberry_Relieve7,,,,,,0.0,,,,,,,,,6133,1.02,0.0,0.0
2026-07-17T14:06:18.818465,Raspberry_Relieve7,,,,,,0.0,,,,,,,,,6134,0.92,0.0,0.0
2026-07-17T14:06:19.818598,Raspberry_Relieve7,,,,,,0.0,,,,,,,,,6135,1.07,0.0,0.0
2026-07-17T14:06:20.818722,Raspberry_Relieve7,,,,,,0.0,,,,,,,,,6136,0.98,0.0,0.0
2026-07-17T14:06:21.818831,Raspberry_Relieve7,,,,,,0.0,,,,,,,,,6137,1.04,0.0,0.0
2026-07-17T14:06:22.818951,Raspberry_Relieve7,,,,,,0.0,,,,,,,,,6138,0.99,0.0,0.0
2026-07-17T14:06:23.819065,Raspberry_Relieve7,,,,,,0.0,,,,,,,,,6139,1.01,0.0,0.0
2026-07-17T14:06:24.819192,Raspberry_Relieve7,,,,,,0.0,,,,,,,,,6140,0.95,0.0,0.0
2026-07-17T14:06:25.819302,Raspberry_Relieve7,,,,,,0.0,,,,,,,,,6141,1.0,0.0,0.0
2026-07-17T14:06:26.819448,Raspberry_Relieve7,,,,,,0.0,,,,,,,,,6142,1.04,0.0,0.0
2026-07-17T14:06:27.819547,Raspberry_Relieve7,,,,,,0.0,,,,,,,,,6143,1.04,0.0,0.0
2026-07-17T14:06:28.819702,Raspberry_Relieve7,,,,,,0.0,,,,,,,,,6144,0.89,0.0,0.0
2026-07-17T14:06:29.819807,Raspberry_Relieve7,,,,,,0.0,,,,,,,,,6145,1.12,0.0,0.0
2026-07-17T14:06:30.819876,Raspberry_Relieve7,,,,,,0.0,,,,,,,,,6146,0.96,0.0,0.0
2026-07-17T14:06:31.820018,Raspberry_Relieve7,,,,,,0.0,,,,,,,,,6147,1.02,0.0,0.0
2026-07-17T14:06:32.820133,Raspberry_Relieve7,,,,,,0.0,,,,,,,,,6148,1.02,0.0,0.0
2026-07-17T14:06:33.820239,Raspberry_Relieve7,,,,,,0.0,,,,,,,,,6149,0.94,0.0,0.0
2026-07-17T14:06:34.820332,Raspberry_Relieve7,,,,,,0.0,,,,,,,,,6150,0.94,0.0,0.0
2026-07-17T14:06:35.820411,Raspberry_Relieve7,,,,,,0.0,,,,,,,,,6151,1.19,0.0,0.0
2026-07-17T14:06:36.820496,Raspberry_Relieve7,,,,,,0.0,,,,,,,,,6152,0.93,0.0,0.0
2026-07-17T14:06:37.820624,Raspberry_Relieve7,,,,,,0.0,,,,,,,,,6153,0.92,0.0,0.0
2026-07-17T14:06:38.820771,Raspberry_Relieve7,,,,,,0.0,,,,,,,,,6154,0.97,0.0,0.0
2026-07-17T14:06:39.820972,Raspberry_Relieve7,,,,,,0.0,,,,,,,,,6155,1.02,0.0,0.0
2026-07-17T14:06:40.821161,Raspberry_Relieve7,,,,,,0.0,,,,,,,,,6156,1.05,0.0,0.0
2026-07-17T14:06:41.821262,Raspberry_Relieve7,,,,,,0.0,,,,,,,,,6157,1.08,0.0,0.0
2026-07-17T14:06:42.821374,Raspberry_Relieve7,,,,,,0.0,,,,,,,,,6158,0.84,0.0,0.0
2026-07-17T14:06:43.821489,Raspberry_Relieve7,,,,,,0.0,,,,,,,,,6159,1.18,0.0,0.0
2026-07-17T14:06:44.821627,Raspberry_Relieve7,,,,,,0.0,,,,,,,,,6160,0.92,0.0,0.0
2026-07-17T14:06:45.821735,Raspberry_Relieve7,,,,,,0.0,,,,,,,,,6161,1.01,0.0,0.0
2026-07-17T14:06:46.821867,Raspberry_Relieve7,,,,,,0.0,,,,,,,,,6162,0.89,0.0,0.0
2026-07-17T14:06:47.821937,Raspberry_Relieve7,,,,,,0.0,,,,,,,,,6163,1.05,0.0,0.0
2026-07-17T14:06:48.822109,Raspberry_Relieve7,,,,,,0.0,,,,,,,,,6164,1.03,0.0,0.0
2026-07-17T14:06:49.822204,Raspberry_Relieve7,,,,,,0.0,,,,,,,,,6165,1.02,0.0,0.0
2026-07-17T14:06:50.822349,Raspberry_Relieve7,,,,,,0.0,,,,,,,,,6166,0.95,0.0,0.0
2026-07-17T14:06:51.822413,Raspberry_Relieve7,,,,,,0.0,,,,,,,,,6167,1.02,0.0,0.0
2026-07-17T14:06:52.822526,Raspberry_Relieve7,,,,,,0.0,,,,,,,,,6168,0.92,0.0,0.0
2026-07-17T14:06:53.822637,Raspberry_Relieve7,,,,,,0.0,,,,,,,,,6169,1.05,0.0,0.0
2026-07-17T14:06:54.822820,Raspberry_Relieve7,,,,,,0.0,,,,,,,,,6170,1.0,0.0,0.0
2026-07-17T14:06:55.822895,Raspberry_Relieve7,,,,,,0.0,,,,,,,,,6171,0.99,0.0,0.0
2026-07-17T14:06:56.823006,Raspberry_Relieve7,,,,,,0.0,,,,,,,,,6172,1.02,0.0,0.0
2026-07-17T14:06:57.823115,Raspberry_Relieve7,,,,,,0.0,,,,,,,,,6173,1.0,0.0,0.0
2026-07-17T14:06:58.823216,Raspberry_Relieve7,,,,,,0.0,,,,,,,,,6174,0.99,0.0,0.0
2026-07-17T14:06:59.823293,Raspberry_Relieve7,,,,,,0.0,,,,,,,,,6175,1.01,0.0,0.0
2026-07-17T14:07:00.823380,Raspberry_Relieve7,,,,,,0.0,,,,,,,,,6176,0.98,0.0,0.0
2026-07-17T14:07:01.823464,Raspberry_Relieve7,,,,,,0.0,,,,,,,,,6177,1.02,0.0,0.0
2026-07-17T14:07:02.823588,Raspberry_Relieve7,,,,,,0.0,,,,,,,,,6178,1.0,0.0,0.0
2026-07-17T14:07:03.823664,Raspberry_Relieve7,,,,,,0.0,,,,,,,,,6179,0.99,0.0,0.0
2026-07-17T14:07:04.823770,Raspberry_Relieve7,,,,,,0.0,,,,,,,,,6180,0.94,0.0,0.0
2026-07-17T14:07:05.823852,Raspberry_Relieve7,,,,,,0.0,,,,,,,,,6181,1.07,0.0,0.0
2026-07-17T14:07:06.824016,Raspberry_Relieve7,,,,,,0.0,,,,,,,,,6182,0.98,0.0,0.0
2026-07-17T14:07:07.824121,Raspberry_Relieve7,,,,,,0.0,,,,,,,,,6183,1.02,0.0,0.0
2026-07-17T14:07:08.824332,Raspberry_Relieve7,,,,,,0.0,,,,,,,,,6184,0.93,0.0,0.0
2026-07-17T14:07:09.824517,Raspberry_Relieve7,,,,,,0.0,,,,,,,,,6185,1.07,0.0,0.0
2026-07-17T14:07:10.824650,Raspberry_Relieve7,,,,,,0.0,,,,,,,,,6186,1.02,0.0,0.0
2026-07-17T14:07:11.824792,Raspberry_Relieve7,,,,,,0.0,,,,,,,,,6187,0.99,0.0,0.0
2026-07-17T14:07:12.824945,Raspberry_Relieve7,,,,,,0.0,,,,,,,,,6188,0.93,0.0,0.0
2026-07-17T14:07:13.825040,Raspberry_Relieve7,,,,,,0.0,,,,,,,,,6189,1.04,0.0,0.0
2026-07-17T14:07:14.825206,Raspberry_Relieve7,,,,,,0.0,,,,,,,,,6190,1.0,0.0,0.0
2026-07-17T14:07:15.825304,Raspberry_Relieve7,,,,,,0.0,,,,,,,,,6191,1.0,0.0,0.0
2026-07-17T14:07:16.825455,Raspberry_Relieve7,,,,,,0.0,,,,,,,,,6192,1.02,0.0,0.0
2026-07-17T14:07:17.825549,Raspberry_Relieve7,,,,,,0.0,,,,,,,,,6193,1.0,0.0,0.0
2026-07-17T14:07:18.825649,Raspberry_Relieve7,,,,,,0.0,,,,,,,,,6194,1.06,0.0,0.0
2026-07-17T14:07:19.825780,Raspberry_Relieve7,,,,,,0.0,,,,,,,,,6195,1.02,0.0,0.0
2026-07-17T14:07:20.825895,Raspberry_Relieve7,,,,,,0.0,,,,,,,,,6196,1.04,0.0,0.0
2026-07-17T14:07:21.825963,Raspberry_Relieve7,,,,,,0.0,,,,,,,,,6197,0.92,0.0,0.0
2026-07-17T14:07:22.826053,Raspberry_Relieve7,,,,,,0.0,,,,,,,,,6198,1.02,0.0,0.0
2026-07-17T14:07:23.826139,Raspberry_Relieve7,,,,,,0.0,,,,,,,,,6199,0.95,0.0,0.0
2026-07-17T14:07:24.826252,Raspberry_Relieve7,,,,,,0.0,,,,,,,,,6200,1.0,0.0,0.0
2026-07-17T14:07:25.826376,Raspberry_Relieve7,,,,,,0.0,,,,,,,,,6201,0.97,0.0,0.0
2026-07-17T14:07:26.826523,Raspberry_Relieve7,,,,,,0.0,,,,,,,,,6202,1.02,0.0,0.0
2026-07-17T14:07:27.826690,Raspberry_Relieve7,,,,,,0.0,,,,,,,,,6203,0.96,0.0,0.0
2026-07-17T14:07:28.826888,Raspberry_Relieve7,,,,,,0.0,,,,,,,,,6204,1.0,0.0,0.0
2026-07-17T14:07:29.826979,Raspberry_Relieve7,,,,,,0.0,,,,,,,,,6205,1.02,0.0,0.0
2026-07-17T14:07:30.827062,Raspberry_Relieve7,,,,,,0.0,,,,,,,,,6206,0.94,0.0,0.0
2026-07-17T14:07:31.827176,Raspberry_Relieve7,,,,,,0.0,,,,,,,,,6207,1.02,0.0,0.0
2026-07-17T14:07:32.827268,Raspberry_Relieve7,,,,,,0.0,,,,,,,,,6208,1.09,0.0,0.0
2026-07-17T14:07:34.366690,Raspberry_Relieve7,,,,,,0.0,,,,,,,,,6210,1.71,0.0,0.0
2026-07-17T14:07:35.366762,Raspberry_Relieve7,,,,,,0.0,,,,,,,,,6211,0.75,0.0,0.0
2026-07-17T14:07:36.366886,Raspberry_Relieve7,,,,,,0.0,,,,,,,,,6212,1.04,0.0,0.0
2026-07-17T14:07:37.366960,Raspberry_Relieve7,,,,,,0.0,,,,,,,,,6213,1.07,0.0,0.0
2026-07-17T14:07:38.367087,Raspberry_Relieve7,,,,,,0.0,,,,,,,,,6214,1.02,0.0,0.0
2026-07-17T14:07:39.367157,Raspberry_Relieve7,,,,,,0.0,,,,,,,,,6215,1.02,0.0,0.0
2026-07-17T14:07:40.367248,Raspberry_Relieve7,,,,,,0.0,,,,,,,,,6216,0.92,0.0,0.0
2026-07-17T14:07:41.367324,Raspberry_Relieve7,,,,,,0.0,,,,,,,,,6217,1.02,0.0,0.0
2026-07-17T14:07:42.367455,Raspberry_Relieve7,,,,,,0.0,,,,,,,,,6218,0.92,0.0,0.0
2026-07-17T14:07:43.367563,Raspberry_Relieve7,,,,,,0.0,,,,,,,,,6219,1.02,0.0,0.0
2026-07-17T14:07:44.367633,Raspberry_Relieve7,,,,,,0.0,,,,,,,,,6220,1.03,0.0,0.0
2026-07-17T14:07:45.367713,Raspberry_Relieve7,,,,,,0.0,,,,,,,,,6221,0.94,0.0,0.0
2026-07-17T14:07:46.367830,Raspberry_Relieve7,,,,,,0.0,,,,,,,,,6222,1.05,0.0,0.0
2026-07-17T14:07:47.367939,Raspberry_Relieve7,,,,,,0.0,,,,,,,,,6223,0.97,0.0,0.0
2026-07-17T14:07:48.368115,Raspberry_Relieve7,,,,,,0.0,,,,,,,,,6224,0.96,0.0,0.0
2026-07-17T14:07:49.368268,Raspberry_Relieve7,,,,,,0.0,,,,,,,,,6225,1.05,0.0,0.0
2026-07-17T14:07:50.368358,Raspberry_Relieve7,,,,,,0.0,,,,,,,,,6226,1.05,0.0,0.0
2026-07-17T14:07:51.368463,Raspberry_Relieve7,,,,,,0.0,,,,,,,,,6227,1.08,0.0,0.0
2026-07-17T14:07:52.368532,Raspberry_Relieve7,,,,,,0.0,,,,,,,,,6228,0.9,0.0,0.0
2026-07-17T14:07:53.368664,Raspberry_Relieve7,,,,,,0.0,,,,,,,,,6229,0.96,0.0,0.0
2026-07-17T14:07:54.368774,Raspberry_Relieve7,,,,,,0.0,,,,,,,,,6230,1.04,0.0,0.0
2026-07-17T14:07:55.368858,Raspberry_Relieve7,,,,,,0.0,,,,,,,,,6231,0.96,0.0,0.0
2026-07-17T14:07:56.368937,Raspberry_Relieve7,,,,,,0.0,,,,,,,,,6232,1.02,0.0,0.0
2026-07-17T14:07:57.369020,Raspberry_Relieve7,,,,,,0.0,,,,,,,,,6233,1.0,0.0,0.0
2026-07-17T14:07:58.369135,Raspberry_Relieve7,,,,,,0.0,,,,,,,,,6234,1.03,0.0,0.0
2026-07-17T14:07:59.369232,Raspberry_Relieve7,,,,,,0.0,,,,,,,,,6235,1.06,0.0,0.0
2026-07-17T14:08:00.369504,Raspberry_Relieve7,,,,,,0.0,,,,,,,,,6236,0.96,0.0,0.0
2026-07-17T14:08:01.369731,Raspberry_Relieve7,,,,,,0.0,,,,,,,,,6237,0.94,0.0,0.0
2026-07-17T14:08:02.369764,Raspberry_Relieve7,,,,,,0.0,,,,,,,,,6238,1.04,0.0,0.0
2026-07-17T14:08:03.369885,Raspberry_Relieve7,,,,,,0.0,,,,,,,,,6239,0.97,0.0,0.0
2026-07-17T14:08:04.370005,Raspberry_Relieve7,,,,,,0.0,,,,,,,,,6240,1.0,0.0,0.0
2026-07-17T14:08:05.370079,Raspberry_Relieve7,,,,,,0.0,,,,,,,,,6241,1.02,0.0,0.0
2026-07-17T14:08:06.370163,Raspberry_Relieve7,,,,,,0.0,,,,,,,,,6242,1.02,0.0,0.0
2026-07-17T14:08:07.370288,Raspberry_Relieve7,,,,,,0.0,,,,,,,,,6243,1.02,0.0,0.0
2026-07-17T14:08:08.370431,Raspberry_Relieve7,,,,,,0.0,,,,,,,,,6244,0.96,0.0,0.0
2026-07-17T14:08:09.370544,Raspberry_Relieve7,,,,,,0.0,,,,,,,,,6245,0.99,0.0,0.0
2026-07-17T14:08:10.370610,Raspberry_Relieve7,,,,,,0.0,,,,,,,,,6246,1.02,0.0,0.0
2026-07-17T14:08:11.370742,Raspberry_Relieve7,,,,,,0.0,,,,,,,,,6247,0.95,0.0,0.0
2026-07-17T14:08:12.370809,Raspberry_Relieve7,,,,,,0.0,,,,,,,,,6248,1.03,0.0,0.0
2026-07-17T14:08:13.370891,Raspberry_Relieve7,,,,,,0.0,,,,,,,,,6249,0.98,0.0,0.0
2026-07-17T14:08:14.371020,Raspberry_Relieve7,,,,,,0.0,,,,,,,,,6250,1.09,0.0,0.0
2026-07-17T14:08:15.371219,Raspberry_Relieve7,,,,,,0.0,,,,,,,,,6251,0.96,0.0,0.0
2026-07-17T14:08:16.371379,Raspberry_Relieve7,,,,,,0.0,,,,,,,,,6252,1.09,0.0,0.0
2026-07-17T14:08:17.371474,Raspberry_Relieve7,,,,,,0.0,,,,,,,,,6253,0.93,0.0,0.0
2026-07-17T14:08:18.371581,Raspberry_Relieve7,,,,,,0.0,,,,,,,,,6254,0.95,0.0,0.0
2026-07-17T14:08:19.371698,Raspberry_Relieve7,,,,,,0.0,,,,,,,,,6255,1.02,0.0,0.0
2026-07-17T14:08:20.371778,Raspberry_Relieve7,,,,,,0.0,,,,,,,,,6256,0.95,0.0,0.0
2026-07-17T14:08:21.371889,Raspberry_Relieve7,,,,,,0.0,,,,,,,,,6257,1.02,0.0,0.0
2026-07-17T14:08:22.371996,Raspberry_Relieve7,,,,,,0.0,,,,,,,,,6258,1.01,0.0,0.0
2026-07-17T14:08:23.372095,Raspberry_Relieve7,,,,,,0.0,,,,,,,,,6259,1.01,0.0,0.0
2026-07-17T14:08:24.372200,Raspberry_Relieve7,,,,,,0.0,,,,,,,,,6260,1.03,0.0,0.0
2026-07-17T14:08:25.372497,Raspberry_Relieve7,,,,,,0.0,,,,,,,,,6261,0.94,0.0,0.0
2026-07-17T14:08:26.372667,Raspberry_Relieve7,,,,,,0.0,,,,,,,,,6262,1.08,0.0,0.0
2026-07-17T14:08:27.372792,Raspberry_Relieve7,,,,,,0.0,,,,,,,,,6263,0.94,0.0,0.0
2026-07-17T14:08:28.372823,Raspberry_Relieve7,,,,,,0.0,,,,,,,,,6264,1.02,0.0,0.0
2026-07-17T14:08:29.372910,Raspberry_Relieve7,,,,,,0.0,,,,,,,,,6265,1.02,0.0,0.0
2026-07-17T14:08:30.373034,Raspberry_Relieve7,,,,,,0.0,,,,,,,,,6266,1.02,0.0,0.0
2026-07-17T14:08:31.373148,Raspberry_Relieve7,,,,,,0.0,,,,,,,,,6267,0.92,0.0,0.0
2026-07-17T14:08:32.373255,Raspberry_Relieve7,,,,,,0.0,,,,,,,,,6268,1.02,0.0,0.0
2026-07-17T14:08:33.373323,Raspberry_Relieve7,,,,,,0.0,,,,,,,,,6269,0.98,0.0,0.0
2026-07-17T14:08:34.373444,Raspberry_Relieve7,,,,,,0.0,,,,,,,,,6270,1.05,0.0,0.0
2026-07-17T14:08:35.373559,Raspberry_Relieve7,,,,,,0.0,,,,,,,,,6271,0.9,0.0,0.0
2026-07-17T14:08:36.373671,Raspberry_Relieve7,,,,,,0.0,,,,,,,,,6272,1.2,0.0,0.0
2026-07-17T14:08:37.373852,Raspberry_Relieve7,,,,,,0.0,,,,,,,,,6273,0.89,0.0,0.0
2026-07-17T14:08:38.373917,Raspberry_Relieve7,,,,,,0.0,,,,,,,,,6274,1.02,0.0,0.0
2026-07-17T14:08:39.373999,Raspberry_Relieve7,,,,,,0.0,,,,,,,,,6275,1.02,0.0,0.0
2026-07-17T14:08:40.374140,Raspberry_Relieve7,,,,,,0.0,,,,,,,,,6276,0.92,0.0,0.0
2026-07-17T14:08:41.374238,Raspberry_Relieve7,,,,,,0.0,,,,,,,,,6277,1.02,0.0,0.0
2026-07-17T14:08:42.374450,Raspberry_Relieve7,,,,,,0.0,,,,,,,,,6278,1.02,0.0,0.0
2026-07-17T14:08:43.374601,Raspberry_Relieve7,,,,,,0.0,,,,,,,,,6279,0.92,0.0,0.0
2026-07-17T14:08:44.374687,Raspberry_Relieve7,,,,,,0.0,,,,,,,,,6280,1.02,0.0,0.0
2026-07-17T14:08:45.374801,Raspberry_Relieve7,,,,,,0.0,,,,,,,,,6281,0.92,0.0,0.0
2026-07-17T14:08:46.374914,Raspberry_Relieve7,,,,,,0.0,,,,,,,,,6282,1.05,0.0,0.0
2026-07-17T14:08:47.374975,Raspberry_Relieve7,,,,,,0.0,,,,,,,,,6283,0.98,0.0,0.0
2026-07-17T14:08:48.375092,Raspberry_Relieve7,,,,,,0.0,,,,,,,,,6284,1.05,0.0,0.0
2026-07-17T14:08:49.375149,Raspberry_Relieve7,,,,,,0.0,,,,,,,,,6285,0.96,0.0,0.0
2026-07-17T14:08:50.375235,Raspberry_Relieve7,,,,,,0.0,,,,,,,,,6286,1.0,0.0,0.0
2026-07-17T14:08:51.375312,Raspberry_Relieve7,,,,,,0.0,,,,,,,,,6287,0.99,0.0,0.0
2026-07-17T14:08:52.375599,Raspberry_Relieve7,,,,,,0.0,,,,,,,,,6288,1.04,0.0,0.0
2026-07-17T14:08:53.375864,Raspberry_Relieve7,,,,,,0.0,,,,,,,,,6289,0.96,0.0,0.0
2026-07-17T14:08:54.375975,Raspberry_Relieve7,,,,,,0.0,,,,,,,,,6290,1.04,0.0,0.0
2026-07-17T14:08:55.376055,Raspberry_Relieve7,,,,,,0.0,,,,,,,,,6291,1.03,0.0,0.0
2026-07-17T14:08:56.376126,Raspberry_Relieve7,,,,,,0.0,,,,,,,,,6292,1.02,0.0,0.0
2026-07-17T14:08:57.376242,Raspberry_Relieve7,,,,,,0.0,,,,,,,,,6293,1.03,0.0,0.0
2026-07-17T14:08:58.376361,Raspberry_Relieve7,,,,,,0.0,,,,,,,,,6294,0.95,0.0,0.0
2026-07-17T14:08:59.376463,Raspberry_Relieve7,,,,,,0.0,,,,,,,,,6295,1.0,0.0,0.0
2026-07-17T14:09:00.376585,Raspberry_Relieve7,,,,,,0.0,,,,,,,,,6296,1.02,0.0,0.0
2026-07-17T14:09:01.376745,Raspberry_Relieve7,,,,,,0.0,,,,,,,,,6297,1.05,0.0,0.0
2026-07-17T14:09:02.376851,Raspberry_Relieve7,,,,,,0.0,,,,,,,,,6298,0.92,0.0,0.0
2026-07-17T14:09:03.376972,Raspberry_Relieve7,,,,,,0.0,,,,,,,,,6299,1.01,0.0,0.0
2026-07-17T14:09:04.377088,Raspberry_Relieve7,,,,,,0.0,,,,,,,,,6300,1.0,0.0,0.0
2026-07-17T14:09:05.377154,Raspberry_Relieve7,,,,,,0.0,,,,,,,,,6301,1.06,0.0,0.0
2026-07-17T14:09:06.377284,Raspberry_Relieve7,,,,,,0.0,,,,,,,,,6302,1.12,0.0,0.0
2026-07-17T14:09:07.377408,Raspberry_Relieve7,,,,,,0.0,,,,,,,,,6303,0.81,0.0,0.0
2026-07-17T14:09:08.377471,Raspberry_Relieve7,,,,,,0.0,,,,,,,,,6304,0.96,0.0,0.0
2026-07-17T14:09:09.377556,Raspberry_Relieve7,,,,,,0.0,,,,,,,,,6305,0.96,0.0,0.0
2026-07-17T14:09:10.377679,Raspberry_Relieve7,,,,,,0.0,,,,,,,,,6306,1.04,0.0,0.0
2026-07-17T14:09:11.377792,Raspberry_Relieve7,,,,,,0.0,,,,,,,,,6307,1.03,0.0,0.0
2026-07-17T14:09:12.377904,Raspberry_Relieve7,,,,,,0.0,,,,,,,,,6308,1.04,0.0,0.0
2026-07-17T14:09:13.378011,Raspberry_Relieve7,,,,,,0.0,,,,,,,,,6309,0.92,0.0,0.0
2026-07-17T14:09:14.378126,Raspberry_Relieve7,,,,,,0.0,,,,,,,,,6310,1.11,0.0,0.0
2026-07-17T14:09:15.378313,Raspberry_Relieve7,,,,,,0.0,,,,,,,,,6311,0.94,0.0,0.0
2026-07-17T14:09:16.378379,Raspberry_Relieve7,,,,,,0.0,,,,,,,,,6312,1.02,0.0,0.0
2026-07-17T14:09:17.378550,Raspberry_Relieve7,,,,,,0.0,,,,,,,,,6313,1.02,0.0,0.0
2026-07-17T14:09:18.378621,Raspberry_Relieve7,,,,,,0.0,,,,,,,,,6314,0.92,0.0,0.0
2026-07-17T14:09:19.378753,Raspberry_Relieve7,,,,,,0.0,,,,,,,,,6315,1.08,0.0,0.0
2026-07-17T14:09:20.378876,Raspberry_Relieve7,,,,,,0.0,,,,,,,,,6316,0.93,0.0,0.0
2026-07-17T14:09:21.378984,Raspberry_Relieve7,,,,,,0.0,,,,,,,,,6317,0.96,0.0,0.0
2026-07-17T14:09:22.379095,Raspberry_Relieve7,,,,,,0.0,,,,,,,,,6318,1.15,0.0,0.0
2026-07-17T14:09:23.379212,Raspberry_Relieve7,,,,,,0.0,,,,,,,,,6319,1.0,0.0,0.0
2026-07-17T14:09:24.379319,Raspberry_Relieve7,,,,,,0.0,,,,,,,,,6320,0.92,0.0,0.0
2026-07-17T14:09:25.379463,Raspberry_Relieve7,,,,,,0.0,,,,,,,,,6321,1.0,0.0,0.0
2026-07-17T14:09:26.379546,Raspberry_Relieve7,,,,,,0.0,,,,,,,,,6322,0.95,0.0,0.0
2026-07-17T14:09:27.379667,Raspberry_Relieve7,,,,,,0.0,,,,,,,,,6323,1.03,0.0,0.0
2026-07-17T14:09:28.379766,Raspberry_Relieve7,,,,,,0.0,,,,,,,,,6324,1.01,0.0,0.0
2026-07-17T14:09:29.379883,Raspberry_Relieve7,,,,,,0.0,,,,,,,,,6325,1.02,0.0,0.0
2026-07-17T14:09:30.379996,Raspberry_Relieve7,,,,,,0.0,,,,,,,,,6326,1.02,0.0,0.0
2026-07-17T14:09:31.380101,Raspberry_Relieve7,,,,,,0.0,,,,,,,,,6327,1.02,0.0,0.0
2026-07-17T14:09:32.380213,Raspberry_Relieve7,,,,,,0.0,,,,,,,,,6328,0.92,0.0,0.0
2026-07-17T14:09:33.380325,Raspberry_Relieve7,,,,,,0.0,,,,,,,,,6329,1.02,0.0,0.0
2026-07-17T14:09:34.380445,Raspberry_Relieve7,,,,,,0.0,,,,,,,,,6330,0.95,0.0,0.0
2026-07-17T14:09:35.380547,Raspberry_Relieve7,,,,,,0.0,,,,,,,,,6331,1.31,0.0,0.0
2026-07-17T14:09:36.380663,Raspberry_Relieve7,,,,,,0.0,,,,,,,,,6332,0.82,0.0,0.0
2026-07-17T14:09:37.380776,Raspberry_Relieve7,,,,,,0.0,,,,,,,,,6333,0.92,0.0,0.0
2026-07-17T14:09:38.380839,Raspberry_Relieve7,,,,,,0.0,,,,,,,,,6334,1.14,0.0,0.0
2026-07-17T14:09:39.380975,Raspberry_Relieve7,,,,,,0.0,,,,,,,,,6335,0.91,0.0,0.0
2026-07-17T14:09:40.381082,Raspberry_Relieve7,,,,,,0.0,,,,,,,,,6336,0.92,0.0,0.0
2026-07-17T14:09:41.381189,Raspberry_Relieve7,,,,,,0.0,,,,,,,,,6337,0.94,0.0,0.0
2026-07-17T14:09:42.381425,Raspberry_Relieve7,,,,,,0.0,,,,,,,,,6338,1.06,0.0,0.0
2026-07-17T14:09:43.381611,Raspberry_Relieve7,,,,,,0.0,,,,,,,,,6339,0.94,0.0,0.0
2026-07-17T14:09:44.381694,Raspberry_Relieve7,,,,,,0.0,,,,,,,,,6340,1.13,0.0,0.0
2026-07-17T14:09:45.381809,Raspberry_Relieve7,,,,,,0.0,,,,,,,,,6341,0.87,0.0,0.0
2026-07-17T14:09:46.381914,Raspberry_Relieve7,,,,,,0.0,,,,,,,,,6342,1.08,0.0,0.0
2026-07-17T14:09:47.382022,Raspberry_Relieve7,,,,,,0.0,,,,,,,,,6343,0.94,0.0,0.0
2026-07-17T14:09:48.382145,Raspberry_Relieve7,,,,,,0.0,,,,,,,,,6344,1.02,0.0,0.0
2026-07-17T14:09:49.382202,Raspberry_Relieve7,,,,,,0.0,,,,,,,,,6345,1.01,0.0,0.0
2026-07-17T14:09:50.382289,Raspberry_Relieve7,,,,,,0.0,,,,,,,,,6346,1.08,0.0,0.0
2026-07-17T14:09:51.382372,Raspberry_Relieve7,,,,,,0.0,,,,,,,,,6347,0.99,0.0,0.0
2026-07-17T14:09:52.382454,Raspberry_Relieve7,,,,,,0.0,,,,,,,,,6348,1.02,0.0,0.0
2026-07-17T14:09:53.382539,Raspberry_Relieve7,,,,,,0.0,,,,,,,,,6349,1.02,0.0,0.0
2026-07-17T14:09:54.382626,Raspberry_Relieve7,,,,,,0.0,,,,,,,,,6350,1.04,0.0,0.0
2026-07-17T14:09:55.382711,Raspberry_Relieve7,,,,,,0.0,,,,,,,,,6351,0.9,0.0,0.0
2026-07-17T14:09:56.382788,Raspberry_Relieve7,,,,,,0.0,,,,,,,,,6352,0.95,0.0,0.0
2026-07-17T14:09:57.382869,Raspberry_Relieve7,,,,,,0.0,,,,,,,,,6353,1.01,0.0,0.0
2026-07-17T14:09:58.382951,Raspberry_Relieve7,,,,,,0.0,,,,,,,,,6354,1.06,0.0,0.0
2026-07-17T14:09:59.383076,Raspberry_Relieve7,,,,,,0.0,,,,,,,,,6355,0.82,0.0,0.0
2026-07-17T14:10:00.383152,Raspberry_Relieve7,,,,,,0.0,,,,,,,,,6356,1.16,0.0,0.0
2026-07-17T14:10:01.383225,Raspberry_Relieve7,,,,,,0.0,,,,,,,,,6357,0.93,0.0,0.0
2026-07-17T14:10:02.383314,Raspberry_Relieve7,,,,,,0.0,,,,,,,,,6358,0.99,0.0,0.0
2026-07-17T14:10:03.383389,Raspberry_Relieve7,,,,,,0.0,,,,,,,,,6359,1.03,0.0,0.0
2026-07-17T14:10:04.383469,Raspberry_Relieve7,,,,,,0.0,,,,,,,,,6360,0.99,0.0,0.0
2026-07-17T14:10:05.383553,Raspberry_Relieve7,,,,,,0.0,,,,,,,,,6361,1.05,0.0,0.0
2026-07-17T14:10:06.383636,Raspberry_Relieve7,,,,,,0.0,,,,,,,,,6362,1.02,0.0,0.0
2026-07-17T14:10:07.383842,Raspberry_Relieve7,,,,,,0.0,,,,,,,,,6363,1.02,0.0,0.0
2026-07-17T14:10:08.384044,Raspberry_Relieve7,,,,,,0.0,,,,,,,,,6364,0.96,0.0,0.0
2026-07-17T14:10:09.384144,Raspberry_Relieve7,,,,,,0.0,,,,,,,,,6365,1.03,0.0,0.0
2026-07-17T14:10:10.384237,Raspberry_Relieve7,,,,,,0.0,,,,,,,,,6366,0.97,0.0,0.0
2026-07-17T14:10:11.384351,Raspberry_Relieve7,,,,,,0.0,,,,,,,,,6367,0.97,0.0,0.0
2026-07-17T14:10:12.384458,Raspberry_Relieve7,,,,,,0.0,,,,,,,,,6368,1.02,0.0,0.0
2026-07-17T14:10:13.384529,Raspberry_Relieve7,,,,,,0.0,,,,,,,,,6369,0.9,0.0,0.0
2026-07-17T14:10:14.384649,Raspberry_Relieve7,,,,,,0.0,,,,,,,,,6370,1.01,0.0,0.0
2026-07-17T14:10:15.384719,Raspberry_Relieve7,,,,,,0.0,,,,,,,,,6371,1.04,0.0,0.0
2026-07-17T14:10:16.384801,Raspberry_Relieve7,,,,,,0.0,,,,,,,,,6372,0.96,0.0,0.0
2026-07-17T14:10:17.384989,Raspberry_Relieve7,,,,,,0.0,,,,,,,,,6373,1.0,0.0,0.0
2026-07-17T14:10:18.385209,Raspberry_Relieve7,,,,,,0.0,,,,,,,,,6374,1.02,0.0,0.0
2026-07-17T14:10:19.385387,Raspberry_Relieve7,,,,,,0.0,,,,,,,,,6375,1.06,0.0,0.0
2026-07-17T14:10:20.385499,Raspberry_Relieve7,,,,,,0.0,,,,,,,,,6376,0.94,0.0,0.0
2026-07-17T14:10:21.385572,Raspberry_Relieve7,,,,,,0.0,,,,,,,,,6377,1.06,0.0,0.0
2026-07-17T14:10:22.385631,Raspberry_Relieve7,,,,,,0.0,,,,,,,,,6378,1.02,0.0,0.0
2026-07-17T14:10:23.385752,Raspberry_Relieve7,,,,,,0.0,,,,,,,,,6379,0.94,0.0,0.0
2026-07-17T14:10:24.385812,Raspberry_Relieve7,,,,,,0.0,,,,,,,,,6380,1.11,0.0,0.0
2026-07-17T14:10:25.385896,Raspberry_Relieve7,,,,,,0.0,,,,,,,,,6381,0.94,0.0,0.0
2026-07-17T14:10:26.385978,Raspberry_Relieve7,,,,,,0.0,,,,,,,,,6382,0.93,0.0,0.0
2026-07-17T14:10:27.386060,Raspberry_Relieve7,,,,,,0.0,,,,,,,,,6383,1.03,0.0,0.0
2026-07-17T14:10:28.386143,Raspberry_Relieve7,,,,,,0.0,,,,,,,,,6384,1.04,0.0,0.0
2026-07-17T14:10:29.386228,Raspberry_Relieve7,,,,,,0.0,,,,,,,,,6385,1.0,0.0,0.0
2026-07-17T14:10:30.386349,Raspberry_Relieve7,,,,,,0.0,,,,,,,,,6386,1.02,0.0,0.0
2026-07-17T14:10:31.386460,Raspberry_Relieve7,,,,,,0.0,,,,,,,,,6387,1.02,0.0,0.0
2026-07-17T14:10:32.386565,Raspberry_Relieve7,,,,,,0.0,,,,,,,,,6388,0.91,0.0,0.0
2026-07-17T14:10:33.386677,Raspberry_Relieve7,,,,,,0.0,,,,,,,,,6389,1.02,0.0,0.0
2026-07-17T14:10:34.386951,Raspberry_Relieve7,,,,,,0.0,,,,,,,,,6390,0.95,0.0,0.0
2026-07-17T14:10:35.387143,Raspberry_Relieve7,,,,,,0.0,,,,,,,,,6391,1.04,0.0,0.0
2026-07-17T14:10:36.387256,Raspberry_Relieve7,,,,,,0.0,,,,,,,,,6392,1.0,0.0,0.0
2026-07-17T14:10:37.387342,Raspberry_Relieve7,,,,,,0.0,,,,,,,,,6393,1.03,0.0,0.0
2026-07-17T14:10:38.387460,Raspberry_Relieve7,,,,,,0.0,,,,,,,,,6394,1.11,0.0,0.0
2026-07-17T14:10:39.387523,Raspberry_Relieve7,,,,,,0.0,,,,,,,,,6395,0.84,0.0,0.0
2026-07-17T14:10:40.387669,Raspberry_Relieve7,,,,,,0.0,,,,,,,,,6396,1.02,0.0,0.0
2026-07-17T14:10:41.387765,Raspberry_Relieve7,,,,,,0.0,,,,,,,,,6397,1.03,0.0,0.0
2026-07-17T14:10:42.387844,Raspberry_Relieve7,,,,,,0.0,,,,,,,,,6398,1.02,0.0,0.0
2026-07-17T14:10:43.387933,Raspberry_Relieve7,,,,,,0.0,,,,,,,,,6399,1.02,0.0,0.0
2026-07-17T14:10:44.388012,Raspberry_Relieve7,,,,,,0.0,,,,,,,,,6400,0.85,0.0,0.0
2026-07-17T14:10:45.388137,Raspberry_Relieve7,,,,,,0.0,,,,,,,,,6401,1.07,0.0,0.0
2026-07-17T14:10:46.388247,Raspberry_Relieve7,,,,,,0.0,,,,,,,,,6402,0.96,0.0,0.0
2026-07-17T14:10:47.388314,Raspberry_Relieve7,,,,,,0.0,,,,,,,,,6403,0.99,0.0,0.0
2026-07-17T14:10:48.388406,Raspberry_Relieve7,,,,,,0.0,,,,,,,,,6404,1.09,0.0,0.0
2026-07-17T14:10:49.388487,Raspberry_Relieve7,,,,,,0.0,,,,,,,,,6405,0.93,0.0,0.0
2026-07-17T14:10:50.388570,Raspberry_Relieve7,,,,,,0.0,,,,,,,,,6406,1.19,0.0,0.0
2026-07-17T14:10:51.388660,Raspberry_Relieve7,,,,,,0.0,,,,,,,,,6407,0.92,0.0,0.0
2026-07-17T14:10:52.388783,Raspberry_Relieve7,,,,,,0.0,,,,,,,,,6408,1.02,0.0,0.0
2026-07-17T14:10:53.388853,Raspberry_Relieve7,,,,,,0.0,,,,,,,,,6409,0.92,0.0,0.0
2026-07-17T14:10:54.388935,Raspberry_Relieve7,,,,,,0.0,,,,,,,,,6410,0.92,0.0,0.0
2026-07-17T14:10:55.389018,Raspberry_Relieve7,,,,,,0.0,,,,,,,,,6411,1.11,0.0,0.0
2026-07-17T14:10:56.389100,Raspberry_Relieve7,,,,,,0.0,,,,,,,,,6412,1.07,0.0,0.0
2026-07-17T14:10:57.389187,Raspberry_Relieve7,,,,,,0.0,,,,,,,,,6413,0.9,0.0,0.0
2026-07-17T14:10:58.389306,Raspberry_Relieve7,,,,,,0.0,,,,,,,,,6414,1.02,0.0,0.0
2026-07-17T14:10:59.389380,Raspberry_Relieve7,,,,,,0.0,,,,,,,,,6415,0.98,0.0,0.0
2026-07-17T14:11:00.389471,Raspberry_Relieve7,,,,,,0.0,,,,,,,,,6416,0.96,0.0,0.0
2026-07-17T14:11:01.389547,Raspberry_Relieve7,,,,,,0.0,,,,,,,,,6417,1.03,0.0,0.0
2026-07-17T14:11:02.389666,Raspberry_Relieve7,,,,,,0.0,,,,,,,,,6418,0.98,0.0,0.0
2026-07-17T14:11:03.389966,Raspberry_Relieve7,,,,,,0.0,,,,,,,,,6419,1.0,0.0,0.0
2026-07-17T14:11:04.390176,Raspberry_Relieve7,,,,,,0.0,,,,,,,,,6420,1.05,0.0,0.0
2026-07-17T14:11:05.390271,Raspberry_Relieve7,,,,,,0.0,,,,,,,,,6421,1.07,0.0,0.0
2026-07-17T14:11:06.390390,Raspberry_Relieve7,,,,,,0.0,,,,,,,,,6422,0.9,0.0,0.0
2026-07-17T14:11:07.390472,Raspberry_Relieve7,,,,,,0.0,,,,,,,,,6423,1.02,0.0,0.0
2026-07-17T14:11:08.390583,Raspberry_Relieve7,,,,,,0.0,,,,,,,,,6424,1.0,0.0,0.0
2026-07-17T14:11:09.390652,Raspberry_Relieve7,,,,,,0.0,,,,,,,,,6425,0.96,0.0,0.0
2026-07-17T14:11:10.390772,Raspberry_Relieve7,,,,,,0.0,,,,,,,,,6426,1.02,0.0,0.0
2026-07-17T14:11:11.390890,Raspberry_Relieve7,,,,,,0.0,,,,,,,,,6427,1.02,0.0,0.0
2026-07-17T14:11:12.390998,Raspberry_Relieve7,,,,,,0.0,,,,,,,,,6428,1.02,0.0,0.0
2026-07-17T14:11:13.391073,Raspberry_Relieve7,,,,,,0.0,,,,,,,,,6429,0.92,0.0,0.0
2026-07-17T14:11:14.391160,Raspberry_Relieve7,,,,,,0.0,,,,,,,,,6430,1.05,0.0,0.0
2026-07-17T14:11:15.391240,Raspberry_Relieve7,,,,,,0.0,,,,,,,,,6431,1.02,0.0,0.0
2026-07-17T14:11:16.391372,Raspberry_Relieve7,,,,,,0.0,,,,,,,,,6432,1.01,0.0,0.0
2026-07-17T14:11:17.391483,Raspberry_Relieve7,,,,,,0.0,,,,,,,,,6433,1.03,0.0,0.0
2026-07-17T14:11:18.391685,Raspberry_Relieve7,,,,,,0.0,,,,,,,,,6434,1.11,0.0,0.0
2026-07-17T14:11:19.391862,Raspberry_Relieve7,,,,,,0.0,,,,,,,,,6435,0.83,0.0,0.0
2026-07-17T14:11:20.391949,Raspberry_Relieve7,,,,,,0.0,,,,,,,,,6436,1.01,0.0,0.0
2026-07-17T14:11:21.392043,Raspberry_Relieve7,,,,,,0.0,,,,,,,,,6437,0.93,0.0,0.0
2026-07-17T14:11:22.392111,Raspberry_Relieve7,,,,,,0.0,,,,,,,,,6438,1.02,0.0,0.0
2026-07-17T14:11:23.392195,Raspberry_Relieve7,,,,,,0.0,,,,,,,,,6439,1.02,0.0,0.0
2026-07-17T14:11:24.392349,Raspberry_Relieve7,,,,,,0.0,,,,,,,,,6440,1.03,0.0,0.0
2026-07-17T14:11:25.392442,Raspberry_Relieve7,,,,,,0.0,,,,,,,,,6441,1.02,0.0,0.0
2026-07-17T14:11:26.392549,Raspberry_Relieve7,,,,,,0.0,,,,,,,,,6442,0.92,0.0,0.0
2026-07-17T14:11:27.392616,Raspberry_Relieve7,,,,,,0.0,,,,,,,,,6443,1.04,0.0,0.0
2026-07-17T14:11:28.392702,Raspberry_Relieve7,,,,,,0.0,,,,,,,,,6444,0.98,0.0,0.0
2026-07-17T14:11:29.392785,Raspberry_Relieve7,,,,,,0.0,,,,,,,,,6445,1.04,0.0,0.0
2026-07-17T14:11:30.392872,Raspberry_Relieve7,,,,,,0.0,,,,,,,,,6446,1.04,0.0,0.0
2026-07-17T14:11:31.392954,Raspberry_Relieve7,,,,,,0.0,,,,,,,,,6447,0.82,0.0,0.0
2026-07-17T14:11:32.393086,Raspberry_Relieve7,,,,,,0.0,,,,,,,,,6448,1.05,0.0,0.0
2026-07-17T14:11:33.393350,Raspberry_Relieve7,,,,,,0.0,,,,,,,,,6449,1.08,0.0,0.0
2026-07-17T14:11:34.393531,Raspberry_Relieve7,,,,,,0.0,,,,,,,,,6450,0.96,0.0,0.0
2026-07-17T14:11:35.393562,Raspberry_Relieve7,,,,,,0.0,,,,,,,,,6451,0.98,0.0,0.0
2026-07-17T14:11:36.393692,Raspberry_Relieve7,,,,,,0.0,,,,,,,,,6452,1.05,0.0,0.0
2026-07-17T14:11:37.393800,Raspberry_Relieve7,,,,,,0.0,,,,,,,,,6453,1.0,0.0,0.0
2026-07-17T14:11:38.393911,Raspberry_Relieve7,,,,,,0.0,,,,,,,,,6454,0.96,0.0,0.0
2026-07-17T14:11:39.393993,Raspberry_Relieve7,,,,,,0.0,,,,,,,,,6455,0.93,0.0,0.0
2026-07-17T14:11:40.394082,Raspberry_Relieve7,,,,,,0.0,,,,,,,,,6456,1.08,0.0,0.0
2026-07-17T14:11:41.394158,Raspberry_Relieve7,,,,,,0.0,,,,,,,,,6457,1.02,0.0,0.0
2026-07-17T14:11:42.394285,Raspberry_Relieve7,,,,,,0.0,,,,,,,,,6458,1.04,0.0,0.0
2026-07-17T14:11:43.394356,Raspberry_Relieve7,,,,,,0.0,,,,,,,,,6459,1.04,0.0,0.0
2026-07-17T14:11:44.394480,Raspberry_Relieve7,,,,,,0.0,,,,,,,,,6460,1.02,0.0,0.0
2026-07-17T14:11:45.394699,Raspberry_Relieve7,,,,,,0.0,,,,,,,,,6461,0.92,0.0,0.0
2026-07-17T14:11:46.394876,Raspberry_Relieve7,,,,,,0.0,,,,,,,,,6462,1.13,0.0,0.0
2026-07-17T14:11:47.394948,Raspberry_Relieve7,,,,,,0.0,,,,,,,,,6463,0.88,0.0,0.0
2026-07-17T14:11:48.395052,Raspberry_Relieve7,,,,,,0.0,,,,,,,,,6464,1.04,0.0,0.0
2026-07-17T14:11:49.395163,Raspberry_Relieve7,,,,,,0.0,,,,,,,,,6465,0.95,0.0,0.0
2026-07-17T14:11:50.395276,Raspberry_Relieve7,,,,,,0.0,,,,,,,,,6466,1.02,0.0,0.0
2026-07-17T14:11:51.395351,Raspberry_Relieve7,,,,,,0.0,,,,,,,,,6467,0.94,0.0,0.0
2026-07-17T14:11:52.395479,Raspberry_Relieve7,,,,,,0.0,,,,,,,,,6468,1.16,0.0,0.0
2026-07-17T14:11:53.395597,Raspberry_Relieve7,,,,,,0.0,,,,,,,,,6469,0.84,0.0,0.0
2026-07-17T14:11:54.395667,Raspberry_Relieve7,,,,,,0.0,,,,,,,,,6470,0.96,0.0,0.0
2026-07-17T14:11:55.395791,Raspberry_Relieve7,,,,,,0.0,,,,,,,,,6471,1.02,0.0,0.0
2026-07-17T14:11:56.395859,Raspberry_Relieve7,,,,,,0.0,,,,,,,,,6472,1.02,0.0,0.0
2026-07-17T14:11:57.395981,Raspberry_Relieve7,,,,,,0.0,,,,,,,,,6473,1.04,0.0,0.0
2026-07-17T14:11:58.396090,Raspberry_Relieve7,,,,,,0.0,,,,,,,,,6474,1.03,0.0,0.0
2026-07-17T14:11:59.396203,Raspberry_Relieve7,,,,,,0.0,,,,,,,,,6475,1.01,0.0,0.0
2026-07-17T14:12:00.396314,Raspberry_Relieve7,,,,,,0.0,,,,,,,,,6476,1.02,0.0,0.0
2026-07-17T14:12:01.396416,Raspberry_Relieve7,,,,,,0.0,,,,,,,,,6477,1.02,0.0,0.0
2026-07-17T14:12:02.396532,Raspberry_Relieve7,,,,,,0.0,,,,,,,,,6478,0.92,0.0,0.0
2026-07-17T14:12:03.396641,Raspberry_Relieve7,,,,,,0.0,,,,,,,,,6479,0.99,0.0,0.0
2026-07-17T14:12:04.396759,Raspberry_Relieve7,,,,,,0.0,,,,,,,,,6480,1.04,0.0,0.0
2026-07-17T14:12:05.396872,Raspberry_Relieve7,,,,,,0.0,,,,,,,,,6481,1.03,0.0,0.0
2026-07-17T14:12:06.396983,Raspberry_Relieve7,,,,,,0.0,,,,,,,,,6482,0.93,0.0,0.0
2026-07-17T14:12:07.397099,Raspberry_Relieve7,,,,,,0.0,,,,,,,,,6483,1.02,0.0,0.0
2026-07-17T14:12:08.397175,Raspberry_Relieve7,,,,,,0.0,,,,,,,,,6484,0.93,0.0,0.0
2026-07-17T14:12:09.397310,Raspberry_Relieve7,,,,,,0.0,,,,,,,,,6485,1.04,0.0,0.0
2026-07-17T14:12:10.397421,Raspberry_Relieve7,,,,,,0.0,,,,,,,,,6486,0.97,0.0,0.0
2026-07-17T14:12:11.397497,Raspberry_Relieve7,,,,,,0.0,,,,,,,,,6487,1.04,0.0,0.0
2026-07-17T14:12:12.397580,Raspberry_Relieve7,,,,,,0.0,,,,,,,,,6488,1.03,0.0,0.0
2026-07-17T14:12:13.397706,Raspberry_Relieve7,,,,,,0.0,,,,,,,,,6489,0.96,0.0,0.0
2026-07-17T14:12:14.397816,Raspberry_Relieve7,,,,,,0.0,,,,,,,,,6490,1.04,0.0,0.0
2026-07-17T14:12:15.397896,Raspberry_Relieve7,,,,,,0.0,,,,,,,,,6491,0.91,0.0,0.0
2026-07-17T14:12:16.398019,Raspberry_Relieve7,,,,,,0.0,,,,,,,,,6492,1.01,0.0,0.0
2026-07-17T14:12:17.398132,Raspberry_Relieve7,,,,,,0.0,,,,,,,,,6493,1.04,0.0,0.0
2026-07-17T14:12:18.398248,Raspberry_Relieve7,,,,,,0.0,,,,,,,,,6494,1.04,0.0,0.0
2026-07-17T14:12:19.398356,Raspberry_Relieve7,,,,,,0.0,,,,,,,,,6495,0.97,0.0,0.0
2026-07-17T14:12:20.398507,Raspberry_Relieve7,,,,,,0.0,,,,,,,,,6496,0.92,0.0,0.0
2026-07-17T14:12:21.398598,Raspberry_Relieve7,,,,,,0.0,,,,,,,,,6497,1.11,0.0,0.0
2026-07-17T14:12:22.398710,Raspberry_Relieve7,,,,,,0.0,,,,,,,,,6498,0.94,0.0,0.0
2026-07-17T14:12:23.398818,Raspberry_Relieve7,,,,,,0.0,,,,,,,,,6499,1.11,0.0,0.0
2026-07-17T14:12:24.398938,Raspberry_Relieve7,,,,,,0.0,,,,,,,,,6500,1.02,0.0,0.0
2026-07-17T14:12:25.399055,Raspberry_Relieve7,,,,,,0.0,,,,,,,,,6501,0.9,0.0,0.0
2026-07-17T14:12:26.399164,Raspberry_Relieve7,,,,,,0.0,,,,,,,,,6502,0.98,0.0,0.0
2026-07-17T14:12:27.399271,Raspberry_Relieve7,,,,,,0.0,,,,,,,,,6503,1.01,0.0,0.0
2026-07-17T14:12:28.399376,Raspberry_Relieve7,,,,,,0.0,,,,,,,,,6504,0.96,0.0,0.0
2026-07-17T14:12:29.399486,Raspberry_Relieve7,,,,,,0.0,,,,,,,,,6505,1.05,0.0,0.0
2026-07-17T14:12:30.399599,Raspberry_Relieve7,,,,,,0.0,,,,,,,,,6506,0.96,0.0,0.0
2026-07-17T14:12:31.399662,Raspberry_Relieve7,,,,,,0.0,,,,,,,,,6507,1.11,0.0,0.0
2026-07-17T14:12:32.399742,Raspberry_Relieve7,,,,,,0.0,,,,,,,,,6508,0.93,0.0,0.0
2026-07-17T14:12:33.399870,Raspberry_Relieve7,,,,,,0.0,,,,,,,,,6509,0.98,0.0,0.0
2026-07-17T14:12:34.399989,Raspberry_Relieve7,,,,,,0.0,,,,,,,,,6510,0.96,0.0,0.0
2026-07-17T14:12:35.400143,Raspberry_Relieve7,,,,,,0.0,,,,,,,,,6511,1.02,0.0,0.0
2026-07-17T14:12:36.400467,Raspberry_Relieve7,,,,,,0.0,,,,,,,,,6512,1.03,0.0,0.0
2026-07-17T14:12:37.400456,Raspberry_Relieve7,,,,,,0.0,,,,,,,,,6513,1.02,0.0,0.0
2026-07-17T14:12:38.400543,Raspberry_Relieve7,,,,,,0.0,,,,,,,,,6514,1.02,0.0,0.0
2026-07-17T14:12:39.400660,Raspberry_Relieve7,,,,,,0.0,,,,,,,,,6515,0.92,0.0,0.0
2026-07-17T14:12:40.400779,Raspberry_Relieve7,,,,,,0.0,,,,,,,,,6516,1.13,0.0,0.0
2026-07-17T14:12:41.400849,Raspberry_Relieve7,,,,,,0.0,,,,,,,,,6517,0.86,0.0,0.0
2026-07-17T14:12:42.400983,Raspberry_Relieve7,,,,,,0.0,,,,,,,,,6518,1.04,0.0,0.0
2026-07-17T14:12:43.401098,Raspberry_Relieve7,,,,,,0.0,,,,,,,,,6519,0.94,0.0,0.0
2026-07-17T14:12:44.401163,Raspberry_Relieve7,,,,,,0.0,,,,,,,,,6520,1.01,0.0,0.0
2026-07-17T14:12:45.401287,Raspberry_Relieve7,,,,,,0.0,,,,,,,,,6521,1.2,0.0,0.0
2026-07-17T14:12:46.401360,Raspberry_Relieve7,,,,,,0.0,,,,,,,,,6522,0.88,0.0,0.0
2026-07-17T14:12:47.401478,Raspberry_Relieve7,,,,,,0.0,,,,,,,,,6523,1.02,0.0,0.0
2026-07-17T14:12:48.401535,Raspberry_Relieve7,,,,,,0.0,,,,,,,,,6524,0.93,0.0,0.0
2026-07-17T14:12:49.401654,Raspberry_Relieve7,,,,,,0.0,,,,,,,,,6525,1.03,0.0,0.0
2026-07-17T14:12:50.401766,Raspberry_Relieve7,,,,,,0.0,,,,,,,,,6526,1.1,0.0,0.0
2026-07-17T14:12:51.401886,Raspberry_Relieve7,,,,,,0.0,,,,,,,,,6527,0.94,0.0,0.0
2026-07-17T14:12:52.402117,Raspberry_Relieve7,,,,,,0.0,,,,,,,,,6528,0.92,0.0,0.0
2026-07-17T14:12:53.402244,Raspberry_Relieve7,,,,,,0.0,,,,,,,,,6529,1.11,0.0,0.0
2026-07-17T14:12:54.402324,Raspberry_Relieve7,,,,,,0.0,,,,,,,,,6530,0.87,0.0,0.0
2026-07-17T14:12:55.402468,Raspberry_Relieve7,,,,,,0.0,,,,,,,,,6531,1.08,0.0,0.0
2026-07-17T14:12:56.402538,Raspberry_Relieve7,,,,,,0.0,,,,,,,,,6532,0.94,0.0,0.0
2026-07-17T14:12:57.402620,Raspberry_Relieve7,,,,,,0.0,,,,,,,,,6533,1.02,0.0,0.0
2026-07-17T14:12:58.402756,Raspberry_Relieve7,,,,,,0.0,,,,,,,,,6534,0.93,0.0,0.0
2026-07-17T14:12:59.402823,Raspberry_Relieve7,,,,,,0.0,,,,,,,,,6535,1.06,0.0,0.0
2026-07-17T14:13:00.402967,Raspberry_Relieve7,,,,,,0.0,,,,,,,,,6536,0.95,0.0,0.0
2026-07-17T14:13:01.403064,Raspberry_Relieve7,,,,,,0.0,,,,,,,,,6537,1.03,0.0,0.0
2026-07-17T14:13:02.403242,Raspberry_Relieve7,,,,,,0.0,,,,,,,,,6538,0.97,0.0,0.0
2026-07-17T14:13:03.403386,Raspberry_Relieve7,,,,,,0.0,,,,,,,,,6539,1.04,0.0,0.0
2026-07-17T14:13:04.403469,Raspberry_Relieve7,,,,,,0.0,,,,,,,,,6540,1.04,0.0,0.0
2026-07-17T14:13:05.403586,Raspberry_Relieve7,,,,,,0.0,,,,,,,,,6541,0.99,0.0,0.0
2026-07-17T14:13:06.403654,Raspberry_Relieve7,,,,,,0.0,,,,,,,,,6542,1.02,0.0,0.0
2026-07-17T14:13:07.403797,Raspberry_Relieve7,,,,,,0.0,,,,,,,,,6543,0.88,0.0,0.0
2026-07-17T14:13:08.403939,Raspberry_Relieve7,,,,,,0.0,,,,,,,,,6544,1.03,0.0,0.0
2026-07-17T14:13:09.404025,Raspberry_Relieve7,,,,,,0.0,,,,,,,,,6545,1.06,0.0,0.0
2026-07-17T14:13:10.404258,Raspberry_Relieve7,,,,,,0.0,,,,,,,,,6546,0.96,0.0,0.0
2026-07-17T14:13:11.404415,Raspberry_Relieve7,,,,,,0.0,,,,,,,,,6547,1.02,0.0,0.0
2026-07-17T14:13:12.404524,Raspberry_Relieve7,,,,,,0.0,,,,,,,,,6548,1.06,0.0,0.0
2026-07-17T14:13:13.404606,Raspberry_Relieve7,,,,,,0.0,,,,,,,,,6549,1.07,0.0,0.0
2026-07-17T14:13:14.404721,Raspberry_Relieve7,,,,,,0.0,,,,,,,,,6550,0.88,0.0,0.0
2026-07-17T14:13:15.404783,Raspberry_Relieve7,,,,,,0.0,,,,,,,,,6551,0.98,0.0,0.0
2026-07-17T14:13:16.404867,Raspberry_Relieve7,,,,,,0.0,,,,,,,,,6552,0.98,0.0,0.0
2026-07-17T14:13:17.404951,Raspberry_Relieve7,,,,,,0.0,,,,,,,,,6553,0.98,0.0,0.0
2026-07-17T14:13:18.405036,Raspberry_Relieve7,,,,,,0.0,,,,,,,,,6554,0.98,0.0,0.0
2026-07-17T14:13:19.405119,Raspberry_Relieve7,,,,,,0.0,,,,,,,,,6555,1.02,0.0,0.0
2026-07-17T14:13:20.405249,Raspberry_Relieve7,,,,,,0.0,,,,,,,,,6556,1.08,0.0,0.0
2026-07-17T14:13:21.405301,Raspberry_Relieve7,,,,,,0.0,,,,,,,,,6557,0.94,0.0,0.0
2026-07-17T14:13:22.405427,Raspberry_Relieve7,,,,,,0.0,,,,,,,,,6558,1.02,0.0,0.0
2026-07-17T14:13:23.405493,Raspberry_Relieve7,,,,,,0.0,,,,,,,,,6559,0.92,0.0,0.0
2026-07-17T14:13:24.405621,Raspberry_Relieve7,,,,,,0.0,,,,,,,,,6560,1.03,0.0,0.0
2026-07-17T14:13:25.405684,Raspberry_Relieve7,,,,,,0.0,,,,,,,,,6561,1.02,0.0,0.0
2026-07-17T14:13:26.405770,Raspberry_Relieve7,,,,,,0.0,,,,,,,,,6562,1.02,0.0,0.0
2026-07-17T14:13:27.405896,Raspberry_Relieve7,,,,,,0.0,,,,,,,,,6563,1.13,0.0,0.0
2026-07-17T14:13:28.405966,Raspberry_Relieve7,,,,,,0.0,,,,,,,,,6564,0.92,0.0,0.0
2026-07-17T14:13:29.406045,Raspberry_Relieve7,,,,,,0.0,,,,,,,,,6565,1.02,0.0,0.0
2026-07-17T14:13:30.406169,Raspberry_Relieve7,,,,,,0.0,,,,,,,,,6566,0.9,0.0,0.0
2026-07-17T14:13:31.406235,Raspberry_Relieve7,,,,,,0.0,,,,,,,,,6567,0.95,0.0,0.0
2026-07-17T14:13:32.406318,Raspberry_Relieve7,,,,,,0.0,,,,,,,,,6568,0.98,0.0,0.0
2026-07-17T14:13:33.406403,Raspberry_Relieve7,,,,,,0.0,,,,,,,,,6569,1.08,0.0,0.0
2026-07-17T14:13:34.406483,Raspberry_Relieve7,,,,,,0.0,,,,,,,,,6570,0.98,0.0,0.0
2026-07-17T14:13:35.406605,Raspberry_Relieve7,,,,,,0.0,,,,,,,,,6571,1.06,0.0,0.0
2026-07-17T14:13:36.406673,Raspberry_Relieve7,,,,,,0.0,,,,,,,,,6572,1.01,0.0,0.0
2026-07-17T14:13:37.406756,Raspberry_Relieve7,,,,,,0.0,,,,,,,,,6573,1.02,0.0,0.0
2026-07-17T14:13:38.406882,Raspberry_Relieve7,,,,,,0.0,,,,,,,,,6574,1.05,0.0,0.0
2026-07-17T14:13:39.407159,Raspberry_Relieve7,,,,,,0.0,,,,,,,,,6575,0.9,0.0,0.0
2026-07-17T14:13:40.407361,Raspberry_Relieve7,,,,,,0.0,,,,,,,,,6576,1.13,0.0,0.0
2026-07-17T14:13:41.407589,Raspberry_Relieve7,,,,,,0.0,,,,,,,,,6577,0.92,0.0,0.0
2026-07-17T14:13:42.407641,Raspberry_Relieve7,,,,,,0.0,,,,,,,,,6578,1.11,0.0,0.0
2026-07-17T14:13:43.407706,Raspberry_Relieve7,,,,,,0.0,,,,,,,,,6579,0.81,0.0,0.0
2026-07-17T14:13:44.407818,Raspberry_Relieve7,,,,,,0.0,,,,,,,,,6580,1.01,0.0,0.0
2026-07-17T14:13:45.407937,Raspberry_Relieve7,,,,,,0.0,,,,,,,,,6581,1.03,0.0,0.0
2026-07-17T14:13:46.408045,Raspberry_Relieve7,,,,,,0.0,,,,,,,,,6582,1.06,0.0,0.0
2026-07-17T14:13:47.408156,Raspberry_Relieve7,,,,,,0.0,,,,,,,,,6583,1.02,0.0,0.0
2026-07-17T14:13:48.408265,Raspberry_Relieve7,,,,,,0.0,,,,,,,,,6584,1.02,0.0,0.0
2026-07-17T14:13:49.408373,Raspberry_Relieve7,,,,,,0.0,,,,,,,,,6585,0.86,0.0,0.0
2026-07-17T14:13:50.408440,Raspberry_Relieve7,,,,,,0.0,,,,,,,,,6586,1.12,0.0,0.0
2026-07-17T14:13:51.408577,Raspberry_Relieve7,,,,,,0.0,,,,,,,,,6587,1.0,0.0,0.0
2026-07-17T14:13:52.408695,Raspberry_Relieve7,,,,,,0.0,,,,,,,,,6588,1.05,0.0,0.0
2026-07-17T14:13:53.408803,Raspberry_Relieve7,,,,,,0.0,,,,,,,,,6589,1.0,0.0,0.0
2026-07-17T14:13:54.408864,Raspberry_Relieve7,,,,,,0.0,,,,,,,,,6590,0.92,0.0,0.0
2026-07-17T14:13:55.408989,Raspberry_Relieve7,,,,,,0.0,,,,,,,,,6591,1.04,0.0,0.0
2026-07-17T14:13:56.409057,Raspberry_Relieve7,,,,,,0.0,,,,,,,,,6592,0.9,0.0,0.0
2026-07-17T14:13:57.409139,Raspberry_Relieve7,,,,,,0.0,,,,,,,,,6593,1.03,0.0,0.0
2026-07-17T14:13:58.409227,Raspberry_Relieve7,,,,,,0.0,,,,,,,,,6594,1.03,0.0,0.0
2026-07-17T14:13:59.409362,Raspberry_Relieve7,,,,,,0.0,,,,,,,,,6595,0.9,0.0,0.0
2026-07-17T14:14:00.409613,Raspberry_Relieve7,,,,,,0.0,,,,,,,,,6596,1.03,0.0,0.0
2026-07-17T14:14:01.409799,Raspberry_Relieve7,,,,,,0.0,,,,,,,,,6597,1.01,0.0,0.0
2026-07-17T14:14:02.409906,Raspberry_Relieve7,,,,,,0.0,,,,,,,,,6598,1.14,0.0,0.0
2026-07-17T14:14:03.409998,Raspberry_Relieve7,,,,,,0.0,,,,,,,,,6599,0.8,0.0,0.0
2026-07-17T14:14:04.410115,Raspberry_Relieve7,,,,,,0.0,,,,,,,,,6600,1.04,0.0,0.0
2026-07-17T14:14:05.410221,Raspberry_Relieve7,,,,,,0.0,,,,,,,,,6601,1.0,0.0,0.0
2026-07-17T14:14:06.410301,Raspberry_Relieve7,,,,,,0.0,,,,,,,,,6602,1.04,0.0,0.0
2026-07-17T14:14:07.410438,Raspberry_Relieve7,,,,,,0.0,,,,,,,,,6603,0.98,0.0,0.0
2026-07-17T14:14:08.410551,Raspberry_Relieve7,,,,,,0.0,,,,,,,,,6604,1.05,0.0,0.0
2026-07-17T14:14:09.410666,Raspberry_Relieve7,,,,,,0.0,,,,,,,,,6605,0.95,0.0,0.0
2026-07-17T14:14:10.410733,Raspberry_Relieve7,,,,,,0.0,,,,,,,,,6606,1.02,0.0,0.0
2026-07-17T14:14:11.410817,Raspberry_Relieve7,,,,,,0.0,,,,,,,,,6607,1.02,0.0,0.0
2026-07-17T14:14:12.410944,Raspberry_Relieve7,,,,,,0.0,,,,,,,,,6608,0.92,0.0,0.0
2026-07-17T14:14:13.411013,Raspberry_Relieve7,,,,,,0.0,,,,,,,,,6609,0.94,0.0,0.0
2026-07-17T14:14:14.411095,Raspberry_Relieve7,,,,,,0.0,,,,,,,,,6610,1.04,0.0,0.0
2026-07-17T14:14:15.411178,Raspberry_Relieve7,,,,,,0.0,,,,,,,,,6611,1.02,0.0,0.0
2026-07-17T14:14:16.411267,Raspberry_Relieve7,,,,,,0.0,,,,,,,,,6612,1.03,0.0,0.0
2026-07-17T14:14:17.411393,Raspberry_Relieve7,,,,,,0.0,,,,,,,,,6613,0.98,0.0,0.0
2026-07-17T14:14:18.411463,Raspberry_Relieve7,,,,,,0.0,,,,,,,,,6614,1.02,0.0,0.0
2026-07-17T14:14:19.411586,Raspberry_Relieve7,,,,,,0.0,,,,,,,,,6615,1.02,0.0,0.0
2026-07-17T14:14:20.411691,Raspberry_Relieve7,,,,,,0.0,,,,,,,,,6616,1.11,0.0,0.0
2026-07-17T14:14:21.411753,Raspberry_Relieve7,,,,,,0.0,,,,,,,,,6617,0.82,0.0,0.0
2026-07-17T14:14:22.411834,Raspberry_Relieve7,,,,,,0.0,,,,,,,,,6618,0.94,0.0,0.0
2026-07-17T14:14:23.411959,Raspberry_Relieve7,,,,,,0.0,,,,,,,,,6619,1.01,0.0,0.0
2026-07-17T14:14:24.412032,Raspberry_Relieve7,,,,,,0.0,,,,,,,,,6620,1.0,0.0,0.0
2026-07-17T14:14:25.412145,Raspberry_Relieve7,,,,,,0.0,,,,,,,,,6621,1.04,0.0,0.0
2026-07-17T14:14:26.412256,Raspberry_Relieve7,,,,,,0.0,,,,,,,,,6622,1.0,0.0,0.0
2026-07-17T14:14:27.412323,Raspberry_Relieve7,,,,,,0.0,,,,,,,,,6623,1.0,0.0,0.0
2026-07-17T14:14:28.412446,Raspberry_Relieve7,,,,,,0.0,,,,,,,,,6624,1.03,0.0,0.0
2026-07-17T14:14:29.412517,Raspberry_Relieve7,,,,,,0.0,,,,,,,,,6625,0.97,0.0,0.0
2026-07-17T14:14:30.412595,Raspberry_Relieve7,,,,,,0.0,,,,,,,,,6626,0.94,0.0,0.0
2026-07-17T14:14:31.412719,Raspberry_Relieve7,,,,,,0.0,,,,,,,,,6627,1.0,0.0,0.0
2026-07-17T14:14:32.412788,Raspberry_Relieve7,,,,,,0.0,,,,,,,,,6628,1.23,0.0,0.0
2026-07-17T14:14:33.412877,Raspberry_Relieve7,,,,,,0.0,,,,,,,,,6629,0.82,0.0,0.0
2026-07-17T14:14:34.413003,Raspberry_Relieve7,,,,,,0.0,,,,,,,,,6630,1.06,0.0,0.0
2026-07-17T14:14:35.413113,Raspberry_Relieve7,,,,,,0.0,,,,,,,,,6631,0.91,0.0,0.0
2026-07-17T14:14:36.413358,Raspberry_Relieve7,,,,,,0.0,,,,,,,,,6632,1.02,0.0,0.0
2026-07-17T14:14:37.413661,Raspberry_Relieve7,,,,,,0.0,,,,,,,,,6633,1.13,0.0,0.0
2026-07-17T14:14:38.413669,Raspberry_Relieve7,,,,,,0.0,,,,,,,,,6634,0.85,0.0,0.0
2026-07-17T14:14:39.413776,Raspberry_Relieve7,,,,,,0.0,,,,,,,,,6635,1.08,0.0,0.0
2026-07-17T14:14:40.413897,Raspberry_Relieve7,,,,,,0.0,,,,,,,,,6636,0.97,0.0,0.0
2026-07-17T14:14:41.414003,Raspberry_Relieve7,,,,,,0.0,,,,,,,,,6637,1.02,0.0,0.0
2026-07-17T14:14:42.414070,Raspberry_Relieve7,,,,,,0.0,,,,,,,,,6638,1.03,0.0,0.0
2026-07-17T14:14:43.414152,Raspberry_Relieve7,,,,,,0.0,,,,,,,,,6639,0.94,0.0,0.0
2026-07-17T14:14:44.414239,Raspberry_Relieve7,,,,,,0.0,,,,,,,,,6640,1.03,0.0,0.0
2026-07-17T14:14:45.414323,Raspberry_Relieve7,,,,,,0.0,,,,,,,,,6641,1.02,0.0,0.0
2026-07-17T14:14:46.414400,Raspberry_Relieve7,,,,,,0.0,,,,,,,,,6642,0.92,0.0,0.0
2026-07-17T14:14:47.414549,Raspberry_Relieve7,,,,,,0.0,,,,,,,,,6643,1.01,0.0,0.0
2026-07-17T14:14:48.414736,Raspberry_Relieve7,,,,,,0.0,,,,,,,,,6644,1.09,0.0,0.0
2026-07-17T14:14:49.414907,Raspberry_Relieve7,,,,,,0.0,,,,,,,,,6645,0.96,0.0,0.0
2026-07-17T14:14:50.414991,Raspberry_Relieve7,,,,,,0.0,,,,,,,,,6646,1.03,0.0,0.0
2026-07-17T14:14:51.415107,Raspberry_Relieve7,,,,,,0.0,,,,,,,,,6647,1.02,0.0,0.0
2026-07-17T14:14:52.415180,Raspberry_Relieve7,,,,,,0.0,,,,,,,,,6648,0.91,0.0,0.0
2026-07-17T14:14:53.415296,Raspberry_Relieve7,,,,,,0.0,,,,,,,,,6649,0.96,0.0,0.0
2026-07-17T14:14:54.415406,Raspberry_Relieve7,,,,,,0.0,,,,,,,,,6650,1.02,0.0,0.0
2026-07-17T14:14:55.415515,Raspberry_Relieve7,,,,,,0.0,,,,,,,,,6651,0.96,0.0,0.0
2026-07-17T14:14:56.415582,Raspberry_Relieve7,,,,,,0.0,,,,,,,,,6652,0.98,0.0,0.0
2026-07-17T14:14:57.415663,Raspberry_Relieve7,,,,,,0.0,,,,,,,,,6653,1.01,0.0,0.0
2026-07-17T14:14:58.415782,Raspberry_Relieve7,,,,,,0.0,,,,,,,,,6654,1.09,0.0,0.0
2026-07-17T14:14:59.415892,Raspberry_Relieve7,,,,,,0.0,,,,,,,,,6655,1.06,0.0,0.0
2026-07-17T14:15:00.416013,Raspberry_Relieve7,,,,,,0.0,,,,,,,,,6656,0.92,0.0,0.0
2026-07-17T14:15:01.416070,Raspberry_Relieve7,,,,,,0.0,,,,,,,,,6657,0.99,0.0,0.0
2026-07-17T14:15:02.416155,Raspberry_Relieve7,,,,,,0.0,,,,,,,,,6658,1.03,0.0,0.0
2026-07-17T14:15:03.416232,Raspberry_Relieve7,,,,,,0.0,,,,,,,,,6659,0.93,0.0,0.0
2026-07-17T14:15:04.416363,Raspberry_Relieve7,,,,,,0.0,,,,,,,,,6660,1.0,0.0,0.0
2026-07-17T14:15:05.416476,Raspberry_Relieve7,,,,,,0.0,,,,,,,,,6661,1.12,0.0,0.0
2026-07-17T14:15:06.416585,Raspberry_Relieve7,,,,,,0.0,,,,,,,,,6662,1.03,0.0,0.0
2026-07-17T14:15:07.416825,Raspberry_Relieve7,,,,,,0.0,,,,,,,,,6663,0.96,0.0,0.0
2026-07-17T14:15:08.416899,Raspberry_Relieve7,,,,,,0.0,,,,,,,,,6664,0.92,0.0,0.0
2026-07-17T14:15:09.417017,Raspberry_Relieve7,,,,,,0.0,,,,,,,,,6665,1.05,0.0,0.0
2026-07-17T14:15:10.417089,Raspberry_Relieve7,,,,,,0.0,,,,,,,,,6666,0.94,0.0,0.0
2026-07-17T14:15:11.417218,Raspberry_Relieve7,,,,,,0.0,,,,,,,,,6667,1.12,0.0,0.0
2026-07-17T14:15:12.417286,Raspberry_Relieve7,,,,,,0.0,,,,,,,,,6668,0.86,0.0,0.0
2026-07-17T14:15:13.417418,Raspberry_Relieve7,,,,,,0.0,,,,,,,,,6669,1.08,0.0,0.0
2026-07-17T14:15:14.417526,Raspberry_Relieve7,,,,,,0.0,,,,,,,,,6670,0.99,0.0,0.0
2026-07-17T14:15:15.417634,Raspberry_Relieve7,,,,,,0.0,,,,,,,,,6671,1.02,0.0,0.0
2026-07-17T14:15:16.417747,Raspberry_Relieve7,,,,,,0.0,,,,,,,,,6672,0.92,0.0,0.0
2026-07-17T14:15:17.417860,Raspberry_Relieve7,,,,,,0.0,,,,,,,,,6673,1.02,0.0,0.0
2026-07-17T14:15:18.417965,Raspberry_Relieve7,,,,,,0.0,,,,,,,,,6674,0.94,0.0,0.0
2026-07-17T14:15:19.418079,Raspberry_Relieve7,,,,,,0.0,,,,,,,,,6675,1.01,0.0,0.0
2026-07-17T14:15:20.418214,Raspberry_Relieve7,,,,,,0.0,,,,,,,,,6676,1.05,0.0,0.0
2026-07-17T14:15:21.418306,Raspberry_Relieve7,,,,,,0.0,,,,,,,,,6677,0.99,0.0,0.0
2026-07-17T14:15:22.418418,Raspberry_Relieve7,,,,,,0.0,,,,,,,,,6678,1.02,0.0,0.0
2026-07-17T14:15:23.418489,Raspberry_Relieve7,,,,,,0.0,,,,,,,,,6679,1.02,0.0,0.0
2026-07-17T14:15:24.418570,Raspberry_Relieve7,,,,,,0.0,,,,,,,,,6680,0.93,0.0,0.0
2026-07-17T14:15:25.418707,Raspberry_Relieve7,,,,,,0.0,,,,,,,,,6681,1.1,0.0,0.0
2026-07-17T14:15:26.418815,Raspberry_Relieve7,,,,,,0.0,,,,,,,,,6682,0.94,0.0,0.0
2026-07-17T14:15:27.418895,Raspberry_Relieve7,,,,,,0.0,,,,,,,,,6683,1.02,0.0,0.0
2026-07-17T14:15:28.418973,Raspberry_Relieve7,,,,,,0.0,,,,,,,,,6684,1.06,0.0,0.0
2026-07-17T14:15:29.419106,Raspberry_Relieve7,,,,,,0.0,,,,,,,,,6685,0.91,0.0,0.0
2026-07-17T14:15:30.419213,Raspberry_Relieve7,,,,,,0.0,,,,,,,,,6686,1.0,0.0,0.0
2026-07-17T14:15:31.419291,Raspberry_Relieve7,,,,,,0.0,,,,,,,,,6687,1.03,0.0,0.0
2026-07-17T14:15:32.419419,Raspberry_Relieve7,,,,,,0.0,,,,,,,,,6688,0.92,0.0,0.0
2026-07-17T14:15:33.419532,Raspberry_Relieve7,,,,,,0.0,,,,,,,,,6689,0.99,0.0,0.0
2026-07-17T14:15:34.419640,Raspberry_Relieve7,,,,,,0.0,,,,,,,,,6690,1.06,0.0,0.0
2026-07-17T14:15:35.419701,Raspberry_Relieve7,,,,,,0.0,,,,,,,,,6691,1.08,0.0,0.0
2026-07-17T14:15:36.419934,Raspberry_Relieve7,,,,,,0.0,,,,,,,,,6692,0.97,0.0,0.0
2026-07-17T14:15:37.420098,Raspberry_Relieve7,,,,,,0.0,,,,,,,,,6693,0.93,0.0,0.0
2026-07-17T14:15:38.420185,Raspberry_Relieve7,,,,,,0.0,,,,,,,,,6694,1.01,0.0,0.0
2026-07-17T14:15:39.420297,Raspberry_Relieve7,,,,,,0.0,,,,,,,,,6695,1.02,0.0,0.0
2026-07-17T14:15:40.420415,Raspberry_Relieve7,,,,,,0.0,,,,,,,,,6696,1.0,0.0,0.0
2026-07-17T14:15:41.420475,Raspberry_Relieve7,,,,,,0.0,,,,,,,,,6697,1.06,0.0,0.0
2026-07-17T14:15:42.420570,Raspberry_Relieve7,,,,,,0.0,,,,,,,,,6698,0.89,0.0,0.0
2026-07-17T14:15:43.420649,Raspberry_Relieve7,,,,,,0.0,,,,,,,,,6699,1.14,0.0,0.0
2026-07-17T14:15:44.420906,Raspberry_Relieve7,,,,,,0.0,,,,,,,,,6700,0.9,0.0,0.0
2026-07-17T14:15:45.421092,Raspberry_Relieve7,,,,,,0.0,,,,,,,,,6701,1.01,0.0,0.0
2026-07-17T14:15:46.421170,Raspberry_Relieve7,,,,,,0.0,,,,,,,,,6702,0.98,0.0,0.0
2026-07-17T14:15:47.421271,Raspberry_Relieve7,,,,,,0.0,,,,,,,,,6703,1.03,0.0,0.0
2026-07-17T14:15:48.421377,Raspberry_Relieve7,,,,,,0.0,,,,,,,,,6704,1.12,0.0,0.0
2026-07-17T14:15:49.421488,Raspberry_Relieve7,,,,,,0.0,,,,,,,,,6705,1.03,0.0,0.0
2026-07-17T14:15:50.421598,Raspberry_Relieve7,,,,,,0.0,,,,,,,,,6706,0.92,0.0,0.0
2026-07-17T14:15:51.421704,Raspberry_Relieve7,,,,,,0.0,,,,,,,,,6707,1.01,0.0,0.0
2026-07-17T14:15:52.421812,Raspberry_Relieve7,,,,,,0.0,,,,,,,,,6708,1.0,0.0,0.0
2026-07-17T14:15:53.421930,Raspberry_Relieve7,,,,,,0.0,,,,,,,,,6709,1.02,0.0,0.0
2026-07-17T14:15:54.422023,Raspberry_Relieve7,,,,,,0.0,,,,,,,,,6710,0.94,0.0,0.0
2026-07-17T14:15:55.422123,Raspberry_Relieve7,,,,,,0.0,,,,,,,,,6711,1.02,0.0,0.0
2026-07-17T14:15:56.422239,Raspberry_Relieve7,,,,,,0.0,,,,,,,,,6712,1.02,0.0,0.0
2026-07-17T14:15:57.422306,Raspberry_Relieve7,,,,,,0.0,,,,,,,,,6713,0.92,0.0,0.0
2026-07-17T14:15:58.422383,Raspberry_Relieve7,,,,,,0.0,,,,,,,,,6714,1.03,0.0,0.0
2026-07-17T14:15:59.422514,Raspberry_Relieve7,,,,,,0.0,,,,,,,,,6715,0.98,0.0,0.0
2026-07-17T14:16:00.422636,Raspberry_Relieve7,,,,,,0.0,,,,,,,,,6716,1.03,0.0,0.0
2026-07-17T14:16:01.422699,Raspberry_Relieve7,,,,,,0.0,,,,,,,,,6717,1.12,0.0,0.0
2026-07-17T14:16:02.750132,Raspberry_Relieve7,,,,,,0.0,,,,,,,,,6718,1.34,0.0,0.0
2026-07-17T14:16:03.750266,Raspberry_Relieve7,,,,,,0.0,,,,,,,,,6719,0.8,0.0,0.0
2026-07-17T14:16:04.750462,Raspberry_Relieve7,,,,,,0.0,,,,,,,,,6720,1.05,0.0,0.0
2026-07-17T14:16:05.750542,Raspberry_Relieve7,,,,,,0.0,,,,,,,,,6721,1.14,0.0,0.0
2026-07-17T14:16:06.750659,Raspberry_Relieve7,,,,,,0.0,,,,,,,,,6722,0.88,0.0,0.0
2026-07-17T14:16:07.750831,Raspberry_Relieve7,,,,,,0.0,,,,,,,,,6723,0.97,0.0,0.0
2026-07-17T14:16:08.750976,Raspberry_Relieve7,,,,,,0.0,,,,,,,,,6724,1.02,0.0,0.0
2026-07-17T14:16:09.751052,Raspberry_Relieve7,,,,,,0.0,,,,,,,,,6725,1.02,0.0,0.0
2026-07-17T14:16:10.751207,Raspberry_Relieve7,,,,,,0.0,,,,,,,,,6726,1.02,0.0,0.0
2026-07-17T14:16:11.751275,Raspberry_Relieve7,,,,,,0.0,,,,,,,,,6727,0.85,0.0,0.0
2026-07-17T14:16:12.751438,Raspberry_Relieve7,,,,,,0.0,,,,,,,,,6728,1.3,0.0,0.0
2026-07-17T14:16:13.751617,Raspberry_Relieve7,,,,,,0.0,,,,,,,,,6729,0.82,0.0,0.0
2026-07-17T14:16:14.751813,Raspberry_Relieve7,,,,,,0.0,,,,,,,,,6730,1.0,0.0,0.0
2026-07-17T14:16:15.751951,Raspberry_Relieve7,,,,,,0.0,,,,,,,,,6731,1.09,0.0,0.0
2026-07-17T14:16:16.752066,Raspberry_Relieve7,,,,,,0.0,,,,,,,,,6732,0.89,0.0,0.0
2026-07-17T14:16:17.752213,Raspberry_Relieve7,,,,,,0.0,,,,,,,,,6733,0.95,0.0,0.0
2026-07-17T14:16:18.752296,Raspberry_Relieve7,,,,,,0.0,,,,,,,,,6734,1.03,0.0,0.0
2026-07-17T14:16:19.752460,Raspberry_Relieve7,,,,,,0.0,,,,,,,,,6735,0.99,0.0,0.0
2026-07-17T14:16:20.752739,Raspberry_Relieve7,,,,,,0.0,,,,,,,,,6736,1.02,0.0,0.0
2026-07-17T14:16:21.752887,Raspberry_Relieve7,,,,,,0.0,,,,,,,,,6737,0.98,0.0,0.0
2026-07-17T14:16:22.753023,Raspberry_Relieve7,,,,,,0.0,,,,,,,,,6738,1.04,0.0,0.0
2026-07-17T14:16:23.753165,Raspberry_Relieve7,,,,,,0.0,,,,,,,,,6739,1.03,0.0,0.0
2026-07-17T14:16:24.753318,Raspberry_Relieve7,,,,,,0.0,,,,,,,,,6740,1.04,0.0,0.0
2026-07-17T14:16:25.753363,Raspberry_Relieve7,,,,,,0.0,,,,,,,,,6741,0.86,0.0,0.0
2026-07-17T14:16:26.753536,Raspberry_Relieve7,,,,,,0.0,,,,,,,,,6742,1.19,0.0,0.0
2026-07-17T14:16:27.753571,Raspberry_Relieve7,,,,,,0.0,,,,,,,,,6743,0.87,0.0,0.0
2026-07-17T14:16:28.753688,Raspberry_Relieve7,,,,,,0.0,,,,,,,,,6744,1.09,0.0,0.0
2026-07-17T14:16:29.753765,Raspberry_Relieve7,,,,,,0.0,,,,,,,,,6745,0.91,0.0,0.0
2026-07-17T14:16:30.753871,Raspberry_Relieve7,,,,,,0.0,,,,,,,,,6746,0.99,0.0,0.0
2026-07-17T14:16:31.754033,Raspberry_Relieve7,,,,,,0.0,,,,,,,,,6747,0.95,0.0,0.0
2026-07-17T14:16:32.754215,Raspberry_Relieve7,,,,,,0.0,,,,,,,,,6748,1.06,0.0,0.0
2026-07-17T14:16:33.754394,Raspberry_Relieve7,,,,,,0.0,,,,,,,,,6749,1.02,0.0,0.0
2026-07-17T14:16:34.754513,Raspberry_Relieve7,,,,,,0.0,,,,,,,,,6750,0.99,0.0,0.0
2026-07-17T14:16:35.754648,Raspberry_Relieve7,,,,,,0.0,,,,,,,,,6751,1.02,0.0,0.0
2026-07-17T14:16:36.754757,Raspberry_Relieve7,,,,,,0.0,,,,,,,,,6752,1.02,0.0,0.0
2026-07-17T14:16:37.754881,Raspberry_Relieve7,,,,,,0.0,,,,,,,,,6753,0.92,0.0,0.0
2026-07-17T14:16:38.755012,Raspberry_Relieve7,,,,,,0.0,,,,,,,,,6754,1.01,0.0,0.0
2026-07-17T14:16:39.755139,Raspberry_Relieve7,,,,,,0.0,,,,,,,,,6755,1.04,0.0,0.0
2026-07-17T14:16:40.755243,Raspberry_Relieve7,,,,,,0.0,,,,,,,,,6756,1.01,0.0,0.0
2026-07-17T14:16:41.755403,Raspberry_Relieve7,,,,,,0.0,,,,,,,,,6757,0.94,0.0,0.0
2026-07-17T14:16:42.755662,Raspberry_Relieve7,,,,,,0.0,,,,,,,,,6758,1.09,0.0,0.0
2026-07-17T14:16:43.755770,Raspberry_Relieve7,,,,,,0.0,,,,,,,,,6759,1.04,0.0,0.0
2026-07-17T14:16:44.755905,Raspberry_Relieve7,,,,,,0.0,,,,,,,,,6760,0.99,0.0,0.0
2026-07-17T14:16:45.756032,Raspberry_Relieve7,,,,,,0.0,,,,,,,,,6761,1.0,0.0,0.0
2026-07-17T14:16:46.756144,Raspberry_Relieve7,,,,,,0.0,,,,,,,,,6762,0.9,0.0,0.0
2026-07-17T14:16:47.756294,Raspberry_Relieve7,,,,,,0.0,,,,,,,,,6763,1.1,0.0,0.0
2026-07-17T14:16:48.756402,Raspberry_Relieve7,,,,,,0.0,,,,,,,,,6764,0.88,0.0,0.0
2026-07-17T14:16:49.756547,Raspberry_Relieve7,,,,,,0.0,,,,,,,,,6765,1.06,0.0,0.0
2026-07-17T14:16:50.756666,Raspberry_Relieve7,,,,,,0.0,,,,,,,,,6766,1.03,0.0,0.0
2026-07-17T14:16:51.756775,Raspberry_Relieve7,,,,,,0.0,,,,,,,,,6767,0.95,0.0,0.0
2026-07-17T14:16:52.756869,Raspberry_Relieve7,,,,,,0.0,,,,,,,,,6768,1.13,0.0,0.0
2026-07-17T14:16:53.756935,Raspberry_Relieve7,,,,,,0.0,,,,,,,,,6769,0.79,0.0,0.0
2026-07-17T14:16:54.757056,Raspberry_Relieve7,,,,,,0.0,,,,,,,,,6770,1.15,0.0,0.0
2026-07-17T14:16:55.757175,Raspberry_Relieve7,,,,,,0.0,,,,,,,,,6771,0.92,0.0,0.0
2026-07-17T14:16:56.757330,Raspberry_Relieve7,,,,,,0.0,,,,,,,,,6772,1.01,0.0,0.0
2026-07-17T14:16:57.757493,Raspberry_Relieve7,,,,,,0.0,,,,,,,,,6773,1.03,0.0,0.0
2026-07-17T14:16:58.757664,Raspberry_Relieve7,,,,,,0.0,,,,,,,,,6774,1.03,0.0,0.0
2026-07-17T14:16:59.757770,Raspberry_Relieve7,,,,,,0.0,,,,,,,,,6775,0.92,0.0,0.0
2026-07-17T14:17:00.757878,Raspberry_Relieve7,,,,,,0.0,,,,,,,,,6776,1.08,0.0,0.0
2026-07-17T14:17:01.758003,Raspberry_Relieve7,,,,,,0.0,,,,,,,,,6777,1.03,0.0,0.0
2026-07-17T14:17:02.758114,Raspberry_Relieve7,,,,,,0.0,,,,,,,,,6778,0.91,0.0,0.0
2026-07-17T14:17:03.758252,Raspberry_Relieve7,,,,,,0.0,,,,,,,,,6779,0.93,0.0,0.0
2026-07-17T14:17:04.758324,Raspberry_Relieve7,,,,,,0.0,,,,,,,,,6780,1.19,0.0,0.0
2026-07-17T14:17:05.758465,Raspberry_Relieve7,,,,,,0.0,,,,,,,,,6781,0.8,0.0,0.0
2026-07-17T14:17:06.758600,Raspberry_Relieve7,,,,,,0.0,,,,,,,,,6782,1.2,0.0,0.0
2026-07-17T14:17:07.758646,Raspberry_Relieve7,,,,,,0.0,,,,,,,,,6783,0.85,0.0,0.0
2026-07-17T14:17:08.758775,Raspberry_Relieve7,,,,,,0.0,,,,,,,,,6784,0.98,0.0,0.0
2026-07-17T14:17:09.758937,Raspberry_Relieve7,,,,,,0.0,,,,,,,,,6785,1.13,0.0,0.0
2026-07-17T14:17:10.759028,Raspberry_Relieve7,,,,,,0.0,,,,,,,,,6786,0.89,0.0,0.0
2026-07-17T14:17:11.759139,Raspberry_Relieve7,,,,,,0.0,,,,,,,,,6787,1.05,0.0,0.0
2026-07-17T14:17:12.759240,Raspberry_Relieve7,,,,,,0.0,,,,,,,,,6788,0.97,0.0,0.0
2026-07-17T14:17:13.759340,Raspberry_Relieve7,,,,,,0.0,,,,,,,,,6789,1.01,0.0,0.0
2026-07-17T14:17:14.759482,Raspberry_Relieve7,,,,,,0.0,,,,,,,,,6790,1.04,0.0,0.0
2026-07-17T14:17:15.759569,Raspberry_Relieve7,,,,,,0.0,,,,,,,,,6791,0.88,0.0,0.0
2026-07-17T14:17:16.759660,Raspberry_Relieve7,,,,,,0.0,,,,,,,,,6792,1.06,0.0,0.0
2026-07-17T14:17:17.759969,Raspberry_Relieve7,,,,,,0.0,,,,,,,,,6793,1.01,0.0,0.0
2026-07-17T14:17:18.760231,Raspberry_Relieve7,,,,,,0.0,,,,,,,,,6794,1.03,0.0,0.0
2026-07-17T14:17:19.760678,Raspberry_Relieve7,,,,,,0.0,,,,,,,,,6795,1.03,0.0,0.0
2026-07-17T14:17:20.760769,Raspberry_Relieve7,,,,,,0.0,,,,,,,,,6796,0.94,0.0,0.0
2026-07-17T14:17:21.760920,Raspberry_Relieve7,,,,,,0.0,,,,,,,,,6797,0.96,0.0,0.0
2026-07-17T14:17:22.760977,Raspberry_Relieve7,,,,,,0.0,,,,,,,,,6798,1.03,0.0,0.0
2026-07-17T14:17:23.761087,Raspberry_Relieve7,,,,,,0.0,,,,,,,,,6799,1.06,0.0,0.0
2026-07-17T14:17:24.761180,Raspberry_Relieve7,,,,,,0.0,,,,,,,,,6800,0.94,0.0,0.0
2026-07-17T14:17:25.761336,Raspberry_Relieve7,,,,,,0.0,,,,,,,,,6801,1.02,0.0,0.0
2026-07-17T14:17:26.761521,Raspberry_Relieve7,,,,,,0.0,,,,,,,,,6802,1.11,0.0,0.0
2026-07-17T14:17:27.761698,Raspberry_Relieve7,,,,,,0.0,,,,,,,,,6803,0.84,0.0,0.0
2026-07-17T14:17:28.761827,Raspberry_Relieve7,,,,,,0.0,,,,,,,,,6804,1.12,0.0,0.0
2026-07-17T14:17:29.761934,Raspberry_Relieve7,,,,,,0.0,,,,,,,,,6805,1.03,0.0,0.0
2026-07-17T14:17:30.762047,Raspberry_Relieve7,,,,,,0.0,,,,,,,,,6806,0.92,0.0,0.0
2026-07-17T14:17:31.762149,Raspberry_Relieve7,,,,,,0.0,,,,,,,,,6807,0.92,0.0,0.0
2026-07-17T14:17:32.762266,Raspberry_Relieve7,,,,,,0.0,,,,,,,,,6808,1.11,0.0,0.0
2026-07-17T14:17:33.762398,Raspberry_Relieve7,,,,,,0.0,,,,,,,,,6809,0.94,0.0,0.0
2026-07-17T14:17:34.762518,Raspberry_Relieve7,,,,,,0.0,,,,,,,,,6810,1.02,0.0,0.0
2026-07-17T14:17:35.762652,Raspberry_Relieve7,,,,,,0.0,,,,,,,,,6811,1.02,0.0,0.0
2026-07-17T14:17:36.762719,Raspberry_Relieve7,,,,,,0.0,,,,,,,,,6812,1.14,0.0,0.0
2026-07-17T14:17:37.762842,Raspberry_Relieve7,,,,,,0.0,,,,,,,,,6813,0.76,0.0,0.0
2026-07-17T14:17:38.762997,Raspberry_Relieve7,,,,,,0.0,,,,,,,,,6814,1.12,0.0,0.0
2026-07-17T14:17:39.763102,Raspberry_Relieve7,,,,,,0.0,,,,,,,,,6815,0.88,0.0,0.0
2026-07-17T14:17:40.763209,Raspberry_Relieve7,,,,,,0.0,,,,,,,,,6816,1.04,0.0,0.0
2026-07-17T14:17:41.763294,Raspberry_Relieve7,,,,,,0.0,,,,,,,,,6817,1.01,0.0,0.0
2026-07-17T14:17:42.763371,Raspberry_Relieve7,,,,,,0.0,,,,,,,,,6818,1.02,0.0,0.0
2026-07-17T14:17:43.763468,Raspberry_Relieve7,,,,,,0.0,,,,,,,,,6819,1.02,0.0,0.0
2026-07-17T14:17:44.763708,Raspberry_Relieve7,,,,,,0.0,,,,,,,,,6820,1.03,0.0,0.0
2026-07-17T14:17:45.763977,Raspberry_Relieve7,,,,,,0.0,,,,,,,,,6821,0.88,0.0,0.0
2026-07-17T14:17:46.764174,Raspberry_Relieve7,,,,,,0.0,,,,,,,,,6822,1.04,0.0,0.0
2026-07-17T14:17:47.764285,Raspberry_Relieve7,,,,,,0.0,,,,,,,,,6823,1.05,0.0,0.0
2026-07-17T14:17:48.764407,Raspberry_Relieve7,,,,,,0.0,,,,,,,,,6824,0.95,0.0,0.0
2026-07-17T14:17:49.764544,Raspberry_Relieve7,,,,,,0.0,,,,,,,,,6825,0.98,0.0,0.0
2026-07-17T14:17:50.764670,Raspberry_Relieve7,,,,,,0.0,,,,,,,,,6826,1.02,0.0,0.0
2026-07-17T14:17:51.764751,Raspberry_Relieve7,,,,,,0.0,,,,,,,,,6827,1.0,0.0,0.0
2026-07-17T14:17:52.764907,Raspberry_Relieve7,,,,,,0.0,,,,,,,,,6828,1.11,0.0,0.0
2026-07-17T14:17:53.765027,Raspberry_Relieve7,,,,,,0.0,,,,,,,,,6829,0.99,0.0,0.0
2026-07-17T14:17:54.765155,Raspberry_Relieve7,,,,,,0.0,,,,,,,,,6830,0.91,0.0,0.0
2026-07-17T14:17:55.765370,Raspberry_Relieve7,,,,,,0.0,,,,,,,,,6831,1.0,0.0,0.0
2026-07-17T14:17:56.765533,Raspberry_Relieve7,,,,,,0.0,,,,,,,,,6832,1.04,0.0,0.0
2026-07-17T14:17:57.765621,Raspberry_Relieve7,,,,,,0.0,,,,,,,,,6833,1.0,0.0,0.0
2026-07-17T14:17:58.765774,Raspberry_Relieve7,,,,,,0.0,,,,,,,,,6834,1.02,0.0,0.0
2026-07-17T14:17:59.765913,Raspberry_Relieve7,,,,,,0.0,,,,,,,,,6835,0.95,0.0,0.0
2026-07-17T14:18:00.766025,Raspberry_Relieve7,,,,,,0.0,,,,,,,,,6836,1.02,0.0,0.0
2026-07-17T14:18:01.766182,Raspberry_Relieve7,,,,,,0.0,,,,,,,,,6837,0.92,0.0,0.0
2026-07-17T14:18:02.766283,Raspberry_Relieve7,,,,,,0.0,,,,,,,,,6838,1.18,0.0,0.0
2026-07-17T14:18:03.766389,Raspberry_Relieve7,,,,,,0.0,,,,,,,,,6839,0.88,0.0,0.0
2026-07-17T14:18:04.766487,Raspberry_Relieve7,,,,,,0.0,,,,,,,,,6840,1.01,0.0,0.0
2026-07-17T14:18:05.766647,Raspberry_Relieve7,,,,,,0.0,,,,,,,,,6841,0.92,0.0,0.0
2026-07-17T14:18:06.766781,Raspberry_Relieve7,,,,,,0.0,,,,,,,,,6842,1.1,0.0,0.0
2026-07-17T14:18:07.766920,Raspberry_Relieve7,,,,,,0.0,,,,,,,,,6843,0.95,0.0,0.0
2026-07-17T14:18:08.767051,Raspberry_Relieve7,,,,,,0.0,,,,,,,,,6844,1.02,0.0,0.0
2026-07-17T14:18:09.767186,Raspberry_Relieve7,,,,,,0.0,,,,,,,,,6845,0.92,0.0,0.0
2026-07-17T14:18:10.767314,Raspberry_Relieve7,,,,,,0.0,,,,,,,,,6846,1.04,0.0,0.0
2026-07-17T14:18:11.767453,Raspberry_Relieve7,,,,,,0.0,,,,,,,,,6847,1.04,0.0,0.0
2026-07-17T14:18:12.767574,Raspberry_Relieve7,,,,,,0.0,,,,,,,,,6848,1.05,0.0,0.0
2026-07-17T14:18:13.767682,Raspberry_Relieve7,,,,,,0.0,,,,,,,,,6849,1.04,0.0,0.0
2026-07-17T14:18:14.767802,Raspberry_Relieve7,,,,,,0.0,,,,,,,,,6850,0.81,0.0,0.0
2026-07-17T14:18:15.767939,Raspberry_Relieve7,,,,,,0.0,,,,,,,,,6851,1.19,0.0,0.0
2026-07-17T14:18:16.768078,Raspberry_Relieve7,,,,,,0.0,,,,,,,,,6852,0.86,0.0,0.0
2026-07-17T14:18:17.768178,Raspberry_Relieve7,,,,,,0.0,,,,,,,,,6853,0.97,0.0,0.0
2026-07-17T14:18:18.768313,Raspberry_Relieve7,,,,,,0.0,,,,,,,,,6854,1.05,0.0,0.0
2026-07-17T14:18:19.768463,Raspberry_Relieve7,,,,,,0.0,,,,,,,,,6855,0.98,0.0,0.0
2026-07-17T14:18:20.768560,Raspberry_Relieve7,,,,,,0.0,,,,,,,,,6856,1.11,0.0,0.0
2026-07-17T14:18:21.768681,Raspberry_Relieve7,,,,,,0.0,,,,,,,,,6857,0.86,0.0,0.0
2026-07-17T14:18:22.768779,Raspberry_Relieve7,,,,,,0.0,,,,,,,,,6858,1.1,0.0,0.0
2026-07-17T14:18:23.768876,Raspberry_Relieve7,,,,,,0.0,,,,,,,,,6859,1.02,0.0,0.0
2026-07-17T14:18:24.768960,Raspberry_Relieve7,,,,,,0.0,,,,,,,,,6860,0.93,0.0,0.0
2026-07-17T14:18:25.769059,Raspberry_Relieve7,,,,,,0.0,,,,,,,,,6861,0.93,0.0,0.0
2026-07-17T14:18:26.769132,Raspberry_Relieve7,,,,,,0.0,,,,,,,,,6862,0.98,0.0,0.0
2026-07-17T14:18:27.769241,Raspberry_Relieve7,,,,,,0.0,,,,,,,,,6863,1.02,0.0,0.0
2026-07-17T14:18:28.769322,Raspberry_Relieve7,,,,,,0.0,,,,,,,,,6864,1.0,0.0,0.0
2026-07-17T14:18:29.769476,Raspberry_Relieve7,,,,,,0.0,,,,,,,,,6865,1.06,0.0,0.0
2026-07-17T14:18:30.769542,Raspberry_Relieve7,,,,,,0.0,,,,,,,,,6866,1.04,0.0,0.0
2026-07-17T14:18:31.769693,Raspberry_Relieve7,,,,,,0.0,,,,,,,,,6867,1.04,0.0,0.0
2026-07-17T14:18:32.769748,Raspberry_Relieve7,,,,,,0.0,,,,,,,,,6868,0.99,0.0,0.0
2026-07-17T14:18:33.769900,Raspberry_Relieve7,,,,,,0.0,,,,,,,,,6869,0.95,0.0,0.0
2026-07-17T14:18:34.770154,Raspberry_Relieve7,,,,,,0.0,,,,,,,,,6870,1.02,0.0,0.0
2026-07-17T14:18:35.770543,Raspberry_Relieve7,,,,,,0.0,,,,,,,,,6871,1.02,0.0,0.0
2026-07-17T14:18:36.770649,Raspberry_Relieve7,,,,,,0.0,,,,,,,,,6872,0.92,0.0,0.0
2026-07-17T14:18:37.770733,Raspberry_Relieve7,,,,,,0.0,,,,,,,,,6873,1.02,0.0,0.0
2026-07-17T14:18:38.770851,Raspberry_Relieve7,,,,,,0.0,,,,,,,,,6874,1.06,0.0,0.0
2026-07-17T14:18:39.770952,Raspberry_Relieve7,,,,,,0.0,,,,,,,,,6875,0.99,0.0,0.0
2026-07-17T14:18:40.771082,Raspberry_Relieve7,,,,,,0.0,,,,,,,,,6876,1.02,0.0,0.0
2026-07-17T14:18:41.771199,Raspberry_Relieve7,,,,,,0.0,,,,,,,,,6877,1.02,0.0,0.0
2026-07-17T14:18:42.771263,Raspberry_Relieve7,,,,,,0.0,,,,,,,,,6878,0.83,0.0,0.0
2026-07-17T14:18:43.771377,Raspberry_Relieve7,,,,,,0.0,,,,,,,,,6879,1.02,0.0,0.0
2026-07-17T14:18:44.771459,Raspberry_Relieve7,,,,,,0.0,,,,,,,,,6880,1.04,0.0,0.0
2026-07-17T14:18:45.771627,Raspberry_Relieve7,,,,,,0.0,,,,,,,,,6881,1.05,0.0,0.0
2026-07-17T14:18:46.771737,Raspberry_Relieve7,,,,,,0.0,,,,,,,,,6882,1.04,0.0,0.0
2026-07-17T14:18:47.771960,Raspberry_Relieve7,,,,,,0.0,,,,,,,,,6883,0.9,0.0,0.0
2026-07-17T14:18:48.772131,Raspberry_Relieve7,,,,,,0.0,,,,,,,,,6884,1.02,0.0,0.0
2026-07-17T14:18:49.772271,Raspberry_Relieve7,,,,,,0.0,,,,,,,,,6885,1.04,0.0,0.0
2026-07-17T14:18:50.772371,Raspberry_Relieve7,,,,,,0.0,,,,,,,,,6886,0.98,0.0,0.0
2026-07-17T14:18:51.772519,Raspberry_Relieve7,,,,,,0.0,,,,,,,,,6887,1.02,0.0,0.0
2026-07-17T14:18:52.772612,Raspberry_Relieve7,,,,,,0.0,,,,,,,,,6888,1.01,0.0,0.0
2026-07-17T14:18:53.772709,Raspberry_Relieve7,,,,,,0.0,,,,,,,,,6889,0.93,0.0,0.0
2026-07-17T14:18:54.772790,Raspberry_Relieve7,,,,,,0.0,,,,,,,,,6890,1.02,0.0,0.0
2026-07-17T14:18:55.772926,Raspberry_Relieve7,,,,,,0.0,,,,,,,,,6891,1.11,0.0,0.0
2026-07-17T14:18:56.773051,Raspberry_Relieve7,,,,,,0.0,,,,,,,,,6892,1.05,0.0,0.0
2026-07-17T14:18:57.773166,Raspberry_Relieve7,,,,,,0.0,,,,,,,,,6893,0.82,0.0,0.0
2026-07-17T14:18:58.773290,Raspberry_Relieve7,,,,,,0.0,,,,,,,,,6894,1.22,0.0,0.0
2026-07-17T14:18:59.773359,Raspberry_Relieve7,,,,,,0.0,,,,,,,,,6895,0.75,0.0,0.0
2026-07-17T14:19:00.773460,Raspberry_Relieve7,,,,,,0.0,,,,,,,,,6896,1.08,0.0,0.0
2026-07-17T14:19:01.773637,Raspberry_Relieve7,,,,,,0.0,,,,,,,,,6897,1.14,0.0,0.0
2026-07-17T14:19:02.773723,Raspberry_Relieve7,,,,,,0.0,,,,,,,,,6898,0.88,0.0,0.0
2026-07-17T14:19:03.773896,Raspberry_Relieve7,,,,,,0.0,,,,,,,,,6899,0.99,0.0,0.0
2026-07-17T14:19:04.774010,Raspberry_Relieve7,,,,,,0.0,,,,,,,,,6900,1.01,0.0,0.0
2026-07-17T14:19:05.774160,Raspberry_Relieve7,,,,,,0.0,,,,,,,,,6901,1.09,0.0,0.0
2026-07-17T14:19:06.774200,Raspberry_Relieve7,,,,,,0.0,,,,,,,,,6902,0.96,0.0,0.0
2026-07-17T14:19:07.774295,Raspberry_Relieve7,,,,,,0.0,,,,,,,,,6903,1.02,0.0,0.0
2026-07-17T14:19:08.774441,Raspberry_Relieve7,,,,,,0.0,,,,,,,,,6904,0.88,0.0,0.0
2026-07-17T14:19:09.774529,Raspberry_Relieve7,,,,,,0.0,,,,,,,,,6905,1.04,0.0,0.0
2026-07-17T14:19:10.774663,Raspberry_Relieve7,,,,,,0.0,,,,,,,,,6906,1.0,0.0,0.0
2026-07-17T14:19:11.774806,Raspberry_Relieve7,,,,,,0.0,,,,,,,,,6907,1.1,0.0,0.0
2026-07-17T14:19:12.774994,Raspberry_Relieve7,,,,,,0.0,,,,,,,,,6908,0.9,0.0,0.0
2026-07-17T14:19:13.775116,Raspberry_Relieve7,,,,,,0.0,,,,,,,,,6909,1.0,0.0,0.0
2026-07-17T14:19:14.775229,Raspberry_Relieve7,,,,,,0.0,,,,,,,,,6910,1.02,0.0,0.0
2026-07-17T14:19:15.775330,Raspberry_Relieve7,,,,,,0.0,,,,,,,,,6911,1.18,0.0,0.0
2026-07-17T14:19:16.775401,Raspberry_Relieve7,,,,,,0.0,,,,,,,,,6912,0.7,0.0,0.0
2026-07-17T14:19:17.775541,Raspberry_Relieve7,,,,,,0.0,,,,,,,,,6913,1.26,0.0,0.0
2026-07-17T14:19:18.775657,Raspberry_Relieve7,,,,,,0.0,,,,,,,,,6914,0.8,0.0,0.0
2026-07-17T14:19:19.775804,Raspberry_Relieve7,,,,,,0.0,,,,,,,,,6915,0.96,0.0,0.0
2026-07-17T14:19:20.775856,Raspberry_Relieve7,,,,,,0.0,,,,,,,,,6916,1.04,0.0,0.0
2026-07-17T14:19:21.775961,Raspberry_Relieve7,,,,,,0.0,,,,,,,,,6917,1.04,0.0,0.0
2026-07-17T14:19:22.776033,Raspberry_Relieve7,,,,,,0.0,,,,,,,,,6918,1.03,0.0,0.0
2026-07-17T14:19:23.776143,Raspberry_Relieve7,,,,,,0.0,,,,,,,,,6919,0.93,0.0,0.0
2026-07-17T14:19:24.776220,Raspberry_Relieve7,,,,,,0.0,,,,,,,,,6920,1.02,0.0,0.0
2026-07-17T14:19:25.776332,Raspberry_Relieve7,,,,,,0.0,,,,,,,,,6921,1.02,0.0,0.0
2026-07-17T14:19:26.776408,Raspberry_Relieve7,,,,,,0.0,,,,,,,,,6922,1.02,0.0,0.0
2026-07-17T14:19:27.776502,Raspberry_Relieve7,,,,,,0.0,,,,,,,,,6923,0.93,0.0,0.0
2026-07-17T14:19:28.776729,Raspberry_Relieve7,,,,,,0.0,,,,,,,,,6924,1.1,0.0,0.0
2026-07-17T14:19:29.776977,Raspberry_Relieve7,,,,,,0.0,,,,,,,,,6925,0.94,0.0,0.0
2026-07-17T14:19:30.777166,Raspberry_Relieve7,,,,,,0.0,,,,,,,,,6926,1.03,0.0,0.0
2026-07-17T14:19:31.777288,Raspberry_Relieve7,,,,,,0.0,,,,,,,,,6927,0.9,0.0,0.0
2026-07-17T14:19:32.777385,Raspberry_Relieve7,,,,,,0.0,,,,,,,,,6928,1.03,0.0,0.0
2026-07-17T14:19:33.777475,Raspberry_Relieve7,,,,,,0.0,,,,,,,,,6929,1.0,0.0,0.0
2026-07-17T14:19:34.777549,Raspberry_Relieve7,,,,,,0.0,,,,,,,,,6930,1.17,0.0,0.0
2026-07-17T14:19:35.777665,Raspberry_Relieve7,,,,,,0.0,,,,,,,,,6931,0.79,0.0,0.0
2026-07-17T14:19:36.777784,Raspberry_Relieve7,,,,,,0.0,,,,,,,,,6932,1.06,0.0,0.0
2026-07-17T14:19:37.777937,Raspberry_Relieve7,,,,,,0.0,,,,,,,,,6933,1.04,0.0,0.0
2026-07-17T14:19:38.778099,Raspberry_Relieve7,,,,,,0.0,,,,,,,,,6934,0.99,0.0,0.0
2026-07-17T14:19:39.778217,Raspberry_Relieve7,,,,,,0.0,,,,,,,,,6935,1.02,0.0,0.0
2026-07-17T14:19:40.778324,Raspberry_Relieve7,,,,,,0.0,,,,,,,,,6936,1.02,0.0,0.0
2026-07-17T14:19:41.778470,Raspberry_Relieve7,,,,,,0.0,,,,,,,,,6937,0.92,0.0,0.0
2026-07-17T14:19:42.778572,Raspberry_Relieve7,,,,,,0.0,,,,,,,,,6938,1.23,0.0,0.0
2026-07-17T14:19:43.778698,Raspberry_Relieve7,,,,,,0.0,,,,,,,,,6939,0.82,0.0,0.0
2026-07-17T14:19:44.778772,Raspberry_Relieve7,,,,,,0.0,,,,,,,,,6940,1.02,0.0,0.0
2026-07-17T14:19:45.778866,Raspberry_Relieve7,,,,,,0.0,,,,,,,,,6941,0.95,0.0,0.0
2026-07-17T14:19:46.778947,Raspberry_Relieve7,,,,,,0.0,,,,,,,,,6942,1.0,0.0,0.0
2026-07-17T14:19:47.779129,Raspberry_Relieve7,,,,,,0.0,,,,,,,,,6943,1.01,0.0,0.0
2026-07-17T14:19:48.779221,Raspberry_Relieve7,,,,,,0.0,,,,,,,,,6944,0.95,0.0,0.0
2026-07-17T14:19:49.779471,Raspberry_Relieve7,,,,,,0.0,,,,,,,,,6945,1.12,0.0,0.0
2026-07-17T14:19:50.779668,Raspberry_Relieve7,,,,,,0.0,,,,,,,,,6946,0.88,0.0,0.0
2026-07-17T14:19:51.779809,Raspberry_Relieve7,,,,,,0.0,,,,,,,,,6947,1.16,0.0,0.0
2026-07-17T14:19:52.779898,Raspberry_Relieve7,,,,,,0.0,,,,,,,,,6948,0.92,0.0,0.0
2026-07-17T14:19:53.780011,Raspberry_Relieve7,,,,,,0.0,,,,,,,,,6949,0.92,0.0,0.0
2026-07-17T14:19:54.780128,Raspberry_Relieve7,,,,,,0.0,,,,,,,,,6950,1.08,0.0,0.0
2026-07-17T14:19:55.780247,Raspberry_Relieve7,,,,,,0.0,,,,,,,,,6951,0.88,0.0,0.0
2026-07-17T14:19:56.780410,Raspberry_Relieve7,,,,,,0.0,,,,,,,,,6952,1.05,0.0,0.0
2026-07-17T14:19:57.780489,Raspberry_Relieve7,,,,,,0.0,,,,,,,,,6953,0.96,0.0,0.0
2026-07-17T14:19:58.780606,Raspberry_Relieve7,,,,,,0.0,,,,,,,,,6954,1.03,0.0,0.0
2026-07-17T14:19:59.780758,Raspberry_Relieve7,,,,,,0.0,,,,,,,,,6955,1.04,0.0,0.0
2026-07-17T14:20:00.780858,Raspberry_Relieve7,,,,,,0.0,,,,,,,,,6956,0.96,0.0,0.0
2026-07-17T14:20:01.781014,Raspberry_Relieve7,,,,,,0.0,,,,,,,,,6957,0.99,0.0,0.0
2026-07-17T14:20:02.781104,Raspberry_Relieve7,,,,,,0.0,,,,,,,,,6958,1.04,0.0,0.0
2026-07-17T14:20:03.781246,Raspberry_Relieve7,,,,,,0.0,,,,,,,,,6959,0.94,0.0,0.0
2026-07-17T14:20:04.781307,Raspberry_Relieve7,,,,,,0.0,,,,,,,,,6960,1.04,0.0,0.0
2026-07-17T14:20:05.781422,Raspberry_Relieve7,,,,,,0.0,,,,,,,,,6961,1.0,0.0,0.0
2026-07-17T14:20:06.781503,Raspberry_Relieve7,,,,,,0.0,,,,,,,,,6962,1.0,0.0,0.0
2026-07-17T14:20:07.781608,Raspberry_Relieve7,,,,,,0.0,,,,,,,,,6963,0.97,0.0,0.0
2026-07-17T14:20:08.781683,Raspberry_Relieve7,,,,,,0.0,,,,,,,,,6964,1.03,0.0,0.0
2026-07-17T14:20:09.781795,Raspberry_Relieve7,,,,,,0.0,,,,,,,,,6965,1.05,0.0,0.0
2026-07-17T14:20:10.781870,Raspberry_Relieve7,,,,,,0.0,,,,,,,,,6966,1.04,0.0,0.0
2026-07-17T14:20:11.781956,Raspberry_Relieve7,,,,,,0.0,,,,,,,,,6967,0.92,0.0,0.0
2026-07-17T14:20:12.782094,Raspberry_Relieve7,,,,,,0.0,,,,,,,,,6968,1.01,0.0,0.0
2026-07-17T14:20:13.782245,Raspberry_Relieve7,,,,,,0.0,,,,,,,,,6969,1.03,0.0,0.0
2026-07-17T14:20:14.782451,Raspberry_Relieve7,,,,,,0.0,,,,,,,,,6970,1.03,0.0,0.0
2026-07-17T14:20:15.782647,Raspberry_Relieve7,,,,,,0.0,,,,,,,,,6971,1.03,0.0,0.0
2026-07-17T14:20:16.782780,Raspberry_Relieve7,,,,,,0.0,,,,,,,,,6972,0.92,0.0,0.0
2026-07-17T14:20:17.782868,Raspberry_Relieve7,,,,,,0.0,,,,,,,,,6973,1.0,0.0,0.0
2026-07-17T14:20:18.782987,Raspberry_Relieve7,,,,,,0.0,,,,,,,,,6974,1.15,0.0,0.0
2026-07-17T14:20:19.783098,Raspberry_Relieve7,,,,,,0.0,,,,,,,,,6975,0.76,0.0,0.0
2026-07-17T14:20:20.783180,Raspberry_Relieve7,,,,,,0.0,,,,,,,,,6976,1.05,0.0,0.0
2026-07-17T14:20:21.783343,Raspberry_Relieve7,,,,,,0.0,,,,,,,,,6977,1.16,0.0,0.0
2026-07-17T14:20:22.783430,Raspberry_Relieve7,,,,,,0.0,,,,,,,,,6978,0.89,0.0,0.0
2026-07-17T14:20:23.783588,Raspberry_Relieve7,,,,,,0.0,,,,,,,,,6979,1.05,0.0,0.0
2026-07-17T14:20:24.783682,Raspberry_Relieve7,,,,,,0.0,,,,,,,,,6980,0.91,0.0,0.0
2026-07-17T14:20:25.783838,Raspberry_Relieve7,,,,,,0.0,,,,,,,,,6981,1.03,0.0,0.0
2026-07-17T14:20:26.783894,Raspberry_Relieve7,,,,,,0.0,,,,,,,,,6982,1.03,0.0,0.0
2026-07-17T14:20:27.784065,Raspberry_Relieve7,,,,,,0.0,,,,,,,,,6983,0.89,0.0,0.0
2026-07-17T14:20:28.784163,Raspberry_Relieve7,,,,,,0.0,,,,,,,,,6984,1.04,0.0,0.0
2026-07-17T14:20:29.784264,Raspberry_Relieve7,,,,,,0.0,,,,,,,,,6985,1.04,0.0,0.0
2026-07-17T14:20:30.784387,Raspberry_Relieve7,,,,,,0.0,,,,,,,,,6986,1.03,0.0,0.0
2026-07-17T14:20:31.784549,Raspberry_Relieve7,,,,,,0.0,,,,,,,,,6987,1.03,0.0,0.0
2026-07-17T14:20:32.784656,Raspberry_Relieve7,,,,,,0.0,,,,,,,,,6988,1.11,0.0,0.0
2026-07-17T14:20:33.784776,Raspberry_Relieve7,,,,,,0.0,,,,,,,,,6989,0.84,0.0,0.0
2026-07-17T14:20:34.784903,Raspberry_Relieve7,,,,,,0.0,,,,,,,,,6990,0.99,0.0,0.0
2026-07-17T14:20:35.785054,Raspberry_Relieve7,,,,,,0.0,,,,,,,,,6991,1.03,0.0,0.0
2026-07-17T14:20:36.785144,Raspberry_Relieve7,,,,,,0.0,,,,,,,,,6992,1.1,0.0,0.0
2026-07-17T14:20:37.785250,Raspberry_Relieve7,,,,,,0.0,,,,,,,,,6993,0.8,0.0,0.0
2026-07-17T14:20:38.785382,Raspberry_Relieve7,,,,,,0.0,,,,,,,,,6994,1.04,0.0,0.0
2026-07-17T14:20:39.785522,Raspberry_Relieve7,,,,,,0.0,,,,,,,,,6995,1.03,0.0,0.0
2026-07-17T14:20:40.785577,Raspberry_Relieve7,,,,,,0.0,,,,,,,,,6996,1.12,0.0,0.0
2026-07-17T14:20:41.785661,Raspberry_Relieve7,,,,,,0.0,,,,,,,,,6997,0.9,0.0,0.0
2026-07-17T14:20:42.785793,Raspberry_Relieve7,,,,,,0.0,,,,,,,,,6998,0.99,0.0,0.0
2026-07-17T14:20:43.785943,Raspberry_Relieve7,,,,,,0.0,,,,,,,,,6999,1.01,0.0,0.0
2026-07-17T14:20:44.786045,Raspberry_Relieve7,,,,,,0.0,,,,,,,,,7000,0.95,0.0,0.0
2026-07-17T14:20:45.786191,Raspberry_Relieve7,,,,,,0.0,,,,,,,,,7001,1.12,0.0,0.0
2026-07-17T14:20:46.786239,Raspberry_Relieve7,,,,,,0.0,,,,,,,,,7002,0.86,0.0,0.0
2026-07-17T14:20:47.786402,Raspberry_Relieve7,,,,,,0.0,,,,,,,,,7003,1.05,0.0,0.0
2026-07-17T14:20:48.786497,Raspberry_Relieve7,,,,,,0.0,,,,,,,,,7004,1.04,0.0,0.0
2026-07-17T14:20:49.786625,Raspberry_Relieve7,,,,,,0.0,,,,,,,,,7005,1.0,0.0,0.0
2026-07-17T14:20:50.786729,Raspberry_Relieve7,,,,,,0.0,,,,,,,,,7006,1.05,0.0,0.0
2026-07-17T14:20:51.786847,Raspberry_Relieve7,,,,,,0.0,,,,,,,,,7007,0.92,0.0,0.0
2026-07-17T14:20:52.786966,Raspberry_Relieve7,,,,,,0.0,,,,,,,,,7008,1.02,0.0,0.0
2026-07-17T14:20:53.787118,Raspberry_Relieve7,,,,,,0.0,,,,,,,,,7009,1.03,0.0,0.0
2026-07-17T14:20:54.787167,Raspberry_Relieve7,,,,,,0.0,,,,,,,,,7010,0.89,0.0,0.0
2026-07-17T14:20:55.787327,Raspberry_Relieve7,,,,,,0.0,,,,,,,,,7011,1.04,0.0,0.0
2026-07-17T14:20:56.787423,Raspberry_Relieve7,,,,,,0.0,,,,,,,,,7012,0.97,0.0,0.0
2026-07-17T14:20:57.787534,Raspberry_Relieve7,,,,,,0.0,,,,,,,,,7013,1.04,0.0,0.0
2026-07-17T14:20:58.787606,Raspberry_Relieve7,,,,,,0.0,,,,,,,,,7014,0.98,0.0,0.0
2026-07-17T14:20:59.787707,Raspberry_Relieve7,,,,,,0.0,,,,,,,,,7015,1.01,0.0,0.0
2026-07-17T14:21:00.787829,Raspberry_Relieve7,,,,,,0.0,,,,,,,,,7016,0.97,0.0,0.0
2026-07-17T14:21:01.787974,Raspberry_Relieve7,,,,,,0.0,,,,,,,,,7017,1.05,0.0,0.0
2026-07-17T14:21:02.788066,Raspberry_Relieve7,,,,,,0.0,,,,,,,,,7018,1.09,0.0,0.0
2026-07-17T14:21:03.788190,Raspberry_Relieve7,,,,,,0.0,,,,,,,,,7019,0.88,0.0,0.0
2026-07-17T14:21:04.788309,Raspberry_Relieve7,,,,,,0.0,,,,,,,,,7020,1.02,0.0,0.0
2026-07-17T14:21:05.788413,Raspberry_Relieve7,,,,,,0.0,,,,,,,,,7021,1.02,0.0,0.0
2026-07-17T14:21:06.788487,Raspberry_Relieve7,,,,,,0.0,,,,,,,,,7022,0.92,0.0,0.0
2026-07-17T14:21:07.788597,Raspberry_Relieve7,,,,,,0.0,,,,,,,,,7023,1.02,0.0,0.0
2026-07-17T14:21:08.788739,Raspberry_Relieve7,,,,,,0.0,,,,,,,,,7024,1.02,0.0,0.0
2026-07-17T14:21:09.788872,Raspberry_Relieve7,,,,,,0.0,,,,,,,,,7025,1.02,0.0,0.0
2026-07-17T14:21:10.789116,Raspberry_Relieve7,,,,,,0.0,,,,,,,,,7026,0.92,0.0,0.0
2026-07-17T14:21:11.789328,Raspberry_Relieve7,,,,,,0.0,,,,,,,,,7027,1.04,0.0,0.0
2026-07-17T14:21:12.789454,Raspberry_Relieve7,,,,,,0.0,,,,,,,,,7028,1.04,0.0,0.0
2026-07-17T14:21:13.789606,Raspberry_Relieve7,,,,,,0.0,,,,,,,,,7029,0.95,0.0,0.0
2026-07-17T14:21:14.789710,Raspberry_Relieve7,,,,,,0.0,,,,,,,,,7030,1.03,0.0,0.0
2026-07-17T14:21:15.789875,Raspberry_Relieve7,,,,,,0.0,,,,,,,,,7031,1.04,0.0,0.0
2026-07-17T14:21:16.789964,Raspberry_Relieve7,,,,,,0.0,,,,,,,,,7032,0.94,0.0,0.0
2026-07-17T14:21:17.790088,Raspberry_Relieve7,,,,,,0.0,,,,,,,,,7033,1.02,0.0,0.0
2026-07-17T14:21:18.790207,Raspberry_Relieve7,,,,,,0.0,,,,,,,,,7034,1.02,0.0,0.0
2026-07-17T14:21:19.790331,Raspberry_Relieve7,,,,,,0.0,,,,,,,,,7035,1.11,0.0,0.0
2026-07-17T14:21:20.790432,Raspberry_Relieve7,,,,,,0.0,,,,,,,,,7036,0.84,0.0,0.0
2026-07-17T14:21:21.790580,Raspberry_Relieve7,,,,,,0.0,,,,,,,,,7037,1.11,0.0,0.0
2026-07-17T14:21:22.790667,Raspberry_Relieve7,,,,,,0.0,,,,,,,,,7038,1.04,0.0,0.0
2026-07-17T14:21:23.790797,Raspberry_Relieve7,,,,,,0.0,,,,,,,,,7039,0.92,0.0,0.0
2026-07-17T14:21:24.790918,Raspberry_Relieve7,,,,,,0.0,,,,,,,,,7040,0.9,0.0,0.0
2026-07-17T14:21:25.791028,Raspberry_Relieve7,,,,,,0.0,,,,,,,,,7041,1.0,0.0,0.0
2026-07-17T14:21:26.791142,Raspberry_Relieve7,,,,,,0.0,,,,,,,,,7042,1.0,0.0,0.0
2026-07-17T14:21:27.791210,Raspberry_Relieve7,,,,,,0.0,,,,,,,,,7043,1.0,0.0,0.0
2026-07-17T14:21:28.791355,Raspberry_Relieve7,,,,,,0.0,,,,,,,,,7044,0.99,0.0,0.0
2026-07-17T14:21:29.791501,Raspberry_Relieve7,,,,,,0.0,,,,,,,,,7045,1.13,0.0,0.0
2026-07-17T14:21:30.791543,Raspberry_Relieve7,,,,,,0.0,,,,,,,,,7046,0.88,0.0,0.0
2026-07-17T14:21:31.791646,Raspberry_Relieve7,,,,,,0.0,,,,,,,,,7047,1.03,0.0,0.0
2026-07-17T14:21:32.791770,Raspberry_Relieve7,,,,,,0.0,,,,,,,,,7048,1.04,0.0,0.0
2026-07-17T14:21:33.791916,Raspberry_Relieve7,,,,,,0.0,,,,,,,,,7049,0.97,0.0,0.0
2026-07-17T14:21:34.792012,Raspberry_Relieve7,,,,,,0.0,,,,,,,,,7050,1.04,0.0,0.0
2026-07-17T14:21:35.792112,Raspberry_Relieve7,,,,,,0.0,,,,,,,,,7051,0.95,0.0,0.0
2026-07-17T14:21:36.792238,Raspberry_Relieve7,,,,,,0.0,,,,,,,,,7052,1.05,0.0,0.0
2026-07-17T14:21:37.792357,Raspberry_Relieve7,,,,,,0.0,,,,,,,,,7053,1.05,0.0,0.0
2026-07-17T14:21:38.792465,Raspberry_Relieve7,,,,,,0.0,,,,,,,,,7054,0.92,0.0,0.0
2026-07-17T14:21:39.792551,Raspberry_Relieve7,,,,,,0.0,,,,,,,,,7055,1.02,0.0,0.0
2026-07-17T14:21:40.792617,Raspberry_Relieve7,,,,,,0.0,,,,,,,,,7056,1.02,0.0,0.0
2026-07-17T14:21:41.792707,Raspberry_Relieve7,,,,,,0.0,,,,,,,,,7057,0.94,0.0,0.0
2026-07-17T14:21:42.792783,Raspberry_Relieve7,,,,,,0.0,,,,,,,,,7058,1.03,0.0,0.0
2026-07-17T14:21:43.792929,Raspberry_Relieve7,,,,,,0.0,,,,,,,,,7059,1.01,0.0,0.0
2026-07-17T14:21:44.793021,Raspberry_Relieve7,,,,,,0.0,,,,,,,,,7060,1.08,0.0,0.0
2026-07-17T14:21:45.793135,Raspberry_Relieve7,,,,,,0.0,,,,,,,,,7061,0.88,0.0,0.0
2026-07-17T14:21:46.793357,Raspberry_Relieve7,,,,,,0.0,,,,,,,,,7062,1.04,0.0,0.0
2026-07-17T14:21:47.793561,Raspberry_Relieve7,,,,,,0.0,,,,,,,,,7063,0.97,0.0,0.0
2026-07-17T14:21:48.793658,Raspberry_Relieve7,,,,,,0.0,,,,,,,,,7064,1.02,0.0,0.0
2026-07-17T14:21:49.793802,Raspberry_Relieve7,,,,,,0.0,,,,,,,,,7065,1.16,0.0,0.0
2026-07-17T14:21:50.793885,Raspberry_Relieve7,,,,,,0.0,,,,,,,,,7066,0.82,0.0,0.0
2026-07-17T14:21:51.794053,Raspberry_Relieve7,,,,,,0.0,,,,,,,,,7067,1.11,0.0,0.0
2026-07-17T14:21:52.794141,Raspberry_Relieve7,,,,,,0.0,,,,,,,,,7068,0.95,0.0,0.0
2026-07-17T14:21:53.794265,Raspberry_Relieve7,,,,,,0.0,,,,,,,,,7069,1.08,0.0,0.0
2026-07-17T14:21:54.794372,Raspberry_Relieve7,,,,,,0.0,,,,,,,,,7070,0.86,0.0,0.0
2026-07-17T14:21:55.794535,Raspberry_Relieve7,,,,,,0.0,,,,,,,,,7071,1.09,0.0,0.0
2026-07-17T14:21:56.794581,Raspberry_Relieve7,,,,,,0.0,,,,,,,,,7072,0.96,0.0,0.0
2026-07-17T14:21:57.794726,Raspberry_Relieve7,,,,,,0.0,,,,,,,,,7073,1.03,0.0,0.0
2026-07-17T14:21:58.794781,Raspberry_Relieve7,,,,,,0.0,,,,,,,,,7074,0.93,0.0,0.0
2026-07-17T14:21:59.794894,Raspberry_Relieve7,,,,,,0.0,,,,,,,,,7075,1.11,0.0,0.0
2026-07-17T14:22:00.794968,Raspberry_Relieve7,,,,,,0.0,,,,,,,,,7076,0.89,0.0,0.0
2026-07-17T14:22:01.795118,Raspberry_Relieve7,,,,,,0.0,,,,,,,,,7077,0.95,0.0,0.0
2026-07-17T14:22:02.795164,Raspberry_Relieve7,,,,,,0.0,,,,,,,,,7078,1.02,0.0,0.0
2026-07-17T14:22:03.795273,Raspberry_Relieve7,,,,,,0.0,,,,,,,,,7079,1.02,0.0,0.0
2026-07-17T14:22:04.795626,Raspberry_Relieve7,,,,,,0.0,,,,,,,,,7080,1.02,0.0,0.0
2026-07-17T14:22:05.795937,Raspberry_Relieve7,,,,,,0.0,,,,,,,,,7081,1.04,0.0,0.0
2026-07-17T14:22:06.796159,Raspberry_Relieve7,,,,,,0.0,,,,,,,,,7082,1.11,0.0,0.0
2026-07-17T14:22:07.796179,Raspberry_Relieve7,,,,,,0.0,,,,,,,,,7083,0.94,0.0,0.0
2026-07-17T14:22:08.796295,Raspberry_Relieve7,,,,,,0.0,,,,,,,,,7084,0.82,0.0,0.0
2026-07-17T14:22:09.796467,Raspberry_Relieve7,,,,,,0.0,,,,,,,,,7085,1.11,0.0,0.0
2026-07-17T14:22:10.796580,Raspberry_Relieve7,,,,,,0.0,,,,,,,,,7086,0.94,0.0,0.0
2026-07-17T14:22:11.796724,Raspberry_Relieve7,,,,,,0.0,,,,,,,,,7087,1.08,0.0,0.0
2026-07-17T14:22:12.796776,Raspberry_Relieve7,,,,,,0.0,,,,,,,,,7088,1.03,0.0,0.0
2026-07-17T14:22:13.796956,Raspberry_Relieve7,,,,,,0.0,,,,,,,,,7089,0.93,0.0,0.0
2026-07-17T14:22:14.797022,Raspberry_Relieve7,,,,,,0.0,,,,,,,,,7090,1.06,0.0,0.0
2026-07-17T14:22:15.797162,Raspberry_Relieve7,,,,,,0.0,,,,,,,,,7091,0.98,0.0,0.0
2026-07-17T14:22:16.797286,Raspberry_Relieve7,,,,,,0.0,,,,,,,,,7092,1.15,0.0,0.0
2026-07-17T14:22:17.797477,Raspberry_Relieve7,,,,,,0.0,,,,,,,,,7093,0.85,0.0,0.0
2026-07-17T14:22:18.797661,Raspberry_Relieve7,,,,,,0.0,,,,,,,,,7094,0.88,0.0,0.0
2026-07-17T14:22:19.797785,Raspberry_Relieve7,,,,,,0.0,,,,,,,,,7095,1.2,0.0,0.0
2026-07-17T14:22:20.797870,Raspberry_Relieve7,,,,,,0.0,,,,,,,,,7096,0.89,0.0,0.0
2026-07-17T14:22:21.798019,Raspberry_Relieve7,,,,,,0.0,,,,,,,,,7097,1.1,0.0,0.0
2026-07-17T14:22:22.798107,Raspberry_Relieve7,,,,,,0.0,,,,,,,,,7098,0.94,0.0,0.0
2026-07-17T14:22:23.798222,Raspberry_Relieve7,,,,,,0.0,,,,,,,,,7099,1.02,0.0,0.0
2026-07-17T14:22:24.798338,Raspberry_Relieve7,,,,,,0.0,,,,,,,,,7100,1.15,0.0,0.0
2026-07-17T14:22:25.798448,Raspberry_Relieve7,,,,,,0.0,,,,,,,,,7101,0.9,0.0,0.0
2026-07-17T14:22:26.798560,Raspberry_Relieve7,,,,,,0.0,,,,,,,,,7102,1.13,0.0,0.0
2026-07-17T14:22:27.798681,Raspberry_Relieve7,,,,,,0.0,,,,,,,,,7103,0.71,0.0,0.0
2026-07-17T14:22:28.798823,Raspberry_Relieve7,,,,,,0.0,,,,,,,,,7104,1.24,0.0,0.0
2026-07-17T14:22:29.798937,Raspberry_Relieve7,,,,,,0.0,,,,,,,,,7105,0.81,0.0,0.0
2026-07-17T14:22:30.799054,Raspberry_Relieve7,,,,,,0.0,,,,,,,,,7106,1.01,0.0,0.0
2026-07-17T14:22:31.799194,Raspberry_Relieve7,,,,,,0.0,,,,,,,,,7107,1.04,0.0,0.0
2026-07-17T14:22:32.799284,Raspberry_Relieve7,,,,,,0.0,,,,,,,,,7108,0.92,0.0,0.0
2026-07-17T14:22:33.799437,Raspberry_Relieve7,,,,,,0.0,,,,,,,,,7109,1.02,0.0,0.0
2026-07-17T14:22:34.799524,Raspberry_Relieve7,,,,,,0.0,,,,,,,,,7110,0.99,0.0,0.0
2026-07-17T14:22:35.799670,Raspberry_Relieve7,,,,,,0.0,,,,,,,,,7111,1.01,0.0,0.0
2026-07-17T14:22:36.799759,Raspberry_Relieve7,,,,,,0.0,,,,,,,,,7112,0.97,0.0,0.0
2026-07-17T14:22:37.799884,Raspberry_Relieve7,,,,,,0.0,,,,,,,,,7113,1.03,0.0,0.0
2026-07-17T14:22:38.800003,Raspberry_Relieve7,,,,,,0.0,,,,,,,,,7114,1.03,0.0,0.0
2026-07-17T14:22:39.800077,Raspberry_Relieve7,,,,,,0.0,,,,,,,,,7115,1.0,0.0,0.0
2026-07-17T14:22:40.800221,Raspberry_Relieve7,,,,,,0.0,,,,,,,,,7116,1.02,0.0,0.0
2026-07-17T14:22:41.800333,Raspberry_Relieve7,,,,,,0.0,,,,,,,,,7117,0.95,0.0,0.0
2026-07-17T14:22:42.800448,Raspberry_Relieve7,,,,,,0.0,,,,,,,,,7118,1.02,0.0,0.0
2026-07-17T14:22:43.800595,Raspberry_Relieve7,,,,,,0.0,,,,,,,,,7119,1.01,0.0,0.0
2026-07-17T14:22:44.800686,Raspberry_Relieve7,,,,,,0.0,,,,,,,,,7120,1.11,0.0,0.0
2026-07-17T14:22:45.800762,Raspberry_Relieve7,,,,,,0.0,,,,,,,,,7121,0.94,0.0,0.0
2026-07-17T14:22:46.800880,Raspberry_Relieve7,,,,,,0.0,,,,,,,,,7122,0.86,0.0,0.0
2026-07-17T14:22:47.801026,Raspberry_Relieve7,,,,,,0.0,,,,,,,,,7123,1.07,0.0,0.0
2026-07-17T14:22:48.801123,Raspberry_Relieve7,,,,,,0.0,,,,,,,,,7124,0.94,0.0,0.0
2026-07-17T14:22:49.801257,Raspberry_Relieve7,,,,,,0.0,,,,,,,,,7125,1.11,0.0,0.0
2026-07-17T14:22:50.801347,Raspberry_Relieve7,,,,,,0.0,,,,,,,,,7126,0.89,0.0,0.0
2026-07-17T14:22:51.801483,Raspberry_Relieve7,,,,,,0.0,,,,,,,,,7127,1.08,0.0,0.0
2026-07-17T14:22:52.801588,Raspberry_Relieve7,,,,,,0.0,,,,,,,,,7128,0.96,0.0,0.0
2026-07-17T14:22:53.801733,Raspberry_Relieve7,,,,,,0.0,,,,,,,,,7129,0.99,0.0,0.0
2026-07-17T14:22:54.801835,Raspberry_Relieve7,,,,,,0.0,,,,,,,,,7130,1.0,0.0,0.0
2026-07-17T14:22:55.801978,Raspberry_Relieve7,,,,,,0.0,,,,,,,,,7131,1.02,0.0,0.0
2026-07-17T14:22:56.802080,Raspberry_Relieve7,,,,,,0.0,,,,,,,,,7132,0.93,0.0,0.0
2026-07-17T14:22:57.802191,Raspberry_Relieve7,,,,,,0.0,,,,,,,,,7133,1.22,0.0,0.0
2026-07-17T14:22:58.802300,Raspberry_Relieve7,,,,,,0.0,,,,,,,,,7134,0.81,0.0,0.0
2026-07-17T14:22:59.802453,Raspberry_Relieve7,,,,,,0.0,,,,,,,,,7135,1.02,0.0,0.0
2026-07-17T14:23:00.802532,Raspberry_Relieve7,,,,,,0.0,,,,,,,,,7136,0.96,0.0,0.0
2026-07-17T14:23:01.802675,Raspberry_Relieve7,,,,,,0.0,,,,,,,,,7137,1.2,0.0,0.0
2026-07-17T14:23:02.802757,Raspberry_Relieve7,,,,,,0.0,,,,,,,,,7138,0.81,0.0,0.0
2026-07-17T14:23:03.802856,Raspberry_Relieve7,,,,,,0.0,,,,,,,,,7139,1.01,0.0,0.0
2026-07-17T14:23:04.802983,Raspberry_Relieve7,,,,,,0.0,,,,,,,,,7140,1.03,0.0,0.0
2026-07-17T14:23:05.803144,Raspberry_Relieve7,,,,,,0.0,,,,,,,,,7141,1.02,0.0,0.0
2026-07-17T14:23:06.803238,Raspberry_Relieve7,,,,,,0.0,,,,,,,,,7142,0.91,0.0,0.0
2026-07-17T14:23:07.803379,Raspberry_Relieve7,,,,,,0.0,,,,,,,,,7143,1.04,0.0,0.0
2026-07-17T14:23:08.803485,Raspberry_Relieve7,,,,,,0.0,,,,,,,,,7144,1.01,0.0,0.0
2026-07-17T14:23:09.803629,Raspberry_Relieve7,,,,,,0.0,,,,,,,,,7145,1.07,0.0,0.0
2026-07-17T14:23:10.803719,Raspberry_Relieve7,,,,,,0.0,,,,,,,,,7146,0.91,0.0,0.0
2026-07-17T14:23:11.803861,Raspberry_Relieve7,,,,,,0.0,,,,,,,,,7147,1.06,0.0,0.0
2026-07-17T14:23:12.803969,Raspberry_Relieve7,,,,,,0.0,,,,,,,,,7148,0.96,0.0,0.0
2026-07-17T14:23:13.804108,Raspberry_Relieve7,,,,,,0.0,,,,,,,,,7149,1.03,0.0,0.0
2026-07-17T14:23:14.804225,Raspberry_Relieve7,,,,,,0.0,,,,,,,,,7150,1.04,0.0,0.0
2026-07-17T14:23:15.804334,Raspberry_Relieve7,,,,,,0.0,,,,,,,,,7151,1.02,0.0,0.0
2026-07-17T14:23:16.804404,Raspberry_Relieve7,,,,,,0.0,,,,,,,,,7152,0.89,0.0,0.0
2026-07-17T14:23:17.804547,Raspberry_Relieve7,,,,,,0.0,,,,,,,,,7153,1.06,0.0,0.0
2026-07-17T14:23:18.804674,Raspberry_Relieve7,,,,,,0.0,,,,,,,,,7154,1.0,0.0,0.0
2026-07-17T14:23:19.804818,Raspberry_Relieve7,,,,,,0.0,,,,,,,,,7155,0.96,0.0,0.0
2026-07-17T14:23:20.804865,Raspberry_Relieve7,,,,,,0.0,,,,,,,,,7156,1.07,0.0,0.0
2026-07-17T14:23:21.804995,Raspberry_Relieve7,,,,,,0.0,,,,,,,,,7157,0.89,0.0,0.0
2026-07-17T14:23:22.805119,Raspberry_Relieve7,,,,,,0.0,,,,,,,,,7158,1.02,0.0,0.0
2026-07-17T14:23:23.805213,Raspberry_Relieve7,,,,,,0.0,,,,,,,,,7159,0.98,0.0,0.0
2026-07-17T14:23:24.805285,Raspberry_Relieve7,,,,,,0.0,,,,,,,,,7160,0.99,0.0,0.0
2026-07-17T14:23:25.805387,Raspberry_Relieve7,,,,,,0.0,,,,,,,,,7161,1.29,0.0,0.0
2026-07-17T14:23:26.805452,Raspberry_Relieve7,,,,,,0.0,,,,,,,,,7162,0.72,0.0,0.0
2026-07-17T14:23:27.805624,Raspberry_Relieve7,,,,,,0.0,,,,,,,,,7163,1.04,0.0,0.0
2026-07-17T14:23:28.805874,Raspberry_Relieve7,,,,,,0.0,,,,,,,,,7164,1.05,0.0,0.0
2026-07-17T14:23:29.806041,Raspberry_Relieve7,,,,,,0.0,,,,,,,,,7165,0.98,0.0,0.0
2026-07-17T14:23:30.806138,Raspberry_Relieve7,,,,,,0.0,,,,,,,,,7166,1.03,0.0,0.0
2026-07-17T14:23:31.806259,Raspberry_Relieve7,,,,,,0.0,,,,,,,,,7167,1.02,0.0,0.0
2026-07-17T14:23:32.806365,Raspberry_Relieve7,,,,,,0.0,,,,,,,,,7168,0.89,0.0,0.0
2026-07-17T14:23:33.806502,Raspberry_Relieve7,,,,,,0.0,,,,,,,,,7169,1.04,0.0,0.0
2026-07-17T14:23:34.806597,Raspberry_Relieve7,,,,,,0.0,,,,,,,,,7170,1.03,0.0,0.0
2026-07-17T14:23:35.806681,Raspberry_Relieve7,,,,,,0.0,,,,,,,,,7171,1.02,0.0,0.0
2026-07-17T14:23:36.806763,Raspberry_Relieve7,,,,,,0.0,,,,,,,,,7172,0.93,0.0,0.0
2026-07-17T14:23:37.806897,Raspberry_Relieve7,,,,,,0.0,,,,,,,,,7173,1.02,0.0,0.0
2026-07-17T14:23:38.807002,Raspberry_Relieve7,,,,,,0.0,,,,,,,,,7174,1.04,0.0,0.0
2026-07-17T14:23:39.807112,Raspberry_Relieve7,,,,,,0.0,,,,,,,,,7175,0.95,0.0,0.0
2026-07-17T14:23:40.807221,Raspberry_Relieve7,,,,,,0.0,,,,,,,,,7176,0.95,0.0,0.0
2026-07-17T14:23:41.807352,Raspberry_Relieve7,,,,,,0.0,,,,,,,,,7177,1.09,0.0,0.0
2026-07-17T14:23:42.807439,Raspberry_Relieve7,,,,,,0.0,,,,,,,,,7178,0.99,0.0,0.0
2026-07-17T14:23:43.807533,Raspberry_Relieve7,,,,,,0.0,,,,,,,,,7179,0.98,0.0,0.0
2026-07-17T14:23:44.807663,Raspberry_Relieve7,,,,,,0.0,,,,,,,,,7180,1.1,0.0,0.0
2026-07-17T14:23:45.807778,Raspberry_Relieve7,,,,,,0.0,,,,,,,,,7181,0.88,0.0,0.0
2026-07-17T14:23:46.807899,Raspberry_Relieve7,,,,,,0.0,,,,,,,,,7182,1.01,0.0,0.0
2026-07-17T14:23:47.808053,Raspberry_Relieve7,,,,,,0.0,,,,,,,,,7183,1.02,0.0,0.0
2026-07-17T14:23:48.808145,Raspberry_Relieve7,,,,,,0.0,,,,,,,,,7184,1.02,0.0,0.0
2026-07-17T14:23:49.808223,Raspberry_Relieve7,,,,,,0.0,,,,,,,,,7185,1.02,0.0,0.0
2026-07-17T14:23:50.808297,Raspberry_Relieve7,,,,,,0.0,,,,,,,,,7186,0.94,0.0,0.0
2026-07-17T14:23:51.808455,Raspberry_Relieve7,,,,,,0.0,,,,,,,,,7187,1.03,0.0,0.0
2026-07-17T14:23:52.808546,Raspberry_Relieve7,,,,,,0.0,,,,,,,,,7188,0.96,0.0,0.0
2026-07-17T14:23:53.808681,Raspberry_Relieve7,,,,,,0.0,,,,,,,,,7189,1.02,0.0,0.0
2026-07-17T14:23:54.808803,Raspberry_Relieve7,,,,,,0.0,,,,,,,,,7190,1.08,0.0,0.0
2026-07-17T14:23:55.808898,Raspberry_Relieve7,,,,,,0.0,,,,,,,,,7191,0.96,0.0,0.0
2026-07-17T14:23:56.809015,Raspberry_Relieve7,,,,,,0.0,,,,,,,,,7192,0.92,0.0,0.0
2026-07-17T14:23:57.809238,Raspberry_Relieve7,,,,,,0.0,,,,,,,,,7193,1.26,0.0,0.0
2026-07-17T14:23:58.809392,Raspberry_Relieve7,,,,,,0.0,,,,,,,,,7194,0.73,0.0,0.0
2026-07-17T14:23:59.809507,Raspberry_Relieve7,,,,,,0.0,,,,,,,,,7195,1.04,0.0,0.0
2026-07-17T14:24:00.809611,Raspberry_Relieve7,,,,,,0.0,,,,,,,,,7196,0.98,0.0,0.0
2026-07-17T14:24:01.809749,Raspberry_Relieve7,,,,,,0.0,,,,,,,,,7197,1.07,0.0,0.0
2026-07-17T14:24:02.809838,Raspberry_Relieve7,,,,,,0.0,,,,,,,,,7198,0.9,0.0,0.0
2026-07-17T14:24:03.809923,Raspberry_Relieve7,,,,,,0.0,,,,,,,,,7199,1.06,0.0,0.0
2026-07-17T14:24:04.810079,Raspberry_Relieve7,,,,,,0.0,,,,,,,,,7200,1.02,0.0,0.0
2026-07-17T14:24:05.810216,Raspberry_Relieve7,,,,,,0.0,,,,,,,,,7201,1.02,0.0,0.0
2026-07-17T14:24:06.810304,Raspberry_Relieve7,,,,,,0.0,,,,,,,,,7202,0.98,0.0,0.0
2026-07-17T14:24:07.810403,Raspberry_Relieve7,,,,,,0.0,,,,,,,,,7203,1.05,0.0,0.0
2026-07-17T14:24:08.810486,Raspberry_Relieve7,,,,,,0.0,,,,,,,,,7204,0.94,0.0,0.0
2026-07-17T14:24:09.810585,Raspberry_Relieve7,,,,,,0.0,,,,,,,,,7205,0.96,0.0,0.0
2026-07-17T14:24:10.810677,Raspberry_Relieve7,,,,,,0.0,,,,,,,,,7206,1.07,0.0,0.0
2026-07-17T14:24:11.810823,Raspberry_Relieve7,,,,,,0.0,,,,,,,,,7207,0.94,0.0,0.0
2026-07-17T14:24:12.810954,Raspberry_Relieve7,,,,,,0.0,,,,,,,,,7208,1.0,0.0,0.0
2026-07-17T14:24:13.811150,Raspberry_Relieve7,,,,,,0.0,,,,,,,,,7209,1.08,0.0,0.0
2026-07-17T14:24:14.811343,Raspberry_Relieve7,,,,,,0.0,,,,,,,,,7210,0.88,0.0,0.0
2026-07-17T14:24:15.811551,Raspberry_Relieve7,,,,,,0.0,,,,,,,,,7211,1.08,0.0,0.0
2026-07-17T14:24:16.811680,Raspberry_Relieve7,,,,,,0.0,,,,,,,,,7212,0.94,0.0,0.0
2026-07-17T14:24:17.811771,Raspberry_Relieve7,,,,,,0.0,,,,,,,,,7213,1.04,0.0,0.0
2026-07-17T14:24:18.811900,Raspberry_Relieve7,,,,,,0.0,,,,,,,,,7214,1.03,0.0,0.0
2026-07-17T14:24:19.812022,Raspberry_Relieve7,,,,,,0.0,,,,,,,,,7215,1.04,0.0,0.0
2026-07-17T14:24:20.812212,Raspberry_Relieve7,,,,,,0.0,,,,,,,,,7216,1.01,0.0,0.0
2026-07-17T14:24:21.812346,Raspberry_Relieve7,,,,,,0.0,,,,,,,,,7217,0.93,0.0,0.0
2026-07-17T14:24:22.812467,Raspberry_Relieve7,,,,,,0.0,,,,,,,,,7218,1.08,0.0,0.0
2026-07-17T14:24:23.812579,Raspberry_Relieve7,,,,,,0.0,,,,,,,,,7219,0.91,0.0,0.0
2026-07-17T14:24:24.812731,Raspberry_Relieve7,,,,,,0.0,,,,,,,,,7220,1.09,0.0,0.0
2026-07-17T14:24:25.812826,Raspberry_Relieve7,,,,,,0.0,,,,,,,,,7221,0.92,0.0,0.0
2026-07-17T14:24:26.812957,Raspberry_Relieve7,,,,,,0.0,,,,,,,,,7222,1.03,0.0,0.0
2026-07-17T14:24:27.813068,Raspberry_Relieve7,,,,,,0.0,,,,,,,,,7223,1.02,0.0,0.0
2026-07-17T14:24:28.813185,Raspberry_Relieve7,,,,,,0.0,,,,,,,,,7224,0.96,0.0,0.0
2026-07-17T14:24:29.813320,Raspberry_Relieve7,,,,,,0.0,,,,,,,,,7225,0.96,0.0,0.0
2026-07-17T14:24:30.813438,Raspberry_Relieve7,,,,,,0.0,,,,,,,,,7226,1.0,0.0,0.0
2026-07-17T14:24:31.813555,Raspberry_Relieve7,,,,,,0.0,,,,,,,,,7227,1.04,0.0,0.0
2026-07-17T14:24:32.813675,Raspberry_Relieve7,,,,,,0.0,,,,,,,,,7228,0.96,0.0,0.0
2026-07-17T14:24:33.813745,Raspberry_Relieve7,,,,,,0.0,,,,,,,,,7229,1.03,0.0,0.0
2026-07-17T14:24:34.813812,Raspberry_Relieve7,,,,,,0.0,,,,,,,,,7230,1.02,0.0,0.0
2026-07-17T14:24:35.813931,Raspberry_Relieve7,,,,,,0.0,,,,,,,,,7231,1.02,0.0,0.0
2026-07-17T14:24:36.814089,Raspberry_Relieve7,,,,,,0.0,,,,,,,,,7232,0.92,0.0,0.0
2026-07-17T14:24:37.814210,Raspberry_Relieve7,,,,,,0.0,,,,,,,,,7233,1.02,0.0,0.0
2026-07-17T14:24:38.814490,Raspberry_Relieve7,,,,,,0.0,,,,,,,,,7234,1.09,0.0,0.0
2026-07-17T14:24:39.814680,Raspberry_Relieve7,,,,,,0.0,,,,,,,,,7235,1.04,0.0,0.0
2026-07-17T14:24:40.814802,Raspberry_Relieve7,,,,,,0.0,,,,,,,,,7236,0.84,0.0,0.0
2026-07-17T14:24:41.814926,Raspberry_Relieve7,,,,,,0.0,,,,,,,,,7237,1.04,0.0,0.0
2026-07-17T14:24:42.815023,Raspberry_Relieve7,,,,,,0.0,,,,,,,,,7238,1.06,0.0,0.0
2026-07-17T14:24:43.815091,Raspberry_Relieve7,,,,,,0.0,,,,,,,,,7239,0.96,0.0,0.0
2026-07-17T14:24:44.815239,Raspberry_Relieve7,,,,,,0.0,,,,,,,,,7240,0.93,0.0,0.0
2026-07-17T14:24:45.815371,Raspberry_Relieve7,,,,,,0.0,,,,,,,,,7241,1.06,0.0,0.0
2026-07-17T14:24:46.815484,Raspberry_Relieve7,,,,,,0.0,,,,,,,,,7242,0.97,0.0,0.0
2026-07-17T14:24:47.815551,Raspberry_Relieve7,,,,,,0.0,,,,,,,,,7243,1.16,0.0,0.0
2026-07-17T14:24:48.815681,Raspberry_Relieve7,,,,,,0.0,,,,,,,,,7244,0.92,0.0,0.0
2026-07-17T14:24:49.815816,Raspberry_Relieve7,,,,,,0.0,,,,,,,,,7245,1.02,0.0,0.0
2026-07-17T14:24:50.815920,Raspberry_Relieve7,,,,,,0.0,,,,,,,,,7246,0.92,0.0,0.0
2026-07-17T14:24:51.816044,Raspberry_Relieve7,,,,,,0.0,,,,,,,,,7247,1.09,0.0,0.0
2026-07-17T14:24:52.816166,Raspberry_Relieve7,,,,,,0.0,,,,,,,,,7248,0.96,0.0,0.0
2026-07-17T14:24:53.816293,Raspberry_Relieve7,,,,,,0.0,,,,,,,,,7249,1.02,0.0,0.0
2026-07-17T14:24:54.816353,Raspberry_Relieve7,,,,,,0.0,,,,,,,,,7250,0.95,0.0,0.0
2026-07-17T14:24:55.816513,Raspberry_Relieve7,,,,,,0.0,,,,,,,,,7251,1.01,0.0,0.0
2026-07-17T14:24:56.816641,Raspberry_Relieve7,,,,,,0.0,,,,,,,,,7252,1.02,0.0,0.0
2026-07-17T14:24:57.816736,Raspberry_Relieve7,,,,,,0.0,,,,,,,,,7253,1.02,0.0,0.0
2026-07-17T14:24:58.816871,Raspberry_Relieve7,,,,,,0.0,,,,,,,,,7254,1.02,0.0,0.0
2026-07-17T14:24:59.816981,Raspberry_Relieve7,,,,,,0.0,,,,,,,,,7255,1.03,0.0,0.0
2026-07-17T14:25:00.817091,Raspberry_Relieve7,,,,,,0.0,,,,,,,,,7256,1.03,0.0,0.0
2026-07-17T14:25:01.817212,Raspberry_Relieve7,,,,,,0.0,,,,,,,,,7257,0.92,0.0,0.0
2026-07-17T14:25:02.817382,Raspberry_Relieve7,,,,,,0.0,,,,,,,,,7258,0.96,0.0,0.0
2026-07-17T14:25:03.817493,Raspberry_Relieve7,,,,,,0.0,,,,,,,,,7259,1.04,0.0,0.0
2026-07-17T14:25:04.817613,Raspberry_Relieve7,,,,,,0.0,,,,,,,,,7260,0.96,0.0,0.0
2026-07-17T14:25:05.817783,Raspberry_Relieve7,,,,,,0.0,,,,,,,,,7261,1.11,0.0,0.0
2026-07-17T14:25:06.817823,Raspberry_Relieve7,,,,,,0.0,,,,,,,,,7262,1.04,0.0,0.0
2026-07-17T14:25:07.817962,Raspberry_Relieve7,,,,,,0.0,,,,,,,,,7263,0.93,0.0,0.0
2026-07-17T14:25:08.818105,Raspberry_Relieve7,,,,,,0.0,,,,,,,,,7264,1.02,0.0,0.0
2026-07-17T14:25:09.818229,Raspberry_Relieve7,,,,,,0.0,,,,,,,,,7265,0.85,0.0,0.0
2026-07-17T14:25:10.818362,Raspberry_Relieve7,,,,,,0.0,,,,,,,,,7266,0.99,0.0,0.0
2026-07-17T14:25:11.818496,Raspberry_Relieve7,,,,,,0.0,,,,,,,,,7267,1.02,0.0,0.0
2026-07-17T14:25:12.818562,Raspberry_Relieve7,,,,,,0.0,,,,,,,,,7268,1.13,0.0,0.0
2026-07-17T14:25:13.818737,Raspberry_Relieve7,,,,,,0.0,,,,,,,,,7269,0.92,0.0,0.0
2026-07-17T14:25:14.818857,Raspberry_Relieve7,,,,,,0.0,,,,,,,,,7270,1.02,0.0,0.0
2026-07-17T14:25:15.818973,Raspberry_Relieve7,,,,,,0.0,,,,,,,,,7271,1.02,0.0,0.0
2026-07-17T14:25:16.819090,Raspberry_Relieve7,,,,,,0.0,,,,,,,,,7272,0.93,0.0,0.0
2026-07-17T14:25:17.819211,Raspberry_Relieve7,,,,,,0.0,,,,,,,,,7273,1.02,0.0,0.0
2026-07-17T14:25:18.819336,Raspberry_Relieve7,,,,,,0.0,,,,,,,,,7274,0.98,0.0,0.0
2026-07-17T14:25:19.819446,Raspberry_Relieve7,,,,,,0.0,,,,,,,,,7275,0.97,0.0,0.0
2026-07-17T14:25:20.819564,Raspberry_Relieve7,,,,,,0.0,,,,,,,,,7276,1.11,0.0,0.0
2026-07-17T14:25:21.819626,Raspberry_Relieve7,,,,,,0.0,,,,,,,,,7277,0.88,0.0,0.0
2026-07-17T14:25:22.819709,Raspberry_Relieve7,,,,,,0.0,,,,,,,,,7278,1.05,0.0,0.0
2026-07-17T14:25:23.819848,Raspberry_Relieve7,,,,,,0.0,,,,,,,,,7279,1.0,0.0,0.0
2026-07-17T14:25:24.819967,Raspberry_Relieve7,,,,,,0.0,,,,,,,,,7280,0.97,0.0,0.0
2026-07-17T14:25:25.820102,Raspberry_Relieve7,,,,,,0.0,,,,,,,,,7281,1.11,0.0,0.0
2026-07-17T14:25:26.820187,Raspberry_Relieve7,,,,,,0.0,,,,,,,,,7282,0.94,0.0,0.0
2026-07-17T14:25:27.820311,Raspberry_Relieve7,,,,,,0.0,,,,,,,,,7283,1.0,0.0,0.0
2026-07-17T14:25:28.820440,Raspberry_Relieve7,,,,,,0.0,,,,,,,,,7284,1.03,0.0,0.0
2026-07-17T14:25:29.820554,Raspberry_Relieve7,,,,,,0.0,,,,,,,,,7285,0.92,0.0,0.0
2026-07-17T14:25:30.820642,Raspberry_Relieve7,,,,,,0.0,,,,,,,,,7286,1.02,0.0,0.0
2026-07-17T14:25:31.820729,Raspberry_Relieve7,,,,,,0.0,,,,,,,,,7287,1.02,0.0,0.0
2026-07-17T14:25:32.820880,Raspberry_Relieve7,,,,,,0.0,,,,,,,,,7288,1.04,0.0,0.0
2026-07-17T14:25:33.820978,Raspberry_Relieve7,,,,,,0.0,,,,,,,,,7289,0.93,0.0,0.0
2026-07-17T14:25:34.821121,Raspberry_Relieve7,,,,,,0.0,,,,,,,,,7290,0.97,0.0,0.0
2026-07-17T14:25:35.821385,Raspberry_Relieve7,,,,,,0.0,,,,,,,,,7291,0.99,0.0,0.0
2026-07-17T14:25:36.821549,Raspberry_Relieve7,,,,,,0.0,,,,,,,,,7292,1.0,0.0,0.0
2026-07-17T14:25:37.821634,Raspberry_Relieve7,,,,,,0.0,,,,,,,,,7293,0.99,0.0,0.0
2026-07-17T14:25:38.821791,Raspberry_Relieve7,,,,,,0.0,,,,,,,,,7294,1.03,0.0,0.0
2026-07-17T14:25:39.821854,Raspberry_Relieve7,,,,,,0.0,,,,,,,,,7295,1.03,0.0,0.0
2026-07-17T14:25:40.821970,Raspberry_Relieve7,,,,,,0.0,,,,,,,,,7296,1.02,0.0,0.0
2026-07-17T14:25:41.822092,Raspberry_Relieve7,,,,,,0.0,,,,,,,,,7297,1.11,0.0,0.0
2026-07-17T14:25:42.822197,Raspberry_Relieve7,,,,,,0.0,,,,,,,,,7298,0.85,0.0,0.0
2026-07-17T14:25:43.822350,Raspberry_Relieve7,,,,,,0.0,,,,,,,,,7299,1.09,0.0,0.0
2026-07-17T14:25:44.822457,Raspberry_Relieve7,,,,,,0.0,,,,,,,,,7300,0.86,0.0,0.0
2026-07-17T14:25:45.822616,Raspberry_Relieve7,,,,,,0.0,,,,,,,,,7301,1.1,0.0,0.0
2026-07-17T14:25:46.822735,Raspberry_Relieve7,,,,,,0.0,,,,,,,,,7302,1.03,0.0,0.0
2026-07-17T14:25:47.822921,Raspberry_Relieve7,,,,,,0.0,,,,,,,,,7303,0.94,0.0,0.0
2026-07-17T14:25:48.823018,Raspberry_Relieve7,,,,,,0.0,,,,,,,,,7304,1.02,0.0,0.0
2026-07-17T14:26:41.592740,Raspberry_Relieve7,,,,,,0.0,,,,,,,,,7369,64.82,0.0,0.0
2026-07-17T14:26:42.592982,Raspberry_Relieve7,,,,,,0.0,,,,,,,,,7370,0.82,0.0,0.0
2026-07-17T14:26:43.593083,Raspberry_Relieve7,,,,,,0.0,,,,,,,,,7371,1.04,0.0,0.0
2026-07-17T14:26:44.593287,Raspberry_Relieve7,,,,,,0.0,,,,,,,,,7372,1.09,0.0,0.0
2026-07-17T14:26:45.593526,Raspberry_Relieve7,,,,,,0.0,,,,,,,,,7373,0.94,0.0,0.0
2026-07-17T14:26:46.593708,Raspberry_Relieve7,,,,,,0.0,,,,,,,,,7374,1.03,0.0,0.0
2026-07-17T14:26:47.593821,Raspberry_Relieve7,,,,,,0.0,,,,,,,,,7375,1.02,0.0,0.0
2026-07-17T14:26:44.637396,Raspberry_Relieve7,,,,,,0.0,,,,,,,,,7500,125.36,0.0,0.0
2026-07-17T14:26:45.637545,Raspberry_Relieve7,,,,,,0.0,,,,,,,,,7501,0.7,0.0,0.0
2026-07-17T14:26:46.637744,Raspberry_Relieve7,,,,,,0.0,,,,,,,,,7502,0.92,0.0,0.0
2026-07-17T14:26:47.637866,Raspberry_Relieve7,,,,,,0.0,,,,,,,,,7503,1.12,0.0,0.0
2026-07-17T14:26:48.638045,Raspberry_Relieve7,,,,,,0.0,,,,,,,,,7504,1.06,0.0,0.0
2026-07-17T14:26:49.638197,Raspberry_Relieve7,,,,,,0.0,,,,,,,,,7505,0.78,0.0,0.0
2026-07-17T14:26:50.638297,Raspberry_Relieve7,,,,,,0.0,,,,,,,,,7506,1.03,0.0,0.0
2026-07-17T14:26:51.638409,Raspberry_Relieve7,,,,,,0.0,,,,,,,,,7507,0.97,0.0,0.0
2026-07-17T14:26:52.638643,Raspberry_Relieve7,,,,,,0.0,,,,,,,,,7508,1.18,0.0,0.0
2026-07-17T14:26:53.638700,Raspberry_Relieve7,,,,,,0.0,,,,,,,,,7509,1.02,0.0,0.0
2026-07-17T14:33:10.315028,Raspberry_Relieve7,,,,,,0.0,,,,,,,,,7991,482.21,0.0,0.0
2026-07-17T14:33:11.315134,Raspberry_Relieve7,,,,,,0.0,,,,,,,,,7992,0.77,0.0,0.0
2026-07-17T14:33:12.315278,Raspberry_Relieve7,,,,,,0.0,,,,,,,,,7993,0.98,0.0,0.0
2026-07-17T14:33:13.315408,Raspberry_Relieve7,,,,,,0.0,,,,,,,,,7994,0.86,0.0,0.0
2026-07-17T14:33:14.315529,Raspberry_Relieve7,,,,,,0.0,,,,,,,,,7995,1.19,0.0,0.0
2026-07-17T14:33:15.315655,Raspberry_Relieve7,,,,,,0.0,,,,,,,,,7996,0.92,0.0,0.0
2026-07-17T14:33:16.315783,Raspberry_Relieve7,,,,,,0.0,,,,,,,,,7997,1.03,0.0,0.0
2026-07-17T14:33:17.315908,Raspberry_Relieve7,,,,,,0.0,,,,,,,,,7998,1.05,0.0,0.0
2026-07-17T14:38:24.988490,Raspberry_Relieve7,,,,,,0.0,,,,,,,,,8606,608.12,0.0,0.0
2026-07-17T14:38:25.988711,Raspberry_Relieve7,,,,,,0.0,,,,,,,,,8607,0.82,0.0,0.0
2026-07-17T14:38:26.988934,Raspberry_Relieve7,,,,,,0.0,,,,,,,,,8608,1.04,0.0,0.0
2026-07-17T14:38:27.989102,Raspberry_Relieve7,,,,,,0.0,,,,,,,,,8609,0.97,0.0,0.0
2026-07-17T14:38:28.989250,Raspberry_Relieve7,,,,,,0.0,,,,,,,,,8610,1.17,0.0,0.0
2026-07-17T14:38:29.989420,Raspberry_Relieve7,,,,,,0.0,,,,,,,,,8611,0.92,0.0,0.0
2026-07-17T14:38:30.989546,Raspberry_Relieve7,,,,,,0.0,,,,,,,,,8612,0.87,0.0,0.0
2026-07-17T14:39:26.953746,Raspberry_Relieve7,,,,,,0.0,,,,,,,,,8937,325.16,0.0,0.0
2026-07-17T14:39:27.953862,Raspberry_Relieve7,,,,,,0.0,,,,,,,,,8938,1.01,0.0,0.0
2026-07-17T14:39:28.953998,Raspberry_Relieve7,,,,,,0.0,,,,,,,,,8939,0.88,0.0,0.0
2026-07-17T14:39:29.954099,Raspberry_Relieve7,,,,,,0.0,,,,,,,,,8940,0.97,0.0,0.0
2026-07-17T14:39:30.954318,Raspberry_Relieve7,,,,,,0.0,,,,,,,,,8941,0.99,0.0,0.0
2026-07-17T14:39:31.954456,Raspberry_Relieve7,,,,,,0.0,,,,,,,,,8942,1.14,0.0,0.0
2026-07-17T14:39:32.954565,Raspberry_Relieve7,,,,,,0.0,,,,,,,,,8943,0.85,0.0,0.0
2026-07-17T14:39:33.954659,Raspberry_Relieve7,,,,,,0.0,,,,,,,,,8944,1.04,0.0,0.0
2026-07-17T14:39:34.954831,Raspberry_Relieve7,,,,,,0.0,,,,,,,,,8945,0.99,0.0,0.0
2026-07-17T14:39:35.954958,Raspberry_Relieve7,,,,,,0.0,,,,,,,,,8946,1.02,0.0,0.0
2026-07-17T14:39:36.955074,Raspberry_Relieve7,,,,,,0.0,,,,,,,,,8947,0.93,0.0,0.0
2026-07-17T14:39:37.955269,Raspberry_Relieve7,,,,,,0.0,,,,,,,,,8948,1.02,0.0,0.0
2026-07-17T14:39:38.955462,Raspberry_Relieve7,,,,,,0.0,,,,,,,,,8949,1.01,0.0,0.0
2026-07-17T14:39:39.955581,Raspberry_Relieve7,,,,,,0.0,,,,,,,,,8950,1.02,0.0,0.0
2026-07-17T14:39:40.955697,Raspberry_Relieve7,,,,,,0.0,,,,,,,,,8951,1.03,0.0,0.0
2026-07-17T14:39:41.955803,Raspberry_Relieve7,,,,,,0.0,,,,,,,,,8952,0.97,0.0,0.0
2026-07-17T14:53:17.873677,Raspberry_Relieve7,,,,,,0.0,,,,,,,,,8953,1.0,0.0,0.0
2026-07-17T14:53:18.873821,Raspberry_Relieve7,,,,,,0.0,,,,,,,,,8954,1.01,0.0,0.0
2026-07-17T14:53:19.873938,Raspberry_Relieve7,,,,,,0.0,,,,,,,,,8955,0.96,0.0,0.0
2026-07-17T14:53:20.874071,Raspberry_Relieve7,,,,,,0.0,,,,,,,,,8956,1.04,0.0,0.0
2026-07-17T14:53:21.874181,Raspberry_Relieve7,,,,,,0.0,,,,,,,,,8957,1.02,0.0,0.0
2026-07-17T14:53:22.874303,Raspberry_Relieve7,,,,,,0.0,,,,,,,,,8958,0.93,0.0,0.0
2026-07-17T14:53:23.874438,Raspberry_Relieve7,,,,,,0.0,,,,,,,,,8959,1.04,0.0,0.0
2026-07-17T14:53:24.874523,Raspberry_Relieve7,,,,,,0.0,,,,,,,,,8960,1.04,0.0,0.0
2026-07-17T14:53:25.874658,Raspberry_Relieve7,,,,,,0.0,,,,,,,,,8961,1.03,0.0,0.0
2026-07-17T14:53:26.874785,Raspberry_Relieve7,,,,,,0.0,,,,,,,,,8962,0.95,0.0,0.0
2026-07-17T14:53:27.874889,Raspberry_Relieve7,,,,,,0.0,,,,,,,,,8963,1.02,0.0,0.0
2026-07-17T14:53:28.874991,Raspberry_Relieve7,,,,,,0.0,,,,,,,,,8964,1.03,0.0,0.0
2026-07-17T14:53:29.875108,Raspberry_Relieve7,,,,,,0.0,,,,,,,,,8965,1.02,0.0,0.0
2026-07-17T14:53:30.875215,Raspberry_Relieve7,,,,,,0.0,,,,,,,,,8966,0.92,0.0,0.0
2026-07-17T14:53:31.875340,Raspberry_Relieve7,,,,,,0.0,,,,,,,,,8967,1.01,0.0,0.0
2026-07-17T14:53:32.875446,Raspberry_Relieve7,,,,,,0.0,,,,,,,,,8968,0.95,0.0,0.0
2026-07-17T14:53:33.875578,Raspberry_Relieve7,,,,,,0.0,,,,,,,,,8969,1.02,0.0,0.0
2026-07-17T14:53:34.875702,Raspberry_Relieve7,,,,,,0.0,,,,,,,,,8970,1.0,0.0,0.0
2026-07-17T14:53:35.875827,Raspberry_Relieve7,,,,,,0.0,,,,,,,,,8971,1.0,0.0,0.0
2026-07-17T14:53:36.875932,Raspberry_Relieve7,,,,,,0.0,,,,,,,,,8972,1.0,0.0,0.0
2026-07-17T14:53:37.876054,Raspberry_Relieve7,,,,,,0.0,,,,,,,,,8973,1.0,0.0,0.0
2026-07-17T14:53:38.876153,Raspberry_Relieve7,,,,,,0.0,,,,,,,,,8974,1.03,0.0,0.0
2026-07-17T14:53:39.876262,Raspberry_Relieve7,,,,,,0.0,,,,,,,,,8975,0.98,0.0,0.0
2026-07-17T14:53:40.876399,Raspberry_Relieve7,,,,,,0.0,,,,,,,,,8976,0.95,0.0,0.0
2026-07-17T14:54:39.461530,Raspberry_Relieve7,,,,,,0.0,,,,,,,,,9048,72.26,0.0,0.0
2026-07-17T14:54:40.461718,Raspberry_Relieve7,,,,,,0.0,,,,,,,,,9049,0.92,0.0,0.0
2026-07-17T14:54:41.461889,Raspberry_Relieve7,,,,,,0.0,,,,,,,,,9050,0.92,0.0,0.0
2026-07-17T14:54:42.462024,Raspberry_Relieve7,,,,,,0.0,,,,,,,,,9051,1.03,0.0,0.0
2026-07-17T14:54:43.462163,Raspberry_Relieve7,,,,,,0.0,,,,,,,,,9052,0.95,0.0,0.0
2026-07-17T14:54:44.462339,Raspberry_Relieve7,,,,,,0.0,,,,,,,,,9053,1.06,0.0,0.0
2026-07-17T14:54:45.462545,Raspberry_Relieve7,,,,,,0.0,,,,,,,,,9054,0.99,0.0,0.0
2026-07-17T14:54:46.462714,Raspberry_Relieve7,,,,,,0.0,,,,,,,,,9055,0.94,0.0,0.0
2026-07-17T14:54:47.462854,Raspberry_Relieve7,,,,,,0.0,,,,,,,,,9056,0.97,0.0,0.0
2026-07-17T14:54:48.462983,Raspberry_Relieve7,,,,,,0.0,,,,,,,,,9057,0.98,0.0,0.0
2026-07-17T14:54:49.463193,Raspberry_Relieve7,,,,,,0.0,,,,,,,,,9058,1.05,0.0,0.0
2026-07-17T14:54:50.463384,Raspberry_Relieve7,,,,,,0.0,,,,,,,,,9059,1.0,0.0,0.0
2026-07-17T14:54:51.463582,Raspberry_Relieve7,,,,,,0.0,,,,,,,,,9060,1.03,0.0,0.0
2026-07-17T14:54:52.463666,Raspberry_Relieve7,,,,,,0.0,,,,,,,,,9061,0.97,0.0,0.0
2026-07-17T14:54:53.463879,Raspberry_Relieve7,,,,,,0.0,,,,,,,,,9062,0.98,0.0,0.0
2026-07-17T14:54:54.463998,Raspberry_Relieve7,,,,,,0.0,,,,,,,,,9063,0.99,0.0,0.0
2026-07-17T14:54:55.464124,Raspberry_Relieve7,,,,,,0.0,,,,,,,,,9064,1.04,0.0,0.0
2026-07-17T14:55:09.900107,Raspberry_Relieve7,,,,,,0.0,,,,,,,,,9065,1.06,0.0,0.0
2026-07-17T14:55:10.900227,Raspberry_Relieve7,,,,,,0.0,,,,,,,,,9066,0.94,0.0,0.0
2026-07-17T14:55:11.900372,Raspberry_Relieve7,,,,,,0.0,,,,,,,,,9067,0.98,0.0,0.0
2026-07-17T14:55:12.900484,Raspberry_Relieve7,,,,,,0.0,,,,,,,,,9068,0.99,0.0,0.0
2026-07-17T14:55:13.900608,Raspberry_Relieve7,,,,,,0.0,,,,,,,,,9069,0.99,0.0,0.0
2026-07-17T14:55:14.900734,Raspberry_Relieve7,,,,,,0.0,,,,,,,,,9070,1.05,0.0,0.0
2026-07-17T14:55:15.900872,Raspberry_Relieve7,,,,,,0.0,,,,,,,,,9071,0.93,0.0,0.0
2026-07-17T14:55:16.900991,Raspberry_Relieve7,,,,,,0.0,,,,,,,,,9072,1.06,0.0,0.0
2026-07-17T14:55:17.901107,Raspberry_Relieve7,,,,,,0.0,,,,,,,,,9073,1.03,0.0,0.0
2026-07-17T14:55:18.901330,Raspberry_Relieve7,,,,,,0.0,,,,,,,,,9074,0.95,0.0,0.0
2026-07-17T14:55:19.901450,Raspberry_Relieve7,,,,,,0.0,,,,,,,,,9075,1.02,0.0,0.0
2026-07-17T14:55:20.901576,Raspberry_Relieve7,,,,,,0.0,,,,,,,,,9076,1.05,0.0,0.0
2026-07-17T14:55:21.901697,Raspberry_Relieve7,,,,,,0.0,,,,,,,,,9077,0.89,0.0,0.0
2026-07-17T14:55:22.901846,Raspberry_Relieve7,,,,,,0.0,,,,,,,,,9078,1.02,0.0,0.0
2026-07-17T14:55:23.901943,Raspberry_Relieve7,,,,,,0.0,,,,,,,,,9079,1.03,0.0,0.0
2026-07-17T14:55:24.902066,Raspberry_Relieve7,,,,,,0.0,,,,,,,,,9080,1.04,0.0,0.0
2026-07-17T14:55:25.902187,Raspberry_Relieve7,,,,,,0.0,,,,,,,,,9081,0.93,0.0,0.0
2026-07-17T14:55:26.902409,Raspberry_Relieve7,,,,,,0.0,,,,,,,,,9082,1.01,0.0,0.0
2026-07-17T14:55:27.902572,Raspberry_Relieve7,,,,,,0.0,,,,,,,,,9083,1.02,0.0,0.0
2026-07-17T14:55:28.902761,Raspberry_Relieve7,,,,,,0.0,,,,,,,,,9084,1.06,0.0,0.0
2026-07-17T14:55:29.902917,Raspberry_Relieve7,,,,,,0.0,,,,,,,,,9085,0.89,0.0,0.0
2026-07-17T14:55:30.902981,Raspberry_Relieve7,,,,,,0.0,,,,,,,,,9086,1.09,0.0,0.0
2026-07-17T14:55:31.903473,Raspberry_Relieve7,,,,,,0.0,,,,,,,,,9087,0.9,0.0,0.0
2026-07-17T14:56:30.531585,Raspberry_Relieve7,,,,,,0.0,,,,,,,,,9158,71.32,0.0,0.0
2026-07-17T14:56:31.531784,Raspberry_Relieve7,,,,,,0.0,,,,,,,,,9159,0.92,0.0,0.0
2026-07-17T14:56:32.531904,Raspberry_Relieve7,,,,,,0.0,,,,,,,,,9160,1.01,0.0,0.0
2026-07-17T14:56:33.532179,Raspberry_Relieve7,,,,,,0.0,,,,,,,,,9161,0.95,0.0,0.0
2026-07-17T14:56:34.532415,Raspberry_Relieve7,,,,,,0.0,,,,,,,,,9162,1.01,0.0,0.0
2026-07-17T14:56:35.532553,Raspberry_Relieve7,,,,,,0.0,,,,,,,,,9163,1.02,0.0,0.0
2026-07-17T14:56:36.532725,Raspberry_Relieve7,,,,,,0.0,,,,,,,,,9164,1.03,0.0,0.0
2026-07-17T14:56:37.532840,Raspberry_Relieve7,,,,,,0.0,,,,,,,,,9165,1.04,0.0,0.0
2026-07-17T14:56:38.533013,Raspberry_Relieve7,,,,,,0.0,,,,,,,,,9166,0.91,0.0,0.0
2026-07-17T14:56:39.533172,Raspberry_Relieve7,,,,,,0.0,,,,,,,,,9167,1.03,0.0,0.0
2026-07-17T14:56:40.533297,Raspberry_Relieve7,,,,,,0.0,,,,,,,,,9168,1.07,0.0,0.0
2026-07-17T14:56:41.533419,Raspberry_Relieve7,,,,,,0.0,,,,,,,,,9169,0.85,0.0,0.0
2026-07-17T14:56:42.533547,Raspberry_Relieve7,,,,,,0.0,,,,,,,,,9170,1.01,0.0,0.0
2026-07-17T14:56:43.533672,Raspberry_Relieve7,,,,,,0.0,,,,,,,,,9171,1.0,0.0,0.0
2026-07-17T14:56:44.533791,Raspberry_Relieve7,,,,,,0.0,,,,,,,,,9172,1.0,0.0,0.0
2026-07-17T14:56:45.533916,Raspberry_Relieve7,,,,,,0.0,,,,,,,,,9173,1.01,0.0,0.0
2026-07-17T14:56:46.534035,Raspberry_Relieve7,,,,,,0.0,,,,,,,,,9174,1.04,0.0,0.0
2026-07-17T14:57:00.099872,Raspberry_Relieve7,,,,,,0.0,,,,,,,,,9175,1.01,0.0,0.0
2026-07-17T14:57:01.099984,Raspberry_Relieve7,,,,,,0.0,,,,,,,,,9176,0.99,0.0,0.0
2026-07-17T14:57:02.100093,Raspberry_Relieve7,,,,,,0.0,,,,,,,,,9177,0.96,0.0,0.0
2026-07-17T14:57:03.100203,Raspberry_Relieve7,,,,,,0.0,,,,,,,,,9178,0.99,0.0,0.0
2026-07-17T14:57:04.100331,Raspberry_Relieve7,,,,,,0.0,,,,,,,,,9179,1.01,0.0,0.0
2026-07-17T14:57:05.100440,Raspberry_Relieve7,,,,,,0.0,,,,,,,,,9180,1.02,0.0,0.0
2026-07-17T14:57:06.100548,Raspberry_Relieve7,,,,,,0.0,,,,,,,,,9181,0.98,0.0,0.0
2026-07-17T14:57:07.100660,Raspberry_Relieve7,,,,,,0.0,,,,,,,,,9182,1.01,0.0,0.0
2026-07-17T14:57:08.100769,Raspberry_Relieve7,,,,,,0.0,,,,,,,,,9183,0.99,0.0,0.0
2026-07-17T14:57:09.100919,Raspberry_Relieve7,,,,,,0.0,,,,,,,,,9184,1.02,0.0,0.0
2026-07-17T14:57:10.101003,Raspberry_Relieve7,,,,,,0.0,,,,,,,,,9185,0.99,0.0,0.0
2026-07-17T14:57:11.101122,Raspberry_Relieve7,,,,,,0.0,,,,,,,,,9186,0.99,0.0,0.0
2026-07-17T14:57:12.101233,Raspberry_Relieve7,,,,,,0.0,,,,,,,,,9187,0.99,0.0,0.0
2026-07-17T14:57:13.101340,Raspberry_Relieve7,,,,,,0.0,,,,,,,,,9188,1.0,0.0,0.0
2026-07-17T14:57:14.101460,Raspberry_Relieve7,,,,,,0.0,,,,,,,,,9189,1.02,0.0,0.0
2026-07-17T14:57:15.101575,Raspberry_Relieve7,,,,,,0.0,,,,,,,,,9190,0.98,0.0,0.0
2026-07-17T14:57:16.101677,Raspberry_Relieve7,,,,,,0.0,,,,,,,,,9191,1.0,0.0,0.0
2026-07-17T14:57:17.101813,Raspberry_Relieve7,,,,,,0.0,,,,,,,,,9192,1.02,0.0,0.0
2026-07-17T14:57:18.101928,Raspberry_Relieve7,,,,,,0.0,,,,,,,,,9193,1.01,0.0,0.0
2026-07-17T14:57:19.102040,Raspberry_Relieve7,,,,,,0.0,,,,,,,,,9194,1.06,0.0,0.0
2026-07-17T14:57:20.102157,Raspberry_Relieve7,,,,,,0.0,,,,,,,,,9195,0.94,0.0,0.0
2026-07-17T14:57:21.102273,Raspberry_Relieve7,,,,,,0.0,,,,,,,,,9196,1.02,0.0,0.0
2026-07-17T14:57:22.102389,Raspberry_Relieve7,,,,,,0.0,,,,,,,,,9197,1.02,0.0,0.0
2026-07-17T14:57:23.102519,Raspberry_Relieve7,,,,,,0.0,,,,,,,,,9198,0.92,0.0,0.0
2026-07-17T14:57:24.102644,Raspberry_Relieve7,,,,,,0.0,,,,,,,,,9199,1.03,0.0,0.0
2026-07-17T14:57:25.102769,Raspberry_Relieve7,,,,,,0.0,,,,,,,,,9201,1.22,0.0,0.0
2026-07-17T14:57:26.102898,Raspberry_Relieve7,,,,,,0.0,,,,,,,,,9201,0.82,0.0,0.0
2026-07-17T14:57:27.103013,Raspberry_Relieve7,,,,,,0.0,,,,,,,,,9202,0.95,0.0,0.0
2026-07-17T14:57:28.103123,Raspberry_Relieve7,,,,,,0.0,,,,,,,,,9203,1.0,0.0,0.0
2026-07-17T14:57:29.103240,Raspberry_Relieve7,,,,,,0.0,,,,,,,,,9204,1.04,0.0,0.0
2026-07-17T14:57:30.103358,Raspberry_Relieve7,,,,,,0.0,,,,,,,,,9205,1.03,0.0,0.0
2026-07-17T14:57:31.103471,Raspberry_Relieve7,,,,,,0.0,,,,,,,,,9206,1.0,0.0,0.0
2026-07-17T14:57:32.103586,Raspberry_Relieve7,,,,,,0.0,,,,,,,,,9207,0.92,0.0,0.0
2026-07-17T14:57:33.103709,Raspberry_Relieve7,,,,,,0.0,,,,,,,,,9208,1.03,0.0,0.0
2026-07-17T14:57:34.103826,Raspberry_Relieve7,,,,,,0.0,,,,,,,,,9209,0.98,0.0,0.0
2026-07-17T14:57:35.103950,Raspberry_Relieve7,,,,,,0.0,,,,,,,,,9210,1.02,0.0,0.0
2026-07-17T14:57:36.104066,Raspberry_Relieve7,,,,,,0.0,,,,,,,,,9211,1.05,0.0,0.0
2026-07-17T14:57:37.104185,Raspberry_Relieve7,,,,,,0.0,,,,,,,,,9212,0.91,0.0,0.0
2026-07-17T14:57:38.104305,Raspberry_Relieve7,,,,,,0.0,,,,,,,,,9213,1.01,0.0,0.0
2026-07-17T14:57:39.104435,Raspberry_Relieve7,,,,,,0.0,,,,,,,,,9214,1.01,0.0,0.0
2026-07-17T14:57:40.104551,Raspberry_Relieve7,,,,,,0.0,,,,,,,,,9215,1.02,0.0,0.0
2026-07-17T14:57:41.104671,Raspberry_Relieve7,,,,,,0.0,,,,,,,,,9216,0.99,0.0,0.0
2026-07-17T14:57:42.104784,Raspberry_Relieve7,,,,,,0.0,,,,,,,,,9217,0.99,0.0,0.0
2026-07-17T14:57:43.104893,Raspberry_Relieve7,,,,,,0.0,,,,,,,,,9218,1.04,0.0,0.0
2026-07-17T14:57:44.105009,Raspberry_Relieve7,,,,,,0.0,,,,,,,,,9219,0.96,0.0,0.0
2026-07-17T14:57:45.105125,Raspberry_Relieve7,,,,,,0.0,,,,,,,,,9220,1.01,0.0,0.0
2026-07-17T14:57:46.105242,Raspberry_Relieve7,,,,,,0.0,,,,,,,,,9221,1.0,0.0,0.0
2026-07-17T14:57:47.105354,Raspberry_Relieve7,,,,,,0.0,,,,,,,,,9222,1.03,0.0,0.0
2026-07-17T14:57:48.105460,Raspberry_Relieve7,,,,,,0.0,,,,,,,,,9223,1.03,0.0,0.0
2026-07-17T14:57:49.105575,Raspberry_Relieve7,,,,,,0.0,,,,,,,,,9224,1.05,0.0,0.0
2026-07-17T14:57:50.105686,Raspberry_Relieve7,,,,,,0.0,,,,,,,,,9225,0.92,0.0,0.0
2026-07-17T14:57:51.105797,Raspberry_Relieve7,,,,,,0.0,,,,,,,,,9226,1.02,0.0,0.0
2026-07-17T14:57:52.105909,Raspberry_Relieve7,,,,,,0.0,,,,,,,,,9227,1.09,0.0,0.0
2026-07-17T14:57:53.106034,Raspberry_Relieve7,,,,,,0.0,,,,,,,,,9228,0.96,0.0,0.0
2026-07-17T14:57:54.106155,Raspberry_Relieve7,,,,,,0.0,,,,,,,,,9229,0.92,0.0,0.0
2026-07-17T14:57:55.106290,Raspberry_Relieve7,,,,,,0.0,,,,,,,,,9230,0.98,0.0,0.0
2026-07-17T14:57:56.106425,Raspberry_Relieve7,,,,,,0.0,,,,,,,,,9231,1.03,0.0,0.0
2026-07-17T14:57:57.106627,Raspberry_Relieve7,,,,,,0.0,,,,,,,,,9232,0.97,0.0,0.0
2026-07-17T14:57:58.106759,Raspberry_Relieve7,,,,,,0.0,,,,,,,,,9233,1.01,0.0,0.0
2026-07-17T14:57:59.106897,Raspberry_Relieve7,,,,,,0.0,,,,,,,,,9234,0.99,0.0,0.0
2026-07-17T14:58:00.107031,Raspberry_Relieve7,,,,,,0.0,,,,,,,,,9235,1.0,0.0,0.0
2026-07-17T14:58:01.107213,Raspberry_Relieve7,,,,,,0.0,,,,,,,,,9236,0.98,0.0,0.0
2026-07-17T14:58:02.107350,Raspberry_Relieve7,,,,,,0.0,,,,,,,,,9237,1.01,0.0,0.0
2026-07-17T14:58:03.107491,Raspberry_Relieve7,,,,,,0.0,,,,,,,,,9238,1.01,0.0,0.0
2026-07-17T14:58:04.107613,Raspberry_Relieve7,,,,,,0.0,,,,,,,,,9239,0.99,0.0,0.0
2026-07-17T14:58:05.107737,Raspberry_Relieve7,,,,,,0.0,,,,,,,,,9240,1.06,0.0,0.0
2026-07-17T14:58:06.107856,Raspberry_Relieve7,,,,,,0.0,,,,,,,,,9241,0.94,0.0,0.0
2026-07-17T14:58:07.107976,Raspberry_Relieve7,,,,,,0.0,,,,,,,,,9242,1.11,0.0,0.0
2026-07-17T14:58:08.108087,Raspberry_Relieve7,,,,,,0.0,,,,,,,,,9243,0.94,0.0,0.0
2026-07-17T14:58:09.108214,Raspberry_Relieve7,,,,,,0.0,,,,,,,,,9244,1.02,0.0,0.0
2026-07-17T14:58:10.108333,Raspberry_Relieve7,,,,,,0.0,,,,,,,,,9245,1.02,0.0,0.0
2026-07-17T14:58:11.108487,Raspberry_Relieve7,,,,,,0.0,,,,,,,,,9246,0.92,0.0,0.0
2026-07-17T14:58:12.108611,Raspberry_Relieve7,,,,,,0.0,,,,,,,,,9247,1.02,0.0,0.0
2026-07-17T14:58:13.108735,Raspberry_Relieve7,,,,,,0.0,,,,,,,,,9248,1.02,0.0,0.0
2026-07-17T14:58:14.108985,Raspberry_Relieve7,,,,,,0.0,,,,,,,,,9249,0.92,0.0,0.0
2026-07-17T14:58:15.109122,Raspberry_Relieve7,,,,,,0.0,,,,,,,,,9250,1.02,0.0,0.0
2026-07-17T14:58:16.109260,Raspberry_Relieve7,,,,,,0.0,,,,,,,,,9251,0.99,0.0,0.0
2026-07-17T14:58:17.109381,Raspberry_Relieve7,,,,,,0.0,,,,,,,,,9252,1.02,0.0,0.0
2026-07-17T14:58:18.109507,Raspberry_Relieve7,,,,,,0.0,,,,,,,,,9253,1.02,0.0,0.0
2026-07-17T14:58:19.109631,Raspberry_Relieve7,,,,,,0.0,,,,,,,,,9254,0.98,0.0,0.0
2026-07-17T14:58:20.109760,Raspberry_Relieve7,,,,,,0.0,,,,,,,,,9255,1.01,0.0,0.0
2026-07-17T14:58:21.109887,Raspberry_Relieve7,,,,,,0.0,,,,,,,,,9256,0.97,0.0,0.0
2026-07-17T14:58:22.110022,Raspberry_Relieve7,,,,,,0.0,,,,,,,,,9257,1.0,0.0,0.0
2026-07-17T14:58:23.110144,Raspberry_Relieve7,,,,,,0.0,,,,,,,,,9258,1.04,0.0,0.0
2026-07-17T14:58:24.110263,Raspberry_Relieve7,,,,,,0.0,,,,,,,,,9260,1.15,0.0,0.0
2026-07-17T14:58:25.110385,Raspberry_Relieve7,,,,,,0.0,,,,,,,,,9260,0.84,0.0,0.0
2026-07-17T14:58:26.110518,Raspberry_Relieve7,,,,,,0.0,,,,,,,,,9261,1.02,0.0,0.0
2026-07-17T14:58:27.110644,Raspberry_Relieve7,,,,,,0.0,,,,,,,,,9262,1.04,0.0,0.0
2026-07-17T14:58:28.110767,Raspberry_Relieve7,,,,,,0.0,,,,,,,,,9263,1.01,0.0,0.0
2026-07-17T14:58:29.110968,Raspberry_Relieve7,,,,,,0.0,,,,,,,,,9264,0.92,0.0,0.0
2026-07-17T14:58:30.111047,Raspberry_Relieve7,,,,,,0.0,,,,,,,,,9265,1.03,0.0,0.0
2026-07-17T14:58:31.111168,Raspberry_Relieve7,,,,,,0.0,,,,,,,,,9266,0.92,0.0,0.0
2026-07-17T14:58:32.111305,Raspberry_Relieve7,,,,,,0.0,,,,,,,,,9267,1.02,0.0,0.0
2026-07-17T14:58:33.111460,Raspberry_Relieve7,,,,,,0.0,,,,,,,,,9268,0.99,0.0,0.0
2026-07-17T14:58:34.111578,Raspberry_Relieve7,,,,,,0.0,,,,,,,,,9269,0.99,0.0,0.0
2026-07-17T14:58:35.111693,Raspberry_Relieve7,,,,,,0.0,,,,,,,,,9270,1.05,0.0,0.0
2026-07-17T14:58:36.111810,Raspberry_Relieve7,,,,,,0.0,,,,,,,,,9271,0.94,0.0,0.0
2026-07-17T14:58:37.111947,Raspberry_Relieve7,,,,,,0.0,,,,,,,,,9272,1.03,0.0,0.0
2026-07-17T14:58:38.112090,Raspberry_Relieve7,,,,,,0.0,,,,,,,,,9273,0.98,0.0,0.0
2026-07-17T15:06:59.560842,Raspberry_Relieve10,,,,,,0.0,,,,,,,,,0,,,0.0
2026-07-17T15:07:00.560969,Raspberry_Relieve10,,,,,,0.0,,,,,,,,,1,,,0.0
2026-07-17T15:07:01.561078,Raspberry_Relieve10,,,,,,0.0,,,,,,,,,1,0.91,0.0,0.0
2026-07-17T15:07:02.561203,Raspberry_Relieve10,,,,,,0.0,,,,,,,,,2,1.04,0.0,0.0
2026-07-17T15:07:03.561289,Raspberry_Relieve10,,,,,,0.0,,,,,,,,,3,0.96,0.0,0.0
2026-07-17T15:07:04.561394,Raspberry_Relieve10,,,,,,0.0,,,,,,,,,4,1.0,0.0,0.0
2026-07-17T15:07:05.561517,Raspberry_Relieve10,,,,,,0.0,,,,,,,,,5,1.03,0.0,0.0
2026-07-17T15:07:06.561657,Raspberry_Relieve10,,,,,,0.0,,,,,,,,,6,1.04,0.0,0.0
2026-07-17T15:07:07.561755,Raspberry_Relieve10,,,,,,0.0,,,,,,,,,7,0.97,0.0,0.0
2026-07-17T15:08:11.096125,Raspberry_Relieve10,,,,,,0.0,,,,,,,,,84,76.22,0.0,0.0
2026-07-17T15:08:12.096311,Raspberry_Relieve10,,,,,,0.0,,,,,,,,,85,0.89,0.0,0.0
2026-07-17T15:08:13.096459,Raspberry_Relieve10,,,,,,0.0,,,,,,,,,86,0.94,0.0,0.0
2026-07-17T15:08:14.096597,Raspberry_Relieve10,,,,,,0.0,,,,,,,,,87,1.04,0.0,0.0
2026-07-17T15:08:15.096744,Raspberry_Relieve10,,,,,,0.0,,,,,,,,,88,0.99,0.0,0.0
2026-07-17T15:08:16.096993,Raspberry_Relieve10,,,,,,0.0,,,,,,,,,88,0.94,0.0,0.0
2026-07-17T15:08:17.097146,Raspberry_Relieve10,,,,,,0.0,,,,,,,,,90,1.11,0.0,0.0
2026-07-17T15:18:19.231658,Raspberry_Relieve10,,,,,,0.0,,,,,,,,,705,615.76,0.0,0.0
2026-07-17T15:18:20.231805,Raspberry_Relieve10,,,,,,0.0,,,,,,,,,706,0.59,0.0,0.0
2026-07-17T15:18:21.231931,Raspberry_Relieve10,,,,,,0.0,,,,,,,,,707,1.02,0.0,0.0
2026-07-17T15:18:22.232063,Raspberry_Relieve10,,,,,,0.0,,,,,,,,,708,1.02,0.0,0.0
2026-07-17T15:18:55.248615,Raspberry_Relieve10,,,,,,0.0,,,,,,,,,741,32.99,0.0,0.0
2026-07-17T15:18:56.248776,Raspberry_Relieve10,,,,,,0.0,,,,,,,,,742,1.4,0.0,0.0
2026-07-17T15:18:57.248946,Raspberry_Relieve10,,,,,,0.0,,,,,,,,,743,0.63,0.0,0.0
2026-07-17T15:18:58.249197,Raspberry_Relieve10,,,,,,0.0,,,,,,,,,744,1.21,0.0,0.0
2026-07-17T15:18:59.249265,Raspberry_Relieve10,,,,,,0.0,,,,,,,,,745,0.79,0.0,0.0
2026-07-17T15:19:00.249457,Raspberry_Relieve10,,,,,,0.0,,,,,,,,,746,1.11,0.0,0.0
2026-07-17T15:19:01.249630,Raspberry_Relieve10,,,,,,0.0,,,,,,,,,747,0.83,0.0,0.0
2026-07-17T15:19:02.249803,Raspberry_Relieve10,,,,,,0.0,,,,,,,,,748,1.16,0.0,0.0
2026-07-17T15:19:03.249934,Raspberry_Relieve10,,,,,,0.0,,,,,,,,,749,0.83,0.0,0.0
2026-07-17T15:19:04.250057,Raspberry_Relieve10,,,,,,0.0,,,,,,,,,750,1.06,0.0,0.0
2026-07-17T15:19:05.250188,Raspberry_Relieve10,,,,,,0.0,,,,,,,,,751,0.96,0.0,0.0
2026-07-17T15:19:06.250302,Raspberry_Relieve10,,,,,,0.0,,,,,,,,,752,1.03,0.0,0.0
2026-07-17T15:19:07.250434,Raspberry_Relieve10,,,,,,0.0,,,,,,,,,753,1.2,0.0,0.0
2026-07-17T15:19:08.250565,Raspberry_Relieve10,,,,,,0.0,,,,,,,,,754,0.8,0.0,0.0
2026-07-17T15:19:09.250689,Raspberry_Relieve10,,,,,,0.0,,,,,,,,,755,1.03,0.0,0.0
2026-07-17T15:19:10.250822,Raspberry_Relieve10,,,,,,0.0,,,,,,,,,756,1.17,0.0,0.0
2026-07-17T15:19:11.250948,Raspberry_Relieve10,,,,,,0.0,,,,,,,,,757,0.74,0.0,0.0
2026-07-17T15:19:12.251075,Raspberry_Relieve10,,,,,,0.0,,,,,,,,,758,1.1,0.0,0.0
2026-07-17T15:19:38.984936,Raspberry_Relieve10,,,,,,0.0,,,,,,,,,759,1.15,0.0,0.0
2026-07-17T15:19:39.985010,Raspberry_Relieve10,,,,,,0.0,,,,,,,,,760,0.92,0.0,0.0
2026-07-17T15:19:40.985163,Raspberry_Relieve10,,,,,,0.0,,,,,,,,,762,1.4,0.0,0.0
2026-07-17T15:19:42.059603,Raspberry_Relieve10,,,,,,0.0,,,,,,,,,762,0.73,0.0,0.0
2026-07-17T15:19:43.059744,Raspberry_Relieve10,,,,,,0.0,,,,,,,,,763,0.74,0.0,0.0
2026-07-17T15:19:44.059905,Raspberry_Relieve10,,,,,,0.0,,,,,,,,,764,1.14,0.0,0.0
2026-07-17T15:19:45.060036,Raspberry_Relieve10,,,,,,0.0,,,,,,,,,765,1.02,0.0,0.0
2026-07-17T15:19:46.060180,Raspberry_Relieve10,,,,,,0.0,,,,,,,,,766,0.92,0.0,0.0
2026-07-17T15:19:47.060311,Raspberry_Relieve10,,,,,,0.0,,,,,,,,,767,1.02,0.0,0.0
2026-07-17T15:19:48.060421,Raspberry_Relieve10,,,,,,0.0,,,,,,,,,768,1.03,0.0,0.0
2026-07-17T15:19:49.060581,Raspberry_Relieve10,,,,,,0.0,,,,,,,,,769,1.02,0.0,0.0
2026-07-17T15:19:50.060712,Raspberry_Relieve10,,,,,,0.0,,,,,,,,,770,0.9,0.0,0.0
2026-07-17T15:19:51.060852,Raspberry_Relieve10,,,,,,0.0,,,,,,,,,771,1.0,0.0,0.0
2026-07-17T15:19:52.060990,Raspberry_Relieve10,,,,,,0.0,,,,,,,,,772,1.0,0.0,0.0
2026-07-17T15:19:53.061124,Raspberry_Relieve10,,,,,,0.0,,,,,,,,,773,1.03,0.0,0.0
2026-07-17T15:19:54.061413,Raspberry_Relieve10,,,,,,0.0,,,,,,,,,774,1.05,0.0,0.0
2026-07-17T15:19:55.061404,Raspberry_Relieve10,,,,,,0.0,,,,,,,,,775,0.9,0.0,0.0
2026-07-17T15:19:56.061545,Raspberry_Relieve10,,,,,,0.0,,,,,,,,,776,1.24,0.0,0.0
2026-07-17T15:19:57.061687,Raspberry_Relieve10,,,,,,0.0,,,,,,,,,777,1.25,0.0,0.0
2026-07-17T15:19:58.061757,Raspberry_Relieve10,,,,,,0.0,,,,,,,,,778,0.59,0.0,0.0
2026-07-17T15:19:59.061922,Raspberry_Relieve10,,,,,,0.0,,,,,,,,,779,1.02,0.0,0.0
2026-07-17T15:20:00.062055,Raspberry_Relieve10,,,,,,0.0,,,,,,,,,780,0.9,0.0,0.0
2026-07-17T15:20:01.062190,Raspberry_Relieve10,,,,,,0.0,,,,,,,,,781,1.3,0.0,0.0
2026-07-17T15:20:02.062336,Raspberry_Relieve10,,,,,,0.0,,,,,,,,,783,1.24,0.0,0.0
2026-07-17T15:20:03.119314,Raspberry_Relieve10,,,,,,0.0,,,,,,,,,783,0.61,0.0,0.0
2026-07-17T15:20:04.119440,Raspberry_Relieve10,,,,,,0.0,,,,,,,,,784,0.96,0.0,0.0
2026-07-17T15:20:05.119607,Raspberry_Relieve10,,,,,,0.0,,,,,,,,,785,1.2,0.0,0.0
2026-07-17T15:20:06.119681,Raspberry_Relieve10,,,,,,0.0,,,,,,,,,786,0.9,0.0,0.0
2026-07-17T15:20:07.119856,Raspberry_Relieve10,,,,,,0.0,,,,,,,,,787,1.02,0.0,0.0
2026-07-17T15:20:08.119955,Raspberry_Relieve10,,,,,,0.0,,,,,,,,,788,0.92,0.0,0.0
2026-07-17T15:20:09.120071,Raspberry_Relieve10,,,,,,0.0,,,,,,,,,789,1.23,0.0,0.0
2026-07-17T15:20:10.120199,Raspberry_Relieve10,,,,,,0.0,,,,,,,,,790,0.75,0.0,0.0
2026-07-17T15:20:11.120382,Raspberry_Relieve10,,,,,,0.0,,,,,,,,,791,1.0,0.0,0.0
2026-07-17T15:20:12.120518,Raspberry_Relieve10,,,,,,0.0,,,,,,,,,792,1.11,0.0,0.0
2026-07-17T15:20:13.120645,Raspberry_Relieve10,,,,,,0.0,,,,,,,,,793,1.05,0.0,0.0
2026-07-17T15:20:14.120777,Raspberry_Relieve10,,,,,,0.0,,,,,,,,,794,0.8,0.0,0.0
2026-07-17T15:20:15.120916,Raspberry_Relieve10,,,,,,0.0,,,,,,,,,795,1.12,0.0,0.0
2026-07-17T15:20:16.121057,Raspberry_Relieve10,,,,,,0.0,,,,,,,,,796,0.89,0.0,0.0
2026-07-17T15:20:17.121187,Raspberry_Relieve10,,,,,,0.0,,,,,,,,,797,1.16,0.0,0.0
2026-07-17T15:20:18.121281,Raspberry_Relieve10,,,,,,0.0,,,,,,,,,798,0.82,0.0,0.0
2026-07-17T15:20:19.121432,Raspberry_Relieve10,,,,,,0.0,,,,,,,,,800,2.25,0.0,0.0
2026-07-17T15:20:20.933396,Raspberry_Relieve10,,,,,,0.0,,,,,,,,,801,0.57,0.0,0.0
2026-07-17T15:20:21.933542,Raspberry_Relieve10,,,,,,0.0,,,,,,,,,802,0.97,0.0,0.0
2026-07-17T15:20:22.933675,Raspberry_Relieve10,,,,,,0.0,,,,,,,,,803,1.23,0.0,0.0
2026-07-17T15:20:23.933815,Raspberry_Relieve10,,,,,,0.0,,,,,,,,,804,0.91,0.0,0.0
2026-07-17T15:20:24.933922,Raspberry_Relieve10,,,,,,0.0,,,,,,,,,805,1.03,0.0,0.0
2026-07-17T15:20:25.934037,Raspberry_Relieve10,,,,,,0.0,,,,,,,,,806,0.87,0.0,0.0
2026-07-17T15:20:26.934166,Raspberry_Relieve10,,,,,,0.0,,,,,,,,,807,0.94,0.0,0.0
2026-07-17T15:20:27.934291,Raspberry_Relieve10,,,,,,0.0,,,,,,,,,808,1.03,0.0,0.0
2026-07-17T15:20:28.934430,Raspberry_Relieve10,,,,,,0.0,,,,,,,,,809,0.97,0.0,0.0
2026-07-17T15:20:29.934561,Raspberry_Relieve10,,,,,,0.0,,,,,,,,,810,0.98,0.0,0.0
2026-07-17T15:20:30.934699,Raspberry_Relieve10,,,,,,0.0,,,,,,,,,811,1.04,0.0,0.0
2026-07-17T15:21:24.014595,Raspberry_Relieve10,,,,,,0.0,,,,,,,,,876,65.46,0.0,0.0
2026-07-17T15:21:25.014715,Raspberry_Relieve10,,,,,,0.0,,,,,,,,,877,0.81,0.0,0.0
2026-07-17T15:21:28.507612,Raspberry_Relieve10,,,,,,0.0,,,,,,,,,960,83.11,0.0,0.0
2026-07-17T15:21:29.507723,Raspberry_Relieve10,,,,,,0.0,,,,,,,,,961,0.87,0.0,0.0
2026-07-17T15:21:30.507801,Raspberry_Relieve10,,,,,,0.0,,,,,,,,,962,0.9,0.0,0.0
2026-07-17T15:21:31.507921,Raspberry_Relieve10,,,,,,0.0,,,,,,,,,963,0.96,0.0,0.0
2026-07-17T15:21:32.508025,Raspberry_Relieve10,,,,,,0.0,,,,,,,,,964,0.97,0.0,0.0
2026-07-17T15:21:33.508143,Raspberry_Relieve10,,,,,,0.0,,,,,,,,,965,0.98,0.0,0.0
2026-07-17T15:21:34.508329,Raspberry_Relieve10,,,,,,0.0,,,,,,,,,966,1.03,0.0,0.0
2026-07-17T15:21:35.508501,Raspberry_Relieve10,,,,,,0.0,,,,,,,,,967,0.99,0.0,0.0
2026-07-17T15:21:36.508616,Raspberry_Relieve10,,,,,,0.0,,,,,,,,,968,1.03,0.0,0.0
2026-07-17T15:21:37.508732,Raspberry_Relieve10,,,,,,0.0,,,,,,,,,969,0.92,0.0,0.0
2026-07-17T15:21:38.508846,Raspberry_Relieve10,,,,,,0.0,,,,,,,,,970,1.04,0.0,0.0
2026-07-17T15:21:39.508955,Raspberry_Relieve10,,,,,,0.0,,,,,,,,,971,1.07,0.0,0.0
2026-07-17T15:21:40.509065,Raspberry_Relieve10,,,,,,0.0,,,,,,,,,972,0.96,0.0,0.0
2026-07-17T15:21:41.509174,Raspberry_Relieve10,,,,,,0.0,,,,,,,,,973,1.23,0.0,0.0
2026-07-17T15:21:42.509267,Raspberry_Relieve10,,,,,,0.0,,,,,,,,,974,0.72,0.0,0.0
2026-07-17T15:21:43.509401,Raspberry_Relieve10,,,,,,0.0,,,,,,,,,975,1.06,0.0,0.0
2026-07-17T15:21:44.509510,Raspberry_Relieve10,,,,,,0.0,,,,,,,,,976,0.98,0.0,0.0
2026-07-17T15:21:45.509626,Raspberry_Relieve10,,,,,,0.0,,,,,,,,,977,0.93,0.0,0.0
2026-07-17T15:23:17.999606,Raspberry_Relieve10,,,,,,0.0,,,,,,,,,978,1.05,0.0,0.0
2026-07-17T15:23:18.999714,Raspberry_Relieve10,,,,,,0.0,,,,,,,,,979,0.99,0.0,0.0
2026-07-17T15:23:19.999826,Raspberry_Relieve10,,,,,,0.0,,,,,,,,,980,1.03,0.0,0.0
2026-07-17T15:23:20.999943,Raspberry_Relieve10,,,,,,0.0,,,,,,,,,981,0.93,0.0,0.0
2026-07-17T15:23:22.000061,Raspberry_Relieve10,,,,,,0.0,,,,,,,,,982,1.07,0.0,0.0
2026-07-17T15:23:23.000163,Raspberry_Relieve10,,,,,,0.0,,,,,,,,,983,1.03,0.0,0.0
2026-07-17T15:23:24.000294,Raspberry_Relieve10,,,,,,0.0,,,,,,,,,984,1.06,0.0,0.0
2026-07-17T15:23:25.000399,Raspberry_Relieve10,,,,,,0.0,,,,,,,,,985,0.92,0.0,0.0
2026-07-17T15:23:26.000511,Raspberry_Relieve10,,,,,,0.0,,,,,,,,,986,1.03,0.0,0.0
2026-07-17T14:59:21.370504,Raspberry_Relieve7,,,,,,0.0,,,,,,,,,10824,1551.01,0.0,0.0
2026-07-17T14:59:22.370595,Raspberry_Relieve7,,,,,,0.0,,,,,,,,,10825,0.94,0.0,0.0
2026-07-17T14:59:23.370700,Raspberry_Relieve7,,,,,,0.0,,,,,,,,,10826,1.03,0.0,0.0
2026-07-17T14:59:24.370941,Raspberry_Relieve7,,,,,,0.0,,,,,,,,,10827,0.92,0.0,0.0
2026-07-17T14:59:25.371063,Raspberry_Relieve7,,,,,,0.0,,,,,,,,,10828,1.06,0.0,0.0
2026-07-17T14:59:26.371203,Raspberry_Relieve7,,,,,,0.0,,,,,,,,,10829,0.94,0.0,0.0
2026-07-17T14:59:27.371327,Raspberry_Relieve7,,,,,,0.0,,,,,,,,,10830,0.96,0.0,0.0
2026-07-17T14:59:28.371475,Raspberry_Relieve7,,,,,,0.0,,,,,,,,,10831,1.02,0.0,0.0
2026-07-17T14:59:29.371660,Raspberry_Relieve7,,,,,,0.0,,,,,,,,,10832,1.03,0.0,0.0
2026-07-17T14:59:30.371795,Raspberry_Relieve7,,,,,,0.0,,,,,,,,,10833,1.03,0.0,0.0
2026-07-17T14:59:31.371889,Raspberry_Relieve7,,,,,,0.0,,,,,,,,,10834,0.92,0.0,0.0
2026-07-17T14:59:32.371985,Raspberry_Relieve7,,,,,,0.0,,,,,,,,,10835,1.02,0.0,0.0
2026-07-17T14:59:33.372091,Raspberry_Relieve7,,,,,,0.0,,,,,,,,,10836,0.92,0.0,0.0
2026-07-17T14:59:34.372185,Raspberry_Relieve7,,,,,,0.0,,,,,,,,,10837,1.02,0.0,0.0
2026-07-17T14:59:35.372280,Raspberry_Relieve7,,,,,,0.0,,,,,,,,,10838,1.11,0.0,0.0
2026-07-17T14:59:36.372380,Raspberry_Relieve7,,,,,,0.0,,,,,,,,,10839,0.86,0.0,0.0
2026-07-17T14:59:37.372475,Raspberry_Relieve7,,,,,,0.0,,,,,,,,,10840,1.05,0.0,0.0
2026-07-17T14:59:38.372625,Raspberry_Relieve7,,,,,,0.0,,,,,,,,,10841,0.98,0.0,0.0
2026-07-17T14:59:39.372748,Raspberry_Relieve7,,,,,,0.0,,,,,,,,,10842,1.04,0.0,0.0
2026-07-17T14:59:40.372860,Raspberry_Relieve7,,,,,,0.0,,,,,,,,,10843,1.01,0.0,0.0
2026-07-17T14:59:41.372991,Raspberry_Relieve7,,,,,,0.0,,,,,,,,,10844,1.03,0.0,0.0
2026-07-17T14:59:42.373115,Raspberry_Relieve7,,,,,,0.0,,,,,,,,,10845,1.0,0.0,0.0
2026-07-17T15:36:58.637765,Raspberry_Relieve1,,,,,,0.0,,,,,,,,,0,,,0.0
2026-07-17T15:36:59.637858,Raspberry_Relieve1,,,,,,0.0,,,,,,,,,0,,,0.0
2026-07-17T15:37:00.637983,Raspberry_Relieve1,,,,,,0.0,,,,,,,,,1,1.01,0.0,0.0
2026-07-17T15:37:01.638093,Raspberry_Relieve1,,,,,,0.0,,,,,,,,,2,1.01,0.0,0.0
2026-07-17T15:37:02.638191,Raspberry_Relieve1,,,,,,0.0,,,,,,,,,3,1.02,0.0,0.0
2026-07-17T15:37:03.638260,Raspberry_Relieve1,,,,,,0.0,,,,,,,,,4,0.88,0.0,0.0
2026-07-17T15:37:04.638389,Raspberry_Relieve1,,,,,,0.0,,,,,,,,,5,1.07,0.0,0.0
2026-07-17T15:37:05.638459,Raspberry_Relieve1,,,,,,0.0,,,,,,,,,6,0.99,0.0,0.0
2026-07-17T15:37:06.638544,Raspberry_Relieve1,,,,,,0.0,,,,,,,,,7,1.04,0.0,0.0
2026-07-17T15:37:07.638629,Raspberry_Relieve1,,,,,,0.0,,,,,,,,,8,1.0,0.0,0.0
2026-07-17T15:37:08.638711,Raspberry_Relieve1,,,,,,0.0,,,,,,,,,9,0.99,0.0,0.0
2026-07-17T15:37:09.638823,Raspberry_Relieve1,,,,,,0.0,,,,,,,,,10,0.99,0.0,0.0
2026-07-17T15:37:10.638899,Raspberry_Relieve1,,,,,,0.0,,,,,,,,,11,1.04,0.0,0.0
2026-07-17T15:37:11.638979,Raspberry_Relieve1,,,,,,0.0,,,,,,,,,12,0.92,0.0,0.0
2026-07-17T15:37:12.639095,Raspberry_Relieve1,,,,,,0.0,,,,,,,,,13,1.03,0.0,0.0
2026-07-17T15:37:13.639159,Raspberry_Relieve1,,,,,,0.0,,,,,,,,,14,1.02,0.0,0.0
2026-07-17T15:37:14.639244,Raspberry_Relieve1,,,,,,0.0,,,,,,,,,15,1.04,0.0,0.0
2026-07-17T15:37:15.639329,Raspberry_Relieve1,,,,,,0.0,,,,,,,,,16,0.91,0.0,0.0
2026-07-17T15:37:16.639410,Raspberry_Relieve1,,,,,,0.0,,,,,,,,,17,1.01,0.0,0.0
2026-07-17T15:37:17.639494,Raspberry_Relieve1,,,,,,0.0,,,,,,,,,18,1.01,0.0,0.0
2026-07-17T15:37:18.639666,Raspberry_Relieve1,,,,,,0.0,,,,,,,,,19,1.03,0.0,0.0
2026-07-17T15:37:19.639740,Raspberry_Relieve1,,,,,,0.0,,,,,,,,,20,1.05,0.0,0.0
2026-07-17T15:37:20.639839,Raspberry_Relieve1,,,,,,0.0,,,,,,,,,21,0.94,0.0,0.0
2026-07-17T15:37:21.639940,Raspberry_Relieve1,,,,,,0.0,,,,,,,,,22,0.98,0.0,0.0
2026-07-17T15:37:22.640043,Raspberry_Relieve1,,,,,,0.0,,,,,,,,,23,1.03,0.0,0.0
2026-07-17T14:59:35.124451,Raspberry_Relieve7,,,,,,0.0,,,,,,,,,11842,996.49,0.0,0.0
2026-07-17T14:59:36.124618,Raspberry_Relieve7,,,,,,0.0,,,,,,,,,11842,0.76,0.0,0.0
2026-07-17T14:59:37.124913,Raspberry_Relieve7,,,,,,0.0,,,,,,,,,11843,0.98,0.0,0.0
2026-07-17T14:59:38.125102,Raspberry_Relieve7,,,,,,0.0,,,,,,,,,11845,1.07,0.0,0.0
2026-07-17T14:59:39.125276,Raspberry_Relieve7,,,,,,0.0,,,,,,,,,11846,1.06,0.0,0.0
2026-07-17T14:59:40.125597,Raspberry_Relieve7,,,,,,0.0,,,,,,,,,11846,0.88,0.0,0.0
2026-07-17T14:59:41.125756,Raspberry_Relieve7,,,,,,0.0,,,,,,,,,11847,1.03,0.0,0.0
2026-07-17T14:59:42.125897,Raspberry_Relieve7,,,,,,0.0,,,,,,,,,11848,0.98,0.0,0.0
2026-07-17T14:59:43.126105,Raspberry_Relieve7,,,,,,0.0,,,,,,,,,11849,1.02,0.0,0.0
2026-07-17T14:59:44.126327,Raspberry_Relieve7,,,,,,0.0,,,,,,,,,11850,0.93,0.0,0.0
2026-07-17T14:59:45.126553,Raspberry_Relieve7,,,,,,0.0,,,,,,,,,11851,1.02,0.0,0.0
2026-07-17T14:59:46.126693,Raspberry_Relieve7,,,,,,0.0,,,,,,,,,11852,0.94,0.0,0.0
2026-07-17T14:59:47.126831,Raspberry_Relieve7,,,,,,0.0,,,,,,,,,11853,1.13,0.0,0.0
2026-07-17T14:59:48.126980,Raspberry_Relieve7,,,,,,0.0,,,,,,,,,11854,0.91,0.0,0.0
2026-07-17T14:59:49.127113,Raspberry_Relieve7,,,,,,0.0,,,,,,,,,11855,1.0,0.0,0.0
2026-07-17T14:59:50.127256,Raspberry_Relieve7,,,,,,0.0,,,,,,,,,11856,1.0,0.0,0.0
2026-07-17T14:59:51.127384,Raspberry_Relieve7,,,,,,0.0,,,,,,,,,11857,1.06,0.0,0.0
2026-07-17T14:59:52.127519,Raspberry_Relieve7,,,,,,0.0,,,,,,,,,11858,0.93,0.0,0.0
2026-07-17T14:59:53.127655,Raspberry_Relieve7,,,,,,0.0,,,,,,,,,11859,1.01,0.0,0.0
2026-07-17T14:59:54.127760,Raspberry_Relieve7,,,,,,0.0,,,,,,,,,11860,1.02,0.0,0.0
2026-07-17T15:41:46.125145,Raspberry_Relieve7,,,,,,0.0,,,,,,,,,11861,0.98,0.0,0.0
2026-07-17T15:41:47.125287,Raspberry_Relieve7,,,,,,0.0,,,,,,,,,11862,1.01,0.0,0.0
2026-07-17T15:41:48.125424,Raspberry_Relieve7,,,,,,0.0,,,,,,,,,11863,0.93,0.0,0.0
2026-07-17T15:41:49.125597,Raspberry_Relieve7,,,,,,0.0,,,,,,,,,11864,1.12,0.0,0.0
2026-07-17T15:41:50.125806,Raspberry_Relieve7,,,,,,0.0,,,,,,,,,11865,0.96,0.0,0.0
2026-07-17T15:41:51.125958,Raspberry_Relieve7,,,,,,0.0,,,,,,,,,11866,0.95,0.0,0.0
2026-07-17T15:41:52.126126,Raspberry_Relieve7,,,,,,0.0,,,,,,,,,11867,1.01,0.0,0.0
2026-07-17T15:41:53.126282,Raspberry_Relieve7,,,,,,0.0,,,,,,,,,11868,1.04,0.0,0.0
2026-07-17T15:41:54.126509,Raspberry_Relieve7,,,,,,0.0,,,,,,,,,11869,0.91,0.0,0.0
2026-07-17T15:41:55.127740,Raspberry_Relieve7,,,,,,0.0,,,,,,,,,11870,1.06,0.0,0.0
2026-07-17T15:41:56.127924,Raspberry_Relieve7,,,,,,0.0,,,,,,,,,11871,1.06,0.0,0.0
2026-07-17T15:41:57.128166,Raspberry_Relieve7,,,,,,0.0,,,,,,,,,11872,0.94,0.0,0.0
2026-07-16T16:06:22.838453,Raspberry_Relieve11,,,,,,0.0,,,,,,,,,0,,,0.0
2026-07-16T16:06:23.838735,Raspberry_Relieve11,,,,,,0.0,,,,,,,,,0,,,0.0
2026-07-16T16:06:24.838865,Raspberry_Relieve11,,,,,,0.0,,,,,,,,,2,1.1,0.0,0.0
2026-07-16T16:06:25.838980,Raspberry_Relieve11,,,,,,0.0,,,,,,,,,2,0.91,0.0,0.0
2026-07-16T16:06:26.839093,Raspberry_Relieve11,,,,,,0.0,,,,,,,,,3,0.91,0.0,0.0
2026-07-16T16:06:27.839208,Raspberry_Relieve11,,,,,,0.0,,,,,,,,,4,0.97,0.0,0.0
2026-07-16T16:06:28.839427,Raspberry_Relieve11,,,,,,0.0,,,,,,,,,5,1.04,0.0,0.0
2026-07-16T16:06:29.839573,Raspberry_Relieve11,,,,,,0.0,,,,,,,,,6,1.05,0.0,0.0
2026-07-16T16:06:30.839769,Raspberry_Relieve11,,,,,,0.0,,,,,,,,,7,1.05,0.0,0.0
2026-07-16T16:06:31.839867,Raspberry_Relieve11,,,,,,0.0,,,,,,,,,8,0.92,0.0,0.0
2026-07-16T16:06:32.839985,Raspberry_Relieve11,,,,,,0.0,,,,,,,,,9,0.97,0.0,0.0
2026-07-16T16:06:33.840100,Raspberry_Relieve11,,,,,,0.0,,,,,,,,,10,0.97,0.0,0.0
2026-07-16T16:06:34.840210,Raspberry_Relieve11,,,,,,0.0,,,,,,,,,11,1.01,0.0,0.0
2026-07-16T16:06:35.840323,Raspberry_Relieve11,,,,,,0.0,,,,,,,,,12,1.02,0.0,0.0
2026-07-17T15:51:17.248214,Raspberry_Relieve11,,,,,,0.0,,,,,,,,,13,1.03,0.0,0.0
2026-07-17T15:51:18.248324,Raspberry_Relieve11,,,,,,0.0,,,,,,,,,14,1.04,0.0,0.0
2026-07-17T15:51:19.248440,Raspberry_Relieve11,,,,,,0.0,,,,,,,,,15,1.02,0.0,0.0
2026-07-17T15:51:20.248564,Raspberry_Relieve11,,,,,,0.0,,,,,,,,,16,0.92,0.0,0.0
2026-07-17T15:51:21.248674,Raspberry_Relieve11,,,,,,0.0,,,,,,,,,17,1.01,0.0,0.0
2026-07-17T15:51:22.248774,Raspberry_Relieve11,,,,,,0.0,,,,,,,,,18,1.05,0.0,0.0
2026-07-17T15:51:23.248914,Raspberry_Relieve11,,,,,,0.0,,,,,,,,,19,0.93,0.0,0.0
2026-07-17T15:51:24.249047,Raspberry_Relieve11,,,,,,0.0,,,,,,,,,20,1.08,0.0,0.0
2026-07-17T16:00:15.354166,Raspberry_Relieve8,,,,,,0.0,,,,,,,,,0,,,0.0
2026-07-17T16:00:16.354342,Raspberry_Relieve8,,,,,,0.0,,,,,,,,,1,,,0.0
2026-07-17T16:00:17.354429,Raspberry_Relieve8,,,,,,0.0,,,,,,,,,2,1.11,0.0,0.0
2026-07-17T16:00:18.354520,Raspberry_Relieve8,,,,,,0.0,,,,,,,,,3,0.94,0.0,0.0
2026-07-17T16:00:19.354645,Raspberry_Relieve8,,,,,,0.0,,,,,,,,,3,0.82,0.0,0.0
2026-07-17T16:00:20.354747,Raspberry_Relieve8,,,,,,0.0,,,,,,,,,4,1.04,0.0,0.0
2026-07-17T16:00:21.354888,Raspberry_Relieve8,,,,,,0.0,,,,,,,,,6,1.12,0.0,0.0
2026-07-17T16:00:22.354974,Raspberry_Relieve8,,,,,,0.0,,,,,,,,,6,0.84,0.0,0.0
2026-07-17T16:00:23.355134,Raspberry_Relieve8,,,,,,0.0,,,,,,,,,7,1.04,0.0,0.0
2026-07-17T16:00:24.355237,Raspberry_Relieve8,,,,,,0.0,,,,,,,,,8,1.01,0.0,0.0
2026-07-17T16:00:25.355344,Raspberry_Relieve8,,,,,,0.0,,,,,,,,,9,1.0,0.0,0.0
2026-07-17T16:00:26.355504,Raspberry_Relieve8,,,,,,0.0,,,,,,,,,10,0.95,0.0,0.0
2026-07-17T16:00:27.355580,Raspberry_Relieve8,,,,,,0.0,,,,,,,,,12,1.12,0.0,0.0
2026-07-17T16:00:28.355698,Raspberry_Relieve8,,,,,,0.0,,,,,,,,,13,0.99,0.0,0.0
2026-07-17T16:00:29.355813,Raspberry_Relieve8,,,,,,0.0,,,,,,,,,13,0.92,0.0,0.0
2026-07-17T16:00:30.355921,Raspberry_Relieve8,,,,,,0.0,,,,,,,,,14,0.98,0.0,0.0
2026-07-17T16:00:31.356043,Raspberry_Relieve8,,,,,,0.0,,,,,,,,,15,1.03,0.0,0.0
2026-07-17T16:00:32.356166,Raspberry_Relieve8,,,,,,0.0,,,,,,,,,17,1.05,0.0,0.0
2026-07-17T16:00:33.356273,Raspberry_Relieve8,,,,,,0.0,,,,,,,,,18,1.03,0.0,0.0
2026-07-17T16:00:34.356403,Raspberry_Relieve8,,,,,,0.0,,,,,,,,,18,0.96,0.0,0.0
2026-07-17T16:00:35.356513,Raspberry_Relieve8,,,,,,0.0,,,,,,,,,20,1.03,0.0,0.0
2026-07-17T16:00:36.356627,Raspberry_Relieve8,,,,,,0.0,,,,,,,,,21,1.0,0.0,0.0
2026-07-17T16:00:37.356740,Raspberry_Relieve8,,,,,,0.0,,,,,,,,,21,0.93,0.0,0.0
2026-07-17T16:00:38.356859,Raspberry_Relieve8,,,,,,0.0,,,,,,,,,22,1.02,0.0,0.0
2026-07-17T16:00:39.356969,Raspberry_Relieve8,,,,,,0.0,,,,,,,,,23,0.95,0.0,0.0
2026-07-17T16:00:40.357064,Raspberry_Relieve8,,,,,,0.0,,,,,,,,,24,1.06,0.0,0.0
2026-07-17T16:00:41.357195,Raspberry_Relieve8,,,,,,0.0,,,,,,,,,25,0.99,0.0,0.0
2026-07-17T16:00:42.357312,Raspberry_Relieve8,,,,,,0.0,,,,,,,,,26,0.97,0.0,0.0
2026-07-17T16:00:43.357422,Raspberry_Relieve8,,,,,,0.0,,,,,,,,,27,1.0,0.0,0.0
2026-07-17T16:00:44.357612,Raspberry_Relieve8,,,,,,0.0,,,,,,,,,28,1.03,0.0,0.0
2026-07-17T16:00:45.357724,Raspberry_Relieve8,,,,,,0.0,,,,,,,,,29,1.03,0.0,0.0
2026-07-17T16:00:46.357845,Raspberry_Relieve8,,,,,,0.0,,,,,,,,,30,0.98,0.0,0.0
2026-07-17T16:00:47.357952,Raspberry_Relieve8,,,,,,0.0,,,,,,,,,31,0.99,0.0,0.0
2026-07-17T16:00:48.358155,Raspberry_Relieve8,,,,,,0.0,,,,,,,,,33,1.06,0.0,0.0
2026-07-17T16:00:49.358385,Raspberry_Relieve8,,,,,,0.0,,,,,,,,,34,1.02,0.0,0.0
2026-07-17T16:00:50.358493,Raspberry_Relieve8,,,,,,0.0,,,,,,,,,34,0.92,0.0,0.0
2026-07-17T16:00:51.358626,Raspberry_Relieve8,,,,,,0.0,,,,,,,,,35,1.02,0.0,0.0
2026-07-17T16:00:52.358783,Raspberry_Relieve8,,,,,,0.0,,,,,,,,,36,1.02,0.0,0.0
2026-07-17T16:00:53.358923,Raspberry_Relieve8,,,,,,0.0,,,,,,,,,37,0.92,0.0,0.0
2026-07-17T16:00:54.359080,Raspberry_Relieve8,,,,,,0.0,,,,,,,,,39,1.13,0.0,0.0
2026-07-17T16:00:55.359207,Raspberry_Relieve8,,,,,,0.0,,,,,,,,,39,0.92,0.0,0.0
2026-07-17T16:00:56.359373,Raspberry_Relieve8,,,,,,0.0,,,,,,,,,40,0.97,0.0,0.0
2026-07-17T16:00:57.359517,Raspberry_Relieve8,,,,,,0.0,,,,,,,,,42,1.16,0.0,0.0
2026-07-17T16:00:58.359667,Raspberry_Relieve8,,,,,,0.0,,,,,,,,,42,0.84,0.0,0.0
2026-07-17T16:00:59.359900,Raspberry_Relieve8,,,,,,0.0,,,,,,,,,44,1.12,0.0,0.0
2026-07-17T16:01:00.360010,Raspberry_Relieve8,,,,,,0.0,,,,,,,,,45,1.03,0.0,0.0
2026-07-17T16:01:01.360123,Raspberry_Relieve8,,,,,,0.0,,,,,,,,,46,0.97,0.0,0.0
2026-07-17T16:01:02.360253,Raspberry_Relieve8,,,,,,0.0,,,,,,,,,47,1.04,0.0,0.0
2026-07-17T16:01:03.360364,Raspberry_Relieve8,,,,,,0.0,,,,,,,,,48,0.95,0.0,0.0
2026-07-17T16:01:04.360487,Raspberry_Relieve8,,,,,,0.0,,,,,,,,,49,1.18,0.0,0.0
2026-07-17T16:01:05.360605,Raspberry_Relieve8,,,,,,0.0,,,,,,,,,50,0.87,0.0,0.0
2026-07-17T16:01:06.360748,Raspberry_Relieve8,,,,,,0.0,,,,,,,,,50,0.88,0.0,0.0
2026-07-17T16:01:07.360887,Raspberry_Relieve8,,,,,,0.0,,,,,,,,,51,1.03,0.0,0.0
2026-07-17T16:01:08.361002,Raspberry_Relieve8,,,,,,0.0,,,,,,,,,53,1.05,0.0,0.0
2026-07-17T16:01:09.361103,Raspberry_Relieve8,,,,,,0.0,,,,,,,,,54,1.04,0.0,0.0
2026-07-17T16:01:10.361213,Raspberry_Relieve8,,,,,,0.0,,,,,,,,,55,0.93,0.0,0.0
2026-07-17T16:01:11.361386,Raspberry_Relieve8,,,,,,0.0,,,,,,,,,56,1.01,0.0,0.0
2026-07-17T16:01:12.361512,Raspberry_Relieve8,,,,,,0.0,,,,,,,,,56,0.94,0.0,0.0
2026-07-17T16:01:13.361646,Raspberry_Relieve8,,,,,,0.0,,,,,,,,,58,1.09,0.0,0.0
2026-07-17T16:01:14.361748,Raspberry_Relieve8,,,,,,0.0,,,,,,,,,59,0.99,0.0,0.0
2026-07-17T16:01:15.361857,Raspberry_Relieve8,,,,,,0.0,,,,,,,,,59,0.87,0.0,0.0
2026-07-17T16:01:16.361989,Raspberry_Relieve8,,,,,,0.0,,,,,,,,,60,1.06,0.0,0.0
2026-07-17T16:01:17.362137,Raspberry_Relieve8,,,,,,0.0,,,,,,,,,62,1.05,0.0,0.0
2026-07-17T16:01:18.362239,Raspberry_Relieve8,,,,,,0.0,,,,,,,,,62,0.95,0.0,0.0
2026-07-17T16:01:19.362356,Raspberry_Relieve8,,,,,,0.0,,,,,,,,,64,1.02,0.0,0.0
2026-07-17T16:01:20.362444,Raspberry_Relieve8,,,,,,0.0,,,,,,,,,64,0.95,0.0,0.0
2026-07-17T16:01:21.362600,Raspberry_Relieve8,,,,,,0.0,,,,,,,,,65,1.0,0.0,0.0
2026-07-17T16:01:22.362732,Raspberry_Relieve8,,,,,,0.0,,,,,,,,,66,1.03,0.0,0.0
2026-07-17T16:01:23.362858,Raspberry_Relieve8,,,,,,0.0,,,,,,,,,67,0.92,0.0,0.0
2026-07-17T16:01:24.362977,Raspberry_Relieve8,,,,,,0.0,,,,,,,,,68,1.04,0.0,0.0
2026-07-17T16:01:25.363101,Raspberry_Relieve8,,,,,,0.0,,,,,,,,,69,1.01,0.0,0.0
2026-07-17T16:01:26.363172,Raspberry_Relieve8,,,,,,0.0,,,,,,,,,70,1.02,0.0,0.0
2026-07-17T16:01:27.363323,Raspberry_Relieve8,,,,,,0.0,,,,,,,,,72,1.02,0.0,0.0
2026-07-17T16:01:28.363458,Raspberry_Relieve8,,,,,,0.0,,,,,,,,,72,0.97,0.0,0.0
2026-07-17T16:01:29.363582,Raspberry_Relieve8,,,,,,0.0,,,,,,,,,73,0.96,0.0,0.0
2026-07-17T16:01:30.363686,Raspberry_Relieve8,,,,,,0.0,,,,,,,,,74,1.01,0.0,0.0
2026-07-17T16:01:31.363823,Raspberry_Relieve8,,,,,,0.0,,,,,,,,,75,1.0,0.0,0.0
2026-07-17T16:01:32.363951,Raspberry_Relieve8,,,,,,0.0,,,,,,,,,76,0.99,0.0,0.0
2026-07-17T16:01:33.364074,Raspberry_Relieve8,,,,,,0.0,,,,,,,,,77,1.05,0.0,0.0
2026-07-17T16:01:34.364200,Raspberry_Relieve8,,,,,,0.0,,,,,,,,,78,0.96,0.0,0.0
2026-07-17T16:01:35.364331,Raspberry_Relieve8,,,,,,0.0,,,,,,,,,79,1.03,0.0,0.0
2026-07-17T16:01:36.364453,Raspberry_Relieve8,,,,,,0.0,,,,,,,,,81,1.05,0.0,0.0
2026-07-17T16:01:37.364572,Raspberry_Relieve8,,,,,,0.0,,,,,,,,,81,0.92,0.0,0.0
2026-07-17T16:01:38.364697,Raspberry_Relieve8,,,,,,0.0,,,,,,,,,82,1.02,0.0,0.0
2026-07-17T16:01:39.364817,Raspberry_Relieve8,,,,,,0.0,,,,,,,,,83,1.02,0.0,0.0
2026-07-17T16:01:40.364906,Raspberry_Relieve8,,,,,,0.0,,,,,,,,,84,0.92,0.0,0.0
2026-07-17T16:01:41.365141,Raspberry_Relieve8,,,,,,0.0,,,,,,,,,85,1.02,0.0,0.0
2026-07-17T16:01:42.365263,Raspberry_Relieve8,,,,,,0.0,,,,,,,,,86,1.02,0.0,0.0
2026-07-17T16:01:43.365383,Raspberry_Relieve8,,,,,,0.0,,,,,,,,,87,1.02,0.0,0.0
2026-07-17T16:01:44.365530,Raspberry_Relieve8,,,,,,0.0,,,,,,,,,88,0.97,0.0,0.0
2026-07-17T16:01:45.365735,Raspberry_Relieve8,,,,,,0.0,,,,,,,,,89,0.98,0.0,0.0
2026-07-17T16:09:33.223529,Raspberry_Relieve3,,,,,,0.0,,,,,,,,,0,,,0.0
2026-07-17T16:09:34.223450,Raspberry_Relieve3,,,,,,0.0,,,,,,,,,1,,,0.0
2026-07-17T16:09:35.223547,Raspberry_Relieve3,,,,,,0.0,,,,,,,,,1,0.92,0.0,0.0
2026-07-17T16:09:36.223654,Raspberry_Relieve3,,,,,,0.0,,,,,,,,,3,1.04,0.0,0.0
2026-07-17T16:09:37.223774,Raspberry_Relieve3,,,,,,0.0,,,,,,,,,3,0.92,0.0,0.0
2026-07-17T16:09:38.223887,Raspberry_Relieve3,,,,,,0.0,,,,,,,,,4,1.01,0.0,0.0
2026-07-17T16:09:39.223999,Raspberry_Relieve3,,,,,,0.0,,,,,,,,,5,1.0,0.0,0.0
2026-07-17T16:09:40.224106,Raspberry_Relieve3,,,,,,0.0,,,,,,,,,7,1.12,0.0,0.0
2026-07-17T16:09:41.224179,Raspberry_Relieve3,,,,,,0.0,,,,,,,,,8,0.98,0.0,0.0
2026-07-17T16:09:42.224354,Raspberry_Relieve3,,,,,,0.0,,,,,,,,,8,0.9,0.0,0.0
2026-07-17T16:09:43.224423,Raspberry_Relieve3,,,,,,0.0,,,,,,,,,9,1.0,0.0,0.0
2026-07-17T16:09:44.224546,Raspberry_Relieve3,,,,,,0.0,,,,,,,,,10,1.04,0.0,0.0
2026-07-17T16:09:45.224725,Raspberry_Relieve3,,,,,,0.0,,,,,,,,,12,1.03,0.0,0.0
2026-07-17T16:09:46.224813,Raspberry_Relieve3,,,,,,0.0,,,,,,,,,12,0.94,0.0,0.0
2026-07-17T16:09:47.224948,Raspberry_Relieve3,,,,,,0.0,,,,,,,,,13,1.04,0.0,0.0
2026-07-17T16:09:48.225071,Raspberry_Relieve3,,,,,,0.0,,,,,,,,,15,1.19,0.0,0.0
2026-07-17T16:09:49.225131,Raspberry_Relieve3,,,,,,0.0,,,,,,,,,15,0.75,0.0,0.0
2026-07-17T16:09:50.225215,Raspberry_Relieve3,,,,,,0.0,,,,,,,,,16,1.05,0.0,0.0
2026-07-17T16:09:51.225351,Raspberry_Relieve3,,,,,,0.0,,,,,,,,,18,1.03,0.0,0.0
2026-07-17T16:09:52.225466,Raspberry_Relieve3,,,,,,0.0,,,,,,,,,18,0.93,0.0,0.0
2026-07-17T16:09:53.225578,Raspberry_Relieve3,,,,,,0.0,,,,,,,,,19,1.05,0.0,0.0
2026-07-17T16:09:54.225696,Raspberry_Relieve3,,,,,,0.0,,,,,,,,,20,0.99,0.0,0.0
2026-07-17T16:09:55.225808,Raspberry_Relieve3,,,,,,0.0,,,,,,,,,21,0.97,0.0,0.0
2026-07-17T16:09:56.225923,Raspberry_Relieve3,,,,,,0.0,,,,,,,,,23,1.15,0.0,0.0
2026-07-16T17:43:09.363969,Raspberry_Relieve12,,,,,,0.0,,,,,,,,,0,,,0.0
2026-07-16T17:43:10.364203,Raspberry_Relieve12,,,,,,0.0,,,,,,,,,0,,,0.0
2026-07-16T17:43:11.364326,Raspberry_Relieve12,,,,,,0.0,,,,,,,,,1,1.15,0.0,0.0
2026-07-16T17:43:12.364477,Raspberry_Relieve12,,,,,,0.0,,,,,,,,,2,0.93,0.0,0.0
2026-07-16T17:43:13.364636,Raspberry_Relieve12,,,,,,0.0,,,,,,,,,3,1.02,0.0,0.0
2026-07-16T17:43:14.364743,Raspberry_Relieve12,,,,,,0.0,,,,,,,,,4,0.9,0.0,0.0
2026-07-16T17:43:15.364839,Raspberry_Relieve12,,,,,,0.0,,,,,,,,,5,1.03,0.0,0.0
2026-07-16T17:43:16.365675,Raspberry_Relieve12,,,,,,0.0,,,,,,,,,6,0.94,0.0,0.0
2026-07-16T17:43:17.365802,Raspberry_Relieve12,,,,,,0.0,,,,,,,,,7,1.21,0.0,0.0
2026-07-16T17:43:18.365989,Raspberry_Relieve12,,,,,,0.0,,,,,,,,,8,0.84,0.0,0.0
2026-07-16T17:43:19.366100,Raspberry_Relieve12,,,,,,0.0,,,,,,,,,9,1.13,0.0,0.0
2026-07-16T17:43:20.366207,Raspberry_Relieve12,,,,,,0.0,,,,,,,,,10,0.82,0.0,0.0
2026-07-16T17:43:21.366311,Raspberry_Relieve12,,,,,,0.0,,,,,,,,,11,1.12,0.0,0.0
2026-07-16T17:43:14.892482,Raspberry_Relieve12,,,,,,0.0,,,,,,,,,114,103.14,0.0,0.0
2026-07-16T17:43:15.892656,Raspberry_Relieve12,,,,,,0.0,,,,,,,,,115,0.8,0.0,0.0
2026-07-16T17:43:16.892800,Raspberry_Relieve12,,,,,,0.0,,,,,,,,,116,1.1,0.0,0.0
2026-07-16T17:43:17.892952,Raspberry_Relieve12,,,,,,0.0,,,,,,,,,117,1.01,0.0,0.0
2026-07-16T17:43:18.893124,Raspberry_Relieve12,,,,,,0.0,,,,,,,,,118,0.8,0.0,0.0
2026-07-16T17:43:19.893242,Raspberry_Relieve12,,,,,,0.0,,,,,,,,,119,1.01,0.0,0.0
2026-07-15T18:32:46.063209,Raspberry_Relieve6,,,,,,0.0,,,,,,,,,0,,,0.0
2026-07-17T16:24:04.241433,Raspberry_Relieve6,,,,,,0.0,,,,,,,,,0,,,0.0
2026-07-17T16:24:05.241587,Raspberry_Relieve6,,,,,,0.0,,,,,,,,,1,1.12,0.0,0.0
2026-07-17T16:24:06.241722,Raspberry_Relieve6,,,,,,0.0,,,,,,,,,3,1.02,0.0,0.0
2026-07-17T16:24:07.241892,Raspberry_Relieve6,,,,,,0.0,,,,,,,,,3,0.81,0.0,0.0
2026-07-17T16:24:08.242042,Raspberry_Relieve6,,,,,,0.0,,,,,,,,,4,1.03,0.0,0.0
2026-07-17T16:24:09.244883,Raspberry_Relieve6,,,,,,0.0,,,,,,,,,7,2.15,0.0,0.0
2026-07-17T16:24:10.941690,Raspberry_Relieve6,,,,,,0.0,,,,,,,,,7,0.51,0.0,0.0
2026-07-17T16:24:11.941900,Raspberry_Relieve6,,,,,,0.0,,,,,,,,,8,1.03,0.0,0.0
2026-07-17T16:24:12.942043,Raspberry_Relieve6,,,,,,0.0,,,,,,,,,9,0.96,0.0,0.0
2026-07-17T16:24:13.942198,Raspberry_Relieve6,,,,,,0.0,,,,,,,,,10,0.99,0.0,0.0
2026-07-17T16:24:14.942332,Raspberry_Relieve6,,,,,,0.0,,,,,,,,,11,1.02,0.0,0.0
2026-07-17T16:24:15.942473,Raspberry_Relieve6,,,,,,0.0,,,,,,,,,12,0.94,0.0,0.0
2026-07-17T16:24:16.942608,Raspberry_Relieve6,,,,,,0.0,,,,,,,,,13,1.03,0.0,0.0
2026-07-17T16:24:17.942743,Raspberry_Relieve6,,,,,,0.0,,,,,,,,,14,1.0,0.0,0.0
2026-07-17T16:24:18.942875,Raspberry_Relieve6,,,,,,0.0,,,,,,,,,15,1.08,0.0,0.0
2026-07-17T16:24:19.942997,Raspberry_Relieve6,,,,,,0.0,,,,,,,,,16,0.96,0.0,0.0
2026-07-17T16:24:20.943109,Raspberry_Relieve6,,,,,,0.0,,,,,,,,,17,1.03,0.0,0.0
2026-07-17T16:24:21.943239,Raspberry_Relieve6,,,,,,0.0,,,,,,,,,18,0.92,0.0,0.0
2026-07-17T16:24:22.943389,Raspberry_Relieve6,,,,,,0.0,,,,,,,,,19,1.11,0.0,0.0
2026-07-17T16:24:23.943495,Raspberry_Relieve6,,,,,,0.0,,,,,,,,,20,0.94,0.0,0.0
2026-07-17T16:24:24.943624,Raspberry_Relieve6,,,,,,0.0,,,,,,,,,21,1.03,0.0,0.0
2026-07-17T16:24:25.943728,Raspberry_Relieve6,,,,,,0.0,,,,,,,,,22,1.02,0.0,0.0
2026-07-17T16:24:26.943845,Raspberry_Relieve6,,,,,,0.0,,,,,,,,,24,1.54,0.0,0.0
2026-07-17T16:24:28.080031,Raspberry_Relieve6,,,,,,0.0,,,,,,,,,24,0.49,0.0,0.0
2026-07-15T18:40:11.157235,Raspberry_Relieve9,,,,,,0.0,,,,,,,,,0,,,0.0
2026-07-17T16:33:01.246675,Raspberry_Relieve9,,,,,,0.0,,,,,,,,,0,,,0.0
2026-07-17T16:33:02.246791,Raspberry_Relieve9,,,,,,0.0,,,,,,,,,1,1.07,0.0,0.0
2026-07-17T16:33:03.246884,Raspberry_Relieve9,,,,,,0.0,,,,,,,,,3,1.15,0.0,0.0
2026-07-17T16:33:04.246988,Raspberry_Relieve9,,,,,,0.0,,,,,,,,,3,0.8,0.0,0.0
2026-07-17T16:33:05.247103,Raspberry_Relieve9,,,,,,0.0,,,,,,,,,4,1.05,0.0,0.0
2026-07-17T16:33:06.247231,Raspberry_Relieve9,,,,,,0.0,,,,,,,,,5,0.93,0.0,0.0
2026-07-17T16:33:07.247352,Raspberry_Relieve9,,,,,,0.0,,,,,,,,,6,0.97,0.0,0.0
2026-07-17T16:33:08.247452,Raspberry_Relieve9,,,,,,0.0,,,,,,,,,8,1.28,0.0,0.0
2026-07-17T16:33:09.247552,Raspberry_Relieve9,,,,,,0.0,,,,,,,,,8,0.67,0.0,0.0
2026-07-17T16:33:10.247692,Raspberry_Relieve9,,,,,,0.0,,,,,,,,,9,1.22,0.0,0.0
2026-07-17T16:33:11.247782,Raspberry_Relieve9,,,,,,0.0,,,,,,,,,10,0.92,0.0,0.0
2026-07-17T16:33:12.247891,Raspberry_Relieve9,,,,,,0.0,,,,,,,,,11,0.98,0.0,0.0
2026-07-17T16:33:13.247996,Raspberry_Relieve9,,,,,,0.0,,,,,,,,,12,1.15,0.0,0.0
2026-07-17T16:33:14.248105,Raspberry_Relieve9,,,,,,0.0,,,,,,,,,13,0.71,0.0,0.0
2026-07-17T16:45:30.670039,Raspberry_Relieve2,,,,,,0.0,,,,,,,,,0,,,0.0
2026-07-17T16:45:30.550800,Raspberry_Relieve2,,,,,,0.0,,,,,,,,,0,,,0.0
2026-07-17T16:45:31.550970,Raspberry_Relieve2,,,,,,0.0,,,,,,,,,0,0.92,0.0,0.0
2026-07-17T16:45:31.670202,Raspberry_Relieve2,,,,,,0.0,,,,,,,,,0,0.06,0.0,0.0
2026-07-17T16:45:32.551076,Raspberry_Relieve2,,,,,,0.0,,,,,,,,,1,0.89,0.0,0.0
2026-07-17T16:45:32.670349,Raspberry_Relieve2,,,,,,0.0,,,,,,,,,1,0.09,0.0,0.0
2026-07-17T16:45:33.551207,Raspberry_Relieve2,,,,,,0.0,,,,,,,,,2,0.93,0.0,0.0
2026-07-17T16:45:33.670512,Raspberry_Relieve2,,,,,,0.0,,,,,,,,,2,0.1,0.0,0.0
2026-07-17T16:45:34.551342,Raspberry_Relieve2,,,,,,0.0,,,,,,,,,3,0.87,0.0,0.0
2026-07-17T16:45:34.670678,Raspberry_Relieve2,,,,,,0.0,,,,,,,,,3,0.1,0.0,0.0
2026-07-17T16:45:35.551476,Raspberry_Relieve2,,,,,,0.0,,,,,,,,,4,0.96,0.0,0.0
2026-07-17T16:45:35.670859,Raspberry_Relieve2,,,,,,0.0,,,,,,,,,5,0.09,0.0,0.0
2026-07-17T16:45:36.551599,Raspberry_Relieve2,,,,,,0.0,,,,,,,,,5,0.86,0.0,0.0
2026-07-17T16:45:36.670990,Raspberry_Relieve2,,,,,,0.0,,,,,,,,,6,0.17,0.0,0.0
2026-07-17T16:45:37.551729,Raspberry_Relieve2,,,,,,0.0,,,,,,,,,6,0.91,0.0,0.0
2026-07-17T16:45:37.671110,Raspberry_Relieve2,,,,,,0.0,,,,,,,,,6,0.02,0.0,0.0
2026-07-17T16:45:38.551841,Raspberry_Relieve2,,,,,,0.0,,,,,,,,,7,0.99,0.0,0.0
2026-07-17T16:45:38.671271,Raspberry_Relieve2,,,,,,0.0,,,,,,,,,8,0.07,0.0,0.0
2026-07-17T16:45:39.551970,Raspberry_Relieve2,,,,,,0.0,,,,,,,,,8,0.88,0.0,0.0
2026-07-17T16:45:39.671390,Raspberry_Relieve2,,,,,,0.0,,,,,,,,,9,0.1,0.0,0.0
2026-07-17T16:45:40.552082,Raspberry_Relieve2,,,,,,0.0,,,,,,,,,9,0.9,0.0,0.0
2026-07-17T16:45:40.671530,Raspberry_Relieve2,,,,,,0.0,,,,,,,,,9,0.06,0.0,0.0
2026-07-17T16:46:15.780171,Raspberry_Relieve2,,,,,,0.0,,,,,,,,,45,35.29,0.0,0.0
2026-07-17T16:46:16.780276,Raspberry_Relieve2,,,,,,0.0,,,,,,,,,46,0.87,0.0,0.0
2026-07-17T16:46:17.780406,Raspberry_Relieve2,,,,,,0.0,,,,,,,,,47,1.04,0.0,0.0
2026-07-17T16:46:18.079743,Raspberry_Relieve2,,,,,,0.0,,,,,,,,,47,0.19,0.0,0.0
2026-07-17T16:46:18.780533,Raspberry_Relieve2,,,,,,0.0,,,,,,,,,48,0.84,0.0,0.0
2026-07-17T16:46:19.079861,Raspberry_Relieve2,,,,,,0.0,,,,,,,,,48,0.16,0.0,0.0
2026-07-17T16:46:19.780666,Raspberry_Relieve2,,,,,,0.0,,,,,,,,,49,0.89,0.0,0.0
2026-07-17T16:46:20.079996,Raspberry_Relieve2,,,,,,0.0,,,,,,,,,49,0.16,0.0,0.0
2026-07-17T16:46:20.780861,Raspberry_Relieve2,,,,,,0.0,,,,,,,,,50,0.71,0.0,0.0
2026-07-17T16:46:21.080146,Raspberry_Relieve2,,,,,,0.0,,,,,,,,,50,0.26,0.0,0.0
2026-07-17T16:46:21.781067,Raspberry_Relieve2,,,,,,0.0,,,,,,,,,51,0.69,0.0,0.0
2026-07-17T16:46:22.080291,Raspberry_Relieve2,,,,,,0.0,,,,,,,,,51,0.33,0.0,0.0
2026-07-17T16:46:22.781132,Raspberry_Relieve2,,,,,,0.0,,,,,,,,,52,0.62,0.0,0.0
2026-07-17T16:46:23.080376,Raspberry_Relieve2,,,,,,0.0,,,,,,,,,52,0.33,0.0,0.0
2026-07-17T16:46:23.781277,Raspberry_Relieve2,,,,,,0.0,,,,,,,,,53,0.79,0.0,0.0
2026-07-17T16:46:24.080497,Raspberry_Relieve2,,,,,,0.0,,,,,,,,,53,0.18,0.0,0.0
2026-07-17T16:46:24.781336,Raspberry_Relieve2,,,,,,0.0,,,,,,,,,54,0.8,0.0,0.0
2026-07-17T16:46:25.080635,Raspberry_Relieve2,,,,,,0.0,,,,,,,,,54,0.25,0.0,0.0
2026-07-17T16:46:25.781482,Raspberry_Relieve2,,,,,,0.0,,,,,,,,,55,0.82,0.0,0.0
2026-07-17T16:46:26.080750,Raspberry_Relieve2,,,,,,0.0,,,,,,,,,55,0.2,0.0,0.0
2026-07-17T16:46:26.781620,Raspberry_Relieve2,,,,,,0.0,,,,,,,,,56,0.72,0.0,0.0
2026-07-17T16:46:27.080884,Raspberry_Relieve2,,,,,,0.0,,,,,,,,,56,0.31,0.0,0.0
2026-07-17T16:46:27.781758,Raspberry_Relieve2,,,,,,0.0,,,,,,,,,57,0.67,0.0,0.0
2026-07-17T16:46:28.080975,Raspberry_Relieve2,,,,,,0.0,,,,,,,,,57,0.25,0.0,0.0
2026-07-17T16:46:28.781837,Raspberry_Relieve2,,,,,,0.0,,,,,,,,,58,0.82,0.0,0.0
2026-07-17T16:46:29.081078,Raspberry_Relieve2,,,,,,0.0,,,,,,,,,58,0.21,0.0,0.0
2026-07-17T16:46:29.781935,Raspberry_Relieve2,,,,,,0.0,,,,,,,,,59,0.82,0.0,0.0
2026-07-17T16:46:30.081208,Raspberry_Relieve2,,,,,,0.0,,,,,,,,,59,0.2,0.0,0.0
2026-07-17T16:46:30.782015,Raspberry_Relieve2,,,,,,0.0,,,,,,,,,60,0.72,0.0,0.0
2026-07-17T16:46:31.081296,Raspberry_Relieve2,,,,,,0.0,,,,,,,,,60,0.31,0.0,0.0
2026-07-17T16:46:31.782130,Raspberry_Relieve2,,,,,,0.0,,,,,,,,,61,0.72,0.0,0.0
2026-07-17T16:46:32.081416,Raspberry_Relieve2,,,,,,0.0,,,,,,,,,61,0.2,0.0,0.0
2026-07-17T16:46:32.782208,Raspberry_Relieve2,,,,,,0.0,,,,,,,,,62,0.82,0.0,0.0
2026-07-17T16:46:33.081557,Raspberry_Relieve2,,,,,,0.0,,,,,,,,,62,0.17,0.0,0.0
2026-07-17T16:46:33.782315,Raspberry_Relieve2,,,,,,0.0,,,,,,,,,63,0.75,0.0,0.0
2026-07-17T16:46:34.081630,Raspberry_Relieve2,,,,,,0.0,,,,,,,,,63,0.31,0.0,0.0
2026-07-17T16:46:34.782457,Raspberry_Relieve2,,,,,,0.0,,,,,,,,,64,0.72,0.0,0.0
2026-07-17T16:46:35.081716,Raspberry_Relieve2,,,,,,0.0,,,,,,,,,64,0.31,0.0,0.0
2026-07-17T16:46:35.782501,Raspberry_Relieve2,,,,,,0.0,,,,,,,,,65,0.61,0.0,0.0
2026-07-17T16:46:36.782647,Raspberry_Relieve2,,,,,,0.0,,,,,,,,,66,1.11,0.0,0.0
2026-07-17T16:46:37.782891,Raspberry_Relieve2,,,,,,0.0,,,,,,,,,67,1.03,0.0,0.0
2026-07-17T16:59:15.683235,Raspberry_Relieve4,,,,,,0.0,,,,,,,,,0,,,0.0
2026-07-17T16:59:16.683366,Raspberry_Relieve4,,,,,,0.0,,,,,,,,,0,,,0.0
2026-07-17T16:59:17.683507,Raspberry_Relieve4,,,,,,0.0,,,,,,,,,1,1.02,0.0,0.0
2026-07-17T16:59:18.683633,Raspberry_Relieve4,,,,,,0.0,,,,,,,,,3,1.03,0.0,0.0
2026-07-17T16:59:19.683734,Raspberry_Relieve4,,,,,,0.0,,,,,,,,,3,0.91,0.0,0.0
2026-07-17T16:59:20.683836,Raspberry_Relieve4,,,,,,0.0,,,,,,,,,4,1.07,0.0,0.0
2026-07-17T16:59:21.683910,Raspberry_Relieve4,,,,,,0.0,,,,,,,,,5,0.97,0.0,0.0
2026-07-17T16:59:22.684035,Raspberry_Relieve4,,,,,,0.0,,,,,,,,,6,1.03,0.0,0.0
2026-07-17T16:59:23.684104,Raspberry_Relieve4,,,,,,0.0,,,,,,,,,8,1.02,0.0,0.0
2026-07-17T16:59:24.684248,Raspberry_Relieve4,,,,,,0.0,,,,,,,,,8,0.92,0.0,0.0
2026-07-17T16:59:25.684320,Raspberry_Relieve4,,,,,,0.0,,,,,,,,,9,1.02,0.0,0.0
2026-07-17T16:59:26.684412,Raspberry_Relieve4,,,,,,0.0,,,,,,,,,10,1.04,0.0,0.0
2026-07-17T16:59:27.684548,Raspberry_Relieve4,,,,,,0.0,,,,,,,,,11,0.93,0.0,0.0
2026-07-17T16:59:28.684619,Raspberry_Relieve4,,,,,,0.0,,,,,,,,,12,1.01,0.0,0.0
2026-07-17T16:59:29.684752,Raspberry_Relieve4,,,,,,0.0,,,,,,,,,13,0.98,0.0,0.0
2026-07-17T16:59:30.684821,Raspberry_Relieve4,,,,,,0.0,,,,,,,,,14,1.0,0.0,0.0
2026-07-17T16:59:31.684945,Raspberry_Relieve4,,,,,,0.0,,,,,,,,,15,0.97,0.0,0.0
2026-07-17T16:59:32.685094,Raspberry_Relieve4,,,,,,0.0,,,,,,,,,16,1.02,0.0,0.0
2026-07-17T16:59:33.685237,Raspberry_Relieve4,,,,,,0.0,,,,,,,,,17,1.04,0.0,0.0
2026-07-17T16:59:34.685325,Raspberry_Relieve4,,,,,,0.0,,,,,,,,,18,0.98,0.0,0.0
2026-07-17T16:59:35.685460,Raspberry_Relieve4,,,,,,0.0,,,,,,,,,19,1.02,0.0,0.0
2026-07-17T16:59:36.685604,Raspberry_Relieve4,,,,,,0.0,,,,,,,,,20,0.99,0.0,0.0
2026-07-17T16:59:37.685687,Raspberry_Relieve4,,,,,,0.0,,,,,,,,,21,0.99,0.0,0.0
2026-07-17T16:59:38.685772,Raspberry_Relieve4,,,,,,0.0,,,,,,,,,22,0.94,0.0,0.0
2026-07-17T16:59:39.685973,Raspberry_Relieve4,,,,,,0.0,,,,,,,,,23,1.03,0.0,0.0
2026-07-17T16:59:40.686042,Raspberry_Relieve4,,,,,,0.0,,,,,,,,,24,1.02,0.0,0.0
2026-07-17T16:59:41.686130,Raspberry_Relieve4,,,,,,0.0,,,,,,,,,35,11.05,0.0,0.0
2026-07-17T16:59:52.158438,Raspberry_Relieve4,,,,,,0.0,,,,,,,,,36,0.41,0.0,0.0
2026-07-17T16:59:53.158585,Raspberry_Relieve4,,,,,,0.0,,,,,,,,,37,1.1,0.0,0.0
2026-07-17T16:59:54.158703,Raspberry_Relieve4,,,,,,0.0,,,,,,,,,38,1.04,0.0,0.0
2026-07-17T16:59:55.158907,Raspberry_Relieve4,,,,,,0.0,,,,,,,,,39,0.92,0.0,0.0
2026-07-17T16:59:56.159110,Raspberry_Relieve4,,,,,,0.0,,,,,,,,,40,1.11,0.0,0.0
2026-07-17T16:59:57.159202,Raspberry_Relieve4,,,,,,0.0,,,,,,,,,41,0.84,0.0,0.0
2026-07-17T16:59:58.159394,Raspberry_Relieve4,,,,,,0.0,,,,,,,,,42,1.03,0.0,0.0
2026-07-17T16:59:59.159477,Raspberry_Relieve4,,,,,,0.0,,,,,,,,,43,1.02,0.0,0.0
2026-07-17T17:00:00.159553,Raspberry_Relieve4,,,,,,0.0,,,,,,,,,44,1.03,0.0,0.0
2026-07-17T17:00:01.159634,Raspberry_Relieve4,,,,,,0.0,,,,,,,,,45,0.92,0.0,0.0
2026-07-17T17:00:02.159795,Raspberry_Relieve4,,,,,,0.0,,,,,,,,,46,1.01,0.0,0.0
2026-07-17T17:00:03.160017,Raspberry_Relieve4,,,,,,0.0,,,,,,,,,47,1.05,0.0,0.0
2026-07-17T17:00:04.160265,Raspberry_Relieve4,,,,,,0.0,,,,,,,,,48,0.97,0.0,0.0
2026-07-17T17:00:05.160357,Raspberry_Relieve4,,,,,,0.0,,,,,,,,,49,1.08,0.0,0.0
2026-07-17T17:00:06.160537,Raspberry_Relieve4,,,,,,0.0,,,,,,,,,50,0.91,0.0,0.0
2026-07-17T17:00:07.160611,Raspberry_Relieve4,,,,,,0.0,,,,,,,,,51,1.09,0.0,0.0
2026-07-17T17:00:08.160761,Raspberry_Relieve4,,,,,,0.0,,,,,,,,,52,1.04,0.0,0.0
2026-07-17T17:24:38.699390,Raspberry_Relieve5,,,,,,0.0,,,,,,,,,0,,,0.0
2026-07-17T17:24:39.699587,Raspberry_Relieve5,,,,,,0.0,,,,,,,,,0,,,0.0
2026-07-17T17:24:40.699757,Raspberry_Relieve5,,,,,,0.0,,,,,,,,,1,0.9,0.0,0.0
2026-07-17T17:24:41.699874,Raspberry_Relieve5,,,,,,0.0,,,,,,,,,2,1.02,0.0,0.0
2026-07-17T17:24:42.699992,Raspberry_Relieve5,,,,,,0.0,,,,,,,,,3,0.99,0.0,0.0
2026-07-17T17:24:43.700102,Raspberry_Relieve5,,,,,,0.0,,,,,,,,,4,1.0,0.0,0.0
2026-07-17T17:24:44.700213,Raspberry_Relieve5,,,,,,0.0,,,,,,,,,5,1.02,0.0,0.0
2026-07-17T17:24:45.700332,Raspberry_Relieve5,,,,,,0.0,,,,,,,,,6,0.96,0.0,0.0
2026-07-17T17:24:46.700447,Raspberry_Relieve5,,,,,,0.0,,,,,,,,,7,1.02,0.0,0.0
2026-07-17T17:24:47.700563,Raspberry_Relieve5,,,,,,0.0,,,,,,,,,8,0.99,0.0,0.0
