timestamp,dispositivo_id,latitud,longitud,voltaje,corriente,potencia,potencia_calculada,soc,ttg_min,ah_consumidos,motor_voltaje,motor_corriente,motor_potencia,motor_rpm,motor_temp,tiempo_acumulado(s),delta_t_s,energia_wh,energia_acumulada_wh
2026-07-09T12:44:42.736527,Raspberry_Relieve1,,,40.244,0.0,0,0.0,100.0,-1,0.0,,,,,,0,,,0.0
2026-07-09T12:44:44.242438,Raspberry_Relieve1,,,40.238,0.0,0,0.0,100.0,-1,0.0,,,,,,0,,,0.0
2026-07-09T12:44:45.242596,Raspberry_Relieve1,,,40.237,0.0,0,0.0,100.0,-1,0.0,,,,,,1,1.05,0.0,0.0
2026-07-09T12:44:46.242696,Raspberry_Relieve1,,,40.235,0.0,0,0.0,100.0,-1,0.0,,,,,,2,0.98,0.0,0.0
2026-07-09T12:44:47.242817,Raspberry_Relieve1,,,40.24,0.0,0,0.0,100.0,-1,0.0,,,,,,3,1.04,0.0,0.0
2026-07-09T12:44:48.242930,Raspberry_Relieve1,,,40.238,0.0,0,0.0,100.0,-1,0.0,,,,,,4,0.99,0.0,0.0
2026-07-09T12:44:49.243075,Raspberry_Relieve1,,,40.236,0.0,0,0.0,100.0,-1,0.0,,,,,,5,1.01,0.0,0.0
2026-07-09T12:44:50.243236,Raspberry_Relieve1,,,40.236,0.0,0,0.0,100.0,-1,0.0,,,,,,6,0.98,0.0,0.0
2026-07-09T12:44:51.243292,Raspberry_Relieve1,,,40.239,0.0,0,0.0,100.0,-1,0.0,,,,,,7,1.05,0.0,0.0
2026-07-09T12:44:52.243399,Raspberry_Relieve1,,,40.243,0.0,0,0.0,100.0,-1,0.0,,,,,,8,0.94,0.0,0.0
2026-07-09T12:44:53.243472,Raspberry_Relieve1,,,40.242,0.0,0,0.0,100.0,-1,0.0,,,,,,9,0.99,0.0,0.0
2026-07-09T12:44:54.243557,Raspberry_Relieve1,,,40.242,0.0,0,0.0,100.0,-1,0.0,,,,,,10,0.98,0.0,0.0
2026-07-09T12:44:55.243640,Raspberry_Relieve1,,,40.243,0.0,0,0.0,100.0,-1,0.0,,,,,,11,1.17,0.0,0.0
2026-07-09T12:44:56.243724,Raspberry_Relieve1,,,40.243,0.0,0,0.0,100.0,-1,0.0,,,,,,12,0.8,0.0,0.0
2026-07-09T12:44:57.243833,Raspberry_Relieve1,,,40.241,0.0,0,0.0,100.0,-1,0.0,,,,,,13,1.02,0.0,0.0
2026-07-10T10:39:26.796950,Raspberry_Relieve1,,,40.24,0.0,0,0.0,100.0,-1,0.0,,,,,,14,1.05,0.0,0.0
2026-07-10T10:39:27.797043,Raspberry_Relieve1,,,40.239,0.0,0,0.0,100.0,-1,0.0,,,,,,15,0.96,0.0,0.0
2026-07-10T10:39:28.797148,Raspberry_Relieve1,,,40.244,0.0,0,0.0,100.0,-1,0.0,,,,,,16,0.99,0.0,0.0
2026-07-10T10:39:29.797225,Raspberry_Relieve1,,,40.243,0.0,0,0.0,100.0,-1,0.0,,,,,,17,1.26,0.0,0.0
2026-07-10T10:39:30.797306,Raspberry_Relieve1,,,40.243,0.0,0,0.0,100.0,-1,0.0,,,,,,18,0.77,0.0,0.0
2026-07-10T10:39:31.797406,Raspberry_Relieve1,,,40.242,0.0,0,0.0,100.0,-1,0.0,,,,,,19,1.0,0.0,0.0
2026-07-10T10:39:32.797486,Raspberry_Relieve1,,,40.243,0.0,0,0.0,100.0,-1,0.0,,,,,,20,1.05,0.0,0.0
2026-07-10T10:39:33.797576,Raspberry_Relieve1,,,40.244,0.0,0,0.0,100.0,-1,0.0,,,,,,21,1.55,0.0,0.0
2026-07-10T10:39:34.835600,Raspberry_Relieve1,,,40.244,0.0,0,0.0,100.0,-1,0.0,,,,,,22,0.47,0.0,0.0
2026-07-10T10:39:35.835708,Raspberry_Relieve1,,,40.244,0.0,0,0.0,100.0,-1,0.0,,,,,,23,0.95,0.0,0.0
2026-07-10T10:39:36.835789,Raspberry_Relieve1,,,40.242,0.0,0,0.0,100.0,-1,0.0,,,,,,24,1.0,0.0,0.0
2026-07-10T10:39:37.835870,Raspberry_Relieve1,,,40.241,0.0,0,0.0,100.0,-1,0.0,,,,,,25,0.97,0.0,0.0
2026-07-10T10:39:38.835956,Raspberry_Relieve1,,,40.244,0.0,0,0.0,100.0,-1,0.0,,,,,,26,1.05,0.0,0.0
2026-07-10T10:39:39.836054,Raspberry_Relieve1,,,40.241,0.0,0,0.0,100.0,-1,0.0,,,,,,27,1.19,0.0,0.0
2026-07-10T10:39:40.836125,Raspberry_Relieve1,,,40.242,0.0,0,0.0,100.0,-1,0.0,,,,,,28,0.85,0.0,0.0
2026-07-10T10:39:41.836214,Raspberry_Relieve1,,,40.24,0.0,0,0.0,100.0,-1,0.0,,,,,,29,0.97,0.0,0.0
2026-07-10T10:39:42.836299,Raspberry_Relieve1,,,40.242,0.0,0,0.0,100.0,-1,0.0,,,,,,30,0.95,0.0,0.0
2026-07-10T10:39:43.836384,Raspberry_Relieve1,,,40.24,0.0,0,0.0,100.0,-1,0.0,,,,,,31,1.06,0.0,0.0
2026-07-10T10:39:44.836469,Raspberry_Relieve1,,,40.242,0.0,0,0.0,100.0,-1,0.0,,,,,,32,0.94,0.0,0.0
2026-07-10T10:39:45.836591,Raspberry_Relieve1,,,40.242,0.0,0,0.0,100.0,-1,0.0,,,,,,36,3.77,0.0,0.0
2026-07-10T10:39:49.210479,Raspberry_Relieve1,,,40.243,0.0,0,0.0,100.0,-1,0.0,,,,,,36,0.67,0.0,0.0
2026-07-10T10:39:50.210581,Raspberry_Relieve1,,,40.241,0.0,0,0.0,100.0,-1,0.0,,,,,,38,1.75,0.0,0.0
2026-07-10T10:39:51.358922,Raspberry_Relieve1,,,40.242,0.0,0,0.0,100.0,-1,0.0,,,,,,38,0.36,0.0,0.0
2026-07-10T10:39:52.359020,Raspberry_Relieve1,,,40.24,0.0,0,0.0,100.0,-1,0.0,,,,,,40,1.1,0.0,0.0
2026-07-10T10:39:53.359105,Raspberry_Relieve1,,,40.24,0.0,0,0.0,100.0,-1,0.0,,,,,,40,0.89,0.0,0.0
2026-07-10T10:39:54.359184,Raspberry_Relieve1,,,40.241,0.0,0,0.0,100.0,-1,0.0,,,,,,41,1.06,0.0,0.0
2026-07-10T10:39:55.359281,Raspberry_Relieve1,,,40.239,0.0,0,0.0,100.0,-1,0.0,,,,,,42,0.96,0.0,0.0
2026-07-10T10:39:56.359365,Raspberry_Relieve1,,,40.239,0.0,0,0.0,100.0,-1,0.0,,,,,,43,0.97,0.0,0.0
2026-07-10T10:39:57.359479,Raspberry_Relieve1,,,40.239,0.0,0,0.0,100.0,-1,0.0,,,,,,44,1.08,0.0,0.0
2026-07-10T10:39:58.359583,Raspberry_Relieve1,,,40.24,0.0,0,0.0,100.0,-1,0.0,,,,,,46,1.04,0.0,0.0
2026-07-10T10:39:59.359693,Raspberry_Relieve1,,,40.24,0.0,0,0.0,100.0,-1,0.0,,,,,,46,0.94,0.0,0.0
2026-07-10T10:40:00.359823,Raspberry_Relieve1,,,40.238,0.0,0,0.0,100.0,-1,0.0,,,,,,47,1.05,0.0,0.0
2026-07-10T10:40:01.359968,Raspberry_Relieve1,,,40.24,0.0,0,0.0,100.0,-1,0.0,,,,,,48,0.9,0.0,0.0
2026-07-10T10:40:02.360105,Raspberry_Relieve1,,,40.239,0.0,0,0.0,100.0,-1,0.0,,,,,,49,1.08,0.0,0.0
2026-07-10T10:40:03.360199,Raspberry_Relieve1,,,40.24,0.0,0,0.0,100.0,-1,0.0,,,,,,50,1.01,0.0,0.0
2026-07-10T10:40:04.360255,Raspberry_Relieve1,,,40.239,0.0,0,0.0,100.0,-1,0.0,,,,,,51,0.98,0.0,0.0
2026-07-10T10:40:05.360324,Raspberry_Relieve1,,,40.238,0.0,0,0.0,100.0,-1,0.0,,,,,,52,0.98,0.0,0.0
2026-07-10T10:40:06.360394,Raspberry_Relieve1,,,40.239,0.0,0,0.0,100.0,-1,0.0,,,,,,54,1.06,0.0,0.0
2026-07-10T10:40:07.360466,Raspberry_Relieve1,,,40.239,0.0,0,0.0,100.0,-1,0.0,,,,,,54,0.92,0.0,0.0
2026-07-10T10:40:08.360543,Raspberry_Relieve1,,,40.238,0.0,0,0.0,100.0,-1,0.0,,,,,,55,1.03,0.0,0.0
2026-07-10T10:40:09.360650,Raspberry_Relieve1,,,40.239,0.0,0,0.0,100.0,-1,0.0,,,,,,56,1.0,0.0,0.0
2026-07-10T10:40:10.360752,Raspberry_Relieve1,,,40.238,0.0,0,0.0,100.0,-1,0.0,,,,,,57,1.04,0.0,0.0
2026-07-10T10:40:11.360840,Raspberry_Relieve1,,,40.238,0.0,0,0.0,100.0,-1,0.0,,,,,,59,1.01,0.0,0.0
2026-07-10T10:40:12.360971,Raspberry_Relieve1,,,40.239,0.0,0,0.0,100.0,-1,0.0,,,,,,60,1.0,0.0,0.0
2026-07-10T10:40:13.361082,Raspberry_Relieve1,,,40.238,0.0,0,0.0,100.0,-1,0.0,,,,,,60,0.96,0.0,0.0
2026-07-10T10:40:14.361204,Raspberry_Relieve1,,,40.238,0.0,0,0.0,100.0,-1,0.0,,,,,,61,0.96,0.0,0.0
2026-07-10T10:40:15.361308,Raspberry_Relieve1,,,40.238,0.0,0,0.0,100.0,-1,0.0,,,,,,62,0.98,0.0,0.0
2026-07-10T10:40:16.361471,Raspberry_Relieve1,,,40.239,0.0,0,0.0,100.0,-1,0.0,,,,,,63,1.01,0.0,0.0
2026-07-10T10:40:17.361559,Raspberry_Relieve1,,,40.239,0.0,0,0.0,100.0,-1,0.0,,,,,,64,1.01,0.0,0.0
2026-07-10T10:40:18.361654,Raspberry_Relieve1,,,40.239,0.0,0,0.0,100.0,-1,0.0,,,,,,65,1.03,0.0,0.0
2026-07-10T10:40:19.361765,Raspberry_Relieve1,,,40.239,0.0,0,0.0,100.0,-1,0.0,,,,,,66,0.97,0.0,0.0
2026-07-10T10:40:20.361869,Raspberry_Relieve1,,,40.239,0.0,0,0.0,100.0,-1,0.0,,,,,,67,0.99,0.0,0.0
2026-07-10T10:40:21.361930,Raspberry_Relieve1,,,40.238,0.0,0,0.0,100.0,-1,0.0,,,,,,68,1.05,0.0,0.0
2026-07-10T10:40:22.362008,Raspberry_Relieve1,,,40.237,0.0,0,0.0,100.0,-1,0.0,,,,,,69,0.92,0.0,0.0
2026-07-10T10:40:23.362082,Raspberry_Relieve1,,,40.236,0.0,0,0.0,100.0,-1,0.0,,,,,,70,1.02,0.0,0.0
2026-07-10T10:40:24.362160,Raspberry_Relieve1,,,40.238,0.0,0,0.0,100.0,-1,0.0,,,,,,71,0.99,0.0,0.0
2026-07-10T10:40:25.362260,Raspberry_Relieve1,,,40.236,0.0,0,0.0,100.0,-1,0.0,,,,,,73,1.15,0.0,0.0
2026-07-10T10:40:26.362347,Raspberry_Relieve1,,,40.24,0.0,0,0.0,100.0,-1,0.0,,,,,,73,0.91,0.0,0.0
2026-07-10T10:40:27.362407,Raspberry_Relieve1,,,40.238,0.0,0,0.0,100.0,-1,0.0,,,,,,74,0.96,0.0,0.0
2026-07-10T10:40:28.362485,Raspberry_Relieve1,,,40.239,0.0,0,0.0,100.0,-1,0.0,,,,,,75,1.02,0.0,0.0
2026-07-10T10:40:29.362559,Raspberry_Relieve1,,,40.238,0.0,0,0.0,100.0,-1,0.0,,,,,,77,1.2,0.0,0.0
2026-07-10T10:40:30.362642,Raspberry_Relieve1,,,40.237,0.0,0,0.0,100.0,-1,0.0,,,,,,77,0.79,0.0,0.0
2026-07-10T10:40:31.362724,Raspberry_Relieve1,25.652503583333335,-100.29295356666667,40.238,0.0,0,0.0,100.0,-1,0.0,,,,,,78,1.01,0.0,0.0
2026-07-10T10:40:32.362829,Raspberry_Relieve1,25.652493333333332,-100.29295373333333,40.238,0.0,0,0.0,100.0,-1,0.0,,,,,,79,1.01,0.0,0.0
2026-07-10T10:40:33.362900,Raspberry_Relieve1,25.652482916666667,-100.29295428333333,40.238,0.0,0,0.0,100.0,-1,0.0,,,,,,80,1.01,0.0,0.0
2026-07-10T10:40:34.362984,Raspberry_Relieve1,25.652471233333333,-100.29295735,40.236,0.0,0,0.0,100.0,-1,0.0,,,,,,81,0.95,0.0,0.0
2026-07-10T10:40:35.363062,Raspberry_Relieve1,25.652460166666668,-100.29296065,40.239,0.0,0,0.0,100.0,-1,0.0,,,,,,82,1.03,0.0,0.0
2026-07-10T10:40:36.363139,Raspberry_Relieve1,25.652448183333334,-100.2929646,40.239,0.0,0,0.0,100.0,-1,0.0,,,,,,84,1.09,0.0,0.0
2026-07-10T10:40:37.363216,Raspberry_Relieve1,25.652440533333333,-100.29296593333333,40.238,0.0,0,0.0,100.0,-1,0.0,,,,,,84,0.94,0.0,0.0
2026-07-10T10:40:38.363323,Raspberry_Relieve1,25.652435933333333,-100.29296128333333,40.238,0.0,0,0.0,100.0,-1,0.0,,,,,,85,0.97,0.0,0.0
2026-07-10T10:40:39.363430,Raspberry_Relieve1,25.652429383333335,-100.29295661666667,40.239,0.0,0,0.0,100.0,-1,0.0,,,,,,86,1.02,0.0,0.0
2026-07-10T10:40:40.363497,Raspberry_Relieve1,25.652422116666667,-100.2929518,40.238,0.0,0,0.0,100.0,-1,0.0,,,,,,87,0.91,0.0,0.0
2026-07-10T10:40:41.363577,Raspberry_Relieve1,25.652416783333333,-100.29295433333333,40.238,0.0,0,0.0,100.0,-1,0.0,,,,,,88,1.06,0.0,0.0
2026-07-10T10:40:42.363658,Raspberry_Relieve1,25.652411833333332,-100.29294931666666,40.237,0.0,0,0.0,100.0,-1,0.0,,,,,,89,1.02,0.0,0.0
2026-07-10T10:40:43.363739,Raspberry_Relieve1,25.652402183333333,-100.29294283333333,40.236,0.0,0,0.0,100.0,-1,0.0,,,,,,90,0.98,0.0,0.0
2026-07-10T10:40:44.363814,Raspberry_Relieve1,25.652394166666667,-100.29294191666666,40.237,0.0,0,0.0,100.0,-1,0.0,,,,,,91,1.03,0.0,0.0
2026-07-10T10:40:45.363933,Raspberry_Relieve1,25.65238345,-100.29294738333333,40.238,0.0,0,0.0,100.0,-1,0.0,,,,,,93,1.05,0.0,0.0
2026-07-10T10:40:46.364002,Raspberry_Relieve1,25.652369883333332,-100.29295395,40.236,0.0,0,0.0,100.0,-1,0.0,,,,,,93,0.96,0.0,0.0
2026-07-10T10:40:47.364077,Raspberry_Relieve1,25.652359583333332,-100.29295406666667,40.236,0.0,0,0.0,100.0,-1,0.0,,,,,,94,0.97,0.0,0.0
2026-07-10T10:40:48.364156,Raspberry_Relieve1,25.652348366666665,-100.29294916666667,40.238,0.0,0,0.0,100.0,-1,0.0,,,,,,95,0.96,0.0,0.0
2026-07-10T10:40:49.364240,Raspberry_Relieve1,25.652341216666667,-100.29294085,40.237,0.0,0,0.0,100.0,-1,0.0,,,,,,96,1.05,0.0,0.0
2026-07-10T10:40:50.364317,Raspberry_Relieve1,25.6523343,-100.29293243333333,40.236,0.0,0,0.0,100.0,-1,0.0,,,,,,97,1.01,0.0,0.0
2026-07-10T10:40:51.364438,Raspberry_Relieve1,25.652324566666667,-100.29292338333333,40.236,0.0,0,0.0,100.0,-1,0.0,,,,,,98,0.98,0.0,0.0
2026-07-10T10:40:52.364594,Raspberry_Relieve1,25.65231295,-100.29291616666667,40.236,0.0,0,0.0,100.0,-1,0.0,,,,,,99,1.01,0.0,0.0
2026-07-10T10:40:53.364710,Raspberry_Relieve1,25.652298816666665,-100.29290668333333,40.236,0.0,0,0.0,100.0,-1,0.0,,,,,,100,1.02,0.0,0.0
2026-07-10T10:40:54.364813,Raspberry_Relieve1,25.65228385,-100.29289728333333,40.236,0.0,0,0.0,100.0,-1,0.0,,,,,,101,1.01,0.0,0.0
2026-07-10T10:40:55.364873,Raspberry_Relieve1,25.652270333333334,-100.29288526666667,40.237,0.0,0,0.0,100.0,-1,0.0,,,,,,102,0.99,0.0,0.0
2026-07-10T10:40:56.364947,Raspberry_Relieve1,25.652255466666666,-100.29286401666667,40.235,0.0,0,0.0,100.0,-1,0.0,,,,,,103,0.98,0.0,0.0
2026-07-10T10:40:57.365028,Raspberry_Relieve1,25.652239683333335,-100.29284471666666,40.238,0.0,0,0.0,100.0,-1,0.0,,,,,,104,1.02,0.0,0.0
2026-07-10T10:40:58.365109,Raspberry_Relieve1,25.652227383333333,-100.29282721666667,40.235,0.0,0,0.0,100.0,-1,0.0,,,,,,105,0.94,0.0,0.0
2026-07-10T10:40:59.365184,Raspberry_Relieve1,25.652215183333333,-100.29281278333333,40.237,0.0,0,0.0,100.0,-1,0.0,,,,,,106,0.98,0.0,0.0
2026-07-10T10:41:00.365299,Raspberry_Relieve1,25.65220211666667,-100.29279906666666,40.236,0.0,0,0.0,100.0,-1,0.0,,,,,,107,1.05,0.0,0.0
2026-07-10T10:41:01.365374,Raspberry_Relieve1,25.65218755,-100.292789,40.239,0.0,0,0.0,100.0,-1,0.0,,,,,,108,1.01,0.0,0.0
2026-07-10T10:41:02.365448,Raspberry_Relieve1,25.6521667,-100.2927842,40.237,0.0,0,0.0,100.0,-1,0.0,,,,,,109,1.0,0.0,0.0
2026-07-10T10:41:03.365622,Raspberry_Relieve1,25.65214535,-100.29278298333334,40.237,0.0,0,0.0,100.0,-1,0.0,,,,,,110,0.94,0.0,0.0
2026-07-10T10:41:04.365710,Raspberry_Relieve1,25.652132366666667,-100.29277923333333,40.237,0.0,0,0.0,100.0,-1,0.0,,,,,,111,1.02,0.0,0.0
2026-07-10T10:41:05.365805,Raspberry_Relieve1,25.652120716666666,-100.29277063333333,40.235,0.0,0,0.0,100.0,-1,0.0,,,,,,112,1.01,0.0,0.0
2026-07-10T10:41:06.365935,Raspberry_Relieve1,25.652108466666668,-100.29275795,40.234,0.0,0,0.0,100.0,-1,0.0,,,,,,113,1.06,0.0,0.0
2026-07-10T10:41:07.366005,Raspberry_Relieve1,25.652098066666667,-100.29274465,40.238,0.0,0,0.0,100.0,-1,0.0,,,,,,114,0.95,0.0,0.0
2026-07-10T10:41:08.366131,Raspberry_Relieve1,25.652086816666667,-100.29273588333334,40.238,0.0,0,0.0,100.0,-1,0.0,,,,,,115,0.99,0.0,0.0
2026-07-10T10:41:09.366239,Raspberry_Relieve1,25.652074516666666,-100.29272858333333,40.236,0.0,0,0.0,100.0,-1,0.0,,,,,,116,1.05,0.0,0.0
2026-07-10T10:41:10.366328,Raspberry_Relieve1,25.652062433333334,-100.29272003333334,40.236,0.0,0,0.0,100.0,-1,0.0,,,,,,117,0.9,0.0,0.0
2026-07-10T10:41:11.366449,Raspberry_Relieve1,25.65205015,-100.29271075,40.236,0.0,0,0.0,100.0,-1,0.0,,,,,,118,1.02,0.0,0.0
2026-07-10T10:41:12.366615,Raspberry_Relieve1,25.6520368,-100.29269181666666,40.236,0.0,0,0.0,100.0,-1,0.0,,,,,,119,1.01,0.0,0.0
2026-07-10T10:41:13.366744,Raspberry_Relieve1,25.652022133333332,-100.29267013333333,40.237,0.0,0,0.0,100.0,-1,0.0,,,,,,120,1.02,0.0,0.0
2026-07-10T10:41:14.366872,Raspberry_Relieve1,25.652003433333334,-100.29264695,40.235,0.0,0,0.0,100.0,-1,0.0,,,,,,121,1.03,0.0,0.0
2026-07-10T10:41:15.367000,Raspberry_Relieve1,25.651984216666666,-100.2926258,40.237,0.0,0,0.0,100.0,-1,0.0,,,,,,122,0.96,0.0,0.0
2026-07-10T10:41:16.367109,Raspberry_Relieve1,25.651964466666666,-100.29260688333333,40.237,0.0,0,0.0,100.0,-1,0.0,,,,,,123,0.97,0.0,0.0
2026-07-10T10:41:17.367197,Raspberry_Relieve1,25.6519449,-100.29258903333333,40.236,0.0,0,0.0,100.0,-1,0.0,,,,,,124,1.05,0.0,0.0
2026-07-10T10:41:18.367326,Raspberry_Relieve1,25.65192795,-100.29257101666667,40.234,0.0,0,0.0,100.0,-1,0.0,,,,,,125,1.0,0.0,0.0
2026-07-10T10:41:19.367402,Raspberry_Relieve1,25.651911066666667,-100.29254871666667,40.235,0.0,0,0.0,100.0,-1,0.0,,,,,,126,0.99,0.0,0.0
2026-07-10T10:41:20.367493,Raspberry_Relieve1,25.651898,-100.292528,40.236,0.0,0,0.0,100.0,-1,0.0,,,,,,127,1.0,0.0,0.0
2026-07-10T10:41:21.367583,Raspberry_Relieve1,25.65188835,-100.29250643333333,40.235,0.0,0,0.0,100.0,-1,0.0,,,,,,128,0.97,0.0,0.0
2026-07-10T10:41:22.367686,Raspberry_Relieve1,25.65188375,-100.29248288333334,40.235,0.0,0,0.0,100.0,-1,0.0,,,,,,129,1.03,0.0,0.0
2026-07-10T10:41:23.367786,Raspberry_Relieve1,25.65188365,-100.29245546666667,40.237,0.0,0,0.0,100.0,-1,0.0,,,,,,130,1.0,0.0,0.0
2026-07-10T10:41:24.367918,Raspberry_Relieve1,25.651885416666666,-100.29243166666667,40.235,0.0,0,0.0,100.0,-1,0.0,,,,,,131,1.03,0.0,0.0
2026-07-10T10:41:25.368012,Raspberry_Relieve1,25.651886233333332,-100.2924085,40.235,0.0,0,0.0,100.0,-1,0.0,,,,,,132,0.95,0.0,0.0
2026-07-10T10:41:26.368137,Raspberry_Relieve1,25.651891283333335,-100.29238176666667,40.235,0.0,0,0.0,100.0,-1,0.0,,,,,,133,0.98,0.0,0.0
2026-07-10T10:41:27.368254,Raspberry_Relieve1,25.65189635,-100.29235878333333,40.233,0.0,0,0.0,100.0,-1,0.0,,,,,,135,1.11,0.0,0.0
2026-07-10T10:41:28.368357,Raspberry_Relieve1,25.651901133333332,-100.29233611666666,40.233,0.0,0,0.0,100.0,-1,0.0,,,,,,136,1.36,0.0,0.0
2026-07-10T10:41:35.610302,Raspberry_Relieve1,25.651944083333333,-100.29222085,40.24,0.0,0,0.0,100.0,-1,0.0,,,,,,143,6.77,0.0,0.0
2026-07-10T10:41:36.610394,Raspberry_Relieve1,25.65194695,-100.29220915,40.237,0.0,0,0.0,100.0,-1,0.0,,,,,,144,1.03,0.0,0.0
2026-07-10T10:41:37.610478,Raspberry_Relieve1,25.6519484,-100.29219513333334,40.236,0.0,0,0.0,100.0,-1,0.0,,,,,,146,2.07,0.0,0.0
2026-07-10T10:41:39.025089,Raspberry_Relieve1,25.651958266666668,-100.2921776,40.235,0.0,0,0.0,100.0,-1,0.0,,,,,,146,0.39,0.0,0.0
2026-07-10T10:41:40.025240,Raspberry_Relieve1,25.651971566666667,-100.2921597,40.236,0.0,0,0.0,100.0,-1,0.0,,,,,,147,0.95,0.0,0.0
2026-07-10T10:41:41.025331,Raspberry_Relieve1,25.651986583333333,-100.29214333333333,40.236,0.0,0,0.0,100.0,-1,0.0,,,,,,148,0.95,0.0,0.0
2026-07-10T10:41:42.025452,Raspberry_Relieve1,25.651994483333333,-100.2921274,40.234,0.0,0,0.0,100.0,-1,0.0,,,,,,149,1.06,0.0,0.0
2026-07-10T10:41:43.025632,Raspberry_Relieve1,25.651996266666668,-100.29211166666667,40.235,0.0,0,0.0,100.0,-1,0.0,,,,,,150,0.95,0.0,0.0
2026-07-10T10:41:44.025816,Raspberry_Relieve1,25.651993333333333,-100.2920929,40.235,0.0,0,0.0,100.0,-1,0.0,,,,,,151,1.05,0.0,0.0
2026-07-10T10:41:45.025903,Raspberry_Relieve1,25.651987483333333,-100.29207223333333,40.235,0.0,0,0.0,100.0,-1,0.0,,,,,,152,0.94,0.0,0.0
2026-07-10T10:41:46.026009,Raspberry_Relieve1,25.65198111666667,-100.29205038333333,40.236,0.0,0,0.0,100.0,-1,0.0,,,,,,153,1.07,0.0,0.0
2026-07-10T10:41:47.026112,Raspberry_Relieve1,25.651977716666668,-100.29202883333333,40.235,0.0,0,0.0,100.0,-1,0.0,,,,,,154,1.12,0.0,0.0
2026-07-10T10:41:48.026231,Raspberry_Relieve1,25.651976349999998,-100.29200818333334,40.236,0.0,0,0.0,100.0,-1,0.0,,,,,,155,0.87,0.0,0.0
2026-07-10T10:41:49.026345,Raspberry_Relieve1,25.6519733,-100.29198888333333,40.236,0.0,0,0.0,100.0,-1,0.0,,,,,,156,1.05,0.0,0.0
2026-07-10T10:41:50.026586,Raspberry_Relieve1,25.65196875,-100.29196263333333,40.234,0.0,0,0.0,100.0,-1,0.0,,,,,,157,0.91,0.0,0.0
2026-07-10T10:41:51.026785,Raspberry_Relieve1,25.65196665,-100.2919361,40.236,0.0,0,0.0,100.0,-1,0.0,,,,,,158,1.07,0.0,0.0
2026-07-10T10:41:52.026890,Raspberry_Relieve1,25.651981816666666,-100.2919205,40.235,0.0,0,0.0,100.0,-1,0.0,,,,,,159,1.02,0.0,0.0
2026-07-10T10:41:53.026996,Raspberry_Relieve1,25.65200275,-100.29191116666667,40.235,0.0,0,0.0,100.0,-1,0.0,,,,,,160,0.95,0.0,0.0
2026-07-10T10:41:54.027107,Raspberry_Relieve1,25.6520248,-100.2919096,40.234,0.0,0,0.0,100.0,-1,0.0,,,,,,161,1.02,0.0,0.0
2026-07-10T10:41:55.027228,Raspberry_Relieve1,25.652046533333333,-100.29190466666667,40.233,0.0,0,0.0,100.0,-1,0.0,,,,,,162,1.23,0.0,0.0
2026-07-10T10:41:56.027309,Raspberry_Relieve1,25.65206515,-100.29189853333334,40.235,0.0,0,0.0,100.0,-1,0.0,,,,,,163,0.75,0.0,0.0
2026-07-10T10:41:57.027512,Raspberry_Relieve1,25.652082966666665,-100.29189465,40.232,0.0,0,0.0,100.0,-1,0.0,,,,,,164,1.22,0.0,0.0
2026-07-10T10:41:58.027578,Raspberry_Relieve1,25.652101416666667,-100.2918908,40.236,0.0,0,0.0,100.0,-1,0.0,,,,,,165,0.76,0.0,0.0
2026-07-10T10:41:59.027776,Raspberry_Relieve1,25.652118016666666,-100.29188561666666,40.233,0.0,0,0.0,100.0,-1,0.0,,,,,,166,1.03,0.0,0.0
2026-07-10T10:42:00.027871,Raspberry_Relieve1,25.652132566666666,-100.29187726666666,40.233,0.0,0,0.0,100.0,-1,0.0,,,,,,167,0.9,0.0,0.0
2026-07-10T10:42:01.027991,Raspberry_Relieve1,25.652144416666665,-100.29186663333333,40.233,0.0,0,0.0,100.0,-1,0.0,,,,,,168,1.03,0.0,0.0
2026-07-10T10:42:02.028098,Raspberry_Relieve1,25.652160933333334,-100.2918588,40.232,0.0,0,0.0,100.0,-1,0.0,,,,,,169,1.07,0.0,0.0
2026-07-10T10:42:03.028316,Raspberry_Relieve1,25.652176533333332,-100.29185166666667,40.233,0.0,0,0.0,100.0,-1,0.0,,,,,,170,1.01,0.0,0.0
2026-07-10T10:42:04.028403,Raspberry_Relieve1,25.652187333333334,-100.29184808333333,40.233,0.0,0,0.0,100.0,-1,0.0,,,,,,171,0.94,0.0,0.0
2026-07-10T10:42:05.028491,Raspberry_Relieve1,25.652197833333332,-100.29184995,40.233,0.0,0,0.0,100.0,-1,0.0,,,,,,172,1.06,0.0,0.0
2026-07-10T10:42:06.028587,Raspberry_Relieve1,25.6522046,-100.29185348333333,40.233,0.0,0,0.0,100.0,-1,0.0,,,,,,173,1.12,0.0,0.0
2026-07-10T10:42:07.028690,Raspberry_Relieve1,25.65220355,-100.2918579,40.232,0.0,0,0.0,100.0,-1,0.0,,,,,,174,0.86,0.0,0.0
2026-07-10T10:42:08.028798,Raspberry_Relieve1,25.652199216666666,-100.29185818333333,40.233,0.0,0,0.0,100.0,-1,0.0,,,,,,175,1.01,0.0,0.0
2026-07-10T10:42:09.029010,Raspberry_Relieve1,25.6521953,-100.2918583,40.232,0.0,0,0.0,100.0,-1,0.0,,,,,,176,0.98,0.0,0.0
2026-07-10T10:42:10.029089,Raspberry_Relieve1,25.65219115,-100.29185761666666,40.233,0.0,0,0.0,100.0,-1,0.0,,,,,,177,0.95,0.0,0.0
2026-07-10T10:42:11.029213,Raspberry_Relieve1,25.652187616666666,-100.2918561,40.233,0.0,0,0.0,100.0,-1,0.0,,,,,,178,0.99,0.0,0.0
2026-07-10T10:42:12.029300,Raspberry_Relieve1,25.652186466666667,-100.2918567,40.232,0.0,0,0.0,100.0,-1,0.0,,,,,,179,1.01,0.0,0.0
2026-07-10T10:42:13.029393,Raspberry_Relieve1,25.65219105,-100.29186533333333,40.233,0.0,0,0.0,100.0,-1,0.0,,,,,,180,1.01,0.0,0.0
2026-07-10T10:42:14.029485,Raspberry_Relieve1,25.652197066666666,-100.2918763,40.232,0.0,0,0.0,100.0,-1,0.0,,,,,,181,1.06,0.0,0.0
2026-07-10T10:42:15.029642,Raspberry_Relieve1,25.652201166666668,-100.29188311666667,40.232,0.0,0,0.0,100.0,-1,0.0,,,,,,182,1.0,0.0,0.0
2026-07-10T10:42:16.029713,Raspberry_Relieve1,25.65220715,-100.29188923333334,40.233,0.0,0,0.0,100.0,-1,0.0,,,,,,183,1.0,0.0,0.0
2026-07-10T10:42:17.029817,Raspberry_Relieve1,25.652214116666666,-100.29189508333333,40.232,0.0,0,0.0,100.0,-1,0.0,,,,,,184,0.99,0.0,0.0
2026-07-10T10:42:18.029914,Raspberry_Relieve1,25.652222683333335,-100.29189901666666,40.233,0.0,0,0.0,100.0,-1,0.0,,,,,,185,1.0,0.0,0.0
2026-07-10T10:42:19.030011,Raspberry_Relieve1,25.65223175,-100.29190005,40.232,0.0,0,0.0,100.0,-1,0.0,,,,,,186,0.99,0.0,0.0
2026-07-10T10:42:20.030636,Raspberry_Relieve1,25.652239016666666,-100.29189875,40.231,0.0,0,0.0,100.0,-1,0.0,,,,,,187,0.96,0.0,0.0
2026-07-10T10:42:21.030763,Raspberry_Relieve1,25.652242766666667,-100.29190033333333,40.232,0.0,0,0.0,100.0,-1,0.0,,,,,,188,1.01,0.0,0.0
2026-07-10T10:42:22.030939,Raspberry_Relieve1,25.652245483333335,-100.29191213333333,40.233,0.0,0,0.0,100.0,-1,0.0,,,,,,189,0.98,0.0,0.0
2026-07-10T10:42:23.031062,Raspberry_Relieve1,25.65225055,-100.2919165,40.232,0.0,0,0.0,100.0,-1,0.0,,,,,,190,1.08,0.0,0.0
2026-07-10T10:42:24.031154,Raspberry_Relieve1,25.652253483333332,-100.29191933333334,40.233,0.0,0,0.0,100.0,-1,0.0,,,,,,191,0.95,0.0,0.0
2026-07-10T10:42:25.031254,Raspberry_Relieve1,25.652254583333335,-100.29192126666666,40.231,0.0,0,0.0,100.0,-1,0.0,,,,,,192,1.0,0.0,0.0
2026-07-10T10:42:26.031373,Raspberry_Relieve1,25.6522564,-100.29192365,40.232,0.0,0,0.0,100.0,-1,0.0,,,,,,193,1.04,0.0,0.0
2026-07-10T10:42:27.031474,Raspberry_Relieve1,25.65225975,-100.29192265,40.232,0.0,0,0.0,100.0,-1,0.0,,,,,,194,0.92,0.0,0.0
2026-07-10T10:42:28.031566,Raspberry_Relieve1,25.652262116666666,-100.29192265,40.232,0.0,0,0.0,100.0,-1,0.0,,,,,,195,1.03,0.0,0.0
2026-07-10T10:42:29.031717,Raspberry_Relieve1,25.652264483333333,-100.29192253333333,40.23,0.0,0,0.0,100.0,-1,0.0,,,,,,196,1.03,0.0,0.0
2026-07-10T10:42:30.031885,Raspberry_Relieve1,25.652265783333334,-100.29192333333333,40.23,0.0,0,0.0,100.0,-1,0.0,,,,,,197,1.0,0.0,0.0
2026-07-10T10:42:31.031970,Raspberry_Relieve1,25.652266033333333,-100.29192396666667,40.231,0.0,0,0.0,100.0,-1,0.0,,,,,,198,1.02,0.0,0.0
2026-07-10T10:42:32.032075,Raspberry_Relieve1,25.6522651,-100.29192493333333,40.23,0.0,0,0.0,100.0,-1,0.0,,,,,,199,0.95,0.0,0.0
2026-07-10T10:42:33.032183,Raspberry_Relieve1,25.652265066666665,-100.29192548333333,40.231,0.0,0,0.0,100.0,-1,0.0,,,,,,200,1.06,0.0,0.0
2026-07-10T10:42:34.032305,Raspberry_Relieve1,25.652265033333332,-100.2919255,40.23,0.0,0,0.0,100.0,-1,0.0,,,,,,201,1.01,0.0,0.0
2026-07-10T10:42:35.032395,Raspberry_Relieve1,25.652265066666665,-100.29192535,40.231,0.0,0,0.0,100.0,-1,0.0,,,,,,202,0.99,0.0,0.0
2026-07-10T10:42:36.032565,Raspberry_Relieve1,25.652265133333334,-100.29192515,40.231,0.0,0,0.0,100.0,-1,0.0,,,,,,203,1.0,0.0,0.0
2026-07-10T10:42:37.032764,Raspberry_Relieve1,25.65226525,-100.29192485,40.232,0.0,0,0.0,100.0,-1,0.0,,,,,,204,1.0,0.0,0.0
2026-07-10T10:42:38.032909,Raspberry_Relieve1,25.652265333333332,-100.2919247,40.231,0.0,0,0.0,100.0,-1,0.0,,,,,,205,0.99,0.0,0.0
2026-07-10T10:42:39.032982,Raspberry_Relieve1,25.652265383333333,-100.29192461666666,40.231,0.0,0,0.0,100.0,-1,0.0,,,,,,206,0.94,0.0,0.0
2026-07-10T10:42:40.033090,Raspberry_Relieve1,25.65226545,-100.29192458333333,40.23,0.0,0,0.0,100.0,-1,0.0,,,,,,207,1.05,0.0,0.0
2026-07-10T10:42:41.033201,Raspberry_Relieve1,25.652265483333334,-100.29192455,40.229,0.0,0,0.0,100.0,-1,0.0,,,,,,208,0.99,0.0,0.0
2026-07-10T10:42:42.033324,Raspberry_Relieve1,25.652265533333335,-100.29192455,40.23,0.0,0,0.0,100.0,-1,0.0,,,,,,209,0.99,0.0,0.0
2026-07-10T10:42:43.033422,Raspberry_Relieve1,25.652265566666667,-100.29192458333333,40.232,0.0,0,0.0,100.0,-1,0.0,,,,,,210,1.15,0.0,0.0
2026-07-10T10:42:44.033570,Raspberry_Relieve1,25.652265616666668,-100.29192461666666,40.232,0.0,0,0.0,100.0,-1,0.0,,,,,,211,0.87,0.0,0.0
2026-07-10T10:42:45.033771,Raspberry_Relieve1,25.65226565,-100.29192463333334,40.23,0.0,0,0.0,100.0,-1,0.0,,,,,,212,0.96,0.0,0.0
2026-07-10T10:42:46.033838,Raspberry_Relieve1,25.6522657,-100.29192466666667,40.231,0.0,0,0.0,100.0,-1,0.0,,,,,,213,1.03,0.0,0.0
2026-07-10T10:42:47.033944,Raspberry_Relieve1,25.65226575,-100.2919247,40.231,0.0,0,0.0,100.0,-1,0.0,,,,,,214,0.97,0.0,0.0
2026-07-10T10:42:48.034046,Raspberry_Relieve1,25.652265783333334,-100.29192475,40.231,0.0,0,0.0,100.0,-1,0.0,,,,,,215,1.04,0.0,0.0
2026-07-10T10:42:49.034152,Raspberry_Relieve1,25.652265816666667,-100.29192478333333,40.23,0.0,0,0.0,100.0,-1,0.0,,,,,,216,0.99,0.0,0.0
2026-07-10T10:42:50.034285,Raspberry_Relieve1,25.652265866666667,-100.29192485,40.23,0.0,0,0.0,100.0,-1,0.0,,,,,,217,1.02,0.0,0.0
2026-07-10T10:42:51.034520,Raspberry_Relieve1,25.6522659,-100.29192488333334,40.23,0.0,0,0.0,100.0,-1,0.0,,,,,,218,1.0,0.0,0.0
2026-07-10T10:42:52.034623,Raspberry_Relieve1,25.652265933333332,-100.29192493333333,40.232,0.0,0,0.0,100.0,-1,0.0,,,,,,219,0.91,0.0,0.0
2026-07-10T10:42:53.034745,Raspberry_Relieve1,25.65226596666667,-100.291925,40.23,0.0,0,0.0,100.0,-1,0.0,,,,,,220,1.05,0.0,0.0
2026-07-10T10:42:54.034856,Raspberry_Relieve1,25.652266,-100.29192505,40.23,0.0,0,0.0,100.0,-1,0.0,,,,,,221,0.99,0.0,0.0
2026-07-10T10:42:55.034962,Raspberry_Relieve1,25.65226605,-100.29192508333334,40.23,0.0,0,0.0,100.0,-1,0.0,,,,,,222,1.0,0.0,0.0
2026-07-10T10:42:56.035088,Raspberry_Relieve1,25.652266083333334,-100.29192511666666,40.23,0.0,0,0.0,100.0,-1,0.0,,,,,,223,0.99,0.0,0.0
2026-07-10T10:42:57.035243,Raspberry_Relieve1,25.652266116666667,-100.29192515,40.229,0.0,0,0.0,100.0,-1,0.0,,,,,,224,1.05,0.0,0.0
2026-07-10T10:42:58.035332,Raspberry_Relieve1,25.652266166666667,-100.2919252,40.229,0.0,0,0.0,100.0,-1,0.0,,,,,,225,1.0,0.0,0.0
2026-07-10T10:42:59.035433,Raspberry_Relieve1,25.6522662,-100.29192523333333,40.228,0.0,0,0.0,100.0,-1,0.0,,,,,,226,0.94,0.0,0.0
2026-07-10T10:43:00.035566,Raspberry_Relieve1,25.652266233333332,-100.29192525,40.229,0.0,0,0.0,100.0,-1,0.0,,,,,,227,1.06,0.0,0.0
2026-07-10T10:43:01.035695,Raspberry_Relieve1,25.652266283333333,-100.29192528333333,40.23,0.0,0,0.0,100.0,-1,0.0,,,,,,228,1.02,0.0,0.0
2026-07-10T10:43:02.035792,Raspberry_Relieve1,25.652266316666665,-100.29192533333334,40.228,0.0,0,0.0,100.0,-1,0.0,,,,,,229,1.02,0.0,0.0
2026-07-10T10:43:03.035930,Raspberry_Relieve1,25.652266433333335,-100.29192531666666,40.23,0.0,0,0.0,100.0,-1,0.0,,,,,,230,0.98,0.0,0.0
2026-07-10T10:43:04.035999,Raspberry_Relieve1,25.652266833333332,-100.29192518333333,40.231,0.0,0,0.0,100.0,-1,0.0,,,,,,231,0.97,0.0,0.0
2026-07-10T10:43:05.036126,Raspberry_Relieve1,25.652266883333333,-100.2919252,40.229,0.0,0,0.0,100.0,-1,0.0,,,,,,232,0.96,0.0,0.0
2026-07-10T10:43:06.036221,Raspberry_Relieve1,25.6522669,-100.2919252,40.229,0.0,0,0.0,100.0,-1,0.0,,,,,,233,0.98,0.0,0.0
2026-07-10T10:43:07.036324,Raspberry_Relieve1,25.65226695,-100.2919252,40.229,0.0,0,0.0,100.0,-1,0.0,,,,,,234,1.05,0.0,0.0
2026-07-10T10:43:08.036426,Raspberry_Relieve1,25.652266983333334,-100.2919252,40.228,0.0,0,0.0,100.0,-1,0.0,,,,,,235,1.02,0.0,0.0
2026-07-10T10:43:09.036629,Raspberry_Relieve1,25.65226705,-100.2919252,40.229,0.0,0,0.0,100.0,-1,0.0,,,,,,236,0.98,0.0,0.0
2026-07-10T10:43:10.036790,Raspberry_Relieve1,25.652267083333335,-100.2919252,40.23,0.0,0,0.0,100.0,-1,0.0,,,,,,237,0.94,0.0,0.0
2026-07-10T10:43:11.036866,Raspberry_Relieve1,25.6522671,-100.29192521666667,40.229,0.0,0,0.0,100.0,-1,0.0,,,,,,238,1.05,0.0,0.0
2026-07-10T10:43:12.036971,Raspberry_Relieve1,25.652267133333332,-100.29192523333333,40.23,0.0,0,0.0,100.0,-1,0.0,,,,,,239,1.0,0.0,0.0
2026-07-10T10:43:13.037050,Raspberry_Relieve1,25.65226715,-100.29192523333333,40.23,0.0,0,0.0,100.0,-1,0.0,,,,,,240,1.0,0.0,0.0
2026-07-10T10:43:14.037143,Raspberry_Relieve1,25.652267183333333,-100.29192525,40.229,0.0,0,0.0,100.0,-1,0.0,,,,,,241,0.97,0.0,0.0
2026-07-10T10:43:15.037241,Raspberry_Relieve1,25.652267183333333,-100.29192526666667,40.231,0.0,0,0.0,100.0,-1,0.0,,,,,,242,1.04,0.0,0.0
2026-07-10T10:43:16.037477,Raspberry_Relieve1,25.6522674,-100.2919255,40.229,0.0,0,0.0,100.0,-1,0.0,,,,,,243,0.98,0.0,0.0
2026-07-10T10:43:17.037940,Raspberry_Relieve1,25.652267616666666,-100.29192573333333,40.229,0.0,0,0.0,100.0,-1,0.0,,,,,,244,1.02,0.0,0.0
2026-07-10T10:43:18.038006,Raspberry_Relieve1,25.65226795,-100.2919261,40.229,0.0,0,0.0,100.0,-1,0.0,,,,,,245,1.0,0.0,0.0
2026-07-10T10:43:19.038103,Raspberry_Relieve1,25.65226795,-100.2919261,40.228,0.0,0,0.0,100.0,-1,0.0,,,,,,246,1.05,0.0,0.0
2026-07-10T10:43:20.038193,Raspberry_Relieve1,25.652268533333334,-100.2919267,40.228,0.0,0,0.0,100.0,-1,0.0,,,,,,247,0.92,0.0,0.0
2026-07-10T10:43:21.038287,Raspberry_Relieve1,25.652268533333334,-100.2919267,40.229,0.0,0,0.0,100.0,-1,0.0,,,,,,248,1.03,0.0,0.0
2026-07-10T10:43:22.038404,Raspberry_Relieve1,25.65226885,-100.291927,40.229,0.0,0,0.0,100.0,-1,0.0,,,,,,249,1.01,0.0,0.0
2026-07-10T10:43:23.038624,Raspberry_Relieve1,25.65226885,-100.291927,40.229,0.0,0,0.0,100.0,-1,0.0,,,,,,250,1.01,0.0,0.0
2026-07-10T10:43:24.038722,Raspberry_Relieve1,25.652268866666667,-100.29192701666666,40.228,0.0,0,0.0,100.0,-1,0.0,,,,,,251,0.96,0.0,0.0
2026-07-10T10:43:25.038821,Raspberry_Relieve1,25.652268866666667,-100.29192701666666,40.229,0.0,0,0.0,100.0,-1,0.0,,,,,,252,1.01,0.0,0.0
2026-07-10T10:43:26.038947,Raspberry_Relieve1,25.6522689,-100.29192705,40.229,0.0,0,0.0,100.0,-1,0.0,,,,,,253,0.98,0.0,0.0
2026-07-10T10:43:27.039077,Raspberry_Relieve1,25.652268916666667,-100.29192703333334,40.229,0.0,0,0.0,100.0,-1,0.0,,,,,,254,0.99,0.0,0.0
2026-07-10T10:43:28.039151,Raspberry_Relieve1,25.652268933333332,-100.29192701666666,40.232,0.0,0,0.0,100.0,-1,0.0,,,,,,255,1.04,0.0,0.0
2026-07-10T10:43:29.039270,Raspberry_Relieve1,25.652268933333332,-100.29192703333334,40.229,0.0,0,0.0,100.0,-1,0.0,,,,,,256,0.97,0.0,0.0
2026-07-10T10:43:30.039422,Raspberry_Relieve1,25.652268933333332,-100.29192701666666,40.229,0.0,0,0.0,100.0,-1,0.0,,,,,,257,1.03,0.0,0.0
2026-07-10T10:43:31.039517,Raspberry_Relieve1,25.652268966666668,-100.29192703333334,40.229,0.0,0,0.0,100.0,-1,0.0,,,,,,258,0.93,0.0,0.0
2026-07-10T10:43:32.039645,Raspberry_Relieve1,25.652268983333332,-100.29192703333334,40.229,0.0,0,0.0,100.0,-1,0.0,,,,,,259,1.01,0.0,0.0
2026-07-10T10:43:33.039793,Raspberry_Relieve1,25.652268983333332,-100.29192703333334,40.229,0.0,0,0.0,100.0,-1,0.0,,,,,,260,1.06,0.0,0.0
2026-07-10T10:43:34.039854,Raspberry_Relieve1,25.65226905,-100.29192706666667,40.229,0.0,0,0.0,100.0,-1,0.0,,,,,,261,0.98,0.0,0.0
2026-07-10T10:43:35.039936,Raspberry_Relieve1,25.6522691,-100.29192708333333,40.229,0.0,0,0.0,100.0,-1,0.0,,,,,,262,1.04,0.0,0.0
2026-07-10T10:43:36.040026,Raspberry_Relieve1,25.652269133333334,-100.2919271,40.228,0.0,0,0.0,100.0,-1,0.0,,,,,,263,0.9,0.0,0.0
2026-07-10T10:43:37.040119,Raspberry_Relieve1,25.652269183333335,-100.2919271,40.228,0.0,0,0.0,100.0,-1,0.0,,,,,,264,1.01,0.0,0.0
2026-07-10T10:43:38.040241,Raspberry_Relieve1,25.652269216666667,-100.2919271,40.226,0.0,0,0.0,100.0,-1,0.0,,,,,,265,1.07,0.0,0.0
2026-07-10T10:43:39.040407,Raspberry_Relieve1,25.652269216666667,-100.2919271,40.228,0.0,0,0.0,100.0,-1,0.0,,,,,,266,0.98,0.0,0.0
2026-07-10T10:43:40.040555,Raspberry_Relieve1,25.652269266666668,-100.2919271,40.23,0.0,0,0.0,100.0,-1,0.0,,,,,,267,1.03,0.0,0.0
2026-07-10T10:43:41.040634,Raspberry_Relieve1,25.65226931666667,-100.29192708333333,40.229,0.0,0,0.0,100.0,-1,0.0,,,,,,268,0.94,0.0,0.0
2026-07-10T10:43:42.040732,Raspberry_Relieve1,25.65226935,-100.29192706666667,40.227,0.0,0,0.0,100.0,-1,0.0,,,,,,269,1.02,0.0,0.0
2026-07-10T10:43:43.040864,Raspberry_Relieve1,25.652269366666665,-100.29192705,40.228,0.0,0,0.0,100.0,-1,0.0,,,,,,270,0.97,0.0,0.0
2026-07-10T10:43:44.040956,Raspberry_Relieve1,25.652269366666665,-100.29192703333334,40.228,0.0,0,0.0,100.0,-1,0.0,,,,,,271,1.07,0.0,0.0
2026-07-10T10:43:45.041058,Raspberry_Relieve1,25.652269383333334,-100.291927,40.228,0.0,0,0.0,100.0,-1,0.0,,,,,,272,0.91,0.0,0.0
2026-07-10T10:43:46.041911,Raspberry_Relieve1,25.652269383333334,-100.291927,40.227,0.0,0,0.0,100.0,-1,0.0,,,,,,273,1.05,0.0,0.0
2026-07-10T10:43:47.041979,Raspberry_Relieve1,25.652268,-100.29192731666667,40.229,0.0,0,0.0,100.0,-1,0.0,,,,,,274,0.93,0.0,0.0
2026-07-10T10:43:48.042145,Raspberry_Relieve1,25.65227015,-100.29192405,40.228,0.0,0,0.0,100.0,-1,0.0,,,,,,275,1.06,0.0,0.0
2026-07-10T10:43:49.042257,Raspberry_Relieve1,25.65227175,-100.29192033333334,40.229,0.0,0,0.0,100.0,-1,0.0,,,,,,276,0.93,0.0,0.0
2026-07-10T10:43:50.042339,Raspberry_Relieve1,25.652272933333332,-100.2919202,40.229,0.0,0,0.0,100.0,-1,0.0,,,,,,277,1.08,0.0,0.0
2026-07-10T10:43:51.042417,Raspberry_Relieve1,25.6522716,-100.29192113333333,40.228,0.0,0,0.0,100.0,-1,0.0,,,,,,278,1.1,0.0,0.0
2026-07-10T10:43:52.042572,Raspberry_Relieve1,25.6522716,-100.29192113333333,40.228,0.0,0,0.0,100.0,-1,0.0,,,,,,279,0.84,0.0,0.0
2026-07-10T10:43:53.042745,Raspberry_Relieve1,25.652271166666665,-100.2919204,40.229,0.0,0,0.0,100.0,-1,0.0,,,,,,280,1.07,0.0,0.0
2026-07-10T10:43:54.042850,Raspberry_Relieve1,25.652272366666665,-100.29191916666667,40.228,0.0,0,0.0,100.0,-1,0.0,,,,,,281,1.0,0.0,0.0
2026-07-10T10:43:55.042983,Raspberry_Relieve1,25.652267733333332,-100.29192155,40.228,0.0,0,0.0,100.0,-1,0.0,,,,,,282,0.99,0.0,0.0
2026-07-10T10:43:56.043083,Raspberry_Relieve1,25.6522625,-100.29192295,40.227,0.0,0,0.0,100.0,-1,0.0,,,,,,283,1.04,0.0,0.0
2026-07-10T10:43:57.043272,Raspberry_Relieve1,25.6522595,-100.29192461666666,40.229,0.0,0,0.0,100.0,-1,0.0,,,,,,284,0.89,0.0,0.0
2026-07-10T10:43:58.043357,Raspberry_Relieve1,25.6522577,-100.29192646666667,40.229,0.0,0,0.0,100.0,-1,0.0,,,,,,285,1.09,0.0,0.0
2026-07-10T10:43:59.043495,Raspberry_Relieve1,25.6522577,-100.29192646666667,40.229,0.0,0,0.0,100.0,-1,0.0,,,,,,286,0.98,0.0,0.0
2026-07-10T10:44:00.043572,Raspberry_Relieve1,25.652257133333332,-100.29192766666667,40.228,0.0,0,0.0,100.0,-1,0.0,,,,,,287,1.04,0.0,0.0
2026-07-10T10:44:01.043664,Raspberry_Relieve1,25.65226291666667,-100.29192515,40.228,0.0,0,0.0,100.0,-1,0.0,,,,,,288,0.93,0.0,0.0
2026-07-10T10:44:02.043748,Raspberry_Relieve1,25.652270583333333,-100.29192336666667,40.228,0.0,0,0.0,100.0,-1,0.0,,,,,,289,0.98,0.0,0.0
2026-07-10T10:44:03.043912,Raspberry_Relieve1,25.6522836,-100.29191931666666,40.229,0.0,0,0.0,100.0,-1,0.0,,,,,,290,1.02,0.0,0.0
2026-07-10T10:44:04.044038,Raspberry_Relieve1,25.65229195,-100.29191426666667,40.228,0.0,0,0.0,100.0,-1,0.0,,,,,,291,1.05,0.0,0.0
2026-07-10T10:44:05.044179,Raspberry_Relieve1,25.65229195,-100.29191426666667,40.228,0.0,0,0.0,100.0,-1,0.0,,,,,,292,0.91,0.0,0.0
2026-07-10T10:44:06.044262,Raspberry_Relieve1,25.652296016666668,-100.29190905,40.229,0.0,0,0.0,100.0,-1,0.0,,,,,,293,1.04,0.0,0.0
2026-07-10T10:44:07.044359,Raspberry_Relieve1,25.652306883333335,-100.29190913333333,40.228,0.0,0,0.0,100.0,-1,0.0,,,,,,294,1.03,0.0,0.0
2026-07-10T10:44:08.044462,Raspberry_Relieve1,25.652314166666667,-100.291909,40.228,0.0,0,0.0,100.0,-1,0.0,,,,,,295,0.99,0.0,0.0
2026-07-10T10:44:09.044550,Raspberry_Relieve1,25.652314283333332,-100.2919079,40.228,0.0,0,0.0,100.0,-1,0.0,,,,,,296,1.01,0.0,0.0
2026-07-10T10:44:10.044655,Raspberry_Relieve1,25.652313766666666,-100.29190511666667,40.227,0.0,0,0.0,100.0,-1,0.0,,,,,,297,0.99,0.0,0.0
2026-07-10T10:44:11.044792,Raspberry_Relieve1,25.652313766666666,-100.29190511666667,40.228,0.0,0,0.0,100.0,-1,0.0,,,,,,298,1.06,0.0,0.0
2026-07-10T10:44:12.044862,Raspberry_Relieve1,25.6523101,-100.29190068333334,40.23,0.0,0,0.0,100.0,-1,0.0,,,,,,300,1.71,0.0,0.0
2026-07-10T10:44:13.181395,Raspberry_Relieve1,25.65230755,-100.29190301666667,40.227,0.0,0,0.0,100.0,-1,0.0,,,,,,300,0.37,0.0,0.0
2026-07-10T10:44:14.181486,Raspberry_Relieve1,25.652306266666667,-100.2919042,40.228,0.0,0,0.0,100.0,-1,0.0,,,,,,301,0.92,0.0,0.0
2026-07-10T10:44:15.181576,Raspberry_Relieve1,25.652305916666666,-100.29190385,40.226,0.0,0,0.0,100.0,-1,0.0,,,,,,302,1.01,0.0,0.0
2026-07-10T10:44:16.181697,Raspberry_Relieve1,25.65230575,-100.29190368333333,40.227,0.0,0,0.0,100.0,-1,0.0,,,,,,303,1.15,0.0,0.0
2026-07-10T10:44:17.181780,Raspberry_Relieve1,25.652306733333333,-100.29190306666666,40.228,0.0,0,0.0,100.0,-1,0.0,,,,,,304,0.91,0.0,0.0
2026-07-10T10:44:18.181863,Raspberry_Relieve1,25.6523083,-100.29190173333333,40.227,0.0,0,0.0,100.0,-1,0.0,,,,,,305,1.05,0.0,0.0
2026-07-10T10:44:19.181945,Raspberry_Relieve1,25.6523088,-100.2919019,40.227,0.0,0,0.0,100.0,-1,0.0,,,,,,306,0.95,0.0,0.0
2026-07-10T10:44:20.182033,Raspberry_Relieve1,25.65230895,-100.29190226666667,40.226,0.0,0,0.0,100.0,-1,0.0,,,,,,307,1.0,0.0,0.0
2026-07-10T10:44:21.182115,Raspberry_Relieve1,25.652308916666666,-100.29190245,40.227,0.0,0,0.0,100.0,-1,0.0,,,,,,308,1.06,0.0,0.0
2026-07-10T10:44:22.182206,Raspberry_Relieve1,25.652308933333334,-100.2919024,40.226,0.0,0,0.0,100.0,-1,0.0,,,,,,309,0.9,0.0,0.0
2026-07-10T10:44:23.182331,Raspberry_Relieve1,25.65230885,-100.29190221666667,40.225,0.0,0,0.0,100.0,-1,0.0,,,,,,310,1.03,0.0,0.0
2026-07-10T10:44:24.182442,Raspberry_Relieve1,25.652308766666668,-100.29190213333334,40.229,0.0,0,0.0,100.0,-1,0.0,,,,,,311,1.04,0.0,0.0
2026-07-10T10:44:25.182513,Raspberry_Relieve1,25.6523087,-100.29190211666666,40.227,0.0,0,0.0,100.0,-1,0.0,,,,,,312,0.9,0.0,0.0
2026-07-10T10:44:26.182603,Raspberry_Relieve1,25.6523087,-100.29190208333333,40.228,0.0,0,0.0,100.0,-1,0.0,,,,,,313,1.09,0.0,0.0
2026-07-10T10:44:27.182681,Raspberry_Relieve1,25.6523087,-100.29190208333333,40.229,0.0,0,0.0,100.0,-1,0.0,,,,,,314,0.92,0.0,0.0
2026-07-10T10:44:28.182768,Raspberry_Relieve1,25.6523087,-100.29190206666667,40.227,0.0,0,0.0,100.0,-1,0.0,,,,,,315,0.99,0.0,0.0
2026-07-10T10:44:29.182857,Raspberry_Relieve1,25.6523087,-100.2919021,40.229,0.0,0,0.0,100.0,-1,0.0,,,,,,316,1.09,0.0,0.0
2026-07-10T10:44:30.182978,Raspberry_Relieve1,25.652308716666667,-100.29190213333334,40.228,0.0,0,0.0,100.0,-1,0.0,,,,,,317,0.99,0.0,0.0
2026-07-10T10:44:31.183068,Raspberry_Relieve1,25.652308716666667,-100.29190216666667,40.229,0.0,0,0.0,100.0,-1,0.0,,,,,,318,0.96,0.0,0.0
2026-07-10T10:44:32.183191,Raspberry_Relieve1,25.65230875,-100.29190218333333,40.228,0.0,0,0.0,100.0,-1,0.0,,,,,,319,1.06,0.0,0.0
2026-07-10T10:44:33.183282,Raspberry_Relieve1,25.6523088,-100.29190216666667,40.227,0.0,0,0.0,100.0,-1,0.0,,,,,,320,0.98,0.0,0.0
2026-07-10T10:44:34.183369,Raspberry_Relieve1,25.652308833333333,-100.29190216666667,40.225,0.0,0,0.0,100.0,-1,0.0,,,,,,321,0.99,0.0,0.0
2026-07-10T10:44:35.183470,Raspberry_Relieve1,25.652308866666665,-100.29190215,40.225,0.0,0,0.0,100.0,-1,0.0,,,,,,322,0.92,0.0,0.0
2026-07-10T10:44:36.183576,Raspberry_Relieve1,25.6523089,-100.29190215,40.227,0.0,0,0.0,100.0,-1,0.0,,,,,,323,1.1,0.0,0.0
2026-07-10T10:44:37.183654,Raspberry_Relieve1,25.652308933333334,-100.29190215,40.226,0.0,0,0.0,100.0,-1,0.0,,,,,,324,0.95,0.0,0.0
2026-07-10T10:44:38.183735,Raspberry_Relieve1,25.652308966666666,-100.29190218333333,40.224,0.0,0,0.0,100.0,-1,0.0,,,,,,325,1.02,0.0,0.0
2026-07-10T10:44:39.183817,Raspberry_Relieve1,25.652308983333334,-100.29190221666667,40.224,0.0,0,0.0,100.0,-1,0.0,,,,,,326,1.04,0.0,0.0
2026-07-10T10:44:40.183898,Raspberry_Relieve1,25.652309016666667,-100.29190226666667,40.224,0.0,0,0.0,100.0,-1,0.0,,,,,,327,0.9,0.0,0.0
2026-07-10T10:44:41.183983,Raspberry_Relieve1,25.652309033333335,-100.2919023,40.224,0.0,0,0.0,100.0,-1,0.0,,,,,,328,1.05,0.0,0.0
2026-07-10T10:44:42.184100,Raspberry_Relieve1,25.652309033333335,-100.29190231666666,40.226,0.0,0,0.0,100.0,-1,0.0,,,,,,329,0.98,0.0,0.0
2026-07-10T10:44:43.184188,Raspberry_Relieve1,25.652309,-100.29190236666666,40.225,0.0,0,0.0,100.0,-1,0.0,,,,,,330,1.04,0.0,0.0
2026-07-10T10:44:44.184298,Raspberry_Relieve1,25.652308966666666,-100.29190238333334,40.226,0.0,0,0.0,100.0,-1,0.0,,,,,,331,1.0,0.0,0.0
2026-07-10T10:44:45.184383,Raspberry_Relieve1,25.652308966666666,-100.29190238333334,40.226,0.0,0,0.0,100.0,-1,0.0,,,,,,332,1.0,0.0,0.0
2026-07-10T10:44:46.184465,Raspberry_Relieve1,25.652308966666666,-100.29190238333334,40.225,0.0,0,0.0,100.0,-1,0.0,,,,,,334,1.97,0.0,0.0
2026-07-10T10:44:47.530135,Raspberry_Relieve1,25.652308983333334,-100.29190236666666,40.227,0.0,0,0.0,100.0,-1,0.0,,,,,,335,0.33,0.0,0.0
2026-07-10T10:44:48.530260,Raspberry_Relieve1,25.652308966666666,-100.29190238333334,40.225,0.0,0,0.0,100.0,-1,0.0,,,,,,336,1.0,0.0,0.0
2026-07-10T10:44:49.530342,Raspberry_Relieve1,25.652308966666666,-100.29190238333334,40.227,0.0,0,0.0,100.0,-1,0.0,,,,,,337,1.01,0.0,0.0
2026-07-10T10:44:50.530467,Raspberry_Relieve1,25.65230895,-100.29190238333334,40.226,0.0,0,0.0,100.0,-1,0.0,,,,,,338,1.03,0.0,0.0
2026-07-10T10:44:51.530544,Raspberry_Relieve1,25.65230895,-100.29190238333334,40.229,0.0,0,0.0,100.0,-1,0.0,,,,,,339,0.97,0.0,0.0
2026-07-10T10:44:52.530627,Raspberry_Relieve1,25.652308933333334,-100.29190236666666,40.227,0.0,0,0.0,100.0,-1,0.0,,,,,,340,1.03,0.0,0.0
2026-07-10T10:44:53.530720,Raspberry_Relieve1,25.652308933333334,-100.29190236666666,40.226,0.0,0,0.0,100.0,-1,0.0,,,,,,341,0.98,0.0,0.0
2026-07-10T10:44:54.530810,Raspberry_Relieve1,25.652308933333334,-100.29190236666666,40.227,0.0,0,0.0,100.0,-1,0.0,,,,,,342,1.0,0.0,0.0
2026-07-10T10:44:55.530895,Raspberry_Relieve1,25.65230895,-100.29190236666666,40.224,0.0,0,0.0,100.0,-1,0.0,,,,,,343,0.94,0.0,0.0
2026-07-10T10:44:56.531025,Raspberry_Relieve1,25.652310383333333,-100.29190321666667,40.225,0.0,0,0.0,100.0,-1,0.0,,,,,,344,1.12,0.0,0.0
2026-07-10T10:44:57.531153,Raspberry_Relieve1,25.652310466666666,-100.29190173333333,40.226,0.0,0,0.0,100.0,-1,0.0,,,,,,345,0.95,0.0,0.0
2026-07-10T10:44:58.531316,Raspberry_Relieve1,25.652310333333332,-100.29189925,40.228,0.0,0,0.0,100.0,-1,0.0,,,,,,346,1.01,0.0,0.0
2026-07-10T10:44:59.531395,Raspberry_Relieve1,25.65231045,-100.29189675,40.226,0.0,0,0.0,100.0,-1,0.0,,,,,,347,0.93,0.0,0.0
2026-07-10T10:45:00.531490,Raspberry_Relieve1,25.65231035,-100.29189521666666,40.225,0.0,0,0.0,100.0,-1,0.0,,,,,,348,1.02,0.0,0.0
2026-07-10T10:45:01.531592,Raspberry_Relieve1,25.6523105,-100.29189346666666,40.225,0.0,0,0.0,100.0,-1,0.0,,,,,,349,1.02,0.0,0.0
2026-07-10T10:45:02.531693,Raspberry_Relieve1,25.65231085,-100.291892,40.225,0.0,0,0.0,100.0,-1,0.0,,,,,,350,1.06,0.0,0.0
2026-07-10T10:45:03.531784,Raspberry_Relieve1,25.65231155,-100.29189076666667,40.226,0.0,0,0.0,100.0,-1,0.0,,,,,,351,1.13,0.0,0.0
2026-07-10T10:45:04.531921,Raspberry_Relieve1,25.6523123,-100.29189128333333,40.227,0.0,0,0.0,100.0,-1,0.0,,,,,,353,1.86,0.0,0.0
2026-07-10T10:45:05.924230,Raspberry_Relieve1,25.652313116666665,-100.29189205,40.227,0.0,0,0.0,100.0,-1,0.0,,,,,,353,0.34,0.0,0.0
2026-07-10T10:45:06.924321,Raspberry_Relieve1,25.65231325,-100.29189046666667,40.224,0.0,0,0.0,100.0,-1,0.0,,,,,,354,0.95,0.0,0.0
2026-07-10T10:45:07.924405,Raspberry_Relieve1,25.65231375,-100.29189,40.225,0.0,0,0.0,100.0,-1,0.0,,,,,,355,1.22,0.0,0.0
2026-07-10T10:45:08.924492,Raspberry_Relieve1,25.652313816666666,-100.2918899,40.225,0.0,0,0.0,100.0,-1,0.0,,,,,,356,0.85,0.0,0.0
2026-07-10T10:45:09.924594,Raspberry_Relieve1,25.652313833333334,-100.29188995,40.224,0.0,0,0.0,100.0,-1,0.0,,,,,,357,0.96,0.0,0.0
2026-07-10T10:45:10.924737,Raspberry_Relieve1,25.652313633333332,-100.29189071666667,40.225,0.0,0,0.0,100.0,-1,0.0,,,,,,358,1.03,0.0,0.0
2026-07-10T10:45:11.924807,Raspberry_Relieve1,25.652312966666667,-100.29188971666666,40.226,0.0,0,0.0,100.0,-1,0.0,,,,,,359,1.03,0.0,0.0
2026-07-10T10:45:12.924890,Raspberry_Relieve1,25.652312916666666,-100.29188856666667,40.226,0.0,0,0.0,100.0,-1,0.0,,,,,,360,0.99,0.0,0.0
2026-07-10T10:45:13.924975,Raspberry_Relieve1,25.65231305,-100.29188853333333,40.223,0.0,0,0.0,100.0,-1,0.0,,,,,,361,0.97,0.0,0.0
2026-07-10T10:45:14.925062,Raspberry_Relieve1,25.652313633333332,-100.29188893333334,40.227,0.0,0,0.0,100.0,-1,0.0,,,,,,362,1.03,0.0,0.0
2026-07-10T10:45:15.925150,Raspberry_Relieve1,25.6523142,-100.29188963333333,40.225,0.0,0,0.0,100.0,-1,0.0,,,,,,363,1.05,0.0,0.0
2026-07-10T10:45:16.925284,Raspberry_Relieve1,25.652314516666667,-100.2918901,40.225,0.0,0,0.0,100.0,-1,0.0,,,,,,364,0.94,0.0,0.0
2026-07-10T10:45:17.925367,Raspberry_Relieve1,25.652314666666665,-100.29189033333333,40.224,0.0,0,0.0,100.0,-1,0.0,,,,,,365,1.01,0.0,0.0
2026-07-10T10:45:18.925452,Raspberry_Relieve1,25.652314766666667,-100.29189048333333,40.223,0.0,0,0.0,100.0,-1,0.0,,,,,,366,1.0,0.0,0.0
2026-07-10T10:45:19.925557,Raspberry_Relieve1,25.6523148,-100.29189055,40.224,0.0,0,0.0,100.0,-1,0.0,,,,,,367,0.98,0.0,0.0
2026-07-10T10:45:20.925631,Raspberry_Relieve1,25.652314816666667,-100.29189058333333,40.224,0.0,0,0.0,100.0,-1,0.0,,,,,,368,1.05,0.0,0.0
2026-07-10T10:45:21.925712,Raspberry_Relieve1,25.65231483333333,-100.29189058333333,40.225,0.0,0,0.0,100.0,-1,0.0,,,,,,369,1.04,0.0,0.0
2026-07-10T10:45:22.925845,Raspberry_Relieve1,25.652314816666667,-100.2918906,40.224,0.0,0,0.0,100.0,-1,0.0,,,,,,370,0.98,0.0,0.0
2026-07-10T10:45:23.925916,Raspberry_Relieve1,25.652314816666667,-100.29189061666666,40.225,0.0,0,0.0,100.0,-1,0.0,,,,,,371,0.99,0.0,0.0
2026-07-10T10:45:24.925996,Raspberry_Relieve1,25.652314816666667,-100.29189063333334,40.224,0.0,0,0.0,100.0,-1,0.0,,,,,,372,0.95,0.0,0.0
2026-07-10T10:45:25.926080,Raspberry_Relieve1,25.652314816666667,-100.29189063333334,40.223,0.0,0,0.0,100.0,-1,0.0,,,,,,373,0.99,0.0,0.0
2026-07-10T10:45:26.926163,Raspberry_Relieve1,25.652314816666667,-100.29189061666666,40.223,0.0,0,0.0,100.0,-1,0.0,,,,,,374,1.04,0.0,0.0
2026-07-10T10:45:27.926265,Raspberry_Relieve1,25.65231483333333,-100.2918906,40.223,0.0,0,0.0,100.0,-1,0.0,,,,,,375,0.92,0.0,0.0
2026-07-10T10:45:28.926412,Raspberry_Relieve1,25.65231485,-100.29189058333333,40.224,0.0,0,0.0,100.0,-1,0.0,,,,,,376,0.99,0.0,0.0
2026-07-10T10:45:29.926525,Raspberry_Relieve1,25.65231485,-100.29189058333333,40.224,0.0,0,0.0,100.0,-1,0.0,,,,,,377,1.08,0.0,0.0
2026-07-10T10:45:30.926592,Raspberry_Relieve1,25.65231485,-100.29189058333333,40.224,0.0,0,0.0,100.0,-1,0.0,,,,,,378,1.02,0.0,0.0
2026-07-10T10:45:31.926674,Raspberry_Relieve1,25.65231485,-100.29189058333333,40.223,0.0,0,0.0,100.0,-1,0.0,,,,,,379,0.89,0.0,0.0
2026-07-10T10:45:32.926760,Raspberry_Relieve1,25.65231483333333,-100.29189058333333,40.223,0.0,0,0.0,100.0,-1,0.0,,,,,,380,1.08,0.0,0.0
2026-07-10T10:45:33.926851,Raspberry_Relieve1,25.65231485,-100.29189056666667,40.224,0.0,0,0.0,100.0,-1,0.0,,,,,,381,0.98,0.0,0.0
2026-07-10T10:45:34.926933,Raspberry_Relieve1,25.65231485,-100.29189058333333,40.223,0.0,0,0.0,100.0,-1,0.0,,,,,,382,0.95,0.0,0.0
2026-07-10T10:45:35.927072,Raspberry_Relieve1,25.652314866666668,-100.2918906,40.223,0.0,0,0.0,100.0,-1,0.0,,,,,,383,0.99,0.0,0.0
2026-07-10T10:45:36.927132,Raspberry_Relieve1,25.652314883333332,-100.29189065,40.225,0.0,0,0.0,100.0,-1,0.0,,,,,,384,1.08,0.0,0.0
2026-07-10T10:45:37.927221,Raspberry_Relieve1,25.652316633333335,-100.2918925,40.225,0.0,0,0.0,100.0,-1,0.0,,,,,,385,0.92,0.0,0.0
2026-07-10T10:45:38.927305,Raspberry_Relieve1,25.652319133333332,-100.29189518333334,40.223,0.0,0,0.0,100.0,-1,0.0,,,,,,386,1.03,0.0,0.0
2026-07-10T10:45:39.927387,Raspberry_Relieve1,25.6523233,-100.29190603333333,40.223,0.0,0,0.0,100.0,-1,0.0,,,,,,387,1.04,0.0,0.0
2026-07-10T10:45:40.927468,Raspberry_Relieve1,25.652325083333334,-100.29191203333333,40.223,0.0,0,0.0,100.0,-1,0.0,,,,,,388,0.94,0.0,0.0
2026-07-10T10:45:41.927611,Raspberry_Relieve1,25.65232646666667,-100.29191568333333,40.223,0.0,0,0.0,100.0,-1,0.0,,,,,,389,1.05,0.0,0.0
2026-07-10T10:45:42.927819,Raspberry_Relieve1,25.652327733333333,-100.291917,40.225,0.0,0,0.0,100.0,-1,0.0,,,,,,390,1.02,0.0,0.0
2026-07-10T10:45:43.927972,Raspberry_Relieve1,25.652329433333332,-100.29191815,40.225,0.0,0,0.0,100.0,-1,0.0,,,,,,391,1.0,0.0,0.0
2026-07-10T10:45:44.928101,Raspberry_Relieve1,25.652329566666666,-100.29192038333333,40.225,0.0,0,0.0,100.0,-1,0.0,,,,,,392,0.93,0.0,0.0
2026-07-10T10:45:45.928210,Raspberry_Relieve1,25.6523286,-100.29192001666667,40.224,0.0,0,0.0,100.0,-1,0.0,,,,,,393,1.06,0.0,0.0
2026-07-10T10:45:46.928345,Raspberry_Relieve1,25.65232765,-100.29192025,40.225,0.0,0,0.0,100.0,-1,0.0,,,,,,394,0.98,0.0,0.0
2026-07-10T10:45:47.928407,Raspberry_Relieve1,25.6523274,-100.29192023333333,40.223,0.0,0,0.0,100.0,-1,0.0,,,,,,395,0.99,0.0,0.0
2026-07-10T10:45:48.928493,Raspberry_Relieve1,25.6523273,-100.29192011666666,40.223,0.0,0,0.0,100.0,-1,0.0,,,,,,396,0.98,0.0,0.0
2026-07-10T10:45:49.928580,Raspberry_Relieve1,25.652327283333335,-100.29192001666667,40.224,0.0,0,0.0,100.0,-1,0.0,,,,,,397,1.09,0.0,0.0
2026-07-10T10:45:50.928673,Raspberry_Relieve1,25.652327216666666,-100.29191998333333,40.223,0.0,0,0.0,100.0,-1,0.0,,,,,,398,0.93,0.0,0.0
2026-07-10T10:45:51.928755,Raspberry_Relieve1,25.652327183333334,-100.29191996666667,40.222,0.0,0,0.0,100.0,-1,0.0,,,,,,399,1.04,0.0,0.0
2026-07-10T10:45:52.928935,Raspberry_Relieve1,25.652327183333334,-100.29191996666667,40.223,0.0,0,0.0,100.0,-1,0.0,,,,,,400,0.96,0.0,0.0
2026-07-10T10:45:53.929064,Raspberry_Relieve1,25.652327166666666,-100.29191998333333,40.226,0.0,0,0.0,100.0,-1,0.0,,,,,,401,1.01,0.0,0.0
2026-07-10T10:45:54.929178,Raspberry_Relieve1,25.6523272,-100.29192,40.225,0.0,0,0.0,100.0,-1,0.0,,,,,,402,1.03,0.0,0.0
2026-07-10T10:45:55.929313,Raspberry_Relieve1,25.65232705,-100.2919201,40.224,0.0,0,0.0,100.0,-1,0.0,,,,,,403,1.0,0.0,0.0
2026-07-10T10:45:56.929434,Raspberry_Relieve1,25.6523272,-100.29192005,40.223,0.0,0,0.0,100.0,-1,0.0,,,,,,404,0.98,0.0,0.0
2026-07-10T10:45:57.929588,Raspberry_Relieve1,25.6523272,-100.29192,40.224,0.0,0,0.0,100.0,-1,0.0,,,,,,405,1.05,0.0,0.0
2026-07-10T10:45:58.929752,Raspberry_Relieve1,25.652327166666666,-100.29191996666667,40.224,0.0,0,0.0,100.0,-1,0.0,,,,,,406,0.96,0.0,0.0
2026-07-10T10:45:59.929883,Raspberry_Relieve1,25.65232725,-100.29192008333334,40.223,0.0,0,0.0,100.0,-1,0.0,,,,,,407,0.99,0.0,0.0
2026-07-10T10:46:00.930007,Raspberry_Relieve1,25.652327183333334,-100.29192003333333,40.224,0.0,0,0.0,100.0,-1,0.0,,,,,,408,0.97,0.0,0.0
2026-07-10T10:46:01.930079,Raspberry_Relieve1,25.652327166666666,-100.29192001666667,40.223,0.0,0,0.0,100.0,-1,0.0,,,,,,409,1.08,0.0,0.0
2026-07-10T10:46:02.930171,Raspberry_Relieve1,25.65232745,-100.29192006666666,40.224,0.0,0,0.0,100.0,-1,0.0,,,,,,410,0.98,0.0,0.0
2026-07-10T10:46:03.930279,Raspberry_Relieve1,25.652327783333334,-100.29192006666666,40.223,0.0,0,0.0,100.0,-1,0.0,,,,,,411,1.01,0.0,0.0
2026-07-10T10:46:04.930369,Raspberry_Relieve1,25.65232805,-100.29192005,40.221,0.0,0,0.0,100.0,-1,0.0,,,,,,412,0.98,0.0,0.0
2026-07-10T10:46:05.930456,Raspberry_Relieve1,25.652328183333335,-100.2919201,40.223,0.0,0,0.0,100.0,-1,0.0,,,,,,413,0.99,0.0,0.0
2026-07-10T10:46:06.930600,Raspberry_Relieve1,25.6523279,-100.29192023333333,40.223,0.0,0,0.0,100.0,-1,0.0,,,,,,414,0.98,0.0,0.0
2026-07-10T10:46:07.930714,Raspberry_Relieve1,25.652327783333334,-100.29192031666666,40.224,0.0,0,0.0,100.0,-1,0.0,,,,,,415,0.99,0.0,0.0
2026-07-10T10:46:08.930798,Raspberry_Relieve1,25.652327716666665,-100.29192036666667,40.224,0.0,0,0.0,100.0,-1,0.0,,,,,,416,1.06,0.0,0.0
2026-07-10T10:46:09.930888,Raspberry_Relieve1,25.652327683333333,-100.29192038333333,40.224,0.0,0,0.0,100.0,-1,0.0,,,,,,417,0.95,0.0,0.0
2026-07-10T10:46:10.930966,Raspberry_Relieve1,25.6523277,-100.29192045,40.223,0.0,0,0.0,100.0,-1,0.0,,,,,,418,1.09,0.0,0.0
2026-07-10T10:46:11.931057,Raspberry_Relieve1,25.652327766666666,-100.2919205,40.224,0.0,0,0.0,100.0,-1,0.0,,,,,,419,0.92,0.0,0.0
2026-07-10T10:46:12.931140,Raspberry_Relieve1,25.652327883333335,-100.29192056666666,40.222,0.0,0,0.0,100.0,-1,0.0,,,,,,420,1.0,0.0,0.0
2026-07-10T10:46:13.931284,Raspberry_Relieve1,25.652327983333333,-100.2919206,40.222,0.0,0,0.0,100.0,-1,0.0,,,,,,421,1.0,0.0,0.0
2026-07-10T10:46:14.931401,Raspberry_Relieve1,25.6523281,-100.29192063333333,40.223,0.0,0,0.0,100.0,-1,0.0,,,,,,422,0.97,0.0,0.0
2026-07-10T10:46:15.931528,Raspberry_Relieve1,25.6523282,-100.29192063333333,40.223,0.0,0,0.0,100.0,-1,0.0,,,,,,423,1.08,0.0,0.0
2026-07-10T10:46:16.931668,Raspberry_Relieve1,25.652328266666668,-100.29192058333334,40.223,0.0,0,0.0,100.0,-1,0.0,,,,,,424,0.97,0.0,0.0
2026-07-10T10:46:17.931800,Raspberry_Relieve1,25.65232835,-100.29192056666666,40.223,0.0,0,0.0,100.0,-1,0.0,,,,,,425,1.03,0.0,0.0
2026-07-10T10:46:18.931915,Raspberry_Relieve1,25.652328400000002,-100.29192055,40.221,0.0,0,0.0,100.0,-1,0.0,,,,,,426,0.98,0.0,0.0
2026-07-10T10:46:19.931999,Raspberry_Relieve1,25.652328416666666,-100.29192055,40.223,0.0,0,0.0,100.0,-1,0.0,,,,,,427,0.96,0.0,0.0
2026-07-10T10:46:20.932080,Raspberry_Relieve1,25.652328366666666,-100.29192055,40.224,0.0,0,0.0,100.0,-1,0.0,,,,,,428,1.02,0.0,0.0
2026-07-10T10:46:21.932161,Raspberry_Relieve1,25.652328333333333,-100.29192058333334,40.222,0.0,0,0.0,100.0,-1,0.0,,,,,,429,1.0,0.0,0.0
2026-07-10T10:46:22.932252,Raspberry_Relieve1,25.652328283333333,-100.29192065,40.222,0.0,0,0.0,100.0,-1,0.0,,,,,,430,1.04,0.0,0.0
2026-07-10T10:46:23.932337,Raspberry_Relieve1,25.652328283333333,-100.29192078333334,40.223,0.0,0,0.0,100.0,-1,0.0,,,,,,431,0.91,0.0,0.0
2026-07-10T10:46:24.932467,Raspberry_Relieve1,25.652328283333333,-100.29192091666667,40.222,0.0,0,0.0,100.0,-1,0.0,,,,,,432,1.08,0.0,0.0
2026-07-10T10:46:25.932537,Raspberry_Relieve1,25.652328283333333,-100.29192096666667,40.223,0.0,0,0.0,100.0,-1,0.0,,,,,,433,0.95,0.0,0.0
2026-07-10T10:46:26.932617,Raspberry_Relieve1,25.652328316666665,-100.291921,40.223,0.0,0,0.0,100.0,-1,0.0,,,,,,434,1.08,0.0,0.0
2026-07-10T10:46:27.932702,Raspberry_Relieve1,25.65232835,-100.291921,40.223,0.0,0,0.0,100.0,-1,0.0,,,,,,435,0.91,0.0,0.0
2026-07-10T10:46:28.932794,Raspberry_Relieve1,25.652328400000002,-100.291921,40.223,0.0,0,0.0,100.0,-1,0.0,,,,,,436,1.06,0.0,0.0
2026-07-10T10:46:29.932886,Raspberry_Relieve1,25.652328466666667,-100.29192098333333,40.222,0.0,0,0.0,100.0,-1,0.0,,,,,,437,0.94,0.0,0.0
2026-07-10T10:46:30.933035,Raspberry_Relieve1,25.652328533333332,-100.29192093333333,40.221,0.0,0,0.0,100.0,-1,0.0,,,,,,438,1.11,0.0,0.0
2026-07-10T10:46:31.933109,Raspberry_Relieve1,25.652328583333333,-100.2919209,40.224,0.0,0,0.0,100.0,-1,0.0,,,,,,439,0.94,0.0,0.0
2026-07-10T10:46:32.933287,Raspberry_Relieve1,25.652328616666665,-100.29192093333333,40.222,0.0,0,0.0,100.0,-1,0.0,,,,,,440,1.08,0.0,0.0
2026-07-10T10:46:33.933374,Raspberry_Relieve1,25.652328616666665,-100.29192095,40.223,0.0,0,0.0,100.0,-1,0.0,,,,,,441,0.99,0.0,0.0
2026-07-10T10:46:34.933471,Raspberry_Relieve1,25.652328633333333,-100.29192095,40.222,0.0,0,0.0,100.0,-1,0.0,,,,,,442,1.04,0.0,0.0
2026-07-10T10:46:35.933560,Raspberry_Relieve1,25.652328633333333,-100.29192093333333,40.223,0.0,0,0.0,100.0,-1,0.0,,,,,,443,0.91,0.0,0.0
2026-07-10T10:46:36.933718,Raspberry_Relieve1,25.652328616666665,-100.29192093333333,40.222,0.0,0,0.0,100.0,-1,0.0,,,,,,444,1.07,0.0,0.0
2026-07-10T10:46:37.933835,Raspberry_Relieve1,25.65232855,-100.29192086666667,40.224,0.0,0,0.0,100.0,-1,0.0,,,,,,445,1.0,0.0,0.0
2026-07-10T10:46:38.933908,Raspberry_Relieve1,25.652328516666667,-100.29192086666667,40.223,0.0,0,0.0,100.0,-1,0.0,,,,,,446,0.96,0.0,0.0
2026-07-10T10:46:39.934000,Raspberry_Relieve1,25.6523285,-100.2919209,40.223,0.0,0,0.0,100.0,-1,0.0,,,,,,447,0.99,0.0,0.0
2026-07-10T10:46:40.934099,Raspberry_Relieve1,25.652328533333332,-100.29192091666667,40.222,0.0,0,0.0,100.0,-1,0.0,,,,,,448,1.06,0.0,0.0
2026-07-10T10:46:41.934189,Raspberry_Relieve1,25.65232855,-100.29192095,40.223,0.0,0,0.0,100.0,-1,0.0,,,,,,449,0.97,0.0,0.0
2026-07-10T10:46:42.934283,Raspberry_Relieve1,25.6523286,-100.29192098333333,40.224,0.0,0,0.0,100.0,-1,0.0,,,,,,450,0.92,0.0,0.0
2026-07-10T10:46:43.934445,Raspberry_Relieve1,25.65232865,-100.29192101666666,40.223,0.0,0,0.0,100.0,-1,0.0,,,,,,451,1.09,0.0,0.0
2026-07-10T10:46:44.934603,Raspberry_Relieve1,25.652328716666666,-100.29192103333334,40.222,0.0,0,0.0,100.0,-1,0.0,,,,,,452,1.0,0.0,0.0
2026-07-10T10:46:45.934706,Raspberry_Relieve1,25.652328783333335,-100.29192103333334,40.223,0.0,0,0.0,100.0,-1,0.0,,,,,,453,0.97,0.0,0.0
2026-07-10T10:46:46.934834,Raspberry_Relieve1,25.65232885,-100.29192105,40.222,0.0,0,0.0,100.0,-1,0.0,,,,,,454,1.07,0.0,0.0
2026-07-10T10:46:47.934973,Raspberry_Relieve1,25.652328866666668,-100.29192105,40.223,0.0,0,0.0,100.0,-1,0.0,,,,,,455,1.02,0.0,0.0
2026-07-10T10:46:48.935100,Raspberry_Relieve1,25.652328883333332,-100.29192106666666,40.221,0.0,0,0.0,100.0,-1,0.0,,,,,,456,0.84,0.0,0.0
2026-07-10T10:46:49.935239,Raspberry_Relieve1,25.652328883333332,-100.29192111666667,40.222,0.0,0,0.0,100.0,-1,0.0,,,,,,457,1.11,0.0,0.0
2026-07-10T10:46:50.935299,Raspberry_Relieve1,25.652328883333332,-100.29192115,40.222,0.0,0,0.0,100.0,-1,0.0,,,,,,458,0.89,0.0,0.0
2026-07-10T10:46:51.935391,Raspberry_Relieve1,25.652328883333332,-100.29192115,40.221,0.0,0,0.0,100.0,-1,0.0,,,,,,459,1.04,0.0,0.0
2026-07-10T10:46:52.935486,Raspberry_Relieve1,25.652328866666668,-100.29192116666667,40.22,0.0,0,0.0,100.0,-1,0.0,,,,,,460,1.01,0.0,0.0
2026-07-10T10:46:53.935578,Raspberry_Relieve1,25.652328866666668,-100.29192116666667,40.22,0.0,0,0.0,100.0,-1,0.0,,,,,,461,0.99,0.0,0.0
2026-07-10T10:46:54.935671,Raspberry_Relieve1,25.652328866666668,-100.29192116666667,40.22,0.0,0,0.0,100.0,-1,0.0,,,,,,462,1.05,0.0,0.0
2026-07-10T10:46:55.935836,Raspberry_Relieve1,25.652328866666668,-100.29192118333333,40.221,0.0,0,0.0,100.0,-1,0.0,,,,,,463,0.98,0.0,0.0
2026-07-10T10:46:56.935950,Raspberry_Relieve1,25.65232885,-100.2919212,40.221,0.0,0,0.0,100.0,-1,0.0,,,,,,464,0.97,0.0,0.0
2026-07-10T10:46:57.936024,Raspberry_Relieve1,25.65232885,-100.29192121666667,40.22,0.0,0,0.0,100.0,-1,0.0,,,,,,465,0.95,0.0,0.0
2026-07-10T10:46:58.936117,Raspberry_Relieve1,25.65232885,-100.29192125,40.219,0.0,0,0.0,100.0,-1,0.0,,,,,,466,1.05,0.0,0.0
2026-07-10T10:46:59.936208,Raspberry_Relieve1,25.65232885,-100.29192126666666,40.219,0.0,0,0.0,100.0,-1,0.0,,,,,,467,0.91,0.0,0.0
2026-07-10T10:47:00.936298,Raspberry_Relieve1,25.65232885,-100.2919213,40.22,0.0,0,0.0,100.0,-1,0.0,,,,,,468,1.06,0.0,0.0
2026-07-10T10:47:01.936395,Raspberry_Relieve1,25.652328866666668,-100.29192133333333,40.221,0.0,0,0.0,100.0,-1,0.0,,,,,,469,0.97,0.0,0.0
2026-07-10T10:47:02.936537,Raspberry_Relieve1,25.6523289,-100.29192138333333,40.221,0.0,0,0.0,100.0,-1,0.0,,,,,,470,1.12,0.0,0.0
2026-07-10T10:47:03.936654,Raspberry_Relieve1,25.652328916666665,-100.29192143333333,40.222,0.0,0,0.0,100.0,-1,0.0,,,,,,471,0.92,0.0,0.0
2026-07-10T10:47:04.936778,Raspberry_Relieve1,25.652328933333333,-100.29192146666666,40.221,0.0,0,0.0,100.0,-1,0.0,,,,,,472,0.98,0.0,0.0
2026-07-10T10:47:05.936904,Raspberry_Relieve1,25.65232895,-100.29192155,40.222,0.0,0,0.0,100.0,-1,0.0,,,,,,473,1.04,0.0,0.0
2026-07-10T10:47:06.937036,Raspberry_Relieve1,25.652328966666666,-100.29192161666667,40.22,0.0,0,0.0,100.0,-1,0.0,,,,,,474,1.05,0.0,0.0
2026-07-10T10:47:07.937103,Raspberry_Relieve1,25.652328966666666,-100.29192166666667,40.22,0.0,0,0.0,100.0,-1,0.0,,,,,,475,0.96,0.0,0.0
2026-07-10T10:47:08.937195,Raspberry_Relieve1,25.652328983333334,-100.29192171666666,40.22,0.0,0,0.0,100.0,-1,0.0,,,,,,476,0.96,0.0,0.0
2026-07-10T10:47:09.937303,Raspberry_Relieve1,25.652329,-100.29192176666666,40.221,0.0,0,0.0,100.0,-1,0.0,,,,,,477,1.03,0.0,0.0
2026-07-10T10:47:10.937390,Raspberry_Relieve1,25.652329016666666,-100.29192178333334,40.22,0.0,0,0.0,100.0,-1,0.0,,,,,,478,0.96,0.0,0.0
2026-07-10T10:47:11.937485,Raspberry_Relieve1,25.652329016666666,-100.2919218,40.22,0.0,0,0.0,100.0,-1,0.0,,,,,,479,1.05,0.0,0.0
2026-07-10T10:47:12.937625,Raspberry_Relieve1,25.652329016666666,-100.29192183333333,40.221,0.0,0,0.0,100.0,-1,0.0,,,,,,480,0.94,0.0,0.0
2026-07-10T10:47:13.937703,Raspberry_Relieve1,25.652329,-100.29192183333333,40.221,0.0,0,0.0,100.0,-1,0.0,,,,,,481,1.06,0.0,0.0
2026-07-10T10:47:14.937791,Raspberry_Relieve1,25.652328983333334,-100.29192185,40.221,0.0,0,0.0,100.0,-1,0.0,,,,,,482,0.98,0.0,0.0
2026-07-10T10:47:15.937885,Raspberry_Relieve1,25.652328966666666,-100.29192183333333,40.219,0.0,0,0.0,100.0,-1,0.0,,,,,,483,0.96,0.0,0.0
2026-07-10T10:47:16.937987,Raspberry_Relieve1,25.65232895,-100.29192188333333,40.222,0.0,0,0.0,100.0,-1,0.0,,,,,,484,1.06,0.0,0.0
2026-07-10T10:47:17.938083,Raspberry_Relieve1,25.65232895,-100.29192191666667,40.221,0.0,0,0.0,100.0,-1,0.0,,,,,,485,0.99,0.0,0.0
2026-07-10T10:47:18.938275,Raspberry_Relieve1,25.652328966666666,-100.29192191666667,40.219,0.0,0,0.0,100.0,-1,0.0,,,,,,486,1.0,0.0,0.0
2026-07-10T10:47:19.938311,Raspberry_Relieve1,25.652328916666665,-100.2919219,40.221,0.0,0,0.0,100.0,-1,0.0,,,,,,487,0.98,0.0,0.0
2026-07-10T10:47:20.938409,Raspberry_Relieve1,25.652328933333333,-100.2919219,40.218,0.0,0,0.0,100.0,-1,0.0,,,,,,488,1.01,0.0,0.0
2026-07-10T10:47:21.938500,Raspberry_Relieve1,25.65232895,-100.29192191666667,40.22,0.0,0,0.0,100.0,-1,0.0,,,,,,489,0.97,0.0,0.0
2026-07-10T10:47:22.938594,Raspberry_Relieve1,25.65232895,-100.291922,40.219,0.0,0,0.0,100.0,-1,0.0,,,,,,490,0.99,0.0,0.0
2026-07-10T10:47:23.938689,Raspberry_Relieve1,25.652328983333334,-100.29192208333333,40.222,0.0,0,0.0,100.0,-1,0.0,,,,,,491,1.03,0.0,0.0
2026-07-10T10:47:24.938835,Raspberry_Relieve1,25.652329,-100.29192211666667,40.219,0.0,0,0.0,100.0,-1,0.0,,,,,,492,1.02,0.0,0.0
2026-07-10T10:47:25.938965,Raspberry_Relieve1,25.652329016666666,-100.29192215,40.219,0.0,0,0.0,100.0,-1,0.0,,,,,,493,0.97,0.0,0.0
2026-07-10T10:47:26.939096,Raspberry_Relieve1,25.65232905,-100.29192221666666,40.219,0.0,0,0.0,100.0,-1,0.0,,,,,,494,1.01,0.0,0.0
2026-07-10T10:47:27.939224,Raspberry_Relieve1,25.65232905,-100.29192223333334,40.221,0.0,0,0.0,100.0,-1,0.0,,,,,,495,0.98,0.0,0.0
2026-07-10T10:47:28.939350,Raspberry_Relieve1,25.65232905,-100.29192223333334,40.219,0.0,0,0.0,100.0,-1,0.0,,,,,,496,1.06,0.0,0.0
2026-07-10T10:47:29.939489,Raspberry_Relieve1,25.652329033333334,-100.29192225,40.219,0.0,0,0.0,100.0,-1,0.0,,,,,,497,0.93,0.0,0.0
2026-07-10T10:47:30.939610,Raspberry_Relieve1,25.65232905,-100.29192223333334,40.221,0.0,0,0.0,100.0,-1,0.0,,,,,,498,1.0,0.0,0.0
2026-07-10T10:47:31.939738,Raspberry_Relieve1,25.652329066666667,-100.29192223333334,40.221,0.0,0,0.0,100.0,-1,0.0,,,,,,499,1.09,0.0,0.0
2026-07-10T10:47:32.939808,Raspberry_Relieve1,25.65232905,-100.29192225,40.222,0.0,0,0.0,100.0,-1,0.0,,,,,,500,0.92,0.0,0.0
2026-07-10T10:47:33.939901,Raspberry_Relieve1,25.652329066666667,-100.29192226666666,40.219,0.0,0,0.0,100.0,-1,0.0,,,,,,501,1.01,0.0,0.0
2026-07-10T10:47:34.939987,Raspberry_Relieve1,25.6523291,-100.29192231666667,40.219,0.0,0,0.0,100.0,-1,0.0,,,,,,502,0.97,0.0,0.0
2026-07-10T10:47:35.940077,Raspberry_Relieve1,25.652329133333332,-100.29192236666667,40.22,0.0,0,0.0,100.0,-1,0.0,,,,,,503,1.03,0.0,0.0
2026-07-10T10:47:36.940173,Raspberry_Relieve1,25.6523292,-100.29192241666667,40.221,0.0,0,0.0,100.0,-1,0.0,,,,,,504,0.98,0.0,0.0
2026-07-10T10:47:37.940319,Raspberry_Relieve1,25.65232925,-100.29192245,40.219,0.0,0,0.0,100.0,-1,0.0,,,,,,505,0.97,0.0,0.0
2026-07-10T10:47:38.940394,Raspberry_Relieve1,25.652329266666666,-100.29192246666666,40.22,0.0,0,0.0,100.0,-1,0.0,,,,,,506,1.08,0.0,0.0
2026-07-10T10:47:39.940479,Raspberry_Relieve1,25.652329266666666,-100.2919225,40.22,0.0,0,0.0,100.0,-1,0.0,,,,,,507,0.91,0.0,0.0
2026-07-10T10:47:40.940576,Raspberry_Relieve1,25.652329283333334,-100.29192255,40.219,0.0,0,0.0,100.0,-1,0.0,,,,,,508,1.03,0.0,0.0
2026-07-10T10:47:41.940674,Raspberry_Relieve1,25.6523293,-100.2919226,40.22,0.0,0,0.0,100.0,-1,0.0,,,,,,509,1.08,0.0,0.0
2026-07-10T10:47:42.940766,Raspberry_Relieve1,25.652329333333334,-100.29192265,40.22,0.0,0,0.0,100.0,-1,0.0,,,,,,510,0.91,0.0,0.0
2026-07-10T10:47:43.940912,Raspberry_Relieve1,25.652329366666667,-100.29192273333334,40.217,0.0,0,0.0,100.0,-1,0.0,,,,,,511,1.01,0.0,0.0
2026-07-10T10:47:44.941048,Raspberry_Relieve1,25.652329433333332,-100.29192281666667,40.219,0.0,0,0.0,100.0,-1,0.0,,,,,,512,1.05,0.0,0.0
2026-07-10T10:47:45.941256,Raspberry_Relieve1,25.652329466666668,-100.29192291666666,40.22,0.0,0,0.0,100.0,-1,0.0,,,,,,513,1.02,0.0,0.0
2026-07-10T10:47:46.941385,Raspberry_Relieve1,25.652329483333332,-100.29192298333334,40.218,0.0,0,0.0,100.0,-1,0.0,,,,,,514,0.95,0.0,0.0
2026-07-10T10:47:47.941509,Raspberry_Relieve1,25.65232951666667,-100.29192308333333,40.217,0.0,0,0.0,100.0,-1,0.0,,,,,,515,1.04,0.0,0.0
2026-07-10T10:47:48.941637,Raspberry_Relieve1,25.652329533333333,-100.29192315,40.219,0.0,0,0.0,100.0,-1,0.0,,,,,,516,0.96,0.0,0.0
2026-07-10T10:47:49.941717,Raspberry_Relieve1,25.652329566666666,-100.29192321666666,40.219,0.0,0,0.0,100.0,-1,0.0,,,,,,517,1.03,0.0,0.0
2026-07-10T10:47:50.941813,Raspberry_Relieve1,25.652329583333334,-100.29192328333333,40.219,0.0,0,0.0,100.0,-1,0.0,,,,,,518,0.98,0.0,0.0
2026-07-10T10:47:51.941899,Raspberry_Relieve1,25.652329616666666,-100.29192335,40.218,0.0,0,0.0,100.0,-1,0.0,,,,,,519,1.11,0.0,0.0
2026-07-10T10:47:52.941998,Raspberry_Relieve1,25.652329616666666,-100.29192343333334,40.22,0.0,0,0.0,100.0,-1,0.0,,,,,,520,0.86,0.0,0.0
2026-07-10T10:47:53.942089,Raspberry_Relieve1,25.652329633333334,-100.2919235,40.219,0.0,0,0.0,100.0,-1,0.0,,,,,,521,1.08,0.0,0.0
2026-07-10T10:47:54.942295,Raspberry_Relieve1,25.652329633333334,-100.29192353333333,40.22,0.0,0,0.0,100.0,-1,0.0,,,,,,522,0.9,0.0,0.0
2026-07-10T10:47:55.942368,Raspberry_Relieve1,25.652329616666666,-100.29192356666667,40.221,0.0,0,0.0,100.0,-1,0.0,,,,,,523,1.03,0.0,0.0
2026-07-10T10:47:56.942546,Raspberry_Relieve1,25.6523296,-100.2919236,40.22,0.0,0,0.0,100.0,-1,0.0,,,,,,524,1.05,0.0,0.0
2026-07-10T10:47:57.942669,Raspberry_Relieve1,25.65232955,-100.29192363333334,40.22,0.0,0,0.0,100.0,-1,0.0,,,,,,525,1.06,0.0,0.0
2026-07-10T10:47:58.942806,Raspberry_Relieve1,25.6523295,-100.29192366666666,40.22,0.0,0,0.0,100.0,-1,0.0,,,,,,526,0.94,0.0,0.0
2026-07-10T10:47:59.942926,Raspberry_Relieve1,25.652329483333332,-100.29192368333334,40.219,0.0,0,0.0,100.0,-1,0.0,,,,,,527,1.03,0.0,0.0
2026-07-10T10:48:00.943052,Raspberry_Relieve1,25.652329483333332,-100.29192371666667,40.219,0.0,0,0.0,100.0,-1,0.0,,,,,,528,0.9,0.0,0.0
2026-07-10T10:48:01.943237,Raspberry_Relieve1,25.65232951666667,-100.29192375,40.219,0.0,0,0.0,100.0,-1,0.0,,,,,,529,1.08,0.0,0.0
2026-07-10T10:48:02.943421,Raspberry_Relieve1,25.6523295,-100.29192378333333,40.219,0.0,0,0.0,100.0,-1,0.0,,,,,,530,0.91,0.0,0.0
2026-07-10T10:48:03.943551,Raspberry_Relieve1,25.65232951666667,-100.29192381666667,40.22,0.0,0,0.0,100.0,-1,0.0,,,,,,531,1.08,0.0,0.0
2026-07-10T10:48:04.943666,Raspberry_Relieve1,25.652329533333333,-100.29192386666666,40.219,0.0,0,0.0,100.0,-1,0.0,,,,,,532,0.95,0.0,0.0
2026-07-10T10:48:05.943816,Raspberry_Relieve1,25.652329533333333,-100.29192388333334,40.219,0.0,0,0.0,100.0,-1,0.0,,,,,,533,0.99,0.0,0.0
2026-07-10T10:48:06.943881,Raspberry_Relieve1,25.65232955,-100.2919239,40.218,0.0,0,0.0,100.0,-1,0.0,,,,,,534,0.96,0.0,0.0
2026-07-10T10:48:07.943977,Raspberry_Relieve1,25.652329566666666,-100.29192395,40.217,0.0,0,0.0,100.0,-1,0.0,,,,,,535,1.05,0.0,0.0
2026-07-10T10:48:08.944076,Raspberry_Relieve1,25.652329583333334,-100.291924,40.218,0.0,0,0.0,100.0,-1,0.0,,,,,,536,0.98,0.0,0.0
2026-07-10T10:48:09.944176,Raspberry_Relieve1,25.6523296,-100.29192403333333,40.217,0.0,0,0.0,100.0,-1,0.0,,,,,,537,0.98,0.0,0.0
2026-07-10T10:48:10.944275,Raspberry_Relieve1,25.652328283333333,-100.29192446666667,40.218,0.0,0,0.0,100.0,-1,0.0,,,,,,538,1.06,0.0,0.0
2026-07-10T10:48:11.944420,Raspberry_Relieve1,25.652328883333332,-100.29192501666667,40.219,0.0,0,0.0,100.0,-1,0.0,,,,,,539,1.05,0.0,0.0
2026-07-10T10:48:12.944494,Raspberry_Relieve1,25.65232985,-100.29192623333333,40.218,0.0,0,0.0,100.0,-1,0.0,,,,,,540,0.95,0.0,0.0
2026-07-10T10:48:13.944596,Raspberry_Relieve1,25.652326483333333,-100.29192705,40.219,0.0,0,0.0,100.0,-1,0.0,,,,,,541,1.01,0.0,0.0
2026-07-10T10:48:14.944688,Raspberry_Relieve1,25.652329233333333,-100.29192693333333,40.216,0.0,0,0.0,100.0,-1,0.0,,,,,,542,0.99,0.0,0.0
2026-07-10T10:48:15.944780,Raspberry_Relieve1,25.652327966666668,-100.29192928333333,40.217,0.0,0,0.0,100.0,-1,0.0,,,,,,543,1.0,0.0,0.0
2026-07-10T10:48:16.944887,Raspberry_Relieve1,25.652328216666668,-100.29193135,40.215,0.0,0,0.0,100.0,-1,0.0,,,,,,544,0.98,0.0,0.0
2026-07-10T10:48:17.945083,Raspberry_Relieve1,25.65232295,-100.29193531666667,40.217,0.0,0,0.0,100.0,-1,0.0,,,,,,545,1.0,0.0,0.0
2026-07-10T10:48:18.945236,Raspberry_Relieve1,25.652320066666668,-100.2919376,40.217,0.0,0,0.0,100.0,-1,0.0,,,,,,546,1.0,0.0,0.0
2026-07-10T10:48:19.945361,Raspberry_Relieve1,25.6523152,-100.29194016666666,40.218,0.0,0,0.0,100.0,-1,0.0,,,,,,547,1.05,0.0,0.0
2026-07-10T10:48:20.945503,Raspberry_Relieve1,25.652312066666667,-100.2919413,40.217,0.0,0,0.0,100.0,-1,0.0,,,,,,548,1.03,0.0,0.0
2026-07-10T10:48:21.945630,Raspberry_Relieve1,25.652310483333334,-100.29194185,40.218,0.0,0,0.0,100.0,-1,0.0,,,,,,549,0.98,0.0,0.0
2026-07-10T10:48:22.945708,Raspberry_Relieve1,25.6523099,-100.29194065,40.218,0.0,0,0.0,100.0,-1,0.0,,,,,,550,1.0,0.0,0.0
2026-07-10T10:48:23.945806,Raspberry_Relieve1,25.652309616666667,-100.29193895,40.216,0.0,0,0.0,100.0,-1,0.0,,,,,,551,0.98,0.0,0.0
2026-07-10T10:48:24.945906,Raspberry_Relieve1,25.652310416666666,-100.29193585,40.217,0.0,0,0.0,100.0,-1,0.0,,,,,,552,1.02,0.0,0.0
2026-07-10T10:48:25.946011,Raspberry_Relieve1,25.652314183333335,-100.29192921666667,40.216,0.0,0,0.0,100.0,-1,0.0,,,,,,553,0.94,0.0,0.0
2026-07-10T10:48:26.946109,Raspberry_Relieve1,25.652314866666668,-100.29192606666666,40.217,0.0,0,0.0,100.0,-1,0.0,,,,,,554,1.02,0.0,0.0
2026-07-10T10:48:27.946300,Raspberry_Relieve1,25.65231535,-100.2919231,40.216,0.0,0,0.0,100.0,-1,0.0,,,,,,555,0.97,0.0,0.0
2026-07-10T10:48:28.946386,Raspberry_Relieve1,25.652313766666666,-100.29192078333334,40.218,0.0,0,0.0,100.0,-1,0.0,,,,,,556,1.08,0.0,0.0
2026-07-10T10:48:29.946527,Raspberry_Relieve1,25.652313416666665,-100.29191913333334,40.217,0.0,0,0.0,100.0,-1,0.0,,,,,,557,0.99,0.0,0.0
2026-07-10T10:48:30.946600,Raspberry_Relieve1,25.652312766666668,-100.29191781666667,40.217,0.0,0,0.0,100.0,-1,0.0,,,,,,558,1.0,0.0,0.0
2026-07-10T10:48:31.946698,Raspberry_Relieve1,25.6523127,-100.29191705,40.216,0.0,0,0.0,100.0,-1,0.0,,,,,,559,0.93,0.0,0.0
2026-07-10T10:48:32.946800,Raspberry_Relieve1,25.652312483333333,-100.29191818333334,40.216,0.0,0,0.0,100.0,-1,0.0,,,,,,560,0.97,0.0,0.0
2026-07-10T10:48:33.946902,Raspberry_Relieve1,25.6523107,-100.29191995,40.218,0.0,0,0.0,100.0,-1,0.0,,,,,,561,1.01,0.0,0.0
2026-07-10T10:48:34.946993,Raspberry_Relieve1,25.652307216666667,-100.29192328333333,40.218,0.0,0,0.0,100.0,-1,0.0,,,,,,562,1.06,0.0,0.0
2026-07-10T10:48:35.947141,Raspberry_Relieve1,25.652303133333334,-100.29192863333333,40.217,0.0,0,0.0,100.0,-1,0.0,,,,,,563,1.0,0.0,0.0
2026-07-10T10:48:36.947220,Raspberry_Relieve1,25.6523025,-100.29193133333334,40.218,0.0,0,0.0,100.0,-1,0.0,,,,,,564,1.03,0.0,0.0
2026-07-10T10:48:37.947325,Raspberry_Relieve1,25.652303683333333,-100.29193456666667,40.216,0.0,0,0.0,100.0,-1,0.0,,,,,,565,0.92,0.0,0.0
2026-07-10T10:48:38.947422,Raspberry_Relieve1,25.652305083333335,-100.29193623333333,40.216,0.0,0,0.0,100.0,-1,0.0,,,,,,566,1.06,0.0,0.0
2026-07-10T10:48:39.947525,Raspberry_Relieve1,25.6523063,-100.2919374,40.216,0.0,0,0.0,100.0,-1,0.0,,,,,,567,0.98,0.0,0.0
2026-07-10T10:48:40.947620,Raspberry_Relieve1,25.6523078,-100.2919385,40.216,0.0,0,0.0,100.0,-1,0.0,,,,,,568,1.0,0.0,0.0
2026-07-10T10:48:41.947768,Raspberry_Relieve1,25.652309433333333,-100.29194003333333,40.215,0.0,0,0.0,100.0,-1,0.0,,,,,,569,1.0,0.0,0.0
2026-07-10T10:48:42.947850,Raspberry_Relieve1,25.652311166666667,-100.29194163333334,40.215,0.0,0,0.0,100.0,-1,0.0,,,,,,570,1.01,0.0,0.0
2026-07-10T10:48:43.947950,Raspberry_Relieve1,25.652312183333333,-100.29194318333333,40.215,0.0,0,0.0,100.0,-1,0.0,,,,,,571,0.99,0.0,0.0
2026-07-10T10:48:44.948048,Raspberry_Relieve1,25.6523127,-100.29194445,40.215,0.0,0,0.0,100.0,-1,0.0,,,,,,572,0.97,0.0,0.0
2026-07-10T10:48:45.948149,Raspberry_Relieve1,25.652313083333333,-100.29194531666667,40.215,0.0,0,0.0,100.0,-1,0.0,,,,,,573,1.01,0.0,0.0
2026-07-10T10:48:46.948249,Raspberry_Relieve1,25.652313233333334,-100.29194585,40.216,0.0,0,0.0,100.0,-1,0.0,,,,,,574,1.01,0.0,0.0
2026-07-10T10:48:47.948411,Raspberry_Relieve1,25.652313333333332,-100.29194613333334,40.216,0.0,0,0.0,100.0,-1,0.0,,,,,,575,1.0,0.0,0.0
2026-07-10T10:48:48.948527,Raspberry_Relieve1,25.652313366666668,-100.29194635,40.217,0.0,0,0.0,100.0,-1,0.0,,,,,,576,0.99,0.0,0.0
2026-07-10T10:48:49.948666,Raspberry_Relieve1,25.652313366666668,-100.29194651666667,40.219,0.0,0,0.0,100.0,-1,0.0,,,,,,577,1.04,0.0,0.0
2026-07-10T10:48:50.948730,Raspberry_Relieve1,25.65231335,-100.29194668333334,40.217,0.0,0,0.0,100.0,-1,0.0,,,,,,578,0.9,0.0,0.0
2026-07-10T10:48:51.948826,Raspberry_Relieve1,25.6523133,-100.29194681666667,40.216,0.0,0,0.0,100.0,-1,0.0,,,,,,579,1.17,0.0,0.0
2026-07-10T10:48:52.948919,Raspberry_Relieve1,25.652313216666666,-100.29194698333333,40.218,0.0,0,0.0,100.0,-1,0.0,,,,,,580,0.84,0.0,0.0
2026-07-10T10:48:53.949004,Raspberry_Relieve1,25.6523131,-100.29194715,40.217,0.0,0,0.0,100.0,-1,0.0,,,,,,581,1.04,0.0,0.0
2026-07-10T10:48:54.949099,Raspberry_Relieve1,25.652313066666668,-100.29194728333333,40.216,0.0,0,0.0,100.0,-1,0.0,,,,,,582,1.04,0.0,0.0
2026-07-10T10:48:55.949250,Raspberry_Relieve1,25.652313,-100.29194743333333,40.215,0.0,0,0.0,100.0,-1,0.0,,,,,,583,0.99,0.0,0.0
2026-07-10T10:48:56.949365,Raspberry_Relieve1,25.652312966666667,-100.29194755,40.217,0.0,0,0.0,100.0,-1,0.0,,,,,,584,1.0,0.0,0.0
2026-07-10T10:48:57.949436,Raspberry_Relieve1,25.652312933333334,-100.29194766666667,40.217,0.0,0,0.0,100.0,-1,0.0,,,,,,585,1.05,0.0,0.0
2026-07-10T10:48:58.949521,Raspberry_Relieve1,25.652312916666666,-100.29194778333333,40.216,0.0,0,0.0,100.0,-1,0.0,,,,,,586,0.96,0.0,0.0
2026-07-10T10:48:59.949616,Raspberry_Relieve1,25.6523129,-100.2919479,40.216,0.0,0,0.0,100.0,-1,0.0,,,,,,587,1.18,0.0,0.0
2026-07-10T10:49:00.949697,Raspberry_Relieve1,25.652312883333334,-100.29194801666667,40.217,0.0,0,0.0,100.0,-1,0.0,,,,,,588,0.81,0.0,0.0
2026-07-10T10:49:01.949789,Raspberry_Relieve1,25.652312866666666,-100.29194811666666,40.216,0.0,0,0.0,100.0,-1,0.0,,,,,,589,0.98,0.0,0.0
2026-07-10T10:49:02.949964,Raspberry_Relieve1,25.65231285,-100.29194821666667,40.215,0.0,0,0.0,100.0,-1,0.0,,,,,,590,1.03,0.0,0.0
2026-07-10T10:49:03.950081,Raspberry_Relieve1,25.652312833333333,-100.2919483,40.217,0.0,0,0.0,100.0,-1,0.0,,,,,,591,0.98,0.0,0.0
2026-07-10T10:49:04.950200,Raspberry_Relieve1,25.652312833333333,-100.29194838333333,40.216,0.0,0,0.0,100.0,-1,0.0,,,,,,592,0.96,0.0,0.0
2026-07-10T10:49:05.950337,Raspberry_Relieve1,25.6523128,-100.29194846666667,40.217,0.0,0,0.0,100.0,-1,0.0,,,,,,593,1.07,0.0,0.0
2026-07-10T10:49:06.950448,Raspberry_Relieve1,25.652312766666668,-100.29194856666666,40.215,0.0,0,0.0,100.0,-1,0.0,,,,,,594,0.94,0.0,0.0
2026-07-10T10:49:07.950580,Raspberry_Relieve1,25.65231275,-100.29194866666667,40.216,0.0,0,0.0,100.0,-1,0.0,,,,,,595,1.09,0.0,0.0
2026-07-10T10:49:08.950721,Raspberry_Relieve1,25.652312733333332,-100.29194871666667,40.216,0.0,0,0.0,100.0,-1,0.0,,,,,,596,1.04,0.0,0.0
2026-07-10T10:49:09.950848,Raspberry_Relieve1,25.652312716666668,-100.2919488,40.215,0.0,0,0.0,100.0,-1,0.0,,,,,,597,0.9,0.0,0.0
2026-07-10T10:49:10.950915,Raspberry_Relieve1,25.652312683333335,-100.29194886666667,40.216,0.0,0,0.0,100.0,-1,0.0,,,,,,598,0.97,0.0,0.0
2026-07-10T10:49:11.950995,Raspberry_Relieve1,25.652312666666667,-100.29194893333333,40.215,0.0,0,0.0,100.0,-1,0.0,,,,,,599,1.08,0.0,0.0
2026-07-10T10:49:12.951093,Raspberry_Relieve1,25.65231265,-100.29194898333333,40.215,0.0,0,0.0,100.0,-1,0.0,,,,,,601,1.84,0.0,0.0
2026-07-10T10:49:14.182300,Raspberry_Relieve1,25.652312733333332,-100.29194906666666,40.216,0.0,0,0.0,100.0,-1,0.0,,,,,,601,0.37,0.0,0.0
2026-07-10T10:49:15.182433,Raspberry_Relieve1,25.652312783333333,-100.2919491,40.216,0.0,0,0.0,100.0,-1,0.0,,,,,,602,0.97,0.0,0.0
2026-07-10T10:49:16.182509,Raspberry_Relieve1,25.65231285,-100.29194913333333,40.217,0.0,0,0.0,100.0,-1,0.0,,,,,,603,1.02,0.0,0.0
2026-07-10T10:49:17.182595,Raspberry_Relieve1,25.652312966666667,-100.29194911666667,40.216,0.0,0,0.0,100.0,-1,0.0,,,,,,604,1.02,0.0,0.0
2026-07-10T10:49:18.182685,Raspberry_Relieve1,25.652313033333332,-100.29194918333333,40.213,0.0,0,0.0,100.0,-1,0.0,,,,,,605,0.94,0.0,0.0
2026-07-10T10:49:19.182778,Raspberry_Relieve1,25.652313066666668,-100.29194923333333,40.215,0.0,0,0.0,100.0,-1,0.0,,,,,,606,1.06,0.0,0.0
2026-07-10T10:49:20.182903,Raspberry_Relieve1,25.652313083333333,-100.29194928333334,40.214,0.0,0,0.0,100.0,-1,0.0,,,,,,607,0.98,0.0,0.0
2026-07-10T10:49:21.183061,Raspberry_Relieve1,25.652313083333333,-100.29194935,40.21,0.0,0,0.0,100.0,-1,0.0,,,,,,608,0.97,0.0,0.0
2026-07-10T10:49:22.183402,Raspberry_Relieve1,25.652313066666668,-100.2919494,40.211,0.0,0,0.0,100.0,-1,0.0,,,,,,609,1.02,0.0,0.0
2026-07-10T10:49:23.183555,Raspberry_Relieve1,25.65231305,-100.29194945,40.208,0.0,0,0.0,100.0,-1,0.0,,,,,,610,1.0,0.0,0.0
2026-07-10T10:49:24.183888,Raspberry_Relieve1,25.652313033333332,-100.29194951666666,40.209,0.0,0,0.0,100.0,-1,0.0,,,,,,611,1.03,0.0,0.0
2026-07-10T10:49:25.183927,Raspberry_Relieve1,25.652313016666668,-100.29194955,40.207,0.0,0,0.0,100.0,-1,0.0,,,,,,612,0.98,0.0,0.0
2026-07-10T10:49:26.184016,Raspberry_Relieve1,25.652313016666668,-100.2919496,40.215,0.0,0,0.0,100.0,-1,0.0,,,,,,613,1.0,0.0,0.0
2026-07-10T10:49:27.184106,Raspberry_Relieve1,25.652313016666668,-100.29194963333333,40.215,0.0,0,0.0,100.0,-1,0.0,,,,,,614,1.02,0.0,0.0
2026-07-10T10:49:28.184193,Raspberry_Relieve1,25.652313,-100.29194966666667,40.215,0.0,0,0.0,100.0,-1,0.0,,,,,,615,0.94,0.0,0.0
2026-07-10T10:49:29.184291,Raspberry_Relieve1,25.652313,-100.2919497,40.214,0.0,0,0.0,100.0,-1,0.0,,,,,,616,1.03,0.0,0.0
2026-07-10T10:49:30.184373,Raspberry_Relieve1,25.652313033333332,-100.29194973333334,40.213,0.0,0,0.0,100.0,-1,0.0,,,,,,617,1.03,0.0,0.0
2026-07-10T10:49:31.184463,Raspberry_Relieve1,25.652313083333333,-100.29194975,40.213,0.0,0,0.0,100.0,-1,0.0,,,,,,618,0.97,0.0,0.0
2026-07-10T10:49:32.184551,Raspberry_Relieve1,25.6523131,-100.29194976666666,40.212,0.0,0,0.0,100.0,-1,0.0,,,,,,619,0.94,0.0,0.0
2026-07-10T10:49:33.184640,Raspberry_Relieve1,25.652313116666665,-100.2919498,40.215,0.0,0,0.0,100.0,-1,0.0,,,,,,620,0.99,0.0,0.0
2026-07-10T10:49:34.184726,Raspberry_Relieve1,25.652313116666665,-100.29194983333333,40.214,0.0,0,0.0,100.0,-1,0.0,,,,,,621,1.05,0.0,0.0
2026-07-10T10:49:35.184815,Raspberry_Relieve1,25.652313133333333,-100.29194986666667,40.216,0.0,0,0.0,100.0,-1,0.0,,,,,,622,0.96,0.0,0.0
2026-07-10T10:49:36.184908,Raspberry_Relieve1,25.652313133333333,-100.29194988333333,40.214,0.0,0,0.0,100.0,-1,0.0,,,,,,623,0.98,0.0,0.0
2026-07-10T10:49:37.185025,Raspberry_Relieve1,25.652313166666666,-100.29194993333333,40.215,0.0,0,0.0,100.0,-1,0.0,,,,,,624,1.03,0.0,0.0
2026-07-10T10:49:38.185110,Raspberry_Relieve1,25.652313183333334,-100.29194998333334,40.216,0.0,0,0.0,100.0,-1,0.0,,,,,,625,1.05,0.0,0.0
2026-07-10T10:49:39.185196,Raspberry_Relieve1,25.652313183333334,-100.29195005,40.214,0.0,0,0.0,100.0,-1,0.0,,,,,,626,0.96,0.0,0.0
2026-07-10T10:49:40.185290,Raspberry_Relieve1,25.652313183333334,-100.29195008333333,40.214,0.0,0,0.0,100.0,-1,0.0,,,,,,627,1.04,0.0,0.0
2026-07-10T10:49:41.185373,Raspberry_Relieve1,25.652313183333334,-100.29195013333333,40.214,0.0,0,0.0,100.0,-1,0.0,,,,,,628,1.02,0.0,0.0
2026-07-10T10:49:42.185461,Raspberry_Relieve1,25.652313166666666,-100.29195016666667,40.213,0.0,0,0.0,100.0,-1,0.0,,,,,,629,0.99,0.0,0.0
2026-07-10T10:49:43.185579,Raspberry_Relieve1,25.65231315,-100.2919502,40.213,0.0,0,0.0,100.0,-1,0.0,,,,,,630,0.97,0.0,0.0
2026-07-10T10:49:44.185679,Raspberry_Relieve1,25.652313166666666,-100.29195026666666,40.214,0.0,0,0.0,100.0,-1,0.0,,,,,,631,1.01,0.0,0.0
2026-07-10T10:49:45.185768,Raspberry_Relieve1,25.652313200000002,-100.2919503,40.213,0.0,0,0.0,100.0,-1,0.0,,,,,,632,0.94,0.0,0.0
2026-07-10T10:49:46.185851,Raspberry_Relieve1,25.65231325,-100.29195033333333,40.215,0.0,0,0.0,100.0,-1,0.0,,,,,,633,1.02,0.0,0.0
2026-07-10T10:49:47.185934,Raspberry_Relieve1,25.65231335,-100.29195033333333,40.212,0.0,0,0.0,100.0,-1,0.0,,,,,,634,1.04,0.0,0.0
2026-07-10T10:49:48.186021,Raspberry_Relieve1,25.652313433333333,-100.29195031666667,40.213,0.0,0,0.0,100.0,-1,0.0,,,,,,635,1.04,0.0,0.0
2026-07-10T10:49:49.186104,Raspberry_Relieve1,25.652313499999998,-100.29195031666667,40.214,0.0,0,0.0,100.0,-1,0.0,,,,,,636,0.94,0.0,0.0
2026-07-10T10:49:50.186271,Raspberry_Relieve1,25.652313583333335,-100.29195031666667,40.214,0.0,0,0.0,100.0,-1,0.0,,,,,,637,1.05,0.0,0.0
2026-07-10T10:49:51.186328,Raspberry_Relieve1,25.65231365,-100.29195031666667,40.214,0.0,0,0.0,100.0,-1,0.0,,,,,,638,0.99,0.0,0.0
2026-07-10T10:49:52.186428,Raspberry_Relieve1,25.652313716666665,-100.29195035,40.213,0.0,0,0.0,100.0,-1,0.0,,,,,,639,1.01,0.0,0.0
2026-07-10T10:49:53.186533,Raspberry_Relieve1,25.652313816666666,-100.29195041666667,40.215,0.0,0,0.0,100.0,-1,0.0,,,,,,640,0.98,0.0,0.0
2026-07-10T10:49:54.186620,Raspberry_Relieve1,25.6523139,-100.29195053333333,40.214,0.0,0,0.0,100.0,-1,0.0,,,,,,641,1.0,0.0,0.0
2026-07-10T10:49:55.186708,Raspberry_Relieve1,25.652313983333332,-100.29195063333333,40.213,0.0,0,0.0,100.0,-1,0.0,,,,,,642,0.95,0.0,0.0
2026-07-10T10:49:56.186788,Raspberry_Relieve1,25.652314066666666,-100.29195073333334,40.213,0.0,0,0.0,100.0,-1,0.0,,,,,,643,1.09,0.0,0.0
2026-07-10T10:49:57.186876,Raspberry_Relieve1,25.65231415,-100.29195083333333,40.213,0.0,0,0.0,100.0,-1,0.0,,,,,,644,0.93,0.0,0.0
2026-07-10T10:49:58.186958,Raspberry_Relieve1,25.652314216666667,-100.29195095,40.213,0.0,0,0.0,100.0,-1,0.0,,,,,,645,1.01,0.0,0.0
2026-07-10T10:49:59.187083,Raspberry_Relieve1,25.652314266666668,-100.29195106666667,40.214,0.0,0,0.0,100.0,-1,0.0,,,,,,646,1.08,0.0,0.0
2026-07-10T10:50:00.187174,Raspberry_Relieve1,25.652314283333332,-100.29195121666666,40.213,0.0,0,0.0,100.0,-1,0.0,,,,,,647,0.99,0.0,0.0
2026-07-10T10:50:01.187259,Raspberry_Relieve1,25.652314316666665,-100.29195138333333,40.214,0.0,0,0.0,100.0,-1,0.0,,,,,,648,1.0,0.0,0.0
2026-07-10T10:50:02.187349,Raspberry_Relieve1,25.652314283333332,-100.29195153333333,40.213,0.0,0,0.0,100.0,-1,0.0,,,,,,649,0.96,0.0,0.0
2026-07-10T10:50:03.187433,Raspberry_Relieve1,25.652314283333332,-100.29195166666666,40.213,0.0,0,0.0,100.0,-1,0.0,,,,,,650,0.95,0.0,0.0
2026-07-10T10:50:04.187520,Raspberry_Relieve1,25.652314316666665,-100.29195176666667,40.214,0.0,0,0.0,100.0,-1,0.0,,,,,,651,1.06,0.0,0.0
2026-07-10T10:50:05.187608,Raspberry_Relieve1,25.652314383333334,-100.29195183333333,40.212,0.0,0,0.0,100.0,-1,0.0,,,,,,652,0.96,0.0,0.0
2026-07-10T10:50:06.187728,Raspberry_Relieve1,25.65231445,-100.29195185,40.214,0.0,0,0.0,100.0,-1,0.0,,,,,,653,1.08,0.0,0.0
2026-07-10T10:50:07.187839,Raspberry_Relieve1,25.6523145,-100.29195186666666,40.214,0.0,0,0.0,100.0,-1,0.0,,,,,,654,0.96,0.0,0.0
2026-07-10T10:50:08.187919,Raspberry_Relieve1,25.652314516666667,-100.29195188333334,40.213,0.0,0,0.0,100.0,-1,0.0,,,,,,655,0.98,0.0,0.0
2026-07-10T10:50:09.188005,Raspberry_Relieve1,25.652314533333332,-100.29195193333334,40.213,0.0,0,0.0,100.0,-1,0.0,,,,,,656,1.13,0.0,0.0
2026-07-10T10:50:10.188085,Raspberry_Relieve1,25.652314533333332,-100.29195198333333,40.214,0.0,0,0.0,100.0,-1,0.0,,,,,,657,0.89,0.0,0.0
2026-07-10T10:50:11.188177,Raspberry_Relieve1,25.652314533333332,-100.29195205,40.212,0.0,0,0.0,100.0,-1,0.0,,,,,,658,0.97,0.0,0.0
2026-07-10T10:50:12.188270,Raspberry_Relieve1,25.652314583333332,-100.2919521,40.213,0.0,0,0.0,100.0,-1,0.0,,,,,,659,0.97,0.0,0.0
2026-07-10T10:50:13.188390,Raspberry_Relieve1,25.652314633333333,-100.29195213333334,40.214,0.0,0,0.0,100.0,-1,0.0,,,,,,660,1.08,0.0,0.0
2026-07-10T10:50:14.188471,Raspberry_Relieve1,25.652314733333334,-100.29195218333334,40.213,0.0,0,0.0,100.0,-1,0.0,,,,,,661,0.99,0.0,0.0
2026-07-10T10:50:15.188567,Raspberry_Relieve1,25.652314783333335,-100.29195225,40.212,0.0,0,0.0,100.0,-1,0.0,,,,,,662,1.01,0.0,0.0
2026-07-10T10:50:16.188654,Raspberry_Relieve1,25.652314766666667,-100.29195235,40.212,0.0,0,0.0,100.0,-1,0.0,,,,,,663,0.99,0.0,0.0
2026-07-10T10:50:17.188746,Raspberry_Relieve1,25.652314766666667,-100.29195246666667,40.212,0.0,0,0.0,100.0,-1,0.0,,,,,,664,1.0,0.0,0.0
2026-07-10T10:50:18.188835,Raspberry_Relieve1,25.652314733333334,-100.29195256666667,40.212,0.0,0,0.0,100.0,-1,0.0,,,,,,665,0.95,0.0,0.0
2026-07-10T10:50:19.188975,Raspberry_Relieve1,25.65231485,-100.29195266666666,40.212,0.0,0,0.0,100.0,-1,0.0,,,,,,666,1.01,0.0,0.0
2026-07-10T10:50:20.189061,Raspberry_Relieve1,25.652314983333333,-100.29195276666667,40.214,0.0,0,0.0,100.0,-1,0.0,,,,,,667,1.0,0.0,0.0
2026-07-10T10:50:21.189147,Raspberry_Relieve1,25.652315033333334,-100.29195285,40.213,0.0,0,0.0,100.0,-1,0.0,,,,,,668,0.95,0.0,0.0
2026-07-10T10:50:22.189238,Raspberry_Relieve1,25.65231515,-100.29195291666667,40.213,0.0,0,0.0,100.0,-1,0.0,,,,,,669,1.06,0.0,0.0
2026-07-10T10:50:23.189332,Raspberry_Relieve1,25.6523153,-100.291953,40.213,0.0,0,0.0,100.0,-1,0.0,,,,,,670,1.03,0.0,0.0
2026-07-10T10:50:24.189419,Raspberry_Relieve1,25.652315483333332,-100.29195313333334,40.211,0.0,0,0.0,100.0,-1,0.0,,,,,,671,0.95,0.0,0.0
2026-07-10T10:50:25.189555,Raspberry_Relieve1,25.652315583333333,-100.29195323333333,40.212,0.0,0,0.0,100.0,-1,0.0,,,,,,672,1.04,0.0,0.0
2026-07-10T10:50:26.189634,Raspberry_Relieve1,25.652315633333334,-100.29195331666666,40.213,0.0,0,0.0,100.0,-1,0.0,,,,,,673,0.99,0.0,0.0
2026-07-10T10:50:27.189724,Raspberry_Relieve1,25.652315683333335,-100.29195341666667,40.212,0.0,0,0.0,100.0,-1,0.0,,,,,,674,1.02,0.0,0.0
2026-07-10T10:50:28.189814,Raspberry_Relieve1,25.652315683333335,-100.29195355,40.212,0.0,0,0.0,100.0,-1,0.0,,,,,,675,0.98,0.0,0.0
2026-07-10T10:50:29.189907,Raspberry_Relieve1,25.6523157,-100.29195368333333,40.214,0.0,0,0.0,100.0,-1,0.0,,,,,,676,0.96,0.0,0.0
2026-07-10T10:50:30.189994,Raspberry_Relieve1,25.6523157,-100.2919538,40.213,0.0,0,0.0,100.0,-1,0.0,,,,,,677,1.04,0.0,0.0
2026-07-10T10:50:31.190127,Raspberry_Relieve1,25.65231573333333,-100.29195385,40.211,0.0,0,0.0,100.0,-1,0.0,,,,,,678,1.05,0.0,0.0
2026-07-10T10:50:32.190278,Raspberry_Relieve1,25.652315783333332,-100.29195391666667,40.213,0.0,0,0.0,100.0,-1,0.0,,,,,,679,0.95,0.0,0.0
2026-07-10T10:50:33.190281,Raspberry_Relieve1,25.6523158,-100.29195398333333,40.213,0.0,0,0.0,100.0,-1,0.0,,,,,,680,1.07,0.0,0.0
2026-07-10T10:50:34.190369,Raspberry_Relieve1,25.6523158,-100.29195405,40.211,0.0,0,0.0,100.0,-1,0.0,,,,,,681,0.94,0.0,0.0
2026-07-10T10:50:35.190461,Raspberry_Relieve1,25.6523158,-100.2919541,40.213,0.0,0,0.0,100.0,-1,0.0,,,,,,682,0.99,0.0,0.0
2026-07-10T10:50:36.190560,Raspberry_Relieve1,25.6523158,-100.29195413333333,40.212,0.0,0,0.0,100.0,-1,0.0,,,,,,683,0.99,0.0,0.0
2026-07-10T10:50:37.190647,Raspberry_Relieve1,25.652315783333332,-100.29195416666667,40.213,0.0,0,0.0,100.0,-1,0.0,,,,,,684,1.03,0.0,0.0
2026-07-10T10:50:38.190785,Raspberry_Relieve1,25.652315766666668,-100.29195418333333,40.211,0.0,0,0.0,100.0,-1,0.0,,,,,,685,1.0,0.0,0.0
2026-07-10T10:50:39.190879,Raspberry_Relieve1,25.65231575,-100.29195423333333,40.213,0.0,0,0.0,100.0,-1,0.0,,,,,,686,1.06,0.0,0.0
2026-07-10T10:50:40.190962,Raspberry_Relieve1,25.652315716666667,-100.29195428333334,40.212,0.0,0,0.0,100.0,-1,0.0,,,,,,687,0.91,0.0,0.0
2026-07-10T10:50:41.191056,Raspberry_Relieve1,25.652315783333332,-100.29195431666666,40.212,0.0,0,0.0,100.0,-1,0.0,,,,,,688,1.11,0.0,0.0
2026-07-10T10:50:42.191146,Raspberry_Relieve1,25.6523158,-100.29195435,40.213,0.0,0,0.0,100.0,-1,0.0,,,,,,689,1.01,0.0,0.0
2026-07-10T10:50:43.191235,Raspberry_Relieve1,25.6523158,-100.29195438333333,40.214,0.0,0,0.0,100.0,-1,0.0,,,,,,690,0.95,0.0,0.0
2026-07-10T10:50:44.191329,Raspberry_Relieve1,25.652315783333332,-100.29195445,40.212,0.0,0,0.0,100.0,-1,0.0,,,,,,691,0.97,0.0,0.0
2026-07-10T10:50:45.191463,Raspberry_Relieve1,25.65231575,-100.2919545,40.212,0.0,0,0.0,100.0,-1,0.0,,,,,,692,1.06,0.0,0.0
2026-07-10T10:50:46.191541,Raspberry_Relieve1,25.652315716666667,-100.29195456666666,40.212,0.0,0,0.0,100.0,-1,0.0,,,,,,693,0.99,0.0,0.0
2026-07-10T10:50:47.191643,Raspberry_Relieve1,25.652315683333335,-100.2919546,40.211,0.0,0,0.0,100.0,-1,0.0,,,,,,694,0.9,0.0,0.0
2026-07-10T10:50:48.191743,Raspberry_Relieve1,25.65231565,-100.29195465,40.211,0.0,0,0.0,100.0,-1,0.0,,,,,,695,1.08,0.0,0.0
2026-07-10T10:50:49.191844,Raspberry_Relieve1,25.65231565,-100.29195466666667,40.213,0.0,0,0.0,100.0,-1,0.0,,,,,,696,0.97,0.0,0.0
2026-07-10T10:50:50.191938,Raspberry_Relieve1,25.652315683333335,-100.2919547,40.211,0.0,0,0.0,100.0,-1,0.0,,,,,,697,1.03,0.0,0.0
2026-07-10T10:50:51.192056,Raspberry_Relieve1,25.652315716666667,-100.29195475,40.212,0.0,0,0.0,100.0,-1,0.0,,,,,,699,1.88,0.0,0.0
2026-07-10T10:50:52.477329,Raspberry_Relieve1,25.65231573333333,-100.29195478333334,40.212,0.0,0,0.0,100.0,-1,0.0,,,,,,700,0.38,0.0,0.0
2026-07-10T10:50:53.477428,Raspberry_Relieve1,25.65231575,-100.2919548,40.212,0.0,0,0.0,100.0,-1,0.0,,,,,,701,1.56,0.0,0.0
2026-07-10T10:50:54.477498,Raspberry_Relieve1,25.65231575,-100.29195486666667,40.213,0.0,0,0.0,100.0,-1,0.0,,,,,,702,0.44,0.0,0.0
2026-07-10T10:50:55.477587,Raspberry_Relieve1,25.65231575,-100.29195493333333,40.21,0.0,0,0.0,100.0,-1,0.0,,,,,,702,0.94,0.0,0.0
2026-07-10T10:50:56.477670,Raspberry_Relieve1,25.652315766666668,-100.291955,40.212,0.0,0,0.0,100.0,-1,0.0,,,,,,704,1.16,0.0,0.0
2026-07-10T10:50:57.477834,Raspberry_Relieve1,25.652315766666668,-100.29195505,40.212,0.0,0,0.0,100.0,-1,0.0,,,,,,705,0.91,0.0,0.0
2026-07-10T10:50:58.477914,Raspberry_Relieve1,25.65231575,-100.29195513333333,40.212,0.0,0,0.0,100.0,-1,0.0,,,,,,706,1.04,0.0,0.0
2026-07-10T10:50:59.477987,Raspberry_Relieve1,25.652315766666668,-100.2919552,40.212,0.0,0,0.0,100.0,-1,0.0,,,,,,707,0.95,0.0,0.0
2026-07-10T10:51:00.478073,Raspberry_Relieve1,25.652315766666668,-100.29195526666666,40.214,0.0,0,0.0,100.0,-1,0.0,,,,,,708,1.13,0.0,0.0
2026-07-10T10:51:01.478154,Raspberry_Relieve1,25.652315766666668,-100.29195531666667,40.213,0.0,0,0.0,100.0,-1,0.0,,,,,,709,0.88,0.0,0.0
2026-07-10T10:51:02.478255,Raspberry_Relieve1,25.652315766666668,-100.29195538333333,40.212,0.0,0,0.0,100.0,-1,0.0,,,,,,709,0.92,0.0,0.0
2026-07-10T10:51:03.478396,Raspberry_Relieve1,25.652315766666668,-100.29195545,40.211,0.0,0,0.0,100.0,-1,0.0,,,,,,711,1.08,0.0,0.0
2026-07-10T10:51:04.478516,Raspberry_Relieve1,25.652315766666668,-100.29195555,40.213,0.0,0,0.0,100.0,-1,0.0,,,,,,712,1.0,0.0,0.0
2026-07-10T10:51:05.478580,Raspberry_Relieve1,25.652315783333332,-100.29195563333333,40.212,0.0,0,0.0,100.0,-1,0.0,,,,,,713,1.02,0.0,0.0
2026-07-10T10:51:06.478662,Raspberry_Relieve1,25.652315783333332,-100.29195571666666,40.212,0.0,0,0.0,100.0,-1,0.0,,,,,,714,0.92,0.0,0.0
2026-07-10T10:51:07.478747,Raspberry_Relieve1,25.652315783333332,-100.29195581666667,40.211,0.0,0,0.0,100.0,-1,0.0,,,,,,715,1.01,0.0,0.0
2026-07-10T10:51:08.478848,Raspberry_Relieve1,25.652315783333332,-100.29195588333333,40.212,0.0,0,0.0,100.0,-1,0.0,,,,,,716,1.07,0.0,0.0
2026-07-10T10:51:09.478916,Raspberry_Relieve1,25.6523158,-100.29195595,40.211,0.0,0,0.0,100.0,-1,0.0,,,,,,716,0.9,0.0,0.0
2026-07-10T10:51:10.479080,Raspberry_Relieve1,25.6523158,-100.291956,40.209,0.0,0,0.0,100.0,-1,0.0,,,,,,718,1.09,0.0,0.0
2026-07-10T10:51:11.479138,Raspberry_Relieve1,25.6523158,-100.29195605,40.211,0.0,0,0.0,100.0,-1,0.0,,,,,,719,0.99,0.0,0.0
2026-07-10T10:51:12.479231,Raspberry_Relieve1,25.652315783333332,-100.29195613333333,40.212,0.0,0,0.0,100.0,-1,0.0,,,,,,720,0.99,0.0,0.0
2026-07-10T10:51:13.479311,Raspberry_Relieve1,25.6523158,-100.29195618333334,40.212,0.0,0,0.0,100.0,-1,0.0,,,,,,721,1.03,0.0,0.0
2026-07-10T10:51:14.479400,Raspberry_Relieve1,25.652315833333333,-100.29195625,40.212,0.0,0,0.0,100.0,-1,0.0,,,,,,722,1.01,0.0,0.0
2026-07-10T10:51:15.479484,Raspberry_Relieve1,25.652315833333333,-100.29195631666667,40.212,0.0,0,0.0,100.0,-1,0.0,,,,,,723,0.96,0.0,0.0
2026-07-10T10:51:16.479627,Raspberry_Relieve1,25.652315833333333,-100.29195636666667,40.213,0.0,0,0.0,100.0,-1,0.0,,,,,,724,0.96,0.0,0.0
2026-07-10T10:51:17.479693,Raspberry_Relieve1,25.652315783333332,-100.29195643333334,40.212,0.0,0,0.0,100.0,-1,0.0,,,,,,725,1.01,0.0,0.0
2026-07-10T10:51:18.479783,Raspberry_Relieve1,25.652315716666667,-100.29195648333334,40.211,0.0,0,0.0,100.0,-1,0.0,,,,,,726,1.03,0.0,0.0
2026-07-10T10:51:19.479869,Raspberry_Relieve1,25.652315683333335,-100.29195653333333,40.212,0.0,0,0.0,100.0,-1,0.0,,,,,,727,1.01,0.0,0.0
2026-07-10T10:51:20.479958,Raspberry_Relieve1,25.65231565,-100.29195656666667,40.212,0.0,0,0.0,100.0,-1,0.0,,,,,,728,0.97,0.0,0.0
2026-07-10T10:51:21.480041,Raspberry_Relieve1,25.652315633333334,-100.29195661666667,40.21,0.0,0,0.0,100.0,-1,0.0,,,,,,729,1.06,0.0,0.0
2026-07-10T10:51:22.480215,Raspberry_Relieve1,25.652315616666666,-100.2919567,40.212,0.0,0,0.0,100.0,-1,0.0,,,,,,730,0.97,0.0,0.0
2026-07-10T10:51:23.480286,Raspberry_Relieve1,25.652315616666666,-100.29195678333333,40.212,0.0,0,0.0,100.0,-1,0.0,,,,,,731,0.98,0.0,0.0
2026-07-10T10:51:24.480367,Raspberry_Relieve1,25.6523156,-100.29195686666667,40.21,0.0,0,0.0,100.0,-1,0.0,,,,,,732,1.02,0.0,0.0
2026-07-10T10:51:25.480447,Raspberry_Relieve1,25.652315566666665,-100.29195693333334,40.212,0.0,0,0.0,100.0,-1,0.0,,,,,,733,1.0,0.0,0.0
2026-07-10T10:51:26.480530,Raspberry_Relieve1,25.65231555,-100.29195698333334,40.212,0.0,0,0.0,100.0,-1,0.0,,,,,,734,1.05,0.0,0.0
2026-07-10T10:51:27.480610,Raspberry_Relieve1,25.65231555,-100.29195701666667,40.21,0.0,0,0.0,100.0,-1,0.0,,,,,,735,0.95,0.0,0.0
2026-07-10T10:51:28.480785,Raspberry_Relieve1,25.65231555,-100.29195706666667,40.211,0.0,0,0.0,100.0,-1,0.0,,,,,,736,1.04,0.0,0.0
2026-07-10T10:51:29.480855,Raspberry_Relieve1,25.652315583333333,-100.29195711666667,40.211,0.0,0,0.0,100.0,-1,0.0,,,,,,737,1.03,0.0,0.0
2026-07-10T10:51:30.480946,Raspberry_Relieve1,25.652315583333333,-100.29195716666666,40.21,0.0,0,0.0,100.0,-1,0.0,,,,,,738,0.92,0.0,0.0
2026-07-10T10:51:31.481024,Raspberry_Relieve1,25.652315583333333,-100.2919572,40.213,0.0,0,0.0,100.0,-1,0.0,,,,,,739,1.08,0.0,0.0
2026-07-10T10:51:32.481110,Raspberry_Relieve1,25.6523156,-100.29195725,40.211,0.0,0,0.0,100.0,-1,0.0,,,,,,740,0.95,0.0,0.0
2026-07-10T10:51:33.481189,Raspberry_Relieve1,25.652315583333333,-100.29195731666667,40.21,0.0,0,0.0,100.0,-1,0.0,,,,,,741,0.98,0.0,0.0
2026-07-10T10:51:34.481321,Raspberry_Relieve1,25.652315566666665,-100.29195738333334,40.21,0.0,0,0.0,100.0,-1,0.0,,,,,,742,0.99,0.0,0.0
2026-07-10T10:51:35.481388,Raspberry_Relieve1,25.652315566666665,-100.29195745,40.213,0.0,0,0.0,100.0,-1,0.0,,,,,,743,0.99,0.0,0.0
2026-07-10T10:51:36.481473,Raspberry_Relieve1,25.652315583333333,-100.2919575,40.212,0.0,0,0.0,100.0,-1,0.0,,,,,,744,0.99,0.0,0.0
2026-07-10T10:51:37.481551,Raspberry_Relieve1,25.652315633333334,-100.29195753333333,40.211,0.0,0,0.0,100.0,-1,0.0,,,,,,744,0.95,0.0,0.0
2026-07-10T10:51:38.481649,Raspberry_Relieve1,25.652315666666667,-100.29195758333333,40.213,0.0,0,0.0,100.0,-1,0.0,,,,,,746,1.03,0.0,0.0
2026-07-10T10:51:39.481722,Raspberry_Relieve1,25.652315716666667,-100.29195763333334,40.21,0.0,0,0.0,100.0,-1,0.0,,,,,,747,0.99,0.0,0.0
2026-07-10T10:51:40.481876,Raspberry_Relieve1,25.65231575,-100.2919577,40.212,0.0,0,0.0,100.0,-1,0.0,,,,,,748,1.18,0.0,0.0
2026-07-10T10:51:41.481979,Raspberry_Relieve1,25.652315766666668,-100.29195776666667,40.211,0.0,0,0.0,100.0,-1,0.0,,,,,,749,0.83,0.0,0.0
2026-07-10T10:51:42.482130,Raspberry_Relieve1,25.652315833333333,-100.29195795,40.211,0.0,0,0.0,100.0,-1,0.0,,,,,,750,1.17,0.0,0.0
2026-07-10T10:51:43.482311,Raspberry_Relieve1,25.652315933333334,-100.29195815,40.211,0.0,0,0.0,100.0,-1,0.0,,,,,,751,0.93,0.0,0.0
2026-07-10T10:51:44.482436,Raspberry_Relieve1,25.652316066666668,-100.29195835,40.212,0.0,0,0.0,100.0,-1,0.0,,,,,,752,0.94,0.0,0.0
2026-07-10T10:51:45.482505,Raspberry_Relieve1,25.6523162,-100.29195855,40.212,0.0,0,0.0,100.0,-1,0.0,,,,,,753,0.95,0.0,0.0
2026-07-10T10:51:46.482594,Raspberry_Relieve1,25.652316366666668,-100.29195875,40.209,0.0,0,0.0,100.0,-1,0.0,,,,,,754,1.12,0.0,0.0
2026-07-10T10:51:47.482673,Raspberry_Relieve1,25.652316533333334,-100.29195893333333,40.208,0.0,0,0.0,100.0,-1,0.0,,,,,,755,0.88,0.0,0.0
2026-07-10T10:51:48.482760,Raspberry_Relieve1,25.6523167,-100.29195913333334,40.209,0.0,0,0.0,100.0,-1,0.0,,,,,,756,1.0,0.0,0.0
2026-07-10T10:51:49.482846,Raspberry_Relieve1,25.652316866666666,-100.29195933333334,40.207,0.0,0,0.0,100.0,-1,0.0,,,,,,756,0.99,0.0,0.0
2026-07-10T10:51:50.482982,Raspberry_Relieve1,25.652317,-100.29195948333333,40.206,0.0,0,0.0,100.0,-1,0.0,,,,,,758,1.11,0.0,0.0
2026-07-10T10:51:51.483046,Raspberry_Relieve1,25.652317133333334,-100.29195961666667,40.209,0.0,0,0.0,100.0,-1,0.0,,,,,,759,0.92,0.0,0.0
2026-07-10T10:51:52.483134,Raspberry_Relieve1,25.6523172,-100.2919597,40.209,0.0,0,0.0,100.0,-1,0.0,,,,,,760,1.03,0.0,0.0
2026-07-10T10:51:53.483214,Raspberry_Relieve1,25.652317216666667,-100.29195975,40.207,0.0,0,0.0,100.0,-1,0.0,,,,,,761,0.95,0.0,0.0
2026-07-10T10:51:54.483296,Raspberry_Relieve1,25.652317233333335,-100.2919598,40.209,0.0,0,0.0,100.0,-1,0.0,,,,,,762,1.04,0.0,0.0
2026-07-10T10:51:55.483378,Raspberry_Relieve1,25.652317216666667,-100.29195986666667,40.209,0.0,0,0.0,100.0,-1,0.0,,,,,,763,0.99,0.0,0.0
2026-07-10T10:51:56.483545,Raspberry_Relieve1,25.652317216666667,-100.29195993333333,40.208,0.0,0,0.0,100.0,-1,0.0,,,,,,764,1.04,0.0,0.0
2026-07-10T10:51:57.483615,Raspberry_Relieve1,25.6523172,-100.29195996666667,40.21,0.0,0,0.0,100.0,-1,0.0,,,,,,765,0.98,0.0,0.0
2026-07-10T10:51:58.483705,Raspberry_Relieve1,25.652317166666666,-100.29196,40.211,0.0,0,0.0,100.0,-1,0.0,,,,,,766,0.98,0.0,0.0
2026-07-10T10:51:59.483784,Raspberry_Relieve1,25.652317150000002,-100.29196005,40.209,0.0,0,0.0,100.0,-1,0.0,,,,,,767,0.95,0.0,0.0
2026-07-10T10:52:00.483873,Raspberry_Relieve1,25.652317133333334,-100.2919601,40.207,0.0,0,0.0,100.0,-1,0.0,,,,,,768,1.01,0.0,0.0
2026-07-10T10:52:01.483957,Raspberry_Relieve1,25.652317116666666,-100.29196015,40.209,0.0,0,0.0,100.0,-1,0.0,,,,,,769,1.07,0.0,0.0
2026-07-10T10:52:02.484135,Raspberry_Relieve1,25.652317116666666,-100.2919602,40.21,0.0,0,0.0,100.0,-1,0.0,,,,,,770,1.02,0.0,0.0
2026-07-10T10:52:03.484204,Raspberry_Relieve1,25.652317116666666,-100.29196025,40.211,0.0,0,0.0,100.0,-1,0.0,,,,,,771,0.95,0.0,0.0
2026-07-10T10:52:04.484291,Raspberry_Relieve1,25.6523171,-100.2919603,40.209,0.0,0,0.0,100.0,-1,0.0,,,,,,772,1.01,0.0,0.0
2026-07-10T10:52:05.484375,Raspberry_Relieve1,25.652317116666666,-100.29196033333334,40.209,0.0,0,0.0,100.0,-1,0.0,,,,,,772,0.93,0.0,0.0
2026-07-10T10:52:06.484460,Raspberry_Relieve1,25.652317116666666,-100.29196038333333,40.208,0.0,0,0.0,100.0,-1,0.0,,,,,,774,1.04,0.0,0.0
2026-07-10T10:52:07.484539,Raspberry_Relieve1,25.652317133333334,-100.29196045,40.209,0.0,0,0.0,100.0,-1,0.0,,,,,,775,0.98,0.0,0.0
2026-07-10T10:52:08.484689,Raspberry_Relieve1,25.652317133333334,-100.2919605,40.211,0.0,0,0.0,100.0,-1,0.0,,,,,,776,1.15,0.0,0.0
2026-07-10T10:52:09.484774,Raspberry_Relieve1,25.652317133333334,-100.29196055,40.21,0.0,0,0.0,100.0,-1,0.0,,,,,,777,0.94,0.0,0.0
2026-07-10T10:52:10.484888,Raspberry_Relieve1,25.652317150000002,-100.29196058333333,40.209,0.0,0,0.0,100.0,-1,0.0,,,,,,778,0.93,0.0,0.0
2026-07-10T10:52:11.484995,Raspberry_Relieve1,25.652317166666666,-100.29196063333333,40.208,0.0,0,0.0,100.0,-1,0.0,,,,,,779,1.01,0.0,0.0
2026-07-10T10:52:12.485072,Raspberry_Relieve1,25.652317166666666,-100.29196066666667,40.209,0.0,0,0.0,100.0,-1,0.0,,,,,,780,1.04,0.0,0.0
2026-07-10T10:52:13.485151,Raspberry_Relieve1,25.652317166666666,-100.2919607,40.21,0.0,0,0.0,100.0,-1,0.0,,,,,,781,0.95,0.0,0.0
2026-07-10T10:52:14.485236,Raspberry_Relieve1,25.652317166666666,-100.29196073333334,40.209,0.0,0,0.0,100.0,-1,0.0,,,,,,782,0.98,0.0,0.0
2026-07-10T10:52:15.485315,Raspberry_Relieve1,25.6523169,-100.29196105,40.208,0.0,0,0.0,100.0,-1,0.0,,,,,,783,1.03,0.0,0.0
2026-07-10T10:52:16.485403,Raspberry_Relieve1,25.652316666666668,-100.29196135,40.209,0.0,0,0.0,100.0,-1,0.0,,,,,,784,1.03,0.0,0.0
2026-07-10T10:52:17.485518,Raspberry_Relieve1,25.652316466666665,-100.29196156666667,40.209,0.0,0,0.0,100.0,-1,0.0,,,,,,785,1.05,0.0,0.0
2026-07-10T10:52:18.485592,Raspberry_Relieve1,25.6523163,-100.29196178333333,40.21,0.0,0,0.0,100.0,-1,0.0,,,,,,786,0.96,0.0,0.0
2026-07-10T10:52:19.485673,Raspberry_Relieve1,25.652316133333333,-100.291962,40.21,0.0,0,0.0,100.0,-1,0.0,,,,,,787,1.0,0.0,0.0
2026-07-10T10:52:20.485759,Raspberry_Relieve1,25.652316033333335,-100.29196213333333,40.209,0.0,0,0.0,100.0,-1,0.0,,,,,,788,0.98,0.0,0.0
2026-07-10T10:52:21.485844,Raspberry_Relieve1,25.652315983333335,-100.29196221666666,40.209,0.0,0,0.0,100.0,-1,0.0,,,,,,789,0.99,0.0,0.0
2026-07-10T10:52:22.485928,Raspberry_Relieve1,25.65231595,-100.29196228333333,40.207,0.0,0,0.0,100.0,-1,0.0,,,,,,789,0.94,0.0,0.0
2026-07-10T10:52:23.486050,Raspberry_Relieve1,25.65231595,-100.29196236666667,40.208,0.0,0,0.0,100.0,-1,0.0,,,,,,791,1.21,0.0,0.0
2026-07-10T10:52:24.486125,Raspberry_Relieve1,25.65231595,-100.29196241666666,40.207,0.0,0,0.0,100.0,-1,0.0,,,,,,792,0.86,0.0,0.0
2026-07-10T10:52:25.486249,Raspberry_Relieve1,25.65231595,-100.29196246666666,40.208,0.0,0,0.0,100.0,-1,0.0,,,,,,793,0.98,0.0,0.0
2026-07-10T10:52:26.486313,Raspberry_Relieve1,25.65231595,-100.29196251666667,40.208,0.0,0,0.0,100.0,-1,0.0,,,,,,794,1.02,0.0,0.0
2026-07-10T10:52:27.486410,Raspberry_Relieve1,25.652315983333335,-100.29196255,40.208,0.0,0,0.0,100.0,-1,0.0,,,,,,795,1.15,0.0,0.0
2026-07-10T10:52:28.486500,Raspberry_Relieve1,25.652316,-100.29196258333333,40.211,0.0,0,0.0,100.0,-1,0.0,,,,,,796,0.87,0.0,0.0
2026-07-10T10:52:29.486666,Raspberry_Relieve1,25.652316033333335,-100.29196261666667,40.209,0.0,0,0.0,100.0,-1,0.0,,,,,,797,1.0,0.0,0.0
2026-07-10T10:52:30.486717,Raspberry_Relieve1,25.652316066666668,-100.29196266666666,40.207,0.0,0,0.0,100.0,-1,0.0,,,,,,798,0.94,0.0,0.0
2026-07-10T10:52:31.486802,Raspberry_Relieve1,25.652316083333332,-100.29196271666666,40.209,0.0,0,0.0,100.0,-1,0.0,,,,,,799,1.03,0.0,0.0
2026-07-10T10:52:32.486890,Raspberry_Relieve1,25.6523161,-100.29196275,40.208,0.0,0,0.0,100.0,-1,0.0,,,,,,799,0.94,0.0,0.0
2026-07-10T10:52:33.486991,Raspberry_Relieve1,25.652316133333333,-100.29196281666667,40.206,0.0,0,0.0,100.0,-1,0.0,,,,,,801,1.09,0.0,0.0
2026-07-10T10:52:34.487078,Raspberry_Relieve1,25.652316133333333,-100.29196288333333,40.21,0.0,0,0.0,100.0,-1,0.0,,,,,,802,0.96,0.0,0.0
2026-07-10T10:52:35.487214,Raspberry_Relieve1,25.652316116666668,-100.2919629,40.208,0.0,0,0.0,100.0,-1,0.0,,,,,,803,1.06,0.0,0.0
2026-07-10T10:52:36.487384,Raspberry_Relieve1,25.652316083333332,-100.29196288333333,40.209,0.0,0,0.0,100.0,-1,0.0,,,,,,804,0.98,0.0,0.0
2026-07-10T10:52:37.487506,Raspberry_Relieve1,25.652316066666668,-100.29196291666666,40.209,0.0,0,0.0,100.0,-1,0.0,,,,,,805,1.09,0.0,0.0
2026-07-10T10:52:38.487595,Raspberry_Relieve1,25.65231605,-100.29196291666666,40.209,0.0,0,0.0,100.0,-1,0.0,,,,,,806,0.88,0.0,0.0
2026-07-10T10:52:39.487685,Raspberry_Relieve1,25.652316033333335,-100.29196293333334,40.208,0.0,0,0.0,100.0,-1,0.0,,,,,,807,1.01,0.0,0.0
2026-07-10T10:52:40.487777,Raspberry_Relieve1,25.652316033333335,-100.29196296666667,40.206,0.0,0,0.0,100.0,-1,0.0,,,,,,808,1.05,0.0,0.0
2026-07-10T10:52:41.487870,Raspberry_Relieve1,25.652316016666667,-100.29196298333333,40.208,0.0,0,0.0,100.0,-1,0.0,,,,,,809,1.09,0.0,0.0
2026-07-10T10:52:42.487965,Raspberry_Relieve1,25.652316016666667,-100.291963,40.21,0.0,0,0.0,100.0,-1,0.0,,,,,,809,0.8,0.0,0.0
2026-07-10T10:52:43.488145,Raspberry_Relieve1,25.652316016666667,-100.29196301666667,40.209,0.0,0,0.0,100.0,-1,0.0,,,,,,811,1.13,0.0,0.0
2026-07-10T10:52:44.488266,Raspberry_Relieve1,25.652316033333335,-100.29196305,40.208,0.0,0,0.0,100.0,-1,0.0,,,,,,812,0.96,0.0,0.0
2026-07-10T10:52:45.488343,Raspberry_Relieve1,25.652316033333335,-100.2919631,40.21,0.0,0,0.0,100.0,-1,0.0,,,,,,813,1.06,0.0,0.0
2026-07-10T10:52:46.488438,Raspberry_Relieve1,25.652316066666668,-100.29196315,40.209,0.0,0,0.0,100.0,-1,0.0,,,,,,814,0.93,0.0,0.0
2026-07-10T10:52:47.488536,Raspberry_Relieve1,25.652316066666668,-100.2919632,40.207,0.0,0,0.0,100.0,-1,0.0,,,,,,815,1.02,0.0,0.0
2026-07-10T10:52:48.488628,Raspberry_Relieve1,25.652316083333332,-100.29196325,40.208,0.0,0,0.0,100.0,-1,0.0,,,,,,816,0.95,0.0,0.0
2026-07-10T10:52:49.488735,Raspberry_Relieve1,25.6523161,-100.29196331666667,40.207,0.0,0,0.0,100.0,-1,0.0,,,,,,817,0.99,0.0,0.0
2026-07-10T10:52:50.488913,Raspberry_Relieve1,25.652316116666668,-100.29196336666666,40.207,0.0,0,0.0,100.0,-1,0.0,,,,,,818,1.18,0.0,0.0
2026-07-10T10:52:51.489031,Raspberry_Relieve1,25.652316133333333,-100.29196343333334,40.207,0.0,0,0.0,100.0,-1,0.0,,,,,,819,0.88,0.0,0.0
2026-07-10T10:52:52.489094,Raspberry_Relieve1,25.65231615,-100.2919635,40.208,0.0,0,0.0,100.0,-1,0.0,,,,,,820,0.94,0.0,0.0
2026-07-10T10:52:53.489188,Raspberry_Relieve1,25.65231615,-100.29196358333333,40.206,0.0,0,0.0,100.0,-1,0.0,,,,,,821,1.09,0.0,0.0
2026-07-10T10:52:54.489272,Raspberry_Relieve1,25.65231615,-100.29196366666666,40.207,0.0,0,0.0,100.0,-1,0.0,,,,,,822,0.91,0.0,0.0
2026-07-10T10:52:55.489360,Raspberry_Relieve1,25.652316133333333,-100.29196375,40.207,0.0,0,0.0,100.0,-1,0.0,,,,,,823,1.01,0.0,0.0
2026-07-10T10:52:56.489451,Raspberry_Relieve1,25.65231615,-100.2919638,40.207,0.0,0,0.0,100.0,-1,0.0,,,,,,824,1.02,0.0,0.0
2026-07-10T10:52:57.489581,Raspberry_Relieve1,25.652316166666665,-100.29196386666666,40.206,0.0,0,0.0,100.0,-1,0.0,,,,,,825,1.03,0.0,0.0
2026-07-10T10:52:58.489754,Raspberry_Relieve1,25.652316166666665,-100.29196391666666,40.208,0.0,0,0.0,100.0,-1,0.0,,,,,,826,0.96,0.0,0.0
2026-07-10T10:52:59.489838,Raspberry_Relieve1,25.652316183333333,-100.29196398333333,40.206,0.0,0,0.0,100.0,-1,0.0,,,,,,827,1.08,0.0,0.0
2026-07-10T10:53:00.489930,Raspberry_Relieve1,25.6523162,-100.29196405,40.208,0.0,0,0.0,100.0,-1,0.0,,,,,,828,0.91,0.0,0.0
2026-07-10T10:53:01.490036,Raspberry_Relieve1,25.652316216666666,-100.29196413333334,40.208,0.0,0,0.0,100.0,-1,0.0,,,,,,829,1.01,0.0,0.0
2026-07-10T10:53:02.490128,Raspberry_Relieve1,25.652316216666666,-100.29196416666667,40.207,0.0,0,0.0,100.0,-1,0.0,,,,,,830,1.02,0.0,0.0
2026-07-10T10:53:03.490249,Raspberry_Relieve1,25.652316233333334,-100.29196418333333,40.206,0.0,0,0.0,100.0,-1,0.0,,,,,,831,0.99,0.0,0.0
2026-07-10T10:53:04.490416,Raspberry_Relieve1,25.652316233333334,-100.29196423333333,40.206,0.0,0,0.0,100.0,-1,0.0,,,,,,832,1.03,0.0,0.0
2026-07-10T10:53:05.490532,Raspberry_Relieve1,25.652316233333334,-100.29196426666667,40.209,0.0,0,0.0,100.0,-1,0.0,,,,,,833,0.99,0.0,0.0
2026-07-10T10:53:06.490705,Raspberry_Relieve1,25.65231625,-100.29196433333334,40.209,0.0,0,0.0,100.0,-1,0.0,,,,,,834,1.0,0.0,0.0
2026-07-10T10:53:07.490784,Raspberry_Relieve1,25.6523163,-100.29196441666667,40.207,0.0,0,0.0,100.0,-1,0.0,,,,,,835,1.02,0.0,0.0
2026-07-10T10:53:08.490889,Raspberry_Relieve1,25.652316383333332,-100.29196448333333,40.206,0.0,0,0.0,100.0,-1,0.0,,,,,,836,0.93,0.0,0.0
2026-07-10T10:53:09.490981,Raspberry_Relieve1,25.652316433333333,-100.29196453333333,40.206,0.0,0,0.0,100.0,-1,0.0,,,,,,837,0.98,0.0,0.0
2026-07-10T10:53:10.491076,Raspberry_Relieve1,25.6523165,-100.29196458333334,40.205,0.0,0,0.0,100.0,-1,0.0,,,,,,838,1.03,0.0,0.0
2026-07-10T10:53:11.491174,Raspberry_Relieve1,25.65231655,-100.29196465,40.207,0.0,0,0.0,100.0,-1,0.0,,,,,,839,1.0,0.0,0.0
2026-07-10T10:53:12.491310,Raspberry_Relieve1,25.6523166,-100.29196471666667,40.207,0.0,0,0.0,100.0,-1,0.0,,,,,,840,1.07,0.0,0.0
2026-07-10T10:53:13.491431,Raspberry_Relieve1,25.652316633333335,-100.29196473333333,40.208,0.0,0,0.0,100.0,-1,0.0,,,,,,841,1.02,0.0,0.0
2026-07-10T10:53:14.491543,Raspberry_Relieve1,25.652316633333335,-100.29196475,40.207,0.0,0,0.0,100.0,-1,0.0,,,,,,842,0.96,0.0,0.0
2026-07-10T10:53:15.491673,Raspberry_Relieve1,25.652316666666668,-100.2919648,40.207,0.0,0,0.0,100.0,-1,0.0,,,,,,843,0.94,0.0,0.0
2026-07-10T10:53:16.491752,Raspberry_Relieve1,25.652316666666668,-100.29196485,40.206,0.0,0,0.0,100.0,-1,0.0,,,,,,844,1.09,0.0,0.0
2026-07-10T10:53:17.491830,Raspberry_Relieve1,25.652316683333332,-100.29196491666667,40.206,0.0,0,0.0,100.0,-1,0.0,,,,,,845,0.99,0.0,0.0
2026-07-10T10:53:18.491910,Raspberry_Relieve1,25.6523167,-100.29196498333333,40.207,0.0,0,0.0,100.0,-1,0.0,,,,,,846,0.88,0.0,0.0
2026-07-10T10:53:19.491992,Raspberry_Relieve1,25.6523167,-100.29196505,40.206,0.0,0,0.0,100.0,-1,0.0,,,,,,847,1.03,0.0,0.0
2026-07-10T10:53:20.492081,Raspberry_Relieve1,25.652316716666668,-100.2919651,40.206,0.0,0,0.0,100.0,-1,0.0,,,,,,848,1.03,0.0,0.0
2026-07-10T10:53:21.492234,Raspberry_Relieve1,25.652316716666668,-100.29196515,40.206,0.0,0,0.0,100.0,-1,0.0,,,,,,849,1.04,0.0,0.0
2026-07-10T10:53:22.492340,Raspberry_Relieve1,25.6523167,-100.2919652,40.206,0.0,0,0.0,100.0,-1,0.0,,,,,,850,0.96,0.0,0.0
2026-07-10T10:53:23.492426,Raspberry_Relieve1,25.652316716666668,-100.29196526666667,40.208,0.0,0,0.0,100.0,-1,0.0,,,,,,851,1.01,0.0,0.0
2026-07-10T10:53:24.492500,Raspberry_Relieve1,25.652316733333333,-100.29196533333334,40.206,0.0,0,0.0,100.0,-1,0.0,,,,,,852,1.07,0.0,0.0
2026-07-10T10:53:25.492585,Raspberry_Relieve1,25.65231675,-100.2919654,40.208,0.0,0,0.0,100.0,-1,0.0,,,,,,853,0.93,0.0,0.0
2026-07-10T10:53:26.492664,Raspberry_Relieve1,25.6523168,-100.29196546666667,40.207,0.0,0,0.0,100.0,-1,0.0,,,,,,854,0.97,0.0,0.0
2026-07-10T10:53:27.492752,Raspberry_Relieve1,25.65231685,-100.29196553333334,40.206,0.0,0,0.0,100.0,-1,0.0,,,,,,855,1.04,0.0,0.0
2026-07-10T10:53:28.492891,Raspberry_Relieve1,25.652316866666666,-100.29196556666666,40.206,0.0,0,0.0,100.0,-1,0.0,,,,,,856,1.07,0.0,0.0
2026-07-10T10:53:29.493038,Raspberry_Relieve1,25.652316883333334,-100.2919656,40.207,0.0,0,0.0,100.0,-1,0.0,,,,,,857,0.97,0.0,0.0
2026-07-10T10:53:30.493143,Raspberry_Relieve1,25.652316883333334,-100.29196561666667,40.208,0.0,0,0.0,100.0,-1,0.0,,,,,,858,0.96,0.0,0.0
2026-07-10T10:53:31.493207,Raspberry_Relieve1,25.6523169,-100.29196556666666,40.207,0.0,0,0.0,100.0,-1,0.0,,,,,,859,1.06,0.0,0.0
2026-07-10T10:53:32.493292,Raspberry_Relieve1,25.652316916666667,-100.29196555,40.204,0.0,0,0.0,100.0,-1,0.0,,,,,,860,0.89,0.0,0.0
2026-07-10T10:53:33.493374,Raspberry_Relieve1,25.6523169,-100.2919655,40.206,0.0,0,0.0,100.0,-1,0.0,,,,,,861,1.06,0.0,0.0
2026-07-10T10:53:34.493462,Raspberry_Relieve1,25.652316916666667,-100.29196545,40.205,0.0,0,0.0,100.0,-1,0.0,,,,,,862,1.05,0.0,0.0
2026-07-10T10:53:35.493543,Raspberry_Relieve1,25.652316966666667,-100.2919654,40.206,0.0,0,0.0,100.0,-1,0.0,,,,,,863,0.94,0.0,0.0
2026-07-10T10:53:36.493695,Raspberry_Relieve1,25.652316966666667,-100.2919654,40.205,0.0,0,0.0,100.0,-1,0.0,,,,,,864,0.98,0.0,0.0
2026-07-10T10:53:37.493826,Raspberry_Relieve1,25.652316883333334,-100.29196545,40.205,0.0,0,0.0,100.0,-1,0.0,,,,,,865,0.96,0.0,0.0
2026-07-10T10:53:38.493904,Raspberry_Relieve1,25.652319583333334,-100.29196831666667,40.207,0.0,0,0.0,100.0,-1,0.0,,,,,,866,1.05,0.0,0.0
2026-07-10T10:53:39.494001,Raspberry_Relieve1,25.652321483333335,-100.29197265,40.206,0.0,0,0.0,100.0,-1,0.0,,,,,,867,0.97,0.0,0.0
2026-07-10T10:53:40.494084,Raspberry_Relieve1,25.652323533333334,-100.29197763333333,40.207,0.0,0,0.0,100.0,-1,0.0,,,,,,868,0.96,0.0,0.0
2026-07-10T10:53:41.494157,Raspberry_Relieve1,25.65232075,-100.29198245,40.206,0.0,0,0.0,100.0,-1,0.0,,,,,,869,0.98,0.0,0.0
2026-07-10T10:53:42.494260,Raspberry_Relieve1,25.652320916666667,-100.29198476666667,40.206,0.0,0,0.0,100.0,-1,0.0,,,,,,870,1.11,0.0,0.0
2026-07-10T10:53:43.494362,Raspberry_Relieve1,25.65231878333333,-100.29198998333334,40.207,0.0,0,0.0,100.0,-1,0.0,,,,,,871,0.94,0.0,0.0
2026-07-10T10:53:44.494438,Raspberry_Relieve1,25.652320716666665,-100.29199176666667,40.208,0.0,0,0.0,100.0,-1,0.0,,,,,,872,0.98,0.0,0.0
2026-07-10T10:53:45.494524,Raspberry_Relieve1,25.652327116666665,-100.2919933,40.206,0.0,0,0.0,100.0,-1,0.0,,,,,,873,1.12,0.0,0.0
2026-07-10T10:53:46.494596,Raspberry_Relieve1,25.652332916666666,-100.29199286666666,40.205,0.0,0,0.0,100.0,-1,0.0,,,,,,874,0.89,0.0,0.0
2026-07-10T10:53:47.494683,Raspberry_Relieve1,25.65233895,-100.29199103333333,40.205,0.0,0,0.0,100.0,-1,0.0,,,,,,874,0.95,0.0,0.0
2026-07-10T10:53:48.494765,Raspberry_Relieve1,25.65234445,-100.29198893333333,40.206,0.0,0,0.0,100.0,-1,0.0,,,,,,876,1.08,0.0,0.0
2026-07-10T10:53:49.494971,Raspberry_Relieve1,25.652347849999998,-100.29198783333334,40.206,0.0,0,0.0,100.0,-1,0.0,,,,,,877,0.97,0.0,0.0
2026-07-10T10:53:50.495004,Raspberry_Relieve1,25.652355683333333,-100.29198745,40.204,0.0,0,0.0,100.0,-1,0.0,,,,,,878,1.0,0.0,0.0
2026-07-10T10:53:51.495094,Raspberry_Relieve1,25.652366266666668,-100.29198553333333,40.206,0.0,0,0.0,100.0,-1,0.0,,,,,,879,0.96,0.0,0.0
2026-07-10T10:53:52.495168,Raspberry_Relieve1,25.652375233333334,-100.29198206666666,40.204,0.0,0,0.0,100.0,-1,0.0,,,,,,880,1.09,0.0,0.0
2026-07-10T10:53:53.495269,Raspberry_Relieve1,25.65238335,-100.29197558333334,40.206,0.0,0,0.0,100.0,-1,0.0,,,,,,881,0.94,0.0,0.0
2026-07-10T10:53:54.495340,Raspberry_Relieve1,25.6523909,-100.29196956666667,40.206,0.0,0,0.0,100.0,-1,0.0,,,,,,882,1.1,0.0,0.0
2026-07-10T10:53:55.495470,Raspberry_Relieve1,25.652396516666666,-100.29196453333333,40.205,0.0,0,0.0,100.0,-1,0.0,,,,,,883,0.92,0.0,0.0
2026-07-10T10:53:56.495583,Raspberry_Relieve1,25.652400766666666,-100.2919603,40.205,0.0,0,0.0,100.0,-1,0.0,,,,,,884,1.06,0.0,0.0
2026-07-10T10:53:57.495653,Raspberry_Relieve1,25.6524039,-100.29195588333333,40.207,0.0,0,0.0,100.0,-1,0.0,,,,,,885,0.98,0.0,0.0
2026-07-10T10:53:58.495731,Raspberry_Relieve1,25.652406083333332,-100.29195071666666,40.206,0.0,0,0.0,100.0,-1,0.0,,,,,,886,1.04,0.0,0.0
2026-07-10T10:53:59.495842,Raspberry_Relieve1,25.652405783333332,-100.29194631666667,40.205,0.0,0,0.0,100.0,-1,0.0,,,,,,886,0.86,0.0,0.0
2026-07-10T10:54:00.495915,Raspberry_Relieve1,25.65240545,-100.29194901666666,40.206,0.0,0,0.0,100.0,-1,0.0,,,,,,888,1.14,0.0,0.0
2026-07-10T10:54:01.496001,Raspberry_Relieve1,25.652403666666668,-100.29194831666666,40.206,0.0,0,0.0,100.0,-1,0.0,,,,,,889,0.9,0.0,0.0
2026-07-10T10:54:02.496131,Raspberry_Relieve1,25.6524025,-100.29194938333333,40.206,0.0,0,0.0,100.0,-1,0.0,,,,,,890,1.11,0.0,0.0
2026-07-10T10:54:03.496201,Raspberry_Relieve1,25.652402483333333,-100.29195083333333,40.206,0.0,0,0.0,100.0,-1,0.0,,,,,,891,0.94,0.0,0.0
2026-07-10T10:54:04.496278,Raspberry_Relieve1,25.652401283333333,-100.29194845,40.206,0.0,0,0.0,100.0,-1,0.0,,,,,,892,1.02,0.0,0.0
2026-07-10T10:54:05.496370,Raspberry_Relieve1,25.652399083333332,-100.29194803333333,40.205,0.0,0,0.0,100.0,-1,0.0,,,,,,893,0.95,0.0,0.0
2026-07-10T10:54:06.496451,Raspberry_Relieve1,25.6523973,-100.2919483,40.205,0.0,0,0.0,100.0,-1,0.0,,,,,,894,1.0,0.0,0.0
2026-07-10T10:54:07.496531,Raspberry_Relieve1,25.65239645,-100.291949,40.205,0.0,0,0.0,100.0,-1,0.0,,,,,,895,0.95,0.0,0.0
2026-07-10T10:54:08.496680,Raspberry_Relieve1,25.652400566666667,-100.29195015,40.206,0.0,0,0.0,100.0,-1,0.0,,,,,,896,1.09,0.0,0.0
2026-07-10T10:54:09.496736,Raspberry_Relieve1,25.65240575,-100.29195095,40.208,0.0,0,0.0,100.0,-1,0.0,,,,,,897,0.92,0.0,0.0
2026-07-10T10:54:10.496817,Raspberry_Relieve1,25.652411133333334,-100.29195808333333,40.206,0.0,0,0.0,100.0,-1,0.0,,,,,,898,1.08,0.0,0.0
2026-07-10T10:54:11.496901,Raspberry_Relieve1,25.652412116666667,-100.29196321666667,40.207,0.0,0,0.0,100.0,-1,0.0,,,,,,899,0.94,0.0,0.0
2026-07-10T10:54:12.496984,Raspberry_Relieve1,25.652419583333334,-100.29197146666667,40.207,0.0,0,0.0,100.0,-1,0.0,,,,,,900,1.0,0.0,0.0
2026-07-10T10:54:13.497072,Raspberry_Relieve1,25.652423333333335,-100.2919756,40.207,0.0,0,0.0,100.0,-1,0.0,,,,,,901,1.03,0.0,0.0
2026-07-10T10:54:14.497208,Raspberry_Relieve1,25.652432633333333,-100.29197786666667,40.205,0.0,0,0.0,100.0,-1,0.0,,,,,,902,1.14,0.0,0.0
2026-07-10T10:54:15.497284,Raspberry_Relieve1,25.652442683333334,-100.29197943333334,40.207,0.0,0,0.0,100.0,-1,0.0,,,,,,903,0.86,0.0,0.0
2026-07-10T10:54:16.497359,Raspberry_Relieve1,25.65245155,-100.29198066666666,40.206,0.0,0,0.0,100.0,-1,0.0,,,,,,904,1.06,0.0,0.0
2026-07-10T10:54:17.497447,Raspberry_Relieve1,25.652461083333332,-100.29198115,40.206,0.0,0,0.0,100.0,-1,0.0,,,,,,905,0.97,0.0,0.0
2026-07-10T10:54:18.497531,Raspberry_Relieve1,25.652475083333332,-100.29197676666666,40.205,0.0,0,0.0,100.0,-1,0.0,,,,,,906,1.03,0.0,0.0
2026-07-10T10:54:19.497610,Raspberry_Relieve1,25.652484933333334,-100.2919725,40.206,0.0,0,0.0,100.0,-1,0.0,,,,,,907,0.91,0.0,0.0
2026-07-10T10:54:20.497738,Raspberry_Relieve1,25.65249935,-100.29196691666667,40.204,0.0,0,0.0,100.0,-1,0.0,,,,,,908,1.12,0.0,0.0
2026-07-10T10:54:21.497855,Raspberry_Relieve1,25.652505783333332,-100.29196265,40.206,0.0,0,0.0,100.0,-1,0.0,,,,,,909,1.07,0.0,0.0
2026-07-10T10:54:22.497918,Raspberry_Relieve1,25.652507633333332,-100.29195706666667,40.206,0.0,0,0.0,100.0,-1,0.0,,,,,,910,0.92,0.0,0.0
2026-07-10T10:54:23.498018,Raspberry_Relieve1,25.65250848333333,-100.29195616666667,40.205,0.0,0,0.0,100.0,-1,0.0,,,,,,911,0.88,0.0,0.0
2026-07-10T10:54:24.498089,Raspberry_Relieve1,25.652510316666667,-100.2919556,40.205,0.0,0,0.0,100.0,-1,0.0,,,,,,912,1.0,0.0,0.0
2026-07-10T10:54:25.498167,Raspberry_Relieve1,25.652511116666666,-100.2919559,40.205,0.0,0,0.0,100.0,-1,0.0,,,,,,913,1.04,0.0,0.0
2026-07-10T10:54:26.498276,Raspberry_Relieve1,25.652515916666665,-100.29195493333333,40.206,0.0,0,0.0,100.0,-1,0.0,,,,,,914,1.03,0.0,0.0
2026-07-10T10:54:27.498395,Raspberry_Relieve1,25.652515883333333,-100.29195601666666,40.206,0.0,0,0.0,100.0,-1,0.0,,,,,,915,1.03,0.0,0.0
2026-07-10T10:54:28.498540,Raspberry_Relieve1,25.652524483333334,-100.29196166666667,40.206,0.0,0,0.0,100.0,-1,0.0,,,,,,916,0.99,0.0,0.0
2026-07-10T10:54:29.498708,Raspberry_Relieve1,25.6525336,-100.2919661,40.207,0.0,0,0.0,100.0,-1,0.0,,,,,,917,1.0,0.0,0.0
2026-07-10T10:54:30.498776,Raspberry_Relieve1,25.652543433333335,-100.29196585,40.206,0.0,0,0.0,100.0,-1,0.0,,,,,,918,1.02,0.0,0.0
2026-07-10T10:54:31.498850,Raspberry_Relieve1,25.65255348333333,-100.29196083333333,40.206,0.0,0,0.0,100.0,-1,0.0,,,,,,919,0.97,0.0,0.0
2026-07-10T10:54:32.498936,Raspberry_Relieve1,25.652563533333332,-100.29195211666666,40.205,0.0,0,0.0,100.0,-1,0.0,,,,,,920,0.95,0.0,0.0
2026-07-10T10:54:33.499021,Raspberry_Relieve1,25.65257245,-100.29194265,40.207,0.0,0,0.0,100.0,-1,0.0,,,,,,921,1.09,0.0,0.0
2026-07-10T10:54:34.499100,Raspberry_Relieve1,25.6525775,-100.29193365,40.204,0.0,0,0.0,100.0,-1,0.0,,,,,,922,0.91,0.0,0.0
2026-07-10T10:54:35.499266,Raspberry_Relieve1,25.65258121666667,-100.29192536666666,40.203,0.0,0,0.0,100.0,-1,0.0,,,,,,923,1.03,0.0,0.0
2026-07-10T10:54:36.499386,Raspberry_Relieve1,25.6525836,-100.29191723333334,40.206,0.0,0,0.0,100.0,-1,0.0,,,,,,924,1.0,0.0,0.0
2026-07-10T10:54:37.499497,Raspberry_Relieve1,25.652588233333333,-100.29191053333334,40.205,0.0,0,0.0,100.0,-1,0.0,,,,,,925,1.04,0.0,0.0
2026-07-10T10:54:38.499627,Raspberry_Relieve1,25.6525974,-100.29190648333334,40.204,0.0,0,0.0,100.0,-1,0.0,,,,,,926,0.95,0.0,0.0
2026-07-10T10:54:39.499750,Raspberry_Relieve1,25.652605966666666,-100.29190593333334,40.205,0.0,0,0.0,100.0,-1,0.0,,,,,,927,0.96,0.0,0.0
2026-07-10T10:54:40.499853,Raspberry_Relieve1,25.65260855,-100.29190205,40.207,0.0,0,0.0,100.0,-1,0.0,,,,,,928,1.08,0.0,0.0
2026-07-10T10:54:41.499926,Raspberry_Relieve1,25.65261195,-100.29190058333333,40.208,0.0,0,0.0,100.0,-1,0.0,,,,,,929,0.94,0.0,0.0
2026-07-10T10:54:42.500008,Raspberry_Relieve1,25.65261475,-100.29190083333333,40.206,0.0,0,0.0,100.0,-1,0.0,,,,,,930,1.15,0.0,0.0
2026-07-10T10:54:43.500082,Raspberry_Relieve1,25.652616566666666,-100.291902,40.205,0.0,0,0.0,100.0,-1,0.0,,,,,,931,0.89,0.0,0.0
2026-07-10T10:54:44.500166,Raspberry_Relieve1,25.652617366666668,-100.29190286666666,40.205,0.0,0,0.0,100.0,-1,0.0,,,,,,932,1.05,0.0,0.0
2026-07-10T10:54:45.500251,Raspberry_Relieve1,25.65261815,-100.2919027,40.204,0.0,0,0.0,100.0,-1,0.0,,,,,,933,0.98,0.0,0.0
2026-07-10T10:54:46.500383,Raspberry_Relieve1,25.652620633333335,-100.29190393333333,40.204,0.0,0,0.0,100.0,-1,0.0,,,,,,934,0.97,0.0,0.0
2026-07-10T10:54:47.500450,Raspberry_Relieve1,25.6526232,-100.29190548333334,40.205,0.0,0,0.0,100.0,-1,0.0,,,,,,935,1.08,0.0,0.0
2026-07-10T10:54:48.500531,Raspberry_Relieve1,25.6526252,-100.29191033333333,40.204,0.0,0,0.0,100.0,-1,0.0,,,,,,936,0.97,0.0,0.0
2026-07-10T10:54:49.500611,Raspberry_Relieve1,25.652627933333335,-100.29191693333334,40.204,0.0,0,0.0,100.0,-1,0.0,,,,,,937,0.92,0.0,0.0
2026-07-10T10:54:50.500695,Raspberry_Relieve1,25.652632933333333,-100.29192216666667,40.204,0.0,0,0.0,100.0,-1,0.0,,,,,,938,1.0,0.0,0.0
2026-07-10T10:54:51.500784,Raspberry_Relieve1,25.652636766666667,-100.29192618333333,40.204,0.0,0,0.0,100.0,-1,0.0,,,,,,939,1.01,0.0,0.0
2026-07-10T10:54:52.500921,Raspberry_Relieve1,25.652642416666666,-100.29192031666666,40.204,0.0,0,0.0,100.0,-1,0.0,,,,,,940,1.0,0.0,0.0
2026-07-10T10:54:53.501044,Raspberry_Relieve1,25.6526477,-100.29191241666666,40.206,0.0,0,0.0,100.0,-1,0.0,,,,,,941,1.03,0.0,0.0
2026-07-10T10:54:54.501149,Raspberry_Relieve1,25.652649716666666,-100.29190796666667,40.206,0.0,0,0.0,100.0,-1,0.0,,,,,,942,1.0,0.0,0.0
2026-07-10T10:54:55.501215,Raspberry_Relieve1,25.652650649999998,-100.29190511666667,40.205,0.0,0,0.0,100.0,-1,0.0,,,,,,943,0.96,0.0,0.0
2026-07-10T10:54:56.501301,Raspberry_Relieve1,25.652649716666666,-100.29190366666667,40.203,0.0,0,0.0,100.0,-1,0.0,,,,,,944,1.01,0.0,0.0
2026-07-10T10:54:57.501385,Raspberry_Relieve1,25.652646016666665,-100.29190283333334,40.204,0.0,0,0.0,100.0,-1,0.0,,,,,,945,0.95,0.0,0.0
2026-07-10T10:54:58.501466,Raspberry_Relieve1,25.652643133333335,-100.29190118333334,40.204,0.0,0,0.0,100.0,-1,0.0,,,,,,946,1.06,0.0,0.0
2026-07-10T10:54:59.501547,Raspberry_Relieve1,25.652641,-100.29190085,40.204,0.0,0,0.0,100.0,-1,0.0,,,,,,947,0.99,0.0,0.0
2026-07-10T10:55:00.501678,Raspberry_Relieve1,25.65264035,-100.29189913333333,40.205,0.0,0,0.0,100.0,-1,0.0,,,,,,948,1.01,0.0,0.0
2026-07-10T10:55:01.501743,Raspberry_Relieve1,25.65264015,-100.2918978,40.206,0.0,0,0.0,100.0,-1,0.0,,,,,,949,0.98,0.0,0.0
2026-07-10T10:55:02.501825,Raspberry_Relieve1,25.652640133333332,-100.29189723333333,40.203,0.0,0,0.0,100.0,-1,0.0,,,,,,950,1.05,0.0,0.0
2026-07-10T10:55:03.501905,Raspberry_Relieve1,25.65264015,-100.291897,40.204,0.0,0,0.0,100.0,-1,0.0,,,,,,951,0.94,0.0,0.0
2026-07-10T10:55:04.501985,Raspberry_Relieve1,25.652640166666668,-100.29189698333333,40.204,0.0,0,0.0,100.0,-1,0.0,,,,,,952,1.0,0.0,0.0
2026-07-10T10:55:05.502071,Raspberry_Relieve1,25.652640166666668,-100.29189706666666,40.203,0.0,0,0.0,100.0,-1,0.0,,,,,,953,0.97,0.0,0.0
2026-07-10T10:55:06.502195,Raspberry_Relieve1,25.652640183333332,-100.29189718333333,40.203,0.0,0,0.0,100.0,-1,0.0,,,,,,954,1.25,0.0,0.0
2026-07-10T10:55:07.502278,Raspberry_Relieve1,25.6526409,-100.29189903333334,40.204,0.0,0,0.0,100.0,-1,0.0,,,,,,955,0.74,0.0,0.0
2026-07-10T10:55:08.502370,Raspberry_Relieve1,25.6526416,-100.29190221666667,40.2,0.0,0,0.0,100.0,-1,0.0,,,,,,956,1.04,0.0,0.0
2026-07-10T10:55:09.502440,Raspberry_Relieve1,25.6526421,-100.29190598333334,40.202,0.0,0,0.0,100.0,-1,0.0,,,,,,957,0.98,0.0,0.0
2026-07-10T10:55:10.502522,Raspberry_Relieve1,25.652643333333334,-100.29190718333334,40.2,0.0,0,0.0,100.0,-1,0.0,,,,,,958,1.01,0.0,0.0
2026-07-10T10:55:11.502604,Raspberry_Relieve1,25.652644783333333,-100.29190746666667,40.201,0.0,0,0.0,100.0,-1,0.0,,,,,,959,0.96,0.0,0.0
2026-07-10T10:55:12.502729,Raspberry_Relieve1,25.652645333333332,-100.29190855,40.201,0.0,0,0.0,100.0,-1,0.0,,,,,,960,1.06,0.0,0.0
2026-07-10T10:55:13.502795,Raspberry_Relieve1,25.65264535,-100.29190936666667,40.202,0.0,0,0.0,100.0,-1,0.0,,,,,,961,1.0,0.0,0.0
2026-07-10T10:55:14.502880,Raspberry_Relieve1,25.65264345,-100.29191025,40.203,0.0,0,0.0,100.0,-1,0.0,,,,,,962,1.02,0.0,0.0
2026-07-10T10:55:15.502960,Raspberry_Relieve1,25.65264275,-100.29191321666667,40.202,0.0,0,0.0,100.0,-1,0.0,,,,,,963,1.0,0.0,0.0
2026-07-10T10:55:16.503037,Raspberry_Relieve1,25.65264133333333,-100.29191716666666,40.203,0.0,0,0.0,100.0,-1,0.0,,,,,,964,0.99,0.0,0.0
2026-07-10T10:55:17.503121,Raspberry_Relieve1,25.652640316666666,-100.29191936666666,40.204,0.0,0,0.0,100.0,-1,0.0,,,,,,965,1.04,0.0,0.0
2026-07-10T10:55:18.503240,Raspberry_Relieve1,25.652639566666668,-100.29192045,40.203,0.0,0,0.0,100.0,-1,0.0,,,,,,966,0.96,0.0,0.0
2026-07-10T10:55:19.503369,Raspberry_Relieve1,25.652639033333333,-100.29192148333334,40.205,0.0,0,0.0,100.0,-1,0.0,,,,,,967,0.95,0.0,0.0
2026-07-10T10:55:20.503436,Raspberry_Relieve1,25.652638783333334,-100.29192211666667,40.204,0.0,0,0.0,100.0,-1,0.0,,,,,,968,1.04,0.0,0.0
2026-07-10T10:55:21.503507,Raspberry_Relieve1,25.652638633333332,-100.29192253333333,40.203,0.0,0,0.0,100.0,-1,0.0,,,,,,969,0.95,0.0,0.0
2026-07-10T10:55:22.503592,Raspberry_Relieve1,25.652638566666667,-100.29192276666667,40.202,0.0,0,0.0,100.0,-1,0.0,,,,,,970,1.06,0.0,0.0
2026-07-10T10:55:23.503694,Raspberry_Relieve1,25.65263765,-100.29192348333333,40.202,0.0,0,0.0,100.0,-1,0.0,,,,,,971,0.95,0.0,0.0
2026-07-10T10:55:24.503758,Raspberry_Relieve1,25.65263775,-100.2919247,40.203,0.0,0,0.0,100.0,-1,0.0,,,,,,972,1.03,0.0,0.0
2026-07-10T10:55:25.503903,Raspberry_Relieve1,25.652638316666668,-100.29192521666667,40.201,0.0,0,0.0,100.0,-1,0.0,,,,,,973,1.02,0.0,0.0
2026-07-10T10:55:26.503974,Raspberry_Relieve1,25.652638466666666,-100.29192636666667,40.204,0.0,0,0.0,100.0,-1,0.0,,,,,,974,0.99,0.0,0.0
2026-07-10T10:55:27.504052,Raspberry_Relieve1,25.6526378,-100.2919255,40.203,0.0,0,0.0,100.0,-1,0.0,,,,,,975,1.0,0.0,0.0
2026-07-10T10:55:28.504143,Raspberry_Relieve1,25.652636933333334,-100.29192523333333,40.202,0.0,0,0.0,100.0,-1,0.0,,,,,,976,1.02,0.0,0.0
2026-07-10T10:55:29.504233,Raspberry_Relieve1,25.6526358,-100.291926,40.202,0.0,0,0.0,100.0,-1,0.0,,,,,,977,0.99,0.0,0.0
2026-07-10T10:55:30.504319,Raspberry_Relieve1,25.652635033333333,-100.29192668333333,40.203,0.0,0,0.0,100.0,-1,0.0,,,,,,978,1.02,0.0,0.0
2026-07-10T10:55:31.504476,Raspberry_Relieve1,25.652634783333333,-100.2919272,40.205,0.0,0,0.0,100.0,-1,0.0,,,,,,979,0.99,0.0,0.0
2026-07-10T10:55:32.504549,Raspberry_Relieve1,25.652634533333334,-100.29192748333334,40.205,0.0,0,0.0,100.0,-1,0.0,,,,,,980,1.01,0.0,0.0
2026-07-10T10:55:33.504630,Raspberry_Relieve1,25.652634016666667,-100.2919275,40.204,0.0,0,0.0,100.0,-1,0.0,,,,,,981,0.95,0.0,0.0
2026-07-10T10:55:34.504716,Raspberry_Relieve1,25.652633266666665,-100.29192755,40.203,0.0,0,0.0,100.0,-1,0.0,,,,,,982,1.05,0.0,0.0
2026-07-10T10:55:35.504803,Raspberry_Relieve1,25.652632433333334,-100.29192751666666,40.204,0.0,0,0.0,100.0,-1,0.0,,,,,,983,1.03,0.0,0.0
2026-07-10T10:55:36.504881,Raspberry_Relieve1,25.652631883333335,-100.29192765,40.203,0.0,0,0.0,100.0,-1,0.0,,,,,,984,0.95,0.0,0.0
2026-07-10T10:55:37.505026,Raspberry_Relieve1,25.652631416666665,-100.29192781666667,40.203,0.0,0,0.0,100.0,-1,0.0,,,,,,985,0.96,0.0,0.0
2026-07-10T10:55:38.505103,Raspberry_Relieve1,25.652631166666666,-100.2919279,40.203,0.0,0,0.0,100.0,-1,0.0,,,,,,986,1.02,0.0,0.0
2026-07-10T10:55:39.505178,Raspberry_Relieve1,25.652631016666668,-100.29192796666666,40.203,0.0,0,0.0,100.0,-1,0.0,,,,,,987,1.02,0.0,0.0
2026-07-10T10:55:40.505259,Raspberry_Relieve1,25.652630933333334,-100.29192801666667,40.202,0.0,0,0.0,100.0,-1,0.0,,,,,,988,0.96,0.0,0.0
2026-07-10T10:55:41.505352,Raspberry_Relieve1,25.65263085,-100.29192803333333,40.201,0.0,0,0.0,100.0,-1,0.0,,,,,,989,0.99,0.0,0.0
2026-07-10T10:55:42.505428,Raspberry_Relieve1,25.6526308,-100.29192806666667,40.202,0.0,0,0.0,100.0,-1,0.0,,,,,,990,1.03,0.0,0.0
2026-07-10T10:55:43.505561,Raspberry_Relieve1,25.652630766666668,-100.29192806666667,40.202,0.0,0,0.0,100.0,-1,0.0,,,,,,991,1.03,0.0,0.0
2026-07-10T10:55:44.505628,Raspberry_Relieve1,25.652630733333332,-100.29192808333333,40.204,0.0,0,0.0,100.0,-1,0.0,,,,,,992,0.97,0.0,0.0
2026-07-10T10:55:45.505704,Raspberry_Relieve1,25.652630716666668,-100.29192811666667,40.201,0.0,0,0.0,100.0,-1,0.0,,,,,,992,0.95,0.0,0.0
2026-07-10T10:55:46.505788,Raspberry_Relieve1,25.652630716666668,-100.29192815,40.2,0.0,0,0.0,100.0,-1,0.0,,,,,,994,1.01,0.0,0.0
2026-07-10T10:55:47.505873,Raspberry_Relieve1,25.652630733333332,-100.29192818333334,40.202,0.0,0,0.0,100.0,-1,0.0,,,,,,994,0.97,0.0,0.0
2026-07-10T10:55:48.505953,Raspberry_Relieve1,25.652630733333332,-100.29192821666666,40.201,0.0,0,0.0,100.0,-1,0.0,,,,,,996,1.03,0.0,0.0
2026-07-10T10:55:49.506132,Raspberry_Relieve1,25.652630966666667,-100.29192765,40.202,0.0,0,0.0,100.0,-1,0.0,,,,,,997,1.06,0.0,0.0
2026-07-10T10:55:50.506186,Raspberry_Relieve1,25.652631283333335,-100.29192676666666,40.201,0.0,0,0.0,100.0,-1,0.0,,,,,,998,1.04,0.0,0.0
2026-07-10T10:55:51.506262,Raspberry_Relieve1,25.6526317,-100.29192563333334,40.202,0.0,0,0.0,100.0,-1,0.0,,,,,,999,1.01,0.0,0.0
2026-07-10T10:55:52.506346,Raspberry_Relieve1,25.65263195,-100.29192503333333,40.202,0.0,0,0.0,100.0,-1,0.0,,,,,,1000,0.91,0.0,0.0
2026-07-10T10:55:53.506444,Raspberry_Relieve1,25.652632066666666,-100.29192471666667,40.202,0.0,0,0.0,100.0,-1,0.0,,,,,,1001,1.01,0.0,0.0
2026-07-10T10:55:54.506509,Raspberry_Relieve1,25.6526308,-100.29192533333334,40.2,0.0,0,0.0,100.0,-1,0.0,,,,,,1002,0.97,0.0,0.0
2026-07-10T10:55:55.506650,Raspberry_Relieve1,25.652629816666668,-100.29192695,40.201,0.0,0,0.0,100.0,-1,0.0,,,,,,1003,1.06,0.0,0.0
2026-07-10T10:55:56.506773,Raspberry_Relieve1,25.652629816666668,-100.29192615,40.203,0.0,0,0.0,100.0,-1,0.0,,,,,,1004,0.93,0.0,0.0
2026-07-10T10:55:57.506884,Raspberry_Relieve1,25.65263025,-100.29192608333334,40.2,0.0,0,0.0,100.0,-1,0.0,,,,,,1005,1.05,0.0,0.0
2026-07-10T10:55:58.506960,Raspberry_Relieve1,25.652630433333332,-100.29192726666666,40.201,0.0,0,0.0,100.0,-1,0.0,,,,,,1006,1.31,0.0,0.0
2026-07-10T10:55:59.507071,Raspberry_Relieve1,25.652632183333335,-100.29192651666666,40.199,0.0,0,0.0,100.0,-1,0.0,,,,,,1007,0.68,0.0,0.0
2026-07-10T10:56:00.507138,Raspberry_Relieve1,25.652633483333332,-100.2919254,40.198,0.0,0,0.0,100.0,-1,0.0,,,,,,1007,0.94,0.0,0.0
2026-07-10T10:56:01.507213,Raspberry_Relieve1,25.652633633333334,-100.29192526666667,40.199,0.0,0,0.0,100.0,-1,0.0,,,,,,1009,1.04,0.0,0.0
2026-07-10T10:56:02.507295,Raspberry_Relieve1,25.652634966666668,-100.29192581666666,40.198,0.0,0,0.0,100.0,-1,0.0,,,,,,1009,0.95,0.0,0.0
2026-07-10T10:56:03.507406,Raspberry_Relieve1,25.652635633333333,-100.29192706666667,40.199,0.0,0,0.0,100.0,-1,0.0,,,,,,1011,1.02,0.0,0.0
2026-07-10T10:56:04.507541,Raspberry_Relieve1,25.6526403,-100.29192915,40.201,0.0,0,0.0,100.0,-1,0.0,,,,,,1012,1.06,0.0,0.0
2026-07-10T10:56:05.507610,Raspberry_Relieve1,25.652640033333334,-100.2919299,40.199,0.0,0,0.0,100.0,-1,0.0,,,,,,1013,0.95,0.0,0.0
2026-07-10T10:56:06.507681,Raspberry_Relieve1,25.6526404,-100.29193103333333,40.199,0.0,0,0.0,100.0,-1,0.0,,,,,,1014,1.01,0.0,0.0
2026-07-10T10:56:07.507760,Raspberry_Relieve1,25.652637866666666,-100.29193823333334,40.202,0.0,0,0.0,100.0,-1,0.0,,,,,,1015,1.03,0.0,0.0
2026-07-10T10:56:08.507861,Raspberry_Relieve1,25.652638333333332,-100.29194431666667,40.201,0.0,0,0.0,100.0,-1,0.0,,,,,,1016,0.99,0.0,0.0
2026-07-10T10:56:09.507923,Raspberry_Relieve1,25.65263746666667,-100.29193593333333,40.2,0.0,0,0.0,100.0,-1,0.0,,,,,,1017,0.99,0.0,0.0
2026-07-10T10:56:10.508053,Raspberry_Relieve1,25.6526364,-100.29193081666666,40.2,0.0,0,0.0,100.0,-1,0.0,,,,,,1018,0.99,0.0,0.0
2026-07-10T10:56:11.508132,Raspberry_Relieve1,25.65263505,-100.29193018333333,40.201,0.0,0,0.0,100.0,-1,0.0,,,,,,1019,1.06,0.0,0.0
2026-07-10T10:56:12.508196,Raspberry_Relieve1,25.652634283333335,-100.2919301,40.2,0.0,0,0.0,100.0,-1,0.0,,,,,,1020,0.93,0.0,0.0
2026-07-10T10:56:13.508286,Raspberry_Relieve1,25.6526332,-100.29193256666667,40.199,0.0,0,0.0,100.0,-1,0.0,,,,,,1022,2.26,0.0,0.0
2026-07-10T10:56:15.352257,Raspberry_Relieve1,25.65263,-100.29193836666667,40.201,0.0,0,0.0,100.0,-1,0.0,,,,,,1022,0.64,0.0,0.0
2026-07-10T10:56:16.352431,Raspberry_Relieve1,25.6526289,-100.29194083333333,40.2,0.0,0,0.0,100.0,-1,0.0,,,,,,1023,1.01,0.0,0.0
2026-07-10T10:56:17.352507,Raspberry_Relieve1,25.65262745,-100.29193961666667,40.199,0.0,0,0.0,100.0,-1,0.0,,,,,,1024,0.94,0.0,0.0
2026-07-10T10:56:18.352609,Raspberry_Relieve1,25.652626716666667,-100.291939,38.622,8.266,319,319.25,100.0,-1,0.0,,,,,,1025,1.01,0.044992,0.044992
2026-07-10T10:56:19.352690,Raspberry_Relieve1,25.652622216666668,-100.29194068333334,38.622,8.266,319,319.25,100.0,-1,0.0,,,,,,1026,1.07,0.094702,0.139694
2026-07-10T10:56:20.352772,Raspberry_Relieve1,25.652620283333334,-100.29194223333333,40.188,0.0,0,319.25,100.0,-1,0.0,,,,,,1027,0.98,0.086913,0.226607
2026-07-10T10:56:21.352850,Raspberry_Relieve1,25.652619316666666,-100.291943,39.822,1.588,63,63.24,100.0,-1,0.0,,,,,,1028,1.04,0.05499,0.281598
2026-07-10T10:56:22.353025,Raspberry_Relieve1,25.652618816666667,-100.29194393333333,39.026,10.667,416,416.29,100.0,-1,0.0,,,,,,1029,0.96,0.064223,0.345821
2026-07-10T10:56:23.353096,Raspberry_Relieve1,25.652618733333334,-100.29194456666667,38.897,9.858,383,383.45,100.0,-1,0.0,,,,,,1030,0.98,0.109298,0.455119
2026-07-10T10:56:24.353184,Raspberry_Relieve1,25.652627716666668,-100.29194823333333,40.124,2.229,89,89.44,100.0,-1,0.0,,,,,,1031,0.97,0.063544,0.518662
2026-07-10T10:56:25.353265,Raspberry_Relieve1,25.652638883333335,-100.29195625,39.364,5.69,224,223.98,100.0,-1,0.0,,,,,,1032,0.99,0.043066,0.561728
2026-07-10T10:56:26.353341,Raspberry_Relieve1,25.652650883333333,-100.29196865,40.121,1.832,73,73.5,100.0,-1,0.0,,,,,,1033,1.0,0.041449,0.603177
2026-07-10T10:56:27.353417,Raspberry_Relieve1,25.652663366666665,-100.29198548333333,40.133,0.0,0,73.5,100.0,-1,0.0,,,,,,1034,1.03,0.020974,0.624152
2026-07-10T10:56:28.353538,Raspberry_Relieve1,25.652688316666666,-100.29198565,40.137,0.0,0,73.5,100.0,-1,0.0,,,,,,1035,1.06,0.02164,0.645791
2026-07-10T10:56:29.353617,Raspberry_Relieve1,25.652715316666665,-100.2919803,40.143,0.0,0,73.5,100.0,-1,0.0,,,,,,1036,0.93,0.018928,0.66472
2026-07-10T10:56:30.353682,Raspberry_Relieve1,25.652740633333334,-100.2919697,40.145,0.0,0,73.5,100.0,-1,0.0,,,,,,1037,1.0,0.020402,0.685122
2026-07-10T10:56:31.353761,Raspberry_Relieve1,25.652768266666666,-100.29195936666666,39.48,6.392,252,252.36,100.0,-1,0.0,,,,,,1038,1.01,0.045798,0.730919
2026-07-10T10:56:32.353844,Raspberry_Relieve1,25.652792033333334,-100.29194998333334,40.077,7.674,308,307.55,100.0,-1,0.0,,,,,,1039,1.0,0.077471,0.80839
2026-07-10T10:56:33.353926,Raspberry_Relieve1,25.652805883333333,-100.29194361666667,40.112,0.432,17,17.33,100.0,-1,0.0,,,,,,1040,1.05,0.047544,0.855934
2026-07-10T10:56:34.354053,Raspberry_Relieve1,25.652827416666668,-100.29193863333333,38.309,7.746,297,296.74,100.0,-1,0.0,,,,,,1041,0.94,0.041136,0.89707
2026-07-10T10:56:35.354203,Raspberry_Relieve1,25.652855416666668,-100.29193393333334,37.796,18.405,696,695.64,100.0,-1,0.0,,,,,,1042,1.04,0.142697,1.039768
2026-07-10T10:56:36.354266,Raspberry_Relieve1,25.6528903,-100.29193613333334,37.773,19.0,718,717.69,100.0,-1,0.0,,,,,,1043,0.93,0.181944,1.221712
2026-07-10T10:56:37.354355,Raspberry_Relieve1,25.652932533333335,-100.2919406,40.034,1.948,78,77.99,100.0,-1,0.0,,,,,,1044,1.07,0.118133,1.339845
2026-07-10T10:56:38.354435,Raspberry_Relieve1,25.652973166666666,-100.29194256666666,40.053,0.0,0,77.99,100.0,-1,0.0,,,,,,1046,1.6,0.034575,1.374419
2026-07-10T10:56:39.476445,Raspberry_Relieve1,25.653011966666668,-100.29194188333334,40.066,0.0,0,77.99,100.0,-1,0.0,,,,,,1047,0.51,0.011147,1.385566
2026-07-10T10:56:40.476526,Raspberry_Relieve1,25.653042566666667,-100.29194111666666,40.074,0.0,0,77.99,100.0,-1,0.0,,,,,,1048,1.01,0.021807,1.407373
2026-07-10T10:56:41.476651,Raspberry_Relieve1,25.653071266666668,-100.29194336666667,37.774,17.202,650,649.79,100.0,-1,0.0,,,,,,1049,0.97,0.098029,1.505402
2026-07-10T10:56:42.476748,Raspberry_Relieve1,25.653107016666667,-100.29195093333334,37.734,18.98,716,716.19,100.0,-1,0.0,,,,,,1050,1.0,0.19056,1.695962
2026-07-10T10:56:43.476905,Raspberry_Relieve1,25.6531499,-100.2919576,37.706,19.068,719,718.98,100.0,-1,0.0,,,,,,1051,1.02,0.203144,1.899106
2026-07-10T10:56:44.476986,Raspberry_Relieve1,25.6531978,-100.29195946666667,39.974,2.099,84,83.91,100.0,-1,0.0,,,,,,1052,1.01,0.112266,2.011373
2026-07-10T10:56:45.477066,Raspberry_Relieve1,25.65324701666667,-100.29196086666667,39.998,0.0,0,83.91,100.0,-1,0.0,,,,,,1053,1.0,0.023379,2.034751
2026-07-10T10:56:46.477146,Raspberry_Relieve1,25.65332391666667,-100.29195486666667,38.508,7.881,303,303.48,100.0,-1,0.0,,,,,,1053,0.95,0.051077,2.085829
2026-07-10T10:56:47.477230,Raspberry_Relieve1,25.653385,-100.29195723333333,37.87,9.481,359,359.05,100.0,-1,0.0,,,,,,1055,1.1,0.101517,2.187345
2026-07-10T10:56:48.477367,Raspberry_Relieve1,25.653435866666666,-100.29196045,38.71,14.067,545,544.53,100.0,-1,0.0,,,,,,1056,1.01,0.126425,2.31377
2026-07-10T10:56:49.477435,Raspberry_Relieve1,25.653511483333332,-100.29194643333334,40.014,0.735,29,29.41,100.0,-1,0.0,,,,,,1057,0.95,0.075387,2.389157
2026-07-10T10:56:50.477510,Raspberry_Relieve1,25.653546483333333,-100.29195855,39.97,2.854,114,114.07,100.0,-1,0.0,,,,,,1058,0.98,0.019548,2.408705
2026-07-10T10:56:51.477590,Raspberry_Relieve1,25.653586699999998,-100.29195565,39.989,0.14,6,5.6,100.0,-1,0.0,,,,,,1059,1.02,0.016899,2.425604
2026-07-10T10:56:52.477671,Raspberry_Relieve1,25.653625883333333,-100.29195598333334,40.539,-4.013,-163,-162.68,100.0,14400,0.001,,,,,,1060,1.01,-0.021978,2.403626
2026-07-10T10:56:53.477771,Raspberry_Relieve1,25.653676216666668,-100.29194056666667,40.02,-0.763,-31,-30.54,100.0,6929,0.001,,,,,,1060,0.95,-0.025385,2.378241
2026-07-10T10:56:54.477881,Raspberry_Relieve1,25.653711516666668,-100.29193593333333,40.025,0.0,0,0.0,100.0,6773,0.001,,,,,,1062,1.04,-0.004422,2.373819
2026-07-10T10:56:55.477996,Raspberry_Relieve1,25.65375098333333,-100.2919342,40.028,0.0,0,0.0,100.0,-1,0.001,,,,,,1063,0.99,0.0,2.373819
2026-07-10T10:56:56.478094,Raspberry_Relieve1,25.6537522,-100.291952,40.033,0.0,0,0.0,100.0,-1,0.001,,,,,,1064,1.01,0.0,2.373819
2026-07-10T10:56:57.478196,Raspberry_Relieve1,25.65378875,-100.29191523333333,40.037,0.0,0,0.0,100.0,-1,0.001,,,,,,1065,0.96,0.0,2.373819
2026-07-10T10:56:58.478313,Raspberry_Relieve1,25.653794433333335,-100.29187776666667,40.042,0.0,0,0.0,100.0,-1,0.001,,,,,,1066,1.0,0.0,2.373819
2026-07-10T10:56:59.478374,Raspberry_Relieve1,25.65381165,-100.2918592,40.046,0.0,0,0.0,100.0,-1,0.001,,,,,,1066,0.98,0.0,2.373819
2026-07-10T10:57:00.478457,Raspberry_Relieve1,25.65381118333333,-100.29182611666667,40.048,0.0,0,0.0,100.0,-1,0.001,,,,,,1068,1.05,0.0,2.373819
2026-07-10T10:57:01.478531,Raspberry_Relieve1,25.653812866666666,-100.29179775,40.053,0.0,0,0.0,100.0,-1,0.001,,,,,,1070,2.1,0.0,2.373819
2026-07-10T10:57:03.170937,Raspberry_Relieve1,25.653823383333332,-100.29174575,40.059,0.0,0,0.0,100.0,-1,0.001,,,,,,1070,0.56,0.0,2.373819
2026-07-10T10:57:04.171058,Raspberry_Relieve1,25.653823583333335,-100.29172538333333,40.059,0.0,0,0.0,100.0,-1,0.001,,,,,,1071,1.05,0.0,2.373819
2026-07-10T10:57:05.171135,Raspberry_Relieve1,25.653824116666666,-100.2917064,40.169,-0.942,-38,-37.84,100.0,14400,0.002,,,,,,1072,0.99,-0.005212,2.368607
2026-07-10T10:57:06.171229,Raspberry_Relieve1,25.653825366666666,-100.2916982,40.169,-0.942,-38,-37.84,100.0,14400,0.002,,,,,,1073,1.0,-0.010468,2.358139
2026-07-10T10:57:07.171308,Raspberry_Relieve1,25.6538313,-100.29169216666666,40.068,-0.149,-6,-5.97,100.0,14400,0.002,,,,,,1074,0.95,-0.005796,2.352343
2026-07-10T10:57:08.171393,Raspberry_Relieve1,25.653837833333334,-100.29168633333333,40.071,0.0,0,0.0,100.0,-1,0.002,,,,,,1075,1.03,-0.000854,2.35149
2026-07-10T10:57:09.171480,Raspberry_Relieve1,25.653841616666668,-100.29168021666666,40.074,0.0,0,0.0,100.0,-1,0.002,,,,,,1076,1.01,0.0,2.35149
2026-07-10T10:57:10.171617,Raspberry_Relieve1,25.653842683333334,-100.29168225,40.076,0.0,0,0.0,100.0,-1,0.002,,,,,,1077,1.0,0.0,2.35149
2026-07-10T10:57:11.171704,Raspberry_Relieve1,25.653843866666666,-100.29168513333333,40.077,0.0,0,0.0,100.0,-1,0.002,,,,,,1078,0.95,0.0,2.35149
2026-07-10T10:57:12.171781,Raspberry_Relieve1,25.653840733333332,-100.29168421666667,40.079,0.0,0,0.0,100.0,-1,0.002,,,,,,1079,1.03,0.0,2.35149
2026-07-10T10:57:13.171866,Raspberry_Relieve1,25.653838433333334,-100.29168048333334,40.08,0.0,0,0.0,100.0,-1,0.002,,,,,,1080,0.97,0.0,2.35149
2026-07-10T10:57:14.171948,Raspberry_Relieve1,25.65383615,-100.2916801,40.083,0.0,0,0.0,100.0,-1,0.002,,,,,,1081,1.0,0.0,2.35149
2026-07-10T10:57:15.172036,Raspberry_Relieve1,25.6538336,-100.29168133333333,40.084,0.0,0,0.0,100.0,-1,0.002,,,,,,1082,1.04,0.0,2.35149
2026-07-10T10:57:16.172162,Raspberry_Relieve1,25.65383335,-100.29168071666666,40.084,0.0,0,0.0,100.0,-1,0.002,,,,,,1083,1.06,0.0,2.35149
2026-07-10T10:57:17.172331,Raspberry_Relieve1,25.653832933333334,-100.29167578333333,40.087,0.0,0,0.0,100.0,-1,0.002,,,,,,1084,0.96,0.0,2.35149
2026-07-10T10:57:18.172414,Raspberry_Relieve1,25.65383135,-100.29166948333334,40.087,0.0,0,0.0,100.0,-1,0.002,,,,,,1085,0.99,0.0,2.35149
2026-07-10T10:57:19.172505,Raspberry_Relieve1,25.653831816666667,-100.29166575,40.09,0.0,0,0.0,100.0,-1,0.002,,,,,,1086,1.04,0.0,2.35149
2026-07-10T10:57:20.172592,Raspberry_Relieve1,25.653832366666666,-100.29166375,40.092,0.0,0,0.0,100.0,-1,0.002,,,,,,1087,0.92,0.0,2.35149
2026-07-10T10:57:21.172676,Raspberry_Relieve1,25.6538327,-100.29166265,40.093,0.0,0,0.0,100.0,-1,0.002,,,,,,1088,1.0,0.0,2.35149
2026-07-10T10:57:22.172809,Raspberry_Relieve1,25.653833033333335,-100.29166221666667,40.095,0.0,0,0.0,100.0,-1,0.002,,,,,,1089,1.06,0.0,2.35149
2026-07-10T10:57:23.172885,Raspberry_Relieve1,25.653833166666665,-100.29166191666667,40.096,0.0,0,0.0,100.0,-1,0.002,,,,,,1090,0.94,0.0,2.35149
2026-07-10T10:57:24.172968,Raspberry_Relieve1,25.653833166666665,-100.29166173333333,40.096,0.0,0,0.0,100.0,-1,0.002,,,,,,1091,1.04,0.0,2.35149
2026-07-10T10:57:25.173056,Raspberry_Relieve1,25.6538331,-100.29166161666667,40.098,0.0,0,0.0,100.0,-1,0.002,,,,,,1092,0.96,0.0,2.35149
2026-07-10T10:57:26.173141,Raspberry_Relieve1,25.6538331,-100.29166158333334,40.1,0.0,0,0.0,100.0,-1,0.002,,,,,,1093,1.07,0.0,2.35149
2026-07-10T10:57:27.173227,Raspberry_Relieve1,25.65383305,-100.29166155,40.099,0.0,0,0.0,100.0,-1,0.002,,,,,,1094,0.97,0.0,2.35149
2026-07-10T10:57:28.173353,Raspberry_Relieve1,25.65383305,-100.29166158333334,40.1,0.0,0,0.0,100.0,-1,0.002,,,,,,1095,1.02,0.0,2.35149
2026-07-10T10:57:29.173458,Raspberry_Relieve1,25.653832966666666,-100.2916616,40.101,0.0,0,0.0,100.0,-1,0.002,,,,,,1096,0.99,0.0,2.35149
2026-07-10T10:57:30.173539,Raspberry_Relieve1,25.653832866666665,-100.2916616,40.104,0.0,0,0.0,100.0,-1,0.002,,,,,,1097,0.97,0.0,2.35149
2026-07-10T10:57:31.173630,Raspberry_Relieve1,25.653832766666667,-100.2916616,40.104,0.0,0,0.0,100.0,-1,0.002,,,,,,1098,1.02,0.0,2.35149
2026-07-10T10:57:32.173714,Raspberry_Relieve1,25.6538327,-100.29166158333334,40.105,0.0,0,0.0,100.0,-1,0.002,,,,,,1099,0.99,0.0,2.35149
2026-07-10T10:57:33.173794,Raspberry_Relieve1,25.653833533333334,-100.29165918333334,40.106,0.0,0,0.0,100.0,-1,0.002,,,,,,1100,1.04,0.0,2.35149
2026-07-10T10:57:34.173886,Raspberry_Relieve1,25.653829966666667,-100.2916524,40.107,0.0,0,0.0,100.0,-1,0.002,,,,,,1101,0.98,0.0,2.35149
2026-07-10T10:57:35.174006,Raspberry_Relieve1,25.653824,-100.29164963333334,40.108,0.0,0,0.0,100.0,-1,0.002,,,,,,1102,1.0,0.0,2.35149
2026-07-10T10:57:36.174074,Raspberry_Relieve1,25.653816916666667,-100.29164771666666,40.108,0.0,0,0.0,100.0,-1,0.002,,,,,,1103,0.99,0.0,2.35149
2026-07-10T10:57:37.174154,Raspberry_Relieve1,25.653810583333332,-100.29164628333334,40.109,0.0,0,0.0,100.0,-1,0.002,,,,,,1104,1.0,0.0,2.35149
2026-07-10T10:57:38.174256,Raspberry_Relieve1,25.653805966666667,-100.29164461666667,40.109,0.0,0,0.0,100.0,-1,0.002,,,,,,1105,1.01,0.0,2.35149
2026-07-10T10:57:39.174318,Raspberry_Relieve1,25.653803483333334,-100.29164476666666,40.109,0.0,0,0.0,100.0,-1,0.002,,,,,,1106,0.97,0.0,2.35149
2026-07-10T10:57:40.174404,Raspberry_Relieve1,25.65380205,-100.29164606666667,40.111,0.0,0,0.0,100.0,-1,0.002,,,,,,1107,1.02,0.0,2.35149
2026-07-10T10:57:41.174524,Raspberry_Relieve1,25.65379955,-100.29164695,40.112,0.0,0,0.0,100.0,-1,0.002,,,,,,1108,1.05,0.0,2.35149
2026-07-10T10:57:42.174598,Raspberry_Relieve1,25.653798366666667,-100.29164878333333,40.112,0.0,0,0.0,100.0,-1,0.002,,,,,,1109,0.96,0.0,2.35149
2026-07-10T10:57:43.174679,Raspberry_Relieve1,25.653799166666666,-100.29164756666667,40.112,0.0,0,0.0,100.0,-1,0.002,,,,,,1110,0.94,0.0,2.35149
2026-07-10T10:57:44.174766,Raspberry_Relieve1,25.653799133333333,-100.29163891666667,40.113,0.0,0,0.0,100.0,-1,0.002,,,,,,1111,1.1,0.0,2.35149
2026-07-10T10:57:45.174845,Raspberry_Relieve1,25.6537978,-100.29163161666666,40.116,0.0,0,0.0,100.0,-1,0.002,,,,,,1112,0.96,0.0,2.35149
2026-07-10T10:57:46.174934,Raspberry_Relieve1,25.65379765,-100.29162788333333,40.115,0.0,0,0.0,100.0,-1,0.002,,,,,,1113,0.95,0.0,2.35149
2026-07-10T10:57:47.175076,Raspberry_Relieve1,25.65379805,-100.29162641666667,40.115,0.0,0,0.0,100.0,-1,0.002,,,,,,1114,1.03,0.0,2.35149
2026-07-10T10:57:48.175153,Raspberry_Relieve1,25.653798533333333,-100.29162696666667,40.116,0.0,0,0.0,100.0,-1,0.002,,,,,,1115,0.98,0.0,2.35149
2026-07-10T10:57:49.175238,Raspberry_Relieve1,25.653798600000002,-100.29162846666667,40.118,0.0,0,0.0,100.0,-1,0.002,,,,,,1116,1.01,0.0,2.35149
2026-07-10T10:57:50.175325,Raspberry_Relieve1,25.653799783333334,-100.29162851666666,40.117,0.0,0,0.0,100.0,-1,0.002,,,,,,1117,0.99,0.0,2.35149
2026-07-10T10:57:51.175416,Raspberry_Relieve1,25.6537999,-100.2916271,40.12,0.0,0,0.0,100.0,-1,0.002,,,,,,1118,1.03,0.0,2.35149
2026-07-10T10:57:52.175498,Raspberry_Relieve1,25.653800833333335,-100.29162651666667,40.119,0.0,0,0.0,100.0,-1,0.002,,,,,,1119,0.98,0.0,2.35149
2026-07-10T10:57:53.175612,Raspberry_Relieve1,25.65379925,-100.2916242,40.118,0.0,0,0.0,100.0,-1,0.002,,,,,,1120,1.07,0.0,2.35149
2026-07-10T10:57:54.175710,Raspberry_Relieve1,25.653804083333334,-100.29161563333334,40.12,0.0,0,0.0,100.0,-1,0.002,,,,,,1121,0.95,0.0,2.35149
2026-07-10T10:57:55.175797,Raspberry_Relieve1,25.65380815,-100.2916118,40.12,0.0,0,0.0,100.0,-1,0.002,,,,,,1122,1.02,0.0,2.35149
2026-07-10T10:57:56.175883,Raspberry_Relieve1,25.653808966666666,-100.29161091666667,40.119,0.0,0,0.0,100.0,-1,0.002,,,,,,1123,0.95,0.0,2.35149
2026-07-10T10:57:57.175971,Raspberry_Relieve1,25.653809366666668,-100.29161133333334,40.119,0.0,0,0.0,100.0,-1,0.002,,,,,,1124,1.1,0.0,2.35149
2026-07-10T10:57:58.176055,Raspberry_Relieve1,25.653816133333333,-100.2916099,40.12,0.0,0,0.0,100.0,-1,0.002,,,,,,1125,0.89,0.0,2.35149
2026-07-10T10:57:59.176142,Raspberry_Relieve1,25.653823733333333,-100.2916082,40.121,0.0,0,0.0,100.0,-1,0.002,,,,,,1126,1.06,0.0,2.35149
2026-07-10T10:58:00.176329,Raspberry_Relieve1,25.6538422,-100.29160268333334,40.121,0.0,0,0.0,100.0,-1,0.002,,,,,,1127,0.98,0.0,2.35149
2026-07-10T10:58:01.176374,Raspberry_Relieve1,25.653851716666665,-100.29159711666667,40.122,0.0,0,0.0,100.0,-1,0.002,,,,,,1128,1.06,0.0,2.35149
2026-07-10T10:58:02.176466,Raspberry_Relieve1,25.653855749999998,-100.29159233333333,40.121,0.0,0,0.0,100.0,-1,0.002,,,,,,1129,0.89,0.0,2.35149
2026-07-10T10:58:03.176547,Raspberry_Relieve1,25.653856583333333,-100.29158923333334,40.122,0.0,0,0.0,100.0,-1,0.002,,,,,,1130,1.07,0.0,2.35149
2026-07-10T10:58:04.176635,Raspberry_Relieve1,25.653855833333335,-100.29158748333333,40.121,0.0,0,0.0,100.0,-1,0.002,,,,,,1131,0.98,0.0,2.35149
2026-07-10T10:58:05.176721,Raspberry_Relieve1,25.653854966666668,-100.2915872,40.123,0.0,0,0.0,100.0,-1,0.002,,,,,,1132,1.0,0.0,2.35149
2026-07-10T10:58:06.176813,Raspberry_Relieve1,25.653854016666667,-100.29158788333334,40.124,0.0,0,0.0,100.0,-1,0.002,,,,,,1133,1.03,0.0,2.35149
2026-07-10T10:58:07.176899,Raspberry_Relieve1,25.653852883333332,-100.29158941666667,40.123,0.0,0,0.0,100.0,-1,0.002,,,,,,1134,0.99,0.0,2.35149
2026-07-10T10:58:08.176990,Raspberry_Relieve1,25.653851816666666,-100.29159133333333,40.123,0.0,0,0.0,100.0,-1,0.002,,,,,,1135,0.99,0.0,2.35149
2026-07-10T10:58:09.177077,Raspberry_Relieve1,25.653851283333335,-100.29159378333334,40.124,0.0,0,0.0,100.0,-1,0.002,,,,,,1136,1.0,0.0,2.35149
2026-07-10T10:58:10.177159,Raspberry_Relieve1,25.653850283333334,-100.2915955,40.123,0.0,0,0.0,100.0,-1,0.002,,,,,,1137,0.93,0.0,2.35149
2026-07-10T10:58:11.177290,Raspberry_Relieve1,25.653849316666665,-100.2915966,40.126,0.0,0,0.0,100.0,-1,0.002,,,,,,1138,1.08,0.0,2.35149
2026-07-10T10:58:12.177361,Raspberry_Relieve1,25.653848733333334,-100.29159716666666,40.123,0.0,0,0.0,100.0,-1,0.002,,,,,,1139,0.93,0.0,2.35149
2026-07-10T10:58:13.177448,Raspberry_Relieve1,25.6538484,-100.29159721666667,40.125,0.0,0,0.0,100.0,-1,0.002,,,,,,1140,1.31,0.0,2.35149
2026-07-10T10:58:14.177536,Raspberry_Relieve1,25.653848116666666,-100.29159911666666,40.125,0.0,0,0.0,100.0,-1,0.002,,,,,,1141,0.76,0.0,2.35149
2026-07-10T10:58:15.177620,Raspberry_Relieve1,25.653848016666668,-100.29160151666666,40.126,0.0,0,0.0,100.0,-1,0.002,,,,,,1142,0.99,0.0,2.35149
2026-07-10T10:58:16.177709,Raspberry_Relieve1,25.653850716666668,-100.29160406666666,40.125,0.0,0,0.0,100.0,-1,0.002,,,,,,1143,0.96,0.0,2.35149
2026-07-10T10:58:17.177838,Raspberry_Relieve1,25.653852516666667,-100.29160471666667,40.126,0.0,0,0.0,100.0,-1,0.002,,,,,,1144,1.01,0.0,2.35149
2026-07-10T10:58:18.177916,Raspberry_Relieve1,25.653854783333333,-100.29160545,40.127,0.0,0,0.0,100.0,-1,0.002,,,,,,1145,0.98,0.0,2.35149
2026-07-10T10:58:19.178003,Raspberry_Relieve1,25.65385715,-100.29160781666667,40.126,0.0,0,0.0,100.0,-1,0.002,,,,,,1146,1.06,0.0,2.35149
2026-07-10T10:58:20.178091,Raspberry_Relieve1,25.653859183333335,-100.291606,40.126,0.0,0,0.0,100.0,-1,0.002,,,,,,1147,0.98,0.0,2.35149
2026-07-10T10:58:21.178181,Raspberry_Relieve1,25.653861733333333,-100.29160206666667,40.127,0.0,0,0.0,100.0,-1,0.002,,,,,,1148,0.98,0.0,2.35149
2026-07-10T10:58:22.178269,Raspberry_Relieve1,25.653863583333333,-100.29159793333334,40.127,0.0,0,0.0,100.0,-1,0.002,,,,,,1149,1.05,0.0,2.35149
2026-07-10T10:58:23.178398,Raspberry_Relieve1,25.653866183333335,-100.29159638333333,40.128,0.0,0,0.0,100.0,-1,0.002,,,,,,1150,0.99,0.0,2.35149
2026-07-10T10:58:24.178500,Raspberry_Relieve1,25.653869433333334,-100.29159651666667,40.128,0.0,0,0.0,100.0,-1,0.002,,,,,,1151,1.01,0.0,2.35149
2026-07-10T10:58:25.178584,Raspberry_Relieve1,25.653870733333335,-100.29159685,40.128,0.0,0,0.0,100.0,-1,0.002,,,,,,1152,1.02,0.0,2.35149
2026-07-10T10:58:26.178671,Raspberry_Relieve1,25.653871866666666,-100.29159733333333,40.129,0.0,0,0.0,100.0,-1,0.002,,,,,,1153,0.95,0.0,2.35149
2026-07-10T10:58:27.178762,Raspberry_Relieve1,25.65387255,-100.29159758333333,40.128,0.0,0,0.0,100.0,-1,0.002,,,,,,1154,0.97,0.0,2.35149
2026-07-10T10:58:28.178845,Raspberry_Relieve1,25.65387266666667,-100.29159773333333,40.128,0.0,0,0.0,100.0,-1,0.002,,,,,,1155,1.0,0.0,2.35149
2026-07-10T10:58:29.178932,Raspberry_Relieve1,25.653873083333334,-100.29159781666667,40.127,0.0,0,0.0,100.0,-1,0.002,,,,,,1156,1.02,0.0,2.35149
2026-07-10T10:58:30.179062,Raspberry_Relieve1,25.653873533333332,-100.2915979,40.129,0.0,0,0.0,100.0,-1,0.002,,,,,,1157,1.01,0.0,2.35149
2026-07-10T10:58:31.179131,Raspberry_Relieve1,25.65387395,-100.291598,40.13,0.0,0,0.0,100.0,-1,0.002,,,,,,1158,1.01,0.0,2.35149
2026-07-10T10:58:32.179218,Raspberry_Relieve1,25.6538741,-100.2915981,40.127,0.0,0,0.0,100.0,-1,0.002,,,,,,1159,0.98,0.0,2.35149
2026-07-10T10:58:33.179305,Raspberry_Relieve1,25.653874233333333,-100.29159821666667,40.129,0.0,0,0.0,100.0,-1,0.002,,,,,,1160,1.01,0.0,2.35149
2026-07-10T10:58:34.179391,Raspberry_Relieve1,25.653874433333332,-100.29159831666666,40.128,0.0,0,0.0,100.0,-1,0.002,,,,,,1161,1.03,0.0,2.35149
2026-07-10T10:58:35.179474,Raspberry_Relieve1,25.653874533333333,-100.29159838333334,40.129,0.0,0,0.0,100.0,-1,0.002,,,,,,1162,0.98,0.0,2.35149
2026-07-10T10:58:36.179605,Raspberry_Relieve1,25.653874666666667,-100.29159845,40.129,0.0,0,0.0,100.0,-1,0.002,,,,,,1163,0.98,0.0,2.35149
2026-07-10T10:58:37.179711,Raspberry_Relieve1,25.653874733333332,-100.29159846666667,40.13,0.0,0,0.0,100.0,-1,0.002,,,,,,1164,1.04,0.0,2.35149
2026-07-10T10:58:38.179793,Raspberry_Relieve1,25.653874833333333,-100.29159851666667,40.131,0.0,0,0.0,100.0,-1,0.002,,,,,,1165,0.99,0.0,2.35149
2026-07-10T10:58:39.179876,Raspberry_Relieve1,25.653874966666667,-100.29159856666666,40.131,0.0,0,0.0,100.0,-1,0.002,,,,,,1166,0.94,0.0,2.35149
2026-07-10T10:58:40.179963,Raspberry_Relieve1,25.653875116666665,-100.29159861666666,40.132,0.0,0,0.0,100.0,-1,0.002,,,,,,1167,1.07,0.0,2.35149
2026-07-10T10:58:41.180053,Raspberry_Relieve1,25.653875166666666,-100.29159865,40.13,0.0,0,0.0,100.0,-1,0.002,,,,,,1168,0.95,0.0,2.35149
2026-07-10T10:58:42.180143,Raspberry_Relieve1,25.653875166666666,-100.2915987,40.131,0.0,0,0.0,100.0,-1,0.002,,,,,,1169,0.97,0.0,2.35149
2026-07-10T10:58:43.180272,Raspberry_Relieve1,25.65387515,-100.29159873333333,40.13,0.0,0,0.0,100.0,-1,0.002,,,,,,1170,1.1,0.0,2.35149
2026-07-10T10:58:44.180350,Raspberry_Relieve1,25.653875116666665,-100.29159878333333,40.132,0.0,0,0.0,100.0,-1,0.002,,,,,,1171,0.96,0.0,2.35149
2026-07-10T10:58:45.180443,Raspberry_Relieve1,25.653875066666668,-100.29159883333334,40.13,0.0,0,0.0,100.0,-1,0.002,,,,,,1172,1.02,0.0,2.35149
2026-07-10T10:58:46.180536,Raspberry_Relieve1,25.653875,-100.29159885,40.133,0.0,0,0.0,100.0,-1,0.002,,,,,,1173,0.97,0.0,2.35149
2026-07-10T10:58:47.180626,Raspberry_Relieve1,25.653874916666666,-100.29159885,40.131,0.0,0,0.0,100.0,-1,0.002,,,,,,1174,1.01,0.0,2.35149
2026-07-10T10:58:48.180715,Raspberry_Relieve1,25.653874816666665,-100.29159883333334,40.132,0.0,0,0.0,100.0,-1,0.002,,,,,,1175,1.03,0.0,2.35149
2026-07-10T10:58:49.180847,Raspberry_Relieve1,25.653874733333332,-100.29159881666666,40.131,0.0,0,0.0,100.0,-1,0.002,,,,,,1176,0.95,0.0,2.35149
2026-07-10T10:58:50.180946,Raspberry_Relieve1,25.6538747,-100.29159881666666,40.133,0.0,0,0.0,100.0,-1,0.002,,,,,,1177,1.01,0.0,2.35149
2026-07-10T10:58:51.181046,Raspberry_Relieve1,25.653874666666667,-100.29159885,40.133,0.0,0,0.0,100.0,-1,0.002,,,,,,1178,0.99,0.0,2.35149
2026-07-10T10:58:52.181142,Raspberry_Relieve1,25.653874683333335,-100.2915989,40.131,0.0,0,0.0,100.0,-1,0.002,,,,,,1179,1.04,0.0,2.35149
2026-07-10T10:58:53.181245,Raspberry_Relieve1,25.653874666666667,-100.29159895,40.13,0.0,0,0.0,100.0,-1,0.002,,,,,,1180,0.98,0.0,2.35149
2026-07-10T10:58:54.181345,Raspberry_Relieve1,25.653874716666667,-100.29159903333333,40.132,0.0,0,0.0,100.0,-1,0.002,,,,,,1181,0.94,0.0,2.35149
2026-07-10T10:58:55.181444,Raspberry_Relieve1,25.653874733333332,-100.2915991,40.13,0.0,0,0.0,100.0,-1,0.002,,,,,,1182,1.06,0.0,2.35149
2026-07-10T10:58:56.181591,Raspberry_Relieve1,25.65387505,-100.29159901666667,40.131,0.0,0,0.0,100.0,-1,0.002,,,,,,1183,1.02,0.0,2.35149
2026-07-10T10:58:57.181662,Raspberry_Relieve1,25.6538718,-100.29159701666667,40.132,0.0,0,0.0,100.0,-1,0.002,,,,,,1184,0.97,0.0,2.35149
2026-07-10T10:58:58.181747,Raspberry_Relieve1,25.653870783333332,-100.29159561666667,40.131,0.0,0,0.0,100.0,-1,0.002,,,,,,1185,0.95,0.0,2.35149
2026-07-10T10:58:59.181833,Raspberry_Relieve1,25.653869333333333,-100.2915947,40.131,0.0,0,0.0,100.0,-1,0.002,,,,,,1186,1.04,0.0,2.35149
2026-07-10T10:59:00.181920,Raspberry_Relieve1,25.6538629,-100.29159198333333,40.131,0.0,0,0.0,100.0,-1,0.002,,,,,,1187,1.0,0.0,2.35149
2026-07-10T10:59:01.182010,Raspberry_Relieve1,25.653858666666668,-100.29159016666667,40.131,0.0,0,0.0,100.0,-1,0.002,,,,,,1188,0.98,0.0,2.35149
2026-07-10T10:59:02.182140,Raspberry_Relieve1,25.6538572,-100.29158908333333,40.132,0.0,0,0.0,100.0,-1,0.002,,,,,,1189,1.01,0.0,2.35149
2026-07-10T10:59:03.182232,Raspberry_Relieve1,25.653855666666665,-100.29158885,40.133,0.0,0,0.0,100.0,-1,0.002,,,,,,1190,1.03,0.0,2.35149
2026-07-10T10:59:04.182301,Raspberry_Relieve1,25.65385455,-100.29158923333334,40.131,0.0,0,0.0,100.0,-1,0.002,,,,,,1191,0.97,0.0,2.35149
2026-07-10T10:59:05.182387,Raspberry_Relieve1,25.6538527,-100.29158975,40.133,0.0,0,0.0,100.0,-1,0.002,,,,,,1192,0.99,0.0,2.35149
2026-07-10T10:59:06.182473,Raspberry_Relieve1,25.653851166666666,-100.29159331666666,40.132,0.0,0,0.0,100.0,-1,0.002,,,,,,1193,1.04,0.0,2.35149
2026-07-10T10:59:07.182553,Raspberry_Relieve1,25.653850933333334,-100.29160246666666,40.132,0.0,0,0.0,100.0,-1,0.002,,,,,,1194,1.07,0.0,2.35149
2026-07-10T10:59:08.182677,Raspberry_Relieve1,25.653849166666667,-100.29160726666667,40.132,0.0,0,0.0,100.0,-1,0.002,,,,,,1195,1.04,0.0,2.35149
2026-07-10T10:59:09.182771,Raspberry_Relieve1,25.653848433333334,-100.29160891666666,40.133,0.0,0,0.0,100.0,-1,0.002,,,,,,1196,0.89,0.0,2.35149
2026-07-10T10:59:10.182888,Raspberry_Relieve1,25.653846916666666,-100.29160628333334,40.134,0.0,0,0.0,100.0,-1,0.002,,,,,,1197,1.06,0.0,2.35149
2026-07-10T10:59:11.182957,Raspberry_Relieve1,25.653854566666666,-100.29160688333333,39.796,1.457,58,57.98,100.0,-1,0.002,,,,,,1198,0.94,0.007536,2.359026
2026-07-10T10:59:12.183052,Raspberry_Relieve1,25.653862483333334,-100.29160643333333,38.682,7.357,285,284.58,100.0,-1,0.002,,,,,,1199,1.01,0.04828,2.407306
2026-07-10T10:59:13.183135,Raspberry_Relieve1,25.65385985,-100.29159246666667,40.118,0.448,18,17.97,100.0,-1,0.001,,,,,,1200,0.96,0.040458,2.447764
2026-07-10T10:59:14.183216,Raspberry_Relieve1,25.653851883333335,-100.29157761666667,40.121,0.0,0,17.97,100.0,-1,0.001,,,,,,1201,1.05,0.005224,2.452988
2026-07-10T10:59:15.183301,Raspberry_Relieve1,25.653839366666666,-100.29157475,40.123,0.0,0,17.97,100.0,-1,0.001,,,,,,1202,0.99,0.004965,2.457952
2026-07-10T10:59:16.183430,Raspberry_Relieve1,25.653825283333333,-100.29158115,38.877,8.852,344,344.14,100.0,-1,0.0,,,,,,1203,1.05,0.052641,2.510594
2026-07-10T10:59:17.183515,Raspberry_Relieve1,25.6538139,-100.291595,39.508,4.098,162,161.9,100.0,-1,0.0,,,,,,1204,1.01,0.070645,2.581239
2026-07-10T10:59:18.183596,Raspberry_Relieve1,25.6538086,-100.29161083333334,38.494,13.607,524,523.79,100.0,-1,0.0,,,,,,1207,2.49,0.237541,2.81878
2026-07-10T10:59:20.089878,Raspberry_Relieve1,25.65380835,-100.29166936666667,39.914,5.912,236,235.97,100.0,-1,0.0,,,,,,1207,0.34,0.035607,2.854388
2026-07-10T10:59:21.089975,Raspberry_Relieve1,25.653807183333335,-100.29170228333334,38.794,9.655,375,374.56,100.0,-1,0.0,,,,,,1208,1.13,0.095515,2.949903
2026-07-10T10:59:22.090062,Raspberry_Relieve1,25.653804466666667,-100.29174196666666,37.758,18.038,681,681.08,100.0,-1,0.0,,,,,,1209,0.9,0.131936,3.081839
2026-07-10T10:59:23.090239,Raspberry_Relieve1,25.6538018,-100.29178493333333,37.72,19.042,718,718.26,100.0,-1,0.0,,,,,,1210,1.01,0.197264,3.279102
2026-07-10T10:59:24.090336,Raspberry_Relieve1,25.653803233333335,-100.2918309,37.69,19.094,720,719.65,100.0,-1,0.0,,,,,,1211,0.93,0.185138,3.46424
2026-07-10T10:59:25.090442,Raspberry_Relieve1,25.6538159,-100.29189095,37.666,19.092,719,719.12,100.0,-1,0.0,,,,,,1212,1.06,0.211977,3.676217
2026-07-10T10:59:26.090649,Raspberry_Relieve1,25.653822116666667,-100.29194543333334,37.644,19.071,718,717.91,100.0,-1,0.0,,,,,,1213,0.95,0.190506,3.866723
2026-07-10T10:59:27.090711,Raspberry_Relieve1,25.653873633333333,-100.29198191666667,39.857,7.831,312,312.12,100.0,-1,0.0,,,,,,1214,1.04,0.14821,4.014933
2026-07-10T10:59:28.090799,Raspberry_Relieve1,25.653888183333333,-100.29201343333334,39.864,0.511,20,20.37,100.0,-1,0.0,,,,,,1215,0.95,0.044026,4.058959
2026-07-10T10:59:29.090888,Raspberry_Relieve1,25.65392488333333,-100.29204985,39.747,0.635,25,25.24,100.0,-1,0.0,,,,,,1216,1.03,0.006501,4.06546
2026-07-10T10:59:30.090977,Raspberry_Relieve1,25.653967066666667,-100.29208573333334,38.019,13.377,509,508.58,100.0,-1,0.0,,,,,,1217,1.01,0.075035,4.140495
2026-07-10T10:59:31.091060,Raspberry_Relieve1,25.653997933333333,-100.29212725,39.745,4.725,188,187.8,100.0,-1,0.0,,,,,,1218,1.01,0.09778,4.238275
2026-07-10T10:59:32.091198,Raspberry_Relieve1,25.654026416666667,-100.29216196666667,39.92,0.246,10,9.82,100.0,-1,0.0,,,,,,1219,0.99,0.027115,4.265391
2026-07-10T10:59:33.091277,Raspberry_Relieve1,25.654057816666665,-100.29220235,39.998,-0.339,-14,-13.56,100.0,-1,0.0,,,,,,1220,0.99,-0.000517,4.264874
2026-07-10T10:59:34.091360,Raspberry_Relieve1,25.65408405,-100.29224063333334,39.699,5.391,214,214.02,100.0,-1,0.0,,,,,,1221,1.02,0.028386,4.29326
2026-07-10T10:59:35.091443,Raspberry_Relieve1,25.654088333333334,-100.29228855,39.994,-0.224,-9,-8.96,100.0,-1,0.0,,,,,,1222,0.99,0.028318,4.321578
2026-07-10T10:59:36.091535,Raspberry_Relieve1,25.6540923,-100.29231756666667,40.003,-0.526,-21,-21.04,100.0,14400,0.0,,,,,,1223,0.98,-0.004065,4.317513
2026-07-10T10:59:37.091694,Raspberry_Relieve1,25.654111216666667,-100.29235375,39.988,-0.378,-15,-15.12,100.0,14400,0.0,,,,,,1224,1.04,-0.005236,4.312277
2026-07-10T10:59:38.091786,Raspberry_Relieve1,25.654117683333332,-100.29238913333333,39.574,1.881,74,74.44,100.0,14400,0.0,,,,,,1225,0.98,0.008054,4.320331
2026-07-10T10:59:39.091877,Raspberry_Relieve1,25.654116566666666,-100.29240485,40.004,0.0,0,74.44,100.0,-1,0.0,,,,,,1226,1.01,0.020946,4.341277
2026-07-10T10:59:40.091970,Raspberry_Relieve1,25.654122116666667,-100.29243065,40.003,-0.386,-15,-15.44,100.0,14400,0.0,,,,,,1227,0.95,0.007759,4.349036
2026-07-10T10:59:41.092056,Raspberry_Relieve1,25.65414405,-100.29247376666666,37.921,8.744,332,331.58,100.0,14400,0.0,,,,,,1228,1.01,0.044405,4.393441
2026-07-10T10:59:42.092150,Raspberry_Relieve1,25.654171316666666,-100.2925011,39.994,1.173,47,46.91,100.0,-1,0.0,,,,,,1229,1.06,0.055561,4.449002
2026-07-10T10:59:43.092300,Raspberry_Relieve1,25.654190016666668,-100.29254315,39.987,0.0,0,46.91,100.0,-1,0.0,,,,,,1230,1.04,0.013508,4.462511
2026-07-10T10:59:44.092431,Raspberry_Relieve1,25.65419178333333,-100.2925687,40.024,-0.438,-18,-17.53,100.0,14400,0.0,,,,,,1231,0.9,0.003663,4.466174
2026-07-10T10:59:45.092506,Raspberry_Relieve1,25.654192516666665,-100.29260013333334,37.719,14.384,543,542.55,100.0,-1,0.0,,,,,,1232,1.06,0.077644,4.543818
2026-07-10T10:59:46.092594,Raspberry_Relieve1,25.6541918,-100.2926424,37.664,18.82,709,708.84,100.0,-1,0.0,,,,,,1233,0.95,0.164653,4.708471
2026-07-10T10:59:47.092677,Raspberry_Relieve1,25.6541674,-100.2926852,37.651,18.962,714,713.94,100.0,-1,0.0,,,,,,1234,1.04,0.205099,4.91357
2026-07-10T10:59:48.092768,Raspberry_Relieve1,25.654141933333335,-100.2927037,39.943,1.414,56,56.48,100.0,-1,0.0,,,,,,1235,1.01,0.107542,5.021112
2026-07-10T10:59:49.092861,Raspberry_Relieve1,25.65410915,-100.29274156666666,39.608,1.501,59,59.45,100.0,-1,0.0,,,,,,1236,0.97,0.015587,5.036699
2026-07-10T10:59:50.093033,Raspberry_Relieve1,25.6540883,-100.29277866666666,39.066,6.696,262,261.59,100.0,-1,0.0,,,,,,1237,0.95,0.042439,5.079138
2026-07-10T10:59:51.093109,Raspberry_Relieve1,25.654068116666668,-100.29281111666667,39.527,3.3,130,130.44,100.0,-1,0.0,,,,,,1238,1.02,0.055743,5.134881
2026-07-10T10:59:52.093189,Raspberry_Relieve1,25.654026333333334,-100.29280703333333,39.38,4.347,171,171.18,100.0,-1,0.0,,,,,,1239,1.02,0.042626,5.177507
2026-07-10T10:59:53.093277,Raspberry_Relieve1,25.6540006,-100.29283195,39.291,2.775,109,109.03,100.0,-1,0.0,,,,,,1240,0.97,0.037852,5.215359
2026-07-10T10:59:54.093362,Raspberry_Relieve1,25.654008316666665,-100.29287033333334,38.617,7.169,277,276.85,100.0,-1,0.0,,,,,,1241,1.05,0.056309,5.271668
2026-07-10T10:59:55.093441,Raspberry_Relieve1,25.654003833333334,-100.29290511666666,37.624,18.358,691,690.7,100.0,-1,0.0,,,,,,1242,1.02,0.137015,5.408683
2026-07-10T10:59:56.093565,Raspberry_Relieve1,25.653953950000002,-100.29294353333333,37.594,19.037,716,715.68,100.0,-1,0.0,,,,,,1243,0.97,0.190246,5.598929
2026-07-10T10:59:57.093658,Raspberry_Relieve1,25.6539431,-100.29299131666667,37.578,19.023,715,714.85,100.0,-1,0.0,,,,,,1244,0.95,0.18919,5.788119
2026-07-10T10:59:58.093731,Raspberry_Relieve1,25.6539074,-100.2930331,39.847,1.188,47,47.34,100.0,-1,0.0,,,,,,1245,1.06,0.111958,5.900076
2026-07-10T10:59:59.093810,Raspberry_Relieve1,25.65387575,-100.29304223333334,40.29,-3.729,-150,-150.24,100.0,11359,0.001,,,,,,1246,1.0,-0.014301,5.885775
2026-07-10T11:00:00.093901,Raspberry_Relieve1,25.653853066666667,-100.29305876666666,40.11,-2.471,-99,-99.11,100.0,5608,0.002,,,,,,1247,0.98,-0.033849,5.851927
2026-07-10T11:00:01.093990,Raspberry_Relieve1,25.653852766666667,-100.2930705,39.967,-0.971,-39,-38.81,100.0,4590,0.002,,,,,,1248,0.97,-0.018603,5.833323
2026-07-10T11:00:02.094071,Raspberry_Relieve1,25.653834866666667,-100.29307978333334,39.896,-0.308,-12,-12.29,100.0,4310,0.002,,,,,,1249,1.07,-0.007617,5.825706
2026-07-10T11:00:03.094152,Raspberry_Relieve1,25.653818383333334,-100.29307726666667,39.9,0.0,0,0.0,100.0,4328,0.002,,,,,,1250,0.92,-0.001575,5.824131
2026-07-10T11:00:04.094246,Raspberry_Relieve1,25.65380195,-100.29307435,39.906,0.0,0,0.0,100.0,-1,0.002,,,,,,1251,1.08,0.0,5.824131
2026-07-10T11:00:05.094324,Raspberry_Relieve1,25.653801233333333,-100.29307316666667,39.913,0.0,0,0.0,100.0,-1,0.002,,,,,,1252,0.98,0.0,5.824131
2026-07-10T11:00:06.094416,Raspberry_Relieve1,25.653785583333335,-100.29306195,39.916,0.0,0,0.0,100.0,-1,0.002,,,,,,1253,0.94,0.0,5.824131
2026-07-10T11:00:07.094504,Raspberry_Relieve1,25.653781633333335,-100.29306308333334,39.921,0.0,0,0.0,100.0,-1,0.002,,,,,,1254,1.06,0.0,5.824131
2026-07-10T11:00:08.094602,Raspberry_Relieve1,25.653779933333333,-100.29306186666666,39.925,0.0,0,0.0,100.0,-1,0.002,,,,,,1255,0.99,0.0,5.824131
2026-07-10T11:00:09.094699,Raspberry_Relieve1,25.65378075,-100.29306306666666,39.931,0.0,0,0.0,100.0,-1,0.002,,,,,,1256,0.99,0.0,5.824131
2026-07-10T11:00:10.094778,Raspberry_Relieve1,25.653783066666666,-100.29306473333334,39.934,0.0,0,0.0,100.0,-1,0.002,,,,,,1257,1.09,0.0,5.824131
2026-07-10T11:00:11.094858,Raspberry_Relieve1,25.65378125,-100.29307085,39.938,0.0,0,0.0,100.0,-1,0.002,,,,,,1258,0.87,0.0,5.824131
2026-07-10T11:00:12.094944,Raspberry_Relieve1,25.65378138333333,-100.29307243333334,39.942,0.0,0,0.0,100.0,-1,0.002,,,,,,1259,1.03,0.0,5.824131
2026-07-10T11:00:13.095094,Raspberry_Relieve1,25.653783183333335,-100.2930717,39.944,0.0,0,0.0,100.0,-1,0.002,,,,,,1260,1.08,0.0,5.824131
2026-07-10T11:00:14.095184,Raspberry_Relieve1,25.653785316666667,-100.29307026666666,39.947,0.0,0,0.0,100.0,-1,0.002,,,,,,1261,0.96,0.0,5.824131
2026-07-10T11:00:15.095272,Raspberry_Relieve1,25.653783133333334,-100.29307146666666,39.952,0.0,0,0.0,100.0,-1,0.002,,,,,,1262,1.01,0.0,5.824131
2026-07-10T11:00:16.095362,Raspberry_Relieve1,25.653782416666665,-100.29307223333333,39.955,0.0,0,0.0,100.0,-1,0.002,,,,,,1263,0.96,0.0,5.824131
2026-07-10T11:00:17.095448,Raspberry_Relieve1,25.65377863333333,-100.29307703333333,39.957,0.0,0,0.0,100.0,-1,0.002,,,,,,1264,0.97,0.0,5.824131
2026-07-10T11:00:18.095540,Raspberry_Relieve1,25.653777066666667,-100.29307826666667,39.96,0.0,0,0.0,100.0,-1,0.002,,,,,,1265,0.98,0.0,5.824131
2026-07-10T11:00:19.095669,Raspberry_Relieve1,25.65377715,-100.29307873333333,39.961,0.0,0,0.0,100.0,-1,0.002,,,,,,1266,1.07,0.0,5.824131
2026-07-10T11:00:20.095888,Raspberry_Relieve1,25.653777466666668,-100.29307856666667,39.965,0.0,0,0.0,100.0,-1,0.002,,,,,,1267,0.99,0.0,5.824131
2026-07-10T11:00:21.095966,Raspberry_Relieve1,25.653777533333333,-100.2930787,39.967,0.0,0,0.0,100.0,-1,0.002,,,,,,1268,1.01,0.0,5.824131
2026-07-10T11:00:22.096055,Raspberry_Relieve1,25.653777266666665,-100.29307896666667,39.969,0.0,0,0.0,100.0,-1,0.002,,,,,,1269,0.95,0.0,5.824131
2026-07-10T11:00:23.096132,Raspberry_Relieve1,25.65377695,-100.29307918333333,39.971,0.0,0,0.0,100.0,-1,0.002,,,,,,1270,1.05,0.0,5.824131
2026-07-10T11:00:24.096216,Raspberry_Relieve1,25.653776733333334,-100.29307931666666,39.975,0.0,0,0.0,100.0,-1,0.002,,,,,,1271,0.96,0.0,5.824131
2026-07-10T11:00:25.096372,Raspberry_Relieve1,25.653776583333332,-100.2930794,39.977,0.0,0,0.0,100.0,-1,0.002,,,,,,1272,1.06,0.0,5.824131
2026-07-10T11:00:26.096476,Raspberry_Relieve1,25.653776516666667,-100.29307943333333,39.976,0.0,0,0.0,100.0,-1,0.002,,,,,,1273,1.0,0.0,5.824131
2026-07-10T11:00:27.096593,Raspberry_Relieve1,25.653776533333332,-100.29307943333333,39.98,0.0,0,0.0,100.0,-1,0.002,,,,,,1274,0.96,0.0,5.824131
2026-07-10T11:00:28.096718,Raspberry_Relieve1,25.653776583333332,-100.29307941666667,39.982,0.0,0,0.0,100.0,-1,0.002,,,,,,1275,0.94,0.0,5.824131
2026-07-10T11:00:29.096835,Raspberry_Relieve1,25.653776666666666,-100.29307941666667,39.985,0.0,0,0.0,100.0,-1,0.002,,,,,,1276,1.02,0.0,5.824131
2026-07-10T11:00:30.096930,Raspberry_Relieve1,25.653776766666667,-100.29307941666667,39.986,0.0,0,0.0,100.0,-1,0.002,,,,,,1277,1.07,0.0,5.824131
2026-07-10T11:00:31.097052,Raspberry_Relieve1,25.653776883333332,-100.29307941666667,39.987,0.0,0,0.0,100.0,-1,0.002,,,,,,1278,0.97,0.0,5.824131
2026-07-10T11:00:32.097116,Raspberry_Relieve1,25.653776983333334,-100.29307941666667,39.99,0.0,0,0.0,100.0,-1,0.002,,,,,,1279,1.0,0.0,5.824131
2026-07-10T11:00:33.097202,Raspberry_Relieve1,25.653777016666666,-100.29307946666667,39.99,0.0,0,0.0,100.0,-1,0.002,,,,,,1280,0.95,0.0,5.824131
2026-07-10T11:00:34.097289,Raspberry_Relieve1,25.65377705,-100.29307951666667,39.991,0.0,0,0.0,100.0,-1,0.002,,,,,,1281,1.0,0.0,5.824131
2026-07-10T11:00:35.097373,Raspberry_Relieve1,25.653777083333335,-100.29307953333333,39.993,0.0,0,0.0,100.0,-1,0.002,,,,,,1282,1.12,0.0,5.824131
2026-07-10T11:00:36.097458,Raspberry_Relieve1,25.653777116666667,-100.29307953333333,39.994,0.0,0,0.0,100.0,-1,0.002,,,,,,1283,0.95,0.0,5.824131
2026-07-10T11:00:37.097683,Raspberry_Relieve1,25.653777183333332,-100.29307951666667,39.995,0.0,0,0.0,100.0,-1,0.002,,,,,,1284,0.95,0.0,5.824131
2026-07-10T11:00:38.097765,Raspberry_Relieve1,25.65377725,-100.2930795,39.996,0.0,0,0.0,100.0,-1,0.002,,,,,,1285,1.01,0.0,5.824131
2026-07-10T11:00:39.097840,Raspberry_Relieve1,25.653777333333334,-100.2930795,39.998,0.0,0,0.0,100.0,-1,0.002,,,,,,1286,1.04,0.0,5.824131
2026-07-10T11:00:40.097926,Raspberry_Relieve1,25.653777416666667,-100.2930795,39.998,0.0,0,0.0,100.0,-1,0.002,,,,,,1287,1.04,0.0,5.824131
2026-07-10T11:00:41.098025,Raspberry_Relieve1,25.653777516666665,-100.2930795,39.999,0.0,0,0.0,100.0,-1,0.002,,,,,,1288,0.97,0.0,5.824131
2026-07-10T11:00:42.098191,Raspberry_Relieve1,25.6537776,-100.2930795,40.0,0.0,0,0.0,100.0,-1,0.002,,,,,,1289,0.96,0.0,5.824131
2026-07-10T11:00:43.098336,Raspberry_Relieve1,25.653777683333335,-100.29307953333333,40.002,0.0,0,0.0,100.0,-1,0.002,,,,,,1290,1.0,0.0,5.824131
2026-07-10T11:00:44.098456,Raspberry_Relieve1,25.65377775,-100.29307956666666,40.005,0.0,0,0.0,100.0,-1,0.002,,,,,,1291,1.03,0.0,5.824131
2026-07-10T11:00:45.098546,Raspberry_Relieve1,25.6537778,-100.2930796,40.006,0.0,0,0.0,100.0,-1,0.002,,,,,,1292,0.99,0.0,5.824131
2026-07-10T11:00:46.098636,Raspberry_Relieve1,25.65377785,-100.29307963333333,40.007,0.0,0,0.0,100.0,-1,0.002,,,,,,1293,0.95,0.0,5.824131
2026-07-10T11:00:47.098716,Raspberry_Relieve1,25.653777866666665,-100.29307968333333,40.008,0.0,0,0.0,100.0,-1,0.002,,,,,,1294,1.08,0.0,5.824131
2026-07-10T11:00:48.098801,Raspberry_Relieve1,25.653777883333333,-100.29307971666667,40.009,0.0,0,0.0,100.0,-1,0.002,,,,,,1295,0.98,0.0,5.824131
2026-07-10T11:00:49.099021,Raspberry_Relieve1,25.653777883333333,-100.29307976666666,40.01,0.0,0,0.0,100.0,-1,0.002,,,,,,1296,1.02,0.0,5.824131
2026-07-10T11:00:50.099098,Raspberry_Relieve1,25.65377785,-100.29307981666666,40.01,0.0,0,0.0,100.0,-1,0.002,,,,,,1297,0.95,0.0,5.824131
2026-07-10T11:00:51.099194,Raspberry_Relieve1,25.65377781666667,-100.29307986666667,40.012,0.0,0,0.0,100.0,-1,0.002,,,,,,1298,1.0,0.0,5.824131
2026-07-10T11:00:52.099270,Raspberry_Relieve1,25.653777783333332,-100.2930799,40.012,0.0,0,0.0,100.0,-1,0.002,,,,,,1299,0.99,0.0,5.824131
2026-07-10T11:00:53.099358,Raspberry_Relieve1,25.65377775,-100.29307991666667,40.012,0.0,0,0.0,100.0,-1,0.002,,,,,,1300,1.04,0.0,5.824131
2026-07-10T11:00:54.099484,Raspberry_Relieve1,25.653777683333335,-100.29307995,40.013,0.0,0,0.0,100.0,-1,0.002,,,,,,1301,1.0,0.0,5.824131
2026-07-10T11:00:55.099559,Raspberry_Relieve1,25.653777633333334,-100.29308,40.014,0.0,0,0.0,100.0,-1,0.002,,,,,,1302,0.99,0.0,5.824131
2026-07-10T11:00:56.099644,Raspberry_Relieve1,25.6537776,-100.29308,40.015,0.0,0,0.0,100.0,-1,0.002,,,,,,1303,0.99,0.0,5.824131
2026-07-10T11:00:57.099729,Raspberry_Relieve1,25.6537776,-100.29307998333333,40.015,0.0,0,0.0,100.0,-1,0.002,,,,,,1304,1.01,0.0,5.824131
2026-07-10T11:00:58.099816,Raspberry_Relieve1,25.653777633333334,-100.29307993333333,40.017,0.0,0,0.0,100.0,-1,0.002,,,,,,1305,1.0,0.0,5.824131
2026-07-10T11:00:59.099903,Raspberry_Relieve1,25.653777683333335,-100.29307991666667,40.017,0.0,0,0.0,100.0,-1,0.002,,,,,,1306,1.11,0.0,5.824131
2026-07-10T11:01:00.100026,Raspberry_Relieve1,25.6537777,-100.29307988333333,40.017,0.0,0,0.0,100.0,-1,0.002,,,,,,1307,0.96,0.0,5.824131
2026-07-10T11:01:01.100100,Raspberry_Relieve1,25.653777716666667,-100.29307986666667,40.017,0.0,0,0.0,100.0,-1,0.002,,,,,,1308,0.87,0.0,5.824131
2026-07-10T11:01:02.100189,Raspberry_Relieve1,25.65377773333333,-100.29307986666667,40.018,0.0,0,0.0,100.0,-1,0.002,,,,,,1309,1.09,0.0,5.824131
2026-07-10T11:01:03.100326,Raspberry_Relieve1,25.653777766666668,-100.29307985,40.021,0.0,0,0.0,100.0,-1,0.002,,,,,,1310,0.94,0.0,5.824131
2026-07-10T11:01:04.100395,Raspberry_Relieve1,25.65377781666667,-100.29307986666667,40.021,0.0,0,0.0,100.0,-1,0.002,,,,,,1311,1.02,0.0,5.824131
2026-07-10T11:01:05.100482,Raspberry_Relieve1,25.653777866666665,-100.29307988333333,40.02,0.0,0,0.0,100.0,-1,0.002,,,,,,1312,0.98,0.0,5.824131
2026-07-10T11:01:06.100592,Raspberry_Relieve1,25.653777916666666,-100.29307993333333,40.021,0.0,0,0.0,100.0,-1,0.002,,,,,,1313,1.06,0.0,5.824131
2026-07-10T11:01:07.100675,Raspberry_Relieve1,25.653777983333335,-100.29307998333333,40.022,0.0,0,0.0,100.0,-1,0.002,,,,,,1314,0.99,0.0,5.824131
2026-07-10T11:01:08.100754,Raspberry_Relieve1,25.65377803333333,-100.29308003333334,40.024,0.0,0,0.0,100.0,-1,0.002,,,,,,1315,0.99,0.0,5.824131
2026-07-10T11:01:09.100841,Raspberry_Relieve1,25.653778083333332,-100.2930801,40.022,0.0,0,0.0,100.0,-1,0.002,,,,,,1316,1.03,0.0,5.824131
2026-07-10T11:01:10.100931,Raspberry_Relieve1,25.65377811666667,-100.29308016666667,40.025,0.0,0,0.0,100.0,-1,0.002,,,,,,1317,0.93,0.0,5.824131
2026-07-10T11:01:11.101022,Raspberry_Relieve1,25.65377815,-100.29308023333333,40.023,0.0,0,0.0,100.0,-1,0.002,,,,,,1318,1.06,0.0,5.824131
2026-07-10T11:01:12.101164,Raspberry_Relieve1,25.653778166666665,-100.29308031666666,40.025,0.0,0,0.0,100.0,-1,0.002,,,,,,1319,1.02,0.0,5.824131
2026-07-10T11:01:13.101368,Raspberry_Relieve1,25.6537782,-100.2930804,40.025,0.0,0,0.0,100.0,-1,0.002,,,,,,1320,0.99,0.0,5.824131
2026-07-10T11:01:14.101484,Raspberry_Relieve1,25.653778266666666,-100.29308046666667,40.025,0.0,0,0.0,100.0,-1,0.002,,,,,,1321,0.91,0.0,5.824131
2026-07-10T11:01:15.101553,Raspberry_Relieve1,25.653778316666667,-100.29308053333334,40.025,0.0,0,0.0,100.0,-1,0.002,,,,,,1322,1.08,0.0,5.824131
2026-07-10T11:01:16.101643,Raspberry_Relieve1,25.65377835,-100.29308056666666,40.025,0.0,0,0.0,100.0,-1,0.002,,,,,,1323,0.94,0.0,5.824131
2026-07-10T11:01:17.101728,Raspberry_Relieve1,25.653778366666668,-100.29308058333334,40.027,0.0,0,0.0,100.0,-1,0.002,,,,,,1324,0.98,0.0,5.824131
2026-07-10T11:01:18.101810,Raspberry_Relieve1,25.65377835,-100.2930806,40.027,0.0,0,0.0,100.0,-1,0.002,,,,,,1325,1.04,0.0,5.824131
2026-07-10T11:01:19.101895,Raspberry_Relieve1,25.6537783,-100.29308063333333,40.028,0.0,0,0.0,100.0,-1,0.002,,,,,,1326,1.08,0.0,5.824131
2026-07-10T11:01:20.101983,Raspberry_Relieve1,25.653778233333334,-100.29308066666667,40.029,0.0,0,0.0,100.0,-1,0.002,,,,,,1327,0.92,0.0,5.824131
2026-07-10T11:01:21.102061,Raspberry_Relieve1,25.65377815,-100.29308071666667,40.027,0.0,0,0.0,100.0,-1,0.002,,,,,,1328,1.06,0.0,5.824131
2026-07-10T11:01:22.102144,Raspberry_Relieve1,25.65377805,-100.29308075,40.028,0.0,0,0.0,100.0,-1,0.002,,,,,,1329,0.96,0.0,5.824131
2026-07-10T11:01:23.102254,Raspberry_Relieve1,25.65377795,-100.2930808,40.029,0.0,0,0.0,100.0,-1,0.002,,,,,,1330,1.02,0.0,5.824131
2026-07-10T11:01:24.102314,Raspberry_Relieve1,25.6537779,-100.29308083333333,40.03,0.0,0,0.0,100.0,-1,0.002,,,,,,1331,0.99,0.0,5.824131
2026-07-10T11:01:25.102445,Raspberry_Relieve1,25.65377785,-100.29308088333333,40.029,0.0,0,0.0,100.0,-1,0.002,,,,,,1332,1.01,0.0,5.824131
2026-07-10T11:01:26.102518,Raspberry_Relieve1,25.65377781666667,-100.29308091666667,40.029,0.0,0,0.0,100.0,-1,0.002,,,,,,1334,1.45,0.0,5.824131
2026-07-10T11:01:27.159660,Raspberry_Relieve1,25.653777833333333,-100.29308091666667,40.03,0.0,0,0.0,100.0,-1,0.002,,,,,,1334,0.57,0.0,5.824131
2026-07-10T11:01:28.159744,Raspberry_Relieve1,25.653777866666665,-100.29308088333333,40.028,0.0,0,0.0,100.0,-1,0.002,,,,,,1335,1.04,0.0,5.824131
2026-07-10T11:01:29.159832,Raspberry_Relieve1,25.6537779,-100.29308085,40.032,0.0,0,0.0,100.0,-1,0.002,,,,,,1336,0.97,0.0,5.824131
2026-07-10T11:01:30.159916,Raspberry_Relieve1,25.653777966666667,-100.2930808,40.03,0.0,0,0.0,100.0,-1,0.002,,,,,,1337,0.96,0.0,5.824131
2026-07-10T11:01:31.160041,Raspberry_Relieve1,25.65377805,-100.29308076666666,40.03,0.0,0,0.0,100.0,-1,0.002,,,,,,1338,1.05,0.0,5.824131
2026-07-10T11:01:32.160125,Raspberry_Relieve1,25.65377811666667,-100.29308073333333,40.029,0.0,0,0.0,100.0,-1,0.002,,,,,,1339,1.03,0.0,5.824131
2026-07-10T11:01:33.160217,Raspberry_Relieve1,25.65377765,-100.29308058333334,40.033,0.0,0,0.0,100.0,-1,0.002,,,,,,1340,1.0,0.0,5.824131
2026-07-10T11:01:34.160299,Raspberry_Relieve1,25.653777483333332,-100.29307988333333,39.809,0.968,39,38.54,100.0,-1,0.002,,,,,,1341,0.96,0.005148,5.829279
2026-07-10T11:01:35.160383,Raspberry_Relieve1,25.653775783333334,-100.2930778,40.026,0.376,15,15.05,100.0,-1,0.002,,,,,,1342,1.0,0.007433,5.836712
2026-07-10T11:01:36.160465,Raspberry_Relieve1,25.65377735,-100.29307415,39.14,6.06,237,237.19,100.0,-1,0.002,,,,,,1343,1.01,0.035446,5.872158
2026-07-10T11:01:37.160549,Raspberry_Relieve1,25.653783466666667,-100.29306701666667,39.384,5.252,207,206.84,100.0,-1,0.0,,,,,,1344,1.0,0.061958,5.934116
2026-07-10T11:01:38.160636,Raspberry_Relieve1,25.6537945,-100.29306033333333,38.935,7.105,277,276.63,100.0,-1,0.0,,,,,,1345,0.98,0.065997,6.000113
2026-07-10T11:01:39.160758,Raspberry_Relieve1,25.653804016666665,-100.29305665,39.966,3.627,145,144.96,100.0,-1,0.0,,,,,,1346,1.05,0.061542,6.061654
2026-07-10T11:01:40.160830,Raspberry_Relieve1,25.6538099,-100.29305138333334,39.985,0.174,7,6.96,100.0,-1,0.0,,,,,,1347,0.93,0.019725,6.081379
2026-07-10T11:01:41.160914,Raspberry_Relieve1,25.653812016666667,-100.29303616666667,39.991,0.0,0,6.96,100.0,-1,0.0,,,,,,1348,1.06,0.002043,6.083423
2026-07-10T11:01:42.160995,Raspberry_Relieve1,25.653815866666665,-100.29301536666667,37.744,13.359,504,504.22,100.0,-1,0.0,,,,,,1349,0.89,0.062912,6.146335
2026-07-10T11:01:43.161077,Raspberry_Relieve1,25.653833533333334,-100.29299573333333,37.702,18.755,707,707.1,100.0,-1,0.0,,,,,,1350,1.02,0.171893,6.318229
2026-07-10T11:01:44.161162,Raspberry_Relieve1,25.653856233333332,-100.29297626666667,37.665,19.089,719,718.99,100.0,-1,0.0,,,,,,1351,1.07,0.211394,6.529623
2026-07-10T11:01:45.161297,Raspberry_Relieve1,25.653873916666665,-100.29293118333334,37.635,19.103,719,718.94,100.0,-1,0.0,,,,,,1352,1.13,0.226376,6.755999
2026-07-10T11:01:46.161364,Raspberry_Relieve1,25.653897566666668,-100.2928867,37.609,19.088,718,717.88,100.0,-1,0.0,,,,,,1353,0.82,0.163164,6.919162
2026-07-10T11:01:47.161450,Raspberry_Relieve1,25.653923416666668,-100.29284468333333,37.591,19.048,716,716.03,100.0,-1,0.0,,,,,,1354,1.09,0.216469,7.135631
2026-07-10T11:01:48.161528,Raspberry_Relieve1,25.653955866666667,-100.2927924,37.569,19.032,715,715.01,100.0,-1,0.0,,,,,,1355,0.9,0.179206,7.314837
2026-07-10T11:01:49.161613,Raspberry_Relieve1,25.654007016666668,-100.29275725,37.55,19.004,714,713.6,100.0,-1,0.0,,,,,,1356,1.1,0.217312,7.53215
2026-07-10T11:01:50.161697,Raspberry_Relieve1,25.654052,-100.2927159,39.757,5.7,227,226.61,100.0,-1,0.0,,,,,,1357,0.95,0.124515,7.656665
2026-07-10T11:01:51.161821,Raspberry_Relieve1,25.654096583333335,-100.29267205,39.787,0.304,12,12.1,100.0,-1,0.0,,,,,,1358,1.04,0.034509,7.691174
2026-07-10T11:01:52.161909,Raspberry_Relieve1,25.65412505,-100.29262321666667,40.466,-5.323,-215,-215.4,100.0,11023,0.001,,,,,,1359,0.92,-0.025855,7.665319
2026-07-10T11:01:53.161987,Raspberry_Relieve1,25.65416325,-100.29258786666666,40.477,-4.552,-184,-184.25,100.0,7196,0.001,,,,,,1360,1.0,-0.055453,7.609867
2026-07-10T11:01:54.162069,Raspberry_Relieve1,25.65418295,-100.29255375,39.86,-1.57,-63,-62.58,100.0,3576,0.003,,,,,,1361,0.97,-0.033266,7.5766
2026-07-10T11:01:55.162151,Raspberry_Relieve1,25.6542032,-100.2925273,40.209,-2.042,-82,-82.11,100.0,3496,0.003,,,,,,1362,1.04,-0.020987,7.555613
2026-07-10T11:01:56.162257,Raspberry_Relieve1,25.654226416666667,-100.29250351666667,40.209,-2.042,-82,-82.11,100.0,3496,0.003,,,,,,1363,1.01,-0.023077,7.532536
2026-07-10T11:01:57.162355,Raspberry_Relieve1,25.654230766666668,-100.29247576666667,37.619,17.007,640,639.79,100.0,-1,0.0,,,,,,1364,1.05,0.081111,7.613646
2026-07-10T11:01:58.162451,Raspberry_Relieve1,25.654247116666667,-100.29245383333334,37.578,18.977,713,713.12,100.0,-1,0.0,,,,,,1365,1.0,0.187625,7.801272
2026-07-10T11:01:59.162543,Raspberry_Relieve1,25.654256433333334,-100.2924336,37.546,19.086,717,716.6,100.0,-1,0.0,,,,,,1366,0.94,0.186557,7.987829
2026-07-10T11:02:00.162647,Raspberry_Relieve1,25.65425055,-100.29239708333333,37.523,19.049,715,714.78,100.0,-1,0.0,,,,,,1367,1.09,0.21727,8.205099
2026-07-10T11:02:01.162723,Raspberry_Relieve1,25.65424051666667,-100.29236211666667,37.928,17.111,649,648.99,100.0,-1,0.0,,,,,,1368,0.93,0.175672,8.380771
2026-07-10T11:02:02.162811,Raspberry_Relieve1,25.654164033333334,-100.29230061666667,37.505,16.836,631,631.43,100.0,-1,0.0,,,,,,1369,0.98,0.173493,8.554264
2026-07-10T11:02:03.162890,Raspberry_Relieve1,25.654123316666666,-100.29224141666667,37.477,18.883,708,707.68,100.0,-1,0.0,,,,,,1370,1.01,0.188755,8.743019
2026-07-10T11:02:04.162976,Raspberry_Relieve1,25.654080716666666,-100.29218521666667,37.457,19.0,712,711.68,100.0,-1,0.0,,,,,,1371,1.04,0.205519,8.948538
2026-07-10T11:02:05.163060,Raspberry_Relieve1,25.654031233333335,-100.29212053333333,39.653,8.465,336,335.66,100.0,-1,0.0,,,,,,1372,0.93,0.135257,9.083795
2026-07-10T11:02:06.163153,Raspberry_Relieve1,25.653997033333333,-100.29208378333334,40.129,-1.48,-59,-59.39,100.0,-1,0.0,,,,,,1373,1.06,0.040514,9.124309
2026-07-10T11:02:07.163237,Raspberry_Relieve1,25.653973133333334,-100.29203665,39.728,-2.208,-88,-87.72,100.0,6410,0.001,,,,,,1374,1.0,-0.0204,9.103909
2026-07-10T11:02:08.163322,Raspberry_Relieve1,25.6539441,-100.2919987,39.736,-0.187,-7,-7.43,100.0,5922,0.002,,,,,,1375,0.96,-0.012749,9.09116
2026-07-10T11:02:09.163406,Raspberry_Relieve1,25.65391835,-100.2919597,40.255,-2.797,-113,-112.59,100.0,-1,0.002,,,,,,1376,1.06,-0.017649,9.073511
2026-07-10T11:02:10.163486,Raspberry_Relieve1,25.653903916666668,-100.2919219,39.77,-1.242,-49,-49.39,100.0,9249,0.003,,,,,,1377,1.03,-0.023163,9.050348
2026-07-10T11:02:11.163612,Raspberry_Relieve1,25.653897,-100.29188011666666,39.775,-0.127,-5,-5.05,100.0,8670,0.003,,,,,,1378,0.96,-0.007232,9.043116
2026-07-10T11:02:12.163681,Raspberry_Relieve1,25.653896783333334,-100.29184665,40.106,-1.875,-75,-75.2,100.0,-1,0.003,,,,,,1379,0.97,-0.010828,9.032287
2026-07-10T11:02:13.163768,Raspberry_Relieve1,25.653904966666666,-100.29181996666667,39.792,-0.31,-12,-12.34,100.0,14400,0.003,,,,,,1382,3.14,-0.038219,8.994068
2026-07-10T11:02:15.664938,Raspberry_Relieve1,25.6539115,-100.2917661,39.912,-1.051,-42,-41.95,100.0,11041,0.004,,,,,,1383,0.36,-0.002698,8.99137
2026-07-10T11:02:16.665037,Raspberry_Relieve1,25.65390425,-100.29173961666666,39.892,-0.781,-31,-31.16,100.0,8831,0.004,,,,,,1384,0.96,-0.00975,8.98162
2026-07-10T11:02:17.665184,Raspberry_Relieve1,25.65389795,-100.29171288333333,39.82,-0.12,-5,-4.78,100.0,8351,0.004,,,,,,1385,1.09,-0.00542,8.976199
2026-07-10T11:02:18.665234,Raspberry_Relieve1,25.65389508333333,-100.29169306666667,39.827,0.0,0,0.0,100.0,-1,0.004,,,,,,1386,0.97,-0.000645,8.975554
2026-07-10T11:02:19.665342,Raspberry_Relieve1,25.653896366666668,-100.29168138333333,39.827,0.0,0,0.0,100.0,-1,0.004,,,,,,1387,1.17,0.0,8.975554
2026-07-10T11:02:20.665413,Raspberry_Relieve1,25.653895933333335,-100.29167056666667,39.835,0.0,0,0.0,100.0,-1,0.004,,,,,,1388,0.78,0.0,8.975554
2026-07-10T11:02:21.665499,Raspberry_Relieve1,25.6538942,-100.2916646,39.837,0.0,0,0.0,100.0,-1,0.004,,,,,,1389,1.1,0.0,8.975554
2026-07-10T11:02:22.665587,Raspberry_Relieve1,25.65389181666667,-100.29166026666667,39.841,0.0,0,0.0,100.0,-1,0.004,,,,,,1390,0.89,0.0,8.975554
2026-07-10T11:02:23.665707,Raspberry_Relieve1,25.6538862,-100.29165651666666,39.845,0.0,0,0.0,100.0,-1,0.004,,,,,,1391,1.02,0.0,8.975554
2026-07-10T11:02:24.665783,Raspberry_Relieve1,25.6538821,-100.29165623333333,39.849,0.0,0,0.0,100.0,-1,0.004,,,,,,1392,1.03,0.0,8.975554
2026-07-10T11:02:25.665862,Raspberry_Relieve1,25.653881466666668,-100.29166275,39.851,0.0,0,0.0,100.0,-1,0.004,,,,,,1393,0.97,0.0,8.975554
2026-07-10T11:02:26.665946,Raspberry_Relieve1,25.65388085,-100.29166201666666,39.854,0.0,0,0.0,100.0,-1,0.004,,,,,,1394,1.03,0.0,8.975554
2026-07-10T11:02:27.666024,Raspberry_Relieve1,25.653880533333332,-100.2916623,39.859,0.0,0,0.0,100.0,-1,0.004,,,,,,1395,0.99,0.0,8.975554
2026-07-10T11:02:28.666104,Raspberry_Relieve1,25.653881766666668,-100.2916637,39.861,0.0,0,0.0,100.0,-1,0.004,,,,,,1396,1.0,0.0,8.975554
2026-07-10T11:02:29.666257,Raspberry_Relieve1,25.65388195,-100.29166451666667,39.866,0.0,0,0.0,100.0,-1,0.004,,,,,,1397,0.98,0.0,8.975554
2026-07-10T11:02:30.666301,Raspberry_Relieve1,25.653881233333333,-100.29166401666667,39.868,0.0,0,0.0,100.0,-1,0.004,,,,,,1398,0.97,0.0,8.975554
2026-07-10T11:02:31.666383,Raspberry_Relieve1,25.653880366666666,-100.29166338333333,39.871,0.0,0,0.0,100.0,-1,0.004,,,,,,1399,1.03,0.0,8.975554
2026-07-10T11:02:32.666466,Raspberry_Relieve1,25.65388,-100.29166328333334,39.874,0.0,0,0.0,100.0,-1,0.004,,,,,,1400,0.97,0.0,8.975554
2026-07-10T11:02:33.666548,Raspberry_Relieve1,25.6538797,-100.29166361666667,39.874,0.0,0,0.0,100.0,-1,0.004,,,,,,1401,1.02,0.0,8.975554
2026-07-10T11:02:34.666646,Raspberry_Relieve1,25.653879383333333,-100.29166435,39.877,0.0,0,0.0,100.0,-1,0.004,,,,,,1402,1.0,0.0,8.975554
2026-07-10T11:02:35.666771,Raspberry_Relieve1,25.6538791,-100.29166535,39.879,0.0,0,0.0,100.0,-1,0.004,,,,,,1403,1.05,0.0,8.975554
2026-07-10T11:02:36.666844,Raspberry_Relieve1,25.653878683333332,-100.29166761666667,39.885,0.0,0,0.0,100.0,-1,0.004,,,,,,1404,0.98,0.0,8.975554
2026-07-10T11:02:37.666926,Raspberry_Relieve1,25.653877966666666,-100.29166888333333,39.882,0.0,0,0.0,100.0,-1,0.004,,,,,,1405,0.95,0.0,8.975554
2026-07-10T11:02:38.667015,Raspberry_Relieve1,25.653876966666665,-100.29166771666667,39.885,0.0,0,0.0,100.0,-1,0.004,,,,,,1406,1.05,0.0,8.975554
2026-07-10T11:02:39.667097,Raspberry_Relieve1,25.65387575,-100.291667,39.889,0.0,0,0.0,100.0,-1,0.004,,,,,,1407,0.97,0.0,8.975554
2026-07-10T11:02:40.667188,Raspberry_Relieve1,25.653874816666665,-100.29166681666666,39.891,0.0,0,0.0,100.0,-1,0.004,,,,,,1408,0.96,0.0,8.975554
2026-07-10T11:02:41.667318,Raspberry_Relieve1,25.6538742,-100.29166691666667,39.893,0.0,0,0.0,100.0,-1,0.004,,,,,,1409,1.01,0.0,8.975554
2026-07-10T11:02:42.667455,Raspberry_Relieve1,25.6538737,-100.29166716666667,39.894,0.0,0,0.0,100.0,-1,0.004,,,,,,1410,1.11,0.0,8.975554
2026-07-10T11:02:43.667565,Raspberry_Relieve1,25.6538732,-100.29166758333334,39.898,0.0,0,0.0,100.0,-1,0.004,,,,,,1411,0.9,0.0,8.975554
2026-07-10T11:02:44.667644,Raspberry_Relieve1,25.653872733333333,-100.29166798333333,39.898,0.0,0,0.0,100.0,-1,0.004,,,,,,1412,1.05,0.0,8.975554
2026-07-10T11:02:45.667730,Raspberry_Relieve1,25.65387235,-100.29166836666667,39.896,0.0,0,0.0,100.0,-1,0.004,,,,,,1413,1.03,0.0,8.975554
2026-07-10T11:02:46.667815,Raspberry_Relieve1,25.65387285,-100.29166696666667,39.901,0.0,0,0.0,100.0,-1,0.004,,,,,,1414,0.95,0.0,8.975554
2026-07-10T11:02:47.667899,Raspberry_Relieve1,25.653871383333332,-100.29166641666667,39.902,0.0,0,0.0,100.0,-1,0.004,,,,,,1415,0.95,0.0,8.975554
2026-07-10T11:02:48.667989,Raspberry_Relieve1,25.653872066666665,-100.29166558333333,39.904,0.0,0,0.0,100.0,-1,0.004,,,,,,1416,1.02,0.0,8.975554
2026-07-10T11:02:49.668122,Raspberry_Relieve1,25.653876966666665,-100.29166096666667,39.906,0.0,0,0.0,100.0,-1,0.004,,,,,,1417,1.05,0.0,8.975554
2026-07-10T11:02:50.668239,Raspberry_Relieve1,25.653881783333333,-100.29165648333333,39.907,0.0,0,0.0,100.0,-1,0.004,,,,,,1418,1.02,0.0,8.975554
2026-07-10T11:02:51.668315,Raspberry_Relieve1,25.653886933333332,-100.29165351666667,39.91,0.0,0,0.0,100.0,-1,0.004,,,,,,1419,0.92,0.0,8.975554
2026-07-10T11:02:52.668407,Raspberry_Relieve1,25.653891383333335,-100.29165185,39.91,0.0,0,0.0,100.0,-1,0.004,,,,,,1420,1.06,0.0,8.975554
2026-07-10T11:02:53.668495,Raspberry_Relieve1,25.653892,-100.29164746666666,39.912,0.0,0,0.0,100.0,-1,0.004,,,,,,1421,0.98,0.0,8.975554
2026-07-10T11:02:54.668588,Raspberry_Relieve1,25.653893233333335,-100.29164545,39.913,0.0,0,0.0,100.0,-1,0.004,,,,,,1422,1.04,0.0,8.975554
2026-07-10T11:02:55.668678,Raspberry_Relieve1,25.653895316666667,-100.29164401666667,39.915,0.0,0,0.0,100.0,-1,0.004,,,,,,1423,0.97,0.0,8.975554
2026-07-10T11:02:56.668825,Raspberry_Relieve1,25.653896766666666,-100.2916436,39.916,0.0,0,0.0,100.0,-1,0.004,,,,,,1424,1.07,0.0,8.975554
2026-07-10T11:02:57.668899,Raspberry_Relieve1,25.65389405,-100.29163605,39.917,0.0,0,0.0,100.0,-1,0.004,,,,,,1425,0.92,0.0,8.975554
2026-07-10T11:02:58.669006,Raspberry_Relieve1,25.653892866666666,-100.29163213333334,39.916,0.0,0,0.0,100.0,-1,0.004,,,,,,1426,0.98,0.0,8.975554
2026-07-10T11:02:59.669097,Raspberry_Relieve1,25.653890866666668,-100.29162616666666,39.916,0.0,0,0.0,100.0,-1,0.004,,,,,,1427,1.07,0.0,8.975554
2026-07-10T11:03:00.669182,Raspberry_Relieve1,25.653890183333335,-100.29162198333333,39.921,0.0,0,0.0,100.0,-1,0.004,,,,,,1428,0.94,0.0,8.975554
2026-07-10T11:03:01.669268,Raspberry_Relieve1,25.653888733333332,-100.291618,39.92,0.0,0,0.0,100.0,-1,0.004,,,,,,1429,1.01,0.0,8.975554
2026-07-10T11:03:02.669381,Raspberry_Relieve1,25.653888233333333,-100.29161396666667,39.921,0.0,0,0.0,100.0,-1,0.004,,,,,,1430,1.04,0.0,8.975554
2026-07-10T11:03:03.669450,Raspberry_Relieve1,25.65388838333333,-100.2916101,39.923,0.0,0,0.0,100.0,-1,0.004,,,,,,1431,0.97,0.0,8.975554
2026-07-10T11:03:04.669533,Raspberry_Relieve1,25.653888833333333,-100.29160831666667,39.923,0.0,0,0.0,100.0,-1,0.004,,,,,,1432,0.95,0.0,8.975554
2026-07-10T11:03:05.669615,Raspberry_Relieve1,25.653889433333333,-100.29160773333334,39.923,0.0,0,0.0,100.0,-1,0.004,,,,,,1433,1.05,0.0,8.975554
2026-07-10T11:03:06.669698,Raspberry_Relieve1,25.653891283333333,-100.29160708333333,39.924,0.0,0,0.0,100.0,-1,0.004,,,,,,1434,0.97,0.0,8.975554
2026-07-10T11:03:07.669817,Raspberry_Relieve1,25.6538931,-100.29160671666666,39.929,0.0,0,0.0,100.0,-1,0.004,,,,,,1435,1.06,0.0,8.975554
2026-07-10T11:03:08.669924,Raspberry_Relieve1,25.653894666666666,-100.2916077,39.928,0.0,0,0.0,100.0,-1,0.004,,,,,,1436,1.01,0.0,8.975554
2026-07-10T11:03:09.670069,Raspberry_Relieve1,25.653895116666668,-100.29160861666666,39.928,0.0,0,0.0,100.0,-1,0.004,,,,,,1437,1.02,0.0,8.975554
2026-07-10T11:03:10.670113,Raspberry_Relieve1,25.65389535,-100.29160918333334,39.93,0.0,0,0.0,100.0,-1,0.004,,,,,,1438,0.99,0.0,8.975554
2026-07-10T11:03:11.670194,Raspberry_Relieve1,25.653896533333334,-100.29161056666666,39.929,0.0,0,0.0,100.0,-1,0.004,,,,,,1439,0.91,0.0,8.975554
2026-07-10T11:03:12.670288,Raspberry_Relieve1,25.6538954,-100.29161001666667,39.93,0.0,0,0.0,100.0,-1,0.004,,,,,,1440,1.03,0.0,8.975554
2026-07-10T11:03:13.670374,Raspberry_Relieve1,25.65389385,-100.29161058333334,39.933,0.0,0,0.0,100.0,-1,0.004,,,,,,1441,1.02,0.0,8.975554
2026-07-10T11:03:14.670455,Raspberry_Relieve1,25.653891216666665,-100.29161211666667,39.932,0.0,0,0.0,100.0,-1,0.004,,,,,,1442,1.0,0.0,8.975554
2026-07-10T11:03:15.670571,Raspberry_Relieve1,25.653889,-100.29161338333333,39.932,0.0,0,0.0,100.0,-1,0.004,,,,,,1443,0.99,0.0,8.975554
2026-07-10T11:03:16.670638,Raspberry_Relieve1,25.653886816666667,-100.29161433333333,39.934,0.0,0,0.0,100.0,-1,0.004,,,,,,1444,1.0,0.0,8.975554
2026-07-10T11:03:17.670753,Raspberry_Relieve1,25.653887716666667,-100.29161228333334,39.936,0.0,0,0.0,100.0,-1,0.004,,,,,,1445,1.02,0.0,8.975554
2026-07-10T11:03:18.670815,Raspberry_Relieve1,25.653888666666667,-100.29160926666667,39.936,0.0,0,0.0,100.0,-1,0.004,,,,,,1446,0.92,0.0,8.975554
2026-07-10T11:03:19.670930,Raspberry_Relieve1,25.653889566666667,-100.29160781666667,39.934,0.0,0,0.0,100.0,-1,0.004,,,,,,1447,1.05,0.0,8.975554
2026-07-10T11:03:20.670991,Raspberry_Relieve1,25.653890583333332,-100.29160645,39.936,0.0,0,0.0,100.0,-1,0.004,,,,,,1448,0.97,0.0,8.975554
2026-07-10T11:03:21.671107,Raspberry_Relieve1,25.653891366666667,-100.29160565,39.935,0.0,0,0.0,100.0,-1,0.004,,,,,,1449,1.08,0.0,8.975554
2026-07-10T11:03:22.671178,Raspberry_Relieve1,25.6538918,-100.29160523333333,39.938,0.0,0,0.0,100.0,-1,0.004,,,,,,1450,0.96,0.0,8.975554
2026-07-10T11:03:23.671257,Raspberry_Relieve1,25.65389195,-100.29160515,39.937,0.0,0,0.0,100.0,-1,0.004,,,,,,1451,1.02,0.0,8.975554
2026-07-10T11:03:24.671338,Raspberry_Relieve1,25.653891966666666,-100.29160515,39.937,0.0,0,0.0,100.0,-1,0.004,,,,,,1452,0.99,0.0,8.975554
2026-07-10T11:03:25.671416,Raspberry_Relieve1,25.653891933333334,-100.29160521666667,39.939,0.0,0,0.0,100.0,-1,0.004,,,,,,1453,0.98,0.0,8.975554
2026-07-10T11:03:26.671497,Raspberry_Relieve1,25.653891883333333,-100.29160531666666,39.94,0.0,0,0.0,100.0,-1,0.004,,,,,,1454,0.96,0.0,8.975554
2026-07-10T11:03:27.671618,Raspberry_Relieve1,25.653892233333334,-100.29160555,39.94,0.0,0,0.0,100.0,-1,0.004,,,,,,1455,1.03,0.0,8.975554
2026-07-10T11:03:28.671687,Raspberry_Relieve1,25.6538941,-100.29160416666667,39.943,0.0,0,0.0,100.0,-1,0.004,,,,,,1456,0.99,0.0,8.975554
2026-07-10T11:03:29.671768,Raspberry_Relieve1,25.65389385,-100.2916035,39.939,0.0,0,0.0,100.0,-1,0.004,,,,,,1457,1.01,0.0,8.975554
2026-07-10T11:03:30.671854,Raspberry_Relieve1,25.653893516666667,-100.29160106666667,39.938,0.0,0,0.0,100.0,-1,0.004,,,,,,1458,1.01,0.0,8.975554
2026-07-10T11:03:31.671937,Raspberry_Relieve1,25.653893150000002,-100.29160003333334,39.941,0.0,0,0.0,100.0,-1,0.004,,,,,,1459,0.96,0.0,8.975554
2026-07-10T11:03:32.672020,Raspberry_Relieve1,25.653891466666668,-100.29160063333333,39.942,0.0,0,0.0,100.0,-1,0.004,,,,,,1460,1.05,0.0,8.975554
2026-07-10T11:03:33.672142,Raspberry_Relieve1,25.653891083333335,-100.29160085,39.942,0.0,0,0.0,100.0,-1,0.004,,,,,,1461,1.04,0.0,8.975554
2026-07-10T11:03:34.672209,Raspberry_Relieve1,25.653890166666667,-100.29160143333333,39.943,0.0,0,0.0,100.0,-1,0.004,,,,,,1462,0.96,0.0,8.975554
2026-07-10T11:03:35.672292,Raspberry_Relieve1,25.65388895,-100.29160223333334,39.94,0.0,0,0.0,100.0,-1,0.004,,,,,,1463,0.97,0.0,8.975554
2026-07-10T11:03:36.672376,Raspberry_Relieve1,25.6538889,-100.29160035,39.944,0.0,0,0.0,100.0,-1,0.004,,,,,,1464,1.05,0.0,8.975554
2026-07-10T11:03:37.672467,Raspberry_Relieve1,25.653889516666666,-100.29159878333333,39.943,0.0,0,0.0,100.0,-1,0.004,,,,,,1465,1.0,0.0,8.975554
2026-07-10T11:03:38.672545,Raspberry_Relieve1,25.653889966666668,-100.2915979,39.942,0.0,0,0.0,100.0,-1,0.004,,,,,,1466,0.99,0.0,8.975554
2026-07-10T11:03:39.672662,Raspberry_Relieve1,25.653889783333334,-100.29159828333333,39.945,0.0,0,0.0,100.0,-1,0.004,,,,,,1467,1.01,0.0,8.975554
2026-07-10T11:03:40.672739,Raspberry_Relieve1,25.653889566666667,-100.29159806666667,39.945,0.0,0,0.0,100.0,-1,0.004,,,,,,1468,1.0,0.0,8.975554
2026-07-10T11:03:41.672822,Raspberry_Relieve1,25.653889466666666,-100.29159775,39.944,0.0,0,0.0,100.0,-1,0.004,,,,,,1469,0.96,0.0,8.975554
2026-07-10T11:03:42.672906,Raspberry_Relieve1,25.65388935,-100.29159766666666,39.942,0.0,0,0.0,100.0,-1,0.004,,,,,,1470,1.09,0.0,8.975554
2026-07-10T11:03:43.672991,Raspberry_Relieve1,25.653889266666667,-100.29159766666666,39.946,0.0,0,0.0,100.0,-1,0.004,,,,,,1471,0.87,0.0,8.975554
2026-07-10T11:03:44.673075,Raspberry_Relieve1,25.6538892,-100.29159773333333,39.943,0.0,0,0.0,100.0,-1,0.004,,,,,,1472,1.0,0.0,8.975554
2026-07-10T11:03:45.673310,Raspberry_Relieve1,25.65388915,-100.29159781666667,39.946,0.0,0,0.0,100.0,-1,0.004,,,,,,1473,1.07,0.0,8.975554
2026-07-10T11:03:46.673371,Raspberry_Relieve1,25.6538891,-100.29159793333334,39.946,0.0,0,0.0,100.0,-1,0.004,,,,,,1474,1.0,0.0,8.975554
2026-07-10T11:03:47.673455,Raspberry_Relieve1,25.653888666666667,-100.29159873333333,39.947,0.0,0,0.0,100.0,-1,0.004,,,,,,1475,0.94,0.0,8.975554
2026-07-10T11:03:48.673542,Raspberry_Relieve1,25.653884683333334,-100.29160186666667,39.946,0.0,0,0.0,100.0,-1,0.004,,,,,,1476,1.07,0.0,8.975554
2026-07-10T11:03:49.673629,Raspberry_Relieve1,25.653883683333333,-100.29160341666666,39.946,0.0,0,0.0,100.0,-1,0.004,,,,,,1477,1.01,0.0,8.975554
2026-07-10T11:03:50.673708,Raspberry_Relieve1,25.65388455,-100.29160505,39.946,0.0,0,0.0,100.0,-1,0.004,,,,,,1478,0.96,0.0,8.975554
2026-07-10T11:03:51.673827,Raspberry_Relieve1,25.653886566666667,-100.29160653333334,39.948,0.0,0,0.0,100.0,-1,0.004,,,,,,1480,1.8,0.0,8.975554
2026-07-10T11:03:52.910013,Raspberry_Relieve1,25.653888983333335,-100.29160785,39.947,0.0,0,0.0,100.0,-1,0.004,,,,,,1480,0.38,0.0,8.975554
2026-07-10T11:03:53.910126,Raspberry_Relieve1,25.653891166666668,-100.29160998333333,39.949,0.0,0,0.0,100.0,-1,0.004,,,,,,1481,1.04,0.0,8.975554
2026-07-10T11:03:54.910241,Raspberry_Relieve1,25.6538916,-100.29161283333333,39.948,0.0,0,0.0,100.0,-1,0.004,,,,,,1482,0.99,0.0,8.975554
2026-07-10T11:03:55.910302,Raspberry_Relieve1,25.6538908,-100.2916152,39.95,0.0,0,0.0,100.0,-1,0.004,,,,,,1483,0.99,0.0,8.975554
2026-07-10T11:03:56.910395,Raspberry_Relieve1,25.6538898,-100.29161738333333,39.948,0.0,0,0.0,100.0,-1,0.004,,,,,,1484,1.01,0.0,8.975554
2026-07-10T11:03:57.910600,Raspberry_Relieve1,25.653889316666667,-100.2916186,39.948,0.0,0,0.0,100.0,-1,0.004,,,,,,1485,1.05,0.0,8.975554
2026-07-10T11:03:58.910742,Raspberry_Relieve1,25.653889566666667,-100.2916192,39.949,0.0,0,0.0,100.0,-1,0.004,,,,,,1486,1.01,0.0,8.975554
2026-07-10T11:03:59.910829,Raspberry_Relieve1,25.653889716666665,-100.29161961666667,39.947,0.0,0,0.0,100.0,-1,0.004,,,,,,1487,0.97,0.0,8.975554
2026-07-10T11:04:00.910920,Raspberry_Relieve1,25.653889866666667,-100.2916198,39.948,0.0,0,0.0,100.0,-1,0.004,,,,,,1488,0.96,0.0,8.975554
2026-07-10T11:04:01.911010,Raspberry_Relieve1,25.653889966666668,-100.29161991666666,39.947,0.0,0,0.0,100.0,-1,0.004,,,,,,1489,1.08,0.0,8.975554
2026-07-10T11:04:02.911107,Raspberry_Relieve1,25.653890033333333,-100.29161996666667,39.947,0.0,0,0.0,100.0,-1,0.004,,,,,,1490,0.93,0.0,8.975554
2026-07-10T11:04:03.911265,Raspberry_Relieve1,25.653890133333334,-100.29161996666667,39.948,0.0,0,0.0,100.0,-1,0.004,,,,,,1491,1.04,0.0,8.975554
2026-07-10T11:04:04.911335,Raspberry_Relieve1,25.653890016666665,-100.2916201,39.949,0.0,0,0.0,100.0,-1,0.004,,,,,,1492,0.95,0.0,8.975554
2026-07-10T11:04:05.911428,Raspberry_Relieve1,25.65389,-100.2916202,39.949,0.0,0,0.0,100.0,-1,0.004,,,,,,1493,1.05,0.0,8.975554
2026-07-10T11:04:06.911529,Raspberry_Relieve1,25.6538899,-100.29162036666666,39.95,0.0,0,0.0,100.0,-1,0.004,,,,,,1494,0.94,0.0,8.975554
2026-07-10T11:04:07.911633,Raspberry_Relieve1,25.653889733333333,-100.2916206,39.95,0.0,0,0.0,100.0,-1,0.004,,,,,,1495,1.06,0.0,8.975554
2026-07-10T11:04:08.911727,Raspberry_Relieve1,25.6538895,-100.29162091666667,39.949,0.0,0,0.0,100.0,-1,0.004,,,,,,1496,1.02,0.0,8.975554
2026-07-10T11:04:09.911881,Raspberry_Relieve1,25.65388925,-100.29162125,39.95,0.0,0,0.0,100.0,-1,0.004,,,,,,1497,0.91,0.0,8.975554
2026-07-10T11:04:10.911950,Raspberry_Relieve1,25.653888833333333,-100.29162178333333,39.951,0.0,0,0.0,100.0,-1,0.004,,,,,,1498,1.08,0.0,8.975554
2026-07-10T11:04:11.912041,Raspberry_Relieve1,25.65388845,-100.29162216666667,39.95,0.0,0,0.0,100.0,-1,0.004,,,,,,1499,0.99,0.0,8.975554
2026-07-10T11:04:12.912138,Raspberry_Relieve1,25.653888083333335,-100.29162251666666,39.951,0.0,0,0.0,100.0,-1,0.004,,,,,,1500,1.02,0.0,8.975554
2026-07-10T11:04:13.912240,Raspberry_Relieve1,25.653887683333334,-100.2916229,39.951,0.0,0,0.0,100.0,-1,0.004,,,,,,1501,0.99,0.0,8.975554
2026-07-10T11:04:14.912337,Raspberry_Relieve1,25.653887333333333,-100.29162321666666,39.951,0.0,0,0.0,100.0,-1,0.004,,,,,,1502,0.99,0.0,8.975554
2026-07-10T11:04:15.912571,Raspberry_Relieve1,25.653886916666668,-100.29162358333333,39.95,0.0,0,0.0,100.0,-1,0.004,,,,,,1503,1.08,0.0,8.975554
2026-07-10T11:04:16.912699,Raspberry_Relieve1,25.653886516666667,-100.29162393333333,39.95,0.0,0,0.0,100.0,-1,0.004,,,,,,1504,0.91,0.0,8.975554
2026-07-10T11:04:17.912821,Raspberry_Relieve1,25.653886183333334,-100.29162425,39.95,0.0,0,0.0,100.0,-1,0.004,,,,,,1505,1.08,0.0,8.975554
2026-07-10T11:04:18.912968,Raspberry_Relieve1,25.653885733333333,-100.29162466666666,39.953,0.0,0,0.0,100.0,-1,0.004,,,,,,1506,0.96,0.0,8.975554
2026-07-10T11:04:19.913055,Raspberry_Relieve1,25.6538853,-100.29162505,39.952,0.0,0,0.0,100.0,-1,0.004,,,,,,1507,1.0,0.0,8.975554
2026-07-10T11:04:20.913144,Raspberry_Relieve1,25.653884833333333,-100.29162548333333,39.953,0.0,0,0.0,100.0,-1,0.004,,,,,,1509,2.5,0.0,8.975554
2026-07-10T11:04:22.801106,Raspberry_Relieve1,25.653884033333334,-100.29162623333333,39.954,0.0,0,0.0,100.0,-1,0.004,,,,,,1510,0.35,0.0,8.975554
2026-07-10T11:04:23.801202,Raspberry_Relieve1,25.653883766666667,-100.29162648333333,39.952,0.0,0,0.0,100.0,-1,0.004,,,,,,1511,0.99,0.0,8.975554
2026-07-10T11:04:24.801382,Raspberry_Relieve1,25.653883516666667,-100.29162671666667,39.953,0.0,0,0.0,100.0,-1,0.004,,,,,,1512,1.03,0.0,8.975554
2026-07-10T11:04:25.801455,Raspberry_Relieve1,25.653883283333332,-100.29162695,39.954,0.0,0,0.0,100.0,-1,0.004,,,,,,1513,1.01,0.0,8.975554
2026-07-10T11:04:26.801538,Raspberry_Relieve1,25.65388305,-100.29162718333333,39.953,0.0,0,0.0,100.0,-1,0.004,,,,,,1514,0.97,0.0,8.975554
2026-07-10T11:04:27.801620,Raspberry_Relieve1,25.653882816666666,-100.29162741666667,39.954,0.0,0,0.0,100.0,-1,0.004,,,,,,1515,1.06,0.0,8.975554
2026-07-10T11:04:28.801701,Raspberry_Relieve1,25.653882583333335,-100.29162765,39.953,0.0,0,0.0,100.0,-1,0.004,,,,,,1516,0.91,0.0,8.975554
2026-07-10T11:04:29.801783,Raspberry_Relieve1,25.6538824,-100.29162785,39.953,0.0,0,0.0,100.0,-1,0.004,,,,,,1517,1.04,0.0,8.975554
2026-07-10T11:04:30.801898,Raspberry_Relieve1,25.653882199999998,-100.2916281,39.955,0.0,0,0.0,100.0,-1,0.004,,,,,,1518,1.02,0.0,8.975554
2026-07-10T11:04:31.802000,Raspberry_Relieve1,25.653881983333335,-100.29162835,39.954,0.0,0,0.0,100.0,-1,0.004,,,,,,1519,0.97,0.0,8.975554
2026-07-10T11:04:32.802108,Raspberry_Relieve1,25.653881816666665,-100.29162856666666,39.955,0.0,0,0.0,100.0,-1,0.004,,,,,,1520,1.04,0.0,8.975554
2026-07-10T11:04:33.802301,Raspberry_Relieve1,25.653881683333335,-100.29162871666666,39.956,0.0,0,0.0,100.0,-1,0.004,,,,,,1521,0.96,0.0,8.975554
2026-07-10T11:04:34.802355,Raspberry_Relieve1,25.653881633333334,-100.2916288,39.955,0.0,0,0.0,100.0,-1,0.004,,,,,,1522,0.95,0.0,8.975554
2026-07-10T11:04:35.802439,Raspberry_Relieve1,25.653881566666666,-100.29162886666667,39.953,0.0,0,0.0,100.0,-1,0.004,,,,,,1523,1.06,0.0,8.975554
2026-07-10T11:04:36.802563,Raspberry_Relieve1,25.653881516666665,-100.29162891666667,39.953,0.0,0,0.0,100.0,-1,0.004,,,,,,1524,0.98,0.0,8.975554
2026-07-10T11:04:37.802631,Raspberry_Relieve1,25.653881483333333,-100.29162895,39.953,0.0,0,0.0,100.0,-1,0.004,,,,,,1525,1.02,0.0,8.975554
2026-07-10T11:04:38.802722,Raspberry_Relieve1,25.653881483333333,-100.29162895,39.952,0.0,0,0.0,100.0,-1,0.004,,,,,,1526,0.98,0.0,8.975554
2026-07-10T11:04:39.802896,Raspberry_Relieve1,25.653881383333335,-100.29162905,39.954,0.0,0,0.0,100.0,-1,0.004,,,,,,1527,1.11,0.0,8.975554
2026-07-10T11:04:40.802966,Raspberry_Relieve1,25.653881216666665,-100.29162925,39.954,0.0,0,0.0,100.0,-1,0.004,,,,,,1528,0.96,0.0,8.975554
2026-07-10T11:04:41.803050,Raspberry_Relieve1,25.653881033333334,-100.29162945,39.954,0.0,0,0.0,100.0,-1,0.004,,,,,,1529,0.91,0.0,8.975554
2026-07-10T11:04:42.803135,Raspberry_Relieve1,25.653880833333332,-100.2916297,39.953,0.0,0,0.0,100.0,-1,0.004,,,,,,1530,1.06,0.0,8.975554
2026-07-10T11:04:43.803224,Raspberry_Relieve1,25.653880616666665,-100.29162995,39.955,0.0,0,0.0,100.0,-1,0.004,,,,,,1531,1.01,0.0,8.975554
2026-07-10T11:04:44.803314,Raspberry_Relieve1,25.653880383333334,-100.29163023333334,39.953,0.0,0,0.0,100.0,-1,0.004,,,,,,1532,0.94,0.0,8.975554
2026-07-10T11:04:45.803488,Raspberry_Relieve1,25.6538801,-100.29163055,39.955,0.0,0,0.0,100.0,-1,0.004,,,,,,1533,1.03,0.0,8.975554
2026-07-10T11:04:46.803556,Raspberry_Relieve1,25.653879833333335,-100.29163083333333,39.955,0.0,0,0.0,100.0,-1,0.004,,,,,,1534,0.98,0.0,8.975554
2026-07-10T11:04:47.803640,Raspberry_Relieve1,25.653879533333335,-100.29163111666666,39.954,0.0,0,0.0,100.0,-1,0.004,,,,,,1535,0.97,0.0,8.975554
2026-07-10T11:04:48.803722,Raspberry_Relieve1,25.653879283333332,-100.29163138333334,39.955,0.0,0,0.0,100.0,-1,0.004,,,,,,1536,0.99,0.0,8.975554
2026-07-10T11:04:49.803807,Raspberry_Relieve1,25.653879166666666,-100.29163155,39.954,0.0,0,0.0,100.0,-1,0.004,,,,,,1537,1.08,0.0,8.975554
2026-07-10T11:04:50.803898,Raspberry_Relieve1,25.6538791,-100.29163168333334,39.956,0.0,0,0.0,100.0,-1,0.004,,,,,,1538,0.97,0.0,8.975554
2026-07-10T11:04:51.804017,Raspberry_Relieve1,25.653879,-100.29163183333333,39.954,0.0,0,0.0,100.0,-1,0.004,,,,,,1539,1.05,0.0,8.975554
2026-07-10T11:04:52.804092,Raspberry_Relieve1,25.653878866666666,-100.29163201666667,39.955,0.0,0,0.0,100.0,-1,0.004,,,,,,1540,0.95,0.0,8.975554
2026-07-10T11:04:53.804170,Raspberry_Relieve1,25.653878883333334,-100.29163225,39.955,0.0,0,0.0,100.0,-1,0.004,,,,,,1541,1.04,0.0,8.975554
2026-07-10T11:04:54.804257,Raspberry_Relieve1,25.65387885,-100.29163246666667,39.954,0.0,0,0.0,100.0,-1,0.004,,,,,,1542,0.95,0.0,8.975554
2026-07-10T11:04:55.804347,Raspberry_Relieve1,25.653878816666666,-100.29163265,39.955,0.0,0,0.0,100.0,-1,0.004,,,,,,1543,1.03,0.0,8.975554
2026-07-10T11:04:56.804431,Raspberry_Relieve1,25.65387875,-100.29163285,39.956,0.0,0,0.0,100.0,-1,0.004,,,,,,1544,1.01,0.0,8.975554
2026-07-10T11:04:57.804563,Raspberry_Relieve1,25.653878733333332,-100.291633,39.956,0.0,0,0.0,100.0,-1,0.004,,,,,,1545,1.04,0.0,8.975554
2026-07-10T11:04:58.804630,Raspberry_Relieve1,25.6538787,-100.29163315,39.957,0.0,0,0.0,100.0,-1,0.004,,,,,,1546,0.96,0.0,8.975554
2026-07-10T11:04:59.804709,Raspberry_Relieve1,25.653878666666667,-100.2916333,39.954,0.0,0,0.0,100.0,-1,0.004,,,,,,1547,0.94,0.0,8.975554
2026-07-10T11:05:00.804870,Raspberry_Relieve1,25.653878616666667,-100.29163341666667,39.955,0.0,0,0.0,100.0,-1,0.004,,,,,,1548,1.04,0.0,8.975554
2026-07-10T11:05:01.804900,Raspberry_Relieve1,25.65387855,-100.29163351666666,39.957,0.0,0,0.0,100.0,-1,0.004,,,,,,1549,1.01,0.0,8.975554
2026-07-10T11:05:02.804988,Raspberry_Relieve1,25.653878466666665,-100.29163358333334,39.955,0.0,0,0.0,100.0,-1,0.004,,,,,,1550,0.96,0.0,8.975554
2026-07-10T11:05:03.805127,Raspberry_Relieve1,25.653878366666667,-100.2916337,39.956,0.0,0,0.0,100.0,-1,0.004,,,,,,1551,1.07,0.0,8.975554
2026-07-10T11:05:04.805252,Raspberry_Relieve1,25.653877950000002,-100.29163391666667,39.956,0.0,0,0.0,100.0,-1,0.004,,,,,,1552,0.99,0.0,8.975554
2026-07-10T11:05:05.805318,Raspberry_Relieve1,25.653877283333333,-100.29163426666666,39.957,0.0,0,0.0,100.0,-1,0.004,,,,,,1553,0.9,0.0,8.975554
2026-07-10T11:05:06.805405,Raspberry_Relieve1,25.6538768,-100.29163458333333,39.956,0.0,0,0.0,100.0,-1,0.004,,,,,,1554,1.08,0.0,8.975554
2026-07-10T11:05:07.805509,Raspberry_Relieve1,25.65387635,-100.29163493333333,39.957,0.0,0,0.0,100.0,-1,0.004,,,,,,1555,0.94,0.0,8.975554
2026-07-10T11:05:08.805587,Raspberry_Relieve1,25.653875916666667,-100.29163528333333,39.956,0.0,0,0.0,100.0,-1,0.004,,,,,,1556,1.06,0.0,8.975554
2026-07-10T11:05:09.805695,Raspberry_Relieve1,25.65387555,-100.29163561666667,39.955,0.0,0,0.0,100.0,-1,0.004,,,,,,1557,0.98,0.0,8.975554
2026-07-10T11:05:10.805825,Raspberry_Relieve1,25.653875216666666,-100.29163593333334,39.956,0.0,0,0.0,100.0,-1,0.004,,,,,,1558,1.03,0.0,8.975554
2026-07-10T11:05:11.805932,Raspberry_Relieve1,25.653875016666667,-100.29163615,39.957,0.0,0,0.0,100.0,-1,0.004,,,,,,1559,1.0,0.0,8.975554
2026-07-10T11:05:12.806097,Raspberry_Relieve1,25.6538749,-100.2916363,39.957,0.0,0,0.0,100.0,-1,0.004,,,,,,1560,0.97,0.0,8.975554
2026-07-10T11:05:13.806167,Raspberry_Relieve1,25.653874933333334,-100.29163638333333,39.957,0.0,0,0.0,100.0,-1,0.004,,,,,,1561,1.01,0.0,8.975554
2026-07-10T11:05:14.806273,Raspberry_Relieve1,25.65387515,-100.29163641666666,39.958,0.0,0,0.0,100.0,-1,0.004,,,,,,1562,0.99,0.0,8.975554
2026-07-10T11:05:15.806365,Raspberry_Relieve1,25.653875266666667,-100.29163641666666,39.957,0.0,0,0.0,100.0,-1,0.004,,,,,,1563,1.01,0.0,8.975554
2026-07-10T11:05:16.806450,Raspberry_Relieve1,25.653875366666668,-100.2916364,39.957,0.0,0,0.0,100.0,-1,0.004,,,,,,1564,1.03,0.0,8.975554
2026-07-10T11:05:17.806560,Raspberry_Relieve1,25.6538754,-100.2916364,39.957,0.0,0,0.0,100.0,-1,0.004,,,,,,1565,1.04,0.0,8.975554
2026-07-10T11:05:18.806671,Raspberry_Relieve1,25.653875333333332,-100.29163646666666,39.956,0.0,0,0.0,100.0,-1,0.004,,,,,,1566,0.93,0.0,8.975554
2026-07-10T11:05:19.806816,Raspberry_Relieve1,25.653875133333333,-100.29163661666666,39.957,0.0,0,0.0,100.0,-1,0.004,,,,,,1567,0.94,0.0,8.975554
2026-07-10T11:05:20.806915,Raspberry_Relieve1,25.653874933333334,-100.29163678333333,39.958,0.0,0,0.0,100.0,-1,0.004,,,,,,1568,1.06,0.0,8.975554
2026-07-10T11:05:21.806981,Raspberry_Relieve1,25.653874683333335,-100.29163695,39.957,0.0,0,0.0,100.0,-1,0.004,,,,,,1569,0.96,0.0,8.975554
2026-07-10T11:05:22.807072,Raspberry_Relieve1,25.653874433333332,-100.29163713333334,39.956,0.0,0,0.0,100.0,-1,0.004,,,,,,1570,1.01,0.0,8.975554
2026-07-10T11:05:23.807153,Raspberry_Relieve1,25.653874133333332,-100.29163733333333,39.956,0.0,0,0.0,100.0,-1,0.004,,,,,,1571,1.02,0.0,8.975554
2026-07-10T11:05:24.807239,Raspberry_Relieve1,25.653873883333333,-100.29163751666667,39.958,0.0,0,0.0,100.0,-1,0.004,,,,,,1572,0.99,0.0,8.975554
2026-07-10T11:05:25.807326,Raspberry_Relieve1,25.653873666666666,-100.29163763333334,39.957,0.0,0,0.0,100.0,-1,0.004,,,,,,1573,1.06,0.0,8.975554
2026-07-10T11:05:26.807460,Raspberry_Relieve1,25.65387345,-100.29163776666667,39.957,0.0,0,0.0,100.0,-1,0.004,,,,,,1574,0.95,0.0,8.975554
2026-07-10T11:05:27.807526,Raspberry_Relieve1,25.65387325,-100.29163786666666,39.957,0.0,0,0.0,100.0,-1,0.004,,,,,,1575,0.92,0.0,8.975554
2026-07-10T11:05:28.807610,Raspberry_Relieve1,25.653873133333335,-100.2916379,39.958,0.0,0,0.0,100.0,-1,0.004,,,,,,1576,1.04,0.0,8.975554
2026-07-10T11:05:29.807689,Raspberry_Relieve1,25.653873016666665,-100.29163796666667,39.958,0.0,0,0.0,100.0,-1,0.004,,,,,,1577,1.05,0.0,8.975554
2026-07-10T11:05:30.807777,Raspberry_Relieve1,25.6538729,-100.29163805,39.958,0.0,0,0.0,100.0,-1,0.004,,,,,,1578,0.98,0.0,8.975554
2026-07-10T11:05:31.807861,Raspberry_Relieve1,25.6538728,-100.29163816666667,39.958,0.0,0,0.0,100.0,-1,0.004,,,,,,1579,1.01,0.0,8.975554
2026-07-10T11:05:32.808009,Raspberry_Relieve1,25.653872733333333,-100.29163823333333,39.551,2.12,84,83.85,100.0,-1,0.004,,,,,,1580,1.0,0.011632,8.987186
2026-07-10T11:05:33.808114,Raspberry_Relieve1,25.65386528333333,-100.29163146666667,39.263,4.949,194,194.31,100.0,-1,0.003,,,,,,1581,1.03,0.039857,9.027043
2026-07-10T11:05:34.808232,Raspberry_Relieve1,25.653849333333334,-100.29162133333334,39.487,5.451,215,215.24,100.0,-1,0.001,,,,,,1582,0.98,0.055873,9.082916
2026-07-10T11:05:35.808297,Raspberry_Relieve1,25.653831366666665,-100.29162048333333,39.524,3.731,147,147.46,100.0,-1,0.0,,,,,,1583,0.98,0.04924,9.132156
2026-07-10T11:05:36.808393,Raspberry_Relieve1,25.653810533333335,-100.29163166666666,37.7,17.124,646,645.57,100.0,-1,0.0,,,,,,1584,1.03,0.113069,9.245226
2026-07-10T11:05:37.808472,Raspberry_Relieve1,25.65378775,-100.29165046666667,38.115,16.897,644,644.03,100.0,-1,0.0,,,,,,1585,0.97,0.173085,9.418311
2026-07-10T11:05:38.808562,Raspberry_Relieve1,25.653764266666666,-100.29166755,39.862,1.094,44,43.61,100.0,-1,0.0,,,,,,1586,1.0,0.095343,9.513653
2026-07-10T11:05:39.808656,Raspberry_Relieve1,25.653743833333333,-100.29168563333333,37.666,13.184,497,496.59,100.0,-1,0.0,,,,,,1587,1.02,0.076341,9.589994
2026-07-10T11:05:40.808799,Raspberry_Relieve1,25.653729433333332,-100.29171136666666,37.616,18.76,706,705.68,100.0,-1,0.0,,,,,,1588,1.01,0.168152,9.758146
2026-07-10T11:05:41.808860,Raspberry_Relieve1,25.653721083333334,-100.29174493333333,39.791,5.892,234,234.45,100.0,-1,0.0,,,,,,1589,1.01,0.132142,9.890288
2026-07-10T11:05:42.808949,Raspberry_Relieve1,25.653719983333332,-100.29177571666666,39.841,0.119,5,4.74,100.0,-1,0.0,,,,,,1590,0.97,0.032166,9.922454
2026-07-10T11:05:43.809032,Raspberry_Relieve1,25.6537196,-100.291795,38.905,10.886,424,423.52,100.0,-1,0.0,,,,,,1591,0.99,0.059096,9.98155
2026-07-10T11:05:44.809125,Raspberry_Relieve1,25.653715466666668,-100.29181415,39.812,0.632,25,25.16,100.0,-1,0.0,,,,,,1592,0.96,0.059964,10.041513
2026-07-10T11:05:45.809208,Raspberry_Relieve1,25.653708266666666,-100.29183538333334,39.824,0.0,0,25.16,100.0,-1,0.0,,,,,,1593,0.98,0.006839,10.048352
2026-07-10T11:05:46.809350,Raspberry_Relieve1,25.653695933333335,-100.29184555,39.833,0.0,0,25.16,100.0,-1,0.0,,,,,,1594,1.07,0.007491,10.055843
2026-07-10T11:05:47.809406,Raspberry_Relieve1,25.653683133333335,-100.2918371,37.625,15.091,568,567.8,100.0,-1,0.0,,,,,,1595,1.03,0.084683,10.140526
2026-07-10T11:05:48.809505,Raspberry_Relieve1,25.6536761,-100.29181706666667,37.573,18.87,709,709.0,100.0,-1,0.0,,,,,,1596,0.94,0.166593,10.307119
2026-07-10T11:05:49.809588,Raspberry_Relieve1,25.65368013333333,-100.2918031,37.538,19.11,717,717.35,100.0,-1,0.0,,,,,,1597,1.03,0.204952,10.512071
2026-07-10T11:05:50.809683,Raspberry_Relieve1,25.653690033333334,-100.29178281666667,39.711,6.301,250,250.22,100.0,-1,0.0,,,,,,1598,1.03,0.138674,10.650745
2026-07-10T11:05:51.809768,Raspberry_Relieve1,25.653696733333334,-100.29175806666667,38.513,9.692,373,373.27,100.0,-1,0.0,,,,,,1599,0.95,0.082263,10.733008
2026-07-10T11:05:52.809973,Raspberry_Relieve1,25.653694016666666,-100.29173678333333,38.895,6.673,260,259.55,100.0,-1,0.0,,,,,,1600,0.99,0.086722,10.81973
2026-07-10T11:05:53.810037,Raspberry_Relieve1,25.653678833333334,-100.291721,39.146,6.003,235,234.99,100.0,-1,0.0,,,,,,1601,0.95,0.065469,10.885199
2026-07-10T11:05:54.810130,Raspberry_Relieve1,25.653661883333335,-100.29169838333334,37.524,16.581,622,622.19,100.0,-1,0.0,,,,,,1602,1.02,0.121107,11.006306
2026-07-10T11:05:55.810212,Raspberry_Relieve1,25.6536524,-100.29166876666666,39.706,3.007,119,119.4,100.0,-1,0.0,,,,,,1603,1.07,0.110687,11.116993
2026-07-10T11:05:56.810301,Raspberry_Relieve1,25.653649433333335,-100.29164233333333,39.845,-0.739,-29,-29.45,100.0,-1,0.0,,,,,,1604,0.94,0.011686,11.128678
2026-07-10T11:05:57.810381,Raspberry_Relieve1,25.653646666666667,-100.29161795,39.745,0.0,0,0.0,100.0,14400,0.0,,,,,,1605,1.0,-0.004086,11.124592
2026-07-10T11:05:58.810514,Raspberry_Relieve1,25.653649866666665,-100.29159841666667,39.756,0.0,0,0.0,100.0,-1,0.0,,,,,,1606,1.05,0.0,11.124592
2026-07-10T11:05:59.810577,Raspberry_Relieve1,25.653654616666667,-100.29158935,39.764,0.0,0,0.0,100.0,-1,0.0,,,,,,1607,1.0,0.0,11.124592
2026-07-10T11:06:00.810696,Raspberry_Relieve1,25.65365956666667,-100.29158511666667,39.769,0.0,0,0.0,100.0,-1,0.0,,,,,,1608,1.03,0.0,11.124592
2026-07-10T11:06:01.810766,Raspberry_Relieve1,25.653663083333335,-100.291581,39.777,0.0,0,0.0,100.0,-1,0.0,,,,,,1609,0.91,0.0,11.124592
2026-07-10T11:06:02.810858,Raspberry_Relieve1,25.653670983333335,-100.29158391666667,39.782,0.0,0,0.0,100.0,-1,0.0,,,,,,1610,1.06,0.0,11.124592
2026-07-10T11:06:03.810935,Raspberry_Relieve1,25.653673983333334,-100.29158521666666,39.787,0.0,0,0.0,100.0,-1,0.0,,,,,,1611,1.16,0.0,11.124592
2026-07-10T11:06:04.811125,Raspberry_Relieve1,25.6536749,-100.29158580000001,39.792,0.0,0,0.0,100.0,-1,0.0,,,,,,1612,0.87,0.0,11.124592
2026-07-10T11:06:05.811196,Raspberry_Relieve1,25.653676516666668,-100.2915836,39.796,0.0,0,0.0,100.0,-1,0.0,,,,,,1613,1.12,0.0,11.124592
2026-07-10T11:06:06.811285,Raspberry_Relieve1,25.65367895,-100.29158115,39.799,0.0,0,0.0,100.0,-1,0.0,,,,,,1614,0.86,0.0,11.124592
2026-07-10T11:06:07.811372,Raspberry_Relieve1,25.653684466666668,-100.29158266666667,39.803,0.0,0,0.0,100.0,-1,0.0,,,,,,1615,0.96,0.0,11.124592
2026-07-10T11:06:08.811458,Raspberry_Relieve1,25.653687033333334,-100.29158395,39.807,0.0,0,0.0,100.0,-1,0.0,,,,,,1616,1.03,0.0,11.124592
2026-07-10T11:06:09.811563,Raspberry_Relieve1,25.653685033333332,-100.29158253333334,39.811,0.0,0,0.0,100.0,-1,0.0,,,,,,1617,0.98,0.0,11.124592
2026-07-10T11:06:10.811728,Raspberry_Relieve1,25.653684766666668,-100.2915798,39.814,0.0,0,0.0,100.0,-1,0.0,,,,,,1619,1.78,0.0,11.124592
2026-07-10T11:06:12.112050,Raspberry_Relieve1,25.65368535,-100.29157701666666,39.823,0.0,0,0.0,100.0,-1,0.0,,,,,,1619,0.53,0.0,11.124592
2026-07-10T11:06:13.112124,Raspberry_Relieve1,25.65368575,-100.29157603333333,39.821,0.0,0,0.0,100.0,-1,0.0,,,,,,1620,1.0,0.0,11.124592
2026-07-10T11:06:14.112213,Raspberry_Relieve1,25.65368485,-100.29157498333333,39.824,0.0,0,0.0,100.0,-1,0.0,,,,,,1621,1.05,0.0,11.124592
2026-07-10T11:06:15.112311,Raspberry_Relieve1,25.653685883333335,-100.29157458333333,39.827,0.0,0,0.0,100.0,-1,0.0,,,,,,1622,1.03,0.0,11.124592
2026-07-10T11:06:16.112395,Raspberry_Relieve1,25.6536881,-100.29157541666666,39.83,0.0,0,0.0,100.0,-1,0.0,,,,,,1623,0.97,0.0,11.124592
2026-07-10T11:06:17.112480,Raspberry_Relieve1,25.653687566666665,-100.29157423333334,39.831,0.0,0,0.0,100.0,-1,0.0,,,,,,1624,1.02,0.0,11.124592
2026-07-10T11:06:18.112574,Raspberry_Relieve1,25.6536896,-100.2915741,39.835,0.0,0,0.0,100.0,-1,0.0,,,,,,1625,0.91,0.0,11.124592
2026-07-10T11:06:19.112657,Raspberry_Relieve1,25.6536915,-100.29157508333333,39.836,0.0,0,0.0,100.0,-1,0.0,,,,,,1626,1.04,0.0,11.124592
2026-07-10T11:06:20.112743,Raspberry_Relieve1,25.653694366666667,-100.29157785,39.837,0.0,0,0.0,100.0,-1,0.0,,,,,,1627,0.97,0.0,11.124592
2026-07-10T11:06:21.112829,Raspberry_Relieve1,25.653697833333332,-100.29158166666667,39.84,0.0,0,0.0,100.0,-1,0.0,,,,,,1628,1.05,0.0,11.124592
2026-07-10T11:06:22.112914,Raspberry_Relieve1,25.653695316666667,-100.291581,39.839,0.0,0,0.0,100.0,-1,0.0,,,,,,1629,1.0,0.0,11.124592
2026-07-10T11:06:23.113037,Raspberry_Relieve1,25.65369855,-100.29158225,39.842,0.0,0,0.0,100.0,-1,0.0,,,,,,1630,1.06,0.0,11.124592
2026-07-10T11:06:24.113147,Raspberry_Relieve1,25.653702433333333,-100.29158373333334,39.846,0.0,0,0.0,100.0,-1,0.0,,,,,,1631,0.88,0.0,11.124592
2026-07-10T11:06:25.113218,Raspberry_Relieve1,25.653706183333334,-100.2915854,39.848,0.0,0,0.0,100.0,-1,0.0,,,,,,1632,1.07,0.0,11.124592
2026-07-10T11:06:26.113311,Raspberry_Relieve1,25.653708566666666,-100.29158638333334,39.848,0.0,0,0.0,100.0,-1,0.0,,,,,,1633,0.94,0.0,11.124592
2026-07-10T11:06:27.113404,Raspberry_Relieve1,25.653710066666665,-100.291587,39.849,0.0,0,0.0,100.0,-1,0.0,,,,,,1634,1.1,0.0,11.124592
2026-07-10T11:06:28.113496,Raspberry_Relieve1,25.653710883333332,-100.2915873,39.851,0.0,0,0.0,100.0,-1,0.0,,,,,,1635,0.89,0.0,11.124592
2026-07-10T11:06:29.113589,Raspberry_Relieve1,25.6537113,-100.29158745,39.854,0.0,0,0.0,100.0,-1,0.0,,,,,,1636,1.07,0.0,11.124592
2026-07-10T11:06:30.113696,Raspberry_Relieve1,25.653711466666667,-100.2915875,39.854,0.0,0,0.0,100.0,-1,0.0,,,,,,1637,1.02,0.0,11.124592
2026-07-10T11:06:31.113812,Raspberry_Relieve1,25.653711533333333,-100.29158751666667,39.856,0.0,0,0.0,100.0,-1,0.0,,,,,,1638,0.96,0.0,11.124592
2026-07-10T11:06:32.113944,Raspberry_Relieve1,25.65371155,-100.29158755,39.858,0.0,0,0.0,100.0,-1,0.0,,,,,,1639,0.97,0.0,11.124592
2026-07-10T11:06:33.114021,Raspberry_Relieve1,25.6537116,-100.29158756666666,39.859,0.0,0,0.0,100.0,-1,0.0,,,,,,1640,1.15,0.0,11.124592
2026-07-10T11:06:34.114110,Raspberry_Relieve1,25.653711649999998,-100.29158755,39.86,0.0,0,0.0,100.0,-1,0.0,,,,,,1641,0.83,0.0,11.124592
2026-07-10T11:06:35.114202,Raspberry_Relieve1,25.653711666666666,-100.29158753333333,39.861,0.0,0,0.0,100.0,-1,0.0,,,,,,1642,1.06,0.0,11.124592
2026-07-10T11:06:36.114299,Raspberry_Relieve1,25.653711633333334,-100.29158751666667,39.863,0.0,0,0.0,100.0,-1,0.0,,,,,,1643,0.92,0.0,11.124592
2026-07-10T11:06:37.114392,Raspberry_Relieve1,25.653711633333334,-100.2915875,39.863,0.0,0,0.0,100.0,-1,0.0,,,,,,1644,1.02,0.0,11.124592
2026-07-10T11:06:38.114531,Raspberry_Relieve1,25.653711616666666,-100.2915875,39.865,0.0,0,0.0,100.0,-1,0.0,,,,,,1645,1.03,0.0,11.124592
2026-07-10T11:06:39.114624,Raspberry_Relieve1,25.653711516666668,-100.29158748333333,39.866,0.0,0,0.0,100.0,-1,0.0,,,,,,1646,0.98,0.0,11.124592
2026-07-10T11:06:40.114705,Raspberry_Relieve1,25.653711483333332,-100.29158743333333,39.865,0.0,0,0.0,100.0,-1,0.0,,,,,,1648,1.5,0.0,11.124592
2026-07-10T11:06:41.114788,Raspberry_Relieve1,25.653711466666667,-100.2915874,39.868,0.0,0,0.0,100.0,-1,0.0,,,,,,1648,0.5,0.0,11.124592
2026-07-10T11:06:42.114879,Raspberry_Relieve1,25.653711416666667,-100.29158738333334,39.868,0.0,0,0.0,100.0,-1,0.0,,,,,,1649,1.05,0.0,11.124592
2026-07-10T11:06:43.114958,Raspberry_Relieve1,25.653711350000002,-100.29158736666666,39.868,0.0,0,0.0,100.0,-1,0.0,,,,,,1650,1.05,0.0,11.124592
2026-07-10T11:06:44.115060,Raspberry_Relieve1,25.653711316666666,-100.29158736666666,39.87,0.0,0,0.0,100.0,-1,0.0,,,,,,1651,1.03,0.0,11.124592
2026-07-10T11:06:45.115149,Raspberry_Relieve1,25.6537113,-100.29158736666666,39.871,0.0,0,0.0,100.0,-1,0.0,,,,,,1652,0.91,0.0,11.124592
2026-07-10T11:06:46.115250,Raspberry_Relieve1,25.653711316666666,-100.29158738333334,39.872,0.0,0,0.0,100.0,-1,0.0,,,,,,1653,1.12,0.0,11.124592
2026-07-10T11:06:47.115331,Raspberry_Relieve1,25.653711316666666,-100.2915874,39.873,0.0,0,0.0,100.0,-1,0.0,,,,,,1654,0.93,0.0,11.124592
2026-07-10T11:06:48.115434,Raspberry_Relieve1,25.653711333333334,-100.2915874,39.874,0.0,0,0.0,100.0,-1,0.0,,,,,,1655,0.98,0.0,11.124592
2026-07-10T11:06:49.115583,Raspberry_Relieve1,25.653711350000002,-100.2915874,39.874,0.0,0,0.0,100.0,-1,0.0,,,,,,1656,1.01,0.0,11.124592
2026-07-10T11:06:50.115658,Raspberry_Relieve1,25.653711316666666,-100.2915874,39.875,0.0,0,0.0,100.0,-1,0.0,,,,,,1657,0.95,0.0,11.124592
2026-07-10T11:06:51.115743,Raspberry_Relieve1,25.653711283333333,-100.2915874,39.876,0.0,0,0.0,100.0,-1,0.0,,,,,,1658,0.96,0.0,11.124592
2026-07-10T11:06:52.115819,Raspberry_Relieve1,25.65371125,-100.29158738333334,39.875,0.0,0,0.0,100.0,-1,0.0,,,,,,1659,1.1,0.0,11.124592
2026-07-10T11:06:53.115900,Raspberry_Relieve1,25.65371125,-100.29158733333334,39.876,0.0,0,0.0,100.0,-1,0.0,,,,,,1660,0.95,0.0,11.124592
2026-07-10T11:06:54.115977,Raspberry_Relieve1,25.653711283333333,-100.2915873,39.876,0.0,0,0.0,100.0,-1,0.0,,,,,,1661,1.03,0.0,11.124592
2026-07-10T11:06:55.116093,Raspberry_Relieve1,25.6537113,-100.29158728333333,39.878,0.0,0,0.0,100.0,-1,0.0,,,,,,1662,0.93,0.0,11.124592
2026-07-10T11:06:56.116200,Raspberry_Relieve1,25.653711316666666,-100.29158728333333,39.879,0.0,0,0.0,100.0,-1,0.0,,,,,,1663,1.05,0.0,11.124592
2026-07-10T11:06:57.116274,Raspberry_Relieve1,25.653711316666666,-100.29158726666667,39.879,0.0,0,0.0,100.0,-1,0.0,,,,,,1664,1.0,0.0,11.124592
2026-07-10T11:06:58.116360,Raspberry_Relieve1,25.653711333333334,-100.29158726666667,39.88,0.0,0,0.0,100.0,-1,0.0,,,,,,1665,0.98,0.0,11.124592
2026-07-10T11:06:59.116442,Raspberry_Relieve1,25.653711316666666,-100.29158725,39.881,0.0,0,0.0,100.0,-1,0.0,,,,,,1666,1.12,0.0,11.124592
2026-07-10T11:07:00.116522,Raspberry_Relieve1,25.653711350000002,-100.29158725,39.882,0.0,0,0.0,100.0,-1,0.0,,,,,,1667,0.93,0.0,11.124592
2026-07-10T11:07:01.116608,Raspberry_Relieve1,25.653711383333334,-100.29158726666667,39.883,0.0,0,0.0,100.0,-1,0.0,,,,,,1668,0.98,0.0,11.124592
2026-07-10T11:07:02.116698,Raspberry_Relieve1,25.653711416666667,-100.29158728333333,39.882,0.0,0,0.0,100.0,-1,0.0,,,,,,1669,0.93,0.0,11.124592
2026-07-10T11:07:03.116783,Raspberry_Relieve1,25.6537114,-100.29158728333333,39.883,0.0,0,0.0,100.0,-1,0.0,,,,,,1670,1.08,0.0,11.124592
2026-07-10T11:07:04.116869,Raspberry_Relieve1,25.653718733333335,-100.29158506666667,39.883,0.0,0,0.0,100.0,-1,0.0,,,,,,1671,0.98,0.0,11.124592
2026-07-10T11:07:05.116953,Raspberry_Relieve1,25.653735866666665,-100.29157851666666,39.884,0.0,0,0.0,100.0,-1,0.0,,,,,,1672,0.99,0.0,11.124592
2026-07-10T11:07:06.117039,Raspberry_Relieve1,25.653747583333335,-100.29157393333334,39.883,0.0,0,0.0,100.0,-1,0.0,,,,,,1673,1.0,0.0,11.124592
2026-07-10T11:07:07.117159,Raspberry_Relieve1,25.653753883333334,-100.29157043333333,39.885,0.0,0,0.0,100.0,-1,0.0,,,,,,1674,1.06,0.0,11.124592
2026-07-10T11:07:08.117269,Raspberry_Relieve1,25.6537647,-100.29156676666666,39.885,0.0,0,0.0,100.0,-1,0.0,,,,,,1675,0.89,0.0,11.124592
2026-07-10T11:07:09.117342,Raspberry_Relieve1,25.6537734,-100.29156486666666,39.885,0.0,0,0.0,100.0,-1,0.0,,,,,,1676,1.1,0.0,11.124592
2026-07-10T11:07:10.117429,Raspberry_Relieve1,25.6537825,-100.29156105,39.888,0.0,0,0.0,100.0,-1,0.0,,,,,,1677,0.91,0.0,11.124592
2026-07-10T11:07:11.117511,Raspberry_Relieve1,25.6537892,-100.2915573,39.887,0.0,0,0.0,100.0,-1,0.0,,,,,,1678,1.02,0.0,11.124592
2026-07-10T11:07:12.117598,Raspberry_Relieve1,25.65378965,-100.29155505,39.885,0.0,0,0.0,100.0,-1,0.0,,,,,,1679,1.0,0.0,11.124592
2026-07-10T11:07:13.117682,Raspberry_Relieve1,25.653789383333333,-100.29155455,39.886,0.0,0,0.0,100.0,-1,0.0,,,,,,1680,1.03,0.0,11.124592
2026-07-10T11:07:14.117776,Raspberry_Relieve1,25.653790083333334,-100.2915557,39.887,0.0,0,0.0,100.0,-1,0.0,,,,,,1681,0.98,0.0,11.124592
2026-07-10T11:07:15.117859,Raspberry_Relieve1,25.65379075,-100.29155721666666,39.887,0.0,0,0.0,100.0,-1,0.0,,,,,,1682,1.12,0.0,11.124592
2026-07-10T11:07:16.117936,Raspberry_Relieve1,25.653791566666666,-100.29155816666666,39.887,0.0,0,0.0,100.0,-1,0.0,,,,,,1683,0.87,0.0,11.124592
2026-07-10T11:07:17.118023,Raspberry_Relieve1,25.653788366666667,-100.29155895,39.888,0.0,0,0.0,100.0,-1,0.0,,,,,,1684,1.17,0.0,11.124592
2026-07-10T11:07:18.118109,Raspberry_Relieve1,25.653792483333334,-100.291558,39.889,0.0,0,0.0,100.0,-1,0.0,,,,,,1685,0.84,0.0,11.124592
2026-07-10T11:07:19.118271,Raspberry_Relieve1,25.65379885,-100.29155691666666,39.887,0.0,0,0.0,100.0,-1,0.0,,,,,,1686,0.95,0.0,11.124592
2026-07-10T11:07:20.118306,Raspberry_Relieve1,25.653804916666665,-100.29155548333334,39.89,0.0,0,0.0,100.0,-1,0.0,,,,,,1687,1.07,0.0,11.124592
2026-07-10T11:07:21.118393,Raspberry_Relieve1,25.653811083333334,-100.29155376666667,39.889,0.0,0,0.0,100.0,-1,0.0,,,,,,1688,0.99,0.0,11.124592
2026-07-10T11:07:22.118474,Raspberry_Relieve1,25.6538154,-100.29155275,39.889,0.0,0,0.0,100.0,-1,0.0,,,,,,1689,0.93,0.0,11.124592
2026-07-10T11:07:23.118560,Raspberry_Relieve1,25.65381925,-100.29155193333334,39.889,0.0,0,0.0,100.0,-1,0.0,,,,,,1690,1.04,0.0,11.124592
2026-07-10T11:07:24.118669,Raspberry_Relieve1,25.653820883333335,-100.2915516,39.888,0.0,0,0.0,100.0,-1,0.0,,,,,,1691,0.97,0.0,11.124592
2026-07-10T11:07:25.118792,Raspberry_Relieve1,25.6538217,-100.2915514,39.89,0.0,0,0.0,100.0,-1,0.0,,,,,,1692,1.08,0.0,11.124592
2026-07-10T11:07:26.118885,Raspberry_Relieve1,25.653821933333333,-100.29155135,39.891,0.0,0,0.0,100.0,-1,0.0,,,,,,1693,1.02,0.0,11.124592
2026-07-10T11:07:27.119087,Raspberry_Relieve1,25.653822116666667,-100.29155128333333,39.891,0.0,0,0.0,100.0,-1,0.0,,,,,,1694,0.94,0.0,11.124592
2026-07-10T11:07:28.119153,Raspberry_Relieve1,25.65382225,-100.29155123333334,39.892,0.0,0,0.0,100.0,-1,0.0,,,,,,1695,0.99,0.0,11.124592
2026-07-10T11:07:29.119243,Raspberry_Relieve1,25.65382281666667,-100.29155123333334,39.891,0.0,0,0.0,100.0,-1,0.0,,,,,,1696,1.04,0.0,11.124592
2026-07-10T11:07:30.119334,Raspberry_Relieve1,25.65382311666667,-100.29155123333334,39.893,0.0,0,0.0,100.0,-1,0.0,,,,,,1697,0.96,0.0,11.124592
2026-07-10T11:07:31.119410,Raspberry_Relieve1,25.653823233333334,-100.29155126666667,39.891,0.0,0,0.0,100.0,-1,0.0,,,,,,1698,0.95,0.0,11.124592
2026-07-10T11:07:32.119536,Raspberry_Relieve1,25.653823266666667,-100.29155131666667,39.891,0.0,0,0.0,100.0,-1,0.0,,,,,,1699,1.08,0.0,11.124592
2026-07-10T11:07:33.119613,Raspberry_Relieve1,25.653823283333335,-100.29155135,39.893,0.0,0,0.0,100.0,-1,0.0,,,,,,1700,0.99,0.0,11.124592
2026-07-10T11:07:34.119696,Raspberry_Relieve1,25.65382335,-100.29155136666667,39.892,0.0,0,0.0,100.0,-1,0.0,,,,,,1701,1.0,0.0,11.124592
2026-07-10T11:07:35.119780,Raspberry_Relieve1,25.653823283333335,-100.29155138333333,39.892,0.0,0,0.0,100.0,-1,0.0,,,,,,1702,0.94,0.0,11.124592
2026-07-10T11:07:36.119872,Raspberry_Relieve1,25.653823483333333,-100.29155143333334,39.893,0.0,0,0.0,100.0,-1,0.0,,,,,,1704,1.41,0.0,11.124592
2026-07-10T11:07:37.119953,Raspberry_Relieve1,25.65382401666667,-100.29155156666667,39.894,0.0,0,0.0,100.0,-1,0.0,,,,,,1704,0.64,0.0,11.124592
2026-07-10T11:07:38.120086,Raspberry_Relieve1,25.653824283333332,-100.29155165,39.892,0.0,0,0.0,100.0,-1,0.0,,,,,,1705,1.04,0.0,11.124592
2026-07-10T11:07:39.120149,Raspberry_Relieve1,25.653824383333333,-100.29155175,39.894,0.0,0,0.0,100.0,-1,0.0,,,,,,1706,0.94,0.0,11.124592
2026-07-10T11:07:40.120233,Raspberry_Relieve1,25.653824433333334,-100.29155183333333,39.895,0.0,0,0.0,100.0,-1,0.0,,,,,,1707,0.98,0.0,11.124592
2026-07-10T11:07:41.120319,Raspberry_Relieve1,25.65382445,-100.29155191666666,39.895,0.0,0,0.0,100.0,-1,0.0,,,,,,1708,1.35,0.0,11.124592
2026-07-10T11:07:42.120404,Raspberry_Relieve1,25.653824416666666,-100.291552,39.894,0.0,0,0.0,100.0,-1,0.0,,,,,,1709,0.72,0.0,11.124592
2026-07-10T11:07:43.120487,Raspberry_Relieve1,25.653824366666665,-100.29155265,39.894,0.0,0,0.0,100.0,-1,0.0,,,,,,1710,0.97,0.0,11.124592
2026-07-10T11:07:44.120613,Raspberry_Relieve1,25.65383035,-100.29155631666667,39.895,0.0,0,0.0,100.0,-1,0.0,,,,,,1711,1.03,0.0,11.124592
2026-07-10T11:07:45.120692,Raspberry_Relieve1,25.65383505,-100.29155826666667,39.896,0.0,0,0.0,100.0,-1,0.0,,,,,,1712,0.99,0.0,11.124592
2026-07-10T11:07:46.120775,Raspberry_Relieve1,25.6538387,-100.29155908333334,39.895,0.0,0,0.0,100.0,-1,0.0,,,,,,1713,0.97,0.0,11.124592
2026-07-10T11:07:47.120858,Raspberry_Relieve1,25.6538436,-100.29156026666666,39.896,0.0,0,0.0,100.0,-1,0.0,,,,,,1714,0.98,0.0,11.124592
2026-07-10T11:07:48.120943,Raspberry_Relieve1,25.653851266666667,-100.29156571666667,39.896,0.0,0,0.0,100.0,-1,0.0,,,,,,1715,0.97,0.0,11.124592
2026-07-10T11:07:49.121029,Raspberry_Relieve1,25.653856416666667,-100.29157065,39.82,0.284,11,11.31,100.0,-1,0.0,,,,,,1716,1.06,0.001657,11.126249
2026-07-10T11:07:50.121166,Raspberry_Relieve1,25.653843133333332,-100.2915704,39.912,0.0,0,11.31,100.0,-1,0.0,,,,,,1717,1.07,0.003374,11.129623
2026-07-10T11:07:51.121250,Raspberry_Relieve1,25.6538327,-100.29157703333334,39.831,0.301,12,11.99,100.0,-1,0.0,,,,,,1718,0.88,0.002851,11.132474
2026-07-10T11:07:52.121328,Raspberry_Relieve1,25.653824033333333,-100.29158203333333,39.896,0.0,0,11.99,100.0,-1,0.0,,,,,,1719,1.07,0.003557,11.136031
2026-07-10T11:07:53.121417,Raspberry_Relieve1,25.653814866666668,-100.29158393333333,39.895,0.0,0,11.99,100.0,-1,0.0,,,,,,1720,0.94,0.003141,11.139172
2026-07-10T11:07:54.121501,Raspberry_Relieve1,25.65380325,-100.2915937,37.672,17.458,658,657.68,100.0,-1,0.0,,,,,,1721,1.03,0.095574,11.234745
2026-07-10T11:07:55.121581,Raspberry_Relieve1,25.653790616666665,-100.29161068333333,37.625,19.008,715,715.18,100.0,-1,0.0,,,,,,1722,1.02,0.194626,11.429371
2026-07-10T11:07:56.121668,Raspberry_Relieve1,25.653778266666666,-100.29163548333334,39.805,1.862,74,74.12,100.0,-1,0.0,,,,,,1723,1.11,0.121785,11.551156
2026-07-10T11:07:57.121807,Raspberry_Relieve1,25.65376995,-100.29166401666667,39.824,0.0,0,74.12,100.0,-1,0.0,,,,,,1724,0.92,0.018933,11.570089
2026-07-10T11:07:58.121909,Raspberry_Relieve1,25.653760983333335,-100.2916835,39.834,0.0,0,74.12,100.0,-1,0.0,,,,,,1725,0.96,0.01977,11.589859
2026-07-10T11:07:59.122130,Raspberry_Relieve1,25.653749133333335,-100.2916931,39.845,0.0,0,74.12,100.0,-1,0.0,,,,,,1726,0.93,0.019161,11.60902
2026-07-10T11:08:00.122199,Raspberry_Relieve1,25.653735633333334,-100.29169346666667,39.462,6.706,265,264.63,100.0,-1,0.0,,,,,,1727,1.11,0.052255,11.661274
2026-07-10T11:08:01.122289,Raspberry_Relieve1,25.653719516666666,-100.29169843333334,39.822,0.365,15,14.54,100.0,-1,0.0,,,,,,1728,0.96,0.037066,11.69834
2026-07-10T11:08:02.122375,Raspberry_Relieve1,25.65370235,-100.29170951666667,39.831,0.0,0,14.54,100.0,-1,0.0,,,,,,1729,0.98,0.003975,11.702315
2026-07-10T11:08:03.122457,Raspberry_Relieve1,25.65369245,-100.29172423333333,39.835,0.0,0,14.54,100.0,-1,0.0,,,,,,1730,1.0,0.004035,11.70635
2026-07-10T11:08:04.122546,Raspberry_Relieve1,25.653687066666667,-100.29174341666666,39.555,4.39,174,173.65,100.0,-1,0.0,,,,,,1731,0.98,0.025698,11.732048
2026-07-10T11:08:05.122655,Raspberry_Relieve1,25.65368305,-100.29175576666667,39.914,-0.504,-20,-20.12,100.0,-1,0.0,,,,,,1732,1.08,0.022987,11.755034
2026-07-10T11:08:06.122740,Raspberry_Relieve1,25.65367955,-100.29176091666666,39.886,-0.511,-20,-20.38,100.0,14400,0.0,,,,,,1733,1.06,-0.005943,11.749091
2026-07-10T11:08:07.122825,Raspberry_Relieve1,25.65367575,-100.29176671666667,39.886,-0.511,-20,-20.38,100.0,14400,0.0,,,,,,1734,0.87,-0.004903,11.744189
2026-07-10T11:08:08.122904,Raspberry_Relieve1,25.653678183333334,-100.29177288333334,37.652,12.192,459,459.05,100.0,14400,0.0,,,,,,1735,1.0,0.060947,11.805136
2026-07-10T11:08:09.122992,Raspberry_Relieve1,25.653683466666667,-100.29177356666666,39.56,9.734,385,385.08,100.0,-1,0.0,,,,,,1736,1.07,0.125075,11.930211
2026-07-10T11:08:10.123073,Raspberry_Relieve1,25.653690366666666,-100.29175686666666,38.049,8.836,336,336.2,100.0,-1,0.0,,,,,,1737,0.93,0.093508,12.023719
2026-07-10T11:08:11.123200,Raspberry_Relieve1,25.653695483333333,-100.2917267,39.776,2.743,109,109.11,100.0,-1,0.0,,,,,,1738,1.12,0.069368,12.093087
2026-07-10T11:08:12.123293,Raspberry_Relieve1,25.653700916666665,-100.29169948333333,40.03,-1.536,-61,-61.49,100.0,-1,0.0,,,,,,1739,0.91,0.006041,12.099128
2026-07-10T11:08:13.123397,Raspberry_Relieve1,25.653705533333333,-100.29169121666666,39.963,-1.569,-63,-62.7,100.0,14400,0.0,,,,,,1740,0.97,-0.016754,12.082375
2026-07-10T11:08:14.123495,Raspberry_Relieve1,25.65372065,-100.29169185,39.9,-0.957,-38,-38.18,100.0,12155,0.001,,,,,,1741,1.04,-0.014563,12.067812
2026-07-10T11:08:15.123603,Raspberry_Relieve1,25.653737216666666,-100.29170061666667,37.768,12.217,461,461.41,100.0,11329,0.001,,,,,,1742,0.99,0.057987,12.125799
2026-07-10T11:08:16.123673,Raspberry_Relieve1,25.65374733333333,-100.29172828333333,37.558,18.676,701,701.43,100.0,-1,0.0,,,,,,1743,0.98,0.158874,12.284673
2026-07-10T11:08:17.123756,Raspberry_Relieve1,25.653749,-100.29176771666667,37.523,19.064,715,715.34,100.0,-1,0.0,,,,,,1744,1.02,0.199814,12.484487
2026-07-10T11:08:18.123841,Raspberry_Relieve1,25.653747566666667,-100.29181305,37.491,19.09,716,715.7,100.0,-1,0.0,,,,,,1745,1.01,0.200401,12.684888
2026-07-10T11:08:19.123924,Raspberry_Relieve1,25.65374673333333,-100.29185556666667,39.663,5.943,236,235.72,100.0,-1,0.0,,,,,,1746,0.93,0.12267,12.807557
2026-07-10T11:08:20.124014,Raspberry_Relieve1,25.65373835,-100.29189326666666,39.705,0.266,11,10.56,100.0,-1,0.0,,,,,,1748,1.56,0.053278,12.860835
2026-07-10T11:08:21.124121,Raspberry_Relieve1,25.653724166666667,-100.29191935,39.72,-0.573,-23,-22.76,100.0,14400,0.0,,,,,,1748,0.5,-0.000848,12.859988
2026-07-10T11:08:22.124206,Raspberry_Relieve1,25.653705833333333,-100.29193411666667,39.675,6.549,260,259.83,100.0,-1,0.0,,,,,,1749,1.12,0.037003,12.896991
2026-07-10T11:08:23.124282,Raspberry_Relieve1,25.653687616666666,-100.29194376666666,39.717,0.335,13,13.31,100.0,-1,0.0,,,,,,1750,0.89,0.033775,12.930765
2026-07-10T11:08:24.124368,Raspberry_Relieve1,25.653671116666665,-100.29194865,39.727,0.0,0,13.31,100.0,-1,0.0,,,,,,1751,1.09,0.004012,12.934778
2026-07-10T11:08:25.124451,Raspberry_Relieve1,25.6536556,-100.29195081666667,39.735,0.0,0,13.31,100.0,-1,0.0,,,,,,1752,0.96,0.00355,12.938327
2026-07-10T11:08:26.124535,Raspberry_Relieve1,25.653642033333334,-100.29195018333333,39.741,0.0,0,13.31,100.0,-1,0.0,,,,,,1753,1.05,0.003865,12.942192
2026-07-10T11:08:27.124656,Raspberry_Relieve1,25.653634233333335,-100.29194853333334,39.747,0.0,0,13.31,100.0,-1,0.0,,,,,,1755,1.24,0.00458,12.946773
2026-07-10T11:08:28.124744,Raspberry_Relieve1,25.653628483333332,-100.2919467,39.753,0.0,0,13.31,100.0,-1,0.0,,,,,,1755,0.72,0.002658,12.949431
2026-07-10T11:08:29.124859,Raspberry_Relieve1,25.65362276666667,-100.29194535,39.759,0.0,0,13.31,100.0,-1,0.0,,,,,,1756,0.91,0.003364,12.952794
2026-07-10T11:08:30.124941,Raspberry_Relieve1,25.6536201,-100.29194483333333,39.762,0.0,0,13.31,100.0,-1,0.0,,,,,,1757,0.99,0.003647,12.956442
2026-07-10T11:08:31.125056,Raspberry_Relieve1,25.653626466666665,-100.29194403333334,39.765,0.0,0,13.31,100.0,-1,0.0,,,,,,1758,1.02,0.003785,12.960227
2026-07-10T11:08:32.125157,Raspberry_Relieve1,25.65363036666667,-100.29194346666667,39.769,0.0,0,13.31,100.0,-1,0.0,,,,,,1759,1.04,0.003827,12.964054
2026-07-10T11:08:33.125241,Raspberry_Relieve1,25.65363235,-100.29194335,39.773,0.0,0,13.31,100.0,-1,0.0,,,,,,1760,0.93,0.003439,12.967493
2026-07-10T11:08:34.125328,Raspberry_Relieve1,25.653629966666667,-100.29194025,39.775,0.0,0,13.31,100.0,-1,0.0,,,,,,1761,1.03,0.0038,12.971293
2026-07-10T11:08:35.125420,Raspberry_Relieve1,25.65363015,-100.29193796666667,39.778,0.0,0,13.31,100.0,-1,0.0,,,,,,1762,1.02,0.00376,12.975052
2026-07-10T11:08:36.125502,Raspberry_Relieve1,25.653632766666668,-100.29193681666666,39.781,0.0,0,13.31,100.0,-1,0.0,,,,,,1763,1.0,0.003698,12.97875
2026-07-10T11:08:37.125592,Raspberry_Relieve1,25.6536343,-100.29193666666667,39.783,0.0,0,13.31,100.0,-1,0.0,,,,,,1764,0.99,0.003674,12.982424
2026-07-10T11:08:38.125677,Raspberry_Relieve1,25.653635666666666,-100.29193731666666,39.787,0.0,0,13.31,100.0,-1,0.0,,,,,,1765,0.95,0.003507,12.985931
2026-07-10T11:08:39.125770,Raspberry_Relieve1,25.65363835,-100.29193775,39.788,0.0,0,13.31,100.0,-1,0.0,,,,,,1766,0.98,0.003623,12.989554
2026-07-10T11:08:40.125894,Raspberry_Relieve1,25.653640133333333,-100.29193848333334,39.791,0.0,0,13.31,100.0,-1,0.0,,,,,,1767,1.07,0.00396,12.993514
2026-07-10T11:08:41.125969,Raspberry_Relieve1,25.65364131666667,-100.29193905,39.792,0.0,0,13.31,100.0,-1,0.0,,,,,,1768,1.08,0.003983,12.997497
2026-07-10T11:08:42.126055,Raspberry_Relieve1,25.6536421,-100.29193963333333,39.795,0.0,0,13.31,100.0,-1,0.0,,,,,,1769,0.97,0.003595,13.001092
2026-07-10T11:08:43.126143,Raspberry_Relieve1,25.6536427,-100.29194008333333,39.798,0.0,0,13.31,100.0,-1,0.0,,,,,,1770,1.01,0.00374,13.004832
2026-07-10T11:08:44.126262,Raspberry_Relieve1,25.6536432,-100.29194056666667,39.798,0.0,0,13.31,100.0,-1,0.0,,,,,,1771,0.96,0.003542,13.008374
2026-07-10T11:08:45.126323,Raspberry_Relieve1,25.6536435,-100.29194088333334,39.799,0.0,0,13.31,100.0,-1,0.0,,,,,,1772,1.0,0.003714,13.012088
2026-07-10T11:08:46.126449,Raspberry_Relieve1,25.6536438,-100.29194121666667,39.802,0.0,0,13.31,100.0,-1,0.0,,,,,,1773,0.99,0.003658,13.015746
2026-07-10T11:08:47.126535,Raspberry_Relieve1,25.653644083333333,-100.29194151666667,39.806,0.0,0,13.31,100.0,-1,0.0,,,,,,1774,1.0,0.003682,13.019428
2026-07-10T11:08:48.126622,Raspberry_Relieve1,25.653644333333332,-100.29194173333333,39.807,0.0,0,13.31,100.0,-1,0.0,,,,,,1775,1.03,0.003809,13.023237
2026-07-10T11:08:49.126714,Raspberry_Relieve1,25.653644533333335,-100.2919419,39.805,0.0,0,13.31,100.0,-1,0.0,,,,,,1776,0.98,0.003615,13.026852
2026-07-10T11:08:50.126803,Raspberry_Relieve1,25.653644716666665,-100.29194205,39.808,0.0,0,13.31,100.0,-1,0.0,,,,,,1777,1.02,0.003771,13.030622
2026-07-10T11:08:51.126887,Raspberry_Relieve1,25.65364485,-100.29194216666667,39.81,0.0,0,13.31,100.0,-1,0.0,,,,,,1778,1.0,0.003683,13.034305
2026-07-10T11:08:52.127015,Raspberry_Relieve1,25.65364495,-100.29194223333333,39.811,0.0,0,13.31,100.0,-1,0.0,,,,,,1779,0.99,0.003646,13.037951
2026-07-10T11:08:53.127102,Raspberry_Relieve1,25.653645016666665,-100.29194228333333,39.814,0.0,0,13.31,100.0,-1,0.0,,,,,,1780,0.91,0.003349,13.0413
2026-07-10T11:08:54.127181,Raspberry_Relieve1,25.653645033333333,-100.29194231666666,39.813,0.0,0,13.31,100.0,-1,0.0,,,,,,1781,1.08,0.004009,13.04531
2026-07-10T11:08:55.127276,Raspberry_Relieve1,25.65364518333333,-100.29194243333333,39.814,0.0,0,13.31,100.0,-1,0.0,,,,,,1782,1.02,0.00377,13.04908
2026-07-10T11:08:56.127366,Raspberry_Relieve1,25.653645333333333,-100.29194255,39.816,0.0,0,13.31,100.0,-1,0.0,,,,,,1783,0.99,0.003649,13.05273
2026-07-10T11:08:57.127453,Raspberry_Relieve1,25.653645483333335,-100.29194265,39.818,0.0,0,13.31,100.0,-1,0.0,,,,,,1784,0.94,0.003468,13.056198
2026-07-10T11:08:58.127575,Raspberry_Relieve1,25.653645583333333,-100.29194273333333,39.819,0.0,0,13.31,100.0,-1,0.0,,,,,,1785,1.06,0.003925,13.060123
2026-07-10T11:08:59.127662,Raspberry_Relieve1,25.653645616666665,-100.29194276666666,39.823,0.0,0,13.31,100.0,-1,0.0,,,,,,1786,1.0,0.003698,13.063821
2026-07-10T11:09:00.127771,Raspberry_Relieve1,25.653645633333333,-100.29194276666666,39.822,0.0,0,13.31,100.0,-1,0.0,,,,,,1787,1.02,0.003781,13.067601
2026-07-10T11:09:01.127874,Raspberry_Relieve1,25.6536457,-100.29194278333334,39.824,0.0,0,13.31,100.0,-1,0.0,,,,,,1788,0.99,0.003652,13.071254
2026-07-10T11:09:02.127979,Raspberry_Relieve1,25.653645766666667,-100.2919428,39.824,0.0,0,13.31,100.0,-1,0.0,,,,,,1789,1.03,0.003803,13.075057
2026-07-10T11:09:03.128071,Raspberry_Relieve1,25.653645816666668,-100.29194281666666,39.823,0.0,0,13.31,100.0,-1,0.0,,,,,,1790,0.95,0.003495,13.078552
2026-07-10T11:09:04.128150,Raspberry_Relieve1,25.65364586666667,-100.29194285,39.825,0.0,0,13.31,100.0,-1,0.0,,,,,,1791,0.97,0.003586,13.082137
2026-07-10T11:09:05.128238,Raspberry_Relieve1,25.653645916666665,-100.29194286666667,39.828,0.0,0,13.31,100.0,-1,0.0,,,,,,1792,1.07,0.003956,13.086093
2026-07-10T11:09:06.128326,Raspberry_Relieve1,25.653645966666666,-100.29194291666667,39.825,0.0,0,13.31,100.0,-1,0.0,,,,,,1793,0.98,0.00362,13.089714
2026-07-10T11:09:07.128432,Raspberry_Relieve1,25.653646033333334,-100.291943,39.827,0.0,0,13.31,100.0,-1,0.0,,,,,,1794,0.95,0.003508,13.093222
2026-07-10T11:09:08.128564,Raspberry_Relieve1,25.653646133333332,-100.2919431,39.828,0.0,0,13.31,100.0,-1,0.0,,,,,,1796,1.51,0.005573,13.098795
2026-07-10T11:09:09.128649,Raspberry_Relieve1,25.65364625,-100.29194321666667,39.828,0.0,0,13.31,100.0,-1,0.0,,,,,,1796,0.5,0.001858,13.100653
2026-07-10T11:09:10.128733,Raspberry_Relieve1,25.653646383333335,-100.29194335,39.831,0.0,0,13.31,100.0,-1,0.0,,,,,,1797,0.98,0.003638,13.10429
2026-07-10T11:09:11.128817,Raspberry_Relieve1,25.65364655,-100.29194346666667,39.829,0.0,0,13.31,100.0,-1,0.0,,,,,,1798,1.07,0.003959,13.108249
2026-07-10T11:09:12.128905,Raspberry_Relieve1,25.653646716666668,-100.2919436,39.83,0.0,0,13.31,100.0,-1,0.0,,,,,,1799,0.92,0.003398,13.111648
2026-07-10T11:09:13.128994,Raspberry_Relieve1,25.6536469,-100.29194373333333,39.832,0.0,0,13.31,100.0,-1,0.0,,,,,,1800,1.04,0.003831,13.115478
2026-07-10T11:09:14.129096,Raspberry_Relieve1,25.653647016666667,-100.29194381666667,39.833,0.0,0,13.31,100.0,-1,0.0,,,,,,1801,1.19,0.004387,13.119865
2026-07-10T11:09:15.129209,Raspberry_Relieve1,25.6536471,-100.29194388333333,39.833,0.0,0,13.31,100.0,-1,0.0,,,,,,1802,0.84,0.003107,13.122972
2026-07-10T11:09:16.129302,Raspberry_Relieve1,25.6536472,-100.29194395,39.833,0.0,0,13.31,100.0,-1,0.0,,,,,,1803,1.16,0.004273,13.127245
2026-07-10T11:09:17.129472,Raspberry_Relieve1,25.6536473,-100.29194403333334,39.834,0.0,0,13.31,100.0,-1,0.0,,,,,,1804,0.77,0.002853,13.130098
2026-07-10T11:09:18.129560,Raspberry_Relieve1,25.65364745,-100.29194413333333,39.834,0.0,0,13.31,100.0,-1,0.0,,,,,,1805,1.26,0.004649,13.134747
2026-07-10T11:09:19.129647,Raspberry_Relieve1,25.653647583333335,-100.29194423333334,39.834,0.0,0,13.31,100.0,-1,0.0,,,,,,1806,0.76,0.002791,13.137538
2026-07-10T11:09:20.129731,Raspberry_Relieve1,25.653646516666665,-100.291944,39.836,0.0,0,13.31,100.0,-1,0.0,,,,,,1807,1.04,0.003861,13.141398
2026-07-10T11:09:21.129821,Raspberry_Relieve1,25.653647166666666,-100.29194263333333,39.836,0.0,0,13.31,100.0,-1,0.0,,,,,,1808,0.94,0.003493,13.144891
2026-07-10T11:09:22.129933,Raspberry_Relieve1,25.65364895,-100.29194123333333,39.837,0.0,0,13.31,100.0,-1,0.0,,,,,,1809,1.1,0.004065,13.148956
2026-07-10T11:09:23.130010,Raspberry_Relieve1,25.6536508,-100.29194001666667,39.837,0.0,0,13.31,100.0,-1,0.0,,,,,,1810,1.02,0.003767,13.152723
2026-07-10T11:09:24.130089,Raspberry_Relieve1,25.653652333333334,-100.29193863333333,39.838,0.0,0,13.31,100.0,-1,0.0,,,,,,1811,0.92,0.003411,13.156135
2026-07-10T11:09:25.130182,Raspberry_Relieve1,25.653653783333333,-100.29193735,39.839,0.0,0,13.31,100.0,-1,0.0,,,,,,1812,1.0,0.00371,13.159845
2026-07-10T11:09:26.130265,Raspberry_Relieve1,25.653655566666668,-100.29193651666667,39.84,0.0,0,13.31,100.0,-1,0.0,,,,,,1813,0.95,0.003515,13.16336
2026-07-10T11:09:27.130350,Raspberry_Relieve1,25.65365805,-100.29193476666667,39.839,0.0,0,13.31,100.0,-1,0.0,,,,,,1814,1.04,0.003826,13.167187
2026-07-10T11:09:28.130479,Raspberry_Relieve1,25.653661283333335,-100.2919326,39.842,0.0,0,13.31,100.0,-1,0.0,,,,,,1815,1.07,0.003951,13.171137
2026-07-10T11:09:29.130560,Raspberry_Relieve1,25.6536607,-100.2919333,39.843,0.0,0,13.31,100.0,-1,0.0,,,,,,1816,0.97,0.003603,13.17474
2026-07-10T11:09:30.130664,Raspberry_Relieve1,25.653662883333332,-100.29193196666667,39.843,0.0,0,13.31,100.0,-1,0.0,,,,,,1817,0.99,0.003651,13.178392
2026-07-10T11:09:31.130757,Raspberry_Relieve1,25.653663483333332,-100.2919293,39.842,0.0,0,13.31,100.0,-1,0.0,,,,,,1818,1.0,0.003689,13.182081
2026-07-10T11:09:32.130832,Raspberry_Relieve1,25.653663533333333,-100.29192728333334,39.842,0.0,0,13.31,100.0,-1,0.0,,,,,,1819,0.96,0.00355,13.185631
2026-07-10T11:09:33.130926,Raspberry_Relieve1,25.653666666666666,-100.2919235,39.842,0.0,0,13.31,100.0,-1,0.0,,,,,,1820,0.98,0.003632,13.189262
2026-07-10T11:09:34.131007,Raspberry_Relieve1,25.653670466666668,-100.29192036666667,39.843,0.0,0,13.31,100.0,-1,0.0,,,,,,1821,1.05,0.003877,13.193139
2026-07-10T11:09:35.131093,Raspberry_Relieve1,25.653674216666666,-100.29191698333334,39.843,0.0,0,13.31,100.0,-1,0.0,,,,,,1822,0.99,0.003657,13.196796
2026-07-10T11:09:36.131219,Raspberry_Relieve1,25.653677116666668,-100.2919143,39.844,0.0,0,13.31,100.0,-1,0.0,,,,,,1823,1.02,0.003786,13.200582
2026-07-10T11:09:37.131302,Raspberry_Relieve1,25.6536799,-100.29191178333333,39.844,0.0,0,13.31,100.0,-1,0.0,,,,,,1824,0.95,0.003507,13.20409
2026-07-10T11:09:38.131385,Raspberry_Relieve1,25.653683516666668,-100.29191026666666,39.845,0.0,0,13.31,100.0,-1,0.0,,,,,,1825,1.01,0.003717,13.207807
2026-07-10T11:09:39.131504,Raspberry_Relieve1,25.65368675,-100.29190866666667,39.845,0.0,0,13.31,100.0,-1,0.0,,,,,,1826,1.01,0.003729,13.211536
2026-07-10T11:09:40.131600,Raspberry_Relieve1,25.65368975,-100.29190786666666,39.845,0.0,0,13.31,100.0,-1,0.0,,,,,,1828,1.76,0.006516,13.218052
2026-07-10T11:09:41.230402,Raspberry_Relieve1,25.653692233333334,-100.29190751666667,39.845,0.0,0,13.31,100.0,-1,0.0,,,,,,1828,0.38,0.001409,13.219461
2026-07-10T11:09:42.230532,Raspberry_Relieve1,25.653695166666665,-100.29190668333334,39.845,0.0,0,13.31,100.0,-1,0.0,,,,,,1829,0.97,0.003599,13.22306
2026-07-10T11:09:43.230606,Raspberry_Relieve1,25.65369748333333,-100.29190598333334,39.846,0.0,0,13.31,100.0,-1,0.0,,,,,,1830,1.0,0.003697,13.226757
2026-07-10T11:09:44.230684,Raspberry_Relieve1,25.653698933333335,-100.29190545,39.846,0.0,0,13.31,100.0,-1,0.0,,,,,,1831,1.12,0.004139,13.230896
2026-07-10T11:09:45.230769,Raspberry_Relieve1,25.653699783333334,-100.29190506666667,39.846,0.0,0,13.31,100.0,-1,0.0,,,,,,1832,0.87,0.003214,13.234109
2026-07-10T11:09:46.230856,Raspberry_Relieve1,25.653700366666666,-100.29190483333333,37.63,17.571,661,661.2,100.0,-1,0.0,,,,,,1833,1.04,0.097142,13.331251
2026-07-10T11:09:47.230940,Raspberry_Relieve1,25.653700866666668,-100.2919047,39.793,1.847,74,73.5,100.0,-1,0.0,,,,,,1834,0.99,0.101038,13.432289
2026-07-10T11:09:48.231054,Raspberry_Relieve1,25.6536845,-100.29190978333334,39.806,0.0,0,73.5,100.0,-1,0.0,,,,,,1835,0.99,0.020272,13.452561
2026-07-10T11:09:49.231131,Raspberry_Relieve1,25.653667483333333,-100.29191035,39.812,0.0,0,73.5,100.0,-1,0.0,,,,,,1836,0.93,0.0189,13.471462
2026-07-10T11:09:50.231215,Raspberry_Relieve1,25.6536561,-100.29190986666667,39.815,0.0,0,73.5,100.0,-1,0.0,,,,,,1837,1.03,0.021089,13.49255
2026-07-10T11:09:51.231305,Raspberry_Relieve1,25.65365095,-100.29191268333334,39.819,0.0,0,73.5,100.0,-1,0.0,,,,,,1838,1.02,0.020727,13.513278
2026-07-10T11:09:52.231389,Raspberry_Relieve1,25.6536516,-100.2919138,39.82,0.0,0,73.5,100.0,-1,0.0,,,,,,1839,1.04,0.021165,13.534443
2026-07-10T11:09:53.231482,Raspberry_Relieve1,25.6536522,-100.29191381666666,39.822,0.0,0,73.5,100.0,-1,0.0,,,,,,1840,0.97,0.019715,13.554158
2026-07-10T11:09:54.231657,Raspberry_Relieve1,25.65365525,-100.29191333333333,39.823,0.0,0,73.5,100.0,-1,0.0,,,,,,1841,1.05,0.021413,13.57557
2026-07-10T11:09:55.231731,Raspberry_Relieve1,25.65366055,-100.29191216666666,39.824,0.0,0,73.5,100.0,-1,0.0,,,,,,1842,0.95,0.019327,13.594897
2026-07-10T11:09:56.231814,Raspberry_Relieve1,25.65366395,-100.29191098333334,39.825,0.0,0,73.5,100.0,-1,0.0,,,,,,1843,1.01,0.020565,13.615462
2026-07-10T11:09:57.231894,Raspberry_Relieve1,25.65366845,-100.29191138333333,39.826,0.0,0,73.5,100.0,-1,0.0,,,,,,1844,0.97,0.019772,13.635235
2026-07-10T11:09:58.231982,Raspberry_Relieve1,25.6536735,-100.29191146666666,39.828,0.0,0,73.5,100.0,-1,0.0,,,,,,1845,1.01,0.020667,13.655901
2026-07-10T11:09:59.232064,Raspberry_Relieve1,25.653673983333334,-100.29191055,39.828,0.0,0,73.5,100.0,-1,0.0,,,,,,1846,1.0,0.020492,13.676394
2026-07-10T11:10:00.232221,Raspberry_Relieve1,25.653673116666667,-100.29191011666667,39.828,0.0,0,73.5,100.0,-1,0.0,,,,,,1847,0.99,0.020296,13.69669
2026-07-10T11:10:01.232296,Raspberry_Relieve1,25.65367231666667,-100.29191031666667,39.831,0.0,0,73.5,100.0,-1,0.0,,,,,,1848,0.99,0.020269,13.716959
2026-07-10T11:10:02.232380,Raspberry_Relieve1,25.65366828333333,-100.29190963333333,39.83,0.0,0,73.5,100.0,-1,0.0,,,,,,1849,1.02,0.020918,13.737876
2026-07-10T11:10:03.232466,Raspberry_Relieve1,25.653666383333334,-100.29190983333334,39.83,0.0,0,73.5,100.0,-1,0.0,,,,,,1850,1.03,0.021094,13.75897
2026-07-10T11:10:04.232557,Raspberry_Relieve1,25.653661883333335,-100.29191388333334,39.831,0.0,0,73.5,100.0,-1,0.0,,,,,,1851,0.98,0.019919,13.778889
2026-07-10T11:10:05.232642,Raspberry_Relieve1,25.653658833333335,-100.29191733333333,39.831,0.0,0,73.5,100.0,-1,0.0,,,,,,1852,1.01,0.020653,13.799542
2026-07-10T11:10:06.232756,Raspberry_Relieve1,25.65365583333333,-100.29192143333333,39.833,0.0,0,73.5,100.0,-1,0.0,,,,,,1853,1.01,0.020607,13.820149
2026-07-10T11:10:07.232837,Raspberry_Relieve1,25.653653383333335,-100.29192393333334,39.819,1.23,49,48.98,100.0,-1,0.0,,,,,,1854,1.03,0.017447,13.837596
2026-07-10T11:10:08.232927,Raspberry_Relieve1,25.653651483333334,-100.2919248,39.824,0.0,0,48.98,100.0,-1,0.0,,,,,,1855,1.01,0.013718,13.851314
2026-07-10T11:10:09.233003,Raspberry_Relieve1,25.653647983333332,-100.29192513333334,37.643,12.437,468,468.17,100.0,-1,0.0,,,,,,1856,0.96,0.06866,13.919974
2026-07-10T11:10:10.233091,Raspberry_Relieve1,25.653632983333335,-100.29192276666667,37.58,18.722,704,703.57,100.0,-1,0.0,,,,,,1857,0.96,0.156909,14.076884
2026-07-10T11:10:11.233178,Raspberry_Relieve1,25.653608483333333,-100.2919254,37.539,19.113,717,717.48,100.0,-1,0.0,,,,,,1858,1.08,0.212425,14.289309
2026-07-10T11:10:12.233351,Raspberry_Relieve1,25.653581183333333,-100.29192961666666,37.509,19.133,718,717.66,100.0,-1,0.0,,,,,,1859,0.93,0.185554,14.474863
2026-07-10T11:10:13.233427,Raspberry_Relieve1,25.653553716666668,-100.29193598333333,39.701,1.382,55,54.87,100.0,-1,0.0,,,,,,1860,1.05,0.11307,14.587933
2026-07-10T11:10:14.233509,Raspberry_Relieve1,25.653530483333334,-100.29194128333333,39.721,0.0,0,54.87,100.0,-1,0.0,,,,,,1861,1.0,0.015242,14.603175
2026-07-10T11:10:15.233591,Raspberry_Relieve1,25.65351165,-100.29194533333333,39.732,0.0,0,54.87,100.0,-1,0.0,,,,,,1862,0.93,0.014173,14.617348
2026-07-10T11:10:16.233681,Raspberry_Relieve1,25.653495033333332,-100.29194955,39.74,0.0,0,54.87,100.0,-1,0.0,,,,,,1863,1.08,0.0164,14.633748
2026-07-10T11:10:17.233773,Raspberry_Relieve1,25.653470583333334,-100.29194778333333,37.535,16.742,628,628.41,100.0,-1,0.0,,,,,,1864,0.95,0.090291,14.724039
2026-07-10T11:10:18.233878,Raspberry_Relieve1,25.653437733333334,-100.29194483333333,37.491,18.986,712,711.8,100.0,-1,0.0,,,,,,1865,0.98,0.182364,14.906403
2026-07-10T11:10:19.233958,Raspberry_Relieve1,25.653405633333332,-100.29194085,37.46,19.117,716,716.12,100.0,-1,0.0,,,,,,1866,1.09,0.216484,15.122887
2026-07-10T11:10:20.234085,Raspberry_Relieve1,25.65336765,-100.29193743333333,37.432,19.116,716,715.55,100.0,-1,0.0,,,,,,1867,0.95,0.18967,15.312558
2026-07-10T11:10:21.234183,Raspberry_Relieve1,25.653326683333333,-100.291935,37.407,19.093,714,714.21,100.0,-1,0.0,,,,,,1868,0.98,0.19531,15.507867
2026-07-10T11:10:22.234314,Raspberry_Relieve1,25.653267783333334,-100.2919225,37.388,19.079,713,713.33,100.0,-1,0.0,,,,,,1869,0.99,0.196037,15.703904
2026-07-10T11:10:23.234479,Raspberry_Relieve1,25.65320755,-100.29190201666667,37.369,19.055,712,712.07,100.0,-1,0.0,,,,,,1870,1.04,0.205249,15.909153
2026-07-10T11:10:24.234600,Raspberry_Relieve1,25.6531505,-100.29189868333333,37.35,19.038,711,711.07,100.0,-1,0.0,,,,,,1871,0.94,0.186507,16.09566
2026-07-10T11:10:25.234709,Raspberry_Relieve1,25.653097216666666,-100.29189775,39.532,1.921,76,75.94,100.0,-1,0.0,,,,,,1872,1.06,0.115812,16.211472
2026-07-10T11:10:26.234789,Raspberry_Relieve1,25.65305095,-100.29190735,39.561,0.0,0,75.94,100.0,-1,0.0,,,,,,1873,0.98,0.020624,16.232097
2026-07-10T11:10:27.234864,Raspberry_Relieve1,25.6530035,-100.29191385,39.65,-0.466,-18,-18.48,100.0,-1,0.0,,,,,,1874,1.0,0.00802,16.240117
2026-07-10T11:10:28.234950,Raspberry_Relieve1,25.652954683333334,-100.2919178,37.422,13.082,490,489.55,100.0,-1,0.0,,,,,,1875,0.97,0.063314,16.30343
2026-07-10T11:10:29.235098,Raspberry_Relieve1,25.65290285,-100.29192398333333,39.62,1.388,55,54.99,100.0,-1,0.0,,,,,,1876,1.04,0.078451,16.381881
2026-07-10T11:10:30.235182,Raspberry_Relieve1,25.65285145,-100.29192803333333,39.317,7.804,307,306.83,100.0,-1,0.0,,,,,,1877,1.03,0.05198,16.433861
2026-07-10T11:10:31.235261,Raspberry_Relieve1,25.652807783333333,-100.29193105,39.586,0.436,17,17.26,100.0,-1,0.0,,,,,,1878,0.94,0.042375,16.476236
2026-07-10T11:10:32.235347,Raspberry_Relieve1,25.652772416666668,-100.29193455,39.966,-2.738,-109,-109.43,100.0,14400,0.0,,,,,,1879,1.02,-0.013031,16.463205
2026-07-10T11:10:33.235428,Raspberry_Relieve1,25.65274605,-100.29193738333333,39.623,-0.984,-39,-38.99,100.0,10145,0.001,,,,,,1880,1.01,-0.020724,16.442481
2026-07-10T11:10:34.235510,Raspberry_Relieve1,25.652719733333335,-100.29193486666667,39.626,-0.11,-4,-4.36,100.0,9599,0.001,,,,,,1881,1.05,-0.006322,16.436159
2026-07-10T11:10:35.235745,Raspberry_Relieve1,25.652690933333332,-100.2919366,39.634,0.0,0,0.0,100.0,-1,0.001,,,,,,1882,0.95,-0.000575,16.435583
2026-07-10T11:10:36.235895,Raspberry_Relieve1,25.65266745,-100.2919305,39.64,0.0,0,0.0,100.0,-1,0.001,,,,,,1883,1.11,0.0,16.435583
2026-07-10T11:10:37.235989,Raspberry_Relieve1,25.65265535,-100.2919275,39.646,0.0,0,0.0,100.0,-1,0.001,,,,,,1884,0.91,0.0,16.435583
2026-07-10T11:10:38.236062,Raspberry_Relieve1,25.652641566666667,-100.29191928333333,39.652,0.0,0,0.0,100.0,-1,0.001,,,,,,1885,0.99,0.0,16.435583
2026-07-10T11:10:39.236147,Raspberry_Relieve1,25.6526389,-100.29192091666667,39.654,0.0,0,0.0,100.0,-1,0.001,,,,,,1886,0.99,0.0,16.435583
2026-07-10T11:10:40.236224,Raspberry_Relieve1,25.652638966666668,-100.29191918333333,39.662,0.0,0,0.0,100.0,-1,0.001,,,,,,1887,0.95,0.0,16.435583
2026-07-10T11:10:41.236313,Raspberry_Relieve1,25.65264435,-100.29191095,39.664,0.0,0,0.0,100.0,-1,0.001,,,,,,1888,0.99,0.0,16.435583
2026-07-10T11:10:42.236477,Raspberry_Relieve1,25.652646766666667,-100.29190561666667,39.67,0.0,0,0.0,100.0,-1,0.001,,,,,,1889,1.07,0.0,16.435583
2026-07-10T11:10:43.236542,Raspberry_Relieve1,25.652647616666666,-100.29190518333333,39.674,0.0,0,0.0,100.0,-1,0.001,,,,,,1890,0.94,0.0,16.435583
2026-07-10T11:10:44.236626,Raspberry_Relieve1,25.652645483333334,-100.29190206666667,39.676,0.0,0,0.0,100.0,-1,0.001,,,,,,1891,1.05,0.0,16.435583
2026-07-10T11:10:45.236721,Raspberry_Relieve1,25.652643216666668,-100.29190136666666,39.68,0.0,0,0.0,100.0,-1,0.001,,,,,,1892,1.01,0.0,16.435583
2026-07-10T11:10:46.236802,Raspberry_Relieve1,25.65264055,-100.29189943333333,39.684,0.0,0,0.0,100.0,-1,0.001,,,,,,1893,1.03,0.0,16.435583
2026-07-10T11:10:47.236886,Raspberry_Relieve1,25.652637066666667,-100.29189718333333,39.687,0.0,0,0.0,100.0,-1,0.001,,,,,,1894,0.98,0.0,16.435583
2026-07-10T11:10:48.237010,Raspberry_Relieve1,25.652636133333335,-100.2918961,39.691,0.0,0,0.0,100.0,-1,0.001,,,,,,1895,0.96,0.0,16.435583
2026-07-10T11:10:49.237099,Raspberry_Relieve1,25.65263645,-100.29189746666667,39.695,0.0,0,0.0,100.0,-1,0.001,,,,,,1896,1.02,0.0,16.435583
2026-07-10T11:10:50.237196,Raspberry_Relieve1,25.65263686666667,-100.29189866666667,39.698,0.0,0,0.0,100.0,-1,0.001,,,,,,1897,1.06,0.0,16.435583
2026-07-10T11:10:51.237291,Raspberry_Relieve1,25.652636133333335,-100.29189916666667,39.701,0.0,0,0.0,100.0,-1,0.001,,,,,,1898,0.88,0.0,16.435583
2026-07-10T11:10:52.237372,Raspberry_Relieve1,25.6526358,-100.29189935,39.702,0.0,0,0.0,100.0,-1,0.001,,,,,,1899,1.06,0.0,16.435583
2026-07-10T11:10:53.237469,Raspberry_Relieve1,25.65263605,-100.29189973333334,39.706,0.0,0,0.0,100.0,-1,0.001,,,,,,1900,1.02,0.0,16.435583
2026-07-10T11:10:54.237546,Raspberry_Relieve1,25.652636066666666,-100.29189985,39.707,0.0,0,0.0,100.0,-1,0.001,,,,,,1901,0.93,0.0,16.435583
2026-07-10T11:10:55.237634,Raspberry_Relieve1,25.65263605,-100.29189993333334,39.71,0.0,0,0.0,100.0,-1,0.001,,,,,,1902,1.0,0.0,16.435583
2026-07-10T11:10:56.237811,Raspberry_Relieve1,25.652640866666665,-100.29190193333334,39.713,0.0,0,0.0,100.0,-1,0.001,,,,,,1903,1.06,0.0,16.435583
2026-07-10T11:10:57.237879,Raspberry_Relieve1,25.65264111666667,-100.29190485,39.716,0.0,0,0.0,100.0,-1,0.001,,,,,,1904,1.02,0.0,16.435583
2026-07-10T11:10:58.237965,Raspberry_Relieve1,25.652643916666666,-100.29191073333334,39.716,0.0,0,0.0,100.0,-1,0.001,,,,,,1905,1.01,0.0,16.435583
2026-07-10T11:10:59.238053,Raspberry_Relieve1,25.652646766666667,-100.2919155,39.72,0.0,0,0.0,100.0,-1,0.001,,,,,,1906,0.92,0.0,16.435583
2026-07-10T11:11:00.238139,Raspberry_Relieve1,25.652647816666665,-100.29191831666667,39.702,1.907,76,75.71,100.0,-1,0.0,,,,,,1907,1.09,0.011503,16.447086
2026-07-10T11:11:01.238253,Raspberry_Relieve1,25.652648383333332,-100.29191958333334,39.71,0.0,0,75.71,100.0,-1,0.0,,,,,,1908,0.95,0.02003,16.467116
2026-07-10T11:11:02.238355,Raspberry_Relieve1,25.652648583333335,-100.29192256666667,39.245,3.592,141,140.97,100.0,-1,0.0,,,,,,1909,1.1,0.033073,16.500189
2026-07-10T11:11:03.238446,Raspberry_Relieve1,25.652649866666668,-100.29192561666666,39.489,2.252,89,88.93,100.0,-1,0.0,,,,,,1910,0.99,0.031643,16.531831
2026-07-10T11:11:04.238551,Raspberry_Relieve1,25.65265595,-100.29192763333333,39.71,0.127,5,5.04,100.0,-1,0.0,,,,,,1911,0.95,0.012452,16.544283
2026-07-10T11:11:05.238636,Raspberry_Relieve1,25.652660116666667,-100.29193021666667,39.715,0.0,0,5.04,100.0,-1,0.0,,,,,,1912,1.02,0.001424,16.545707
2026-07-10T11:11:06.238723,Raspberry_Relieve1,25.6526575,-100.2919308,39.717,0.0,0,5.04,100.0,-1,0.0,,,,,,1913,0.92,0.001296,16.547003
2026-07-10T11:11:07.238813,Raspberry_Relieve1,25.652657283333333,-100.29193201666666,39.72,0.0,0,5.04,100.0,-1,0.0,,,,,,1914,1.03,0.001441,16.548444
2026-07-10T11:11:08.238906,Raspberry_Relieve1,25.65265715,-100.29193293333333,39.722,0.0,0,5.04,100.0,-1,0.0,,,,,,1915,1.16,0.001626,16.55007
2026-07-10T11:11:09.238989,Raspberry_Relieve1,25.652657133333335,-100.29193215,39.723,0.0,0,5.04,100.0,-1,0.0,,,,,,1916,0.87,0.001222,16.551292
2026-07-10T11:11:10.239164,Raspberry_Relieve1,25.6526564,-100.29193306666667,39.726,0.0,0,5.04,100.0,-1,0.0,,,,,,1917,1.02,0.001435,16.552727
2026-07-10T11:11:11.239245,Raspberry_Relieve1,25.65265385,-100.29193465,39.728,0.0,0,5.04,100.0,-1,0.0,,,,,,1918,0.95,0.001337,16.554064
2026-07-10T11:11:12.239327,Raspberry_Relieve1,25.652652566666667,-100.29193545,39.729,0.0,0,5.04,100.0,-1,0.0,,,,,,1919,0.93,0.001308,16.555372
2026-07-10T11:11:13.239413,Raspberry_Relieve1,25.6526481,-100.29193933333333,39.731,0.0,0,5.04,100.0,-1,0.0,,,,,,1920,1.09,0.001527,16.556898
2026-07-10T11:11:14.239504,Raspberry_Relieve1,25.652644316666667,-100.29194235,39.733,0.0,0,5.04,100.0,-1,0.0,,,,,,1921,1.08,0.001519,16.558417
2026-07-10T11:11:15.239588,Raspberry_Relieve1,25.652642616666668,-100.29194446666666,39.734,0.0,0,5.04,100.0,-1,0.0,,,,,,1922,0.89,0.001254,16.559671
2026-07-10T11:11:16.239716,Raspberry_Relieve1,25.652642416666666,-100.29194595,39.736,0.0,0,5.04,100.0,-1,0.0,,,,,,1923,1.0,0.001398,16.561069
2026-07-10T11:11:17.239820,Raspberry_Relieve1,25.652642116666666,-100.29194711666666,39.738,0.0,0,5.04,100.0,-1,0.0,,,,,,1924,0.96,0.001347,16.562416
2026-07-10T11:11:18.239893,Raspberry_Relieve1,25.652641733333333,-100.29194768333333,39.74,0.0,0,5.04,100.0,-1,0.0,,,,,,1925,1.04,0.001451,16.563867
