timestamp,dispositivo_id,latitud,longitud,voltaje,corriente,potencia,potencia_calculada,soc,ttg_min,ah_consumidos,motor_voltaje,motor_corriente,motor_potencia,motor_rpm,motor_temp,tiempo_acumulado(s),delta_t_s,energia_wh,energia_acumulada_wh
2026-07-15T12:53:05.339798,Raspberry_Relieve2,,,,,,0.0,,,,,,,,,0,,,0.0
2026-07-15T12:53:06.339965,Raspberry_Relieve2,,,,,,0.0,,,,,,,,,0,,,0.0
2026-07-15T12:53:07.340075,Raspberry_Relieve2,,,,,,0.0,,,,,,,,,1,1.05,0.0,0.0
2026-07-15T12:53:08.340175,Raspberry_Relieve2,,,,,,0.0,,,,,,,,,2,0.97,0.0,0.0
2026-07-15T12:53:09.340257,Raspberry_Relieve2,,,,,,0.0,,,,,,,,,3,0.98,0.0,0.0
2026-07-15T12:53:10.340363,Raspberry_Relieve2,,,,,,0.0,,,,,,,,,4,0.99,0.0,0.0
2026-07-15T12:53:11.340477,Raspberry_Relieve2,,,,,,0.0,,,,,,,,,5,1.0,0.0,0.0
2026-07-15T12:53:12.340577,Raspberry_Relieve2,,,,,,0.0,,,,,,,,,6,1.02,0.0,0.0
2026-07-15T12:53:13.340682,Raspberry_Relieve2,,,,,,0.0,,,,,,,,,7,1.02,0.0,0.0
2026-07-15T12:53:14.340775,Raspberry_Relieve2,,,,,,0.0,,,,,,,,,8,0.96,0.0,0.0
2026-07-15T12:53:15.340907,Raspberry_Relieve2,,,,,,0.0,,,,,,,,,9,1.0,0.0,0.0
2026-07-15T12:53:16.341037,Raspberry_Relieve2,,,,,,0.0,,,,,,,,,10,1.03,0.0,0.0
2026-07-15T12:53:17.341155,Raspberry_Relieve2,,,,,,0.0,,,,,,,,,12,1.07,0.0,0.0
2026-07-15T12:53:18.341277,Raspberry_Relieve2,,,,,,0.0,,,,,,,,,12,1.0,0.0,0.0
2026-07-15T13:10:54.958739,Raspberry_Relieve11,,,,,,0.0,,,,,,,,,0,,,0.0
2026-07-15T13:10:55.958957,Raspberry_Relieve11,,,,,,0.0,,,,,,,,,0,,,0.0
2026-07-15T13:10:56.959084,Raspberry_Relieve11,,,,,,0.0,,,,,,,,,1,0.94,0.0,0.0
2026-07-15T13:10:57.959230,Raspberry_Relieve11,,,,,,0.0,,,,,,,,,2,0.8,0.0,0.0
2026-07-15T13:10:58.959358,Raspberry_Relieve11,,,,,,0.0,,,,,,,,,3,0.93,0.0,0.0
2026-07-15T13:10:59.959487,Raspberry_Relieve11,,,,,,0.0,,,,,,,,,4,1.02,0.0,0.0
2026-07-15T13:11:00.959613,Raspberry_Relieve11,,,,,,0.0,,,,,,,,,5,1.02,0.0,0.0
2026-07-15T13:11:01.959745,Raspberry_Relieve11,,,,,,0.0,,,,,,,,,6,0.96,0.0,0.0
2026-07-15T13:11:02.959873,Raspberry_Relieve11,,,,,,0.0,,,,,,,,,7,1.07,0.0,0.0
2026-07-15T13:11:03.960000,Raspberry_Relieve11,,,,,,0.0,,,,,,,,,8,0.94,0.0,0.0
2026-07-15T15:01:20.554763,Raspberry_Relieve10,,,,,,0.0,,,,,,,,,0,,,0.0
2026-07-15T15:01:21.554958,Raspberry_Relieve10,,,,,,0.0,,,,,,,,,0,,,0.0
2026-07-15T15:01:22.555068,Raspberry_Relieve10,,,,,,0.0,,,,,,,,,1,1.02,0.0,0.0
2026-07-15T15:01:23.555179,Raspberry_Relieve10,,,,,,0.0,,,,,,,,,2,1.03,0.0,0.0
2026-07-15T15:01:24.555311,Raspberry_Relieve10,,,,,,0.0,,,,,,,,,3,1.02,0.0,0.0
2026-07-15T15:01:25.555434,Raspberry_Relieve10,,,,,,0.0,,,,,,,,,4,0.92,0.0,0.0
2026-07-15T15:01:26.555546,Raspberry_Relieve10,,,,,,0.0,,,,,,,,,5,1.04,0.0,0.0
2026-07-15T15:01:27.555647,Raspberry_Relieve10,,,,,,0.0,,,,,,,,,6,0.91,0.0,0.0
2026-07-15T15:01:28.555759,Raspberry_Relieve10,,,,,,0.0,,,,,,,,,7,1.02,0.0,0.0
2026-07-15T15:01:29.555867,Raspberry_Relieve10,,,,,,0.0,,,,,,,,,8,1.0,0.0,0.0
2026-07-15T15:01:30.556006,Raspberry_Relieve10,,,,,,0.0,,,,,,,,,9,0.98,0.0,0.0
2026-07-15T15:01:31.556157,Raspberry_Relieve10,,,,,,0.0,,,,,,,,,10,1.03,0.0,0.0
2026-07-15T15:01:32.556271,Raspberry_Relieve10,,,,,,0.0,,,,,,,,,11,0.98,0.0,0.0
2026-07-15T15:01:33.556416,Raspberry_Relieve10,,,,,,0.0,,,,,,,,,12,1.14,0.0,0.0
2026-07-15T15:01:34.556535,Raspberry_Relieve10,,,,,,0.0,,,,,,,,,13,0.88,0.0,0.0
2026-07-15T15:01:35.556649,Raspberry_Relieve10,,,,,,0.0,,,,,,,,,14,1.05,0.0,0.0
2026-07-15T15:13:28.934171,Raspberry_Relieve12,,,,,,0.0,,,,,,,,,0,,,0.0
2026-07-15T15:13:29.934341,Raspberry_Relieve12,,,,,,0.0,,,,,,,,,0,,,0.0
2026-07-15T15:13:30.934465,Raspberry_Relieve12,,,,,,0.0,,,,,,,,,1,0.92,0.0,0.0
2026-07-15T15:13:31.934598,Raspberry_Relieve12,,,,,,0.0,,,,,,,,,2,1.03,0.0,0.0
2026-07-15T15:13:32.934724,Raspberry_Relieve12,,,,,,0.0,,,,,,,,,3,0.98,0.0,0.0
2026-07-15T15:13:33.934849,Raspberry_Relieve12,,,,,,0.0,,,,,,,,,4,0.96,0.0,0.0
2026-07-15T15:13:34.935032,Raspberry_Relieve12,,,,,,0.0,,,,,,,,,5,1.01,0.0,0.0
2026-07-15T15:26:10.960419,Raspberry_Relieve6,,,,,,0.0,,,,,,,,,0,,,0.0
2026-07-15T15:26:11.960583,Raspberry_Relieve6,,,,,,0.0,,,,,,,,,0,,,0.0
2026-07-15T15:26:12.960689,Raspberry_Relieve6,,,,,,0.0,,,,,,,,,1,1.03,0.0,0.0
2026-07-15T15:26:13.960810,Raspberry_Relieve6,,,,,,0.0,,,,,,,,,2,0.97,0.0,0.0
2026-07-15T15:26:14.960932,Raspberry_Relieve6,,,,,,0.0,,,,,,,,,3,1.03,0.0,0.0
2026-07-15T15:26:15.961054,Raspberry_Relieve6,,,,,,0.0,,,,,,,,,4,0.96,0.0,0.0
2026-07-15T15:26:16.961175,Raspberry_Relieve6,,,,,,0.0,,,,,,,,,5,1.03,0.0,0.0
2026-07-15T15:40:26.736238,Raspberry_Relieve4,,,,,,0.0,,,,,,,,,0,,,0.0
2026-07-15T15:40:27.736417,Raspberry_Relieve4,,,,,,0.0,,,,,,,,,0,,,0.0
2026-07-15T15:40:28.736533,Raspberry_Relieve4,,,,,,0.0,,,,,,,,,1,1.04,0.0,0.0
2026-07-15T15:49:26.948050,Raspberry_Relieve9,,,,,,0.0,,,,,,,,,0,,,0.0
2026-07-15T15:49:27.948219,Raspberry_Relieve9,,,,,,0.0,,,,,,,,,0,,,0.0
2026-07-15T15:49:28.948335,Raspberry_Relieve9,,,,,,0.0,,,,,,,,,1,1.01,0.0,0.0
2026-07-15T15:49:29.948461,Raspberry_Relieve9,,,,,,0.0,,,,,,,,,2,1.0,0.0,0.0
2026-07-15T15:49:30.948586,Raspberry_Relieve9,,,,,,0.0,,,,,,,,,3,1.03,0.0,0.0
2026-07-15T15:49:31.948705,Raspberry_Relieve9,,,,,,0.0,,,,,,,,,4,1.04,0.0,0.0
2026-07-15T15:57:27.378968,Raspberry_Relieve3,,,,,,0.0,,,,,,,,,0,,,0.0
2026-07-15T15:57:28.379149,Raspberry_Relieve3,,,,,,0.0,,,,,,,,,0,,,0.0
2026-07-15T15:57:29.379287,Raspberry_Relieve3,,,,,,0.0,,,,,,,,,1,1.01,0.0,0.0
2026-07-15T15:57:30.379413,Raspberry_Relieve3,,,,,,0.0,,,,,,,,,3,1.23,0.0,0.0
2026-07-15T15:57:31.379543,Raspberry_Relieve3,,,,,,0.0,,,,,,,,,3,0.92,0.0,0.0
2026-07-15T16:05:06.562500,Raspberry_Relieve7,,,,,,0.0,,,,,,,,,0,,,0.0
2026-07-15T16:05:07.562671,Raspberry_Relieve7,,,,,,0.0,,,,,,,,,0,,,0.0
2026-07-15T16:05:08.562779,Raspberry_Relieve7,,,,,,0.0,,,,,,,,,1,1.02,0.0,0.0
2026-07-15T16:05:09.562906,Raspberry_Relieve7,,,,,,0.0,,,,,,,,,2,1.01,0.0,0.0
2026-07-15T16:05:10.563033,Raspberry_Relieve7,,,,,,0.0,,,,,,,,,3,0.91,0.0,0.0
2026-07-15T16:35:03.314729,Raspberry_Relieve5,,,,,,0.0,,,,,,,,,0,,,0.0
2026-07-15T16:35:04.314888,Raspberry_Relieve5,,,,,,0.0,,,,,,,,,0,,,0.0
2026-07-15T16:35:05.314983,Raspberry_Relieve5,,,,,,0.0,,,,,,,,,1,0.97,0.0,0.0
2026-07-15T16:35:06.315095,Raspberry_Relieve5,,,,,,0.0,,,,,,,,,2,1.0,0.0,0.0
2026-07-15T16:45:08.947982,Raspberry_Relieve8,,,,,,0.0,,,,,,,,,0,,,0.0
2026-07-15T16:45:09.948149,Raspberry_Relieve8,,,,,,0.0,,,,,,,,,0,,,0.0
2026-07-15T16:45:10.948260,Raspberry_Relieve8,,,,,,0.0,,,,,,,,,1,0.98,0.0,0.0
2026-07-15T16:45:11.948375,Raspberry_Relieve8,,,,,,0.0,,,,,,,,,2,1.01,0.0,0.0
2026-07-15T16:46:05.758522,Raspberry_Relieve8,,,,,,0.0,,,,,,,,,928,925.41,0.0,0.0
2026-07-15T16:46:07.176453,Raspberry_Relieve8,,,,,,0.0,,,,,,,,,928,0.3,0.0,0.0
2026-07-15T16:46:08.176626,Raspberry_Relieve8,,,,,,0.0,,,,,,,,,929,1.02,0.0,0.0
2026-07-15T16:46:09.176731,Raspberry_Relieve8,,,,,,0.0,,,,,,,,,930,1.05,0.0,0.0
2026-07-15T17:00:40.547293,Raspberry_Relieve8,,,,,,0.0,,,,,,,,,931,0.93,0.0,0.0
2026-07-15T17:00:41.547403,Raspberry_Relieve8,,,,,,0.0,,,,,,,,,932,1.02,0.0,0.0
2026-07-15T17:00:42.547525,Raspberry_Relieve8,,,,,,0.0,,,,,,,,,933,0.98,0.0,0.0
2026-07-15T17:02:00.916196,Raspberry_Relieve8,,,,,,0.0,,,,,,,,,1024,91.45,0.0,0.0
2026-07-15T17:02:01.916304,Raspberry_Relieve8,,,,,,0.0,,,,,,,,,1025,0.44,0.0,0.0
2026-07-15T17:02:02.916513,Raspberry_Relieve8,,,,,,0.0,,,,,,,,,1026,1.0,0.0,0.0
2026-07-15T17:02:03.916589,Raspberry_Relieve8,,,,,,0.0,,,,,,,,,1027,1.01,0.0,0.0
2026-07-15T17:02:17.472664,Raspberry_Relieve8,,,,,,0.0,,,,,,,,,1028,1.02,0.0,0.0
2026-07-15T17:02:18.472726,Raspberry_Relieve8,,,,,,0.0,,,,,,,,,1029,1.02,0.0,0.0
2026-07-15T17:02:19.472854,Raspberry_Relieve8,,,,,,0.0,,,,,,,,,1030,0.98,0.0,0.0
2026-07-15T17:02:20.477567,Raspberry_Relieve8,,,,,,0.0,,,,,,,,,1031,1.02,0.0,0.0
2026-07-15T17:02:21.477711,Raspberry_Relieve8,,,,,,0.0,,,,,,,,,1032,1.03,0.0,0.0
2026-07-15T17:02:22.477871,Raspberry_Relieve8,,,,,,0.0,,,,,,,,,1033,1.04,0.0,0.0
2026-07-15T17:02:23.477971,Raspberry_Relieve8,,,,,,0.0,,,,,,,,,1034,0.93,0.0,0.0
2026-07-15T17:02:24.478081,Raspberry_Relieve8,,,,,,0.0,,,,,,,,,1035,0.96,0.0,0.0
2026-07-15T17:02:25.478166,Raspberry_Relieve8,,,,,,0.0,,,,,,,,,1036,1.0,0.0,0.0
2026-07-15T17:02:26.478253,Raspberry_Relieve8,,,,,,0.0,,,,,,,,,1037,1.07,0.0,0.0
2026-07-15T17:02:27.478411,Raspberry_Relieve8,,,,,,0.0,,,,,,,,,1038,0.94,0.0,0.0
2026-07-15T17:08:52.526496,Raspberry_Relieve8,,,,,,0.0,,,,,,,,,1424,386.0,0.0,0.0
2026-07-15T17:08:53.757543,Raspberry_Relieve8,,,,,,0.0,,,,,,,,,1424,0.37,0.0,0.0
2026-07-15T17:08:54.757717,Raspberry_Relieve8,,,,,,0.0,,,,,,,,,1425,0.95,0.0,0.0
2026-07-15T17:08:55.757887,Raspberry_Relieve8,,,,,,0.0,,,,,,,,,1426,0.97,0.0,0.0
2026-07-15T17:08:56.758003,Raspberry_Relieve8,,,,,,0.0,,,,,,,,,1427,1.05,0.0,0.0
2026-07-15T17:08:57.758141,Raspberry_Relieve8,,,,,,0.0,,,,,,,,,1428,0.98,0.0,0.0
2026-07-15T17:08:58.758261,Raspberry_Relieve8,,,,,,0.0,,,,,,,,,1429,1.01,0.0,0.0
2026-07-15T17:08:59.758401,Raspberry_Relieve8,,,,,,0.0,,,,,,,,,1430,1.0,0.0,0.0
2026-07-15T17:09:00.758500,Raspberry_Relieve8,,,,,,0.0,,,,,,,,,1431,1.02,0.0,0.0
2026-07-15T17:09:01.758706,Raspberry_Relieve8,,,,,,0.0,,,,,,,,,1432,0.96,0.0,0.0
2026-07-15T17:09:02.758855,Raspberry_Relieve8,,,,,,0.0,,,,,,,,,1433,1.02,0.0,0.0
2026-07-15T17:09:03.759009,Raspberry_Relieve8,,,,,,0.0,,,,,,,,,1434,1.02,0.0,0.0
2026-07-15T17:09:04.759124,Raspberry_Relieve8,,,,,,0.0,,,,,,,,,1435,0.98,0.0,0.0
2026-07-15T17:09:05.759272,Raspberry_Relieve8,,,,,,0.0,,,,,,,,,1436,0.97,0.0,0.0
2026-07-15T17:09:06.759419,Raspberry_Relieve8,,,,,,0.0,,,,,,,,,1437,1.0,0.0,0.0
2026-07-15T17:16:50.611970,Raspberry_Relieve8,,,,,,0.0,,,,,,,,,1915,477.88,0.0,0.0
2026-07-15T17:16:52.820682,Raspberry_Relieve8,,,,,,0.0,,,,,,,,,1915,0.32,0.0,0.0
2026-07-15T17:16:53.820818,Raspberry_Relieve8,,,,,,0.0,,,,,,,,,1916,0.98,0.0,0.0
2026-07-15T17:16:54.820926,Raspberry_Relieve8,,,,,,0.0,,,,,,,,,1917,1.03,0.0,0.0
2026-07-15T17:16:55.821050,Raspberry_Relieve8,,,,,,0.0,,,,,,,,,1918,1.05,0.0,0.0
2026-07-15T17:16:56.821173,Raspberry_Relieve8,,,,,,0.0,,,,,,,,,1919,1.03,0.0,0.0
2026-07-15T17:16:57.821275,Raspberry_Relieve8,,,,,,0.0,,,,,,,,,1920,0.89,0.0,0.0
2026-07-15T17:17:10.917890,Raspberry_Relieve8,,,,,,0.0,,,,,,,,,1921,1.01,0.0,0.0
2026-07-15T17:17:23.919930,Raspberry_Relieve8,,,,,,0.0,,,,,,,,,1934,13.07,0.0,0.0
2026-07-15T17:17:24.920078,Raspberry_Relieve8,,,,,,0.0,,,,,,,,,1935,0.95,0.0,0.0
2026-07-15T17:17:25.920216,Raspberry_Relieve8,,,,,,0.0,,,,,,,,,1936,1.0,0.0,0.0
2026-07-15T17:17:26.920287,Raspberry_Relieve8,,,,,,0.0,,,,,,,,,1937,1.09,0.0,0.0
2026-07-15T17:17:27.920464,Raspberry_Relieve8,,,,,,0.0,,,,,,,,,1938,0.89,0.0,0.0
2026-07-15T17:17:28.920514,Raspberry_Relieve8,,,,,,0.0,,,,,,,,,1939,1.0,0.0,0.0
2026-07-15T17:17:29.920641,Raspberry_Relieve8,,,,,,0.0,,,,,,,,,1940,1.02,0.0,0.0
2026-07-15T17:17:30.920756,Raspberry_Relieve8,,,,,,0.0,,,,,,,,,1941,1.06,0.0,0.0
2026-07-15T17:17:31.920896,Raspberry_Relieve8,,,,,,0.0,,,,,,,,,1942,0.92,0.0,0.0
2026-07-15T17:17:32.921042,Raspberry_Relieve8,,,,,,0.0,,,,,,,,,1943,1.01,0.0,0.0
2026-07-15T17:17:33.921212,Raspberry_Relieve8,,,,,,0.0,,,,,,,,,1944,1.05,0.0,0.0
2026-07-15T17:17:34.921361,Raspberry_Relieve8,,,,,,0.0,,,,,,,,,1945,1.03,0.0,0.0
2026-07-15T17:17:35.921467,Raspberry_Relieve8,,,,,,0.0,,,,,,,,,1946,1.02,0.0,0.0
2026-07-15T17:17:36.921601,Raspberry_Relieve8,,,,,,0.0,,,,,,,,,1947,0.93,0.0,0.0
2026-07-15T17:17:37.921713,Raspberry_Relieve8,,,,,,0.0,,,,,,,,,1948,0.98,0.0,0.0
2026-07-15T17:17:38.921849,Raspberry_Relieve8,,,,,,0.0,,,,,,,,,1949,1.01,0.0,0.0
2026-07-15T17:17:39.921975,Raspberry_Relieve8,,,,,,0.0,,,,,,,,,1950,0.97,0.0,0.0
2026-07-15T17:17:40.922126,Raspberry_Relieve8,,,,,,0.0,,,,,,,,,1951,1.02,0.0,0.0
2026-07-15T17:17:41.922250,Raspberry_Relieve8,,,,,,0.0,,,,,,,,,1952,1.0,0.0,0.0
2026-07-15T17:17:42.922355,Raspberry_Relieve8,,,,,,0.0,,,,,,,,,1953,0.98,0.0,0.0
2026-07-15T17:17:43.922499,Raspberry_Relieve8,,,,,,0.0,,,,,,,,,1954,1.01,0.0,0.0
2026-07-15T17:17:44.922619,Raspberry_Relieve8,,,,,,0.0,,,,,,,,,1955,1.02,0.0,0.0
2026-07-15T17:17:45.922802,Raspberry_Relieve8,,,,,,0.0,,,,,,,,,1956,1.01,0.0,0.0
2026-07-15T17:17:46.922920,Raspberry_Relieve8,,,,,,0.0,,,,,,,,,1957,1.0,0.0,0.0
2026-07-15T17:17:47.923040,Raspberry_Relieve8,,,,,,0.0,,,,,,,,,1958,0.96,0.0,0.0
2026-07-15T17:17:48.923155,Raspberry_Relieve8,,,,,,0.0,,,,,,,,,1959,1.02,0.0,0.0
2026-07-15T17:17:49.923270,Raspberry_Relieve8,,,,,,0.0,,,,,,,,,1960,0.98,0.0,0.0
2026-07-15T17:17:50.923384,Raspberry_Relieve8,,,,,,0.0,,,,,,,,,1961,1.0,0.0,0.0
2026-07-15T17:17:51.923504,Raspberry_Relieve8,,,,,,0.0,,,,,,,,,1962,1.01,0.0,0.0
2026-07-15T17:17:52.923593,Raspberry_Relieve8,,,,,,0.0,,,,,,,,,1963,1.02,0.0,0.0
2026-07-15T17:17:53.923723,Raspberry_Relieve8,,,,,,0.0,,,,,,,,,1964,1.02,0.0,0.0
2026-07-15T17:17:54.923849,Raspberry_Relieve8,,,,,,0.0,,,,,,,,,1965,1.02,0.0,0.0
2026-07-15T17:17:55.923965,Raspberry_Relieve8,,,,,,0.0,,,,,,,,,1966,0.96,0.0,0.0
2026-07-15T17:17:56.924085,Raspberry_Relieve8,,,,,,0.0,,,,,,,,,1967,1.0,0.0,0.0
2026-07-15T17:17:57.924206,Raspberry_Relieve8,,,,,,0.0,,,,,,,,,1968,1.0,0.0,0.0
2026-07-15T17:17:58.924327,Raspberry_Relieve8,,,,,,0.0,,,,,,,,,1969,0.98,0.0,0.0
2026-07-15T17:17:59.924447,Raspberry_Relieve8,,,,,,0.0,,,,,,,,,1970,1.01,0.0,0.0
2026-07-15T17:18:00.924563,Raspberry_Relieve8,,,,,,0.0,,,,,,,,,1971,1.01,0.0,0.0
2026-07-15T17:18:01.924682,Raspberry_Relieve8,,,,,,0.0,,,,,,,,,1972,1.0,0.0,0.0
2026-07-15T17:18:02.924834,Raspberry_Relieve8,,,,,,0.0,,,,,,,,,1973,1.01,0.0,0.0
2026-07-15T17:18:03.924974,Raspberry_Relieve8,,,,,,0.0,,,,,,,,,1974,0.99,0.0,0.0
2026-07-15T17:18:04.925097,Raspberry_Relieve8,,,,,,0.0,,,,,,,,,1975,1.08,0.0,0.0
2026-07-15T17:18:05.925199,Raspberry_Relieve8,,,,,,0.0,,,,,,,,,1976,0.93,0.0,0.0
2026-07-15T17:18:06.925322,Raspberry_Relieve8,,,,,,0.0,,,,,,,,,1977,1.03,0.0,0.0
2026-07-15T17:18:07.925456,Raspberry_Relieve8,,,,,,0.0,,,,,,,,,1978,0.95,0.0,0.0
2026-07-15T17:18:08.925594,Raspberry_Relieve8,,,,,,0.0,,,,,,,,,1979,1.02,0.0,0.0
2026-07-15T17:18:09.925698,Raspberry_Relieve8,,,,,,0.0,,,,,,,,,1980,1.05,0.0,0.0
2026-07-15T17:18:10.925823,Raspberry_Relieve8,,,,,,0.0,,,,,,,,,1981,0.97,0.0,0.0
2026-07-15T17:18:11.925936,Raspberry_Relieve8,,,,,,0.0,,,,,,,,,1982,0.96,0.0,0.0
2026-07-15T17:18:12.926029,Raspberry_Relieve8,,,,,,0.0,,,,,,,,,1983,1.02,0.0,0.0
2026-07-15T17:18:13.926194,Raspberry_Relieve8,,,,,,0.0,,,,,,,,,1984,1.0,0.0,0.0
2026-07-15T17:18:14.926314,Raspberry_Relieve8,,,,,,0.0,,,,,,,,,1985,1.0,0.0,0.0
2026-07-15T17:18:15.926440,Raspberry_Relieve8,,,,,,0.0,,,,,,,,,1986,0.98,0.0,0.0
2026-07-15T17:18:16.926566,Raspberry_Relieve8,,,,,,0.0,,,,,,,,,1987,1.01,0.0,0.0
2026-07-15T17:18:17.926693,Raspberry_Relieve8,,,,,,0.0,,,,,,,,,1988,1.0,0.0,0.0
2026-07-15T17:18:18.926819,Raspberry_Relieve8,,,,,,0.0,,,,,,,,,1989,1.06,0.0,0.0
2026-07-15T17:18:19.926934,Raspberry_Relieve8,,,,,,0.0,,,,,,,,,1990,0.94,0.0,0.0
2026-07-15T17:18:20.927092,Raspberry_Relieve8,,,,,,0.0,,,,,,,,,1991,1.01,0.0,0.0
2026-07-15T17:18:21.927194,Raspberry_Relieve8,,,,,,0.0,,,,,,,,,1992,1.0,0.0,0.0
2026-07-15T17:18:22.927313,Raspberry_Relieve8,,,,,,0.0,,,,,,,,,1993,1.01,0.0,0.0
2026-07-15T17:18:23.927481,Raspberry_Relieve8,,,,,,0.0,,,,,,,,,1994,1.02,0.0,0.0
2026-07-15T17:18:24.927623,Raspberry_Relieve8,,,,,,0.0,,,,,,,,,1995,0.95,0.0,0.0
2026-07-15T17:18:25.927765,Raspberry_Relieve8,,,,,,0.0,,,,,,,,,1996,1.03,0.0,0.0
2026-07-15T17:18:26.927905,Raspberry_Relieve8,,,,,,0.0,,,,,,,,,1997,1.03,0.0,0.0
2026-07-15T17:18:27.928038,Raspberry_Relieve8,,,,,,0.0,,,,,,,,,1998,0.94,0.0,0.0
2026-07-15T17:18:28.928180,Raspberry_Relieve8,,,,,,0.0,,,,,,,,,1999,1.02,0.0,0.0
2026-07-15T17:18:29.928315,Raspberry_Relieve8,,,,,,0.0,,,,,,,,,2000,1.01,0.0,0.0
2026-07-15T17:18:30.928440,Raspberry_Relieve8,,,,,,0.0,,,,,,,,,2001,0.98,0.0,0.0
2026-07-15T17:18:31.928558,Raspberry_Relieve8,,,,,,0.0,,,,,,,,,2002,1.0,0.0,0.0
2026-07-15T17:18:32.928657,Raspberry_Relieve8,,,,,,0.0,,,,,,,,,2003,0.99,0.0,0.0
2026-07-15T17:18:33.928794,Raspberry_Relieve8,,,,,,0.0,,,,,,,,,2004,1.02,0.0,0.0
2026-07-15T17:18:34.928922,Raspberry_Relieve8,,,,,,0.0,,,,,,,,,2005,1.01,0.0,0.0
2026-07-15T17:18:35.929038,Raspberry_Relieve8,,,,,,0.0,,,,,,,,,2006,1.0,0.0,0.0
2026-07-15T17:18:36.929167,Raspberry_Relieve8,,,,,,0.0,,,,,,,,,2007,1.05,0.0,0.0
2026-07-15T17:18:37.929262,Raspberry_Relieve8,,,,,,0.0,,,,,,,,,2008,1.0,0.0,0.0
2026-07-15T17:18:38.929396,Raspberry_Relieve8,,,,,,0.0,,,,,,,,,2009,1.02,0.0,0.0
2026-07-15T17:18:39.929514,Raspberry_Relieve8,,,,,,0.0,,,,,,,,,2010,0.92,0.0,0.0
2026-07-15T17:18:40.929635,Raspberry_Relieve8,,,,,,0.0,,,,,,,,,2011,1.0,0.0,0.0
2026-07-15T17:18:41.929751,Raspberry_Relieve8,,,,,,0.0,,,,,,,,,2012,1.05,0.0,0.0
2026-07-15T17:18:42.929842,Raspberry_Relieve8,,,,,,0.0,,,,,,,,,2013,1.04,0.0,0.0
2026-07-15T17:18:43.930006,Raspberry_Relieve8,,,,,,0.0,,,,,,,,,2014,0.93,0.0,0.0
2026-07-15T17:18:44.930104,Raspberry_Relieve8,,,,,,0.0,,,,,,,,,2015,1.0,0.0,0.0
2026-07-15T17:18:45.930223,Raspberry_Relieve8,,,,,,0.0,,,,,,,,,2016,0.98,0.0,0.0
2026-07-15T17:18:46.930356,Raspberry_Relieve8,,,,,,0.0,,,,,,,,,2017,1.03,0.0,0.0
2026-07-15T17:18:47.930479,Raspberry_Relieve8,,,,,,0.0,,,,,,,,,2018,0.98,0.0,0.0
2026-07-15T17:18:48.930606,Raspberry_Relieve8,,,,,,0.0,,,,,,,,,2019,1.0,0.0,0.0
2026-07-15T17:18:49.930728,Raspberry_Relieve8,,,,,,0.0,,,,,,,,,2020,1.03,0.0,0.0
2026-07-15T17:18:50.930860,Raspberry_Relieve8,,,,,,0.0,,,,,,,,,2021,0.98,0.0,0.0
2026-07-15T17:18:51.930993,Raspberry_Relieve8,,,,,,0.0,,,,,,,,,2022,0.99,0.0,0.0
2026-07-15T17:18:52.931108,Raspberry_Relieve8,,,,,,0.0,,,,,,,,,2023,1.01,0.0,0.0
2026-07-15T17:18:53.931268,Raspberry_Relieve8,,,,,,0.0,,,,,,,,,2024,1.01,0.0,0.0
2026-07-15T17:18:54.931409,Raspberry_Relieve8,,,,,,0.0,,,,,,,,,2025,1.05,0.0,0.0
2026-07-15T17:18:55.931533,Raspberry_Relieve8,,,,,,0.0,,,,,,,,,2026,0.93,0.0,0.0
2026-07-15T17:18:56.931654,Raspberry_Relieve8,,,,,,0.0,,,,,,,,,2027,1.0,0.0,0.0
2026-07-15T17:18:57.931782,Raspberry_Relieve8,,,,,,0.0,,,,,,,,,2028,1.02,0.0,0.0
2026-07-15T17:18:58.931906,Raspberry_Relieve8,,,,,,0.0,,,,,,,,,2029,1.01,0.0,0.0
2026-07-15T17:18:59.932027,Raspberry_Relieve8,,,,,,0.0,,,,,,,,,2030,1.02,0.0,0.0
2026-07-15T17:19:00.932151,Raspberry_Relieve8,,,,,,0.0,,,,,,,,,2031,1.03,0.0,0.0
2026-07-15T17:19:01.932300,Raspberry_Relieve8,,,,,,0.0,,,,,,,,,2032,0.91,0.0,0.0
2026-07-15T17:19:02.932391,Raspberry_Relieve8,,,,,,0.0,,,,,,,,,2033,1.0,0.0,0.0
2026-07-15T17:19:03.932547,Raspberry_Relieve8,,,,,,0.0,,,,,,,,,2034,0.98,0.0,0.0
2026-07-15T17:19:04.932732,Raspberry_Relieve8,,,,,,0.0,,,,,,,,,2035,1.04,0.0,0.0
2026-07-15T17:19:05.932787,Raspberry_Relieve8,,,,,,0.0,,,,,,,,,2036,0.95,0.0,0.0
2026-07-15T17:19:06.932925,Raspberry_Relieve8,,,,,,0.0,,,,,,,,,2037,1.03,0.0,0.0
2026-07-15T17:19:07.933043,Raspberry_Relieve8,,,,,,0.0,,,,,,,,,2038,1.02,0.0,0.0
2026-07-15T17:19:08.933189,Raspberry_Relieve8,,,,,,0.0,,,,,,,,,2039,1.04,0.0,0.0
2026-07-15T17:19:09.933314,Raspberry_Relieve8,,,,,,0.0,,,,,,,,,2040,0.99,0.0,0.0
2026-07-15T17:19:10.933448,Raspberry_Relieve8,,,,,,0.0,,,,,,,,,2041,0.98,0.0,0.0
2026-07-15T17:19:11.933558,Raspberry_Relieve8,,,,,,0.0,,,,,,,,,2042,0.95,0.0,0.0
2026-07-15T17:19:12.933652,Raspberry_Relieve8,,,,,,0.0,,,,,,,,,2043,1.09,0.0,0.0
2026-07-15T17:19:13.933803,Raspberry_Relieve8,,,,,,0.0,,,,,,,,,2044,0.94,0.0,0.0
2026-07-15T17:19:14.933923,Raspberry_Relieve8,,,,,,0.0,,,,,,,,,2045,1.03,0.0,0.0
2026-07-15T17:19:15.934064,Raspberry_Relieve8,,,,,,0.0,,,,,,,,,2046,1.0,0.0,0.0
2026-07-15T17:19:16.934191,Raspberry_Relieve8,,,,,,0.0,,,,,,,,,2047,1.04,0.0,0.0
2026-07-15T17:19:17.934318,Raspberry_Relieve8,,,,,,0.0,,,,,,,,,2048,0.94,0.0,0.0
2026-07-15T17:19:18.934442,Raspberry_Relieve8,,,,,,0.0,,,,,,,,,2049,1.0,0.0,0.0
2026-07-15T17:19:19.934562,Raspberry_Relieve8,,,,,,0.0,,,,,,,,,2050,0.97,0.0,0.0
2026-07-15T17:19:20.934728,Raspberry_Relieve8,,,,,,0.0,,,,,,,,,2051,1.01,0.0,0.0
2026-07-15T17:19:21.934846,Raspberry_Relieve8,,,,,,0.0,,,,,,,,,2052,1.02,0.0,0.0
2026-07-15T17:19:22.934948,Raspberry_Relieve8,,,,,,0.0,,,,,,,,,2053,1.0,0.0,0.0
2026-07-15T17:19:23.935101,Raspberry_Relieve8,,,,,,0.0,,,,,,,,,2054,1.02,0.0,0.0
2026-07-15T17:19:24.935233,Raspberry_Relieve8,,,,,,0.0,,,,,,,,,2055,1.02,0.0,0.0
2026-07-15T17:19:25.935357,Raspberry_Relieve8,,,,,,0.0,,,,,,,,,2056,0.95,0.0,0.0
2026-07-15T17:19:26.935477,Raspberry_Relieve8,,,,,,0.0,,,,,,,,,2057,1.01,0.0,0.0
2026-07-15T17:19:27.935607,Raspberry_Relieve8,,,,,,0.0,,,,,,,,,2058,1.0,0.0,0.0
2026-07-15T17:19:28.935729,Raspberry_Relieve8,,,,,,0.0,,,,,,,,,2059,1.0,0.0,0.0
2026-07-15T17:19:29.935845,Raspberry_Relieve8,,,,,,0.0,,,,,,,,,2060,1.0,0.0,0.0
2026-07-15T17:19:30.935960,Raspberry_Relieve8,,,,,,0.0,,,,,,,,,2061,1.05,0.0,0.0
2026-07-15T17:19:31.936082,Raspberry_Relieve8,,,,,,0.0,,,,,,,,,2062,0.96,0.0,0.0
2026-07-15T17:19:32.936181,Raspberry_Relieve8,,,,,,0.0,,,,,,,,,2063,0.98,0.0,0.0
2026-07-15T17:19:33.936335,Raspberry_Relieve8,,,,,,0.0,,,,,,,,,2064,1.0,0.0,0.0
2026-07-15T17:19:34.936459,Raspberry_Relieve8,,,,,,0.0,,,,,,,,,2065,1.0,0.0,0.0
2026-07-15T17:19:35.936562,Raspberry_Relieve8,,,,,,0.0,,,,,,,,,2066,0.98,0.0,0.0
2026-07-15T17:19:36.936688,Raspberry_Relieve8,,,,,,0.0,,,,,,,,,2067,1.03,0.0,0.0
2026-07-15T17:19:37.936798,Raspberry_Relieve8,,,,,,0.0,,,,,,,,,2068,0.98,0.0,0.0
2026-07-15T17:19:38.936933,Raspberry_Relieve8,,,,,,0.0,,,,,,,,,2069,1.02,0.0,0.0
2026-07-15T17:19:39.937063,Raspberry_Relieve8,,,,,,0.0,,,,,,,,,2070,1.02,0.0,0.0
2026-07-15T17:19:40.937186,Raspberry_Relieve8,,,,,,0.0,,,,,,,,,2071,0.97,0.0,0.0
2026-07-15T17:19:41.937305,Raspberry_Relieve8,,,,,,0.0,,,,,,,,,2072,0.99,0.0,0.0
2026-07-15T17:19:42.937405,Raspberry_Relieve8,,,,,,0.0,,,,,,,,,2073,1.01,0.0,0.0
2026-07-15T17:19:43.937496,Raspberry_Relieve8,,,,,,0.0,,,,,,,,,2074,1.02,0.0,0.0
2026-07-15T17:19:44.937634,Raspberry_Relieve8,,,,,,0.0,,,,,,,,,2075,0.99,0.0,0.0
2026-07-15T17:19:45.937755,Raspberry_Relieve8,,,,,,0.0,,,,,,,,,2076,0.99,0.0,0.0
2026-07-15T17:19:46.937872,Raspberry_Relieve8,,,,,,0.0,,,,,,,,,2077,0.98,0.0,0.0
2026-07-15T17:19:47.937994,Raspberry_Relieve8,,,,,,0.0,,,,,,,,,2078,1.01,0.0,0.0
2026-07-15T17:19:48.938106,Raspberry_Relieve8,,,,,,0.0,,,,,,,,,2079,1.01,0.0,0.0
2026-07-15T17:19:49.938223,Raspberry_Relieve8,,,,,,0.0,,,,,,,,,2080,1.04,0.0,0.0
2026-07-15T17:19:50.938343,Raspberry_Relieve8,,,,,,0.0,,,,,,,,,2081,1.01,0.0,0.0
2026-07-15T17:19:51.938463,Raspberry_Relieve8,,,,,,0.0,,,,,,,,,2082,0.94,0.0,0.0
2026-07-15T17:19:52.938559,Raspberry_Relieve8,,,,,,0.0,,,,,,,,,2083,1.01,0.0,0.0
2026-07-15T17:19:53.938701,Raspberry_Relieve8,,,,,,0.0,,,,,,,,,2084,1.02,0.0,0.0
2026-07-15T17:19:54.938820,Raspberry_Relieve8,,,,,,0.0,,,,,,,,,2085,1.13,0.0,0.0
2026-07-15T17:19:55.938919,Raspberry_Relieve8,,,,,,0.0,,,,,,,,,2086,0.84,0.0,0.0
2026-07-15T17:19:56.939057,Raspberry_Relieve8,,,,,,0.0,,,,,,,,,2087,1.02,0.0,0.0
2026-07-15T17:19:57.939180,Raspberry_Relieve8,,,,,,0.0,,,,,,,,,2088,1.01,0.0,0.0
2026-07-15T17:19:58.939283,Raspberry_Relieve8,,,,,,0.0,,,,,,,,,2089,1.02,0.0,0.0
2026-07-15T17:19:59.939405,Raspberry_Relieve8,,,,,,0.0,,,,,,,,,2090,0.95,0.0,0.0
2026-07-15T17:20:00.939523,Raspberry_Relieve8,,,,,,0.0,,,,,,,,,2091,1.02,0.0,0.0
2026-07-15T17:20:01.939642,Raspberry_Relieve8,,,,,,0.0,,,,,,,,,2092,0.98,0.0,0.0
2026-07-15T17:20:02.939738,Raspberry_Relieve8,,,,,,0.0,,,,,,,,,2093,1.0,0.0,0.0
2026-07-15T17:20:03.939874,Raspberry_Relieve8,,,,,,0.0,,,,,,,,,2094,1.05,0.0,0.0
2026-07-15T17:20:04.939989,Raspberry_Relieve8,,,,,,0.0,,,,,,,,,2095,0.96,0.0,0.0
2026-07-15T17:20:05.940089,Raspberry_Relieve8,,,,,,0.0,,,,,,,,,2096,1.01,0.0,0.0
2026-07-15T17:20:06.940268,Raspberry_Relieve8,,,,,,0.0,,,,,,,,,2097,1.03,0.0,0.0
2026-07-15T17:20:07.940352,Raspberry_Relieve8,,,,,,0.0,,,,,,,,,2098,0.95,0.0,0.0
2026-07-15T17:20:08.940493,Raspberry_Relieve8,,,,,,0.0,,,,,,,,,2099,1.01,0.0,0.0
2026-07-15T17:20:09.940617,Raspberry_Relieve8,,,,,,0.0,,,,,,,,,2100,0.99,0.0,0.0
2026-07-15T17:20:10.940731,Raspberry_Relieve8,,,,,,0.0,,,,,,,,,2101,1.02,0.0,0.0
2026-07-15T17:20:11.940858,Raspberry_Relieve8,,,,,,0.0,,,,,,,,,2102,1.01,0.0,0.0
2026-07-15T17:20:12.940979,Raspberry_Relieve8,,,,,,0.0,,,,,,,,,2103,0.98,0.0,0.0
2026-07-15T17:20:13.941114,Raspberry_Relieve8,,,,,,0.0,,,,,,,,,2104,1.0,0.0,0.0
2026-07-15T17:20:14.941234,Raspberry_Relieve8,,,,,,0.0,,,,,,,,,2105,1.0,0.0,0.0
2026-07-15T17:20:15.941361,Raspberry_Relieve8,,,,,,0.0,,,,,,,,,2106,1.05,0.0,0.0
2026-07-15T17:20:16.941475,Raspberry_Relieve8,,,,,,0.0,,,,,,,,,2107,1.02,0.0,0.0
2026-07-15T17:20:17.941613,Raspberry_Relieve8,,,,,,0.0,,,,,,,,,2108,0.93,0.0,0.0
2026-07-15T17:20:18.941732,Raspberry_Relieve8,,,,,,0.0,,,,,,,,,2109,1.0,0.0,0.0
2026-07-15T17:20:19.941849,Raspberry_Relieve8,,,,,,0.0,,,,,,,,,2110,1.02,0.0,0.0
2026-07-15T17:20:20.941961,Raspberry_Relieve8,,,,,,0.0,,,,,,,,,2111,0.98,0.0,0.0
2026-07-15T17:20:21.942070,Raspberry_Relieve8,,,,,,0.0,,,,,,,,,2112,1.01,0.0,0.0
2026-07-15T17:20:22.942165,Raspberry_Relieve8,,,,,,0.0,,,,,,,,,2113,0.99,0.0,0.0
2026-07-15T17:20:23.942304,Raspberry_Relieve8,,,,,,0.0,,,,,,,,,2114,0.99,0.0,0.0
2026-07-15T17:20:24.942428,Raspberry_Relieve8,,,,,,0.0,,,,,,,,,2115,1.01,0.0,0.0
2026-07-15T17:20:25.942570,Raspberry_Relieve8,,,,,,0.0,,,,,,,,,2116,0.99,0.0,0.0
2026-07-15T17:20:26.942746,Raspberry_Relieve8,,,,,,0.0,,,,,,,,,2117,1.01,0.0,0.0
2026-07-15T17:20:27.942829,Raspberry_Relieve8,,,,,,0.0,,,,,,,,,2118,1.0,0.0,0.0
2026-07-15T17:20:28.942940,Raspberry_Relieve8,,,,,,0.0,,,,,,,,,2119,1.0,0.0,0.0
2026-07-15T17:20:29.943060,Raspberry_Relieve8,,,,,,0.0,,,,,,,,,2120,1.02,0.0,0.0
2026-07-15T17:20:30.943177,Raspberry_Relieve8,,,,,,0.0,,,,,,,,,2121,0.98,0.0,0.0
2026-07-15T17:20:31.943296,Raspberry_Relieve8,,,,,,0.0,,,,,,,,,2122,1.0,0.0,0.0
2026-07-15T17:20:32.943438,Raspberry_Relieve8,,,,,,0.0,,,,,,,,,2123,0.98,0.0,0.0
2026-07-15T17:20:33.943579,Raspberry_Relieve8,,,,,,0.0,,,,,,,,,2124,1.05,0.0,0.0
2026-07-15T17:20:34.943691,Raspberry_Relieve8,,,,,,0.0,,,,,,,,,2125,1.02,0.0,0.0
2026-07-15T17:20:35.943801,Raspberry_Relieve8,,,,,,0.0,,,,,,,,,2126,0.94,0.0,0.0
2026-07-15T17:20:36.943935,Raspberry_Relieve8,,,,,,0.0,,,,,,,,,2127,1.02,0.0,0.0
2026-07-15T17:20:37.944048,Raspberry_Relieve8,,,,,,0.0,,,,,,,,,2128,1.06,0.0,0.0
2026-07-15T17:20:38.944188,Raspberry_Relieve8,,,,,,0.0,,,,,,,,,2129,0.92,0.0,0.0
2026-07-15T17:20:39.944309,Raspberry_Relieve8,,,,,,0.0,,,,,,,,,2130,1.07,0.0,0.0
2026-07-15T17:20:40.944422,Raspberry_Relieve8,,,,,,0.0,,,,,,,,,2131,0.93,0.0,0.0
2026-07-15T17:20:41.944550,Raspberry_Relieve8,,,,,,0.0,,,,,,,,,2132,1.04,0.0,0.0
2026-07-15T17:20:42.944639,Raspberry_Relieve8,,,,,,0.0,,,,,,,,,2133,0.93,0.0,0.0
2026-07-15T17:20:43.944784,Raspberry_Relieve8,,,,,,0.0,,,,,,,,,2134,1.05,0.0,0.0
2026-07-15T17:20:44.944917,Raspberry_Relieve8,,,,,,0.0,,,,,,,,,2135,1.06,0.0,0.0
2026-07-15T17:20:45.945074,Raspberry_Relieve8,,,,,,0.0,,,,,,,,,2137,1.1,0.0,0.0
2026-07-15T17:20:46.945166,Raspberry_Relieve8,,,,,,0.0,,,,,,,,,2137,0.83,0.0,0.0
2026-07-15T17:20:47.945303,Raspberry_Relieve8,,,,,,0.0,,,,,,,,,2139,1.28,0.0,0.0
2026-07-15T17:20:48.945418,Raspberry_Relieve8,,,,,,0.0,,,,,,,,,2139,0.71,0.0,0.0
2026-07-15T17:20:49.945496,Raspberry_Relieve8,,,,,,0.0,,,,,,,,,2140,1.01,0.0,0.0
2026-07-15T16:35:53.161479,Raspberry_Relieve5,,,,,,0.0,,,,,,,,,2855,2852.24,0.0,0.0
2026-07-15T16:35:54.161583,Raspberry_Relieve5,,,,,,0.0,,,,,,,,,2855,0.92,0.0,0.0
2026-07-15T16:35:55.161675,Raspberry_Relieve5,,,,,,0.0,,,,,,,,,2856,1.02,0.0,0.0
2026-07-15T16:35:56.161787,Raspberry_Relieve5,,,,,,0.0,,,,,,,,,2858,1.02,0.0,0.0
2026-07-15T16:35:57.162087,Raspberry_Relieve5,,,,,,0.0,,,,,,,,,2858,0.86,0.0,0.0
2026-07-15T16:35:58.162223,Raspberry_Relieve5,,,,,,0.0,,,,,,,,,2859,1.05,0.0,0.0
2026-07-15T16:35:59.162289,Raspberry_Relieve5,,,,,,0.0,,,,,,,,,2860,1.03,0.0,0.0
2026-07-15T16:35:53.762815,Raspberry_Relieve5,,,,,,0.0,,,,,,,,,2992,131.51,0.0,0.0
2026-07-15T16:35:56.604991,Raspberry_Relieve5,,,,,,0.0,,,,,,,,,2992,0.31,0.0,0.0
2026-07-15T16:35:57.605122,Raspberry_Relieve5,,,,,,0.0,,,,,,,,,2993,1.0,0.0,0.0
2026-07-15T16:35:58.605296,Raspberry_Relieve5,,,,,,0.0,,,,,,,,,2994,1.03,0.0,0.0
2026-07-15T16:35:59.605446,Raspberry_Relieve5,,,,,,0.0,,,,,,,,,2995,0.97,0.0,0.0
2026-07-15T16:36:00.605569,Raspberry_Relieve5,,,,,,0.0,,,,,,,,,2996,1.01,0.0,0.0
2026-07-15T16:36:01.605675,Raspberry_Relieve5,,,,,,0.0,,,,,,,,,2997,1.02,0.0,0.0
2026-07-15T16:36:02.605848,Raspberry_Relieve5,,,,,,0.0,,,,,,,,,2998,0.96,0.0,0.0
2026-07-15T16:36:16.607597,Raspberry_Relieve5,,,,,,0.0,,,,,,,,,3012,14.03,0.0,0.0
2026-07-15T16:36:17.607703,Raspberry_Relieve5,,,,,,0.0,,,,,,,,,3013,0.99,0.0,0.0
2026-07-15T16:36:18.607807,Raspberry_Relieve5,,,,,,0.0,,,,,,,,,3014,0.97,0.0,0.0
2026-07-15T16:36:19.607913,Raspberry_Relieve5,,,,,,0.0,,,,,,,,,3015,1.03,0.0,0.0
2026-07-15T16:36:20.608010,Raspberry_Relieve5,,,,,,0.0,,,,,,,,,3016,0.99,0.0,0.0
2026-07-15T16:36:21.608153,Raspberry_Relieve5,,,,,,0.0,,,,,,,,,3017,1.05,0.0,0.0
2026-07-15T16:36:22.608299,Raspberry_Relieve5,,,,,,0.0,,,,,,,,,3018,0.93,0.0,0.0
2026-07-15T16:36:23.608445,Raspberry_Relieve5,,,,,,0.0,,,,,,,,,3019,1.03,0.0,0.0
2026-07-15T16:36:24.608575,Raspberry_Relieve5,,,,,,0.0,,,,,,,,,3020,1.05,0.0,0.0
2026-07-15T16:36:25.608727,Raspberry_Relieve5,,,,,,0.0,,,,,,,,,3021,0.93,0.0,0.0
2026-07-15T16:36:26.608894,Raspberry_Relieve5,,,,,,0.0,,,,,,,,,3022,1.02,0.0,0.0
2026-07-15T16:36:27.609006,Raspberry_Relieve5,,,,,,0.0,,,,,,,,,3023,1.01,0.0,0.0
2026-07-15T16:36:28.609115,Raspberry_Relieve5,,,,,,0.0,,,,,,,,,3024,1.03,0.0,0.0
2026-07-15T16:36:29.609233,Raspberry_Relieve5,,,,,,0.0,,,,,,,,,3025,1.03,0.0,0.0
2026-07-15T16:36:30.609353,Raspberry_Relieve5,,,,,,0.0,,,,,,,,,3026,1.02,0.0,0.0
2026-07-15T16:36:31.609462,Raspberry_Relieve5,,,,,,0.0,,,,,,,,,3027,0.94,0.0,0.0
2026-07-15T16:36:32.609586,Raspberry_Relieve5,,,,,,0.0,,,,,,,,,3028,0.99,0.0,0.0
2026-07-15T17:25:33.167733,Raspberry_Relieve5,,,,,,0.0,,,,,,,,,3029,0.96,0.0,0.0
2026-07-15T17:25:34.167817,Raspberry_Relieve5,,,,,,0.0,,,,,,,,,3030,1.0,0.0,0.0
2026-07-15T17:25:35.167946,Raspberry_Relieve5,,,,,,0.0,,,,,,,,,3031,1.0,0.0,0.0
2026-07-15T17:25:36.168043,Raspberry_Relieve5,,,,,,0.0,,,,,,,,,3032,1.03,0.0,0.0
2026-07-15T17:25:37.168152,Raspberry_Relieve5,,,,,,0.0,,,,,,,,,3033,0.98,0.0,0.0
2026-07-15T17:25:38.168298,Raspberry_Relieve5,,,,,,0.0,,,,,,,,,3034,1.02,0.0,0.0
2026-07-15T17:25:39.168409,Raspberry_Relieve5,,,,,,0.0,,,,,,,,,3035,1.02,0.0,0.0
2026-07-15T17:25:40.168521,Raspberry_Relieve5,,,,,,0.0,,,,,,,,,3036,1.06,0.0,0.0
2026-07-15T17:25:41.168632,Raspberry_Relieve5,,,,,,0.0,,,,,,,,,3037,0.89,0.0,0.0
2026-07-15T17:25:42.168777,Raspberry_Relieve5,,,,,,0.0,,,,,,,,,3038,0.99,0.0,0.0
2026-07-15T17:25:43.168928,Raspberry_Relieve5,,,,,,0.0,,,,,,,,,3039,1.01,0.0,0.0
2026-07-15T17:25:44.169041,Raspberry_Relieve5,,,,,,0.0,,,,,,,,,3040,1.04,0.0,0.0
2026-07-15T17:25:45.169152,Raspberry_Relieve5,,,,,,0.0,,,,,,,,,3041,1.01,0.0,0.0
2026-07-15T17:25:46.169295,Raspberry_Relieve5,,,,,,0.0,,,,,,,,,3042,0.95,0.0,0.0
2026-07-15T17:25:47.169412,Raspberry_Relieve5,,,,,,0.0,,,,,,,,,3043,0.99,0.0,0.0
2026-07-15T17:25:48.169522,Raspberry_Relieve5,,,,,,0.0,,,,,,,,,3044,1.03,0.0,0.0
2026-07-15T17:25:49.169674,Raspberry_Relieve5,,,,,,0.0,,,,,,,,,3045,1.01,0.0,0.0
2026-07-15T17:25:50.169767,Raspberry_Relieve5,,,,,,0.0,,,,,,,,,3046,0.96,0.0,0.0
2026-07-15T17:25:51.169879,Raspberry_Relieve5,,,,,,0.0,,,,,,,,,3047,1.03,0.0,0.0
2026-07-15T17:25:52.170031,Raspberry_Relieve5,,,,,,0.0,,,,,,,,,3048,1.05,0.0,0.0
2026-07-15T17:25:53.170144,Raspberry_Relieve5,,,,,,0.0,,,,,,,,,3049,0.97,0.0,0.0
2026-07-15T17:25:54.170286,Raspberry_Relieve5,,,,,,0.0,,,,,,,,,3050,0.97,0.0,0.0
2026-07-15T17:25:55.170372,Raspberry_Relieve5,,,,,,0.0,,,,,,,,,3051,1.01,0.0,0.0
2026-07-15T17:25:56.170482,Raspberry_Relieve5,,,,,,0.0,,,,,,,,,3052,1.02,0.0,0.0
2026-07-15T17:25:57.170598,Raspberry_Relieve5,,,,,,0.0,,,,,,,,,3053,0.99,0.0,0.0
2026-07-15T17:25:58.170706,Raspberry_Relieve5,,,,,,0.0,,,,,,,,,3054,0.97,0.0,0.0
2026-07-15T17:25:59.170818,Raspberry_Relieve5,,,,,,0.0,,,,,,,,,3055,1.03,0.0,0.0
2026-07-15T17:26:00.170936,Raspberry_Relieve5,,,,,,0.0,,,,,,,,,3056,1.0,0.0,0.0
2026-07-15T17:26:01.171044,Raspberry_Relieve5,,,,,,0.0,,,,,,,,,3057,0.98,0.0,0.0
2026-07-15T17:26:02.171149,Raspberry_Relieve5,,,,,,0.0,,,,,,,,,3058,1.02,0.0,0.0
2026-07-15T17:26:03.171265,Raspberry_Relieve5,,,,,,0.0,,,,,,,,,3059,1.0,0.0,0.0
2026-07-15T17:26:04.171368,Raspberry_Relieve5,,,,,,0.0,,,,,,,,,3060,1.0,0.0,0.0
2026-07-15T17:26:05.171494,Raspberry_Relieve5,,,,,,0.0,,,,,,,,,3061,0.98,0.0,0.0
2026-07-15T17:26:06.171636,Raspberry_Relieve5,,,,,,0.0,,,,,,,,,3062,1.0,0.0,0.0
2026-07-15T17:26:07.171776,Raspberry_Relieve5,,,,,,0.0,,,,,,,,,3063,1.01,0.0,0.0
2026-07-15T17:26:08.171964,Raspberry_Relieve5,,,,,,0.0,,,,,,,,,3064,0.98,0.0,0.0
2026-07-15T17:26:09.172153,Raspberry_Relieve5,,,,,,0.0,,,,,,,,,3065,1.01,0.0,0.0
2026-07-15T17:26:10.172283,Raspberry_Relieve5,,,,,,0.0,,,,,,,,,3066,0.99,0.0,0.0
2026-07-15T17:26:11.172409,Raspberry_Relieve5,,,,,,0.0,,,,,,,,,3067,1.04,0.0,0.0
2026-07-15T17:26:12.172565,Raspberry_Relieve5,,,,,,0.0,,,,,,,,,3068,0.98,0.0,0.0
2026-07-15T17:26:13.172714,Raspberry_Relieve5,,,,,,0.0,,,,,,,,,3069,1.0,0.0,0.0
2026-07-15T17:26:14.172844,Raspberry_Relieve5,,,,,,0.0,,,,,,,,,3070,0.99,0.0,0.0
2026-07-15T17:26:15.172964,Raspberry_Relieve5,,,,,,0.0,,,,,,,,,3071,1.0,0.0,0.0
2026-07-15T17:26:16.173123,Raspberry_Relieve5,,,,,,0.0,,,,,,,,,3072,1.0,0.0,0.0
2026-07-15T17:26:17.173242,Raspberry_Relieve5,,,,,,0.0,,,,,,,,,3073,0.99,0.0,0.0
2026-07-15T17:26:18.173366,Raspberry_Relieve5,,,,,,0.0,,,,,,,,,3074,1.01,0.0,0.0
2026-07-15T17:26:19.173488,Raspberry_Relieve5,,,,,,0.0,,,,,,,,,3075,1.02,0.0,0.0
2026-07-15T17:26:20.173612,Raspberry_Relieve5,,,,,,0.0,,,,,,,,,3076,0.98,0.0,0.0
2026-07-15T17:26:21.173735,Raspberry_Relieve5,,,,,,0.0,,,,,,,,,3077,1.02,0.0,0.0
2026-07-15T17:26:22.173894,Raspberry_Relieve5,,,,,,0.0,,,,,,,,,3078,0.96,0.0,0.0
2026-07-15T17:26:23.174016,Raspberry_Relieve5,,,,,,0.0,,,,,,,,,3079,1.04,0.0,0.0
2026-07-15T17:26:24.174162,Raspberry_Relieve5,,,,,,0.0,,,,,,,,,3080,1.0,0.0,0.0
2026-07-15T17:26:25.174320,Raspberry_Relieve5,,,,,,0.0,,,,,,,,,3081,0.99,0.0,0.0
2026-07-15T17:26:26.174485,Raspberry_Relieve5,,,,,,0.0,,,,,,,,,3082,0.98,0.0,0.0
2026-07-15T17:26:27.174659,Raspberry_Relieve5,,,,,,0.0,,,,,,,,,3083,1.03,0.0,0.0
2026-07-15T17:26:28.174829,Raspberry_Relieve5,,,,,,0.0,,,,,,,,,3084,1.01,0.0,0.0
2026-07-15T17:26:29.174993,Raspberry_Relieve5,,,,,,0.0,,,,,,,,,3085,1.03,0.0,0.0
2026-07-15T17:26:30.175157,Raspberry_Relieve5,,,,,,0.0,,,,,,,,,3086,0.93,0.0,0.0
2026-07-15T17:26:31.175313,Raspberry_Relieve5,,,,,,0.0,,,,,,,,,3087,1.02,0.0,0.0
2026-07-15T17:26:32.175486,Raspberry_Relieve5,,,,,,0.0,,,,,,,,,3088,1.02,0.0,0.0
2026-07-15T17:26:33.175649,Raspberry_Relieve5,,,,,,0.0,,,,,,,,,3089,1.03,0.0,0.0
2026-07-15T17:26:34.175799,Raspberry_Relieve5,,,,,,0.0,,,,,,,,,3090,0.95,0.0,0.0
2026-07-15T17:26:35.175927,Raspberry_Relieve5,,,,,,0.0,,,,,,,,,3091,1.0,0.0,0.0
2026-07-15T17:26:36.176061,Raspberry_Relieve5,,,,,,0.0,,,,,,,,,3092,1.02,0.0,0.0
2026-07-15T17:26:37.176190,Raspberry_Relieve5,,,,,,0.0,,,,,,,,,3093,1.03,0.0,0.0
2026-07-15T17:26:38.176307,Raspberry_Relieve5,,,,,,0.0,,,,,,,,,3094,0.95,0.0,0.0
2026-07-15T17:26:39.176471,Raspberry_Relieve5,,,,,,0.0,,,,,,,,,3095,1.0,0.0,0.0
2026-07-15T17:26:40.176601,Raspberry_Relieve5,,,,,,0.0,,,,,,,,,3096,1.01,0.0,0.0
2026-07-15T17:26:41.176699,Raspberry_Relieve5,,,,,,0.0,,,,,,,,,3097,0.99,0.0,0.0
2026-07-15T17:26:42.176834,Raspberry_Relieve5,,,,,,0.0,,,,,,,,,3098,1.06,0.0,0.0
2026-07-15T17:26:43.176987,Raspberry_Relieve5,,,,,,0.0,,,,,,,,,3099,1.03,0.0,0.0
2026-07-15T17:26:44.177113,Raspberry_Relieve5,,,,,,0.0,,,,,,,,,3100,0.93,0.0,0.0
2026-07-15T16:06:23.271838,Raspberry_Relieve7,,,,,,0.0,,,,,,,,,4993,4990.17,0.0,0.0
2026-07-15T16:06:24.271984,Raspberry_Relieve7,,,,,,0.0,,,,,,,,,4994,0.96,0.0,0.0
2026-07-15T16:06:25.272067,Raspberry_Relieve7,,,,,,0.0,,,,,,,,,4995,0.92,0.0,0.0
2026-07-15T16:06:26.272211,Raspberry_Relieve7,,,,,,0.0,,,,,,,,,4996,1.0,0.0,0.0
2026-07-15T16:06:27.272329,Raspberry_Relieve7,,,,,,0.0,,,,,,,,,4997,1.01,0.0,0.0
2026-07-15T16:06:28.272434,Raspberry_Relieve7,,,,,,0.0,,,,,,,,,4998,1.05,0.0,0.0
2026-07-15T17:28:37.505100,Raspberry_Relieve7,,,,,,0.0,,,,,,,,,5010,12.01,0.0,0.0
2026-07-15T17:28:38.505191,Raspberry_Relieve7,,,,,,0.0,,,,,,,,,5011,0.93,0.0,0.0
2026-07-15T17:28:39.505279,Raspberry_Relieve7,,,,,,0.0,,,,,,,,,5012,0.95,0.0,0.0
2026-07-15T17:28:40.505362,Raspberry_Relieve7,,,,,,0.0,,,,,,,,,5013,1.0,0.0,0.0
2026-07-15T17:28:41.505452,Raspberry_Relieve7,,,,,,0.0,,,,,,,,,5014,1.03,0.0,0.0
2026-07-15T17:28:42.505532,Raspberry_Relieve7,,,,,,0.0,,,,,,,,,5015,1.04,0.0,0.0
2026-07-15T17:28:43.505627,Raspberry_Relieve7,,,,,,0.0,,,,,,,,,5016,0.91,0.0,0.0
2026-07-15T17:28:44.505728,Raspberry_Relieve7,,,,,,0.0,,,,,,,,,5017,1.05,0.0,0.0
2026-07-15T17:28:45.505852,Raspberry_Relieve7,,,,,,0.0,,,,,,,,,5018,1.04,0.0,0.0
2026-07-15T17:28:46.505973,Raspberry_Relieve7,,,,,,0.0,,,,,,,,,5019,0.99,0.0,0.0
2026-07-15T17:28:47.506091,Raspberry_Relieve7,,,,,,0.0,,,,,,,,,5020,0.94,0.0,0.0
2026-07-15T17:28:48.506203,Raspberry_Relieve7,,,,,,0.0,,,,,,,,,5021,1.03,0.0,0.0
2026-07-15T17:28:49.506324,Raspberry_Relieve7,,,,,,0.0,,,,,,,,,5022,1.06,0.0,0.0
2026-07-15T17:28:50.506438,Raspberry_Relieve7,,,,,,0.0,,,,,,,,,5023,0.97,0.0,0.0
2026-07-15T17:28:51.506551,Raspberry_Relieve7,,,,,,0.0,,,,,,,,,5024,1.0,0.0,0.0
2026-07-15T17:28:52.506660,Raspberry_Relieve7,,,,,,0.0,,,,,,,,,5025,0.98,0.0,0.0
2026-07-15T17:28:53.506765,Raspberry_Relieve7,,,,,,0.0,,,,,,,,,5026,1.05,0.0,0.0
2026-07-15T17:28:54.506879,Raspberry_Relieve7,,,,,,0.0,,,,,,,,,5027,1.03,0.0,0.0
2026-07-15T17:28:55.506980,Raspberry_Relieve7,,,,,,0.0,,,,,,,,,5028,0.92,0.0,0.0
2026-07-15T17:28:56.507084,Raspberry_Relieve7,,,,,,0.0,,,,,,,,,5029,1.03,0.0,0.0
2026-07-15T17:28:57.507200,Raspberry_Relieve7,,,,,,0.0,,,,,,,,,5030,1.02,0.0,0.0
2026-07-15T17:28:58.507295,Raspberry_Relieve7,,,,,,0.0,,,,,,,,,5031,1.02,0.0,0.0
2026-07-15T17:28:59.507399,Raspberry_Relieve7,,,,,,0.0,,,,,,,,,5032,0.94,0.0,0.0
2026-07-15T17:29:00.507548,Raspberry_Relieve7,,,,,,0.0,,,,,,,,,5033,0.98,0.0,0.0
2026-07-15T17:29:01.507631,Raspberry_Relieve7,,,,,,0.0,,,,,,,,,5034,1.03,0.0,0.0
2026-07-15T17:29:02.507740,Raspberry_Relieve7,,,,,,0.0,,,,,,,,,5035,1.01,0.0,0.0
2026-07-15T17:29:03.507857,Raspberry_Relieve7,,,,,,0.0,,,,,,,,,5036,0.95,0.0,0.0
2026-07-15T17:29:04.507965,Raspberry_Relieve7,,,,,,0.0,,,,,,,,,5037,1.04,0.0,0.0
2026-07-15T17:29:05.508074,Raspberry_Relieve7,,,,,,0.0,,,,,,,,,5038,0.96,0.0,0.0
2026-07-15T17:29:06.508189,Raspberry_Relieve7,,,,,,0.0,,,,,,,,,5039,1.01,0.0,0.0
2026-07-15T17:29:07.508294,Raspberry_Relieve7,,,,,,0.0,,,,,,,,,5040,1.0,0.0,0.0
2026-07-15T17:29:08.508402,Raspberry_Relieve7,,,,,,0.0,,,,,,,,,5041,1.01,0.0,0.0
2026-07-15T17:29:09.508508,Raspberry_Relieve7,,,,,,0.0,,,,,,,,,5042,1.0,0.0,0.0
2026-07-15T17:29:10.508608,Raspberry_Relieve7,,,,,,0.0,,,,,,,,,5043,1.02,0.0,0.0
2026-07-15T17:29:11.508715,Raspberry_Relieve7,,,,,,0.0,,,,,,,,,5044,0.95,0.0,0.0
2026-07-15T17:29:12.508826,Raspberry_Relieve7,,,,,,0.0,,,,,,,,,5045,1.07,0.0,0.0
2026-07-15T17:29:13.508937,Raspberry_Relieve7,,,,,,0.0,,,,,,,,,5046,0.99,0.0,0.0
2026-07-15T17:29:14.509086,Raspberry_Relieve7,,,,,,0.0,,,,,,,,,5047,0.99,0.0,0.0
2026-07-15T17:29:15.509178,Raspberry_Relieve7,,,,,,0.0,,,,,,,,,5048,0.93,0.0,0.0
2026-07-15T17:29:16.509289,Raspberry_Relieve7,,,,,,0.0,,,,,,,,,5049,1.02,0.0,0.0
2026-07-15T17:29:17.509442,Raspberry_Relieve7,,,,,,0.0,,,,,,,,,5050,1.06,0.0,0.0
2026-07-15T17:29:18.509573,Raspberry_Relieve7,,,,,,0.0,,,,,,,,,5051,0.98,0.0,0.0
2026-07-15T17:29:19.509685,Raspberry_Relieve7,,,,,,0.0,,,,,,,,,5052,0.97,0.0,0.0
2026-07-15T17:29:20.509814,Raspberry_Relieve7,,,,,,0.0,,,,,,,,,5053,1.02,0.0,0.0
2026-07-15T15:58:24.085678,Raspberry_Relieve3,,,,,,0.0,,,,,,,,,5664,5660.74,0.0,0.0
2026-07-15T15:58:32.582244,Raspberry_Relieve3,,,,,,0.0,,,,,,,,,5665,0.32,0.0,0.0
2026-07-15T15:58:33.582342,Raspberry_Relieve3,,,,,,0.0,,,,,,,,,5666,0.97,0.0,0.0
2026-07-15T15:58:34.582536,Raspberry_Relieve3,,,,,,0.0,,,,,,,,,5667,1.02,0.0,0.0
2026-07-15T15:58:35.582629,Raspberry_Relieve3,,,,,,0.0,,,,,,,,,5668,1.06,0.0,0.0
2026-07-15T15:58:36.582773,Raspberry_Relieve3,,,,,,0.0,,,,,,,,,5668,0.89,0.0,0.0
2026-07-15T17:31:57.527763,Raspberry_Relieve3,,,,,,0.0,,,,,,,,,5669,0.95,0.0,0.0
2026-07-15T17:31:58.527874,Raspberry_Relieve3,,,,,,0.0,,,,,,,,,5670,1.01,0.0,0.0
2026-07-15T17:31:59.527956,Raspberry_Relieve3,,,,,,0.0,,,,,,,,,5672,1.06,0.0,0.0
2026-07-15T17:32:57.253967,Raspberry_Relieve3,,,,,,0.0,,,,,,,,,5741,69.15,0.0,0.0
2026-07-15T17:32:58.254196,Raspberry_Relieve3,,,,,,0.0,,,,,,,,,5742,0.89,0.0,0.0
2026-07-15T17:32:59.254263,Raspberry_Relieve3,,,,,,0.0,,,,,,,,,5743,1.01,0.0,0.0
2026-07-15T17:33:00.254350,Raspberry_Relieve3,,,,,,0.0,,,,,,,,,5744,0.99,0.0,0.0
2026-07-15T17:33:01.254481,Raspberry_Relieve3,,,,,,0.0,,,,,,,,,5745,1.02,0.0,0.0
2026-07-15T17:33:02.254586,Raspberry_Relieve3,,,,,,0.0,,,,,,,,,5746,1.02,0.0,0.0
2026-07-15T17:33:03.254736,Raspberry_Relieve3,,,,,,0.0,,,,,,,,,5747,1.02,0.0,0.0
2026-07-15T17:33:04.254904,Raspberry_Relieve3,,,,,,0.0,,,,,,,,,5748,0.92,0.0,0.0
2026-07-15T17:33:05.254959,Raspberry_Relieve3,,,,,,0.0,,,,,,,,,5749,1.06,0.0,0.0
2026-07-15T17:33:17.256214,Raspberry_Relieve3,,,,,,0.0,,,,,,,,,5761,11.97,0.0,0.0
2026-07-15T17:33:18.256326,Raspberry_Relieve3,,,,,,0.0,,,,,,,,,5762,1.0,0.0,0.0
2026-07-15T17:33:19.256413,Raspberry_Relieve3,,,,,,0.0,,,,,,,,,5762,0.92,0.0,0.0
2026-07-15T17:33:20.256499,Raspberry_Relieve3,,,,,,0.0,,,,,,,,,5764,1.02,0.0,0.0
2026-07-15T17:33:21.256584,Raspberry_Relieve3,,,,,,0.0,,,,,,,,,5765,1.0,0.0,0.0
2026-07-15T17:33:22.256667,Raspberry_Relieve3,,,,,,0.0,,,,,,,,,5766,1.04,0.0,0.0
2026-07-15T17:33:23.256786,Raspberry_Relieve3,,,,,,0.0,,,,,,,,,5767,0.99,0.0,0.0
2026-07-15T17:33:24.256893,Raspberry_Relieve3,,,,,,0.0,,,,,,,,,5768,1.04,0.0,0.0
2026-07-15T17:33:25.257023,Raspberry_Relieve3,,,,,,0.0,,,,,,,,,5769,1.04,0.0,0.0
2026-07-15T17:33:26.257129,Raspberry_Relieve3,,,,,,0.0,,,,,,,,,5770,0.9,0.0,0.0
2026-07-15T17:33:27.257235,Raspberry_Relieve3,,,,,,0.0,,,,,,,,,5771,1.01,0.0,0.0
2026-07-15T17:33:28.257334,Raspberry_Relieve3,,,,,,0.0,,,,,,,,,5772,1.01,0.0,0.0
2026-07-15T17:33:29.257447,Raspberry_Relieve3,,,,,,0.0,,,,,,,,,5773,1.01,0.0,0.0
2026-07-15T17:33:30.257548,Raspberry_Relieve3,,,,,,0.0,,,,,,,,,5774,1.02,0.0,0.0
2026-07-15T17:33:31.257664,Raspberry_Relieve3,,,,,,0.0,,,,,,,,,5775,0.99,0.0,0.0
2026-07-15T17:33:32.257771,Raspberry_Relieve3,,,,,,0.0,,,,,,,,,5776,0.93,0.0,0.0
2026-07-15T17:33:33.257896,Raspberry_Relieve3,,,,,,0.0,,,,,,,,,5777,1.07,0.0,0.0
2026-07-15T17:33:34.257996,Raspberry_Relieve3,,,,,,0.0,,,,,,,,,5778,0.97,0.0,0.0
2026-07-15T17:33:35.258103,Raspberry_Relieve3,,,,,,0.0,,,,,,,,,5779,1.02,0.0,0.0
2026-07-15T17:33:36.258221,Raspberry_Relieve3,,,,,,0.0,,,,,,,,,5780,0.98,0.0,0.0
2026-07-15T17:33:48.584275,Raspberry_Relieve3,,,,,,0.0,,,,,,,,,5781,1.05,0.0,0.0
2026-07-15T17:33:49.584387,Raspberry_Relieve3,,,,,,0.0,,,,,,,,,5782,0.97,0.0,0.0
2026-07-15T17:33:50.584492,Raspberry_Relieve3,,,,,,0.0,,,,,,,,,5783,1.06,0.0,0.0
2026-07-15T17:33:51.584580,Raspberry_Relieve3,,,,,,0.0,,,,,,,,,5784,0.96,0.0,0.0
2026-07-15T17:33:52.584708,Raspberry_Relieve3,,,,,,0.0,,,,,,,,,5785,0.98,0.0,0.0
2026-07-15T17:33:53.584838,Raspberry_Relieve3,,,,,,0.0,,,,,,,,,5786,0.98,0.0,0.0
2026-07-15T17:33:54.584954,Raspberry_Relieve3,,,,,,0.0,,,,,,,,,5787,0.96,0.0,0.0
2026-07-15T17:33:55.585056,Raspberry_Relieve3,,,,,,0.0,,,,,,,,,5788,1.03,0.0,0.0
2026-07-15T17:33:56.585168,Raspberry_Relieve3,,,,,,0.0,,,,,,,,,5789,1.0,0.0,0.0
2026-07-15T17:33:57.585288,Raspberry_Relieve3,,,,,,0.0,,,,,,,,,5790,1.0,0.0,0.0
2026-07-15T17:33:58.585399,Raspberry_Relieve3,,,,,,0.0,,,,,,,,,5791,0.99,0.0,0.0
2026-07-15T15:28:44.109810,Raspberry_Relieve6,,,,,,0.0,,,,,,,,,7779,7773.59,0.0,0.0
2026-07-15T15:28:45.109894,Raspberry_Relieve6,,,,,,0.0,,,,,,,,,7780,0.88,0.0,0.0
2026-07-15T15:28:46.111291,Raspberry_Relieve6,,,,,,0.0,,,,,,,,,7781,1.01,0.0,0.0
2026-07-15T15:28:47.111395,Raspberry_Relieve6,,,,,,0.0,,,,,,,,,7782,1.02,0.0,0.0
2026-07-15T15:28:48.111529,Raspberry_Relieve6,,,,,,0.0,,,,,,,,,7783,1.02,0.0,0.0
2026-07-15T15:28:49.111684,Raspberry_Relieve6,,,,,,0.0,,,,,,,,,7784,0.91,0.0,0.0
2026-07-15T17:35:56.308777,Raspberry_Relieve6,,,,,,0.0,,,,,,,,,7785,1.04,0.0,0.0
2026-07-15T17:36:07.310136,Raspberry_Relieve6,,,,,,0.0,,,,,,,,,7796,10.9,0.0,0.0
2026-07-15T17:36:08.310247,Raspberry_Relieve6,,,,,,0.0,,,,,,,,,7797,1.06,0.0,0.0
2026-07-15T17:36:37.405572,Raspberry_Relieve6,,,,,,0.0,,,,,,,,,7826,29.17,0.0,0.0
2026-07-15T17:36:38.405717,Raspberry_Relieve6,,,,,,0.0,,,,,,,,,7827,0.89,0.0,0.0
2026-07-15T17:36:39.405838,Raspberry_Relieve6,,,,,,0.0,,,,,,,,,7828,1.06,0.0,0.0
2026-07-15T17:36:40.405961,Raspberry_Relieve6,,,,,,0.0,,,,,,,,,7829,0.96,0.0,0.0
2026-07-15T17:36:41.406060,Raspberry_Relieve6,,,,,,0.0,,,,,,,,,7830,1.03,0.0,0.0
2026-07-15T17:36:42.406195,Raspberry_Relieve6,,,,,,0.0,,,,,,,,,7831,1.01,0.0,0.0
2026-07-15T17:36:43.406311,Raspberry_Relieve6,,,,,,0.0,,,,,,,,,7832,1.01,0.0,0.0
2026-07-15T17:38:34.415209,Raspberry_Relieve6,,,,,,0.0,,,,,,,,,7966,134.57,0.0,0.0
2026-07-15T17:38:35.415902,Raspberry_Relieve6,,,,,,0.0,,,,,,,,,7967,0.82,0.0,0.0
2026-07-15T17:38:36.415556,Raspberry_Relieve6,,,,,,0.0,,,,,,,,,7968,0.87,0.0,0.0
2026-07-15T17:38:37.415669,Raspberry_Relieve6,,,,,,0.0,,,,,,,,,7969,1.02,0.0,0.0
2026-07-15T17:38:38.415788,Raspberry_Relieve6,,,,,,0.0,,,,,,,,,7970,0.98,0.0,0.0
2026-07-15T17:38:39.415906,Raspberry_Relieve6,,,,,,0.0,,,,,,,,,7971,1.06,0.0,0.0
2026-07-15T17:38:40.416075,Raspberry_Relieve6,,,,,,0.0,,,,,,,,,7972,0.92,0.0,0.0
2026-07-15T17:38:41.416186,Raspberry_Relieve6,,,,,,0.0,,,,,,,,,7973,1.02,0.0,0.0
2026-07-15T17:38:42.416403,Raspberry_Relieve6,,,,,,0.0,,,,,,,,,7974,0.99,0.0,0.0
2026-07-15T17:38:43.416530,Raspberry_Relieve6,,,,,,0.0,,,,,,,,,7975,0.99,0.0,0.0
2026-07-15T17:39:17.681495,Raspberry_Relieve6,,,,,,0.0,,,,,,,,,7986,10.99,0.0,0.0
2026-07-15T17:39:18.681574,Raspberry_Relieve6,,,,,,0.0,,,,,,,,,7987,1.04,0.0,0.0
2026-07-15T17:39:19.681659,Raspberry_Relieve6,,,,,,0.0,,,,,,,,,7988,0.93,0.0,0.0
2026-07-15T17:39:20.681746,Raspberry_Relieve6,,,,,,0.0,,,,,,,,,7989,1.03,0.0,0.0
2026-07-15T17:39:21.681832,Raspberry_Relieve6,,,,,,0.0,,,,,,,,,7990,1.0,0.0,0.0
2026-07-15T17:39:22.681911,Raspberry_Relieve6,,,,,,0.0,,,,,,,,,7991,1.01,0.0,0.0
2026-07-15T17:39:23.682001,Raspberry_Relieve6,,,,,,0.0,,,,,,,,,7992,1.0,0.0,0.0
2026-07-15T17:39:52.780324,Raspberry_Relieve6,,,,,,0.0,,,,,,,,,8021,29.18,0.0,0.0
2026-07-15T17:39:53.780396,Raspberry_Relieve6,,,,,,0.0,,,,,,,,,8022,0.93,0.0,0.0
2026-07-15T17:39:54.780493,Raspberry_Relieve6,,,,,,0.0,,,,,,,,,8023,0.99,0.0,0.0
2026-07-15T17:39:55.780640,Raspberry_Relieve6,,,,,,0.0,,,,,,,,,8024,0.98,0.0,0.0
2026-07-15T17:40:56.138826,Raspberry_Relieve6,,,,,,0.0,,,,,,,,,8096,71.68,0.0,0.0
2026-07-15T17:40:57.138938,Raspberry_Relieve6,,,,,,0.0,,,,,,,,,8097,0.92,0.0,0.0
2026-07-15T17:41:26.228780,Raspberry_Relieve6,,,,,,0.0,,,,,,,,,8126,29.23,0.0,0.0
2026-07-15T17:41:27.228944,Raspberry_Relieve6,,,,,,0.0,,,,,,,,,8127,0.78,0.0,0.0
2026-07-15T17:41:28.229059,Raspberry_Relieve6,,,,,,0.0,,,,,,,,,8128,1.05,0.0,0.0
2026-07-15T17:43:08.241811,Raspberry_Relieve6,,,,,,0.0,,,,,,,,,8228,100.08,0.0,0.0
2026-07-15T17:43:09.241946,Raspberry_Relieve6,,,,,,0.0,,,,,,,,,8229,0.96,0.0,0.0
2026-07-15T17:43:10.242044,Raspberry_Relieve6,,,,,,0.0,,,,,,,,,8230,1.02,0.0,0.0
2026-07-15T17:43:11.242187,Raspberry_Relieve6,,,,,,0.0,,,,,,,,,8231,1.02,0.0,0.0
2026-07-15T17:43:12.242281,Raspberry_Relieve6,,,,,,0.0,,,,,,,,,8232,0.93,0.0,0.0
2026-07-15T17:43:13.242410,Raspberry_Relieve6,,,,,,0.0,,,,,,,,,8233,1.01,0.0,0.0
2026-07-15T17:43:14.242506,Raspberry_Relieve6,,,,,,0.0,,,,,,,,,8234,0.98,0.0,0.0
2026-07-15T17:43:15.242632,Raspberry_Relieve6,,,,,,0.0,,,,,,,,,8235,1.01,0.0,0.0
2026-07-15T17:43:16.242710,Raspberry_Relieve6,,,,,,0.0,,,,,,,,,8236,1.03,0.0,0.0
2026-07-15T17:43:17.242847,Raspberry_Relieve6,,,,,,0.0,,,,,,,,,8237,1.06,0.0,0.0
2026-07-15T17:43:18.242939,Raspberry_Relieve6,,,,,,0.0,,,,,,,,,8238,0.89,0.0,0.0
2026-07-15T17:44:05.257613,Raspberry_Relieve6,,,,,,0.0,,,,,,,,,8285,47.11,0.0,0.0
2026-07-15T17:44:06.257701,Raspberry_Relieve6,,,,,,0.0,,,,,,,,,8286,0.97,0.0,0.0
2026-07-15T17:44:18.423828,Raspberry_Relieve6,,,,,,0.0,,,,,,,,,8287,1.03,0.0,0.0
2026-07-15T17:44:19.423951,Raspberry_Relieve6,,,,,,0.0,,,,,,,,,8288,0.93,0.0,0.0
2026-07-15T17:44:20.424051,Raspberry_Relieve6,,,,,,0.0,,,,,,,,,8289,1.01,0.0,0.0
2026-07-15T17:44:21.424181,Raspberry_Relieve6,,,,,,0.0,,,,,,,,,8290,1.02,0.0,0.0
2026-07-15T17:44:22.424280,Raspberry_Relieve6,,,,,,0.0,,,,,,,,,8291,0.96,0.0,0.0
2026-07-15T17:44:23.424418,Raspberry_Relieve6,,,,,,0.0,,,,,,,,,8292,1.04,0.0,0.0
2026-07-15T17:44:24.424534,Raspberry_Relieve6,,,,,,0.0,,,,,,,,,8293,1.08,0.0,0.0
2026-07-15T17:44:25.424655,Raspberry_Relieve6,,,,,,0.0,,,,,,,,,8294,0.92,0.0,0.0
2026-07-15T17:44:26.424778,Raspberry_Relieve6,,,,,,0.0,,,,,,,,,8295,0.94,0.0,0.0
2026-07-15T17:45:40.445089,Raspberry_Relieve6,,,,,,0.0,,,,,,,,,8369,74.07,0.0,0.0
2026-07-15T17:45:41.445247,Raspberry_Relieve6,,,,,,0.0,,,,,,,,,8370,0.97,0.0,0.0
2026-07-15T17:45:42.445353,Raspberry_Relieve6,,,,,,0.0,,,,,,,,,8371,0.94,0.0,0.0
2026-07-15T17:45:43.445518,Raspberry_Relieve6,,,,,,0.0,,,,,,,,,8372,1.02,0.0,0.0
2026-07-15T17:45:44.445645,Raspberry_Relieve6,,,,,,0.0,,,,,,,,,8373,0.95,0.0,0.0
2026-07-15T17:45:45.445766,Raspberry_Relieve6,,,,,,0.0,,,,,,,,,8374,0.99,0.0,0.0
2026-07-15T17:45:46.445884,Raspberry_Relieve6,,,,,,0.0,,,,,,,,,8375,1.03,0.0,0.0
2026-07-15T17:45:47.445975,Raspberry_Relieve6,,,,,,0.0,,,,,,,,,8376,1.04,0.0,0.0
2026-07-15T17:45:48.446119,Raspberry_Relieve6,,,,,,0.0,,,,,,,,,8377,0.91,0.0,0.0
2026-07-15T17:45:49.446241,Raspberry_Relieve6,,,,,,0.0,,,,,,,,,8378,1.08,0.0,0.0
2026-07-15T17:45:50.446351,Raspberry_Relieve6,,,,,,0.0,,,,,,,,,8379,0.91,0.0,0.0
2026-07-15T17:45:51.446485,Raspberry_Relieve6,,,,,,0.0,,,,,,,,,8380,1.07,0.0,0.0
2026-07-15T15:16:53.699013,Raspberry_Relieve12,,,,,,0.0,,,,,,,,,9266,9260.82,0.0,0.0
2026-07-15T15:16:54.699148,Raspberry_Relieve12,,,,,,0.0,,,,,,,,,9267,0.72,0.0,0.0
2026-07-15T15:16:55.699239,Raspberry_Relieve12,,,,,,0.0,,,,,,,,,9268,1.02,0.0,0.0
2026-07-15T15:16:56.699364,Raspberry_Relieve12,,,,,,0.0,,,,,,,,,9269,0.94,0.0,0.0
2026-07-15T17:47:59.301932,Raspberry_Relieve12,,,,,,0.0,,,,,,,,,9270,1.21,0.0,0.0
2026-07-15T17:48:24.611994,Raspberry_Relieve12,,,,,,0.0,,,,,,,,,9303,33.14,0.0,0.0
2026-07-15T17:52:55.099026,Raspberry_Relieve12,,,,,,0.0,,,,,,,,,9578,275.1,0.0,0.0
2026-07-15T17:52:56.099148,Raspberry_Relieve12,,,,,,0.0,,,,,,,,,9579,0.51,0.0,0.0
2026-07-15T17:52:57.099256,Raspberry_Relieve12,,,,,,0.0,,,,,,,,,9580,0.98,0.0,0.0
2026-07-15T17:52:58.099368,Raspberry_Relieve12,,,,,,0.0,,,,,,,,,9581,1.0,0.0,0.0
2026-07-15T17:52:59.099490,Raspberry_Relieve12,,,,,,0.0,,,,,,,,,9582,0.97,0.0,0.0
2026-07-15T17:53:00.099867,Raspberry_Relieve12,,,,,,0.0,,,,,,,,,9583,1.0,0.0,0.0
2026-07-15T17:53:01.099943,Raspberry_Relieve12,,,,,,0.0,,,,,,,,,9584,1.06,0.0,0.0
2026-07-15T17:53:02.100077,Raspberry_Relieve12,,,,,,0.0,,,,,,,,,9585,1.04,0.0,0.0
2026-07-15T17:53:15.216133,Raspberry_Relieve12,,,,,,0.0,,,,,,,,,9586,1.02,0.0,0.0
2026-07-15T17:53:28.217745,Raspberry_Relieve12,,,,,,0.0,,,,,,,,,9599,12.89,0.0,0.0
2026-07-15T17:53:29.217852,Raspberry_Relieve12,,,,,,0.0,,,,,,,,,9599,0.96,0.0,0.0
2026-07-15T17:53:30.217951,Raspberry_Relieve12,,,,,,0.0,,,,,,,,,9600,1.03,0.0,0.0
2026-07-15T17:53:31.218039,Raspberry_Relieve12,,,,,,0.0,,,,,,,,,9602,1.04,0.0,0.0
2026-07-15T17:53:32.218147,Raspberry_Relieve12,,,,,,0.0,,,,,,,,,9603,1.02,0.0,0.0
2026-07-15T17:53:33.218281,Raspberry_Relieve12,,,,,,0.0,,,,,,,,,9604,0.98,0.0,0.0
2026-07-15T17:53:34.218366,Raspberry_Relieve12,,,,,,0.0,,,,,,,,,9605,1.03,0.0,0.0
2026-07-15T17:53:35.218495,Raspberry_Relieve12,,,,,,0.0,,,,,,,,,9606,0.97,0.0,0.0
2026-07-15T17:53:36.218570,Raspberry_Relieve12,,,,,,0.0,,,,,,,,,9607,0.98,0.0,0.0
2026-07-15T17:53:37.218668,Raspberry_Relieve12,,,,,,0.0,,,,,,,,,9608,1.0,0.0,0.0
2026-07-15T17:53:38.218778,Raspberry_Relieve12,,,,,,0.0,,,,,,,,,9609,1.0,0.0,0.0
2026-07-15T17:53:39.218887,Raspberry_Relieve12,,,,,,0.0,,,,,,,,,9610,1.02,0.0,0.0
2026-07-15T17:53:40.218986,Raspberry_Relieve12,,,,,,0.0,,,,,,,,,9611,1.06,0.0,0.0
2026-07-15T17:53:41.219112,Raspberry_Relieve12,,,,,,0.0,,,,,,,,,9612,0.91,0.0,0.0
2026-07-15T17:53:42.219219,Raspberry_Relieve12,,,,,,0.0,,,,,,,,,9613,1.02,0.0,0.0
2026-07-15T17:53:43.219289,Raspberry_Relieve12,,,,,,0.0,,,,,,,,,9613,0.94,0.0,0.0
2026-07-15T17:53:44.219409,Raspberry_Relieve12,,,,,,0.0,,,,,,,,,9615,1.09,0.0,0.0
2026-07-15T17:53:45.219516,Raspberry_Relieve12,,,,,,0.0,,,,,,,,,9616,0.95,0.0,0.0
2026-07-15T17:53:46.219621,Raspberry_Relieve12,,,,,,0.0,,,,,,,,,9617,1.1,0.0,0.0
2026-07-15T17:53:47.219723,Raspberry_Relieve12,,,,,,0.0,,,,,,,,,9618,0.97,0.0,0.0
2026-07-15T17:53:48.219891,Raspberry_Relieve12,,,,,,0.0,,,,,,,,,9619,1.02,0.0,0.0
2026-07-15T17:53:49.219993,Raspberry_Relieve12,,,,,,0.0,,,,,,,,,9620,0.92,0.0,0.0
2026-07-15T17:53:50.220102,Raspberry_Relieve12,,,,,,0.0,,,,,,,,,9621,1.09,0.0,0.0
2026-07-15T17:53:51.220202,Raspberry_Relieve12,,,,,,0.0,,,,,,,,,9622,0.95,0.0,0.0
2026-07-15T17:53:52.220325,Raspberry_Relieve12,,,,,,0.0,,,,,,,,,9623,1.02,0.0,0.0
2026-07-15T17:53:53.220446,Raspberry_Relieve12,,,,,,0.0,,,,,,,,,9624,1.04,0.0,0.0
2026-07-15T17:53:54.220551,Raspberry_Relieve12,,,,,,0.0,,,,,,,,,9625,1.02,0.0,0.0
2026-07-15T17:53:55.220689,Raspberry_Relieve12,,,,,,0.0,,,,,,,,,9626,0.9,0.0,0.0
2026-07-15T17:53:56.220841,Raspberry_Relieve12,,,,,,0.0,,,,,,,,,9627,0.98,0.0,0.0
2026-07-15T17:53:57.220970,Raspberry_Relieve12,,,,,,0.0,,,,,,,,,9627,0.99,0.0,0.0
2026-07-15T17:53:58.221112,Raspberry_Relieve12,,,,,,0.0,,,,,,,,,9629,1.04,0.0,0.0
2026-07-15T17:53:59.221242,Raspberry_Relieve12,,,,,,0.0,,,,,,,,,9630,1.01,0.0,0.0
2026-07-15T17:54:00.221379,Raspberry_Relieve12,,,,,,0.0,,,,,,,,,9631,1.01,0.0,0.0
2026-07-15T15:02:21.782556,Raspberry_Relieve10,,,,,,0.0,,,,,,,,,10441,10426.98,0.0,0.0
2026-07-15T15:02:22.782675,Raspberry_Relieve10,,,,,,0.0,,,,,,,,,10442,0.83,0.0,0.0
2026-07-15T15:02:23.785063,Raspberry_Relieve10,,,,,,0.0,,,,,,,,,10443,1.05,0.0,0.0
2026-07-15T15:02:24.785202,Raspberry_Relieve10,,,,,,0.0,,,,,,,,,10444,1.05,0.0,0.0
2026-07-15T15:02:25.785390,Raspberry_Relieve10,,,,,,0.0,,,,,,,,,10445,0.94,0.0,0.0
2026-07-15T15:02:26.785539,Raspberry_Relieve10,,,,,,0.0,,,,,,,,,10446,1.02,0.0,0.0
2026-07-15T15:02:22.435055,Raspberry_Relieve10,,,,,,0.0,,,,,,,,,10511,64.78,0.0,0.0
2026-07-15T15:02:23.435188,Raspberry_Relieve10,,,,,,0.0,,,,,,,,,10512,0.82,0.0,0.0
2026-07-15T15:02:24.435329,Raspberry_Relieve10,,,,,,0.0,,,,,,,,,10513,1.17,0.0,0.0
2026-07-15T15:02:25.435465,Raspberry_Relieve10,,,,,,0.0,,,,,,,,,10514,0.89,0.0,0.0
2026-07-15T15:02:26.435616,Raspberry_Relieve10,,,,,,0.0,,,,,,,,,10515,0.97,0.0,0.0
2026-07-15T15:02:27.435740,Raspberry_Relieve10,,,,,,0.0,,,,,,,,,10516,0.99,0.0,0.0
2026-07-15T15:02:28.435851,Raspberry_Relieve10,,,,,,0.0,,,,,,,,,10517,1.02,0.0,0.0
2026-07-15T15:02:29.435951,Raspberry_Relieve10,,,,,,0.0,,,,,,,,,10518,1.0,0.0,0.0
2026-07-15T15:02:30.436090,Raspberry_Relieve10,,,,,,0.0,,,,,,,,,10519,1.07,0.0,0.0
2026-07-15T15:02:31.436185,Raspberry_Relieve10,,,,,,0.0,,,,,,,,,10520,0.93,0.0,0.0
2026-07-15T17:56:52.047164,Raspberry_Relieve10,,,,,,0.0,,,,,,,,,10531,11.04,0.0,0.0
2026-07-15T17:56:53.047244,Raspberry_Relieve10,,,,,,0.0,,,,,,,,,10532,1.04,0.0,0.0
2026-07-15T17:56:54.047337,Raspberry_Relieve10,,,,,,0.0,,,,,,,,,10533,0.9,0.0,0.0
2026-07-15T17:56:55.047422,Raspberry_Relieve10,,,,,,0.0,,,,,,,,,10534,0.97,0.0,0.0
2026-07-15T17:56:56.047502,Raspberry_Relieve10,,,,,,0.0,,,,,,,,,10535,1.05,0.0,0.0
2026-07-15T17:56:57.047582,Raspberry_Relieve10,,,,,,0.0,,,,,,,,,10536,1.0,0.0,0.0
2026-07-15T17:56:58.047661,Raspberry_Relieve10,,,,,,0.0,,,,,,,,,10537,1.01,0.0,0.0
2026-07-15T17:56:59.047749,Raspberry_Relieve10,,,,,,0.0,,,,,,,,,10538,0.97,0.0,0.0
2026-07-15T17:57:00.047853,Raspberry_Relieve10,,,,,,0.0,,,,,,,,,10539,1.02,0.0,0.0
2026-07-15T17:57:01.047950,Raspberry_Relieve10,,,,,,0.0,,,,,,,,,10540,1.01,0.0,0.0
2026-07-15T17:57:02.048059,Raspberry_Relieve10,,,,,,0.0,,,,,,,,,10541,1.01,0.0,0.0
2026-07-15T17:57:03.048164,Raspberry_Relieve10,,,,,,0.0,,,,,,,,,10542,1.0,0.0,0.0
2026-07-15T17:57:04.048265,Raspberry_Relieve10,,,,,,0.0,,,,,,,,,10543,0.98,0.0,0.0
2026-07-15T17:57:05.048364,Raspberry_Relieve10,,,,,,0.0,,,,,,,,,10544,1.05,0.0,0.0
2026-07-15T17:57:06.048460,Raspberry_Relieve10,,,,,,0.0,,,,,,,,,10545,1.02,0.0,0.0
2026-07-15T17:57:07.048618,Raspberry_Relieve10,,,,,,0.0,,,,,,,,,10546,0.92,0.0,0.0
2026-07-15T17:57:08.048723,Raspberry_Relieve10,,,,,,0.0,,,,,,,,,10547,1.03,0.0,0.0
2026-07-15T17:57:09.048818,Raspberry_Relieve10,,,,,,0.0,,,,,,,,,10548,1.02,0.0,0.0
2026-07-15T17:57:10.048899,Raspberry_Relieve10,,,,,,0.0,,,,,,,,,10549,1.01,0.0,0.0
2026-07-15T17:57:11.049005,Raspberry_Relieve10,,,,,,0.0,,,,,,,,,10550,1.04,0.0,0.0
2026-07-15T17:57:12.049103,Raspberry_Relieve10,,,,,,0.0,,,,,,,,,10551,0.92,0.0,0.0
2026-07-15T17:57:13.049205,Raspberry_Relieve10,,,,,,0.0,,,,,,,,,10552,1.02,0.0,0.0
2026-07-15T17:57:14.049322,Raspberry_Relieve10,,,,,,0.0,,,,,,,,,10553,0.98,0.0,0.0
2026-07-15T17:57:15.049429,Raspberry_Relieve10,,,,,,0.0,,,,,,,,,10554,0.98,0.0,0.0
2026-07-15T17:57:16.049543,Raspberry_Relieve10,,,,,,0.0,,,,,,,,,10555,1.01,0.0,0.0
2026-07-15T17:57:17.049677,Raspberry_Relieve10,,,,,,0.0,,,,,,,,,10556,1.01,0.0,0.0
2026-07-15T17:57:18.049769,Raspberry_Relieve10,,,,,,0.0,,,,,,,,,10557,1.03,0.0,0.0
2026-07-15T17:57:19.049888,Raspberry_Relieve10,,,,,,0.0,,,,,,,,,10558,1.04,0.0,0.0
2026-07-15T17:57:20.050006,Raspberry_Relieve10,,,,,,0.0,,,,,,,,,10559,0.96,0.0,0.0
2026-07-15T17:57:21.050118,Raspberry_Relieve10,,,,,,0.0,,,,,,,,,10560,0.96,0.0,0.0
2026-07-15T17:57:22.050224,Raspberry_Relieve10,,,,,,0.0,,,,,,,,,10561,1.03,0.0,0.0
2026-07-15T17:57:23.050344,Raspberry_Relieve10,,,,,,0.0,,,,,,,,,10562,1.04,0.0,0.0
2026-07-15T17:57:24.050453,Raspberry_Relieve10,,,,,,0.0,,,,,,,,,10563,0.93,0.0,0.0
2026-07-15T17:57:25.050558,Raspberry_Relieve10,,,,,,0.0,,,,,,,,,10564,1.05,0.0,0.0
2026-07-15T17:57:26.050672,Raspberry_Relieve10,,,,,,0.0,,,,,,,,,10565,0.99,0.0,0.0
2026-07-15T17:57:27.050777,Raspberry_Relieve10,,,,,,0.0,,,,,,,,,10566,1.02,0.0,0.0
2026-07-15T17:57:28.050884,Raspberry_Relieve10,,,,,,0.0,,,,,,,,,10567,0.95,0.0,0.0
2026-07-15T17:57:29.050993,Raspberry_Relieve10,,,,,,0.0,,,,,,,,,10568,0.98,0.0,0.0
2026-07-15T17:57:30.051111,Raspberry_Relieve10,,,,,,0.0,,,,,,,,,10569,1.03,0.0,0.0
2026-07-15T17:57:31.051225,Raspberry_Relieve10,,,,,,0.0,,,,,,,,,10570,0.95,0.0,0.0
2026-07-15T17:57:32.051327,Raspberry_Relieve10,,,,,,0.0,,,,,,,,,10571,1.03,0.0,0.0
2026-07-15T17:57:33.051429,Raspberry_Relieve10,,,,,,0.0,,,,,,,,,10572,1.01,0.0,0.0
2026-07-15T17:57:34.051553,Raspberry_Relieve10,,,,,,0.0,,,,,,,,,10573,1.02,0.0,0.0
2026-07-15T17:57:35.051669,Raspberry_Relieve10,,,,,,0.0,,,,,,,,,10574,1.0,0.0,0.0
2026-07-15T17:57:36.051773,Raspberry_Relieve10,,,,,,0.0,,,,,,,,,10575,1.02,0.0,0.0
2026-07-15T17:57:37.051881,Raspberry_Relieve10,,,,,,0.0,,,,,,,,,10576,1.03,0.0,0.0
2026-07-15T17:57:38.051985,Raspberry_Relieve10,,,,,,0.0,,,,,,,,,10577,0.9,0.0,0.0
2026-07-15T17:57:39.052083,Raspberry_Relieve10,,,,,,0.0,,,,,,,,,10578,0.99,0.0,0.0
2026-07-15T17:57:40.052173,Raspberry_Relieve10,,,,,,0.0,,,,,,,,,10579,1.05,0.0,0.0
2026-07-15T17:57:41.052265,Raspberry_Relieve10,,,,,,0.0,,,,,,,,,10580,1.05,0.0,0.0
2026-07-15T17:57:42.052355,Raspberry_Relieve10,,,,,,0.0,,,,,,,,,10581,0.9,0.0,0.0
2026-07-15T17:57:43.052463,Raspberry_Relieve10,,,,,,0.0,,,,,,,,,10582,1.03,0.0,0.0
2026-07-15T17:57:44.052566,Raspberry_Relieve10,,,,,,0.0,,,,,,,,,10583,1.04,0.0,0.0
2026-07-15T17:57:45.052682,Raspberry_Relieve10,,,,,,0.0,,,,,,,,,10584,0.93,0.0,0.0
2026-07-15T17:57:46.052792,Raspberry_Relieve10,,,,,,0.0,,,,,,,,,10585,1.05,0.0,0.0
2026-07-15T17:57:47.052883,Raspberry_Relieve10,,,,,,0.0,,,,,,,,,10586,0.99,0.0,0.0
2026-07-15T17:57:48.052986,Raspberry_Relieve10,,,,,,0.0,,,,,,,,,10587,1.01,0.0,0.0
2026-07-15T17:57:49.053110,Raspberry_Relieve10,,,,,,0.0,,,,,,,,,10588,0.99,0.0,0.0
2026-07-15T17:57:50.053224,Raspberry_Relieve10,,,,,,0.0,,,,,,,,,10589,1.05,0.0,0.0
2026-07-15T17:57:51.053313,Raspberry_Relieve10,,,,,,0.0,,,,,,,,,10590,0.95,0.0,0.0
2026-07-15T17:57:52.053435,Raspberry_Relieve10,,,,,,0.0,,,,,,,,,10591,0.99,0.0,0.0
2026-07-15T17:57:53.053542,Raspberry_Relieve10,,,,,,0.0,,,,,,,,,10592,1.0,0.0,0.0
2026-07-15T17:57:54.053643,Raspberry_Relieve10,,,,,,0.0,,,,,,,,,10593,0.99,0.0,0.0
2026-07-15T17:57:55.053733,Raspberry_Relieve10,,,,,,0.0,,,,,,,,,10594,1.07,0.0,0.0
2026-07-15T17:57:56.053837,Raspberry_Relieve10,,,,,,0.0,,,,,,,,,10595,0.97,0.0,0.0
2026-07-15T17:57:57.053938,Raspberry_Relieve10,,,,,,0.0,,,,,,,,,10596,1.02,0.0,0.0
2026-07-15T17:57:58.054047,Raspberry_Relieve10,,,,,,0.0,,,,,,,,,10597,1.02,0.0,0.0
2026-07-15T17:57:59.054160,Raspberry_Relieve10,,,,,,0.0,,,,,,,,,10598,0.92,0.0,0.0
2026-07-15T17:58:00.054279,Raspberry_Relieve10,,,,,,0.0,,,,,,,,,10599,1.03,0.0,0.0
2026-07-15T17:58:01.054378,Raspberry_Relieve10,,,,,,0.0,,,,,,,,,10600,0.98,0.0,0.0
2026-07-15T17:58:02.054481,Raspberry_Relieve10,,,,,,0.0,,,,,,,,,10601,1.01,0.0,0.0
2026-07-15T17:58:03.054588,Raspberry_Relieve10,,,,,,0.0,,,,,,,,,10602,1.1,0.0,0.0
2026-07-15T17:58:04.054696,Raspberry_Relieve10,,,,,,0.0,,,,,,,,,10603,0.87,0.0,0.0
2026-07-15T17:58:05.054795,Raspberry_Relieve10,,,,,,0.0,,,,,,,,,10604,1.01,0.0,0.0
2026-07-15T17:58:06.054902,Raspberry_Relieve10,,,,,,0.0,,,,,,,,,10605,1.02,0.0,0.0
2026-07-15T17:58:07.055007,Raspberry_Relieve10,,,,,,0.0,,,,,,,,,10606,1.14,0.0,0.0
2026-07-15T17:58:08.055106,Raspberry_Relieve10,,,,,,0.0,,,,,,,,,10607,1.03,0.0,0.0
2026-07-15T17:58:09.055208,Raspberry_Relieve10,,,,,,0.0,,,,,,,,,10608,0.77,0.0,0.0
2026-07-15T17:58:10.055321,Raspberry_Relieve10,,,,,,0.0,,,,,,,,,10609,1.05,0.0,0.0
2026-07-15T17:58:11.055425,Raspberry_Relieve10,,,,,,0.0,,,,,,,,,10610,0.99,0.0,0.0
2026-07-15T17:58:12.055545,Raspberry_Relieve10,,,,,,0.0,,,,,,,,,10611,1.05,0.0,0.0
2026-07-15T17:58:13.055658,Raspberry_Relieve10,,,,,,0.0,,,,,,,,,10612,0.96,0.0,0.0
2026-07-15T17:58:14.055751,Raspberry_Relieve10,,,,,,0.0,,,,,,,,,10613,1.09,0.0,0.0
2026-07-15T17:58:15.055870,Raspberry_Relieve10,,,,,,0.0,,,,,,,,,10614,0.87,0.0,0.0
2026-07-15T17:58:16.055971,Raspberry_Relieve10,,,,,,0.0,,,,,,,,,10615,1.0,0.0,0.0
2026-07-15T17:58:17.056073,Raspberry_Relieve10,,,,,,0.0,,,,,,,,,10616,0.99,0.0,0.0
2026-07-15T17:58:18.056191,Raspberry_Relieve10,,,,,,0.0,,,,,,,,,10617,1.04,0.0,0.0
2026-07-15T17:58:19.056270,Raspberry_Relieve10,,,,,,0.0,,,,,,,,,10618,0.97,0.0,0.0
2026-07-15T17:58:20.056381,Raspberry_Relieve10,,,,,,0.0,,,,,,,,,10619,1.05,0.0,0.0
2026-07-15T17:58:21.056486,Raspberry_Relieve10,,,,,,0.0,,,,,,,,,10620,0.98,0.0,0.0
2026-07-15T17:58:22.056586,Raspberry_Relieve10,,,,,,0.0,,,,,,,,,10621,0.99,0.0,0.0
2026-07-15T17:58:23.056695,Raspberry_Relieve10,,,,,,0.0,,,,,,,,,10622,1.02,0.0,0.0
2026-07-15T17:58:24.056795,Raspberry_Relieve10,,,,,,0.0,,,,,,,,,10623,1.02,0.0,0.0
2026-07-15T17:58:25.056916,Raspberry_Relieve10,,,,,,0.0,,,,,,,,,10624,0.98,0.0,0.0
2026-07-15T17:58:26.057031,Raspberry_Relieve10,,,,,,0.0,,,,,,,,,10625,1.03,0.0,0.0
2026-07-15T17:58:27.057138,Raspberry_Relieve10,,,,,,0.0,,,,,,,,,10626,0.95,0.0,0.0
2026-07-15T17:58:28.057248,Raspberry_Relieve10,,,,,,0.0,,,,,,,,,10627,1.07,0.0,0.0
2026-07-15T17:58:29.057368,Raspberry_Relieve10,,,,,,0.0,,,,,,,,,10628,1.03,0.0,0.0
2026-07-15T17:58:30.057476,Raspberry_Relieve10,,,,,,0.0,,,,,,,,,10629,0.94,0.0,0.0
2026-07-15T17:58:31.057585,Raspberry_Relieve10,,,,,,0.0,,,,,,,,,10630,1.02,0.0,0.0
2026-07-15T17:58:32.057699,Raspberry_Relieve10,,,,,,0.0,,,,,,,,,10631,1.02,0.0,0.0
2026-07-15T17:58:33.057806,Raspberry_Relieve10,,,,,,0.0,,,,,,,,,10632,0.96,0.0,0.0
2026-07-15T17:58:34.057924,Raspberry_Relieve10,,,,,,0.0,,,,,,,,,10633,1.07,0.0,0.0
2026-07-15T17:58:35.058027,Raspberry_Relieve10,,,,,,0.0,,,,,,,,,10634,0.91,0.0,0.0
2026-07-15T17:58:36.058137,Raspberry_Relieve10,,,,,,0.0,,,,,,,,,10635,0.98,0.0,0.0
2026-07-15T17:58:37.058252,Raspberry_Relieve10,,,,,,0.0,,,,,,,,,10636,1.02,0.0,0.0
2026-07-15T17:58:38.058372,Raspberry_Relieve10,,,,,,0.0,,,,,,,,,10637,0.95,0.0,0.0
2026-07-15T17:58:39.058483,Raspberry_Relieve10,,,,,,0.0,,,,,,,,,10638,1.03,0.0,0.0
2026-07-15T17:58:40.058579,Raspberry_Relieve10,,,,,,0.0,,,,,,,,,10639,1.02,0.0,0.0
2026-07-15T17:58:41.058698,Raspberry_Relieve10,,,,,,0.0,,,,,,,,,10640,1.0,0.0,0.0
2026-07-15T17:58:42.058831,Raspberry_Relieve10,,,,,,0.0,,,,,,,,,10641,1.05,0.0,0.0
2026-07-15T17:58:43.058895,Raspberry_Relieve10,,,,,,0.0,,,,,,,,,10642,0.96,0.0,0.0
2026-07-15T17:58:44.059006,Raspberry_Relieve10,,,,,,0.0,,,,,,,,,10643,1.01,0.0,0.0
2026-07-15T17:58:45.059110,Raspberry_Relieve10,,,,,,0.0,,,,,,,,,10644,1.04,0.0,0.0
2026-07-15T17:58:46.059213,Raspberry_Relieve10,,,,,,0.0,,,,,,,,,10645,1.0,0.0,0.0
2026-07-15T17:58:47.059313,Raspberry_Relieve10,,,,,,0.0,,,,,,,,,10646,0.94,0.0,0.0
2026-07-15T17:58:48.059424,Raspberry_Relieve10,,,,,,0.0,,,,,,,,,10647,1.02,0.0,0.0
2026-07-15T17:58:49.059520,Raspberry_Relieve10,,,,,,0.0,,,,,,,,,10648,1.02,0.0,0.0
2026-07-15T17:58:50.059622,Raspberry_Relieve10,,,,,,0.0,,,,,,,,,10649,0.88,0.0,0.0
2026-07-15T17:58:51.059725,Raspberry_Relieve10,,,,,,0.0,,,,,,,,,10650,1.08,0.0,0.0
2026-07-15T17:58:52.059835,Raspberry_Relieve10,,,,,,0.0,,,,,,,,,10651,0.97,0.0,0.0
2026-07-15T17:58:53.059942,Raspberry_Relieve10,,,,,,0.0,,,,,,,,,10652,1.06,0.0,0.0
2026-07-15T17:58:54.060081,Raspberry_Relieve10,,,,,,0.0,,,,,,,,,10653,0.91,0.0,0.0
2026-07-15T17:58:55.060190,Raspberry_Relieve10,,,,,,0.0,,,,,,,,,10654,1.02,0.0,0.0
2026-07-15T17:58:56.060293,Raspberry_Relieve10,,,,,,0.0,,,,,,,,,10655,0.99,0.0,0.0
2026-07-15T17:58:57.060393,Raspberry_Relieve10,,,,,,0.0,,,,,,,,,10656,1.03,0.0,0.0
2026-07-15T17:58:58.060501,Raspberry_Relieve10,,,,,,0.0,,,,,,,,,10657,0.97,0.0,0.0
2026-07-15T17:58:59.060610,Raspberry_Relieve10,,,,,,0.0,,,,,,,,,10658,1.01,0.0,0.0
2026-07-15T17:59:00.060702,Raspberry_Relieve10,,,,,,0.0,,,,,,,,,10659,0.97,0.0,0.0
2026-07-15T17:59:01.060825,Raspberry_Relieve10,,,,,,0.0,,,,,,,,,10660,1.06,0.0,0.0
2026-07-15T17:59:02.060917,Raspberry_Relieve10,,,,,,0.0,,,,,,,,,10661,0.98,0.0,0.0
2026-07-15T17:59:03.061013,Raspberry_Relieve10,,,,,,0.0,,,,,,,,,10662,0.99,0.0,0.0
2026-07-15T17:59:04.061122,Raspberry_Relieve10,,,,,,0.0,,,,,,,,,10663,1.01,0.0,0.0
2026-07-15T17:59:05.061212,Raspberry_Relieve10,,,,,,0.0,,,,,,,,,10664,1.01,0.0,0.0
2026-07-15T17:59:06.061309,Raspberry_Relieve10,,,,,,0.0,,,,,,,,,10665,1.04,0.0,0.0
2026-07-15T17:59:07.061402,Raspberry_Relieve10,,,,,,0.0,,,,,,,,,10666,0.93,0.0,0.0
2026-07-15T17:59:08.061509,Raspberry_Relieve10,,,,,,0.0,,,,,,,,,10667,1.02,0.0,0.0
2026-07-15T17:59:09.061601,Raspberry_Relieve10,,,,,,0.0,,,,,,,,,10668,1.05,0.0,0.0
2026-07-15T17:59:10.061696,Raspberry_Relieve10,,,,,,0.0,,,,,,,,,10669,0.92,0.0,0.0
2026-07-15T17:59:11.061797,Raspberry_Relieve10,,,,,,0.0,,,,,,,,,10670,1.03,0.0,0.0
2026-07-15T17:59:12.061893,Raspberry_Relieve10,,,,,,0.0,,,,,,,,,10671,0.99,0.0,0.0
2026-07-15T17:59:13.061991,Raspberry_Relieve10,,,,,,0.0,,,,,,,,,10672,0.98,0.0,0.0
2026-07-15T17:59:14.062086,Raspberry_Relieve10,,,,,,0.0,,,,,,,,,10673,1.05,0.0,0.0
2026-07-15T17:59:15.062178,Raspberry_Relieve10,,,,,,0.0,,,,,,,,,10674,1.03,0.0,0.0
2026-07-15T17:59:16.062282,Raspberry_Relieve10,,,,,,0.0,,,,,,,,,10675,0.89,0.0,0.0
2026-07-15T17:59:17.062379,Raspberry_Relieve10,,,,,,0.0,,,,,,,,,10676,1.06,0.0,0.0
2026-07-15T17:59:18.062467,Raspberry_Relieve10,,,,,,0.0,,,,,,,,,10677,1.05,0.0,0.0
2026-07-15T17:59:19.062561,Raspberry_Relieve10,,,,,,0.0,,,,,,,,,10678,0.99,0.0,0.0
2026-07-15T17:59:20.062658,Raspberry_Relieve10,,,,,,0.0,,,,,,,,,10679,0.95,0.0,0.0
2026-07-15T17:59:21.062756,Raspberry_Relieve10,,,,,,0.0,,,,,,,,,10680,0.99,0.0,0.0
2026-07-15T17:59:22.062846,Raspberry_Relieve10,,,,,,0.0,,,,,,,,,10681,1.01,0.0,0.0
2026-07-15T17:59:23.062955,Raspberry_Relieve10,,,,,,0.0,,,,,,,,,10682,0.99,0.0,0.0
2026-07-15T17:59:24.063057,Raspberry_Relieve10,,,,,,0.0,,,,,,,,,10683,1.05,0.0,0.0
2026-07-15T17:59:25.063165,Raspberry_Relieve10,,,,,,0.0,,,,,,,,,10684,0.97,0.0,0.0
2026-07-15T17:59:26.063270,Raspberry_Relieve10,,,,,,0.0,,,,,,,,,10685,0.99,0.0,0.0
2026-07-15T17:59:27.063382,Raspberry_Relieve10,,,,,,0.0,,,,,,,,,10686,1.0,0.0,0.0
2026-07-15T17:59:28.063481,Raspberry_Relieve10,,,,,,0.0,,,,,,,,,10687,1.0,0.0,0.0
2026-07-15T17:59:29.063580,Raspberry_Relieve10,,,,,,0.0,,,,,,,,,10688,0.98,0.0,0.0
2026-07-15T17:59:30.063701,Raspberry_Relieve10,,,,,,0.0,,,,,,,,,10689,1.05,0.0,0.0
2026-07-15T17:59:31.063810,Raspberry_Relieve10,,,,,,0.0,,,,,,,,,10690,1.03,0.0,0.0
2026-07-15T17:59:32.063921,Raspberry_Relieve10,,,,,,0.0,,,,,,,,,10691,0.96,0.0,0.0
2026-07-15T17:59:33.064031,Raspberry_Relieve10,,,,,,0.0,,,,,,,,,10692,1.0,0.0,0.0
2026-07-15T17:59:34.064130,Raspberry_Relieve10,,,,,,0.0,,,,,,,,,10693,0.97,0.0,0.0
2026-07-15T17:59:35.064227,Raspberry_Relieve10,,,,,,0.0,,,,,,,,,10694,1.02,0.0,0.0
2026-07-15T17:59:36.064328,Raspberry_Relieve10,,,,,,0.0,,,,,,,,,10695,1.0,0.0,0.0
2026-07-15T17:59:37.064433,Raspberry_Relieve10,,,,,,0.0,,,,,,,,,10696,0.99,0.0,0.0
2026-07-15T17:59:38.064536,Raspberry_Relieve10,,,,,,0.0,,,,,,,,,10697,1.02,0.0,0.0
2026-07-15T17:59:39.064636,Raspberry_Relieve10,,,,,,0.0,,,,,,,,,10698,1.02,0.0,0.0
2026-07-15T17:59:40.064737,Raspberry_Relieve10,,,,,,0.0,,,,,,,,,10699,1.02,0.0,0.0
2026-07-15T17:59:41.064833,Raspberry_Relieve10,,,,,,0.0,,,,,,,,,10700,1.03,0.0,0.0
2026-07-15T17:59:42.064937,Raspberry_Relieve10,,,,,,0.0,,,,,,,,,10701,0.89,0.0,0.0
2026-07-15T17:59:43.065050,Raspberry_Relieve10,,,,,,0.0,,,,,,,,,10702,1.03,0.0,0.0
2026-07-15T17:59:44.065146,Raspberry_Relieve10,,,,,,0.0,,,,,,,,,10703,1.03,0.0,0.0
2026-07-15T17:59:45.065253,Raspberry_Relieve10,,,,,,0.0,,,,,,,,,10704,0.99,0.0,0.0
2026-07-15T17:59:46.065369,Raspberry_Relieve10,,,,,,0.0,,,,,,,,,10705,0.97,0.0,0.0
2026-07-15T17:59:47.065476,Raspberry_Relieve10,,,,,,0.0,,,,,,,,,10706,1.02,0.0,0.0
2026-07-15T17:59:48.065619,Raspberry_Relieve10,,,,,,0.0,,,,,,,,,10707,0.98,0.0,0.0
2026-07-15T17:59:49.065721,Raspberry_Relieve10,,,,,,0.0,,,,,,,,,10708,0.99,0.0,0.0
2026-07-15T17:59:50.065817,Raspberry_Relieve10,,,,,,0.0,,,,,,,,,10709,1.05,0.0,0.0
2026-07-15T17:59:51.065916,Raspberry_Relieve10,,,,,,0.0,,,,,,,,,10710,0.99,0.0,0.0
2026-07-15T17:59:52.066021,Raspberry_Relieve10,,,,,,0.0,,,,,,,,,10711,0.96,0.0,0.0
2026-07-15T17:59:53.066124,Raspberry_Relieve10,,,,,,0.0,,,,,,,,,10712,1.0,0.0,0.0
2026-07-15T17:59:54.066227,Raspberry_Relieve10,,,,,,0.0,,,,,,,,,10713,1.03,0.0,0.0
2026-07-15T17:59:55.066345,Raspberry_Relieve10,,,,,,0.0,,,,,,,,,10714,1.0,0.0,0.0
2026-07-15T17:59:56.066446,Raspberry_Relieve10,,,,,,0.0,,,,,,,,,10715,1.0,0.0,0.0
2026-07-15T17:59:57.066550,Raspberry_Relieve10,,,,,,0.0,,,,,,,,,10716,1.01,0.0,0.0
2026-07-15T17:59:58.066654,Raspberry_Relieve10,,,,,,0.0,,,,,,,,,10717,1.18,0.0,0.0
2026-07-15T17:59:59.066753,Raspberry_Relieve10,,,,,,0.0,,,,,,,,,10718,0.8,0.0,0.0
2026-07-15T18:00:00.066869,Raspberry_Relieve10,,,,,,0.0,,,,,,,,,10719,0.99,0.0,0.0
2026-07-15T18:00:01.066970,Raspberry_Relieve10,,,,,,0.0,,,,,,,,,10720,0.99,0.0,0.0
2026-07-15T18:00:02.067072,Raspberry_Relieve10,,,,,,0.0,,,,,,,,,10721,1.02,0.0,0.0
2026-07-15T18:00:03.067195,Raspberry_Relieve10,,,,,,0.0,,,,,,,,,10722,0.97,0.0,0.0
2026-07-15T18:00:04.067290,Raspberry_Relieve10,,,,,,0.0,,,,,,,,,10723,1.03,0.0,0.0
2026-07-15T18:00:05.067398,Raspberry_Relieve10,,,,,,0.0,,,,,,,,,10724,1.06,0.0,0.0
2026-07-15T18:00:06.067507,Raspberry_Relieve10,,,,,,0.0,,,,,,,,,10725,0.96,0.0,0.0
2026-07-15T18:00:07.067611,Raspberry_Relieve10,,,,,,0.0,,,,,,,,,10726,0.97,0.0,0.0
2026-07-15T18:00:08.067719,Raspberry_Relieve10,,,,,,0.0,,,,,,,,,10727,1.05,0.0,0.0
2026-07-15T18:00:09.067820,Raspberry_Relieve10,,,,,,0.0,,,,,,,,,10728,0.98,0.0,0.0
2026-07-15T18:00:10.067927,Raspberry_Relieve10,,,,,,0.0,,,,,,,,,10729,1.02,0.0,0.0
2026-07-15T18:00:11.068033,Raspberry_Relieve10,,,,,,0.0,,,,,,,,,10730,1.02,0.0,0.0
2026-07-15T18:00:12.068133,Raspberry_Relieve10,,,,,,0.0,,,,,,,,,10731,0.9,0.0,0.0
2026-07-15T18:00:13.068267,Raspberry_Relieve10,,,,,,0.0,,,,,,,,,10732,0.99,0.0,0.0
2026-07-15T18:00:14.068373,Raspberry_Relieve10,,,,,,0.0,,,,,,,,,10733,1.02,0.0,0.0
2026-07-15T18:00:15.068482,Raspberry_Relieve10,,,,,,0.0,,,,,,,,,10734,1.02,0.0,0.0
2026-07-15T18:00:16.068563,Raspberry_Relieve10,,,,,,0.0,,,,,,,,,10735,0.98,0.0,0.0
2026-07-15T18:00:17.068674,Raspberry_Relieve10,,,,,,0.0,,,,,,,,,10736,1.0,0.0,0.0
2026-07-15T18:00:18.068817,Raspberry_Relieve10,,,,,,0.0,,,,,,,,,10737,0.99,0.0,0.0
2026-07-15T18:00:19.068894,Raspberry_Relieve10,,,,,,0.0,,,,,,,,,10738,1.0,0.0,0.0
2026-07-15T18:00:20.069008,Raspberry_Relieve10,,,,,,0.0,,,,,,,,,10739,1.02,0.0,0.0
2026-07-15T18:00:21.069119,Raspberry_Relieve10,,,,,,0.0,,,,,,,,,10740,1.01,0.0,0.0
2026-07-15T18:00:22.069228,Raspberry_Relieve10,,,,,,0.0,,,,,,,,,10741,1.02,0.0,0.0
2026-07-15T18:00:23.069365,Raspberry_Relieve10,,,,,,0.0,,,,,,,,,10742,1.02,0.0,0.0
2026-07-15T18:00:24.069504,Raspberry_Relieve10,,,,,,0.0,,,,,,,,,10743,0.92,0.0,0.0
2026-07-15T18:00:25.069616,Raspberry_Relieve10,,,,,,0.0,,,,,,,,,10744,1.04,0.0,0.0
2026-07-15T18:00:26.069742,Raspberry_Relieve10,,,,,,0.0,,,,,,,,,10745,1.1,0.0,0.0
2026-07-15T18:00:27.069870,Raspberry_Relieve10,,,,,,0.0,,,,,,,,,10746,0.9,0.0,0.0
2026-07-15T18:00:28.070012,Raspberry_Relieve10,,,,,,0.0,,,,,,,,,10747,0.97,0.0,0.0
2026-07-15T18:00:29.070132,Raspberry_Relieve10,,,,,,0.0,,,,,,,,,10748,1.02,0.0,0.0
2026-07-15T18:00:30.070261,Raspberry_Relieve10,,,,,,0.0,,,,,,,,,10749,1.02,0.0,0.0
2026-07-15T18:00:31.070379,Raspberry_Relieve10,,,,,,0.0,,,,,,,,,10750,1.0,0.0,0.0
2026-07-15T18:00:32.070495,Raspberry_Relieve10,,,,,,0.0,,,,,,,,,10751,0.99,0.0,0.0
2026-07-15T18:00:33.070605,Raspberry_Relieve10,,,,,,0.0,,,,,,,,,10752,1.0,0.0,0.0
2026-07-15T18:00:34.070718,Raspberry_Relieve10,,,,,,0.0,,,,,,,,,10753,1.03,0.0,0.0
2026-07-15T18:00:35.070822,Raspberry_Relieve10,,,,,,0.0,,,,,,,,,10754,1.01,0.0,0.0
2026-07-15T18:00:36.070942,Raspberry_Relieve10,,,,,,0.0,,,,,,,,,10755,0.98,0.0,0.0
2026-07-15T18:00:37.071086,Raspberry_Relieve10,,,,,,0.0,,,,,,,,,10756,0.98,0.0,0.0
2026-07-15T18:00:38.071209,Raspberry_Relieve10,,,,,,0.0,,,,,,,,,10757,1.05,0.0,0.0
2026-07-15T18:00:39.071367,Raspberry_Relieve10,,,,,,0.0,,,,,,,,,10758,0.98,0.0,0.0
2026-07-15T18:00:40.071478,Raspberry_Relieve10,,,,,,0.0,,,,,,,,,10759,1.02,0.0,0.0
2026-07-15T18:00:41.071606,Raspberry_Relieve10,,,,,,0.0,,,,,,,,,10760,1.02,0.0,0.0
2026-07-15T18:00:42.071737,Raspberry_Relieve10,,,,,,0.0,,,,,,,,,10761,0.89,0.0,0.0
2026-07-15T18:00:43.071885,Raspberry_Relieve10,,,,,,0.0,,,,,,,,,10762,0.99,0.0,0.0
2026-07-15T18:00:44.072018,Raspberry_Relieve10,,,,,,0.0,,,,,,,,,10763,1.03,0.0,0.0
2026-07-15T18:00:45.072145,Raspberry_Relieve10,,,,,,0.0,,,,,,,,,10764,1.06,0.0,0.0
2026-07-15T18:00:46.072281,Raspberry_Relieve10,,,,,,0.0,,,,,,,,,10765,0.94,0.0,0.0
2026-07-15T18:00:47.072412,Raspberry_Relieve10,,,,,,0.0,,,,,,,,,10766,1.0,0.0,0.0
2026-07-15T18:00:48.072560,Raspberry_Relieve10,,,,,,0.0,,,,,,,,,10767,1.29,0.0,0.0
2026-07-15T18:00:49.072686,Raspberry_Relieve10,,,,,,0.0,,,,,,,,,10768,0.69,0.0,0.0
2026-07-15T18:00:50.072798,Raspberry_Relieve10,,,,,,0.0,,,,,,,,,10769,1.03,0.0,0.0
2026-07-15T18:00:51.072913,Raspberry_Relieve10,,,,,,0.0,,,,,,,,,10770,1.0,0.0,0.0
2026-07-15T18:00:52.073041,Raspberry_Relieve10,,,,,,0.0,,,,,,,,,10771,1.02,0.0,0.0
2026-07-15T18:00:53.073164,Raspberry_Relieve10,,,,,,0.0,,,,,,,,,10772,1.02,0.0,0.0
2026-07-15T18:00:54.073285,Raspberry_Relieve10,,,,,,0.0,,,,,,,,,10773,0.95,0.0,0.0
2026-07-15T18:00:55.073430,Raspberry_Relieve10,,,,,,0.0,,,,,,,,,10774,0.98,0.0,0.0
2026-07-15T18:00:56.073558,Raspberry_Relieve10,,,,,,0.0,,,,,,,,,10775,1.01,0.0,0.0
2026-07-15T18:00:57.073678,Raspberry_Relieve10,,,,,,0.0,,,,,,,,,10776,0.99,0.0,0.0
2026-07-15T18:00:58.073812,Raspberry_Relieve10,,,,,,0.0,,,,,,,,,10777,1.06,0.0,0.0
2026-07-15T18:00:59.073925,Raspberry_Relieve10,,,,,,0.0,,,,,,,,,10778,1.04,0.0,0.0
2026-07-15T18:01:00.074044,Raspberry_Relieve10,,,,,,0.0,,,,,,,,,10779,0.96,0.0,0.0
2026-07-15T18:01:01.074152,Raspberry_Relieve10,,,,,,0.0,,,,,,,,,10780,0.99,0.0,0.0
2026-07-15T18:01:02.074264,Raspberry_Relieve10,,,,,,0.0,,,,,,,,,10781,1.0,0.0,0.0
2026-07-15T18:01:03.074381,Raspberry_Relieve10,,,,,,0.0,,,,,,,,,10782,0.96,0.0,0.0
2026-07-15T18:01:04.074505,Raspberry_Relieve10,,,,,,0.0,,,,,,,,,10783,1.0,0.0,0.0
2026-07-15T18:01:05.074621,Raspberry_Relieve10,,,,,,0.0,,,,,,,,,10784,1.04,0.0,0.0
2026-07-15T18:01:06.074749,Raspberry_Relieve10,,,,,,0.0,,,,,,,,,10785,0.98,0.0,0.0
2026-07-15T18:01:07.074864,Raspberry_Relieve10,,,,,,0.0,,,,,,,,,10786,1.02,0.0,0.0
2026-07-15T18:01:08.074981,Raspberry_Relieve10,,,,,,0.0,,,,,,,,,10787,1.0,0.0,0.0
2026-07-15T18:01:09.075081,Raspberry_Relieve10,,,,,,0.0,,,,,,,,,10788,1.33,0.0,0.0
2026-07-15T18:01:10.075192,Raspberry_Relieve10,,,,,,0.0,,,,,,,,,10789,0.72,0.0,0.0
2026-07-15T18:01:11.075319,Raspberry_Relieve10,,,,,,0.0,,,,,,,,,10790,1.02,0.0,0.0
2026-07-15T18:01:12.075435,Raspberry_Relieve10,,,,,,0.0,,,,,,,,,10791,1.02,0.0,0.0
2026-07-15T18:01:13.075553,Raspberry_Relieve10,,,,,,0.0,,,,,,,,,10792,0.92,0.0,0.0
2026-07-15T18:01:14.075648,Raspberry_Relieve10,,,,,,0.0,,,,,,,,,10793,1.02,0.0,0.0
2026-07-15T18:01:15.075756,Raspberry_Relieve10,,,,,,0.0,,,,,,,,,10794,1.02,0.0,0.0
2026-07-15T18:01:16.075859,Raspberry_Relieve10,,,,,,0.0,,,,,,,,,10795,0.94,0.0,0.0
2026-07-15T18:01:17.075954,Raspberry_Relieve10,,,,,,0.0,,,,,,,,,10796,1.09,0.0,0.0
2026-07-15T18:01:18.076069,Raspberry_Relieve10,,,,,,0.0,,,,,,,,,10797,0.89,0.0,0.0
2026-07-15T18:01:19.076202,Raspberry_Relieve10,,,,,,0.0,,,,,,,,,10798,1.01,0.0,0.0
2026-07-15T18:01:20.076315,Raspberry_Relieve10,,,,,,0.0,,,,,,,,,10799,1.06,0.0,0.0
2026-07-15T18:01:21.076426,Raspberry_Relieve10,,,,,,0.0,,,,,,,,,10800,0.93,0.0,0.0
2026-07-15T18:01:22.076552,Raspberry_Relieve10,,,,,,0.0,,,,,,,,,10801,1.0,0.0,0.0
2026-07-15T18:01:23.076661,Raspberry_Relieve10,,,,,,0.0,,,,,,,,,10802,1.02,0.0,0.0
2026-07-15T18:01:24.076778,Raspberry_Relieve10,,,,,,0.0,,,,,,,,,10803,0.96,0.0,0.0
2026-07-15T18:01:25.076901,Raspberry_Relieve10,,,,,,0.0,,,,,,,,,10804,1.04,0.0,0.0
2026-07-15T18:01:26.077011,Raspberry_Relieve10,,,,,,0.0,,,,,,,,,10805,1.03,0.0,0.0
2026-07-15T18:01:27.077123,Raspberry_Relieve10,,,,,,0.0,,,,,,,,,10806,1.02,0.0,0.0
2026-07-15T18:01:28.077246,Raspberry_Relieve10,,,,,,0.0,,,,,,,,,10807,0.96,0.0,0.0
2026-07-15T18:01:29.077363,Raspberry_Relieve10,,,,,,0.0,,,,,,,,,10808,0.98,0.0,0.0
2026-07-15T18:01:30.077487,Raspberry_Relieve10,,,,,,0.0,,,,,,,,,10809,1.02,0.0,0.0
2026-07-15T18:01:31.077591,Raspberry_Relieve10,,,,,,0.0,,,,,,,,,10810,1.03,0.0,0.0
2026-07-15T18:01:32.077719,Raspberry_Relieve10,,,,,,0.0,,,,,,,,,10811,1.02,0.0,0.0
2026-07-15T18:01:33.077842,Raspberry_Relieve10,,,,,,0.0,,,,,,,,,10812,1.02,0.0,0.0
2026-07-15T18:01:34.077977,Raspberry_Relieve10,,,,,,0.0,,,,,,,,,10813,0.92,0.0,0.0
2026-07-15T18:01:35.078086,Raspberry_Relieve10,,,,,,0.0,,,,,,,,,10814,1.02,0.0,0.0
2026-07-15T18:01:36.078225,Raspberry_Relieve10,,,,,,0.0,,,,,,,,,10815,0.96,0.0,0.0
2026-07-15T18:01:37.078361,Raspberry_Relieve10,,,,,,0.0,,,,,,,,,10816,0.97,0.0,0.0
2026-07-15T18:01:38.078502,Raspberry_Relieve10,,,,,,0.0,,,,,,,,,10817,1.03,0.0,0.0
2026-07-15T18:01:39.078636,Raspberry_Relieve10,,,,,,0.0,,,,,,,,,10818,1.0,0.0,0.0
2026-07-15T18:01:40.078741,Raspberry_Relieve10,,,,,,0.0,,,,,,,,,10819,1.02,0.0,0.0
2026-07-15T18:01:41.078871,Raspberry_Relieve10,,,,,,0.0,,,,,,,,,10820,1.04,0.0,0.0
2026-07-15T18:01:42.078999,Raspberry_Relieve10,,,,,,0.0,,,,,,,,,10821,0.94,0.0,0.0
2026-07-15T18:01:43.079115,Raspberry_Relieve10,,,,,,0.0,,,,,,,,,10822,1.02,0.0,0.0
2026-07-15T18:01:44.079247,Raspberry_Relieve10,,,,,,0.0,,,,,,,,,10823,1.02,0.0,0.0
2026-07-15T18:01:45.079370,Raspberry_Relieve10,,,,,,0.0,,,,,,,,,10824,0.95,0.0,0.0
2026-07-15T18:01:46.079498,Raspberry_Relieve10,,,,,,0.0,,,,,,,,,10825,1.01,0.0,0.0
2026-07-15T18:01:47.079623,Raspberry_Relieve10,,,,,,0.0,,,,,,,,,10826,1.0,0.0,0.0
2026-07-15T18:01:48.079767,Raspberry_Relieve10,,,,,,0.0,,,,,,,,,10827,1.04,0.0,0.0
2026-07-15T18:01:49.079893,Raspberry_Relieve10,,,,,,0.0,,,,,,,,,10828,1.02,0.0,0.0
2026-07-15T18:01:50.080001,Raspberry_Relieve10,,,,,,0.0,,,,,,,,,10829,1.02,0.0,0.0
2026-07-15T18:01:51.080116,Raspberry_Relieve10,,,,,,0.0,,,,,,,,,10830,0.92,0.0,0.0
2026-07-15T18:01:52.080254,Raspberry_Relieve10,,,,,,0.0,,,,,,,,,10831,0.96,0.0,0.0
2026-07-15T18:01:53.080350,Raspberry_Relieve10,,,,,,0.0,,,,,,,,,10832,1.02,0.0,0.0
2026-07-15T18:01:54.080468,Raspberry_Relieve10,,,,,,0.0,,,,,,,,,10833,1.0,0.0,0.0
2026-07-15T18:01:55.080594,Raspberry_Relieve10,,,,,,0.0,,,,,,,,,10834,1.01,0.0,0.0
2026-07-15T18:01:56.080715,Raspberry_Relieve10,,,,,,0.0,,,,,,,,,10835,1.01,0.0,0.0
2026-07-15T18:01:57.080830,Raspberry_Relieve10,,,,,,0.0,,,,,,,,,10836,1.04,0.0,0.0
2026-07-15T18:01:58.080953,Raspberry_Relieve10,,,,,,0.0,,,,,,,,,10837,1.02,0.0,0.0
2026-07-15T18:01:59.081058,Raspberry_Relieve10,,,,,,0.0,,,,,,,,,10838,1.02,0.0,0.0
2026-07-15T18:02:00.081172,Raspberry_Relieve10,,,,,,0.0,,,,,,,,,10839,0.92,0.0,0.0
2026-07-15T18:02:01.081300,Raspberry_Relieve10,,,,,,0.0,,,,,,,,,10840,1.05,0.0,0.0
2026-07-15T18:02:02.081409,Raspberry_Relieve10,,,,,,0.0,,,,,,,,,10841,1.0,0.0,0.0
2026-07-15T18:02:03.081527,Raspberry_Relieve10,,,,,,0.0,,,,,,,,,10842,0.92,0.0,0.0
2026-07-15T18:02:04.081639,Raspberry_Relieve10,,,,,,0.0,,,,,,,,,10843,1.03,0.0,0.0
2026-07-15T18:02:05.081751,Raspberry_Relieve10,,,,,,0.0,,,,,,,,,10844,1.02,0.0,0.0
2026-07-15T18:02:06.081846,Raspberry_Relieve10,,,,,,0.0,,,,,,,,,10845,1.03,0.0,0.0
2026-07-15T18:02:07.081956,Raspberry_Relieve10,,,,,,0.0,,,,,,,,,10846,1.02,0.0,0.0
2026-07-15T18:02:08.082074,Raspberry_Relieve10,,,,,,0.0,,,,,,,,,10847,0.92,0.0,0.0
2026-07-15T18:02:09.082185,Raspberry_Relieve10,,,,,,0.0,,,,,,,,,10848,0.96,0.0,0.0
2026-07-15T18:02:10.082295,Raspberry_Relieve10,,,,,,0.0,,,,,,,,,10849,1.01,0.0,0.0
2026-07-15T18:02:11.082408,Raspberry_Relieve10,,,,,,0.0,,,,,,,,,10850,1.0,0.0,0.0
2026-07-15T18:02:12.082515,Raspberry_Relieve10,,,,,,0.0,,,,,,,,,10851,1.02,0.0,0.0
2026-07-15T18:02:13.082621,Raspberry_Relieve10,,,,,,0.0,,,,,,,,,10852,1.03,0.0,0.0
2026-07-15T18:02:14.082728,Raspberry_Relieve10,,,,,,0.0,,,,,,,,,10853,0.98,0.0,0.0
2026-07-15T18:02:15.082824,Raspberry_Relieve10,,,,,,0.0,,,,,,,,,10854,1.02,0.0,0.0
2026-07-15T18:02:16.082954,Raspberry_Relieve10,,,,,,0.0,,,,,,,,,10855,1.04,0.0,0.0
2026-07-15T18:02:17.083075,Raspberry_Relieve10,,,,,,0.0,,,,,,,,,10856,0.95,0.0,0.0
2026-07-15T18:02:18.083186,Raspberry_Relieve10,,,,,,0.0,,,,,,,,,10857,0.94,0.0,0.0
2026-07-15T18:02:19.083315,Raspberry_Relieve10,,,,,,0.0,,,,,,,,,10858,1.02,0.0,0.0
2026-07-15T18:02:20.083433,Raspberry_Relieve10,,,,,,0.0,,,,,,,,,10859,1.02,0.0,0.0
2026-07-15T18:02:21.083541,Raspberry_Relieve10,,,,,,0.0,,,,,,,,,10860,1.06,0.0,0.0
2026-07-15T18:02:22.083653,Raspberry_Relieve10,,,,,,0.0,,,,,,,,,10861,0.92,0.0,0.0
2026-07-15T18:02:23.083762,Raspberry_Relieve10,,,,,,0.0,,,,,,,,,10862,1.0,0.0,0.0
2026-07-15T18:02:24.083878,Raspberry_Relieve10,,,,,,0.0,,,,,,,,,10863,1.05,0.0,0.0
2026-07-15T18:02:25.083995,Raspberry_Relieve10,,,,,,0.0,,,,,,,,,10864,1.0,0.0,0.0
2026-07-15T18:02:26.084121,Raspberry_Relieve10,,,,,,0.0,,,,,,,,,10865,0.98,0.0,0.0
2026-07-15T18:02:27.084260,Raspberry_Relieve10,,,,,,0.0,,,,,,,,,10866,0.99,0.0,0.0
2026-07-15T18:02:28.084375,Raspberry_Relieve10,,,,,,0.0,,,,,,,,,10867,1.01,0.0,0.0
2026-07-15T18:02:29.084481,Raspberry_Relieve10,,,,,,0.0,,,,,,,,,10868,1.0,0.0,0.0
2026-07-15T18:02:30.084613,Raspberry_Relieve10,,,,,,0.0,,,,,,,,,10869,1.0,0.0,0.0
2026-07-15T18:02:31.084722,Raspberry_Relieve10,,,,,,0.0,,,,,,,,,10870,0.98,0.0,0.0
2026-07-15T18:02:32.084846,Raspberry_Relieve10,,,,,,0.0,,,,,,,,,10871,1.06,0.0,0.0
2026-07-15T18:02:33.084961,Raspberry_Relieve10,,,,,,0.0,,,,,,,,,10872,1.04,0.0,0.0
2026-07-15T18:02:34.085081,Raspberry_Relieve10,,,,,,0.0,,,,,,,,,10873,0.94,0.0,0.0
2026-07-15T18:02:35.085185,Raspberry_Relieve10,,,,,,0.0,,,,,,,,,10874,0.96,0.0,0.0
2026-07-15T18:02:36.085301,Raspberry_Relieve10,,,,,,0.0,,,,,,,,,10875,1.01,0.0,0.0
2026-07-15T18:02:37.085403,Raspberry_Relieve10,,,,,,0.0,,,,,,,,,10876,1.08,0.0,0.0
2026-07-15T18:02:38.085506,Raspberry_Relieve10,,,,,,0.0,,,,,,,,,10877,0.88,0.0,0.0
2026-07-15T18:02:39.085609,Raspberry_Relieve10,,,,,,0.0,,,,,,,,,10878,1.04,0.0,0.0
2026-07-15T18:02:40.085776,Raspberry_Relieve10,,,,,,0.0,,,,,,,,,10879,1.01,0.0,0.0
2026-07-15T18:02:41.085883,Raspberry_Relieve10,,,,,,0.0,,,,,,,,,10880,1.03,0.0,0.0
2026-07-15T18:02:42.085990,Raspberry_Relieve10,,,,,,0.0,,,,,,,,,10881,0.97,0.0,0.0
2026-07-15T18:02:43.086103,Raspberry_Relieve10,,,,,,0.0,,,,,,,,,10882,1.26,0.0,0.0
2026-07-15T18:02:44.086225,Raspberry_Relieve10,,,,,,0.0,,,,,,,,,10883,0.71,0.0,0.0
2026-07-15T18:02:45.086341,Raspberry_Relieve10,,,,,,0.0,,,,,,,,,10884,1.04,0.0,0.0
2026-07-15T18:02:46.086454,Raspberry_Relieve10,,,,,,0.0,,,,,,,,,10885,0.95,0.0,0.0
2026-07-15T18:02:47.086567,Raspberry_Relieve10,,,,,,0.0,,,,,,,,,10886,1.03,0.0,0.0
2026-07-15T18:02:48.086683,Raspberry_Relieve10,,,,,,0.0,,,,,,,,,10887,1.03,0.0,0.0
2026-07-15T18:02:49.086797,Raspberry_Relieve10,,,,,,0.0,,,,,,,,,10888,0.98,0.0,0.0
2026-07-15T18:02:50.086905,Raspberry_Relieve10,,,,,,0.0,,,,,,,,,10889,1.04,0.0,0.0
2026-07-15T18:02:51.087009,Raspberry_Relieve10,,,,,,0.0,,,,,,,,,10890,0.98,0.0,0.0
2026-07-15T18:02:52.087127,Raspberry_Relieve10,,,,,,0.0,,,,,,,,,10891,1.02,0.0,0.0
2026-07-15T18:02:53.087243,Raspberry_Relieve10,,,,,,0.0,,,,,,,,,10892,1.02,0.0,0.0
2026-07-15T18:02:54.087338,Raspberry_Relieve10,,,,,,0.0,,,,,,,,,10893,0.92,0.0,0.0
2026-07-15T18:02:55.087464,Raspberry_Relieve10,,,,,,0.0,,,,,,,,,10894,1.02,0.0,0.0
2026-07-15T18:02:56.087578,Raspberry_Relieve10,,,,,,0.0,,,,,,,,,10895,1.02,0.0,0.0
2026-07-15T18:02:57.087686,Raspberry_Relieve10,,,,,,0.0,,,,,,,,,10896,0.95,0.0,0.0
2026-07-15T18:02:58.087806,Raspberry_Relieve10,,,,,,0.0,,,,,,,,,10897,1.08,0.0,0.0
2026-07-15T18:02:59.087904,Raspberry_Relieve10,,,,,,0.0,,,,,,,,,10898,1.02,0.0,0.0
2026-07-15T18:03:00.088020,Raspberry_Relieve10,,,,,,0.0,,,,,,,,,10899,0.92,0.0,0.0
2026-07-15T18:03:01.088126,Raspberry_Relieve10,,,,,,0.0,,,,,,,,,10900,0.98,0.0,0.0
2026-07-15T18:03:02.088246,Raspberry_Relieve10,,,,,,0.0,,,,,,,,,10901,0.97,0.0,0.0
2026-07-15T18:03:03.088358,Raspberry_Relieve10,,,,,,0.0,,,,,,,,,10902,1.06,0.0,0.0
2026-07-15T18:03:04.088481,Raspberry_Relieve10,,,,,,0.0,,,,,,,,,10903,1.01,0.0,0.0
2026-07-15T18:03:05.088598,Raspberry_Relieve10,,,,,,0.0,,,,,,,,,10904,1.0,0.0,0.0
2026-07-15T18:03:06.088717,Raspberry_Relieve10,,,,,,0.0,,,,,,,,,10905,0.95,0.0,0.0
2026-07-15T18:03:07.088856,Raspberry_Relieve10,,,,,,0.0,,,,,,,,,10906,1.05,0.0,0.0
2026-07-15T18:03:08.088962,Raspberry_Relieve10,,,,,,0.0,,,,,,,,,10907,1.06,0.0,0.0
2026-07-15T18:03:09.089075,Raspberry_Relieve10,,,,,,0.0,,,,,,,,,10908,1.0,0.0,0.0
2026-07-15T18:03:10.089192,Raspberry_Relieve10,,,,,,0.0,,,,,,,,,10909,0.91,0.0,0.0
2026-07-15T18:03:11.089305,Raspberry_Relieve10,,,,,,0.0,,,,,,,,,10910,0.99,0.0,0.0
2026-07-15T18:03:12.089426,Raspberry_Relieve10,,,,,,0.0,,,,,,,,,10911,1.02,0.0,0.0
2026-07-15T18:03:13.089539,Raspberry_Relieve10,,,,,,0.0,,,,,,,,,10912,0.98,0.0,0.0
2026-07-15T18:03:14.089661,Raspberry_Relieve10,,,,,,0.0,,,,,,,,,10913,1.05,0.0,0.0
2026-07-15T18:03:15.089780,Raspberry_Relieve10,,,,,,0.0,,,,,,,,,10914,1.02,0.0,0.0
2026-07-15T18:03:16.089888,Raspberry_Relieve10,,,,,,0.0,,,,,,,,,10915,0.93,0.0,0.0
2026-07-15T18:03:17.089993,Raspberry_Relieve10,,,,,,0.0,,,,,,,,,10916,1.01,0.0,0.0
2026-07-15T18:03:18.090093,Raspberry_Relieve10,,,,,,0.0,,,,,,,,,10917,1.02,0.0,0.0
2026-07-15T18:03:19.090201,Raspberry_Relieve10,,,,,,0.0,,,,,,,,,10918,1.01,0.0,0.0
2026-07-15T18:03:20.090301,Raspberry_Relieve10,,,,,,0.0,,,,,,,,,10919,0.99,0.0,0.0
2026-07-15T18:03:21.090419,Raspberry_Relieve10,,,,,,0.0,,,,,,,,,10920,0.99,0.0,0.0
2026-07-15T18:03:22.090530,Raspberry_Relieve10,,,,,,0.0,,,,,,,,,10921,1.05,0.0,0.0
2026-07-15T18:03:23.090630,Raspberry_Relieve10,,,,,,0.0,,,,,,,,,10922,1.02,0.0,0.0
2026-07-15T18:03:24.090750,Raspberry_Relieve10,,,,,,0.0,,,,,,,,,10923,0.92,0.0,0.0
2026-07-15T18:03:25.090867,Raspberry_Relieve10,,,,,,0.0,,,,,,,,,10924,0.99,0.0,0.0
2026-07-15T18:03:26.090963,Raspberry_Relieve10,,,,,,0.0,,,,,,,,,10925,1.05,0.0,0.0
2026-07-15T18:03:27.091073,Raspberry_Relieve10,,,,,,0.0,,,,,,,,,10926,1.02,0.0,0.0
2026-07-15T18:03:28.091189,Raspberry_Relieve10,,,,,,0.0,,,,,,,,,10927,0.93,0.0,0.0
2026-07-15T18:03:29.091286,Raspberry_Relieve10,,,,,,0.0,,,,,,,,,10928,1.03,0.0,0.0
2026-07-15T18:03:30.091405,Raspberry_Relieve10,,,,,,0.0,,,,,,,,,10929,1.03,0.0,0.0
2026-07-15T18:03:31.091523,Raspberry_Relieve10,,,,,,0.0,,,,,,,,,10930,0.95,0.0,0.0
2026-07-15T18:03:32.091623,Raspberry_Relieve10,,,,,,0.0,,,,,,,,,10931,0.99,0.0,0.0
2026-07-15T18:03:33.091728,Raspberry_Relieve10,,,,,,0.0,,,,,,,,,10932,1.01,0.0,0.0
2026-07-15T18:03:34.091838,Raspberry_Relieve10,,,,,,0.0,,,,,,,,,10933,1.0,0.0,0.0
2026-07-15T18:03:35.091951,Raspberry_Relieve10,,,,,,0.0,,,,,,,,,10934,0.98,0.0,0.0
2026-07-15T18:03:36.092060,Raspberry_Relieve10,,,,,,0.0,,,,,,,,,10935,1.03,0.0,0.0
2026-07-15T18:03:37.092162,Raspberry_Relieve10,,,,,,0.0,,,,,,,,,10936,0.97,0.0,0.0
2026-07-15T18:03:38.092267,Raspberry_Relieve10,,,,,,0.0,,,,,,,,,10937,1.03,0.0,0.0
2026-07-15T18:03:39.092374,Raspberry_Relieve10,,,,,,0.0,,,,,,,,,10938,1.05,0.0,0.0
2026-07-15T18:03:40.092496,Raspberry_Relieve10,,,,,,0.0,,,,,,,,,10939,1.02,0.0,0.0
2026-07-15T18:03:41.092611,Raspberry_Relieve10,,,,,,0.0,,,,,,,,,10940,0.99,0.0,0.0
2026-07-15T18:03:42.092718,Raspberry_Relieve10,,,,,,0.0,,,,,,,,,10941,0.93,0.0,0.0
2026-07-15T18:03:43.092841,Raspberry_Relieve10,,,,,,0.0,,,,,,,,,10942,1.01,0.0,0.0
2026-07-15T18:03:44.092935,Raspberry_Relieve10,,,,,,0.0,,,,,,,,,10943,1.05,0.0,0.0
2026-07-15T18:03:45.093045,Raspberry_Relieve10,,,,,,0.0,,,,,,,,,10944,1.04,0.0,0.0
2026-07-15T18:03:46.093156,Raspberry_Relieve10,,,,,,0.0,,,,,,,,,10945,1.03,0.0,0.0
2026-07-15T18:03:47.093263,Raspberry_Relieve10,,,,,,0.0,,,,,,,,,10946,0.92,0.0,0.0
2026-07-15T18:03:48.093383,Raspberry_Relieve10,,,,,,0.0,,,,,,,,,10947,0.95,0.0,0.0
2026-07-15T18:03:49.093487,Raspberry_Relieve10,,,,,,0.0,,,,,,,,,10948,1.02,0.0,0.0
2026-07-15T18:03:50.093596,Raspberry_Relieve10,,,,,,0.0,,,,,,,,,10949,1.0,0.0,0.0
2026-07-15T18:03:51.093705,Raspberry_Relieve10,,,,,,0.0,,,,,,,,,10950,0.99,0.0,0.0
2026-07-15T18:03:52.093814,Raspberry_Relieve10,,,,,,0.0,,,,,,,,,10951,1.02,0.0,0.0
2026-07-15T18:03:53.093923,Raspberry_Relieve10,,,,,,0.0,,,,,,,,,10952,1.04,0.0,0.0
2026-07-15T18:03:54.094040,Raspberry_Relieve10,,,,,,0.0,,,,,,,,,10953,0.98,0.0,0.0
2026-07-15T18:03:55.094149,Raspberry_Relieve10,,,,,,0.0,,,,,,,,,10954,0.94,0.0,0.0
2026-07-15T18:03:56.094270,Raspberry_Relieve10,,,,,,0.0,,,,,,,,,10955,1.06,0.0,0.0
2026-07-15T18:03:57.094384,Raspberry_Relieve10,,,,,,0.0,,,,,,,,,10956,0.95,0.0,0.0
2026-07-15T18:03:58.094485,Raspberry_Relieve10,,,,,,0.0,,,,,,,,,10957,1.01,0.0,0.0
2026-07-15T18:03:59.094600,Raspberry_Relieve10,,,,,,0.0,,,,,,,,,10958,1.03,0.0,0.0
2026-07-15T18:04:00.094719,Raspberry_Relieve10,,,,,,0.0,,,,,,,,,10959,1.02,0.0,0.0
2026-07-15T18:04:01.094833,Raspberry_Relieve10,,,,,,0.0,,,,,,,,,10960,0.95,0.0,0.0
2026-07-15T18:04:02.094947,Raspberry_Relieve10,,,,,,0.0,,,,,,,,,10961,1.01,0.0,0.0
2026-07-15T18:04:03.095059,Raspberry_Relieve10,,,,,,0.0,,,,,,,,,10962,1.01,0.0,0.0
2026-07-15T18:04:04.095160,Raspberry_Relieve10,,,,,,0.0,,,,,,,,,10963,0.98,0.0,0.0
2026-07-15T18:04:05.095282,Raspberry_Relieve10,,,,,,0.0,,,,,,,,,10964,1.07,0.0,0.0
2026-07-15T18:04:06.095393,Raspberry_Relieve10,,,,,,0.0,,,,,,,,,10965,0.96,0.0,0.0
2026-07-15T18:04:07.095511,Raspberry_Relieve10,,,,,,0.0,,,,,,,,,10966,0.97,0.0,0.0
2026-07-15T18:04:08.095609,Raspberry_Relieve10,,,,,,0.0,,,,,,,,,10967,1.12,0.0,0.0
2026-07-15T18:04:09.095715,Raspberry_Relieve10,,,,,,0.0,,,,,,,,,10968,0.89,0.0,0.0
2026-07-15T18:04:10.095821,Raspberry_Relieve10,,,,,,0.0,,,,,,,,,10969,0.99,0.0,0.0
2026-07-15T18:04:11.095920,Raspberry_Relieve10,,,,,,0.0,,,,,,,,,10970,0.99,0.0,0.0
2026-07-15T18:04:12.096029,Raspberry_Relieve10,,,,,,0.0,,,,,,,,,10971,1.01,0.0,0.0
2026-07-15T18:04:13.096137,Raspberry_Relieve10,,,,,,0.0,,,,,,,,,10972,1.05,0.0,0.0
2026-07-15T18:04:14.096242,Raspberry_Relieve10,,,,,,0.0,,,,,,,,,10973,0.96,0.0,0.0
2026-07-15T18:04:15.096333,Raspberry_Relieve10,,,,,,0.0,,,,,,,,,10974,1.03,0.0,0.0
2026-07-15T18:04:16.096461,Raspberry_Relieve10,,,,,,0.0,,,,,,,,,10975,0.99,0.0,0.0
2026-07-15T18:04:17.096595,Raspberry_Relieve10,,,,,,0.0,,,,,,,,,10976,1.03,0.0,0.0
2026-07-15T18:04:18.096711,Raspberry_Relieve10,,,,,,0.0,,,,,,,,,10977,0.99,0.0,0.0
2026-07-15T18:04:19.096826,Raspberry_Relieve10,,,,,,0.0,,,,,,,,,10978,0.97,0.0,0.0
2026-07-15T18:04:20.096943,Raspberry_Relieve10,,,,,,0.0,,,,,,,,,10979,1.02,0.0,0.0
2026-07-15T18:04:21.097055,Raspberry_Relieve10,,,,,,0.0,,,,,,,,,10980,1.01,0.0,0.0
2026-07-15T18:04:22.097194,Raspberry_Relieve10,,,,,,0.0,,,,,,,,,10981,1.0,0.0,0.0
2026-07-15T18:04:23.097404,Raspberry_Relieve10,,,,,,0.0,,,,,,,,,10982,0.99,0.0,0.0
2026-07-15T18:04:24.097556,Raspberry_Relieve10,,,,,,0.0,,,,,,,,,10983,1.01,0.0,0.0
2026-07-15T18:04:25.097664,Raspberry_Relieve10,,,,,,0.0,,,,,,,,,10984,0.98,0.0,0.0
2026-07-15T18:04:26.097782,Raspberry_Relieve10,,,,,,0.0,,,,,,,,,10985,1.01,0.0,0.0
2026-07-15T18:04:27.097911,Raspberry_Relieve10,,,,,,0.0,,,,,,,,,10986,1.04,0.0,0.0
2026-07-15T18:04:28.098103,Raspberry_Relieve10,,,,,,0.0,,,,,,,,,10987,1.02,0.0,0.0
2026-07-15T18:04:29.098224,Raspberry_Relieve10,,,,,,0.0,,,,,,,,,10988,0.9,0.0,0.0
2026-07-15T18:04:30.098361,Raspberry_Relieve10,,,,,,0.0,,,,,,,,,10989,1.05,0.0,0.0
2026-07-15T18:04:31.098571,Raspberry_Relieve10,,,,,,0.0,,,,,,,,,10990,1.03,0.0,0.0
2026-07-15T18:04:32.098829,Raspberry_Relieve10,,,,,,0.0,,,,,,,,,10991,0.95,0.0,0.0
2026-07-15T18:04:33.098994,Raspberry_Relieve10,,,,,,0.0,,,,,,,,,10992,0.99,0.0,0.0
2026-07-15T18:04:34.099137,Raspberry_Relieve10,,,,,,0.0,,,,,,,,,10993,0.98,0.0,0.0
2026-07-15T18:04:35.099287,Raspberry_Relieve10,,,,,,0.0,,,,,,,,,10994,1.0,0.0,0.0
2026-07-15T18:04:36.099412,Raspberry_Relieve10,,,,,,0.0,,,,,,,,,10995,1.02,0.0,0.0
2026-07-15T18:04:37.099535,Raspberry_Relieve10,,,,,,0.0,,,,,,,,,10996,0.99,0.0,0.0
2026-07-15T18:04:38.099691,Raspberry_Relieve10,,,,,,0.0,,,,,,,,,10997,1.01,0.0,0.0
2026-07-15T18:04:39.099812,Raspberry_Relieve10,,,,,,0.0,,,,,,,,,10998,0.97,0.0,0.0
2026-07-15T18:04:40.099935,Raspberry_Relieve10,,,,,,0.0,,,,,,,,,10999,1.01,0.0,0.0
2026-07-15T18:04:41.100049,Raspberry_Relieve10,,,,,,0.0,,,,,,,,,11000,1.0,0.0,0.0
2026-07-15T18:04:42.100171,Raspberry_Relieve10,,,,,,0.0,,,,,,,,,11001,1.02,0.0,0.0
2026-07-15T18:04:43.100289,Raspberry_Relieve10,,,,,,0.0,,,,,,,,,11002,0.97,0.0,0.0
2026-07-15T18:04:44.100446,Raspberry_Relieve10,,,,,,0.0,,,,,,,,,11003,1.08,0.0,0.0
2026-07-15T18:04:45.100586,Raspberry_Relieve10,,,,,,0.0,,,,,,,,,11004,1.02,0.0,0.0
2026-07-15T18:04:46.100696,Raspberry_Relieve10,,,,,,0.0,,,,,,,,,11005,0.92,0.0,0.0
2026-07-15T18:04:47.100821,Raspberry_Relieve10,,,,,,0.0,,,,,,,,,11006,0.97,0.0,0.0
2026-07-15T18:04:48.101040,Raspberry_Relieve10,,,,,,0.0,,,,,,,,,11007,1.03,0.0,0.0
2026-07-15T18:04:49.101174,Raspberry_Relieve10,,,,,,0.0,,,,,,,,,11008,1.05,0.0,0.0
2026-07-15T18:04:50.101314,Raspberry_Relieve10,,,,,,0.0,,,,,,,,,11009,0.95,0.0,0.0
2026-07-15T18:04:51.101442,Raspberry_Relieve10,,,,,,0.0,,,,,,,,,11010,0.97,0.0,0.0
2026-07-15T18:04:52.101554,Raspberry_Relieve10,,,,,,0.0,,,,,,,,,11011,1.02,0.0,0.0
2026-07-15T18:04:53.101673,Raspberry_Relieve10,,,,,,0.0,,,,,,,,,11012,0.99,0.0,0.0
2026-07-15T18:04:54.101878,Raspberry_Relieve10,,,,,,0.0,,,,,,,,,11013,1.02,0.0,0.0
2026-07-15T18:04:55.102081,Raspberry_Relieve10,,,,,,0.0,,,,,,,,,11014,0.97,0.0,0.0
2026-07-15T18:04:56.102277,Raspberry_Relieve10,,,,,,0.0,,,,,,,,,11015,1.03,0.0,0.0
2026-07-15T18:04:57.102495,Raspberry_Relieve10,,,,,,0.0,,,,,,,,,11016,0.99,0.0,0.0
2026-07-15T18:04:58.102639,Raspberry_Relieve10,,,,,,0.0,,,,,,,,,11017,1.05,0.0,0.0
2026-07-15T18:04:59.102802,Raspberry_Relieve10,,,,,,0.0,,,,,,,,,11018,0.97,0.0,0.0
2026-07-15T18:05:00.102952,Raspberry_Relieve10,,,,,,0.0,,,,,,,,,11019,0.96,0.0,0.0
2026-07-15T18:05:01.103075,Raspberry_Relieve10,,,,,,0.0,,,,,,,,,11020,1.02,0.0,0.0
2026-07-15T18:05:02.103190,Raspberry_Relieve10,,,,,,0.0,,,,,,,,,11021,1.03,0.0,0.0
2026-07-15T18:05:03.103299,Raspberry_Relieve10,,,,,,0.0,,,,,,,,,11022,1.08,0.0,0.0
2026-07-15T18:05:04.103428,Raspberry_Relieve10,,,,,,0.0,,,,,,,,,11023,0.89,0.0,0.0
2026-07-15T18:05:05.103557,Raspberry_Relieve10,,,,,,0.0,,,,,,,,,11024,0.96,0.0,0.0
2026-07-15T18:05:06.103705,Raspberry_Relieve10,,,,,,0.0,,,,,,,,,11025,1.02,0.0,0.0
2026-07-15T18:05:07.103821,Raspberry_Relieve10,,,,,,0.0,,,,,,,,,11026,1.0,0.0,0.0
2026-07-15T18:05:08.104028,Raspberry_Relieve10,,,,,,0.0,,,,,,,,,11027,1.01,0.0,0.0
2026-07-15T18:05:09.104241,Raspberry_Relieve10,,,,,,0.0,,,,,,,,,11028,1.0,0.0,0.0
2026-07-15T18:05:10.104390,Raspberry_Relieve10,,,,,,0.0,,,,,,,,,11029,1.01,0.0,0.0
2026-07-15T18:05:11.104510,Raspberry_Relieve10,,,,,,0.0,,,,,,,,,11030,0.98,0.0,0.0
2026-07-15T18:05:12.104624,Raspberry_Relieve10,,,,,,0.0,,,,,,,,,11031,1.03,0.0,0.0
2026-07-15T18:05:13.104738,Raspberry_Relieve10,,,,,,0.0,,,,,,,,,11032,0.94,0.0,0.0
2026-07-15T18:05:14.104944,Raspberry_Relieve10,,,,,,0.0,,,,,,,,,11033,1.02,0.0,0.0
2026-07-15T18:05:15.105069,Raspberry_Relieve10,,,,,,0.0,,,,,,,,,11034,1.04,0.0,0.0
2026-07-15T18:05:16.105177,Raspberry_Relieve10,,,,,,0.0,,,,,,,,,11035,0.99,0.0,0.0
2026-07-15T18:05:17.105294,Raspberry_Relieve10,,,,,,0.0,,,,,,,,,11036,1.02,0.0,0.0
2026-07-15T18:05:18.105403,Raspberry_Relieve10,,,,,,0.0,,,,,,,,,11037,0.96,0.0,0.0
2026-07-15T18:05:19.105521,Raspberry_Relieve10,,,,,,0.0,,,,,,,,,11038,1.0,0.0,0.0
2026-07-15T18:05:20.105656,Raspberry_Relieve10,,,,,,0.0,,,,,,,,,11039,1.04,0.0,0.0
2026-07-15T18:05:21.105781,Raspberry_Relieve10,,,,,,0.0,,,,,,,,,11040,0.99,0.0,0.0
2026-07-15T18:05:22.105910,Raspberry_Relieve10,,,,,,0.0,,,,,,,,,11041,0.99,0.0,0.0
2026-07-15T18:05:23.106027,Raspberry_Relieve10,,,,,,0.0,,,,,,,,,11042,1.0,0.0,0.0
2026-07-15T18:05:24.106187,Raspberry_Relieve10,,,,,,0.0,,,,,,,,,11043,1.01,0.0,0.0
2026-07-15T18:05:25.106305,Raspberry_Relieve10,,,,,,0.0,,,,,,,,,11044,0.96,0.0,0.0
2026-07-15T18:05:26.106421,Raspberry_Relieve10,,,,,,0.0,,,,,,,,,11045,1.06,0.0,0.0
2026-07-15T18:05:27.106540,Raspberry_Relieve10,,,,,,0.0,,,,,,,,,11046,1.03,0.0,0.0
2026-07-15T18:05:28.106656,Raspberry_Relieve10,,,,,,0.0,,,,,,,,,11047,0.97,0.0,0.0
2026-07-15T18:05:29.106778,Raspberry_Relieve10,,,,,,0.0,,,,,,,,,11048,0.98,0.0,0.0
2026-07-15T18:05:30.106886,Raspberry_Relieve10,,,,,,0.0,,,,,,,,,11049,0.98,0.0,0.0
2026-07-15T18:05:31.106994,Raspberry_Relieve10,,,,,,0.0,,,,,,,,,11050,0.99,0.0,0.0
2026-07-15T18:05:32.107120,Raspberry_Relieve10,,,,,,0.0,,,,,,,,,11051,1.01,0.0,0.0
2026-07-15T18:05:33.107225,Raspberry_Relieve10,,,,,,0.0,,,,,,,,,11052,0.96,0.0,0.0
2026-07-15T18:05:34.107341,Raspberry_Relieve10,,,,,,0.0,,,,,,,,,11053,1.05,0.0,0.0
2026-07-15T18:05:35.107564,Raspberry_Relieve10,,,,,,0.0,,,,,,,,,11054,1.03,0.0,0.0
2026-07-15T18:05:36.107718,Raspberry_Relieve10,,,,,,0.0,,,,,,,,,11055,0.94,0.0,0.0
2026-07-15T18:05:37.107832,Raspberry_Relieve10,,,,,,0.0,,,,,,,,,11056,1.0,0.0,0.0
2026-07-15T18:05:38.107948,Raspberry_Relieve10,,,,,,0.0,,,,,,,,,11057,0.99,0.0,0.0
2026-07-15T18:05:39.108063,Raspberry_Relieve10,,,,,,0.0,,,,,,,,,11058,1.06,0.0,0.0
2026-07-15T18:05:40.108264,Raspberry_Relieve10,,,,,,0.0,,,,,,,,,11059,0.96,0.0,0.0
2026-07-15T18:05:41.108414,Raspberry_Relieve10,,,,,,0.0,,,,,,,,,11060,0.96,0.0,0.0
2026-07-15T18:05:42.108566,Raspberry_Relieve10,,,,,,0.0,,,,,,,,,11061,1.06,0.0,0.0
2026-07-15T18:05:43.108684,Raspberry_Relieve10,,,,,,0.0,,,,,,,,,11062,1.03,0.0,0.0
2026-07-15T18:05:44.108832,Raspberry_Relieve10,,,,,,0.0,,,,,,,,,11063,0.94,0.0,0.0
2026-07-15T18:05:45.108914,Raspberry_Relieve10,,,,,,0.0,,,,,,,,,11064,0.99,0.0,0.0
2026-07-15T18:05:46.109070,Raspberry_Relieve10,,,,,,0.0,,,,,,,,,11065,1.01,0.0,0.0
2026-07-15T18:05:47.109285,Raspberry_Relieve10,,,,,,0.0,,,,,,,,,11066,1.01,0.0,0.0
2026-07-15T18:05:48.109490,Raspberry_Relieve10,,,,,,0.0,,,,,,,,,11067,1.06,0.0,0.0
2026-07-15T18:05:49.109635,Raspberry_Relieve10,,,,,,0.0,,,,,,,,,11068,1.02,0.0,0.0
2026-07-15T18:05:50.109796,Raspberry_Relieve10,,,,,,0.0,,,,,,,,,11069,1.03,0.0,0.0
2026-07-15T18:05:51.109975,Raspberry_Relieve10,,,,,,0.0,,,,,,,,,11070,0.91,0.0,0.0
2026-07-15T18:05:52.110131,Raspberry_Relieve10,,,,,,0.0,,,,,,,,,11071,0.99,0.0,0.0
2026-07-15T18:05:53.110302,Raspberry_Relieve10,,,,,,0.0,,,,,,,,,11072,0.94,0.0,0.0
2026-07-15T18:05:54.110424,Raspberry_Relieve10,,,,,,0.0,,,,,,,,,11073,1.14,0.0,0.0
2026-07-15T18:05:55.110538,Raspberry_Relieve10,,,,,,0.0,,,,,,,,,11074,0.92,0.0,0.0
2026-07-15T18:05:56.110651,Raspberry_Relieve10,,,,,,0.0,,,,,,,,,11075,0.96,0.0,0.0
2026-07-15T18:05:57.110856,Raspberry_Relieve10,,,,,,0.0,,,,,,,,,11076,0.99,0.0,0.0
2026-07-15T18:05:58.111010,Raspberry_Relieve10,,,,,,0.0,,,,,,,,,11077,1.0,0.0,0.0
2026-07-15T18:05:59.111151,Raspberry_Relieve10,,,,,,0.0,,,,,,,,,11078,1.06,0.0,0.0
2026-07-15T18:06:00.111302,Raspberry_Relieve10,,,,,,0.0,,,,,,,,,11079,0.98,0.0,0.0
2026-07-15T18:06:01.111419,Raspberry_Relieve10,,,,,,0.0,,,,,,,,,11080,0.97,0.0,0.0
2026-07-15T18:06:02.111567,Raspberry_Relieve10,,,,,,0.0,,,,,,,,,11081,1.0,0.0,0.0
2026-07-15T18:06:03.111737,Raspberry_Relieve10,,,,,,0.0,,,,,,,,,11082,1.04,0.0,0.0
2026-07-15T18:06:04.111855,Raspberry_Relieve10,,,,,,0.0,,,,,,,,,11083,0.97,0.0,0.0
2026-07-15T18:06:05.111990,Raspberry_Relieve10,,,,,,0.0,,,,,,,,,11084,0.99,0.0,0.0
2026-07-15T18:06:06.112208,Raspberry_Relieve10,,,,,,0.0,,,,,,,,,11085,1.02,0.0,0.0
2026-07-15T18:06:07.112414,Raspberry_Relieve10,,,,,,0.0,,,,,,,,,11086,1.01,0.0,0.0
2026-07-15T18:06:08.112557,Raspberry_Relieve10,,,,,,0.0,,,,,,,,,11087,1.02,0.0,0.0
2026-07-15T18:06:09.112725,Raspberry_Relieve10,,,,,,0.0,,,,,,,,,11088,1.02,0.0,0.0
2026-07-15T18:06:10.112871,Raspberry_Relieve10,,,,,,0.0,,,,,,,,,11089,1.03,0.0,0.0
2026-07-15T18:06:11.112997,Raspberry_Relieve10,,,,,,0.0,,,,,,,,,11090,0.98,0.0,0.0
2026-07-15T18:06:12.113158,Raspberry_Relieve10,,,,,,0.0,,,,,,,,,11091,0.91,0.0,0.0
2026-07-15T18:06:13.113325,Raspberry_Relieve10,,,,,,0.0,,,,,,,,,11092,1.03,0.0,0.0
2026-07-15T18:06:14.113465,Raspberry_Relieve10,,,,,,0.0,,,,,,,,,11093,1.02,0.0,0.0
2026-07-15T18:06:15.113629,Raspberry_Relieve10,,,,,,0.0,,,,,,,,,11094,1.06,0.0,0.0
2026-07-15T18:06:16.113782,Raspberry_Relieve10,,,,,,0.0,,,,,,,,,11095,0.94,0.0,0.0
2026-07-15T18:06:17.113906,Raspberry_Relieve10,,,,,,0.0,,,,,,,,,11096,0.99,0.0,0.0
2026-07-15T18:06:18.114024,Raspberry_Relieve10,,,,,,0.0,,,,,,,,,11097,1.02,0.0,0.0
2026-07-15T18:06:19.114169,Raspberry_Relieve10,,,,,,0.0,,,,,,,,,11098,0.98,0.0,0.0
2026-07-15T18:06:20.114302,Raspberry_Relieve10,,,,,,0.0,,,,,,,,,11099,1.02,0.0,0.0
2026-07-15T18:06:21.114417,Raspberry_Relieve10,,,,,,0.0,,,,,,,,,11100,0.96,0.0,0.0
2026-07-15T18:06:22.114525,Raspberry_Relieve10,,,,,,0.0,,,,,,,,,11101,1.05,0.0,0.0
2026-07-15T18:06:23.114644,Raspberry_Relieve10,,,,,,0.0,,,,,,,,,11102,1.03,0.0,0.0
2026-07-15T18:06:24.114770,Raspberry_Relieve10,,,,,,0.0,,,,,,,,,11103,1.02,0.0,0.0
2026-07-15T18:06:25.114883,Raspberry_Relieve10,,,,,,0.0,,,,,,,,,11104,0.94,0.0,0.0
2026-07-15T18:06:26.114979,Raspberry_Relieve10,,,,,,0.0,,,,,,,,,11105,1.02,0.0,0.0
2026-07-15T18:06:27.115218,Raspberry_Relieve10,,,,,,0.0,,,,,,,,,11106,1.03,0.0,0.0
2026-07-15T18:06:28.115369,Raspberry_Relieve10,,,,,,0.0,,,,,,,,,11107,0.92,0.0,0.0
2026-07-15T18:06:29.115534,Raspberry_Relieve10,,,,,,0.0,,,,,,,,,11108,1.1,0.0,0.0
2026-07-15T18:06:30.115661,Raspberry_Relieve10,,,,,,0.0,,,,,,,,,11109,0.95,0.0,0.0
2026-07-15T18:06:31.115783,Raspberry_Relieve10,,,,,,0.0,,,,,,,,,11110,1.02,0.0,0.0
2026-07-15T18:06:32.115917,Raspberry_Relieve10,,,,,,0.0,,,,,,,,,11111,0.94,0.0,0.0
2026-07-15T18:06:33.116049,Raspberry_Relieve10,,,,,,0.0,,,,,,,,,11112,0.99,0.0,0.0
2026-07-15T18:06:34.116189,Raspberry_Relieve10,,,,,,0.0,,,,,,,,,11113,0.98,0.0,0.0
2026-07-15T18:06:35.116370,Raspberry_Relieve10,,,,,,0.0,,,,,,,,,11114,1.01,0.0,0.0
2026-07-15T18:06:36.116496,Raspberry_Relieve10,,,,,,0.0,,,,,,,,,11115,1.05,0.0,0.0
2026-07-15T18:06:37.116640,Raspberry_Relieve10,,,,,,0.0,,,,,,,,,11116,1.03,0.0,0.0
2026-07-15T18:06:38.116771,Raspberry_Relieve10,,,,,,0.0,,,,,,,,,11117,0.97,0.0,0.0
2026-07-15T18:06:39.116935,Raspberry_Relieve10,,,,,,0.0,,,,,,,,,11118,1.03,0.0,0.0
2026-07-15T18:06:40.117045,Raspberry_Relieve10,,,,,,0.0,,,,,,,,,11119,0.98,0.0,0.0
2026-07-15T18:06:41.117180,Raspberry_Relieve10,,,,,,0.0,,,,,,,,,11120,0.96,0.0,0.0
2026-07-15T18:06:42.117297,Raspberry_Relieve10,,,,,,0.0,,,,,,,,,11121,1.02,0.0,0.0
2026-07-15T18:06:43.117411,Raspberry_Relieve10,,,,,,0.0,,,,,,,,,11122,1.02,0.0,0.0
2026-07-15T18:06:44.117523,Raspberry_Relieve10,,,,,,0.0,,,,,,,,,11123,1.03,0.0,0.0
2026-07-15T18:06:45.117653,Raspberry_Relieve10,,,,,,0.0,,,,,,,,,11124,0.92,0.0,0.0
2026-07-15T18:06:46.117766,Raspberry_Relieve10,,,,,,0.0,,,,,,,,,11125,1.02,0.0,0.0
2026-07-15T18:06:47.117880,Raspberry_Relieve10,,,,,,0.0,,,,,,,,,11126,0.98,0.0,0.0
2026-07-15T18:06:48.118007,Raspberry_Relieve10,,,,,,0.0,,,,,,,,,11127,1.05,0.0,0.0
2026-07-15T18:06:49.118150,Raspberry_Relieve10,,,,,,0.0,,,,,,,,,11128,0.94,0.0,0.0
2026-07-15T18:06:50.118263,Raspberry_Relieve10,,,,,,0.0,,,,,,,,,11129,1.01,0.0,0.0
2026-07-15T18:06:51.118380,Raspberry_Relieve10,,,,,,0.0,,,,,,,,,11130,0.98,0.0,0.0
2026-07-15T18:06:52.118525,Raspberry_Relieve10,,,,,,0.0,,,,,,,,,11131,1.04,0.0,0.0
2026-07-15T18:06:53.118660,Raspberry_Relieve10,,,,,,0.0,,,,,,,,,11132,0.94,0.0,0.0
2026-07-15T18:06:54.118804,Raspberry_Relieve10,,,,,,0.0,,,,,,,,,11133,1.04,0.0,0.0
2026-07-15T18:06:55.118945,Raspberry_Relieve10,,,,,,0.0,,,,,,,,,11134,1.01,0.0,0.0
2026-07-15T18:06:56.119060,Raspberry_Relieve10,,,,,,0.0,,,,,,,,,11135,1.02,0.0,0.0
2026-07-15T18:06:57.119176,Raspberry_Relieve10,,,,,,0.0,,,,,,,,,11136,0.93,0.0,0.0
2026-07-15T18:06:58.119391,Raspberry_Relieve10,,,,,,0.0,,,,,,,,,11137,1.03,0.0,0.0
2026-07-15T18:06:59.119614,Raspberry_Relieve10,,,,,,0.0,,,,,,,,,11138,1.02,0.0,0.0
2026-07-15T18:07:00.119738,Raspberry_Relieve10,,,,,,0.0,,,,,,,,,11139,1.02,0.0,0.0
2026-07-15T18:07:01.119870,Raspberry_Relieve10,,,,,,0.0,,,,,,,,,11140,1.02,0.0,0.0
2026-07-15T18:07:02.119998,Raspberry_Relieve10,,,,,,0.0,,,,,,,,,11141,1.02,0.0,0.0
2026-07-15T18:07:03.120132,Raspberry_Relieve10,,,,,,0.0,,,,,,,,,11142,0.92,0.0,0.0
2026-07-15T18:07:04.120243,Raspberry_Relieve10,,,,,,0.0,,,,,,,,,11143,1.1,0.0,0.0
2026-07-15T18:07:05.120375,Raspberry_Relieve10,,,,,,0.0,,,,,,,,,11144,0.94,0.0,0.0
2026-07-15T18:07:06.120516,Raspberry_Relieve10,,,,,,0.0,,,,,,,,,11145,0.92,0.0,0.0
2026-07-15T18:07:07.120670,Raspberry_Relieve10,,,,,,0.0,,,,,,,,,11146,1.01,0.0,0.0
2026-07-15T18:07:08.120824,Raspberry_Relieve10,,,,,,0.0,,,,,,,,,11147,1.02,0.0,0.0
2026-07-15T18:07:09.120988,Raspberry_Relieve10,,,,,,0.0,,,,,,,,,11148,0.96,0.0,0.0
2026-07-15T18:07:10.121154,Raspberry_Relieve10,,,,,,0.0,,,,,,,,,11149,1.02,0.0,0.0
2026-07-15T18:07:11.121320,Raspberry_Relieve10,,,,,,0.0,,,,,,,,,11150,1.02,0.0,0.0
2026-07-15T18:07:12.121492,Raspberry_Relieve10,,,,,,0.0,,,,,,,,,11151,1.0,0.0,0.0
2026-07-15T18:07:13.121669,Raspberry_Relieve10,,,,,,0.0,,,,,,,,,11152,1.03,0.0,0.0
2026-07-15T18:07:14.121837,Raspberry_Relieve10,,,,,,0.0,,,,,,,,,11153,1.02,0.0,0.0
2026-07-15T18:07:15.122053,Raspberry_Relieve10,,,,,,0.0,,,,,,,,,11154,1.02,0.0,0.0
2026-07-15T18:07:16.122228,Raspberry_Relieve10,,,,,,0.0,,,,,,,,,11155,0.92,0.0,0.0
2026-07-15T18:07:17.122433,Raspberry_Relieve10,,,,,,0.0,,,,,,,,,11156,1.02,0.0,0.0
2026-07-15T18:07:18.122606,Raspberry_Relieve10,,,,,,0.0,,,,,,,,,11157,1.02,0.0,0.0
2026-07-15T18:07:19.122751,Raspberry_Relieve10,,,,,,0.0,,,,,,,,,11158,0.96,0.0,0.0
2026-07-15T18:07:20.122995,Raspberry_Relieve10,,,,,,0.0,,,,,,,,,11159,1.0,0.0,0.0
2026-07-15T18:07:21.123214,Raspberry_Relieve10,,,,,,0.0,,,,,,,,,11160,0.94,0.0,0.0
2026-07-15T18:07:22.123396,Raspberry_Relieve10,,,,,,0.0,,,,,,,,,11161,1.04,0.0,0.0
2026-07-15T18:07:23.123621,Raspberry_Relieve10,,,,,,0.0,,,,,,,,,11162,0.98,0.0,0.0
2026-07-15T18:07:24.123825,Raspberry_Relieve10,,,,,,0.0,,,,,,,,,11163,1.04,0.0,0.0
2026-07-15T18:07:25.124031,Raspberry_Relieve10,,,,,,0.0,,,,,,,,,11164,0.99,0.0,0.0
2026-07-15T18:07:26.124241,Raspberry_Relieve10,,,,,,0.0,,,,,,,,,11165,1.02,0.0,0.0
2026-07-15T18:07:27.124433,Raspberry_Relieve10,,,,,,0.0,,,,,,,,,11166,1.04,0.0,0.0
2026-07-15T18:07:28.124580,Raspberry_Relieve10,,,,,,0.0,,,,,,,,,11167,1.02,0.0,0.0
2026-07-15T18:07:29.124731,Raspberry_Relieve10,,,,,,0.0,,,,,,,,,11168,0.92,0.0,0.0
2026-07-15T18:07:30.124886,Raspberry_Relieve10,,,,,,0.0,,,,,,,,,11169,1.02,0.0,0.0
2026-07-15T18:07:31.125023,Raspberry_Relieve10,,,,,,0.0,,,,,,,,,11170,1.01,0.0,0.0
2026-07-15T18:07:32.125196,Raspberry_Relieve10,,,,,,0.0,,,,,,,,,11171,0.95,0.0,0.0
2026-07-15T18:07:33.125356,Raspberry_Relieve10,,,,,,0.0,,,,,,,,,11172,1.01,0.0,0.0
2026-07-15T18:07:34.125513,Raspberry_Relieve10,,,,,,0.0,,,,,,,,,11173,1.02,0.0,0.0
2026-07-15T18:07:35.125668,Raspberry_Relieve10,,,,,,0.0,,,,,,,,,11174,1.02,0.0,0.0
2026-07-15T18:07:36.125828,Raspberry_Relieve10,,,,,,0.0,,,,,,,,,11175,0.93,0.0,0.0
2026-07-15T18:07:37.125997,Raspberry_Relieve10,,,,,,0.0,,,,,,,,,11176,1.01,0.0,0.0
2026-07-15T18:07:38.126192,Raspberry_Relieve10,,,,,,0.0,,,,,,,,,11177,1.0,0.0,0.0
2026-07-15T18:07:39.126334,Raspberry_Relieve10,,,,,,0.0,,,,,,,,,11178,1.01,0.0,0.0
2026-07-15T18:07:40.126509,Raspberry_Relieve10,,,,,,0.0,,,,,,,,,11179,0.97,0.0,0.0
2026-07-15T18:07:41.126634,Raspberry_Relieve10,,,,,,0.0,,,,,,,,,11180,0.98,0.0,0.0
2026-07-15T18:07:42.126806,Raspberry_Relieve10,,,,,,0.0,,,,,,,,,11181,1.04,0.0,0.0
2026-07-15T18:07:43.126941,Raspberry_Relieve10,,,,,,0.0,,,,,,,,,11182,1.04,0.0,0.0
2026-07-15T18:07:44.127078,Raspberry_Relieve10,,,,,,0.0,,,,,,,,,11183,1.02,0.0,0.0
2026-07-15T18:07:45.127241,Raspberry_Relieve10,,,,,,0.0,,,,,,,,,11184,1.02,0.0,0.0
2026-07-15T18:07:46.127392,Raspberry_Relieve10,,,,,,0.0,,,,,,,,,11185,0.92,0.0,0.0
2026-07-15T18:07:47.127514,Raspberry_Relieve10,,,,,,0.0,,,,,,,,,11186,1.02,0.0,0.0
2026-07-15T18:07:48.127644,Raspberry_Relieve10,,,,,,0.0,,,,,,,,,11187,1.09,0.0,0.0
2026-07-15T18:07:49.127798,Raspberry_Relieve10,,,,,,0.0,,,,,,,,,11188,0.96,0.0,0.0
2026-07-15T18:07:50.127924,Raspberry_Relieve10,,,,,,0.0,,,,,,,,,11189,1.02,0.0,0.0
2026-07-15T18:07:51.128048,Raspberry_Relieve10,,,,,,0.0,,,,,,,,,11190,0.92,0.0,0.0
2026-07-15T18:07:52.128186,Raspberry_Relieve10,,,,,,0.0,,,,,,,,,11191,0.97,0.0,0.0
2026-07-15T18:07:53.128311,Raspberry_Relieve10,,,,,,0.0,,,,,,,,,11192,0.98,0.0,0.0
2026-07-15T18:07:54.128456,Raspberry_Relieve10,,,,,,0.0,,,,,,,,,11193,1.01,0.0,0.0
2026-07-15T18:07:55.128606,Raspberry_Relieve10,,,,,,0.0,,,,,,,,,11194,1.03,0.0,0.0
2026-07-15T18:07:56.128748,Raspberry_Relieve10,,,,,,0.0,,,,,,,,,11195,1.0,0.0,0.0
2026-07-15T18:07:57.128929,Raspberry_Relieve10,,,,,,0.0,,,,,,,,,11196,0.96,0.0,0.0
2026-07-15T18:07:58.129060,Raspberry_Relieve10,,,,,,0.0,,,,,,,,,11197,1.05,0.0,0.0
2026-07-15T18:07:59.129193,Raspberry_Relieve10,,,,,,0.0,,,,,,,,,11198,0.99,0.0,0.0
2026-07-15T18:08:00.129328,Raspberry_Relieve10,,,,,,0.0,,,,,,,,,11199,1.02,0.0,0.0
2026-07-15T18:08:01.129463,Raspberry_Relieve10,,,,,,0.0,,,,,,,,,11200,1.02,0.0,0.0
2026-07-15T18:08:02.129596,Raspberry_Relieve10,,,,,,0.0,,,,,,,,,11201,1.03,0.0,0.0
2026-07-15T18:08:03.129729,Raspberry_Relieve10,,,,,,0.0,,,,,,,,,11202,0.9,0.0,0.0
2026-07-15T18:08:04.129848,Raspberry_Relieve10,,,,,,0.0,,,,,,,,,11203,1.01,0.0,0.0
2026-07-15T18:08:05.129979,Raspberry_Relieve10,,,,,,0.0,,,,,,,,,11204,1.05,0.0,0.0
2026-07-15T18:08:06.130096,Raspberry_Relieve10,,,,,,0.0,,,,,,,,,11205,1.02,0.0,0.0
2026-07-15T18:08:07.130225,Raspberry_Relieve10,,,,,,0.0,,,,,,,,,11206,0.9,0.0,0.0
2026-07-15T18:08:08.130359,Raspberry_Relieve10,,,,,,0.0,,,,,,,,,11207,1.04,0.0,0.0
2026-07-15T18:08:09.130490,Raspberry_Relieve10,,,,,,0.0,,,,,,,,,11208,1.04,0.0,0.0
2026-07-15T18:08:10.130608,Raspberry_Relieve10,,,,,,0.0,,,,,,,,,11209,1.08,0.0,0.0
2026-07-15T18:08:11.130709,Raspberry_Relieve10,,,,,,0.0,,,,,,,,,11210,0.87,0.0,0.0
2026-07-15T18:08:12.130874,Raspberry_Relieve10,,,,,,0.0,,,,,,,,,11211,0.99,0.0,0.0
2026-07-15T18:08:13.131010,Raspberry_Relieve10,,,,,,0.0,,,,,,,,,11212,0.99,0.0,0.0
2026-07-15T18:08:14.131146,Raspberry_Relieve10,,,,,,0.0,,,,,,,,,11213,1.01,0.0,0.0
2026-07-15T18:08:15.131268,Raspberry_Relieve10,,,,,,0.0,,,,,,,,,11214,0.97,0.0,0.0
2026-07-15T18:08:16.131395,Raspberry_Relieve10,,,,,,0.0,,,,,,,,,11215,1.07,0.0,0.0
2026-07-15T18:08:17.131520,Raspberry_Relieve10,,,,,,0.0,,,,,,,,,11216,1.09,0.0,0.0
2026-07-15T18:08:18.131655,Raspberry_Relieve10,,,,,,0.0,,,,,,,,,11217,0.91,0.0,0.0
2026-07-15T18:08:19.131799,Raspberry_Relieve10,,,,,,0.0,,,,,,,,,11218,1.03,0.0,0.0
2026-07-15T18:08:20.131928,Raspberry_Relieve10,,,,,,0.0,,,,,,,,,11219,0.91,0.0,0.0
2026-07-15T18:08:21.132061,Raspberry_Relieve10,,,,,,0.0,,,,,,,,,11220,1.03,0.0,0.0
2026-07-15T18:08:22.132185,Raspberry_Relieve10,,,,,,0.0,,,,,,,,,11221,1.02,0.0,0.0
2026-07-15T18:08:23.132322,Raspberry_Relieve10,,,,,,0.0,,,,,,,,,11222,1.03,0.0,0.0
2026-07-15T18:08:24.132452,Raspberry_Relieve10,,,,,,0.0,,,,,,,,,11223,1.04,0.0,0.0
2026-07-15T18:08:25.132577,Raspberry_Relieve10,,,,,,0.0,,,,,,,,,11224,0.92,0.0,0.0
2026-07-15T18:08:26.132703,Raspberry_Relieve10,,,,,,0.0,,,,,,,,,11225,0.97,0.0,0.0
2026-07-15T18:08:27.132830,Raspberry_Relieve10,,,,,,0.0,,,,,,,,,11226,1.01,0.0,0.0
2026-07-15T18:08:28.132961,Raspberry_Relieve10,,,,,,0.0,,,,,,,,,11227,0.98,0.0,0.0
2026-07-15T18:08:29.133084,Raspberry_Relieve10,,,,,,0.0,,,,,,,,,11228,1.0,0.0,0.0
2026-07-15T18:08:30.133211,Raspberry_Relieve10,,,,,,0.0,,,,,,,,,11229,1.04,0.0,0.0
2026-07-15T18:08:31.133333,Raspberry_Relieve10,,,,,,0.0,,,,,,,,,11230,0.98,0.0,0.0
2026-07-15T18:08:32.133452,Raspberry_Relieve10,,,,,,0.0,,,,,,,,,11231,1.05,0.0,0.0
2026-07-15T18:08:33.133588,Raspberry_Relieve10,,,,,,0.0,,,,,,,,,11232,0.95,0.0,0.0
2026-07-15T18:08:34.133739,Raspberry_Relieve10,,,,,,0.0,,,,,,,,,11233,0.98,0.0,0.0
2026-07-15T18:08:35.133869,Raspberry_Relieve10,,,,,,0.0,,,,,,,,,11234,1.03,0.0,0.0
2026-07-15T18:08:36.133999,Raspberry_Relieve10,,,,,,0.0,,,,,,,,,11235,0.99,0.0,0.0
2026-07-15T18:08:37.134135,Raspberry_Relieve10,,,,,,0.0,,,,,,,,,11236,0.96,0.0,0.0
2026-07-15T18:08:38.134275,Raspberry_Relieve10,,,,,,0.0,,,,,,,,,11237,1.02,0.0,0.0
2026-07-15T18:08:39.134413,Raspberry_Relieve10,,,,,,0.0,,,,,,,,,11238,1.04,0.0,0.0
2026-07-15T18:08:40.134541,Raspberry_Relieve10,,,,,,0.0,,,,,,,,,11239,1.05,0.0,0.0
2026-07-15T18:08:41.134675,Raspberry_Relieve10,,,,,,0.0,,,,,,,,,11240,0.92,0.0,0.0
2026-07-15T18:08:42.134807,Raspberry_Relieve10,,,,,,0.0,,,,,,,,,11241,1.1,0.0,0.0
2026-07-15T18:08:43.134932,Raspberry_Relieve10,,,,,,0.0,,,,,,,,,11242,0.94,0.0,0.0
2026-07-15T18:08:44.135066,Raspberry_Relieve10,,,,,,0.0,,,,,,,,,11243,0.98,0.0,0.0
2026-07-15T18:08:45.135201,Raspberry_Relieve10,,,,,,0.0,,,,,,,,,11244,0.99,0.0,0.0
2026-07-15T18:08:46.135340,Raspberry_Relieve10,,,,,,0.0,,,,,,,,,11245,0.97,0.0,0.0
2026-07-15T18:08:47.135462,Raspberry_Relieve10,,,,,,0.0,,,,,,,,,11246,1.0,0.0,0.0
2026-07-15T18:08:48.135583,Raspberry_Relieve10,,,,,,0.0,,,,,,,,,11247,1.02,0.0,0.0
2026-07-15T18:08:49.135712,Raspberry_Relieve10,,,,,,0.0,,,,,,,,,11248,1.05,0.0,0.0
2026-07-15T18:08:50.135836,Raspberry_Relieve10,,,,,,0.0,,,,,,,,,11249,0.94,0.0,0.0
2026-07-15T18:08:51.135961,Raspberry_Relieve10,,,,,,0.0,,,,,,,,,11250,0.99,0.0,0.0
2026-07-15T18:08:52.136091,Raspberry_Relieve10,,,,,,0.0,,,,,,,,,11251,1.02,0.0,0.0
2026-07-15T18:08:53.136215,Raspberry_Relieve10,,,,,,0.0,,,,,,,,,11252,1.04,0.0,0.0
2026-07-15T18:08:54.136346,Raspberry_Relieve10,,,,,,0.0,,,,,,,,,11253,0.94,0.0,0.0
2026-07-15T18:08:55.136472,Raspberry_Relieve10,,,,,,0.0,,,,,,,,,11254,1.1,0.0,0.0
2026-07-15T18:08:56.136596,Raspberry_Relieve10,,,,,,0.0,,,,,,,,,11255,0.89,0.0,0.0
2026-07-15T18:08:57.136711,Raspberry_Relieve10,,,,,,0.0,,,,,,,,,11256,1.03,0.0,0.0
2026-07-15T18:08:58.136826,Raspberry_Relieve10,,,,,,0.0,,,,,,,,,11257,0.98,0.0,0.0
2026-07-15T18:08:59.136955,Raspberry_Relieve10,,,,,,0.0,,,,,,,,,11258,1.01,0.0,0.0
2026-07-15T18:09:00.137083,Raspberry_Relieve10,,,,,,0.0,,,,,,,,,11259,1.03,0.0,0.0
2026-07-15T18:09:01.137216,Raspberry_Relieve10,,,,,,0.0,,,,,,,,,11260,1.02,0.0,0.0
2026-07-15T18:09:02.137343,Raspberry_Relieve10,,,,,,0.0,,,,,,,,,11261,0.93,0.0,0.0
2026-07-15T18:09:03.137469,Raspberry_Relieve10,,,,,,0.0,,,,,,,,,11262,1.01,0.0,0.0
2026-07-15T18:09:04.137596,Raspberry_Relieve10,,,,,,0.0,,,,,,,,,11263,1.04,0.0,0.0
2026-07-15T18:09:05.137738,Raspberry_Relieve10,,,,,,0.0,,,,,,,,,11264,0.95,0.0,0.0
2026-07-15T18:09:06.137877,Raspberry_Relieve10,,,,,,0.0,,,,,,,,,11265,1.05,0.0,0.0
2026-07-15T18:09:07.137996,Raspberry_Relieve10,,,,,,0.0,,,,,,,,,11266,0.94,0.0,0.0
2026-07-15T18:09:08.138108,Raspberry_Relieve10,,,,,,0.0,,,,,,,,,11267,1.05,0.0,0.0
2026-07-15T18:09:09.138240,Raspberry_Relieve10,,,,,,0.0,,,,,,,,,11268,1.02,0.0,0.0
2026-07-15T18:09:10.138384,Raspberry_Relieve10,,,,,,0.0,,,,,,,,,11269,0.98,0.0,0.0
2026-07-15T18:09:11.138465,Raspberry_Relieve10,,,,,,0.0,,,,,,,,,11270,0.98,0.0,0.0
2026-07-15T18:09:12.138615,Raspberry_Relieve10,,,,,,0.0,,,,,,,,,11271,1.02,0.0,0.0
2026-07-15T18:09:13.138747,Raspberry_Relieve10,,,,,,0.0,,,,,,,,,11272,1.02,0.0,0.0
2026-07-15T18:09:14.138920,Raspberry_Relieve10,,,,,,0.0,,,,,,,,,11273,1.02,0.0,0.0
2026-07-15T18:09:15.139063,Raspberry_Relieve10,,,,,,0.0,,,,,,,,,11274,0.93,0.0,0.0
2026-07-15T18:09:16.139195,Raspberry_Relieve10,,,,,,0.0,,,,,,,,,11275,1.06,0.0,0.0
2026-07-15T18:09:17.139325,Raspberry_Relieve10,,,,,,0.0,,,,,,,,,11276,0.98,0.0,0.0
2026-07-15T18:09:18.139449,Raspberry_Relieve10,,,,,,0.0,,,,,,,,,11277,0.99,0.0,0.0
2026-07-15T18:09:19.139577,Raspberry_Relieve10,,,,,,0.0,,,,,,,,,11278,0.96,0.0,0.0
2026-07-15T18:09:20.139723,Raspberry_Relieve10,,,,,,0.0,,,,,,,,,11279,1.04,0.0,0.0
2026-07-15T18:09:21.139852,Raspberry_Relieve10,,,,,,0.0,,,,,,,,,11280,0.94,0.0,0.0
2026-07-15T18:09:22.139986,Raspberry_Relieve10,,,,,,0.0,,,,,,,,,11281,1.09,0.0,0.0
2026-07-15T18:09:23.140091,Raspberry_Relieve10,,,,,,0.0,,,,,,,,,11282,0.94,0.0,0.0
2026-07-15T18:09:24.140217,Raspberry_Relieve10,,,,,,0.0,,,,,,,,,11283,1.01,0.0,0.0
2026-07-15T18:09:25.140347,Raspberry_Relieve10,,,,,,0.0,,,,,,,,,11284,1.02,0.0,0.0
2026-07-15T18:09:26.140491,Raspberry_Relieve10,,,,,,0.0,,,,,,,,,11285,0.96,0.0,0.0
2026-07-15T18:09:27.140612,Raspberry_Relieve10,,,,,,0.0,,,,,,,,,11286,1.03,0.0,0.0
2026-07-15T18:09:28.140735,Raspberry_Relieve10,,,,,,0.0,,,,,,,,,11287,1.02,0.0,0.0
2026-07-15T18:09:29.140859,Raspberry_Relieve10,,,,,,0.0,,,,,,,,,11288,1.07,0.0,0.0
2026-07-15T18:09:30.140994,Raspberry_Relieve10,,,,,,0.0,,,,,,,,,11289,0.95,0.0,0.0
2026-07-15T18:09:31.141137,Raspberry_Relieve10,,,,,,0.0,,,,,,,,,11290,1.02,0.0,0.0
2026-07-15T18:09:32.141258,Raspberry_Relieve10,,,,,,0.0,,,,,,,,,11291,0.96,0.0,0.0
2026-07-15T18:09:33.141403,Raspberry_Relieve10,,,,,,0.0,,,,,,,,,11292,0.99,0.0,0.0
2026-07-15T18:09:34.141516,Raspberry_Relieve10,,,,,,0.0,,,,,,,,,11293,0.97,0.0,0.0
2026-07-15T18:09:35.141653,Raspberry_Relieve10,,,,,,0.0,,,,,,,,,11294,1.0,0.0,0.0
2026-07-15T18:09:36.141784,Raspberry_Relieve10,,,,,,0.0,,,,,,,,,11295,1.0,0.0,0.0
2026-07-15T18:09:37.141921,Raspberry_Relieve10,,,,,,0.0,,,,,,,,,11296,1.01,0.0,0.0
2026-07-15T18:09:38.142052,Raspberry_Relieve10,,,,,,0.0,,,,,,,,,11297,1.02,0.0,0.0
2026-07-15T18:09:39.142190,Raspberry_Relieve10,,,,,,0.0,,,,,,,,,11298,1.03,0.0,0.0
2026-07-15T18:09:40.142325,Raspberry_Relieve10,,,,,,0.0,,,,,,,,,11299,0.96,0.0,0.0
2026-07-15T18:09:41.142448,Raspberry_Relieve10,,,,,,0.0,,,,,,,,,11300,1.02,0.0,0.0
2026-07-15T18:09:42.142571,Raspberry_Relieve10,,,,,,0.0,,,,,,,,,11301,1.05,0.0,0.0
2026-07-15T18:09:43.142692,Raspberry_Relieve10,,,,,,0.0,,,,,,,,,11302,0.97,0.0,0.0
2026-07-15T18:09:44.142815,Raspberry_Relieve10,,,,,,0.0,,,,,,,,,11303,0.97,0.0,0.0
2026-07-15T18:09:45.142939,Raspberry_Relieve10,,,,,,0.0,,,,,,,,,11304,1.0,0.0,0.0
2026-07-15T18:09:46.143065,Raspberry_Relieve10,,,,,,0.0,,,,,,,,,11305,1.0,0.0,0.0
2026-07-15T18:09:47.143197,Raspberry_Relieve10,,,,,,0.0,,,,,,,,,11306,0.97,0.0,0.0
2026-07-15T18:09:48.143317,Raspberry_Relieve10,,,,,,0.0,,,,,,,,,11307,1.05,0.0,0.0
2026-07-15T18:09:49.143449,Raspberry_Relieve10,,,,,,0.0,,,,,,,,,11308,1.01,0.0,0.0
2026-07-15T18:09:50.143583,Raspberry_Relieve10,,,,,,0.0,,,,,,,,,11309,0.97,0.0,0.0
2026-07-15T18:09:51.143722,Raspberry_Relieve10,,,,,,0.0,,,,,,,,,11310,1.01,0.0,0.0
2026-07-15T18:09:52.143861,Raspberry_Relieve10,,,,,,0.0,,,,,,,,,11311,1.01,0.0,0.0
2026-07-15T18:09:53.143984,Raspberry_Relieve10,,,,,,0.0,,,,,,,,,11312,0.95,0.0,0.0
2026-07-15T18:09:54.144117,Raspberry_Relieve10,,,,,,0.0,,,,,,,,,11313,1.02,0.0,0.0
2026-07-15T18:09:55.144258,Raspberry_Relieve10,,,,,,0.0,,,,,,,,,11314,1.0,0.0,0.0
2026-07-15T18:09:56.144389,Raspberry_Relieve10,,,,,,0.0,,,,,,,,,11315,1.05,0.0,0.0
2026-07-15T18:09:57.144525,Raspberry_Relieve10,,,,,,0.0,,,,,,,,,11316,1.01,0.0,0.0
2026-07-15T18:09:58.144656,Raspberry_Relieve10,,,,,,0.0,,,,,,,,,11317,1.04,0.0,0.0
2026-07-15T18:09:59.144780,Raspberry_Relieve10,,,,,,0.0,,,,,,,,,11318,1.02,0.0,0.0
2026-07-15T18:11:52.169609,Raspberry_Relieve10,,,,,,0.0,,,,,,,,,11431,113.26,0.0,0.0
2026-07-15T18:11:53.169726,Raspberry_Relieve10,,,,,,0.0,,,,,,,,,11432,0.72,0.0,0.0
2026-07-15T18:11:54.169865,Raspberry_Relieve10,,,,,,0.0,,,,,,,,,11433,0.94,0.0,0.0
2026-07-15T18:11:55.169968,Raspberry_Relieve10,,,,,,0.0,,,,,,,,,11434,1.06,0.0,0.0
2026-07-15T18:11:56.170088,Raspberry_Relieve10,,,,,,0.0,,,,,,,,,11435,1.02,0.0,0.0
2026-07-15T18:11:57.170190,Raspberry_Relieve10,,,,,,0.0,,,,,,,,,11436,0.97,0.0,0.0
2026-07-15T18:11:58.170296,Raspberry_Relieve10,,,,,,0.0,,,,,,,,,11437,0.98,0.0,0.0
2026-07-15T18:11:59.170434,Raspberry_Relieve10,,,,,,0.0,,,,,,,,,11438,1.01,0.0,0.0
2026-07-15T18:12:00.170526,Raspberry_Relieve10,,,,,,0.0,,,,,,,,,11439,0.96,0.0,0.0
2026-07-15T18:12:01.170655,Raspberry_Relieve10,,,,,,0.0,,,,,,,,,11440,1.11,0.0,0.0
2026-07-15T18:12:02.170787,Raspberry_Relieve10,,,,,,0.0,,,,,,,,,11441,0.98,0.0,0.0
2026-07-15T18:12:40.714183,Raspberry_Relieve10,,,,,,0.0,,,,,,,,,11491,49.81,0.0,0.0
2026-07-15T18:12:41.714296,Raspberry_Relieve10,,,,,,0.0,,,,,,,,,11492,0.86,0.0,0.0
2026-07-15T18:12:42.714434,Raspberry_Relieve10,,,,,,0.0,,,,,,,,,11493,1.02,0.0,0.0
2026-07-15T18:12:43.714520,Raspberry_Relieve10,,,,,,0.0,,,,,,,,,11494,1.02,0.0,0.0
2026-07-15T18:12:44.714702,Raspberry_Relieve10,,,,,,0.0,,,,,,,,,11495,0.91,0.0,0.0
2026-07-15T18:12:45.714848,Raspberry_Relieve10,,,,,,0.0,,,,,,,,,11496,1.01,0.0,0.0
2026-07-15T18:12:46.714989,Raspberry_Relieve10,,,,,,0.0,,,,,,,,,11497,0.99,0.0,0.0
2026-07-15T18:12:47.715109,Raspberry_Relieve10,,,,,,0.0,,,,,,,,,11498,1.02,0.0,0.0
2026-07-15T18:12:48.715216,Raspberry_Relieve10,,,,,,0.0,,,,,,,,,11499,0.97,0.0,0.0
2026-07-15T18:12:49.715327,Raspberry_Relieve10,,,,,,0.0,,,,,,,,,11500,1.02,0.0,0.0
2026-07-15T18:13:11.897334,Raspberry_Relieve10,,,,,,0.0,,,,,,,,,11511,10.94,0.0,0.0
2026-07-15T18:13:12.897426,Raspberry_Relieve10,,,,,,0.0,,,,,,,,,11512,1.01,0.0,0.0
2026-07-15T18:13:13.897516,Raspberry_Relieve10,,,,,,0.0,,,,,,,,,11513,0.99,0.0,0.0
2026-07-15T18:13:14.897602,Raspberry_Relieve10,,,,,,0.0,,,,,,,,,11514,1.03,0.0,0.0
2026-07-15T18:13:15.897688,Raspberry_Relieve10,,,,,,0.0,,,,,,,,,11515,1.02,0.0,0.0
2026-07-15T18:13:16.897770,Raspberry_Relieve10,,,,,,0.0,,,,,,,,,11516,0.98,0.0,0.0
2026-07-15T18:13:17.897856,Raspberry_Relieve10,,,,,,0.0,,,,,,,,,11517,0.96,0.0,0.0
2026-07-15T18:13:18.897954,Raspberry_Relieve10,,,,,,0.0,,,,,,,,,11518,1.05,0.0,0.0
2026-07-15T18:13:19.898081,Raspberry_Relieve10,,,,,,0.0,,,,,,,,,11519,0.98,0.0,0.0
2026-07-15T18:13:20.898187,Raspberry_Relieve10,,,,,,0.0,,,,,,,,,11520,1.03,0.0,0.0
2026-07-15T18:13:21.898298,Raspberry_Relieve10,,,,,,0.0,,,,,,,,,11521,1.22,0.0,0.0
2026-07-15T18:13:22.898399,Raspberry_Relieve10,,,,,,0.0,,,,,,,,,11522,0.8,0.0,0.0
2026-07-15T18:13:23.898512,Raspberry_Relieve10,,,,,,0.0,,,,,,,,,11523,1.02,0.0,0.0
2026-07-15T18:13:24.898602,Raspberry_Relieve10,,,,,,0.0,,,,,,,,,11524,1.03,0.0,0.0
2026-07-15T18:13:25.898710,Raspberry_Relieve10,,,,,,0.0,,,,,,,,,11525,0.94,0.0,0.0
2026-07-15T18:13:26.898827,Raspberry_Relieve10,,,,,,0.0,,,,,,,,,11526,1.03,0.0,0.0
2026-07-15T18:13:27.898916,Raspberry_Relieve10,,,,,,0.0,,,,,,,,,11527,0.96,0.0,0.0
2026-07-15T18:13:28.899027,Raspberry_Relieve10,,,,,,0.0,,,,,,,,,11528,1.09,0.0,0.0
2026-07-15T18:13:29.899122,Raspberry_Relieve10,,,,,,0.0,,,,,,,,,11529,1.05,0.0,0.0
2026-07-15T18:13:30.899218,Raspberry_Relieve10,,,,,,0.0,,,,,,,,,11530,0.87,0.0,0.0
2026-07-15T18:13:31.899325,Raspberry_Relieve10,,,,,,0.0,,,,,,,,,11531,0.99,0.0,0.0
2026-07-15T18:13:32.899438,Raspberry_Relieve10,,,,,,0.0,,,,,,,,,11532,1.01,0.0,0.0
2026-07-15T18:13:33.899549,Raspberry_Relieve10,,,,,,0.0,,,,,,,,,11533,1.05,0.0,0.0
2026-07-15T18:13:34.899640,Raspberry_Relieve10,,,,,,0.0,,,,,,,,,11534,1.02,0.0,0.0
2026-07-15T18:13:35.899726,Raspberry_Relieve10,,,,,,0.0,,,,,,,,,11535,0.92,0.0,0.0
2026-07-15T18:13:36.899853,Raspberry_Relieve10,,,,,,0.0,,,,,,,,,11536,0.98,0.0,0.0
2026-07-15T18:13:37.899945,Raspberry_Relieve10,,,,,,0.0,,,,,,,,,11537,1.01,0.0,0.0
2026-07-15T18:13:38.900046,Raspberry_Relieve10,,,,,,0.0,,,,,,,,,11538,0.97,0.0,0.0
2026-07-15T18:13:39.900153,Raspberry_Relieve10,,,,,,0.0,,,,,,,,,11539,1.07,0.0,0.0
2026-07-15T18:13:40.900241,Raspberry_Relieve10,,,,,,0.0,,,,,,,,,11540,1.06,0.0,0.0
2026-07-15T18:13:41.900359,Raspberry_Relieve10,,,,,,0.0,,,,,,,,,11541,0.9,0.0,0.0
2026-07-15T18:13:42.900591,Raspberry_Relieve10,,,,,,0.0,,,,,,,,,11542,1.1,0.0,0.0
2026-07-15T18:13:43.900661,Raspberry_Relieve10,,,,,,0.0,,,,,,,,,11543,1.05,0.0,0.0
2026-07-15T18:13:44.900764,Raspberry_Relieve10,,,,,,0.0,,,,,,,,,11544,0.94,0.0,0.0
2026-07-15T18:13:45.903131,Raspberry_Relieve10,,,,,,0.0,,,,,,,,,11545,0.95,0.0,0.0
2026-07-15T18:13:46.903224,Raspberry_Relieve10,,,,,,0.0,,,,,,,,,11546,1.04,0.0,0.0
2026-07-15T13:12:09.664978,Raspberry_Relieve11,,,,,,0.0,,,,,,,,,18278,18270.11,0.0,0.0
2026-07-15T13:12:10.665124,Raspberry_Relieve11,,,,,,0.0,,,,,,,,,18279,0.4,0.0,0.0
2026-07-15T13:12:11.665264,Raspberry_Relieve11,,,,,,0.0,,,,,,,,,18280,0.99,0.0,0.0
2026-07-15T13:12:12.665344,Raspberry_Relieve11,,,,,,0.0,,,,,,,,,18281,1.06,0.0,0.0
2026-07-15T18:15:37.375761,Raspberry_Relieve11,,,,,,0.0,,,,,,,,,18282,1.04,0.0,0.0
2026-07-15T18:15:38.375856,Raspberry_Relieve11,,,,,,0.0,,,,,,,,,18283,0.9,0.0,0.0
2026-07-15T18:15:39.375944,Raspberry_Relieve11,,,,,,0.0,,,,,,,,,18284,1.0,0.0,0.0
2026-07-15T18:15:40.376038,Raspberry_Relieve11,,,,,,0.0,,,,,,,,,18285,1.02,0.0,0.0
2026-07-15T18:15:50.378083,Raspberry_Relieve11,,,,,,0.0,,,,,,,,,18295,10.0,0.0,0.0
2026-07-15T18:15:51.378167,Raspberry_Relieve11,,,,,,0.0,,,,,,,,,18296,1.05,0.0,0.0
2026-07-15T18:15:52.378270,Raspberry_Relieve11,,,,,,0.0,,,,,,,,,18297,1.05,0.0,0.0
2026-07-15T18:15:53.378457,Raspberry_Relieve11,,,,,,0.0,,,,,,,,,18298,0.94,0.0,0.0
2026-07-15T18:15:54.378592,Raspberry_Relieve11,,,,,,0.0,,,,,,,,,18299,1.03,0.0,0.0
2026-07-15T18:15:55.378734,Raspberry_Relieve11,,,,,,0.0,,,,,,,,,18300,1.02,0.0,0.0
2026-07-15T18:15:56.378874,Raspberry_Relieve11,,,,,,0.0,,,,,,,,,18301,0.92,0.0,0.0
2026-07-15T18:15:57.378996,Raspberry_Relieve11,,,,,,0.0,,,,,,,,,18302,1.02,0.0,0.0
2026-07-15T18:15:58.379088,Raspberry_Relieve11,,,,,,0.0,,,,,,,,,18303,1.02,0.0,0.0
2026-07-15T18:15:59.379238,Raspberry_Relieve11,,,,,,0.0,,,,,,,,,18304,1.02,0.0,0.0
2026-07-15T18:16:00.379369,Raspberry_Relieve11,,,,,,0.0,,,,,,,,,18305,0.95,0.0,0.0
2026-07-15T18:16:01.379495,Raspberry_Relieve11,,,,,,0.0,,,,,,,,,18306,1.06,0.0,0.0
2026-07-15T18:16:02.379623,Raspberry_Relieve11,,,,,,0.0,,,,,,,,,18307,0.88,0.0,0.0
2026-07-15T18:16:03.379750,Raspberry_Relieve11,,,,,,0.0,,,,,,,,,18308,1.03,0.0,0.0
2026-07-15T18:16:04.379873,Raspberry_Relieve11,,,,,,0.0,,,,,,,,,18309,1.0,0.0,0.0
2026-07-15T18:16:05.380017,Raspberry_Relieve11,,,,,,0.0,,,,,,,,,18310,1.03,0.0,0.0
2026-07-15T18:16:06.380160,Raspberry_Relieve11,,,,,,0.0,,,,,,,,,18311,0.96,0.0,0.0
2026-07-15T18:16:07.380242,Raspberry_Relieve11,,,,,,0.0,,,,,,,,,18312,0.99,0.0,0.0
2026-07-15T18:16:08.380390,Raspberry_Relieve11,,,,,,0.0,,,,,,,,,18313,1.08,0.0,0.0
2026-07-15T18:16:09.380546,Raspberry_Relieve11,,,,,,0.0,,,,,,,,,18314,1.02,0.0,0.0
2026-07-15T18:16:10.380814,Raspberry_Relieve11,,,,,,0.0,,,,,,,,,18315,0.96,0.0,0.0
2026-07-15T18:16:11.380889,Raspberry_Relieve11,,,,,,0.0,,,,,,,,,18316,1.0,0.0,0.0
2026-07-15T18:16:12.381242,Raspberry_Relieve11,,,,,,0.0,,,,,,,,,18317,1.02,0.0,0.0
2026-07-15T18:16:13.381447,Raspberry_Relieve11,,,,,,0.0,,,,,,,,,18318,0.94,0.0,0.0
2026-07-15T12:59:42.045323,Raspberry_Relieve2,,,,,,0.0,,,,,,,,,19514,19501.17,0.0,0.0
2026-07-15T18:18:59.835811,Raspberry_Relieve2,,,,,,0.0,,,,,,,,,19554,40.43,0.0,0.0
2026-07-15T18:19:00.835931,Raspberry_Relieve2,,,,,,0.0,,,,,,,,,19555,0.94,0.0,0.0
2026-07-15T18:19:01.836045,Raspberry_Relieve2,,,,,,0.0,,,,,,,,,19556,0.99,0.0,0.0
2026-07-15T18:19:02.836161,Raspberry_Relieve2,,,,,,0.0,,,,,,,,,19557,1.02,0.0,0.0
2026-07-15T18:19:03.836276,Raspberry_Relieve2,,,,,,0.0,,,,,,,,,19558,0.96,0.0,0.0
2026-07-15T18:19:04.836391,Raspberry_Relieve2,,,,,,0.0,,,,,,,,,19559,1.02,0.0,0.0
2026-07-15T18:19:05.836512,Raspberry_Relieve2,,,,,,0.0,,,,,,,,,19560,0.99,0.0,0.0
2026-07-15T18:19:06.836664,Raspberry_Relieve2,,,,,,0.0,,,,,,,,,19561,0.98,0.0,0.0
2026-07-15T18:19:07.836852,Raspberry_Relieve2,,,,,,0.0,,,,,,,,,19562,1.08,0.0,0.0
2026-07-15T18:19:08.836982,Raspberry_Relieve2,,,,,,0.0,,,,,,,,,19563,0.94,0.0,0.0
2026-07-15T18:19:09.837131,Raspberry_Relieve2,,,,,,0.0,,,,,,,,,19564,1.05,0.0,0.0
2026-07-15T18:19:10.837317,Raspberry_Relieve2,,,,,,0.0,,,,,,,,,19565,0.98,0.0,0.0
2026-07-15T18:19:11.837439,Raspberry_Relieve2,,,,,,0.0,,,,,,,,,19566,1.0,0.0,0.0
2026-07-15T18:19:12.837533,Raspberry_Relieve2,,,,,,0.0,,,,,,,,,19567,1.0,0.0,0.0
2026-07-15T18:19:13.837627,Raspberry_Relieve2,,,,,,0.0,,,,,,,,,19568,1.27,0.0,0.0
2026-07-15T18:19:50.969565,Raspberry_Relieve2,,,,,,0.0,,,,,,,,,19617,48.69,0.0,0.0
2026-07-15T18:19:51.969681,Raspberry_Relieve2,,,,,,0.0,,,,,,,,,19618,0.8,0.0,0.0
2026-07-15T18:19:52.969827,Raspberry_Relieve2,,,,,,0.0,,,,,,,,,19619,0.99,0.0,0.0
2026-07-15T18:19:53.969895,Raspberry_Relieve2,,,,,,0.0,,,,,,,,,19620,1.02,0.0,0.0
2026-07-15T18:19:54.969988,Raspberry_Relieve2,,,,,,0.0,,,,,,,,,19621,1.02,0.0,0.0
2026-07-15T18:19:55.970111,Raspberry_Relieve2,,,,,,0.0,,,,,,,,,19622,1.03,0.0,0.0
2026-07-15T18:19:56.970218,Raspberry_Relieve2,,,,,,0.0,,,,,,,,,19623,1.02,0.0,0.0
2026-07-15T18:19:57.970379,Raspberry_Relieve2,,,,,,0.0,,,,,,,,,19624,0.92,0.0,0.0
2026-07-15T18:19:58.970479,Raspberry_Relieve2,,,,,,0.0,,,,,,,,,19625,0.96,0.0,0.0
2026-07-15T18:20:40.992488,Raspberry_Relieve2,,,,,,0.0,,,,,,,,,19667,42.15,0.0,0.0
2026-07-15T18:20:41.992586,Raspberry_Relieve2,,,,,,0.0,,,,,,,,,19668,0.92,0.0,0.0
2026-07-15T18:20:42.992741,Raspberry_Relieve2,,,,,,0.0,,,,,,,,,19669,1.02,0.0,0.0
2026-07-15T18:20:43.992854,Raspberry_Relieve2,,,,,,0.0,,,,,,,,,19670,0.92,0.0,0.0
2026-07-15T18:20:44.992973,Raspberry_Relieve2,,,,,,0.0,,,,,,,,,19671,1.02,0.0,0.0
2026-07-15T18:20:45.993074,Raspberry_Relieve2,,,,,,0.0,,,,,,,,,19672,0.98,0.0,0.0
2026-07-15T18:20:46.993191,Raspberry_Relieve2,,,,,,0.0,,,,,,,,,19673,1.0,0.0,0.0
2026-07-15T18:21:24.001112,Raspberry_Relieve2,,,,,,0.0,,,,,,,,,19710,37.13,0.0,0.0
2026-07-15T18:21:25.001224,Raspberry_Relieve2,,,,,,0.0,,,,,,,,,19711,0.92,0.0,0.0
2026-07-15T18:21:26.001340,Raspberry_Relieve2,,,,,,0.0,,,,,,,,,19712,0.96,0.0,0.0
2026-07-15T18:21:27.001461,Raspberry_Relieve2,,,,,,0.0,,,,,,,,,19713,1.06,0.0,0.0
2026-07-15T18:21:28.001552,Raspberry_Relieve2,,,,,,0.0,,,,,,,,,19714,1.01,0.0,0.0
2026-07-15T18:21:29.001679,Raspberry_Relieve2,,,,,,0.0,,,,,,,,,19715,0.94,0.0,0.0
2026-07-15T18:21:30.001781,Raspberry_Relieve2,,,,,,0.0,,,,,,,,,19716,1.08,0.0,0.0
2026-07-15T18:21:42.666780,Raspberry_Relieve2,,,,,,0.0,,,,,,,,,19717,0.93,0.0,0.0
2026-07-15T18:21:43.666902,Raspberry_Relieve2,,,,,,0.0,,,,,,,,,19718,1.08,0.0,0.0
2026-07-15T18:21:44.667021,Raspberry_Relieve2,,,,,,0.0,,,,,,,,,19719,0.94,0.0,0.0
2026-07-15T18:21:45.667121,Raspberry_Relieve2,,,,,,0.0,,,,,,,,,19720,1.06,0.0,0.0
2026-07-15T18:21:46.667239,Raspberry_Relieve2,,,,,,0.0,,,,,,,,,19721,0.93,0.0,0.0
2026-07-15T18:21:47.667348,Raspberry_Relieve2,,,,,,0.0,,,,,,,,,19722,1.04,0.0,0.0
2026-07-15T18:21:48.667469,Raspberry_Relieve2,,,,,,0.0,,,,,,,,,19723,1.05,0.0,0.0
2026-07-15T18:21:49.667544,Raspberry_Relieve2,,,,,,0.0,,,,,,,,,19724,0.92,0.0,0.0
2026-07-15T18:21:50.667664,Raspberry_Relieve2,,,,,,0.0,,,,,,,,,19725,0.98,0.0,0.0
2026-07-15T18:21:51.667771,Raspberry_Relieve2,,,,,,0.0,,,,,,,,,19726,1.0,0.0,0.0
2026-07-15T18:21:52.667870,Raspberry_Relieve2,,,,,,0.0,,,,,,,,,19727,1.01,0.0,0.0
2026-07-15T18:22:30.672557,Raspberry_Relieve2,,,,,,0.0,,,,,,,,,19765,38.28,0.0,0.0
2026-07-15T18:22:31.672596,Raspberry_Relieve2,,,,,,0.0,,,,,,,,,19766,0.72,0.0,0.0
2026-07-15T18:22:32.672724,Raspberry_Relieve2,,,,,,0.0,,,,,,,,,19767,0.96,0.0,0.0
2026-07-15T18:22:33.672862,Raspberry_Relieve2,,,,,,0.0,,,,,,,,,19768,1.09,0.0,0.0
2026-07-15T18:22:34.672978,Raspberry_Relieve2,,,,,,0.0,,,,,,,,,19769,0.94,0.0,0.0
2026-07-15T18:22:35.673079,Raspberry_Relieve2,,,,,,0.0,,,,,,,,,19770,0.99,0.0,0.0
2026-07-15T18:22:36.673189,Raspberry_Relieve2,,,,,,0.0,,,,,,,,,19771,1.05,0.0,0.0
2026-07-15T18:22:37.673318,Raspberry_Relieve2,,,,,,0.0,,,,,,,,,19772,0.99,0.0,0.0
2026-07-15T18:22:38.673420,Raspberry_Relieve2,,,,,,0.0,,,,,,,,,19773,1.04,0.0,0.0
2026-07-15T18:22:39.673536,Raspberry_Relieve2,,,,,,0.0,,,,,,,,,19774,1.03,0.0,0.0
2026-07-15T18:22:40.673651,Raspberry_Relieve2,,,,,,0.0,,,,,,,,,19775,1.02,0.0,0.0
2026-07-15T18:22:41.673757,Raspberry_Relieve2,,,,,,0.0,,,,,,,,,19776,1.43,0.0,0.0
2026-07-15T18:22:42.745401,Raspberry_Relieve2,,,,,,0.0,,,,,,,,,19777,0.51,0.0,0.0
2026-07-15T18:23:56.754563,Raspberry_Relieve2,,,,,,0.0,,,,,,,,,19851,74.11,0.0,0.0
2026-07-15T18:23:57.754753,Raspberry_Relieve2,,,,,,0.0,,,,,,,,,19852,0.9,0.0,0.0
2026-07-15T18:16:49.675534,Raspberry_Relieve11,,,,,,0.0,,,,,,,,,18923,605.6,0.0,0.0
2026-07-15T18:16:50.675649,Raspberry_Relieve11,,,,,,0.0,,,,,,,,,18924,0.72,0.0,0.0
2026-07-15T18:16:51.675731,Raspberry_Relieve11,,,,,,0.0,,,,,,,,,18925,1.07,0.0,0.0
2026-07-15T18:16:52.675855,Raspberry_Relieve11,,,,,,0.0,,,,,,,,,18926,0.89,0.0,0.0
2026-07-15T18:16:53.675984,Raspberry_Relieve11,,,,,,0.0,,,,,,,,,18927,1.02,0.0,0.0
2026-07-15T18:16:54.676063,Raspberry_Relieve11,,,,,,0.0,,,,,,,,,18928,0.96,0.0,0.0
2026-07-15T18:16:55.676166,Raspberry_Relieve11,,,,,,0.0,,,,,,,,,18929,0.99,0.0,0.0
2026-07-15T18:26:25.679256,Raspberry_Relieve11,,,,,,0.0,,,,,,,,,18930,0.98,0.0,0.0
2026-07-15T18:26:26.679370,Raspberry_Relieve11,,,,,,0.0,,,,,,,,,18931,1.05,0.0,0.0
2026-07-15T18:26:27.679472,Raspberry_Relieve11,,,,,,0.0,,,,,,,,,18932,1.02,0.0,0.0
2026-07-15T18:26:38.680704,Raspberry_Relieve11,,,,,,0.0,,,,,,,,,18943,10.95,0.0,0.0
2026-07-15T18:26:39.680817,Raspberry_Relieve11,,,,,,0.0,,,,,,,,,18944,0.95,0.0,0.0
2026-07-15T18:26:40.680967,Raspberry_Relieve11,,,,,,0.0,,,,,,,,,18945,1.04,0.0,0.0
2026-07-15T18:26:41.681066,Raspberry_Relieve11,,,,,,0.0,,,,,,,,,18946,1.02,0.0,0.0
2026-07-15T18:26:42.681190,Raspberry_Relieve11,,,,,,0.0,,,,,,,,,18947,0.98,0.0,0.0
2026-07-15T18:26:43.681360,Raspberry_Relieve11,,,,,,0.0,,,,,,,,,18948,1.03,0.0,0.0
2026-07-15T18:26:44.681533,Raspberry_Relieve11,,,,,,0.0,,,,,,,,,18949,0.96,0.0,0.0
2026-07-15T18:26:45.681592,Raspberry_Relieve11,,,,,,0.0,,,,,,,,,18950,1.07,0.0,0.0
2026-07-15T18:26:46.681691,Raspberry_Relieve11,,,,,,0.0,,,,,,,,,18951,0.95,0.0,0.0
2026-07-15T18:26:47.681877,Raspberry_Relieve11,,,,,,0.0,,,,,,,,,18952,0.97,0.0,0.0
2026-07-15T18:26:48.681964,Raspberry_Relieve11,,,,,,0.0,,,,,,,,,18953,1.03,0.0,0.0
2026-07-15T18:26:49.682106,Raspberry_Relieve11,,,,,,0.0,,,,,,,,,18954,0.99,0.0,0.0
2026-07-15T18:26:50.682307,Raspberry_Relieve11,,,,,,0.0,,,,,,,,,18955,1.01,0.0,0.0
2026-07-15T18:26:51.682386,Raspberry_Relieve11,,,,,,0.0,,,,,,,,,18956,0.99,0.0,0.0
2026-07-15T18:26:52.682473,Raspberry_Relieve11,,,,,,0.0,,,,,,,,,18957,0.99,0.0,0.0
2026-07-15T18:26:53.682596,Raspberry_Relieve11,,,,,,0.0,,,,,,,,,18958,1.04,0.0,0.0
2026-07-15T18:26:54.682682,Raspberry_Relieve11,,,,,,0.0,,,,,,,,,18959,0.98,0.0,0.0
2026-07-15T18:26:55.682798,Raspberry_Relieve11,,,,,,0.0,,,,,,,,,18960,1.34,0.0,0.0
2026-07-15T18:26:56.682900,Raspberry_Relieve11,,,,,,0.0,,,,,,,,,18961,0.65,0.0,0.0
2026-07-15T18:26:57.683023,Raspberry_Relieve11,,,,,,0.0,,,,,,,,,18962,1.02,0.0,0.0
2026-07-15T18:26:58.683127,Raspberry_Relieve11,,,,,,0.0,,,,,,,,,18963,1.05,0.0,0.0
2026-07-15T18:25:28.143034,Raspberry_Relieve2,,,,,,0.0,,,,,,,,,20126,273.66,0.0,0.0
2026-07-15T18:25:29.143166,Raspberry_Relieve2,,,,,,0.0,,,,,,,,,20126,0.83,0.0,0.0
2026-07-15T18:25:30.143258,Raspberry_Relieve2,,,,,,0.0,,,,,,,,,20127,1.02,0.0,0.0
2026-07-15T18:25:31.143348,Raspberry_Relieve2,,,,,,0.0,,,,,,,,,20129,1.05,0.0,0.0
2026-07-15T18:25:32.143468,Raspberry_Relieve2,,,,,,0.0,,,,,,,,,20129,0.93,0.0,0.0
2026-07-15T18:25:33.143575,Raspberry_Relieve2,,,,,,0.0,,,,,,,,,20130,1.05,0.0,0.0
2026-07-15T18:25:34.143711,Raspberry_Relieve2,,,,,,0.0,,,,,,,,,20132,1.02,0.0,0.0
2026-07-15T18:25:35.143858,Raspberry_Relieve2,,,,,,0.0,,,,,,,,,20132,0.88,0.0,0.0
2026-07-15T18:25:36.143955,Raspberry_Relieve2,,,,,,0.0,,,,,,,,,20133,1.04,0.0,0.0
2026-07-15T18:25:37.144034,Raspberry_Relieve2,,,,,,0.0,,,,,,,,,20134,1.06,0.0,0.0
2026-07-15T18:28:51.276738,Raspberry_Relieve2,,,,,,0.0,,,,,,,,,20145,10.9,0.0,0.0
2026-07-15T18:28:52.276824,Raspberry_Relieve2,,,,,,0.0,,,,,,,,,20146,1.0,0.0,0.0
2026-07-15T18:28:53.276912,Raspberry_Relieve2,,,,,,0.0,,,,,,,,,20147,1.0,0.0,0.0
2026-07-15T18:28:54.277002,Raspberry_Relieve2,,,,,,0.0,,,,,,,,,20148,1.02,0.0,0.0
2026-07-15T18:28:55.277094,Raspberry_Relieve2,,,,,,0.0,,,,,,,,,20149,1.08,0.0,0.0
2026-07-15T18:28:56.277177,Raspberry_Relieve2,,,,,,0.0,,,,,,,,,20151,1.61,0.0,0.0
2026-07-15T18:28:57.277264,Raspberry_Relieve2,,,,,,0.0,,,,,,,,,20151,0.36,0.0,0.0
2026-07-15T18:28:58.277348,Raspberry_Relieve2,,,,,,0.0,,,,,,,,,20153,1.09,0.0,0.0
2026-07-15T18:28:59.277473,Raspberry_Relieve2,,,,,,0.0,,,,,,,,,20154,0.97,0.0,0.0
2026-07-15T18:29:00.277589,Raspberry_Relieve2,,,,,,0.0,,,,,,,,,20155,1.34,0.0,0.0
2026-07-15T18:29:01.277693,Raspberry_Relieve2,,,,,,0.0,,,,,,,,,20156,0.74,0.0,0.0
2026-07-15T18:29:02.277804,Raspberry_Relieve2,,,,,,0.0,,,,,,,,,20157,0.99,0.0,0.0
2026-07-15T18:29:03.277927,Raspberry_Relieve2,,,,,,0.0,,,,,,,,,20157,0.85,0.0,0.0
2026-07-15T18:29:04.278039,Raspberry_Relieve2,,,,,,0.0,,,,,,,,,20159,1.41,0.0,0.0
2026-07-15T18:29:05.278156,Raspberry_Relieve2,,,,,,0.0,,,,,,,,,20160,0.65,0.0,0.0
2026-07-15T18:29:06.278276,Raspberry_Relieve2,,,,,,0.0,,,,,,,,,20161,1.02,0.0,0.0
2026-07-15T18:29:07.278392,Raspberry_Relieve2,,,,,,0.0,,,,,,,,,20162,1.06,0.0,0.0
2026-07-15T18:29:08.278511,Raspberry_Relieve2,,,,,,0.0,,,,,,,,,20163,1.45,0.0,0.0
2026-07-15T18:29:09.499675,Raspberry_Relieve2,,,,,,0.0,,,,,,,,,20164,1.19,0.0,0.0
2026-07-15T18:29:10.499835,Raspberry_Relieve2,,,,,,0.0,,,,,,,,,20165,0.59,0.0,0.0
2026-07-15T18:29:11.499971,Raspberry_Relieve2,,,,,,0.0,,,,,,,,,20166,0.92,0.0,0.0
2026-07-15T18:29:12.500102,Raspberry_Relieve2,,,,,,0.0,,,,,,,,,20167,1.03,0.0,0.0
2026-07-15T18:29:13.500237,Raspberry_Relieve2,,,,,,0.0,,,,,,,,,20168,1.11,0.0,0.0
2026-07-15T18:29:14.500371,Raspberry_Relieve2,,,,,,0.0,,,,,,,,,20169,0.81,0.0,0.0
2026-07-15T18:29:15.500501,Raspberry_Relieve2,,,,,,0.0,,,,,,,,,20170,1.32,0.0,0.0
2026-07-15T18:29:16.500630,Raspberry_Relieve2,,,,,,0.0,,,,,,,,,20171,0.73,0.0,0.0
2026-07-15T18:29:17.500776,Raspberry_Relieve2,,,,,,0.0,,,,,,,,,20172,1.01,0.0,0.0
2026-07-15T18:29:18.500935,Raspberry_Relieve2,,,,,,0.0,,,,,,,,,20173,1.04,0.0,0.0
2026-07-15T18:29:19.501076,Raspberry_Relieve2,,,,,,0.0,,,,,,,,,20174,0.96,0.0,0.0
2026-07-15T18:29:20.501208,Raspberry_Relieve2,,,,,,0.0,,,,,,,,,20175,1.07,0.0,0.0
2026-07-15T18:29:21.501364,Raspberry_Relieve2,,,,,,0.0,,,,,,,,,20176,0.93,0.0,0.0
2026-07-15T18:29:22.501470,Raspberry_Relieve2,,,,,,0.0,,,,,,,,,20177,1.03,0.0,0.0
2026-07-15T18:29:23.501598,Raspberry_Relieve2,,,,,,0.0,,,,,,,,,20178,0.9,0.0,0.0
2026-07-15T18:29:24.501810,Raspberry_Relieve2,,,,,,0.0,,,,,,,,,20179,1.0,0.0,0.0
2026-07-15T18:29:25.501884,Raspberry_Relieve2,,,,,,0.0,,,,,,,,,20180,1.03,0.0,0.0
2026-07-15T18:29:26.502026,Raspberry_Relieve2,,,,,,0.0,,,,,,,,,20181,0.97,0.0,0.0
2026-07-15T18:29:27.502130,Raspberry_Relieve2,,,,,,0.0,,,,,,,,,20182,1.06,0.0,0.0
2026-07-15T18:29:28.502311,Raspberry_Relieve2,,,,,,0.0,,,,,,,,,20183,1.01,0.0,0.0
2026-07-15T18:29:29.502443,Raspberry_Relieve2,,,,,,0.0,,,,,,,,,20184,1.03,0.0,0.0
2026-07-15T18:29:30.502575,Raspberry_Relieve2,,,,,,0.0,,,,,,,,,20185,1.03,0.0,0.0
2026-07-15T18:29:31.502701,Raspberry_Relieve2,,,,,,0.0,,,,,,,,,20186,0.92,0.0,0.0
2026-07-15T18:29:32.502833,Raspberry_Relieve2,,,,,,0.0,,,,,,,,,20187,0.97,0.0,0.0
2026-07-15T18:29:33.502971,Raspberry_Relieve2,,,,,,0.0,,,,,,,,,20188,1.01,0.0,0.0
2026-07-15T17:45:19.172453,Raspberry_Relieve6,,,,,,0.0,,,,,,,,,11088,2708.4,0.0,0.0
2026-07-15T17:45:20.172569,Raspberry_Relieve6,,,,,,0.0,,,,,,,,,11089,0.97,0.0,0.0
2026-07-15T17:45:21.172665,Raspberry_Relieve6,,,,,,0.0,,,,,,,,,11090,0.86,0.0,0.0
2026-07-15T17:45:22.172782,Raspberry_Relieve6,,,,,,0.0,,,,,,,,,11091,1.17,0.0,0.0
2026-07-15T17:45:23.172896,Raspberry_Relieve6,,,,,,0.0,,,,,,,,,11092,0.79,0.0,0.0
2026-07-15T17:45:24.173282,Raspberry_Relieve6,,,,,,0.0,,,,,,,,,11093,1.08,0.0,0.0
2026-07-15T17:45:25.173143,Raspberry_Relieve6,,,,,,0.0,,,,,,,,,11094,0.96,0.0,0.0
2026-07-15T17:45:26.173244,Raspberry_Relieve6,,,,,,0.0,,,,,,,,,11095,1.05,0.0,0.0
2026-07-15T17:45:27.173347,Raspberry_Relieve6,,,,,,0.0,,,,,,,,,11096,1.0,0.0,0.0
2026-07-15T17:45:39.174620,Raspberry_Relieve6,,,,,,0.0,,,,,,,,,11108,11.88,0.0,0.0
2026-07-15T17:45:40.174707,Raspberry_Relieve6,,,,,,0.0,,,,,,,,,11109,1.02,0.0,0.0
2026-07-15T17:45:41.174781,Raspberry_Relieve6,,,,,,0.0,,,,,,,,,11110,1.03,0.0,0.0
2026-07-15T17:45:42.174880,Raspberry_Relieve6,,,,,,0.0,,,,,,,,,11111,1.01,0.0,0.0
2026-07-15T17:45:43.174963,Raspberry_Relieve6,,,,,,0.0,,,,,,,,,11112,0.93,0.0,0.0
2026-07-15T17:45:44.175028,Raspberry_Relieve6,,,,,,0.0,,,,,,,,,11113,1.01,0.0,0.0
2026-07-15T17:45:45.175187,Raspberry_Relieve6,,,,,,0.0,,,,,,,,,11114,1.0,0.0,0.0
2026-07-15T17:45:46.175265,Raspberry_Relieve6,,,,,,0.0,,,,,,,,,11115,0.96,0.0,0.0
2026-07-15T17:45:47.175387,Raspberry_Relieve6,,,,,,0.0,,,,,,,,,11116,1.08,0.0,0.0
2026-07-15T17:45:48.175509,Raspberry_Relieve6,,,,,,0.0,,,,,,,,,11117,1.02,0.0,0.0
2026-07-15T17:45:49.175624,Raspberry_Relieve6,,,,,,0.0,,,,,,,,,11118,1.06,0.0,0.0
2026-07-15T17:45:50.175745,Raspberry_Relieve6,,,,,,0.0,,,,,,,,,11119,0.91,0.0,0.0
2026-07-15T17:45:51.175842,Raspberry_Relieve6,,,,,,0.0,,,,,,,,,11120,1.03,0.0,0.0
2026-07-15T17:45:52.175950,Raspberry_Relieve6,,,,,,0.0,,,,,,,,,11121,1.12,0.0,0.0
2026-07-15T17:45:53.176043,Raspberry_Relieve6,,,,,,0.0,,,,,,,,,11122,0.86,0.0,0.0
2026-07-15T17:45:54.176162,Raspberry_Relieve6,,,,,,0.0,,,,,,,,,11123,1.03,0.0,0.0
2026-07-15T17:45:55.176279,Raspberry_Relieve6,,,,,,0.0,,,,,,,,,11124,0.96,0.0,0.0
2026-07-15T17:45:56.176382,Raspberry_Relieve6,,,,,,0.0,,,,,,,,,11125,0.99,0.0,0.0
2026-07-15T17:45:57.176499,Raspberry_Relieve6,,,,,,0.0,,,,,,,,,11126,1.03,0.0,0.0
2026-07-15T17:45:58.176630,Raspberry_Relieve6,,,,,,0.0,,,,,,,,,11127,0.98,0.0,0.0
2026-07-15T18:31:39.593234,Raspberry_Relieve6,,,,,,0.0,,,,,,,,,11128,1.02,0.0,0.0
2026-07-15T18:31:40.593350,Raspberry_Relieve6,,,,,,0.0,,,,,,,,,11129,1.13,0.0,0.0
2026-07-15T18:31:41.593453,Raspberry_Relieve6,,,,,,0.0,,,,,,,,,11130,0.92,0.0,0.0
2026-07-15T18:31:42.593584,Raspberry_Relieve6,,,,,,0.0,,,,,,,,,11131,1.02,0.0,0.0
2026-07-15T18:31:43.593695,Raspberry_Relieve6,,,,,,0.0,,,,,,,,,11132,0.92,0.0,0.0
2026-07-15T18:31:44.593801,Raspberry_Relieve6,,,,,,0.0,,,,,,,,,11133,0.96,0.0,0.0
2026-07-15T18:31:45.593904,Raspberry_Relieve6,,,,,,0.0,,,,,,,,,11134,1.03,0.0,0.0
2026-07-15T18:31:46.594014,Raspberry_Relieve6,,,,,,0.0,,,,,,,,,11135,1.02,0.0,0.0
2026-07-15T18:31:47.594123,Raspberry_Relieve6,,,,,,0.0,,,,,,,,,11136,1.04,0.0,0.0
2026-07-15T18:31:48.594234,Raspberry_Relieve6,,,,,,0.0,,,,,,,,,11137,0.97,0.0,0.0
2026-07-15T18:31:49.594345,Raspberry_Relieve6,,,,,,0.0,,,,,,,,,11138,0.98,0.0,0.0
2026-07-15T18:31:50.594452,Raspberry_Relieve6,,,,,,0.0,,,,,,,,,11139,1.02,0.0,0.0
2026-07-15T18:31:51.594563,Raspberry_Relieve6,,,,,,0.0,,,,,,,,,11140,1.06,0.0,0.0
2026-07-15T18:31:52.594675,Raspberry_Relieve6,,,,,,0.0,,,,,,,,,11141,0.88,0.0,0.0
2026-07-15T18:31:53.594816,Raspberry_Relieve6,,,,,,0.0,,,,,,,,,11142,1.02,0.0,0.0
2026-07-15T18:31:54.594934,Raspberry_Relieve6,,,,,,0.0,,,,,,,,,11143,1.05,0.0,0.0
2026-07-15T18:31:55.595140,Raspberry_Relieve6,,,,,,0.0,,,,,,,,,11144,1.02,0.0,0.0
2026-07-15T18:31:56.595240,Raspberry_Relieve6,,,,,,0.0,,,,,,,,,11145,0.96,0.0,0.0
2026-07-15T18:31:57.595313,Raspberry_Relieve6,,,,,,0.0,,,,,,,,,11146,0.93,0.0,0.0
2026-07-15T18:31:58.595434,Raspberry_Relieve6,,,,,,0.0,,,,,,,,,11147,1.07,0.0,0.0
2026-07-15T15:50:21.675170,Raspberry_Relieve9,,,,,,0.0,,,,,,,,,10053,10048.91,0.0,0.0
2026-07-15T15:50:22.675292,Raspberry_Relieve9,,,,,,0.0,,,,,,,,,10054,0.85,0.0,0.0
2026-07-15T15:50:23.677129,Raspberry_Relieve9,,,,,,0.0,,,,,,,,,10055,1.02,0.0,0.0
2026-07-15T15:50:24.677242,Raspberry_Relieve9,,,,,,0.0,,,,,,,,,10056,1.03,0.0,0.0
2026-07-15T15:50:25.677368,Raspberry_Relieve9,,,,,,0.0,,,,,,,,,10057,1.02,0.0,0.0
2026-07-15T15:50:26.677536,Raspberry_Relieve9,,,,,,0.0,,,,,,,,,10058,1.03,0.0,0.0
2026-07-15T15:50:27.677666,Raspberry_Relieve9,,,,,,0.0,,,,,,,,,10059,0.92,0.0,0.0
2026-07-15T18:38:05.534616,Raspberry_Relieve9,,,,,,0.0,,,,,,,,,10129,70.04,0.0,0.0
2026-07-15T18:38:06.534751,Raspberry_Relieve9,,,,,,0.0,,,,,,,,,10130,1.01,0.0,0.0
2026-07-15T18:38:07.534875,Raspberry_Relieve9,,,,,,0.0,,,,,,,,,10131,0.96,0.0,0.0
2026-07-15T18:38:08.535009,Raspberry_Relieve9,,,,,,0.0,,,,,,,,,10132,0.95,0.0,0.0
2026-07-15T18:38:09.535089,Raspberry_Relieve9,,,,,,0.0,,,,,,,,,10133,0.99,0.0,0.0
2026-07-15T18:38:10.535198,Raspberry_Relieve9,,,,,,0.0,,,,,,,,,10134,1.03,0.0,0.0
2026-07-15T18:38:11.535367,Raspberry_Relieve9,,,,,,0.0,,,,,,,,,10135,0.97,0.0,0.0
2026-07-15T18:38:12.535506,Raspberry_Relieve9,,,,,,0.0,,,,,,,,,10136,1.05,0.0,0.0
2026-07-15T18:38:13.535667,Raspberry_Relieve9,,,,,,0.0,,,,,,,,,10137,1.03,0.0,0.0
2026-07-15T18:38:36.644751,Raspberry_Relieve9,,,,,,0.0,,,,,,,,,10149,11.9,0.0,0.0
2026-07-15T18:38:37.644835,Raspberry_Relieve9,,,,,,0.0,,,,,,,,,10150,0.99,0.0,0.0
2026-07-15T18:38:38.644924,Raspberry_Relieve9,,,,,,0.0,,,,,,,,,10151,1.03,0.0,0.0
2026-07-15T18:38:39.645009,Raspberry_Relieve9,,,,,,0.0,,,,,,,,,10152,0.97,0.0,0.0
2026-07-15T18:38:40.645095,Raspberry_Relieve9,,,,,,0.0,,,,,,,,,10153,1.09,0.0,0.0
2026-07-15T18:38:41.645172,Raspberry_Relieve9,,,,,,0.0,,,,,,,,,10154,0.94,0.0,0.0
2026-07-15T18:38:42.645258,Raspberry_Relieve9,,,,,,0.0,,,,,,,,,10155,0.98,0.0,0.0
2026-07-15T18:38:43.645348,Raspberry_Relieve9,,,,,,0.0,,,,,,,,,10156,1.03,0.0,0.0
2026-07-15T18:38:44.645451,Raspberry_Relieve9,,,,,,0.0,,,,,,,,,10157,1.14,0.0,0.0
2026-07-15T18:38:45.645614,Raspberry_Relieve9,,,,,,0.0,,,,,,,,,10158,0.92,0.0,0.0
2026-07-15T18:38:46.645682,Raspberry_Relieve9,,,,,,0.0,,,,,,,,,10159,1.03,0.0,0.0
2026-07-15T18:38:47.645808,Raspberry_Relieve9,,,,,,0.0,,,,,,,,,10160,0.97,0.0,0.0
2026-07-15T18:38:48.645927,Raspberry_Relieve9,,,,,,0.0,,,,,,,,,10161,1.0,0.0,0.0
2026-07-15T18:38:49.646040,Raspberry_Relieve9,,,,,,0.0,,,,,,,,,10162,1.02,0.0,0.0
2026-07-15T18:38:50.646156,Raspberry_Relieve9,,,,,,0.0,,,,,,,,,10163,1.0,0.0,0.0
2026-07-15T18:38:51.646279,Raspberry_Relieve9,,,,,,0.0,,,,,,,,,10164,1.02,0.0,0.0
2026-07-15T18:38:52.646364,Raspberry_Relieve9,,,,,,0.0,,,,,,,,,10165,0.94,0.0,0.0
2026-07-15T18:38:53.646474,Raspberry_Relieve9,,,,,,0.0,,,,,,,,,10166,1.04,0.0,0.0
2026-07-15T18:38:54.646624,Raspberry_Relieve9,,,,,,0.0,,,,,,,,,10167,0.9,0.0,0.0
2026-07-15T15:41:23.834016,Raspberry_Relieve4,,,,,,0.0,,,,,,,,,10801,10800.11,0.0,0.0
2026-07-15T15:41:24.834106,Raspberry_Relieve4,,,,,,0.0,,,,,,,,,10802,0.85,0.0,0.0
2026-07-15T15:41:25.834197,Raspberry_Relieve4,,,,,,0.0,,,,,,,,,10803,0.98,0.0,0.0
2026-07-15T15:41:26.834303,Raspberry_Relieve4,,,,,,0.0,,,,,,,,,10804,0.97,0.0,0.0
2026-07-15T18:40:32.689128,Raspberry_Relieve4,,,,,,0.0,,,,,,,,,10805,1.05,0.0,0.0
2026-07-15T18:40:33.689275,Raspberry_Relieve4,,,,,,0.0,,,,,,,,,10806,0.97,0.0,0.0
2026-07-15T18:40:34.689363,Raspberry_Relieve4,,,,,,0.0,,,,,,,,,10807,1.02,0.0,0.0
2026-07-15T18:41:49.749021,Raspberry_Relieve4,,,,,,0.0,,,,,,,,,10882,75.17,0.0,0.0
2026-07-15T18:41:50.749120,Raspberry_Relieve4,,,,,,0.0,,,,,,,,,10883,0.89,0.0,0.0
2026-07-15T18:41:51.749259,Raspberry_Relieve4,,,,,,0.0,,,,,,,,,10884,1.06,0.0,0.0
2026-07-15T18:41:52.749373,Raspberry_Relieve4,,,,,,0.0,,,,,,,,,10885,0.93,0.0,0.0
2026-07-15T18:41:53.749491,Raspberry_Relieve4,,,,,,0.0,,,,,,,,,10886,1.12,0.0,0.0
2026-07-15T18:41:54.749591,Raspberry_Relieve4,,,,,,0.0,,,,,,,,,10887,0.91,0.0,0.0
2026-07-15T18:41:55.749684,Raspberry_Relieve4,,,,,,0.0,,,,,,,,,10888,1.01,0.0,0.0
2026-07-15T18:41:56.749821,Raspberry_Relieve4,,,,,,0.0,,,,,,,,,10889,1.01,0.0,0.0
2026-07-15T18:41:57.749945,Raspberry_Relieve4,,,,,,0.0,,,,,,,,,10890,1.03,0.0,0.0
2026-07-15T18:41:58.750068,Raspberry_Relieve4,,,,,,0.0,,,,,,,,,10891,1.01,0.0,0.0
2026-07-15T18:41:59.750186,Raspberry_Relieve4,,,,,,0.0,,,,,,,,,10892,0.95,0.0,0.0
2026-07-15T18:42:00.750279,Raspberry_Relieve4,,,,,,0.0,,,,,,,,,10893,1.01,0.0,0.0
2026-07-15T18:43:01.111020,Raspberry_Relieve4,,,,,,0.0,,,,,,,,,10966,72.83,0.0,0.0
2026-07-15T18:43:02.111147,Raspberry_Relieve4,,,,,,0.0,,,,,,,,,10967,0.73,0.0,0.0
2026-07-15T18:43:03.111295,Raspberry_Relieve4,,,,,,0.0,,,,,,,,,10968,1.08,0.0,0.0
2026-07-15T18:43:04.111377,Raspberry_Relieve4,,,,,,0.0,,,,,,,,,10969,0.92,0.0,0.0
2026-07-15T18:43:05.111477,Raspberry_Relieve4,,,,,,0.0,,,,,,,,,10970,1.02,0.0,0.0
2026-07-15T18:43:06.111619,Raspberry_Relieve4,,,,,,0.0,,,,,,,,,10971,1.02,0.0,0.0
2026-07-15T18:43:19.371560,Raspberry_Relieve4,,,,,,0.0,,,,,,,,,10972,0.99,0.0,0.0
2026-07-15T18:43:20.371656,Raspberry_Relieve4,,,,,,0.0,,,,,,,,,10973,1.0,0.0,0.0
2026-07-15T18:43:21.371746,Raspberry_Relieve4,,,,,,0.0,,,,,,,,,10974,0.97,0.0,0.0
2026-07-15T18:43:22.371916,Raspberry_Relieve4,,,,,,0.0,,,,,,,,,10975,1.05,0.0,0.0
2026-07-15T18:43:34.373087,Raspberry_Relieve4,,,,,,0.0,,,,,,,,,10987,12.08,0.0,0.0
2026-07-15T18:43:35.373201,Raspberry_Relieve4,,,,,,0.0,,,,,,,,,10988,1.02,0.0,0.0
2026-07-15T18:43:36.373315,Raspberry_Relieve4,,,,,,0.0,,,,,,,,,10989,1.02,0.0,0.0
2026-07-15T18:43:37.373476,Raspberry_Relieve4,,,,,,0.0,,,,,,,,,10990,0.92,0.0,0.0
2026-07-15T18:43:38.373538,Raspberry_Relieve4,,,,,,0.0,,,,,,,,,10991,1.13,0.0,0.0
2026-07-15T18:43:39.373631,Raspberry_Relieve4,,,,,,0.0,,,,,,,,,10992,0.8,0.0,0.0
2026-07-15T18:43:40.373815,Raspberry_Relieve4,,,,,,0.0,,,,,,,,,10993,0.94,0.0,0.0
2026-07-15T18:43:41.373906,Raspberry_Relieve4,,,,,,0.0,,,,,,,,,10994,1.07,0.0,0.0
2026-07-15T18:43:42.374031,Raspberry_Relieve4,,,,,,0.0,,,,,,,,,10995,1.05,0.0,0.0
2026-07-15T18:43:43.374147,Raspberry_Relieve4,,,,,,0.0,,,,,,,,,10996,1.06,0.0,0.0
2026-07-15T18:43:44.374256,Raspberry_Relieve4,,,,,,0.0,,,,,,,,,10997,0.92,0.0,0.0
2026-07-15T18:43:45.374364,Raspberry_Relieve4,,,,,,0.0,,,,,,,,,10998,0.96,0.0,0.0
2026-07-15T18:43:46.374462,Raspberry_Relieve4,,,,,,0.0,,,,,,,,,10999,1.0,0.0,0.0
2026-07-15T18:43:47.374567,Raspberry_Relieve4,,,,,,0.0,,,,,,,,,11000,1.01,0.0,0.0
2026-07-15T18:43:48.374677,Raspberry_Relieve4,,,,,,0.0,,,,,,,,,11001,1.06,0.0,0.0
2026-07-15T18:43:49.374796,Raspberry_Relieve4,,,,,,0.0,,,,,,,,,11002,0.9,0.0,0.0
2026-07-15T18:43:50.374899,Raspberry_Relieve4,,,,,,0.0,,,,,,,,,11003,1.07,0.0,0.0
2026-07-15T18:43:51.375009,Raspberry_Relieve4,,,,,,0.0,,,,,,,,,11004,0.97,0.0,0.0
2026-07-15T18:43:52.375114,Raspberry_Relieve4,,,,,,0.0,,,,,,,,,11005,1.01,0.0,0.0
2026-07-15T18:43:53.375222,Raspberry_Relieve4,,,,,,0.0,,,,,,,,,11006,1.05,0.0,0.0
2026-07-15T18:43:54.375338,Raspberry_Relieve4,,,,,,0.0,,,,,,,,,11007,1.0,0.0,0.0
2026-07-15T18:43:55.375448,Raspberry_Relieve4,,,,,,0.0,,,,,,,,,11008,1.02,0.0,0.0
2026-07-15T18:43:56.375558,Raspberry_Relieve4,,,,,,0.0,,,,,,,,,11009,0.92,0.0,0.0
2026-07-15T18:43:57.375677,Raspberry_Relieve4,,,,,,0.0,,,,,,,,,11010,1.03,0.0,0.0
2026-07-15T18:43:58.375783,Raspberry_Relieve4,,,,,,0.0,,,,,,,,,11011,1.02,0.0,0.0
2026-07-15T18:43:59.375893,Raspberry_Relieve4,,,,,,0.0,,,,,,,,,11012,0.94,0.0,0.0
2026-07-15T18:44:00.376004,Raspberry_Relieve4,,,,,,0.0,,,,,,,,,11013,1.0,0.0,0.0
2026-07-15T18:44:01.376115,Raspberry_Relieve4,,,,,,0.0,,,,,,,,,11014,1.01,0.0,0.0
2026-07-15T18:44:02.376221,Raspberry_Relieve4,,,,,,0.0,,,,,,,,,11015,0.98,0.0,0.0
2026-07-15T18:44:03.376336,Raspberry_Relieve4,,,,,,0.0,,,,,,,,,11016,1.01,0.0,0.0
2026-07-15T18:44:04.376449,Raspberry_Relieve4,,,,,,0.0,,,,,,,,,11017,1.0,0.0,0.0
2026-07-15T18:44:05.376563,Raspberry_Relieve4,,,,,,0.0,,,,,,,,,11018,1.23,0.0,0.0
2026-07-15T18:44:06.376681,Raspberry_Relieve4,,,,,,0.0,,,,,,,,,11019,0.8,0.0,0.0
2026-07-15T18:44:07.376830,Raspberry_Relieve4,,,,,,0.0,,,,,,,,,11020,1.14,0.0,0.0
2026-07-15T18:44:08.376913,Raspberry_Relieve4,,,,,,0.0,,,,,,,,,11021,0.93,0.0,0.0
2026-07-15T18:44:09.377027,Raspberry_Relieve4,,,,,,0.0,,,,,,,,,11022,1.03,0.0,0.0
2026-07-15T18:44:10.377163,Raspberry_Relieve4,,,,,,0.0,,,,,,,,,11023,0.92,0.0,0.0
2026-07-15T18:44:11.377281,Raspberry_Relieve4,,,,,,0.0,,,,,,,,,11024,1.03,0.0,0.0
2026-07-15T18:44:12.377397,Raspberry_Relieve4,,,,,,0.0,,,,,,,,,11025,0.99,0.0,0.0
2026-07-15T18:44:13.377510,Raspberry_Relieve4,,,,,,0.0,,,,,,,,,11026,1.05,0.0,0.0
2026-07-15T18:44:14.377631,Raspberry_Relieve4,,,,,,0.0,,,,,,,,,11027,0.92,0.0,0.0
2026-07-15T18:44:15.377747,Raspberry_Relieve4,,,,,,0.0,,,,,,,,,11028,1.02,0.0,0.0
2026-07-15T18:44:16.377880,Raspberry_Relieve4,,,,,,0.0,,,,,,,,,11029,1.02,0.0,0.0
2026-07-15T18:44:17.378010,Raspberry_Relieve4,,,,,,0.0,,,,,,,,,11030,0.99,0.0,0.0
2026-07-15T18:44:18.378137,Raspberry_Relieve4,,,,,,0.0,,,,,,,,,11031,0.96,0.0,0.0
2026-07-15T18:44:19.378260,Raspberry_Relieve4,,,,,,0.0,,,,,,,,,11032,0.98,0.0,0.0
2026-07-15T18:44:20.378378,Raspberry_Relieve4,,,,,,0.0,,,,,,,,,11033,1.01,0.0,0.0
2026-07-15T18:44:21.378494,Raspberry_Relieve4,,,,,,0.0,,,,,,,,,11034,1.05,0.0,0.0
2026-07-15T18:44:22.378630,Raspberry_Relieve4,,,,,,0.0,,,,,,,,,11035,1.04,0.0,0.0
2026-07-15T18:44:23.378717,Raspberry_Relieve4,,,,,,0.0,,,,,,,,,11036,0.92,0.0,0.0
2026-07-15T18:44:24.378846,Raspberry_Relieve4,,,,,,0.0,,,,,,,,,11037,1.02,0.0,0.0
2026-07-15T18:44:25.378971,Raspberry_Relieve4,,,,,,0.0,,,,,,,,,11038,1.02,0.0,0.0
2026-07-15T18:44:26.379095,Raspberry_Relieve4,,,,,,0.0,,,,,,,,,11039,0.92,0.0,0.0
2026-07-15T18:44:27.379205,Raspberry_Relieve4,,,,,,0.0,,,,,,,,,11040,1.06,0.0,0.0
2026-07-15T18:44:28.379322,Raspberry_Relieve4,,,,,,0.0,,,,,,,,,11041,0.96,0.0,0.0
2026-07-15T18:44:29.379439,Raspberry_Relieve4,,,,,,0.0,,,,,,,,,11042,1.05,0.0,0.0
2026-07-15T18:44:30.379553,Raspberry_Relieve4,,,,,,0.0,,,,,,,,,11043,1.0,0.0,0.0
2026-07-15T18:44:31.379658,Raspberry_Relieve4,,,,,,0.0,,,,,,,,,11044,0.94,0.0,0.0
2026-07-15T18:44:32.379764,Raspberry_Relieve4,,,,,,0.0,,,,,,,,,11045,1.02,0.0,0.0
2026-07-15T18:44:33.379874,Raspberry_Relieve4,,,,,,0.0,,,,,,,,,11046,1.02,0.0,0.0
2026-07-15T18:44:34.379978,Raspberry_Relieve4,,,,,,0.0,,,,,,,,,11047,1.03,0.0,0.0
2026-07-15T18:44:35.380104,Raspberry_Relieve4,,,,,,0.0,,,,,,,,,11048,0.94,0.0,0.0
2026-07-15T18:44:36.380235,Raspberry_Relieve4,,,,,,0.0,,,,,,,,,11049,1.05,0.0,0.0
2026-07-15T18:44:37.380350,Raspberry_Relieve4,,,,,,0.0,,,,,,,,,11050,0.97,0.0,0.0
2026-07-15T18:44:38.380465,Raspberry_Relieve4,,,,,,0.0,,,,,,,,,11051,1.02,0.0,0.0
2026-07-15T18:44:39.380594,Raspberry_Relieve4,,,,,,0.0,,,,,,,,,11052,1.02,0.0,0.0
2026-07-15T18:44:40.380699,Raspberry_Relieve4,,,,,,0.0,,,,,,,,,11053,1.02,0.0,0.0
2026-07-15T18:44:41.380823,Raspberry_Relieve4,,,,,,0.0,,,,,,,,,11054,0.92,0.0,0.0
2026-07-15T18:44:42.380943,Raspberry_Relieve4,,,,,,0.0,,,,,,,,,11055,0.93,0.0,0.0
2026-07-15T18:44:43.381055,Raspberry_Relieve4,,,,,,0.0,,,,,,,,,11056,1.1,0.0,0.0
2026-07-15T18:44:44.381177,Raspberry_Relieve4,,,,,,0.0,,,,,,,,,11057,0.92,0.0,0.0
2026-07-15T18:44:45.381296,Raspberry_Relieve4,,,,,,0.0,,,,,,,,,11058,1.02,0.0,0.0
2026-07-15T18:44:46.381410,Raspberry_Relieve4,,,,,,0.0,,,,,,,,,11059,1.04,0.0,0.0
2026-07-15T18:44:47.381526,Raspberry_Relieve4,,,,,,0.0,,,,,,,,,11060,0.99,0.0,0.0
2026-07-15T18:44:48.381642,Raspberry_Relieve4,,,,,,0.0,,,,,,,,,11061,0.96,0.0,0.0
2026-07-15T18:44:49.381757,Raspberry_Relieve4,,,,,,0.0,,,,,,,,,11062,1.05,0.0,0.0
2026-07-15T18:44:50.381866,Raspberry_Relieve4,,,,,,0.0,,,,,,,,,11063,0.95,0.0,0.0
2026-07-15T18:44:51.381974,Raspberry_Relieve4,,,,,,0.0,,,,,,,,,11064,1.14,0.0,0.0
2026-07-15T18:44:52.382087,Raspberry_Relieve4,,,,,,0.0,,,,,,,,,11065,1.1,0.0,0.0
2026-07-15T18:44:53.382201,Raspberry_Relieve4,,,,,,0.0,,,,,,,,,11066,0.74,0.0,0.0
2026-07-15T18:44:54.382319,Raspberry_Relieve4,,,,,,0.0,,,,,,,,,11067,1.03,0.0,0.0
2026-07-15T18:44:55.382437,Raspberry_Relieve4,,,,,,0.0,,,,,,,,,11068,1.03,0.0,0.0
2026-07-15T18:44:56.382495,Raspberry_Relieve4,,,,,,0.0,,,,,,,,,11069,0.98,0.0,0.0
2026-07-15T18:44:57.382632,Raspberry_Relieve4,,,,,,0.0,,,,,,,,,11070,1.04,0.0,0.0
2026-07-15T18:44:58.382749,Raspberry_Relieve4,,,,,,0.0,,,,,,,,,11071,1.04,0.0,0.0
2026-07-15T18:44:59.382842,Raspberry_Relieve4,,,,,,0.0,,,,,,,,,11072,0.99,0.0,0.0
2026-07-15T18:45:00.382939,Raspberry_Relieve4,,,,,,0.0,,,,,,,,,11073,0.99,0.0,0.0
2026-07-15T18:45:01.383003,Raspberry_Relieve4,,,,,,0.0,,,,,,,,,11074,0.89,0.0,0.0
2026-07-15T18:45:02.383107,Raspberry_Relieve4,,,,,,0.0,,,,,,,,,11075,1.01,0.0,0.0
2026-07-15T18:45:03.383215,Raspberry_Relieve4,,,,,,0.0,,,,,,,,,11076,1.05,0.0,0.0
2026-07-15T18:45:04.383331,Raspberry_Relieve4,,,,,,0.0,,,,,,,,,11077,0.95,0.0,0.0
2026-07-15T18:45:05.383429,Raspberry_Relieve4,,,,,,0.0,,,,,,,,,11078,1.09,0.0,0.0
2026-07-15T18:45:06.383549,Raspberry_Relieve4,,,,,,0.0,,,,,,,,,11079,0.94,0.0,0.0
2026-07-15T18:45:07.383657,Raspberry_Relieve4,,,,,,0.0,,,,,,,,,11080,1.01,0.0,0.0
2026-07-15T18:45:08.383772,Raspberry_Relieve4,,,,,,0.0,,,,,,,,,11081,0.91,0.0,0.0
2026-07-15T18:45:09.383923,Raspberry_Relieve4,,,,,,0.0,,,,,,,,,11082,1.08,0.0,0.0
2026-07-15T18:45:10.384034,Raspberry_Relieve4,,,,,,0.0,,,,,,,,,11083,0.97,0.0,0.0
2026-07-15T18:45:11.384168,Raspberry_Relieve4,,,,,,0.0,,,,,,,,,11084,0.97,0.0,0.0
2026-07-15T18:45:12.384288,Raspberry_Relieve4,,,,,,0.0,,,,,,,,,11085,1.01,0.0,0.0
2026-07-15T18:45:13.384407,Raspberry_Relieve4,,,,,,0.0,,,,,,,,,11086,1.0,0.0,0.0
2026-07-15T18:45:14.384531,Raspberry_Relieve4,,,,,,0.0,,,,,,,,,11087,1.02,0.0,0.0
2026-07-15T18:45:15.384635,Raspberry_Relieve4,,,,,,0.0,,,,,,,,,11088,1.01,0.0,0.0
2026-07-15T18:45:16.384722,Raspberry_Relieve4,,,,,,0.0,,,,,,,,,11089,1.04,0.0,0.0
2026-07-15T18:45:17.384829,Raspberry_Relieve4,,,,,,0.0,,,,,,,,,11090,0.98,0.0,0.0
2026-07-15T18:45:18.384916,Raspberry_Relieve4,,,,,,0.0,,,,,,,,,11091,1.07,0.0,0.0
2026-07-15T18:45:19.385031,Raspberry_Relieve4,,,,,,0.0,,,,,,,,,11092,0.89,0.0,0.0
2026-07-15T18:45:20.385153,Raspberry_Relieve4,,,,,,0.0,,,,,,,,,11093,1.09,0.0,0.0
2026-07-15T18:45:21.385261,Raspberry_Relieve4,,,,,,0.0,,,,,,,,,11094,0.88,0.0,0.0
2026-07-15T18:45:22.385339,Raspberry_Relieve4,,,,,,0.0,,,,,,,,,11095,1.07,0.0,0.0
2026-07-15T18:45:23.385451,Raspberry_Relieve4,,,,,,0.0,,,,,,,,,11096,0.99,0.0,0.0
2026-07-15T18:45:24.385568,Raspberry_Relieve4,,,,,,0.0,,,,,,,,,11097,0.93,0.0,0.0
2026-07-15T18:45:25.385673,Raspberry_Relieve4,,,,,,0.0,,,,,,,,,11098,1.06,0.0,0.0
2026-07-15T18:45:26.385775,Raspberry_Relieve4,,,,,,0.0,,,,,,,,,11099,0.98,0.0,0.0
2026-07-15T18:45:27.385883,Raspberry_Relieve4,,,,,,0.0,,,,,,,,,11100,1.05,0.0,0.0
2026-07-15T18:45:28.386005,Raspberry_Relieve4,,,,,,0.0,,,,,,,,,11101,0.99,0.0,0.0
2026-07-15T18:45:29.386124,Raspberry_Relieve4,,,,,,0.0,,,,,,,,,11102,1.02,0.0,0.0
2026-07-15T18:45:30.386202,Raspberry_Relieve4,,,,,,0.0,,,,,,,,,11103,0.93,0.0,0.0
2026-07-15T18:45:31.386314,Raspberry_Relieve4,,,,,,0.0,,,,,,,,,11104,1.01,0.0,0.0
2026-07-15T18:45:32.386417,Raspberry_Relieve4,,,,,,0.0,,,,,,,,,11105,1.01,0.0,0.0
2026-07-15T18:45:33.386531,Raspberry_Relieve4,,,,,,0.0,,,,,,,,,11106,1.05,0.0,0.0
2026-07-15T18:45:34.386651,Raspberry_Relieve4,,,,,,0.0,,,,,,,,,11107,0.89,0.0,0.0
2026-07-15T18:45:35.386766,Raspberry_Relieve4,,,,,,0.0,,,,,,,,,11108,1.05,0.0,0.0
2026-07-15T18:45:36.386946,Raspberry_Relieve4,,,,,,0.0,,,,,,,,,11109,1.0,0.0,0.0
2026-07-15T18:45:37.387059,Raspberry_Relieve4,,,,,,0.0,,,,,,,,,11110,1.25,0.0,0.0
2026-07-15T18:45:38.387165,Raspberry_Relieve4,,,,,,0.0,,,,,,,,,11111,0.82,0.0,0.0
2026-07-15T18:45:39.387279,Raspberry_Relieve4,,,,,,0.0,,,,,,,,,11112,1.02,0.0,0.0
2026-07-15T18:45:40.387385,Raspberry_Relieve4,,,,,,0.0,,,,,,,,,11113,0.9,0.0,0.0
2026-07-15T18:45:41.387500,Raspberry_Relieve4,,,,,,0.0,,,,,,,,,11114,0.98,0.0,0.0
2026-07-15T18:45:42.387558,Raspberry_Relieve4,,,,,,0.0,,,,,,,,,11115,0.99,0.0,0.0
2026-07-15T18:45:43.387657,Raspberry_Relieve4,,,,,,0.0,,,,,,,,,11116,1.0,0.0,0.0
2026-07-15T18:45:44.387811,Raspberry_Relieve4,,,,,,0.0,,,,,,,,,11117,1.04,0.0,0.0
2026-07-15T18:45:45.387920,Raspberry_Relieve4,,,,,,0.0,,,,,,,,,11118,0.95,0.0,0.0
2026-07-15T17:34:29.619467,Raspberry_Relieve3,,,,,,0.0,,,,,,,,,10178,4387.19,0.0,0.0
2026-07-15T17:34:30.619597,Raspberry_Relieve3,,,,,,0.0,,,,,,,,,10178,0.72,0.0,0.0
2026-07-15T17:34:31.619716,Raspberry_Relieve3,,,,,,0.0,,,,,,,,,10179,1.02,0.0,0.0
2026-07-15T17:34:32.619812,Raspberry_Relieve3,,,,,,0.0,,,,,,,,,10181,1.04,0.0,0.0
2026-07-15T17:34:33.619929,Raspberry_Relieve3,,,,,,0.0,,,,,,,,,10181,0.91,0.0,0.0
2026-07-15T17:34:34.620052,Raspberry_Relieve3,,,,,,0.0,,,,,,,,,10183,1.19,0.0,0.0
2026-07-15T17:34:35.620118,Raspberry_Relieve3,,,,,,0.0,,,,,,,,,10183,0.88,0.0,0.0
2026-07-15T17:34:36.620241,Raspberry_Relieve3,,,,,,0.0,,,,,,,,,10184,0.88,0.0,0.0
2026-07-15T17:34:37.620342,Raspberry_Relieve3,,,,,,0.0,,,,,,,,,10185,1.0,0.0,0.0
2026-07-15T18:47:25.380674,Raspberry_Relieve3,,,,,,0.0,,,,,,,,,10197,12.02,0.0,0.0
2026-07-15T18:47:26.380757,Raspberry_Relieve3,,,,,,0.0,,,,,,,,,10198,1.03,0.0,0.0
2026-07-15T18:47:27.380840,Raspberry_Relieve3,,,,,,0.0,,,,,,,,,10199,1.04,0.0,0.0
2026-07-15T18:47:28.380923,Raspberry_Relieve3,,,,,,0.0,,,,,,,,,10200,0.91,0.0,0.0
2026-07-15T18:47:29.381005,Raspberry_Relieve3,,,,,,0.0,,,,,,,,,10201,1.01,0.0,0.0
2026-07-15T18:47:30.381086,Raspberry_Relieve3,,,,,,0.0,,,,,,,,,10202,1.02,0.0,0.0
2026-07-15T18:47:31.381173,Raspberry_Relieve3,,,,,,0.0,,,,,,,,,10203,0.97,0.0,0.0
2026-07-15T18:47:32.381276,Raspberry_Relieve3,,,,,,0.0,,,,,,,,,10204,0.95,0.0,0.0
2026-07-15T18:47:33.381405,Raspberry_Relieve3,,,,,,0.0,,,,,,,,,10205,1.05,0.0,0.0
2026-07-15T18:47:34.381516,Raspberry_Relieve3,,,,,,0.0,,,,,,,,,10206,1.03,0.0,0.0
2026-07-15T18:47:35.381630,Raspberry_Relieve3,,,,,,0.0,,,,,,,,,10207,1.0,0.0,0.0
2026-07-15T18:47:36.381738,Raspberry_Relieve3,,,,,,0.0,,,,,,,,,10208,1.02,0.0,0.0
2026-07-15T18:47:37.381852,Raspberry_Relieve3,,,,,,0.0,,,,,,,,,10209,1.04,0.0,0.0
2026-07-15T18:47:38.381968,Raspberry_Relieve3,,,,,,0.0,,,,,,,,,10210,0.94,0.0,0.0
2026-07-15T18:47:39.382078,Raspberry_Relieve3,,,,,,0.0,,,,,,,,,10211,0.99,0.0,0.0
2026-07-15T18:47:40.382188,Raspberry_Relieve3,,,,,,0.0,,,,,,,,,10212,1.05,0.0,0.0
2026-07-15T18:47:41.382305,Raspberry_Relieve3,,,,,,0.0,,,,,,,,,10213,1.05,0.0,0.0
2026-07-15T18:47:42.382412,Raspberry_Relieve3,,,,,,0.0,,,,,,,,,10214,1.02,0.0,0.0
2026-07-15T18:47:43.382544,Raspberry_Relieve3,,,,,,0.0,,,,,,,,,10216,1.02,0.0,0.0
2026-07-15T18:47:44.382672,Raspberry_Relieve3,,,,,,0.0,,,,,,,,,10216,0.89,0.0,0.0
2026-07-15T18:47:45.382890,Raspberry_Relieve3,,,,,,0.0,,,,,,,,,10217,1.02,0.0,0.0
2026-07-15T18:47:46.382961,Raspberry_Relieve3,,,,,,0.0,,,,,,,,,10219,1.38,0.0,0.0
2026-07-15T18:47:47.383049,Raspberry_Relieve3,,,,,,0.0,,,,,,,,,10220,0.75,0.0,0.0
2026-07-15T18:47:48.383189,Raspberry_Relieve3,,,,,,0.0,,,,,,,,,10220,0.79,0.0,0.0
2026-07-15T18:47:49.383293,Raspberry_Relieve3,,,,,,0.0,,,,,,,,,10222,1.21,0.0,0.0
2026-07-15T18:47:50.383386,Raspberry_Relieve3,,,,,,0.0,,,,,,,,,10222,0.84,0.0,0.0
2026-07-15T18:47:51.383469,Raspberry_Relieve3,,,,,,0.0,,,,,,,,,10223,1.04,0.0,0.0
2026-07-15T18:47:52.383600,Raspberry_Relieve3,,,,,,0.0,,,,,,,,,10224,0.93,0.0,0.0
2026-07-15T18:47:53.383710,Raspberry_Relieve3,,,,,,0.0,,,,,,,,,10225,0.99,0.0,0.0
2026-07-15T18:55:36.692846,Raspberry_Relieve1,,,,,,0.0,,,,,,,,,0,,,0.0
2026-07-15T18:55:37.693012,Raspberry_Relieve1,,,,,,0.0,,,,,,,,,0,,,0.0
2026-07-15T18:55:38.693104,Raspberry_Relieve1,,,,,,0.0,,,,,,,,,1,0.9,0.0,0.0
2026-07-15T18:55:39.693214,Raspberry_Relieve1,,,,,,0.0,,,,,,,,,2,1.15,0.0,0.0
2026-07-15T18:55:40.693351,Raspberry_Relieve1,,,,,,0.0,,,,,,,,,3,0.87,0.0,0.0
2026-07-15T18:55:41.693474,Raspberry_Relieve1,,,,,,0.0,,,,,,,,,4,1.06,0.0,0.0
2026-07-15T18:55:42.693762,Raspberry_Relieve1,,,,,,0.0,,,,,,,,,5,1.02,0.0,0.0
2026-07-15T18:58:01.103294,Raspberry_Relieve1,,,,,,0.0,,,,,,,,,156,150.13,0.0,0.0
2026-07-15T18:58:02.103403,Raspberry_Relieve1,,,,,,0.0,,,,,,,,,156,0.83,0.0,0.0
2026-07-15T18:58:03.103496,Raspberry_Relieve1,,,,,,0.0,,,,,,,,,157,0.99,0.0,0.0
2026-07-15T18:58:04.103591,Raspberry_Relieve1,,,,,,0.0,,,,,,,,,158,1.05,0.0,0.0
2026-07-15T18:58:05.103683,Raspberry_Relieve1,,,,,,0.0,,,,,,,,,159,1.03,0.0,0.0
2026-07-15T18:58:06.103797,Raspberry_Relieve1,,,,,,0.0,,,,,,,,,160,1.01,0.0,0.0
2026-07-15T18:58:07.103888,Raspberry_Relieve1,,,,,,0.0,,,,,,,,,161,1.02,0.0,0.0
2026-07-15T18:58:19.912834,Raspberry_Relieve1,,,,,,0.0,,,,,,,,,163,1.02,0.0,0.0
2026-07-15T18:58:20.912949,Raspberry_Relieve1,,,,,,0.0,,,,,,,,,163,0.92,0.0,0.0
2026-07-15T18:58:33.914507,Raspberry_Relieve1,,,,,,0.0,,,,,,,,,178,14.89,0.0,0.0
2026-07-15T18:58:36.137324,Raspberry_Relieve1,,,,,,0.0,,,,,,,,,179,0.24,0.0,0.0
2026-07-15T18:58:37.137457,Raspberry_Relieve1,,,,,,0.0,,,,,,,,,180,1.04,0.0,0.0
2026-07-15T18:58:38.137587,Raspberry_Relieve1,,,,,,0.0,,,,,,,,,181,1.04,0.0,0.0
2026-07-15T18:58:39.137651,Raspberry_Relieve1,,,,,,0.0,,,,,,,,,182,1.02,0.0,0.0
2026-07-15T18:58:40.137821,Raspberry_Relieve1,,,,,,0.0,,,,,,,,,183,1.02,0.0,0.0
2026-07-15T18:58:41.137899,Raspberry_Relieve1,,,,,,0.0,,,,,,,,,184,0.93,0.0,0.0
2026-07-15T18:58:42.138049,Raspberry_Relieve1,,,,,,0.0,,,,,,,,,185,1.02,0.0,0.0
2026-07-15T18:58:43.138194,Raspberry_Relieve1,,,,,,0.0,,,,,,,,,186,1.01,0.0,0.0
2026-07-15T18:58:44.138337,Raspberry_Relieve1,,,,,,0.0,,,,,,,,,187,0.95,0.0,0.0
2026-07-15T18:58:45.138464,Raspberry_Relieve1,,,,,,0.0,,,,,,,,,188,1.06,0.0,0.0
2026-07-15T18:58:46.138582,Raspberry_Relieve1,,,,,,0.0,,,,,,,,,189,0.93,0.0,0.0
2026-07-15T18:58:47.138722,Raspberry_Relieve1,,,,,,0.0,,,,,,,,,190,1.04,0.0,0.0
2026-07-15T18:58:48.138875,Raspberry_Relieve1,,,,,,0.0,,,,,,,,,191,1.02,0.0,0.0
2026-07-15T18:58:49.139040,Raspberry_Relieve1,,,,,,0.0,,,,,,,,,192,1.04,0.0,0.0
2026-07-15T18:58:50.139153,Raspberry_Relieve1,,,,,,0.0,,,,,,,,,193,0.92,0.0,0.0
2026-07-15T18:58:51.139255,Raspberry_Relieve1,,,,,,0.0,,,,,,,,,194,1.09,0.0,0.0
2026-07-15T18:58:52.139392,Raspberry_Relieve1,,,,,,0.0,,,,,,,,,195,0.96,0.0,0.0
2026-07-15T18:58:53.139825,Raspberry_Relieve1,,,,,,0.0,,,,,,,,,196,0.95,0.0,0.0
