timestamp,dispositivo_id,latitud,longitud,voltaje,corriente,potencia,potencia_calculada,soc,ttg_min,ah_consumidos,motor_voltaje,motor_corriente,motor_potencia,motor_rpm,motor_temp,tiempo_acumulado(s),delta_t_s,energia_wh,energia_acumulada_wh
2026-07-10T16:57:40.877614,Raspberry_Relieve1,,,39.415,0.0,0,0.0,99.0,-1,0.13,,,,,,0,,,0.0
2026-07-10T16:57:41.877687,Raspberry_Relieve1,,,39.407,0.0,0,0.0,99.0,-1,0.13,,,,,,0,,,0.0
2026-07-10T16:57:42.877820,Raspberry_Relieve1,,,39.41,0.0,0,0.0,99.0,-1,0.13,,,,,,1,0.98,0.0,0.0
2026-07-10T16:57:43.877953,Raspberry_Relieve1,,,39.406,0.0,0,0.0,99.0,-1,0.13,,,,,,2,0.93,0.0,0.0
2026-07-10T16:57:44.878352,Raspberry_Relieve1,,,39.406,0.0,0,0.0,99.0,-1,0.13,,,,,,3,1.02,0.0,0.0
2026-07-10T16:57:45.878213,Raspberry_Relieve1,,,39.409,0.0,0,0.0,99.0,-1,0.13,,,,,,4,0.95,0.0,0.0
2026-07-10T16:57:46.878396,Raspberry_Relieve1,,,39.413,0.0,0,0.0,99.0,-1,0.13,,,,,,5,1.1,0.0,0.0
2026-07-10T16:57:47.878499,Raspberry_Relieve1,,,39.406,0.0,0,0.0,99.0,-1,0.13,,,,,,6,0.98,0.0,0.0
2026-07-10T16:57:48.878565,Raspberry_Relieve1,,,39.409,0.0,0,0.0,99.0,-1,0.13,,,,,,7,0.9,0.0,0.0
2026-07-10T16:57:49.878706,Raspberry_Relieve1,,,39.411,0.0,0,0.0,99.0,-1,0.13,,,,,,8,1.04,0.0,0.0
2026-07-10T16:57:50.878764,Raspberry_Relieve1,,,39.414,0.0,0,0.0,99.0,-1,0.13,,,,,,9,0.98,0.0,0.0
2026-07-10T16:57:51.878846,Raspberry_Relieve1,,,39.413,0.0,0,0.0,99.0,-1,0.13,,,,,,10,1.0,0.0,0.0
2026-07-10T16:57:52.878938,Raspberry_Relieve1,,,39.417,0.0,0,0.0,99.0,-1,0.13,,,,,,11,1.02,0.0,0.0
2026-07-10T16:57:53.879018,Raspberry_Relieve1,,,39.416,0.0,0,0.0,99.0,-1,0.13,,,,,,12,1.01,0.0,0.0
2026-07-10T16:57:54.879118,Raspberry_Relieve1,,,39.413,0.0,0,0.0,99.0,-1,0.13,,,,,,13,0.96,0.0,0.0
2026-07-10T16:57:55.879199,Raspberry_Relieve1,,,39.416,0.0,0,0.0,99.0,-1,0.13,,,,,,14,1.07,0.0,0.0
2026-07-13T09:33:45.164285,Raspberry_Relieve1,,,39.41,0.0,0,0.0,99.0,-1,0.13,,,,,,15,0.95,0.0,0.0
2026-07-13T09:33:46.164363,Raspberry_Relieve1,,,39.413,0.0,0,0.0,99.0,-1,0.13,,,,,,16,1.11,0.0,0.0
2026-07-13T09:33:47.164435,Raspberry_Relieve1,,,39.412,0.0,0,0.0,99.0,-1,0.13,,,,,,17,0.84,0.0,0.0
2026-07-13T09:33:48.164517,Raspberry_Relieve1,,,39.415,0.0,0,0.0,99.0,-1,0.13,,,,,,18,1.09,0.0,0.0
2026-07-13T09:33:49.164593,Raspberry_Relieve1,,,39.415,0.0,0,0.0,99.0,-1,0.13,,,,,,19,0.95,0.0,0.0
2026-07-13T09:33:50.164688,Raspberry_Relieve1,,,39.415,0.0,0,0.0,99.0,-1,0.13,,,,,,20,1.02,0.0,0.0
2026-07-13T09:33:51.164757,Raspberry_Relieve1,,,39.412,0.0,0,0.0,99.0,-1,0.13,,,,,,21,0.96,0.0,0.0
2026-07-13T09:33:52.164840,Raspberry_Relieve1,,,39.415,0.0,0,0.0,99.0,-1,0.13,,,,,,22,1.08,0.0,0.0
2026-07-13T09:33:53.164917,Raspberry_Relieve1,,,39.415,0.0,0,0.0,99.0,-1,0.13,,,,,,23,0.99,0.0,0.0
2026-07-13T09:33:54.164998,Raspberry_Relieve1,,,39.413,0.0,0,0.0,99.0,-1,0.13,,,,,,24,1.02,0.0,0.0
2026-07-13T09:33:55.165078,Raspberry_Relieve1,,,39.415,0.0,0,0.0,99.0,-1,0.13,,,,,,25,0.99,0.0,0.0
2026-07-13T09:33:56.165184,Raspberry_Relieve1,,,39.414,0.0,0,0.0,99.0,-1,0.13,,,,,,26,0.95,0.0,0.0
2026-07-13T09:33:57.165248,Raspberry_Relieve1,,,39.415,0.0,0,0.0,99.0,-1,0.13,,,,,,27,1.09,0.0,0.0
2026-07-13T09:33:58.165340,Raspberry_Relieve1,,,39.415,0.0,0,0.0,99.0,-1,0.13,,,,,,28,1.02,0.0,0.0
2026-07-13T09:33:59.165407,Raspberry_Relieve1,,,39.414,0.0,0,0.0,99.0,-1,0.13,,,,,,29,0.85,0.0,0.0
2026-07-13T09:34:00.165485,Raspberry_Relieve1,,,39.414,0.0,0,0.0,99.0,-1,0.13,,,,,,30,1.12,0.0,0.0
2026-07-13T09:34:01.165572,Raspberry_Relieve1,,,39.414,0.0,0,0.0,99.0,-1,0.13,,,,,,31,0.98,0.0,0.0
2026-07-13T09:34:02.165648,Raspberry_Relieve1,,,39.414,0.0,0,0.0,99.0,-1,0.13,,,,,,32,1.01,0.0,0.0
2026-07-13T09:34:03.165728,Raspberry_Relieve1,,,39.415,0.0,0,0.0,99.0,-1,0.13,,,,,,33,0.93,0.0,0.0
2026-07-13T09:34:04.165838,Raspberry_Relieve1,,,39.414,0.0,0,0.0,99.0,-1,0.13,,,,,,34,1.09,0.0,0.0
2026-07-13T09:34:05.165960,Raspberry_Relieve1,,,39.414,0.0,0,0.0,99.0,-1,0.13,,,,,,35,0.97,0.0,0.0
2026-07-13T09:34:06.166017,Raspberry_Relieve1,,,39.411,0.0,0,0.0,99.0,-1,0.13,,,,,,36,0.97,0.0,0.0
2026-07-13T09:34:07.166096,Raspberry_Relieve1,,,39.411,0.0,0,0.0,99.0,-1,0.13,,,,,,37,0.96,0.0,0.0
2026-07-13T09:34:08.166172,Raspberry_Relieve1,,,39.416,0.0,0,0.0,99.0,-1,0.13,,,,,,38,1.06,0.0,0.0
2026-07-13T09:34:09.166251,Raspberry_Relieve1,,,39.414,0.0,0,0.0,99.0,-1,0.13,,,,,,39,1.0,0.0,0.0
2026-07-13T09:34:10.166329,Raspberry_Relieve1,,,39.414,0.0,0,0.0,99.0,-1,0.13,,,,,,40,1.01,0.0,0.0
2026-07-13T09:34:11.166433,Raspberry_Relieve1,,,39.415,0.0,0,0.0,99.0,-1,0.13,,,,,,41,0.95,0.0,0.0
2026-07-13T09:34:12.166538,Raspberry_Relieve1,,,39.416,0.0,0,0.0,99.0,-1,0.13,,,,,,42,1.07,0.0,0.0
2026-07-13T09:34:13.166622,Raspberry_Relieve1,,,39.414,0.0,0,0.0,99.0,-1,0.13,,,,,,43,1.0,0.0,0.0
2026-07-13T09:34:14.166712,Raspberry_Relieve1,,,39.412,0.0,0,0.0,99.0,-1,0.13,,,,,,44,1.03,0.0,0.0
2026-07-13T09:34:15.166818,Raspberry_Relieve1,,,39.41,0.0,0,0.0,99.0,-1,0.13,,,,,,45,0.96,0.0,0.0
2026-07-13T09:34:16.166919,Raspberry_Relieve1,,,39.411,0.0,0,0.0,99.0,-1,0.13,,,,,,46,1.0,0.0,0.0
2026-07-13T09:34:17.167017,Raspberry_Relieve1,,,39.412,0.0,0,0.0,99.0,-1,0.13,,,,,,47,1.0,0.0,0.0
2026-07-13T09:34:18.167107,Raspberry_Relieve1,,,39.412,0.0,0,0.0,99.0,-1,0.13,,,,,,48,0.96,0.0,0.0
2026-07-13T09:34:19.167215,Raspberry_Relieve1,,,39.413,0.0,0,0.0,99.0,-1,0.13,,,,,,49,1.01,0.0,0.0
2026-07-13T09:34:20.167300,Raspberry_Relieve1,,,39.413,0.0,0,0.0,99.0,-1,0.13,,,,,,50,0.97,0.0,0.0
2026-07-13T09:34:21.167395,Raspberry_Relieve1,,,39.413,0.0,0,0.0,99.0,-1,0.13,,,,,,51,1.08,0.0,0.0
2026-07-13T09:34:22.167484,Raspberry_Relieve1,,,39.415,0.0,0,0.0,99.0,-1,0.13,,,,,,52,1.01,0.0,0.0
2026-07-13T09:34:23.167569,Raspberry_Relieve1,,,39.413,0.0,0,0.0,99.0,-1,0.13,,,,,,53,0.92,0.0,0.0
2026-07-13T09:34:24.167679,Raspberry_Relieve1,,,39.413,0.0,0,0.0,99.0,-1,0.13,,,,,,54,0.98,0.0,0.0
2026-07-13T09:34:25.167763,Raspberry_Relieve1,,,39.413,0.0,0,0.0,99.0,-1,0.13,,,,,,55,1.09,0.0,0.0
2026-07-13T09:34:26.167853,Raspberry_Relieve1,,,39.415,0.0,0,0.0,99.0,-1,0.13,,,,,,56,0.95,0.0,0.0
2026-07-13T09:34:27.167972,Raspberry_Relieve1,,,39.413,0.0,0,0.0,99.0,-1,0.13,,,,,,57,0.98,0.0,0.0
2026-07-13T09:34:28.168099,Raspberry_Relieve1,,,39.412,0.0,0,0.0,99.0,-1,0.13,,,,,,59,1.57,0.0,0.0
2026-07-13T09:34:29.168204,Raspberry_Relieve1,,,39.411,0.0,0,0.0,99.0,-1,0.13,,,,,,59,0.52,0.0,0.0
2026-07-13T09:34:30.168341,Raspberry_Relieve1,,,39.414,0.0,0,0.0,99.0,-1,0.13,,,,,,60,1.03,0.0,0.0
2026-07-13T09:34:31.168436,Raspberry_Relieve1,,,39.411,0.0,0,0.0,99.0,-1,0.13,,,,,,61,1.08,0.0,0.0
2026-07-13T09:34:32.168526,Raspberry_Relieve1,,,39.411,0.0,0,0.0,99.0,-1,0.13,,,,,,62,0.92,0.0,0.0
2026-07-13T09:34:33.168624,Raspberry_Relieve1,,,39.411,0.0,0,0.0,99.0,-1,0.13,,,,,,63,0.91,0.0,0.0
2026-07-13T09:34:34.168735,Raspberry_Relieve1,,,39.41,0.0,0,0.0,99.0,-1,0.13,,,,,,64,0.97,0.0,0.0
2026-07-13T09:34:35.168837,Raspberry_Relieve1,,,39.41,0.0,0,0.0,99.0,-1,0.13,,,,,,65,1.09,0.0,0.0
2026-07-13T09:34:36.168954,Raspberry_Relieve1,,,39.414,0.0,0,0.0,99.0,-1,0.13,,,,,,66,1.02,0.0,0.0
2026-07-13T09:34:37.169067,Raspberry_Relieve1,,,39.412,0.0,0,0.0,99.0,-1,0.13,,,,,,68,1.6,0.0,0.0
2026-07-13T09:34:38.169150,Raspberry_Relieve1,,,39.411,0.0,0,0.0,99.0,-1,0.13,,,,,,68,0.28,0.0,0.0
2026-07-13T09:34:39.169269,Raspberry_Relieve1,,,39.411,0.0,0,0.0,99.0,-1,0.13,,,,,,69,1.03,0.0,0.0
2026-07-13T09:34:40.169360,Raspberry_Relieve1,,,39.413,0.0,0,0.0,99.0,-1,0.13,,,,,,70,1.0,0.0,0.0
2026-07-13T09:34:41.169464,Raspberry_Relieve1,,,39.414,0.0,0,0.0,99.0,-1,0.13,,,,,,71,1.09,0.0,0.0
2026-07-13T09:34:42.169567,Raspberry_Relieve1,,,39.412,0.0,0,0.0,99.0,-1,0.13,,,,,,72,0.91,0.0,0.0
2026-07-13T09:34:43.169668,Raspberry_Relieve1,,,39.411,0.0,0,0.0,99.0,-1,0.13,,,,,,73,0.97,0.0,0.0
2026-07-13T09:34:44.169765,Raspberry_Relieve1,,,39.414,0.0,0,0.0,99.0,-1,0.13,,,,,,74,1.05,0.0,0.0
2026-07-13T09:34:45.169880,Raspberry_Relieve1,,,39.414,0.0,0,0.0,99.0,-1,0.13,,,,,,75,0.98,0.0,0.0
2026-07-13T09:34:46.169989,Raspberry_Relieve1,,,39.411,0.0,0,0.0,99.0,-1,0.13,,,,,,76,1.0,0.0,0.0
2026-07-13T09:34:47.170107,Raspberry_Relieve1,,,39.412,0.0,0,0.0,99.0,-1,0.13,,,,,,77,1.0,0.0,0.0
2026-07-13T09:34:48.170235,Raspberry_Relieve1,,,39.413,0.0,0,0.0,99.0,-1,0.13,,,,,,78,0.98,0.0,0.0
2026-07-13T09:34:49.170348,Raspberry_Relieve1,,,39.411,0.0,0,0.0,99.0,-1,0.13,,,,,,79,1.02,0.0,0.0
2026-07-13T09:34:50.170445,Raspberry_Relieve1,,,39.412,0.0,0,0.0,99.0,-1,0.13,,,,,,80,1.01,0.0,0.0
2026-07-13T09:34:51.170555,Raspberry_Relieve1,,,39.41,0.0,0,0.0,99.0,-1,0.13,,,,,,81,1.06,0.0,0.0
2026-07-13T09:34:52.170650,Raspberry_Relieve1,,,39.412,0.0,0,0.0,99.0,-1,0.13,,,,,,82,0.92,0.0,0.0
2026-07-13T09:34:53.170769,Raspberry_Relieve1,,,39.412,0.0,0,0.0,99.0,-1,0.13,,,,,,83,1.08,0.0,0.0
2026-07-13T09:34:54.170882,Raspberry_Relieve1,,,39.411,0.0,0,0.0,99.0,-1,0.13,,,,,,84,0.98,0.0,0.0
2026-07-13T09:34:55.170998,Raspberry_Relieve1,,,39.411,0.0,0,0.0,99.0,-1,0.13,,,,,,85,0.96,0.0,0.0
2026-07-13T09:34:56.171092,Raspberry_Relieve1,,,39.409,0.0,0,0.0,99.0,-1,0.13,,,,,,86,1.11,0.0,0.0
2026-07-13T09:34:57.171195,Raspberry_Relieve1,,,39.411,0.0,0,0.0,99.0,-1,0.13,,,,,,87,0.88,0.0,0.0
2026-07-13T09:34:58.171302,Raspberry_Relieve1,,,39.411,0.0,0,0.0,99.0,-1,0.13,,,,,,88,0.99,0.0,0.0
2026-07-13T09:34:59.171387,Raspberry_Relieve1,,,39.409,0.0,0,0.0,99.0,-1,0.13,,,,,,89,1.04,0.0,0.0
2026-07-13T09:35:00.171478,Raspberry_Relieve1,,,39.412,0.0,0,0.0,99.0,-1,0.13,,,,,,90,1.03,0.0,0.0
2026-07-13T09:35:01.171625,Raspberry_Relieve1,,,39.411,0.0,0,0.0,99.0,-1,0.13,,,,,,91,0.93,0.0,0.0
2026-07-13T09:35:02.171712,Raspberry_Relieve1,,,39.412,0.0,0,0.0,99.0,-1,0.13,,,,,,92,1.09,0.0,0.0
2026-07-13T09:35:03.171828,Raspberry_Relieve1,,,39.41,0.0,0,0.0,99.0,-1,0.13,,,,,,93,0.9,0.0,0.0
2026-07-13T09:35:04.171960,Raspberry_Relieve1,,,39.411,0.0,0,0.0,99.0,-1,0.13,,,,,,94,1.08,0.0,0.0
2026-07-13T09:35:05.172067,Raspberry_Relieve1,,,39.412,0.0,0,0.0,99.0,-1,0.13,,,,,,95,0.92,0.0,0.0
2026-07-13T09:35:06.172178,Raspberry_Relieve1,,,39.41,0.0,0,0.0,99.0,-1,0.13,,,,,,96,1.01,0.0,0.0
2026-07-13T09:35:07.172270,Raspberry_Relieve1,,,39.412,0.0,0,0.0,99.0,-1,0.13,,,,,,97,1.05,0.0,0.0
2026-07-13T09:35:08.172380,Raspberry_Relieve1,,,39.411,0.0,0,0.0,99.0,-1,0.13,,,,,,98,0.99,0.0,0.0
2026-07-13T09:35:09.172476,Raspberry_Relieve1,,,39.41,0.0,0,0.0,99.0,-1,0.13,,,,,,99,0.96,0.0,0.0
2026-07-13T09:35:10.172574,Raspberry_Relieve1,,,39.411,0.0,0,0.0,99.0,-1,0.13,,,,,,100,1.14,0.0,0.0
2026-07-13T09:35:11.172671,Raspberry_Relieve1,,,39.413,0.0,0,0.0,99.0,-1,0.13,,,,,,101,0.97,0.0,0.0
2026-07-13T09:35:12.172789,Raspberry_Relieve1,,,39.41,0.0,0,0.0,99.0,-1,0.13,,,,,,102,0.89,0.0,0.0
2026-07-13T09:35:13.172890,Raspberry_Relieve1,,,39.409,0.0,0,0.0,99.0,-1,0.13,,,,,,103,1.09,0.0,0.0
2026-07-13T09:35:14.172989,Raspberry_Relieve1,,,39.412,0.0,0,0.0,99.0,-1,0.13,,,,,,104,0.97,0.0,0.0
2026-07-13T09:35:15.173112,Raspberry_Relieve1,,,39.409,0.0,0,0.0,99.0,-1,0.13,,,,,,105,1.11,0.0,0.0
2026-07-13T09:35:16.173195,Raspberry_Relieve1,,,39.409,0.0,0,0.0,99.0,-1,0.13,,,,,,106,0.86,0.0,0.0
2026-07-13T09:35:17.173290,Raspberry_Relieve1,,,39.408,0.0,0,0.0,99.0,-1,0.13,,,,,,107,1.03,0.0,0.0
2026-07-13T09:35:18.173390,Raspberry_Relieve1,,,39.41,0.0,0,0.0,99.0,-1,0.13,,,,,,108,1.03,0.0,0.0
2026-07-13T09:35:19.173489,Raspberry_Relieve1,,,39.41,0.0,0,0.0,99.0,-1,0.13,,,,,,109,1.01,0.0,0.0
2026-07-13T09:35:20.173592,Raspberry_Relieve1,,,39.409,0.0,0,0.0,99.0,-1,0.13,,,,,,110,0.93,0.0,0.0
2026-07-13T09:35:21.173687,Raspberry_Relieve1,,,39.408,0.0,0,0.0,99.0,-1,0.13,,,,,,111,1.09,0.0,0.0
2026-07-13T09:35:22.173775,Raspberry_Relieve1,,,39.409,0.0,0,0.0,99.0,-1,0.13,,,,,,112,0.94,0.0,0.0
2026-07-13T09:35:23.173882,Raspberry_Relieve1,,,39.408,0.0,0,0.0,99.0,-1,0.13,,,,,,113,0.96,0.0,0.0
2026-07-13T09:35:24.173984,Raspberry_Relieve1,,,39.409,0.0,0,0.0,99.0,-1,0.13,,,,,,114,1.06,0.0,0.0
2026-07-13T09:35:25.174071,Raspberry_Relieve1,,,39.41,0.0,0,0.0,99.0,-1,0.13,,,,,,115,0.99,0.0,0.0
2026-07-13T09:35:26.174158,Raspberry_Relieve1,,,39.408,0.0,0,0.0,99.0,-1,0.13,,,,,,116,1.0,0.0,0.0
2026-07-13T09:35:27.174260,Raspberry_Relieve1,,,39.409,0.0,0,0.0,99.0,-1,0.13,,,,,,117,0.94,0.0,0.0
2026-07-13T09:35:28.174352,Raspberry_Relieve1,,,39.409,0.0,0,0.0,99.0,-1,0.13,,,,,,118,0.99,0.0,0.0
2026-07-13T09:35:29.174449,Raspberry_Relieve1,,,39.408,0.0,0,0.0,99.0,-1,0.13,,,,,,119,1.05,0.0,0.0
2026-07-13T09:35:30.174548,Raspberry_Relieve1,,,39.41,0.0,0,0.0,99.0,-1,0.13,,,,,,120,0.97,0.0,0.0
2026-07-13T09:35:31.174643,Raspberry_Relieve1,,,39.408,0.0,0,0.0,99.0,-1,0.13,,,,,,121,1.03,0.0,0.0
2026-07-13T09:35:32.174738,Raspberry_Relieve1,,,39.406,0.0,0,0.0,99.0,-1,0.13,,,,,,122,1.06,0.0,0.0
2026-07-13T09:35:33.174853,Raspberry_Relieve1,,,39.407,0.0,0,0.0,99.0,-1,0.13,,,,,,123,0.96,0.0,0.0
2026-07-13T09:35:34.174966,Raspberry_Relieve1,,,39.407,0.0,0,0.0,99.0,-1,0.13,,,,,,124,0.95,0.0,0.0
2026-07-13T09:35:35.175092,Raspberry_Relieve1,,,39.408,0.0,0,0.0,99.0,-1,0.13,,,,,,125,0.98,0.0,0.0
2026-07-13T09:35:36.175192,Raspberry_Relieve1,,,39.407,0.0,0,0.0,99.0,-1,0.13,,,,,,126,0.97,0.0,0.0
2026-07-13T09:35:37.175290,Raspberry_Relieve1,,,39.409,0.0,0,0.0,99.0,-1,0.13,,,,,,127,1.17,0.0,0.0
2026-07-13T09:35:38.175400,Raspberry_Relieve1,,,39.407,0.0,0,0.0,99.0,-1,0.13,,,,,,128,0.86,0.0,0.0
2026-07-13T09:35:39.175519,Raspberry_Relieve1,,,39.407,0.0,0,0.0,99.0,-1,0.13,,,,,,130,1.48,0.0,0.0
2026-07-13T09:35:40.175622,Raspberry_Relieve1,,,39.408,0.0,0,0.0,99.0,-1,0.13,,,,,,130,0.49,0.0,0.0
2026-07-13T09:35:41.175718,Raspberry_Relieve1,,,39.41,0.0,0,0.0,99.0,-1,0.13,,,,,,131,1.05,0.0,0.0
2026-07-13T09:35:42.175834,Raspberry_Relieve1,,,39.411,0.0,0,0.0,99.0,-1,0.13,,,,,,132,0.99,0.0,0.0
2026-07-13T09:35:43.175965,Raspberry_Relieve1,,,39.408,0.0,0,0.0,99.0,-1,0.13,,,,,,133,1.08,0.0,0.0
2026-07-13T09:35:44.176065,Raspberry_Relieve1,,,39.408,0.0,0,0.0,99.0,-1,0.13,,,,,,134,1.02,0.0,0.0
2026-07-13T09:35:45.176173,Raspberry_Relieve1,,,39.407,0.0,0,0.0,99.0,-1,0.13,,,,,,135,0.89,0.0,0.0
2026-07-13T09:35:46.176281,Raspberry_Relieve1,,,39.408,0.0,0,0.0,99.0,-1,0.13,,,,,,136,1.06,0.0,0.0
2026-07-13T09:35:47.176395,Raspberry_Relieve1,,,39.408,0.0,0,0.0,99.0,-1,0.13,,,,,,137,0.98,0.0,0.0
2026-07-13T09:35:48.176514,Raspberry_Relieve1,,,39.408,0.0,0,0.0,99.0,-1,0.13,,,,,,138,1.0,0.0,0.0
2026-07-13T09:35:49.176616,Raspberry_Relieve1,,,39.408,0.0,0,0.0,99.0,-1,0.13,,,,,,139,0.97,0.0,0.0
2026-07-13T09:35:50.176717,Raspberry_Relieve1,,,39.409,0.0,0,0.0,99.0,-1,0.13,,,,,,140,1.0,0.0,0.0
2026-07-13T09:35:51.176822,Raspberry_Relieve1,,,39.408,0.0,0,0.0,99.0,-1,0.13,,,,,,141,0.99,0.0,0.0
2026-07-13T09:35:52.176929,Raspberry_Relieve1,,,39.407,0.0,0,0.0,99.0,-1,0.13,,,,,,142,1.04,0.0,0.0
2026-07-13T09:35:53.177031,Raspberry_Relieve1,,,39.408,0.0,0,0.0,99.0,-1,0.13,,,,,,143,1.04,0.0,0.0
2026-07-13T09:35:54.177143,Raspberry_Relieve1,,,39.408,0.0,0,0.0,99.0,-1,0.13,,,,,,144,0.9,0.0,0.0
2026-07-13T09:35:55.177247,Raspberry_Relieve1,,,39.407,0.0,0,0.0,99.0,-1,0.13,,,,,,145,1.04,0.0,0.0
2026-07-13T09:35:56.177369,Raspberry_Relieve1,,,39.407,0.0,0,0.0,99.0,-1,0.13,,,,,,146,1.04,0.0,0.0
2026-07-13T09:35:57.177469,Raspberry_Relieve1,,,39.407,0.0,0,0.0,99.0,-1,0.13,,,,,,147,1.02,0.0,0.0
2026-07-13T09:35:58.177608,Raspberry_Relieve1,,,39.407,0.0,0,0.0,99.0,-1,0.13,,,,,,148,0.94,0.0,0.0
2026-07-13T09:35:59.177717,Raspberry_Relieve1,,,39.407,0.0,0,0.0,99.0,-1,0.13,,,,,,149,1.01,0.0,0.0
2026-07-13T09:36:00.177826,Raspberry_Relieve1,,,39.408,0.0,0,0.0,99.0,-1,0.13,,,,,,150,1.03,0.0,0.0
2026-07-13T09:36:01.177960,Raspberry_Relieve1,,,39.408,0.0,0,0.0,99.0,-1,0.13,,,,,,151,0.93,0.0,0.0
2026-07-13T09:36:02.178083,Raspberry_Relieve1,,,39.407,0.0,0,0.0,99.0,-1,0.13,,,,,,152,0.98,0.0,0.0
2026-07-13T09:36:03.178210,Raspberry_Relieve1,,,39.41,0.0,0,0.0,99.0,-1,0.13,,,,,,153,1.07,0.0,0.0
2026-07-13T09:36:04.178314,Raspberry_Relieve1,,,39.409,0.0,0,0.0,99.0,-1,0.13,,,,,,154,1.04,0.0,0.0
2026-07-13T09:36:05.178437,Raspberry_Relieve1,,,39.408,0.0,0,0.0,99.0,-1,0.13,,,,,,155,0.93,0.0,0.0
2026-07-13T09:36:06.178567,Raspberry_Relieve1,,,39.408,0.0,0,0.0,99.0,-1,0.13,,,,,,156,1.0,0.0,0.0
2026-07-13T09:36:07.178692,Raspberry_Relieve1,,,39.407,0.0,0,0.0,99.0,-1,0.13,,,,,,157,1.01,0.0,0.0
2026-07-13T09:36:08.178821,Raspberry_Relieve1,,,39.407,0.0,0,0.0,99.0,-1,0.13,,,,,,158,1.0,0.0,0.0
2026-07-13T09:36:09.178955,Raspberry_Relieve1,,,39.407,0.0,0,0.0,99.0,-1,0.13,,,,,,159,1.02,0.0,0.0
2026-07-13T09:36:10.179072,Raspberry_Relieve1,,,39.407,0.0,0,0.0,99.0,-1,0.13,,,,,,160,0.96,0.0,0.0
2026-07-13T09:36:11.179193,Raspberry_Relieve1,,,39.407,0.0,0,0.0,99.0,-1,0.13,,,,,,161,1.03,0.0,0.0
2026-07-13T09:36:12.179317,Raspberry_Relieve1,,,39.407,0.0,0,0.0,99.0,-1,0.13,,,,,,162,0.95,0.0,0.0
2026-07-13T09:36:13.179439,Raspberry_Relieve1,,,39.407,0.0,0,0.0,99.0,-1,0.13,,,,,,163,1.0,0.0,0.0
2026-07-13T09:36:14.179525,Raspberry_Relieve1,,,39.407,0.0,0,0.0,99.0,-1,0.13,,,,,,164,1.02,0.0,0.0
2026-07-13T09:36:15.179655,Raspberry_Relieve1,,,39.408,0.0,0,0.0,99.0,-1,0.13,,,,,,165,1.04,0.0,0.0
2026-07-13T09:36:16.179779,Raspberry_Relieve1,,,39.408,0.0,0,0.0,99.0,-1,0.13,,,,,,166,1.05,0.0,0.0
2026-07-13T09:36:17.179938,Raspberry_Relieve1,,,39.406,0.0,0,0.0,99.0,-1,0.13,,,,,,167,0.97,0.0,0.0
2026-07-13T09:36:18.180045,Raspberry_Relieve1,,,39.407,0.0,0,0.0,99.0,-1,0.13,,,,,,168,0.92,0.0,0.0
2026-07-13T09:36:19.180177,Raspberry_Relieve1,,,39.407,0.0,0,0.0,99.0,-1,0.13,,,,,,169,1.0,0.0,0.0
2026-07-13T09:36:20.180314,Raspberry_Relieve1,,,39.407,0.0,0,0.0,99.0,-1,0.13,,,,,,170,1.0,0.0,0.0
2026-07-13T09:36:21.180431,Raspberry_Relieve1,,,39.407,0.0,0,0.0,99.0,-1,0.13,,,,,,171,1.01,0.0,0.0
2026-07-13T09:36:22.180553,Raspberry_Relieve1,,,39.408,0.0,0,0.0,99.0,-1,0.13,,,,,,172,1.03,0.0,0.0
2026-07-13T09:36:23.180680,Raspberry_Relieve1,,,39.406,0.0,0,0.0,99.0,-1,0.13,,,,,,173,0.96,0.0,0.0
2026-07-13T09:36:24.180796,Raspberry_Relieve1,,,39.407,0.0,0,0.0,99.0,-1,0.13,,,,,,174,1.1,0.0,0.0
2026-07-13T09:36:25.180912,Raspberry_Relieve1,,,39.408,0.0,0,0.0,99.0,-1,0.13,,,,,,175,0.93,0.0,0.0
2026-07-13T09:36:26.181032,Raspberry_Relieve1,,,39.405,0.0,0,0.0,99.0,-1,0.13,,,,,,176,1.05,0.0,0.0
2026-07-13T09:36:27.181168,Raspberry_Relieve1,,,39.406,0.0,0,0.0,99.0,-1,0.13,,,,,,177,1.13,0.0,0.0
2026-07-13T09:36:28.181295,Raspberry_Relieve1,,,39.406,0.0,0,0.0,99.0,-1,0.13,,,,,,178,0.87,0.0,0.0
2026-07-13T09:36:29.181404,Raspberry_Relieve1,,,39.407,0.0,0,0.0,99.0,-1,0.13,,,,,,179,0.92,0.0,0.0
2026-07-13T09:36:30.181519,Raspberry_Relieve1,,,39.406,0.0,0,0.0,99.0,-1,0.13,,,,,,180,1.09,0.0,0.0
2026-07-13T09:36:31.181630,Raspberry_Relieve1,,,39.408,0.0,0,0.0,99.0,-1,0.13,,,,,,181,0.91,0.0,0.0
2026-07-13T09:36:32.181736,Raspberry_Relieve1,,,39.408,0.0,0,0.0,99.0,-1,0.13,,,,,,182,0.99,0.0,0.0
2026-07-13T09:36:33.181848,Raspberry_Relieve1,,,39.406,0.0,0,0.0,99.0,-1,0.13,,,,,,183,1.03,0.0,0.0
2026-07-13T09:36:34.181949,Raspberry_Relieve1,,,39.408,0.0,0,0.0,99.0,-1,0.13,,,,,,184,1.04,0.0,0.0
2026-07-13T09:36:35.182056,Raspberry_Relieve1,,,39.407,0.0,0,0.0,99.0,-1,0.13,,,,,,185,0.94,0.0,0.0
2026-07-13T09:36:36.182176,Raspberry_Relieve1,,,39.406,0.0,0,0.0,99.0,-1,0.13,,,,,,186,1.07,0.0,0.0
2026-07-13T09:36:37.182295,Raspberry_Relieve1,,,39.407,0.0,0,0.0,99.0,-1,0.13,,,,,,187,0.98,0.0,0.0
2026-07-13T09:36:38.182474,Raspberry_Relieve1,,,39.408,0.0,0,0.0,99.0,-1,0.13,,,,,,188,1.03,0.0,0.0
2026-07-13T09:36:39.182587,Raspberry_Relieve1,,,39.405,0.0,0,0.0,99.0,-1,0.13,,,,,,189,0.99,0.0,0.0
2026-07-13T09:36:40.182782,Raspberry_Relieve1,,,39.406,0.0,0,0.0,99.0,-1,0.13,,,,,,190,0.99,0.0,0.0
2026-07-13T09:36:41.182963,Raspberry_Relieve1,,,39.407,0.0,0,0.0,99.0,-1,0.13,,,,,,191,0.95,0.0,0.0
2026-07-13T09:36:42.183086,Raspberry_Relieve1,,,39.407,0.0,0,0.0,99.0,-1,0.13,,,,,,192,0.98,0.0,0.0
2026-07-13T09:36:43.183183,Raspberry_Relieve1,,,39.406,0.0,0,0.0,99.0,-1,0.13,,,,,,193,1.06,0.0,0.0
2026-07-13T09:36:44.183289,Raspberry_Relieve1,,,39.407,0.0,0,0.0,99.0,-1,0.13,,,,,,194,0.95,0.0,0.0
2026-07-13T09:36:45.183398,Raspberry_Relieve1,,,39.406,0.0,0,0.0,99.0,-1,0.13,,,,,,195,1.03,0.0,0.0
2026-07-13T09:36:46.183498,Raspberry_Relieve1,,,39.407,0.0,0,0.0,99.0,-1,0.13,,,,,,196,0.96,0.0,0.0
2026-07-13T09:36:47.183626,Raspberry_Relieve1,,,39.405,0.0,0,0.0,99.0,-1,0.13,,,,,,197,1.09,0.0,0.0
2026-07-13T09:36:48.183732,Raspberry_Relieve1,,,39.406,0.0,0,0.0,99.0,-1,0.13,,,,,,198,0.93,0.0,0.0
2026-07-13T09:36:49.183832,Raspberry_Relieve1,,,39.405,0.0,0,0.0,99.0,-1,0.13,,,,,,199,0.99,0.0,0.0
2026-07-13T09:36:50.183938,Raspberry_Relieve1,,,39.403,0.0,0,0.0,99.0,-1,0.13,,,,,,200,1.0,0.0,0.0
2026-07-13T09:36:51.184058,Raspberry_Relieve1,,,39.405,0.0,0,0.0,99.0,-1,0.13,,,,,,201,0.99,0.0,0.0
2026-07-13T09:36:52.184154,Raspberry_Relieve1,,,39.404,0.0,0,0.0,99.0,-1,0.13,,,,,,202,1.12,0.0,0.0
2026-07-13T09:36:53.184282,Raspberry_Relieve1,,,39.404,0.0,0,0.0,99.0,-1,0.13,,,,,,203,0.95,0.0,0.0
2026-07-13T09:36:54.184379,Raspberry_Relieve1,,,39.406,0.0,0,0.0,99.0,-1,0.13,,,,,,204,1.08,0.0,0.0
2026-07-13T09:36:55.184506,Raspberry_Relieve1,,,39.406,0.0,0,0.0,99.0,-1,0.13,,,,,,205,0.9,0.0,0.0
2026-07-13T09:36:56.184612,Raspberry_Relieve1,,,39.404,0.0,0,0.0,99.0,-1,0.13,,,,,,206,1.04,0.0,0.0
2026-07-13T09:36:57.184723,Raspberry_Relieve1,,,39.404,0.0,0,0.0,99.0,-1,0.13,,,,,,207,1.04,0.0,0.0
2026-07-13T09:36:58.184834,Raspberry_Relieve1,,,39.404,0.0,0,0.0,99.0,-1,0.13,,,,,,208,0.92,0.0,0.0
2026-07-13T09:36:59.184947,Raspberry_Relieve1,,,39.405,0.0,0,0.0,99.0,-1,0.13,,,,,,209,1.05,0.0,0.0
2026-07-13T09:37:00.185067,Raspberry_Relieve1,,,39.404,0.0,0,0.0,99.0,-1,0.13,,,,,,210,1.0,0.0,0.0
2026-07-13T09:37:01.185209,Raspberry_Relieve1,,,39.403,0.0,0,0.0,99.0,-1,0.13,,,,,,211,0.89,0.0,0.0
2026-07-13T09:37:02.185363,Raspberry_Relieve1,,,39.403,0.0,0,0.0,99.0,-1,0.13,,,,,,212,1.01,0.0,0.0
2026-07-13T09:37:03.185465,Raspberry_Relieve1,,,39.404,0.0,0,0.0,99.0,-1,0.13,,,,,,213,1.06,0.0,0.0
2026-07-13T09:37:04.185568,Raspberry_Relieve1,,,39.404,0.0,0,0.0,99.0,-1,0.13,,,,,,214,0.93,0.0,0.0
2026-07-13T09:37:05.185683,Raspberry_Relieve1,,,39.406,0.0,0,0.0,99.0,-1,0.13,,,,,,215,1.07,0.0,0.0
2026-07-13T09:37:06.185806,Raspberry_Relieve1,,,39.405,0.0,0,0.0,99.0,-1,0.13,,,,,,216,1.03,0.0,0.0
2026-07-13T09:37:07.185900,Raspberry_Relieve1,,,39.405,0.0,0,0.0,99.0,-1,0.13,,,,,,217,0.99,0.0,0.0
2026-07-13T09:37:08.186009,Raspberry_Relieve1,,,39.404,0.0,0,0.0,99.0,-1,0.13,,,,,,218,1.1,0.0,0.0
2026-07-13T09:37:09.186127,Raspberry_Relieve1,,,39.404,0.0,0,0.0,99.0,-1,0.13,,,,,,219,0.87,0.0,0.0
2026-07-13T09:37:10.186224,Raspberry_Relieve1,,,39.404,0.0,0,0.0,99.0,-1,0.13,,,,,,220,1.0,0.0,0.0
2026-07-13T09:37:11.186329,Raspberry_Relieve1,,,39.404,0.0,0,0.0,99.0,-1,0.13,,,,,,221,1.0,0.0,0.0
2026-07-13T09:37:12.186441,Raspberry_Relieve1,,,39.404,0.0,0,0.0,99.0,-1,0.13,,,,,,222,1.03,0.0,0.0
2026-07-13T09:37:13.186537,Raspberry_Relieve1,,,39.404,0.0,0,0.0,99.0,-1,0.13,,,,,,223,0.89,0.0,0.0
2026-07-13T09:37:14.186659,Raspberry_Relieve1,,,39.403,0.0,0,0.0,99.0,-1,0.13,,,,,,224,1.0,0.0,0.0
2026-07-13T09:37:15.186762,Raspberry_Relieve1,,,39.403,0.0,0,0.0,99.0,-1,0.13,,,,,,225,1.09,0.0,0.0
2026-07-13T09:37:16.186864,Raspberry_Relieve1,,,39.403,0.0,0,0.0,99.0,-1,0.13,,,,,,226,0.91,0.0,0.0
2026-07-13T09:37:17.186981,Raspberry_Relieve1,,,39.405,0.0,0,0.0,99.0,-1,0.13,,,,,,227,1.01,0.0,0.0
2026-07-13T09:37:18.187116,Raspberry_Relieve1,,,39.403,0.0,0,0.0,99.0,-1,0.13,,,,,,228,1.01,0.0,0.0
2026-07-13T09:37:19.187271,Raspberry_Relieve1,,,39.405,0.0,0,0.0,99.0,-1,0.13,,,,,,229,1.1,0.0,0.0
2026-07-13T09:37:20.187501,Raspberry_Relieve1,,,39.404,0.0,0,0.0,99.0,-1,0.13,,,,,,230,0.9,0.0,0.0
2026-07-13T09:37:21.187608,Raspberry_Relieve1,,,39.404,0.0,0,0.0,99.0,-1,0.13,,,,,,231,1.0,0.0,0.0
2026-07-13T09:37:22.187720,Raspberry_Relieve1,,,39.403,0.0,0,0.0,99.0,-1,0.13,,,,,,232,1.02,0.0,0.0
2026-07-13T09:37:23.187831,Raspberry_Relieve1,,,39.404,0.0,0,0.0,99.0,-1,0.13,,,,,,233,1.05,0.0,0.0
2026-07-13T09:37:24.187994,Raspberry_Relieve1,,,39.404,0.0,0,0.0,99.0,-1,0.13,,,,,,234,1.02,0.0,0.0
2026-07-13T09:37:25.188097,Raspberry_Relieve1,,,39.402,0.0,0,0.0,99.0,-1,0.13,,,,,,235,0.9,0.0,0.0
2026-07-13T09:37:26.188209,Raspberry_Relieve1,,,39.403,0.0,0,0.0,99.0,-1,0.13,,,,,,236,1.11,0.0,0.0
2026-07-13T09:37:27.188322,Raspberry_Relieve1,,,39.403,0.0,0,0.0,99.0,-1,0.13,,,,,,237,0.96,0.0,0.0
2026-07-13T09:37:28.188438,Raspberry_Relieve1,,,39.405,0.0,0,0.0,99.0,-1,0.13,,,,,,238,0.96,0.0,0.0
2026-07-13T09:37:29.188599,Raspberry_Relieve1,,,39.403,0.0,0,0.0,99.0,-1,0.13,,,,,,239,1.05,0.0,0.0
2026-07-13T09:37:30.188687,Raspberry_Relieve1,,,39.403,0.0,0,0.0,99.0,-1,0.13,,,,,,240,0.99,0.0,0.0
2026-07-13T09:37:31.188799,Raspberry_Relieve1,,,39.404,0.0,0,0.0,99.0,-1,0.13,,,,,,241,0.94,0.0,0.0
2026-07-13T09:37:32.188910,Raspberry_Relieve1,,,39.402,0.0,0,0.0,99.0,-1,0.13,,,,,,242,1.11,0.0,0.0
2026-07-13T09:37:33.188999,Raspberry_Relieve1,,,39.402,0.0,0,0.0,99.0,-1,0.13,,,,,,243,0.88,0.0,0.0
2026-07-13T09:37:34.189116,Raspberry_Relieve1,,,39.403,0.0,0,0.0,99.0,-1,0.13,,,,,,245,1.52,0.0,0.0
2026-07-13T09:37:35.189266,Raspberry_Relieve1,,,39.403,0.0,0,0.0,99.0,-1,0.13,,,,,,245,0.55,0.0,0.0
2026-07-13T09:37:36.189371,Raspberry_Relieve1,,,39.403,0.0,0,0.0,99.0,-1,0.13,,,,,,246,0.94,0.0,0.0
2026-07-13T09:37:37.189484,Raspberry_Relieve1,,,39.403,0.0,0,0.0,99.0,-1,0.13,,,,,,247,0.98,0.0,0.0
2026-07-13T09:37:38.189608,Raspberry_Relieve1,,,39.402,0.0,0,0.0,99.0,-1,0.13,,,,,,248,0.99,0.0,0.0
2026-07-13T09:37:39.189725,Raspberry_Relieve1,,,39.403,0.0,0,0.0,99.0,-1,0.13,,,,,,249,1.1,0.0,0.0
2026-07-13T09:37:40.189839,Raspberry_Relieve1,,,39.402,0.0,0,0.0,99.0,-1,0.13,,,,,,250,0.93,0.0,0.0
2026-07-13T09:37:41.189941,Raspberry_Relieve1,,,39.403,0.0,0,0.0,99.0,-1,0.13,,,,,,251,1.11,0.0,0.0
2026-07-13T09:37:42.190130,Raspberry_Relieve1,,,39.403,0.0,0,0.0,99.0,-1,0.13,,,,,,252,0.88,0.0,0.0
2026-07-13T09:37:43.190295,Raspberry_Relieve1,,,39.403,0.0,0,0.0,99.0,-1,0.13,,,,,,253,1.06,0.0,0.0
2026-07-13T09:37:44.190386,Raspberry_Relieve1,,,39.403,0.0,0,0.0,99.0,-1,0.13,,,,,,254,1.07,0.0,0.0
2026-07-13T09:37:45.190485,Raspberry_Relieve1,,,39.403,0.0,0,0.0,99.0,-1,0.13,,,,,,255,0.94,0.0,0.0
2026-07-13T09:37:46.190592,Raspberry_Relieve1,,,39.402,0.0,0,0.0,99.0,-1,0.13,,,,,,256,0.91,0.0,0.0
2026-07-13T09:37:47.190695,Raspberry_Relieve1,,,39.402,0.0,0,0.0,99.0,-1,0.13,,,,,,257,1.02,0.0,0.0
2026-07-13T09:37:48.190811,Raspberry_Relieve1,,,39.403,0.0,0,0.0,99.0,-1,0.13,,,,,,258,1.0,0.0,0.0
2026-07-13T09:37:49.190928,Raspberry_Relieve1,,,39.402,0.0,0,0.0,99.0,-1,0.13,,,,,,259,1.1,0.0,0.0
2026-07-13T09:37:50.191024,Raspberry_Relieve1,,,39.402,0.0,0,0.0,99.0,-1,0.13,,,,,,260,1.0,0.0,0.0
2026-07-13T09:37:51.191131,Raspberry_Relieve1,,,39.402,0.0,0,0.0,99.0,-1,0.13,,,,,,261,0.88,0.0,0.0
2026-07-13T09:37:52.191251,Raspberry_Relieve1,,,39.402,0.0,0,0.0,99.0,-1,0.13,,,,,,262,1.08,0.0,0.0
2026-07-13T09:37:53.191346,Raspberry_Relieve1,,,39.403,0.0,0,0.0,99.0,-1,0.13,,,,,,263,1.01,0.0,0.0
2026-07-13T09:37:54.191468,Raspberry_Relieve1,,,39.402,0.0,0,0.0,99.0,-1,0.13,,,,,,264,1.0,0.0,0.0
2026-07-13T09:37:55.191565,Raspberry_Relieve1,,,39.4,0.0,0,0.0,99.0,-1,0.13,,,,,,265,1.02,0.0,0.0
2026-07-13T09:37:56.191711,Raspberry_Relieve1,,,39.401,0.0,0,0.0,99.0,-1,0.13,,,,,,266,0.91,0.0,0.0
2026-07-13T09:37:57.191805,Raspberry_Relieve1,,,39.401,0.0,0,0.0,99.0,-1,0.13,,,,,,267,0.98,0.0,0.0
2026-07-13T09:37:58.191944,Raspberry_Relieve1,,,39.402,0.0,0,0.0,99.0,-1,0.13,,,,,,268,1.0,0.0,0.0
2026-07-13T09:37:59.192046,Raspberry_Relieve1,,,39.401,0.0,0,0.0,99.0,-1,0.13,,,,,,269,1.02,0.0,0.0
2026-07-13T09:38:00.192151,Raspberry_Relieve1,,,39.403,0.0,0,0.0,99.0,-1,0.13,,,,,,270,1.0,0.0,0.0
2026-07-13T09:38:01.192265,Raspberry_Relieve1,,,39.401,0.0,0,0.0,99.0,-1,0.13,,,,,,271,1.11,0.0,0.0
2026-07-13T09:38:02.192377,Raspberry_Relieve1,,,39.402,0.0,0,0.0,99.0,-1,0.13,,,,,,272,0.97,0.0,0.0
2026-07-13T09:38:03.192486,Raspberry_Relieve1,,,39.401,0.0,0,0.0,99.0,-1,0.13,,,,,,273,0.91,0.0,0.0
2026-07-13T09:38:04.192587,Raspberry_Relieve1,,,39.404,0.0,0,0.0,99.0,-1,0.13,,,,,,274,1.1,0.0,0.0
2026-07-13T09:38:05.192775,Raspberry_Relieve1,,,39.402,0.0,0,0.0,99.0,-1,0.13,,,,,,275,0.97,0.0,0.0
2026-07-13T09:38:06.192892,Raspberry_Relieve1,,,39.402,0.0,0,0.0,99.0,-1,0.13,,,,,,276,1.0,0.0,0.0
2026-07-13T09:38:07.193076,Raspberry_Relieve1,,,39.402,0.0,0,0.0,99.0,-1,0.13,,,,,,277,0.94,0.0,0.0
2026-07-13T09:38:08.193180,Raspberry_Relieve1,,,39.404,0.0,0,0.0,99.0,-1,0.13,,,,,,278,0.99,0.0,0.0
2026-07-13T09:38:09.193298,Raspberry_Relieve1,,,39.402,0.0,0,0.0,99.0,-1,0.13,,,,,,279,1.04,0.0,0.0
2026-07-13T09:38:10.193438,Raspberry_Relieve1,,,39.402,0.0,0,0.0,99.0,-1,0.13,,,,,,280,0.94,0.0,0.0
2026-07-13T09:38:11.193552,Raspberry_Relieve1,,,39.403,0.0,0,0.0,99.0,-1,0.13,,,,,,281,1.09,0.0,0.0
2026-07-13T09:38:12.193647,Raspberry_Relieve1,,,39.401,0.0,0,0.0,99.0,-1,0.13,,,,,,282,0.95,0.0,0.0
2026-07-13T09:38:13.193764,Raspberry_Relieve1,,,39.401,0.0,0,0.0,99.0,-1,0.13,,,,,,283,1.11,0.0,0.0
2026-07-13T09:38:14.193859,Raspberry_Relieve1,,,39.401,0.0,0,0.0,99.0,-1,0.13,,,,,,284,0.95,0.0,0.0
2026-07-13T09:38:15.193961,Raspberry_Relieve1,,,39.402,0.0,0,0.0,99.0,-1,0.13,,,,,,285,0.93,0.0,0.0
2026-07-13T09:38:16.194067,Raspberry_Relieve1,,,39.401,0.0,0,0.0,99.0,-1,0.13,,,,,,286,1.0,0.0,0.0
2026-07-13T09:38:17.194185,Raspberry_Relieve1,,,39.402,0.0,0,0.0,99.0,-1,0.13,,,,,,287,1.1,0.0,0.0
2026-07-13T09:38:18.194287,Raspberry_Relieve1,,,39.402,0.0,0,0.0,99.0,-1,0.13,,,,,,288,0.96,0.0,0.0
2026-07-13T09:38:19.194426,Raspberry_Relieve1,,,39.401,0.0,0,0.0,99.0,-1,0.13,,,,,,289,0.98,0.0,0.0
2026-07-13T09:38:20.194529,Raspberry_Relieve1,,,39.402,0.0,0,0.0,99.0,-1,0.13,,,,,,290,0.95,0.0,0.0
2026-07-13T09:38:21.194635,Raspberry_Relieve1,,,39.402,0.0,0,0.0,99.0,-1,0.13,,,,,,291,1.0,0.0,0.0
2026-07-13T09:38:22.194736,Raspberry_Relieve1,,,39.4,0.0,0,0.0,99.0,-1,0.13,,,,,,292,1.0,0.0,0.0
2026-07-13T09:38:23.194915,Raspberry_Relieve1,,,39.401,0.0,0,0.0,99.0,-1,0.13,,,,,,293,1.02,0.0,0.0
2026-07-13T09:38:24.195025,Raspberry_Relieve1,,,39.401,0.0,0,0.0,99.0,-1,0.13,,,,,,294,0.98,0.0,0.0
2026-07-13T09:38:25.195127,Raspberry_Relieve1,,,39.402,0.0,0,0.0,99.0,-1,0.13,,,,,,295,0.99,0.0,0.0
2026-07-13T09:38:26.195265,Raspberry_Relieve1,,,39.401,0.0,0,0.0,99.0,-1,0.13,,,,,,296,1.1,0.0,0.0
2026-07-13T09:38:27.195345,Raspberry_Relieve1,,,39.4,0.0,0,0.0,99.0,-1,0.13,,,,,,297,0.91,0.0,0.0
2026-07-13T09:38:28.195505,Raspberry_Relieve1,,,39.401,0.0,0,0.0,99.0,-1,0.13,,,,,,298,1.08,0.0,0.0
2026-07-13T09:38:29.195613,Raspberry_Relieve1,,,39.4,0.0,0,0.0,99.0,-1,0.13,,,,,,299,1.08,0.0,0.0
2026-07-13T09:38:30.195776,Raspberry_Relieve1,,,39.401,0.0,0,0.0,99.0,-1,0.13,,,,,,300,0.98,0.0,0.0
2026-07-13T09:38:31.195954,Raspberry_Relieve1,,,39.4,0.0,0,0.0,99.0,-1,0.13,,,,,,301,0.88,0.0,0.0
2026-07-13T09:38:32.196061,Raspberry_Relieve1,,,39.401,0.0,0,0.0,99.0,-1,0.13,,,,,,302,0.97,0.0,0.0
2026-07-13T09:38:33.196206,Raspberry_Relieve1,,,39.4,0.0,0,0.0,99.0,-1,0.13,,,,,,303,1.01,0.0,0.0
2026-07-13T09:38:34.196321,Raspberry_Relieve1,,,39.4,0.0,0,0.0,99.0,-1,0.13,,,,,,304,0.99,0.0,0.0
2026-07-13T09:38:35.196496,Raspberry_Relieve1,,,39.401,0.0,0,0.0,99.0,-1,0.13,,,,,,305,1.1,0.0,0.0
2026-07-13T09:38:36.196662,Raspberry_Relieve1,,,39.401,0.0,0,0.0,99.0,-1,0.13,,,,,,306,1.01,0.0,0.0
2026-07-13T09:38:37.196836,Raspberry_Relieve1,,,39.401,0.0,0,0.0,99.0,-1,0.13,,,,,,307,0.95,0.0,0.0
2026-07-13T09:38:38.196982,Raspberry_Relieve1,,,39.4,0.0,0,0.0,99.0,-1,0.13,,,,,,308,0.94,0.0,0.0
2026-07-13T09:38:39.197149,Raspberry_Relieve1,,,39.4,0.0,0,0.0,99.0,-1,0.13,,,,,,309,1.1,0.0,0.0
2026-07-13T09:38:40.197315,Raspberry_Relieve1,,,39.401,0.0,0,0.0,99.0,-1,0.13,,,,,,310,0.98,0.0,0.0
2026-07-13T09:38:41.197455,Raspberry_Relieve1,,,39.4,0.0,0,0.0,99.0,-1,0.13,,,,,,311,1.05,0.0,0.0
2026-07-13T09:38:42.197541,Raspberry_Relieve1,,,39.402,0.0,0,0.0,99.0,-1,0.13,,,,,,312,0.88,0.0,0.0
2026-07-13T09:38:43.197643,Raspberry_Relieve1,,,39.401,0.0,0,0.0,99.0,-1,0.13,,,,,,313,1.03,0.0,0.0
2026-07-13T09:38:44.197754,Raspberry_Relieve1,,,39.4,0.0,0,0.0,99.0,-1,0.13,,,,,,314,1.02,0.0,0.0
2026-07-13T09:38:45.197871,Raspberry_Relieve1,,,39.401,0.0,0,0.0,99.0,-1,0.13,,,,,,315,1.1,0.0,0.0
2026-07-13T09:38:46.197981,Raspberry_Relieve1,,,39.399,0.0,0,0.0,99.0,-1,0.13,,,,,,316,0.84,0.0,0.0
2026-07-13T09:38:47.198096,Raspberry_Relieve1,,,39.399,0.0,0,0.0,99.0,-1,0.13,,,,,,317,1.0,0.0,0.0
2026-07-13T09:38:48.198191,Raspberry_Relieve1,,,39.401,0.0,0,0.0,99.0,-1,0.13,,,,,,318,1.06,0.0,0.0
2026-07-13T09:38:49.198299,Raspberry_Relieve1,,,39.402,0.0,0,0.0,99.0,-1,0.13,,,,,,319,0.95,0.0,0.0
2026-07-13T09:38:50.198415,Raspberry_Relieve1,,,39.399,0.0,0,0.0,99.0,-1,0.13,,,,,,320,1.01,0.0,0.0
2026-07-13T09:38:51.198577,Raspberry_Relieve1,,,39.399,0.0,0,0.0,99.0,-1,0.13,,,,,,321,0.98,0.0,0.0
2026-07-13T09:38:52.198691,Raspberry_Relieve1,,,39.398,0.0,0,0.0,99.0,-1,0.13,,,,,,322,1.06,0.0,0.0
2026-07-13T09:38:53.198799,Raspberry_Relieve1,,,39.4,0.0,0,0.0,99.0,-1,0.13,,,,,,323,0.96,0.0,0.0
2026-07-13T09:38:54.198901,Raspberry_Relieve1,,,39.401,0.0,0,0.0,99.0,-1,0.13,,,,,,324,0.98,0.0,0.0
2026-07-13T09:38:55.199024,Raspberry_Relieve1,,,39.4,0.0,0,0.0,99.0,-1,0.13,,,,,,325,1.06,0.0,0.0
2026-07-13T09:38:56.199144,Raspberry_Relieve1,,,39.401,0.0,0,0.0,99.0,-1,0.13,,,,,,326,0.97,0.0,0.0
2026-07-13T09:38:57.199230,Raspberry_Relieve1,,,39.4,0.0,0,0.0,99.0,-1,0.13,,,,,,327,0.99,0.0,0.0
2026-07-13T09:38:58.199348,Raspberry_Relieve1,,,39.401,0.0,0,0.0,99.0,-1,0.13,,,,,,328,1.01,0.0,0.0
2026-07-13T09:38:59.199503,Raspberry_Relieve1,,,39.399,0.0,0,0.0,99.0,-1,0.13,,,,,,329,1.09,0.0,0.0
2026-07-13T09:39:00.199659,Raspberry_Relieve1,,,39.4,0.0,0,0.0,99.0,-1,0.13,,,,,,330,0.9,0.0,0.0
2026-07-13T09:39:01.199780,Raspberry_Relieve1,,,39.4,0.0,0,0.0,99.0,-1,0.13,,,,,,331,1.06,0.0,0.0
2026-07-13T09:39:02.199929,Raspberry_Relieve1,,,39.399,0.0,0,0.0,99.0,-1,0.13,,,,,,332,0.96,0.0,0.0
2026-07-13T09:39:03.200040,Raspberry_Relieve1,,,39.399,0.0,0,0.0,99.0,-1,0.13,,,,,,333,1.07,0.0,0.0
2026-07-13T09:39:04.200195,Raspberry_Relieve1,,,39.399,0.0,0,0.0,99.0,-1,0.13,,,,,,334,0.9,0.0,0.0
2026-07-13T09:39:05.200402,Raspberry_Relieve1,,,39.399,0.0,0,0.0,99.0,-1,0.13,,,,,,335,1.08,0.0,0.0
2026-07-13T09:39:06.200520,Raspberry_Relieve1,,,39.398,0.0,0,0.0,99.0,-1,0.13,,,,,,336,1.03,0.0,0.0
2026-07-13T09:39:07.200679,Raspberry_Relieve1,,,39.4,0.0,0,0.0,99.0,-1,0.13,,,,,,337,0.98,0.0,0.0
2026-07-13T09:39:08.200792,Raspberry_Relieve1,,,39.399,0.0,0,0.0,99.0,-1,0.13,,,,,,338,0.91,0.0,0.0
2026-07-13T09:39:09.200918,Raspberry_Relieve1,,,39.398,0.0,0,0.0,99.0,-1,0.13,,,,,,339,1.0,0.0,0.0
2026-07-13T09:39:10.201029,Raspberry_Relieve1,,,39.399,0.0,0,0.0,99.0,-1,0.13,,,,,,340,1.0,0.0,0.0
2026-07-13T09:39:11.201167,Raspberry_Relieve1,,,39.398,0.0,0,0.0,99.0,-1,0.13,,,,,,341,1.08,0.0,0.0
2026-07-13T09:39:12.201307,Raspberry_Relieve1,,,39.399,0.0,0,0.0,99.0,-1,0.13,,,,,,342,0.97,0.0,0.0
2026-07-13T09:39:13.201425,Raspberry_Relieve1,,,39.398,0.0,0,0.0,99.0,-1,0.13,,,,,,343,0.94,0.0,0.0
2026-07-13T09:39:14.201590,Raspberry_Relieve1,,,39.399,0.0,0,0.0,99.0,-1,0.13,,,,,,344,1.0,0.0,0.0
2026-07-13T09:39:15.201689,Raspberry_Relieve1,,,39.399,0.0,0,0.0,99.0,-1,0.13,,,,,,345,1.01,0.0,0.0
2026-07-13T09:39:16.201795,Raspberry_Relieve1,,,39.397,0.0,0,0.0,99.0,-1,0.13,,,,,,346,1.0,0.0,0.0
2026-07-13T09:39:17.201900,Raspberry_Relieve1,,,39.397,0.0,0,0.0,99.0,-1,0.13,,,,,,347,1.0,0.0,0.0
2026-07-13T09:39:18.202000,Raspberry_Relieve1,,,39.397,0.0,0,0.0,99.0,-1,0.13,,,,,,348,1.01,0.0,0.0
2026-07-13T09:39:19.202107,Raspberry_Relieve1,,,39.396,0.0,0,0.0,99.0,-1,0.13,,,,,,349,0.99,0.0,0.0
2026-07-13T09:39:20.202213,Raspberry_Relieve1,,,39.396,0.0,0,0.0,99.0,-1,0.13,,,,,,350,1.0,0.0,0.0
2026-07-13T09:39:21.202317,Raspberry_Relieve1,,,39.397,0.0,0,0.0,99.0,-1,0.13,,,,,,351,1.12,0.0,0.0
2026-07-13T09:39:22.202475,Raspberry_Relieve1,,,39.397,0.0,0,0.0,99.0,-1,0.13,,,,,,352,0.89,0.0,0.0
2026-07-13T09:39:23.202645,Raspberry_Relieve1,,,39.397,0.0,0,0.0,99.0,-1,0.13,,,,,,353,1.01,0.0,0.0
2026-07-13T09:39:24.202751,Raspberry_Relieve1,,,39.398,0.0,0,0.0,99.0,-1,0.13,,,,,,354,1.06,0.0,0.0
2026-07-13T09:39:25.202852,Raspberry_Relieve1,,,39.396,0.0,0,0.0,99.0,-1,0.13,,,,,,355,1.0,0.0,0.0
2026-07-13T09:39:26.202992,Raspberry_Relieve1,,,39.397,0.0,0,0.0,99.0,-1,0.13,,,,,,356,1.02,0.0,0.0
2026-07-13T09:39:27.203074,Raspberry_Relieve1,,,39.398,0.0,0,0.0,99.0,-1,0.13,,,,,,357,0.98,0.0,0.0
2026-07-13T09:39:28.203189,Raspberry_Relieve1,,,39.399,0.0,0,0.0,99.0,-1,0.13,,,,,,358,0.96,0.0,0.0
2026-07-13T09:39:29.203306,Raspberry_Relieve1,,,39.398,0.0,0,0.0,99.0,-1,0.13,,,,,,359,0.97,0.0,0.0
2026-07-13T09:39:30.203450,Raspberry_Relieve1,,,39.397,0.0,0,0.0,99.0,-1,0.13,,,,,,360,1.05,0.0,0.0
2026-07-13T09:39:31.203569,Raspberry_Relieve1,,,39.398,0.0,0,0.0,99.0,-1,0.13,,,,,,361,1.05,0.0,0.0
2026-07-13T09:39:32.203728,Raspberry_Relieve1,,,39.397,0.0,0,0.0,99.0,-1,0.13,,,,,,362,0.9,0.0,0.0
2026-07-13T09:39:33.203926,Raspberry_Relieve1,,,39.398,0.0,0,0.0,99.0,-1,0.13,,,,,,363,1.03,0.0,0.0
2026-07-13T09:39:34.204013,Raspberry_Relieve1,,,39.399,0.0,0,0.0,99.0,-1,0.13,,,,,,364,1.06,0.0,0.0
2026-07-13T09:39:35.204123,Raspberry_Relieve1,,,39.397,0.0,0,0.0,99.0,-1,0.13,,,,,,365,0.91,0.0,0.0
2026-07-13T09:39:36.204274,Raspberry_Relieve1,,,39.396,0.0,0,0.0,99.0,-1,0.13,,,,,,366,1.09,0.0,0.0
2026-07-13T09:39:37.204373,Raspberry_Relieve1,,,39.397,0.0,0,0.0,99.0,-1,0.13,,,,,,367,0.89,0.0,0.0
2026-07-13T09:39:38.204484,Raspberry_Relieve1,,,39.396,0.0,0,0.0,99.0,-1,0.13,,,,,,368,1.1,0.0,0.0
2026-07-13T09:39:39.204592,Raspberry_Relieve1,,,39.396,0.0,0,0.0,99.0,-1,0.13,,,,,,369,0.9,0.0,0.0
2026-07-13T09:39:40.204698,Raspberry_Relieve1,,,39.398,0.0,0,0.0,99.0,-1,0.13,,,,,,370,1.05,0.0,0.0
2026-07-13T09:39:41.204822,Raspberry_Relieve1,,,39.396,0.0,0,0.0,99.0,-1,0.13,,,,,,371,1.01,0.0,0.0
2026-07-13T09:39:42.204929,Raspberry_Relieve1,,,39.397,0.0,0,0.0,99.0,-1,0.13,,,,,,372,1.02,0.0,0.0
2026-07-13T09:39:43.205067,Raspberry_Relieve1,,,39.396,0.0,0,0.0,99.0,-1,0.13,,,,,,373,0.95,0.0,0.0
2026-07-13T09:39:44.205167,Raspberry_Relieve1,,,39.396,0.0,0,0.0,99.0,-1,0.13,,,,,,374,0.99,0.0,0.0
2026-07-13T09:39:45.205270,Raspberry_Relieve1,,,39.396,0.0,0,0.0,99.0,-1,0.13,,,,,,375,1.04,0.0,0.0
2026-07-13T09:39:46.205421,Raspberry_Relieve1,,,39.397,0.0,0,0.0,99.0,-1,0.13,,,,,,376,1.05,0.0,0.0
2026-07-13T09:39:47.205555,Raspberry_Relieve1,,,39.396,0.0,0,0.0,99.0,-1,0.13,,,,,,377,0.9,0.0,0.0
2026-07-13T09:39:48.205687,Raspberry_Relieve1,,,39.397,0.0,0,0.0,99.0,-1,0.13,,,,,,378,1.09,0.0,0.0
2026-07-13T09:39:49.205799,Raspberry_Relieve1,,,39.396,0.0,0,0.0,99.0,-1,0.13,,,,,,379,0.93,0.0,0.0
2026-07-13T09:39:50.205912,Raspberry_Relieve1,,,39.399,0.0,0,0.0,99.0,-1,0.13,,,,,,380,1.05,0.0,0.0
2026-07-13T09:39:51.206016,Raspberry_Relieve1,,,39.397,0.0,0,0.0,99.0,-1,0.13,,,,,,381,0.99,0.0,0.0
2026-07-13T09:39:52.206124,Raspberry_Relieve1,,,39.398,0.0,0,0.0,99.0,-1,0.13,,,,,,382,1.02,0.0,0.0
2026-07-13T09:39:53.206260,Raspberry_Relieve1,,,39.396,0.0,0,0.0,99.0,-1,0.13,,,,,,383,0.92,0.0,0.0
2026-07-13T09:39:54.206360,Raspberry_Relieve1,,,39.398,0.0,0,0.0,99.0,-1,0.13,,,,,,384,1.12,0.0,0.0
2026-07-13T09:39:55.206475,Raspberry_Relieve1,,,39.397,0.0,0,0.0,99.0,-1,0.13,,,,,,385,0.89,0.0,0.0
2026-07-13T09:39:56.206613,Raspberry_Relieve1,,,39.397,0.0,0,0.0,99.0,-1,0.13,,,,,,386,1.08,0.0,0.0
2026-07-13T09:39:57.206748,Raspberry_Relieve1,,,39.398,0.0,0,0.0,99.0,-1,0.13,,,,,,387,0.98,0.0,0.0
2026-07-13T09:39:58.206897,Raspberry_Relieve1,,,39.395,0.0,0,0.0,99.0,-1,0.13,,,,,,388,0.93,0.0,0.0
2026-07-13T09:39:59.206998,Raspberry_Relieve1,,,39.397,0.0,0,0.0,99.0,-1,0.13,,,,,,389,1.01,0.0,0.0
2026-07-13T09:40:00.207152,Raspberry_Relieve1,,,39.396,0.0,0,0.0,99.0,-1,0.13,,,,,,390,1.0,0.0,0.0
2026-07-13T09:40:01.207277,Raspberry_Relieve1,,,39.397,0.0,0,0.0,99.0,-1,0.13,,,,,,391,1.11,0.0,0.0
2026-07-13T09:40:02.207399,Raspberry_Relieve1,,,39.397,0.0,0,0.0,99.0,-1,0.13,,,,,,392,0.91,0.0,0.0
2026-07-13T09:40:03.207553,Raspberry_Relieve1,,,39.396,0.0,0,0.0,99.0,-1,0.13,,,,,,393,1.06,0.0,0.0
2026-07-13T09:40:04.207675,Raspberry_Relieve1,,,39.395,0.0,0,0.0,99.0,-1,0.13,,,,,,394,0.99,0.0,0.0
2026-07-13T09:40:05.207839,Raspberry_Relieve1,,,39.395,0.0,0,0.0,99.0,-1,0.13,,,,,,395,0.95,0.0,0.0
2026-07-13T09:40:06.207949,Raspberry_Relieve1,,,39.395,0.0,0,0.0,99.0,-1,0.13,,,,,,396,1.03,0.0,0.0
2026-07-13T09:40:07.208131,Raspberry_Relieve1,,,39.395,0.0,0,0.0,99.0,-1,0.13,,,,,,397,1.0,0.0,0.0
2026-07-13T09:40:08.208300,Raspberry_Relieve1,,,39.395,0.0,0,0.0,99.0,-1,0.13,,,,,,398,1.01,0.0,0.0
2026-07-13T09:40:09.208483,Raspberry_Relieve1,,,39.396,0.0,0,0.0,99.0,-1,0.13,,,,,,399,1.0,0.0,0.0
2026-07-13T09:40:10.208633,Raspberry_Relieve1,,,39.397,0.0,0,0.0,99.0,-1,0.13,,,,,,400,0.9,0.0,0.0
2026-07-13T09:40:11.208780,Raspberry_Relieve1,,,39.397,0.0,0,0.0,99.0,-1,0.13,,,,,,401,1.12,0.0,0.0
2026-07-13T09:40:12.208874,Raspberry_Relieve1,,,39.396,0.0,0,0.0,99.0,-1,0.13,,,,,,402,0.91,0.0,0.0
2026-07-13T09:40:13.209036,Raspberry_Relieve1,,,39.397,0.0,0,0.0,99.0,-1,0.13,,,,,,403,1.08,0.0,0.0
2026-07-13T09:40:14.209141,Raspberry_Relieve1,,,39.396,0.0,0,0.0,99.0,-1,0.13,,,,,,404,0.96,0.0,0.0
2026-07-13T09:40:15.209253,Raspberry_Relieve1,,,39.395,0.0,0,0.0,99.0,-1,0.13,,,,,,405,0.96,0.0,0.0
2026-07-13T09:40:16.209367,Raspberry_Relieve1,,,39.396,0.0,0,0.0,99.0,-1,0.13,,,,,,406,1.0,0.0,0.0
2026-07-13T09:40:17.209560,Raspberry_Relieve1,,,39.396,0.0,0,0.0,99.0,-1,0.13,,,,,,407,1.01,0.0,0.0
2026-07-13T09:40:18.209735,Raspberry_Relieve1,,,39.397,0.0,0,0.0,99.0,-1,0.13,,,,,,408,0.97,0.0,0.0
2026-07-13T09:40:19.209865,Raspberry_Relieve1,,,39.397,0.0,0,0.0,99.0,-1,0.13,,,,,,409,1.04,0.0,0.0
2026-07-13T09:40:20.209987,Raspberry_Relieve1,,,39.397,0.0,0,0.0,99.0,-1,0.13,,,,,,410,1.02,0.0,0.0
2026-07-13T09:40:21.210098,Raspberry_Relieve1,,,39.396,0.0,0,0.0,99.0,-1,0.13,,,,,,411,1.06,0.0,0.0
2026-07-13T09:40:22.210206,Raspberry_Relieve1,,,39.398,0.0,0,0.0,99.0,-1,0.13,,,,,,412,0.88,0.0,0.0
2026-07-13T09:40:23.210338,Raspberry_Relieve1,,,39.397,0.0,0,0.0,99.0,-1,0.13,,,,,,413,1.02,0.0,0.0
2026-07-13T09:40:24.210430,Raspberry_Relieve1,,,39.398,0.0,0,0.0,99.0,-1,0.13,,,,,,414,0.99,0.0,0.0
2026-07-13T09:40:25.210533,Raspberry_Relieve1,,,39.398,0.0,0,0.0,99.0,-1,0.13,,,,,,415,1.02,0.0,0.0
2026-07-13T09:40:26.210684,Raspberry_Relieve1,,,39.397,0.0,0,0.0,99.0,-1,0.13,,,,,,416,0.98,0.0,0.0
2026-07-13T09:40:27.210777,Raspberry_Relieve1,,,39.396,0.0,0,0.0,99.0,-1,0.13,,,,,,417,1.01,0.0,0.0
2026-07-13T09:40:28.210888,Raspberry_Relieve1,,,39.396,0.0,0,0.0,99.0,-1,0.13,,,,,,418,1.07,0.0,0.0
2026-07-13T09:40:29.211010,Raspberry_Relieve1,,,39.396,0.0,0,0.0,99.0,-1,0.13,,,,,,419,1.0,0.0,0.0
2026-07-13T09:40:30.211115,Raspberry_Relieve1,,,39.396,0.0,0,0.0,99.0,-1,0.13,,,,,,420,0.89,0.0,0.0
2026-07-13T09:40:31.211304,Raspberry_Relieve1,,,39.397,0.0,0,0.0,99.0,-1,0.13,,,,,,421,1.04,0.0,0.0
2026-07-13T09:40:32.211416,Raspberry_Relieve1,,,39.396,0.0,0,0.0,99.0,-1,0.13,,,,,,422,0.99,0.0,0.0
2026-07-13T09:40:33.211518,Raspberry_Relieve1,,,39.396,0.0,0,0.0,99.0,-1,0.13,,,,,,423,1.02,0.0,0.0
2026-07-13T09:40:34.211623,Raspberry_Relieve1,,,39.397,0.0,0,0.0,99.0,-1,0.13,,,,,,424,0.95,0.0,0.0
2026-07-13T09:40:35.211733,Raspberry_Relieve1,,,39.397,0.0,0,0.0,99.0,-1,0.13,,,,,,425,1.02,0.0,0.0
2026-07-13T09:40:36.211845,Raspberry_Relieve1,,,39.396,0.0,0,0.0,99.0,-1,0.13,,,,,,426,1.01,0.0,0.0
2026-07-13T09:40:37.212028,Raspberry_Relieve1,,,39.396,0.0,0,0.0,99.0,-1,0.13,,,,,,427,1.05,0.0,0.0
2026-07-13T09:40:38.212142,Raspberry_Relieve1,,,39.396,0.0,0,0.0,99.0,-1,0.13,,,,,,428,0.93,0.0,0.0
2026-07-13T09:40:39.212265,Raspberry_Relieve1,,,39.396,0.0,0,0.0,99.0,-1,0.13,,,,,,429,1.01,0.0,0.0
2026-07-13T09:40:40.212368,Raspberry_Relieve1,,,39.396,0.0,0,0.0,99.0,-1,0.13,,,,,,430,1.01,0.0,0.0
2026-07-13T09:40:41.212588,Raspberry_Relieve1,,,39.396,0.0,0,0.0,99.0,-1,0.13,,,,,,431,1.12,0.0,0.0
2026-07-13T09:40:42.212711,Raspberry_Relieve1,,,39.396,0.0,0,0.0,99.0,-1,0.13,,,,,,432,0.86,0.0,0.0
2026-07-13T09:40:43.212814,Raspberry_Relieve1,,,39.393,0.0,0,0.0,99.0,-1,0.13,,,,,,433,1.01,0.0,0.0
2026-07-13T09:40:44.212907,Raspberry_Relieve1,,,39.394,0.0,0,0.0,99.0,-1,0.13,,,,,,434,1.09,0.0,0.0
2026-07-13T09:40:45.213013,Raspberry_Relieve1,,,39.393,0.0,0,0.0,99.0,-1,0.13,,,,,,435,1.0,0.0,0.0
2026-07-13T09:40:46.213221,Raspberry_Relieve1,,,39.396,0.0,0,0.0,99.0,-1,0.13,,,,,,436,0.98,0.0,0.0
2026-07-13T09:40:47.213398,Raspberry_Relieve1,,,39.396,0.0,0,0.0,99.0,-1,0.13,,,,,,437,1.05,0.0,0.0
2026-07-13T09:40:48.213550,Raspberry_Relieve1,,,39.396,0.0,0,0.0,99.0,-1,0.13,,,,,,438,1.0,0.0,0.0
2026-07-13T09:40:49.213695,Raspberry_Relieve1,,,39.396,0.0,0,0.0,99.0,-1,0.13,,,,,,439,0.9,0.0,0.0
2026-07-13T09:40:50.213841,Raspberry_Relieve1,,,39.396,0.0,0,0.0,99.0,-1,0.13,,,,,,440,0.98,0.0,0.0
2026-07-13T09:40:51.213993,Raspberry_Relieve1,,,39.395,0.0,0,0.0,99.0,-1,0.13,,,,,,441,1.02,0.0,0.0
2026-07-13T09:40:52.214107,Raspberry_Relieve1,,,39.395,0.0,0,0.0,99.0,-1,0.13,,,,,,442,0.99,0.0,0.0
2026-07-13T09:40:53.214276,Raspberry_Relieve1,,,39.396,0.0,0,0.0,99.0,-1,0.13,,,,,,443,1.04,0.0,0.0
2026-07-13T09:40:54.214378,Raspberry_Relieve1,,,39.397,0.0,0,0.0,99.0,-1,0.13,,,,,,444,1.0,0.0,0.0
2026-07-13T09:40:55.214484,Raspberry_Relieve1,,,39.396,0.0,0,0.0,99.0,-1,0.13,,,,,,445,0.97,0.0,0.0
2026-07-13T09:40:56.214637,Raspberry_Relieve1,,,39.396,0.0,0,0.0,99.0,-1,0.13,,,,,,446,1.0,0.0,0.0
2026-07-13T09:40:57.214737,Raspberry_Relieve1,,,39.396,0.0,0,0.0,99.0,-1,0.13,,,,,,447,1.04,0.0,0.0
2026-07-13T09:40:58.214854,Raspberry_Relieve1,,,39.396,0.0,0,0.0,99.0,-1,0.13,,,,,,448,0.96,0.0,0.0
2026-07-13T09:40:59.214947,Raspberry_Relieve1,,,39.396,0.0,0,0.0,99.0,-1,0.13,,,,,,449,1.0,0.0,0.0
2026-07-13T09:41:00.215051,Raspberry_Relieve1,,,39.396,0.0,0,0.0,99.0,-1,0.13,,,,,,450,1.05,0.0,0.0
2026-07-13T09:41:01.215249,Raspberry_Relieve1,,,39.396,0.0,0,0.0,99.0,-1,0.13,,,,,,451,1.05,0.0,0.0
2026-07-13T09:41:02.215341,Raspberry_Relieve1,,,39.395,0.0,0,0.0,99.0,-1,0.13,,,,,,452,1.03,0.0,0.0
2026-07-13T09:41:03.215450,Raspberry_Relieve1,,,39.395,0.0,0,0.0,99.0,-1,0.13,,,,,,453,0.96,0.0,0.0
2026-07-13T09:41:04.215551,Raspberry_Relieve1,,,39.395,0.0,0,0.0,99.0,-1,0.13,,,,,,454,0.95,0.0,0.0
2026-07-13T09:41:05.215655,Raspberry_Relieve1,,,39.396,0.0,0,0.0,99.0,-1,0.13,,,,,,455,0.98,0.0,0.0
2026-07-13T09:41:06.215770,Raspberry_Relieve1,,,39.396,0.0,0,0.0,99.0,-1,0.13,,,,,,456,1.09,0.0,0.0
2026-07-13T09:41:07.215924,Raspberry_Relieve1,,,39.396,0.0,0,0.0,99.0,-1,0.13,,,,,,457,0.89,0.0,0.0
2026-07-13T09:41:08.215997,Raspberry_Relieve1,,,39.396,0.0,0,0.0,99.0,-1,0.13,,,,,,458,0.99,0.0,0.0
2026-07-13T09:41:09.216155,Raspberry_Relieve1,,,39.399,0.0,0,0.0,99.0,-1,0.13,,,,,,459,1.04,0.0,0.0
2026-07-13T09:41:10.216274,Raspberry_Relieve1,,,39.396,0.0,0,0.0,99.0,-1,0.13,,,,,,460,0.94,0.0,0.0
2026-07-13T09:41:11.216417,Raspberry_Relieve1,,,39.396,0.0,0,0.0,99.0,-1,0.13,,,,,,461,1.05,0.0,0.0
2026-07-13T09:41:12.216515,Raspberry_Relieve1,,,39.394,0.0,0,0.0,99.0,-1,0.13,,,,,,462,1.0,0.0,0.0
2026-07-13T09:41:13.216632,Raspberry_Relieve1,,,39.394,0.0,0,0.0,99.0,-1,0.13,,,,,,463,1.05,0.0,0.0
2026-07-13T09:41:14.216747,Raspberry_Relieve1,,,39.395,0.0,0,0.0,99.0,-1,0.13,,,,,,464,0.96,0.0,0.0
2026-07-13T09:41:15.216863,Raspberry_Relieve1,,,39.395,0.0,0,0.0,99.0,-1,0.13,,,,,,465,1.05,0.0,0.0
2026-07-13T09:41:16.216990,Raspberry_Relieve1,,,39.394,0.0,0,0.0,99.0,-1,0.13,,,,,,466,1.01,0.0,0.0
2026-07-13T09:41:17.217104,Raspberry_Relieve1,,,39.396,0.0,0,0.0,99.0,-1,0.13,,,,,,467,0.95,0.0,0.0
2026-07-13T09:41:18.217216,Raspberry_Relieve1,,,39.396,0.0,0,0.0,99.0,-1,0.13,,,,,,468,0.98,0.0,0.0
2026-07-13T09:41:19.217333,Raspberry_Relieve1,,,39.395,0.0,0,0.0,99.0,-1,0.13,,,,,,469,1.07,0.0,0.0
2026-07-13T09:41:20.217465,Raspberry_Relieve1,,,39.396,0.0,0,0.0,99.0,-1,0.13,,,,,,470,0.91,0.0,0.0
2026-07-13T09:41:21.217578,Raspberry_Relieve1,,,39.397,0.0,0,0.0,99.0,-1,0.13,,,,,,471,1.02,0.0,0.0
2026-07-13T09:41:22.217702,Raspberry_Relieve1,,,39.395,0.0,0,0.0,99.0,-1,0.13,,,,,,472,1.0,0.0,0.0
2026-07-13T09:41:23.217818,Raspberry_Relieve1,,,39.395,0.0,0,0.0,99.0,-1,0.13,,,,,,473,1.02,0.0,0.0
2026-07-13T09:41:24.217960,Raspberry_Relieve1,,,39.395,0.0,0,0.0,99.0,-1,0.13,,,,,,474,1.04,0.0,0.0
2026-07-13T09:41:25.218078,Raspberry_Relieve1,,,39.396,0.0,0,0.0,99.0,-1,0.13,,,,,,475,1.01,0.0,0.0
2026-07-13T09:41:26.218204,Raspberry_Relieve1,,,39.396,0.0,0,0.0,99.0,-1,0.13,,,,,,476,0.93,0.0,0.0
2026-07-13T09:41:27.218299,Raspberry_Relieve1,,,39.395,0.0,0,0.0,99.0,-1,0.13,,,,,,477,1.12,0.0,0.0
2026-07-13T09:42:23.447682,Raspberry_Relieve1,,,39.391,0.0,0,0.0,99.0,-1,0.13,,,,,,548,70.87,0.0,0.0
2026-07-13T09:42:38.523301,Raspberry_Relieve1,,,39.389,0.0,0,0.0,99.0,-1,0.13,,,,,,549,0.45,0.0,0.0
2026-07-13T09:42:39.523429,Raspberry_Relieve1,,,39.388,0.0,0,0.0,99.0,-1,0.13,,,,,,550,0.9,0.0,0.0
2026-07-13T09:42:40.523545,Raspberry_Relieve1,,,39.389,0.0,0,0.0,99.0,-1,0.13,,,,,,551,1.15,0.0,0.0
2026-07-13T09:42:41.523677,Raspberry_Relieve1,,,39.391,0.0,0,0.0,99.0,-1,0.13,,,,,,552,0.91,0.0,0.0
2026-07-13T09:42:42.523819,Raspberry_Relieve1,,,39.39,0.0,0,0.0,99.0,-1,0.13,,,,,,553,0.99,0.0,0.0
2026-07-13T09:42:43.523987,Raspberry_Relieve1,,,39.389,0.0,0,0.0,99.0,-1,0.13,,,,,,554,1.01,0.0,0.0
2026-07-13T09:42:44.524158,Raspberry_Relieve1,,,39.389,0.0,0,0.0,99.0,-1,0.13,,,,,,555,1.11,0.0,0.0
2026-07-13T09:42:45.524311,Raspberry_Relieve1,,,39.388,0.0,0,0.0,99.0,-1,0.13,,,,,,556,0.88,0.0,0.0
2026-07-13T09:42:46.524437,Raspberry_Relieve1,,,39.391,0.0,0,0.0,99.0,-1,0.13,,,,,,557,1.0,0.0,0.0
2026-07-13T09:42:47.524605,Raspberry_Relieve1,,,39.389,0.0,0,0.0,99.0,-1,0.13,,,,,,558,1.11,0.0,0.0
2026-07-13T09:42:48.524712,Raspberry_Relieve1,,,39.388,0.0,0,0.0,99.0,-1,0.13,,,,,,559,1.02,0.0,0.0
2026-07-13T09:42:49.524875,Raspberry_Relieve1,,,39.389,0.0,0,0.0,99.0,-1,0.13,,,,,,560,0.87,0.0,0.0
2026-07-13T09:42:50.524987,Raspberry_Relieve1,,,39.389,0.0,0,0.0,99.0,-1,0.13,,,,,,561,0.98,0.0,0.0
2026-07-13T09:42:51.525117,Raspberry_Relieve1,,,39.388,0.0,0,0.0,99.0,-1,0.13,,,,,,562,1.03,0.0,0.0
2026-07-13T09:42:52.525224,Raspberry_Relieve1,,,39.389,0.0,0,0.0,99.0,-1,0.13,,,,,,563,1.06,0.0,0.0
2026-07-13T09:42:53.525360,Raspberry_Relieve1,,,39.388,0.0,0,0.0,99.0,-1,0.13,,,,,,564,0.98,0.0,0.0
2026-07-13T09:42:54.525479,Raspberry_Relieve1,,,39.387,0.0,0,0.0,99.0,-1,0.13,,,,,,565,0.94,0.0,0.0
2026-07-13T09:42:55.525601,Raspberry_Relieve1,,,39.387,0.0,0,0.0,99.0,-1,0.13,,,,,,566,1.21,0.0,0.0
2026-07-13T09:42:56.525741,Raspberry_Relieve1,,,39.386,0.0,0,0.0,99.0,-1,0.13,,,,,,567,0.73,0.0,0.0
2026-07-13T09:42:57.525858,Raspberry_Relieve1,,,39.386,0.0,0,0.0,99.0,-1,0.13,,,,,,568,1.1,0.0,0.0
2026-07-13T09:42:58.525959,Raspberry_Relieve1,,,39.387,0.0,0,0.0,99.0,-1,0.13,,,,,,569,1.09,0.0,0.0
2026-07-13T09:42:59.526083,Raspberry_Relieve1,,,39.387,0.0,0,0.0,99.0,-1,0.13,,,,,,570,1.06,0.0,0.0
2026-07-13T09:43:00.526241,Raspberry_Relieve1,,,39.386,0.107,4,4.21,99.0,-1,0.13,,,,,,571,0.95,0.000554,0.000554
2026-07-13T09:43:01.526355,Raspberry_Relieve1,,,39.386,0.0,0,4.21,99.0,-1,0.13,,,,,,572,1.13,0.001319,0.001873
2026-07-13T09:43:02.526487,Raspberry_Relieve1,,,39.387,0.0,0,4.21,99.0,-1,0.13,,,,,,573,1.38,0.001621,0.003494
2026-07-13T09:43:03.555711,Raspberry_Relieve1,,,39.387,0.106,4,4.18,99.0,-1,0.13,,,,,,575,1.38,0.001611,0.005104
2026-07-13T09:43:04.940443,Raspberry_Relieve1,,,39.389,0.314,12,12.37,99.0,-1,0.13,,,,,,576,0.99,0.002285,0.007389
2026-07-13T09:43:05.945579,Raspberry_Relieve1,,,39.388,0.37,15,14.57,99.0,-1,0.13,,,,,,577,1.72,0.006434,0.013823
2026-07-13T09:43:07.670671,Raspberry_Relieve1,,,39.386,0.363,14,14.3,99.0,-1,0.13,,,,,,579,1.34,0.005365,0.019188
2026-07-13T09:43:08.990697,Raspberry_Relieve1,,,39.387,0.347,14,13.67,99.0,-1,0.13,,,,,,580,1.11,0.004317,0.023505
2026-07-13T09:43:10.119842,Raspberry_Relieve1,,,39.386,0.3,12,11.82,99.0,-1,0.129,,,,,,581,0.87,0.003067,0.026572
2026-07-13T09:43:11.119955,Raspberry_Relieve1,,,39.386,0.216,9,8.51,99.0,-1,0.129,,,,,,582,1.07,0.003032,0.029604
2026-07-13T09:43:12.120106,Raspberry_Relieve1,,,39.386,0.117,5,4.61,99.0,-1,0.129,,,,,,582,0.53,0.000957,0.030561
2026-07-13T09:43:13.120201,Raspberry_Relieve1,,,39.384,0.127,5,5.0,99.0,-1,0.129,,,,,,583,1.01,0.001348,0.031909
2026-07-13T09:43:14.120309,Raspberry_Relieve1,,,39.387,0.0,0,5.0,99.0,-1,0.129,,,,,,584,0.95,0.001323,0.033232
2026-07-13T09:43:15.120425,Raspberry_Relieve1,,,39.386,0.0,0,5.0,99.0,-1,0.129,,,,,,585,1.01,0.0014,0.034631
2026-07-13T09:43:16.120544,Raspberry_Relieve1,,,39.386,0.0,0,5.0,99.0,-1,0.129,,,,,,586,1.14,0.001588,0.03622
2026-07-13T09:43:17.120647,Raspberry_Relieve1,,,39.385,0.0,0,5.0,99.0,-1,0.129,,,,,,587,0.96,0.001327,0.037547
2026-07-13T09:43:18.120757,Raspberry_Relieve1,,,39.387,0.0,0,5.0,99.0,-1,0.129,,,,,,588,0.87,0.001211,0.038758
2026-07-13T09:43:19.120869,Raspberry_Relieve1,,,39.385,0.0,0,5.0,99.0,-1,0.129,,,,,,589,1.12,0.00155,0.040308
2026-07-13T09:43:20.120974,Raspberry_Relieve1,,,39.385,0.0,0,5.0,99.0,-1,0.129,,,,,,590,1.02,0.001415,0.041723
2026-07-13T09:43:21.121086,Raspberry_Relieve1,,,39.385,0.0,0,5.0,99.0,-1,0.129,,,,,,591,0.95,0.001327,0.04305
2026-07-13T09:43:22.121198,Raspberry_Relieve1,,,39.384,0.0,0,5.0,99.0,-1,0.129,,,,,,592,1.06,0.001467,0.044517
2026-07-13T09:43:23.121363,Raspberry_Relieve1,,,39.386,0.0,0,5.0,99.0,-1,0.129,,,,,,593,0.88,0.001226,0.045742
2026-07-13T09:43:24.121471,Raspberry_Relieve1,,,39.387,0.0,0,5.0,99.0,-1,0.129,,,,,,594,1.07,0.001488,0.04723
2026-07-13T09:43:25.121584,Raspberry_Relieve1,,,39.386,0.0,0,5.0,99.0,-1,0.129,,,,,,595,0.86,0.001199,0.048429
2026-07-13T09:43:26.121711,Raspberry_Relieve1,,,39.387,0.0,0,5.0,99.0,-1,0.129,,,,,,596,1.04,0.001443,0.049872
2026-07-13T09:43:27.121806,Raspberry_Relieve1,,,39.384,0.0,0,5.0,99.0,-1,0.129,,,,,,597,1.12,0.00155,0.051422
2026-07-13T09:43:28.121899,Raspberry_Relieve1,,,39.386,0.0,0,5.0,99.0,-1,0.129,,,,,,598,1.01,0.001404,0.052827
2026-07-13T09:43:29.122008,Raspberry_Relieve1,,,39.386,0.0,0,5.0,99.0,-1,0.129,,,,,,599,0.95,0.001319,0.054145
2026-07-13T09:43:30.122109,Raspberry_Relieve1,,,39.386,0.0,0,5.0,99.0,-1,0.129,,,,,,600,1.05,0.001454,0.0556
2026-07-13T09:43:31.122220,Raspberry_Relieve1,,,39.385,0.0,0,5.0,99.0,-1,0.129,,,,,,601,1.03,0.001425,0.057025
2026-07-13T09:43:32.122395,Raspberry_Relieve1,,,39.386,0.0,0,5.0,99.0,-1,0.129,,,,,,602,0.87,0.001208,0.058232
2026-07-13T09:43:33.122498,Raspberry_Relieve1,,,39.385,0.0,0,5.0,99.0,-1,0.129,,,,,,603,0.99,0.001372,0.059604
2026-07-13T09:43:34.122610,Raspberry_Relieve1,,,39.387,0.0,0,5.0,99.0,-1,0.129,,,,,,604,1.15,0.001604,0.061209
2026-07-13T09:43:35.122738,Raspberry_Relieve1,,,39.386,0.0,0,5.0,99.0,-1,0.129,,,,,,605,0.87,0.001209,0.062418
2026-07-13T09:43:36.122865,Raspberry_Relieve1,,,39.384,0.0,0,5.0,99.0,-1,0.129,,,,,,606,1.01,0.001408,0.063826
2026-07-13T09:43:37.122971,Raspberry_Relieve1,,,39.386,0.0,0,5.0,99.0,-1,0.129,,,,,,607,0.98,0.001362,0.065188
2026-07-13T09:43:38.123092,Raspberry_Relieve1,,,39.385,0.0,0,5.0,99.0,-1,0.129,,,,,,608,1.07,0.001488,0.066676
2026-07-13T09:43:39.123172,Raspberry_Relieve1,,,39.382,0.0,0,5.0,99.0,-1,0.129,,,,,,609,0.92,0.001276,0.067952
2026-07-13T09:43:40.123458,Raspberry_Relieve1,,,39.38,0.0,0,5.0,99.0,-1,0.129,,,,,,610,1.06,0.001472,0.069424
2026-07-13T09:43:41.123558,Raspberry_Relieve1,,,39.372,0.0,0,5.0,99.0,-1,0.129,,,,,,611,0.97,0.001351,0.070775
2026-07-13T09:43:42.123836,Raspberry_Relieve1,,,39.378,0.0,0,5.0,99.0,-1,0.129,,,,,,612,1.0,0.001393,0.072168
2026-07-13T09:43:43.123860,Raspberry_Relieve1,,,39.377,0.0,0,5.0,99.0,-1,0.129,,,,,,613,0.94,0.001312,0.073481
2026-07-13T09:43:44.123951,Raspberry_Relieve1,,,39.384,0.0,0,5.0,99.0,-1,0.129,,,,,,614,1.0,0.001383,0.074864
2026-07-13T09:43:45.124044,Raspberry_Relieve1,,,39.384,0.0,0,5.0,99.0,-1,0.129,,,,,,615,0.98,0.001365,0.076229
2026-07-13T09:43:46.124134,Raspberry_Relieve1,,,39.384,0.0,0,5.0,99.0,-1,0.129,,,,,,616,1.06,0.001477,0.077706
2026-07-13T09:43:47.124215,Raspberry_Relieve1,,,39.383,0.0,0,5.0,99.0,-1,0.129,,,,,,617,1.0,0.001386,0.079092
2026-07-13T09:43:48.124304,Raspberry_Relieve1,,,39.383,0.0,0,5.0,99.0,-1,0.129,,,,,,618,1.07,0.001481,0.080574
2026-07-13T09:43:49.124381,Raspberry_Relieve1,,,39.383,0.0,0,5.0,99.0,-1,0.129,,,,,,619,1.02,0.001419,0.081993
2026-07-13T09:43:50.124462,Raspberry_Relieve1,,,39.383,0.0,0,5.0,99.0,-1,0.129,,,,,,620,0.86,0.001195,0.083188
2026-07-13T09:43:51.124551,Raspberry_Relieve1,,,39.385,0.0,0,5.0,99.0,-1,0.129,,,,,,621,1.17,0.001628,0.084816
2026-07-13T09:43:52.124638,Raspberry_Relieve1,,,39.383,0.0,0,5.0,99.0,-1,0.129,,,,,,622,0.93,0.00129,0.086105
2026-07-13T09:43:53.124751,Raspberry_Relieve1,,,39.382,0.0,0,5.0,99.0,-1,0.129,,,,,,623,0.91,0.00127,0.087376
2026-07-13T09:43:54.124848,Raspberry_Relieve1,,,39.383,0.0,0,5.0,99.0,-1,0.129,,,,,,624,1.23,0.001704,0.08908
2026-07-13T09:43:55.124951,Raspberry_Relieve1,,,39.383,0.0,0,5.0,99.0,-1,0.129,,,,,,625,0.73,0.001016,0.090095
2026-07-13T09:43:56.125055,Raspberry_Relieve1,,,39.383,0.0,0,5.0,99.0,-1,0.129,,,,,,626,1.13,0.001572,0.091667
2026-07-13T09:43:57.125167,Raspberry_Relieve1,,,39.383,0.0,0,5.0,99.0,-1,0.129,,,,,,627,0.9,0.001245,0.092911
2026-07-13T09:43:58.125269,Raspberry_Relieve1,,,39.383,0.0,0,5.0,99.0,-1,0.129,,,,,,628,1.1,0.001527,0.094438
2026-07-13T09:43:59.125379,Raspberry_Relieve1,,,39.384,0.0,0,5.0,99.0,-1,0.129,,,,,,629,0.9,0.001247,0.095686
2026-07-13T09:44:00.125487,Raspberry_Relieve1,,,39.374,0.98,39,38.59,99.0,-1,0.128,,,,,,630,1.11,0.006731,0.102417
2026-07-13T09:44:01.125558,Raspberry_Relieve1,,,39.38,0.0,0,38.59,99.0,-1,0.128,,,,,,631,1.04,0.011181,0.113598
2026-07-13T09:44:02.125649,Raspberry_Relieve1,,,39.379,0.0,0,38.59,99.0,-1,0.128,,,,,,632,0.92,0.009909,0.123506
2026-07-13T09:44:03.125744,Raspberry_Relieve1,,,39.379,0.0,0,38.59,99.0,-1,0.128,,,,,,633,0.96,0.010327,0.133833
2026-07-13T09:44:04.125830,Raspberry_Relieve1,,,39.379,0.0,0,38.59,99.0,-1,0.128,,,,,,634,1.1,0.011839,0.145673
2026-07-13T09:44:05.125917,Raspberry_Relieve1,,,39.378,0.0,0,38.59,99.0,-1,0.128,,,,,,635,0.87,0.009338,0.15501
2026-07-13T09:44:06.126070,Raspberry_Relieve1,,,39.38,0.0,0,38.59,99.0,-1,0.128,,,,,,636,1.07,0.011519,0.16653
2026-07-13T09:44:07.126237,Raspberry_Relieve1,,,39.381,0.0,0,38.59,99.0,-1,0.128,,,,,,637,1.05,0.011308,0.177837
2026-07-13T09:44:08.126464,Raspberry_Relieve1,,,39.381,0.0,0,38.59,99.0,-1,0.128,,,,,,638,1.02,0.010899,0.188737
2026-07-13T09:44:09.126572,Raspberry_Relieve1,,,39.382,0.0,0,38.59,99.0,-1,0.128,,,,,,639,0.89,0.009573,0.19831
2026-07-13T09:44:10.126661,Raspberry_Relieve1,,,39.381,0.0,0,38.59,99.0,-1,0.128,,,,,,640,1.01,0.010836,0.209145
2026-07-13T09:44:11.126877,Raspberry_Relieve1,,,39.381,0.0,0,38.59,99.0,-1,0.128,,,,,,641,0.99,0.010583,0.219728
2026-07-13T09:44:12.126977,Raspberry_Relieve1,,,39.381,0.0,0,38.59,99.0,-1,0.128,,,,,,642,0.96,0.010269,0.229997
2026-07-13T09:44:13.127074,Raspberry_Relieve1,,,39.382,0.0,0,38.59,99.0,-1,0.128,,,,,,643,1.0,0.010681,0.240678
2026-07-13T09:44:14.127170,Raspberry_Relieve1,,,39.381,0.0,0,38.59,99.0,-1,0.128,,,,,,644,1.15,0.012322,0.253
2026-07-13T09:44:15.127285,Raspberry_Relieve1,,,39.382,0.0,0,38.59,99.0,-1,0.128,,,,,,645,0.85,0.009065,0.262065
2026-07-13T09:44:16.127383,Raspberry_Relieve1,,,39.379,0.0,0,38.59,99.0,-1,0.128,,,,,,646,1.13,0.012066,0.274132
2026-07-13T09:44:17.127488,Raspberry_Relieve1,,,39.38,0.0,0,38.59,99.0,-1,0.128,,,,,,647,0.93,0.01001,0.284142
2026-07-13T09:44:18.127716,Raspberry_Relieve1,,,39.381,0.0,0,38.59,99.0,-1,0.128,,,,,,648,0.98,0.010503,0.294645
2026-07-13T09:44:19.127965,Raspberry_Relieve1,,,39.381,0.0,0,38.59,99.0,-1,0.128,,,,,,649,1.09,0.011637,0.306282
2026-07-13T09:44:20.128130,Raspberry_Relieve1,,,39.38,0.0,0,38.59,99.0,-1,0.128,,,,,,650,0.9,0.009678,0.31596
2026-07-13T09:44:21.128354,Raspberry_Relieve1,,,39.381,0.0,0,38.59,99.0,-1,0.128,,,,,,651,0.96,0.010271,0.32623
2026-07-13T09:44:22.128568,Raspberry_Relieve1,,,39.383,0.0,0,38.59,99.0,-1,0.128,,,,,,652,1.04,0.011162,0.337392
2026-07-13T09:44:23.128783,Raspberry_Relieve1,,,39.381,0.0,0,38.59,99.0,-1,0.128,,,,,,653,1.11,0.011949,0.349341
2026-07-13T09:44:24.128888,Raspberry_Relieve1,,,39.382,0.0,0,38.59,99.0,-1,0.128,,,,,,654,1.0,0.010677,0.360019
2026-07-13T09:44:25.128988,Raspberry_Relieve1,,,39.382,0.0,0,38.59,99.0,-1,0.128,,,,,,655,1.01,0.010869,0.370888
2026-07-13T09:44:26.129207,Raspberry_Relieve1,,,39.381,0.0,0,38.59,99.0,-1,0.128,,,,,,656,0.97,0.010387,0.381274
2026-07-13T09:44:27.129325,Raspberry_Relieve1,,,39.382,0.0,0,38.59,99.0,-1,0.128,,,,,,657,0.92,0.009907,0.391181
2026-07-13T09:44:28.129533,Raspberry_Relieve1,,,39.381,0.0,0,38.59,99.0,-1,0.128,,,,,,658,1.02,0.010931,0.402112
2026-07-13T09:44:29.129675,Raspberry_Relieve1,,,39.381,0.0,0,38.59,99.0,-1,0.128,,,,,,659,0.91,0.009738,0.41185
2026-07-13T09:44:30.129778,Raspberry_Relieve1,,,39.382,0.0,0,38.59,99.0,-1,0.128,,,,,,660,1.04,0.011162,0.423012
2026-07-13T09:44:31.129885,Raspberry_Relieve1,,,39.382,0.0,0,38.59,99.0,-1,0.128,,,,,,661,1.14,0.012201,0.435213
2026-07-13T09:44:32.129987,Raspberry_Relieve1,,,39.381,0.0,0,38.59,99.0,-1,0.128,,,,,,662,0.83,0.008894,0.444107
2026-07-13T09:44:33.130107,Raspberry_Relieve1,,,39.381,0.0,0,38.59,99.0,-1,0.128,,,,,,663,1.1,0.011777,0.455884
2026-07-13T09:44:34.130309,Raspberry_Relieve1,,,39.382,0.0,0,38.59,99.0,-1,0.128,,,,,,664,1.01,0.010835,0.466719
2026-07-13T09:44:35.130414,Raspberry_Relieve1,,,39.381,0.0,0,38.59,99.0,-1,0.128,,,,,,665,0.93,0.01002,0.476739
2026-07-13T09:44:36.130520,Raspberry_Relieve1,,,39.381,0.0,0,38.59,99.0,-1,0.128,,,,,,666,1.01,0.010849,0.487588
2026-07-13T09:44:37.130614,Raspberry_Relieve1,,,39.38,0.0,0,38.59,99.0,-1,0.128,,,,,,667,1.05,0.011245,0.498833
2026-07-13T09:44:38.130740,Raspberry_Relieve1,,,39.381,0.0,0,38.59,99.0,-1,0.128,,,,,,668,1.0,0.01067,0.509503
2026-07-13T09:44:39.130857,Raspberry_Relieve1,,,39.381,0.0,0,38.59,99.0,-1,0.128,,,,,,669,0.87,0.009326,0.518829
2026-07-13T09:44:40.130955,Raspberry_Relieve1,,,39.381,0.0,0,38.59,99.0,-1,0.128,,,,,,670,1.11,0.011879,0.530708
2026-07-13T09:44:41.131061,Raspberry_Relieve1,,,39.383,0.0,0,38.59,99.0,-1,0.128,,,,,,671,0.96,0.01024,0.540948
2026-07-13T09:44:42.131171,Raspberry_Relieve1,,,39.382,0.0,0,38.59,99.0,-1,0.128,,,,,,672,1.02,0.010973,0.551921
2026-07-13T09:44:43.131280,Raspberry_Relieve1,,,39.38,0.0,0,38.59,99.0,-1,0.128,,,,,,673,0.96,0.010257,0.562178
2026-07-13T09:44:44.131393,Raspberry_Relieve1,,,39.381,0.0,0,38.59,99.0,-1,0.128,,,,,,674,1.07,0.011505,0.573683
2026-07-13T09:44:45.131504,Raspberry_Relieve1,,,39.379,0.0,0,38.59,99.0,-1,0.128,,,,,,675,1.05,0.011234,0.584916
2026-07-13T09:44:46.131618,Raspberry_Relieve1,,,39.38,0.0,0,38.59,99.0,-1,0.128,,,,,,676,1.03,0.011047,0.595963
2026-07-13T09:44:47.131723,Raspberry_Relieve1,,,39.38,0.0,0,38.59,99.0,-1,0.128,,,,,,677,1.12,0.012027,0.60799
2026-07-13T09:44:48.131842,Raspberry_Relieve1,,,39.38,0.0,0,38.59,99.0,-1,0.128,,,,,,678,0.83,0.008885,0.616875
2026-07-13T09:44:49.131939,Raspberry_Relieve1,,,39.38,0.0,0,38.59,99.0,-1,0.128,,,,,,679,1.01,0.010873,0.627748
2026-07-13T09:44:50.132098,Raspberry_Relieve1,,,39.381,0.0,0,38.59,99.0,-1,0.128,,,,,,680,0.93,0.009969,0.637717
2026-07-13T09:44:51.132212,Raspberry_Relieve1,,,39.382,0.0,0,38.59,99.0,-1,0.128,,,,,,681,0.99,0.010656,0.648373
2026-07-13T09:44:52.132315,Raspberry_Relieve1,,,39.38,0.0,0,38.59,99.0,-1,0.128,,,,,,682,1.01,0.01079,0.659163
2026-07-13T09:44:53.132479,Raspberry_Relieve1,,,39.38,0.0,0,38.59,99.0,-1,0.128,,,,,,683,1.0,0.010722,0.669885
2026-07-13T09:44:54.132586,Raspberry_Relieve1,,,39.382,0.0,0,38.59,99.0,-1,0.128,,,,,,684,0.95,0.010228,0.680113
2026-07-13T09:44:55.132697,Raspberry_Relieve1,,,39.38,0.0,0,38.59,99.0,-1,0.128,,,,,,685,1.03,0.011045,0.691158
2026-07-13T09:44:56.132792,Raspberry_Relieve1,,,39.381,0.0,0,38.59,99.0,-1,0.128,,,,,,686,1.07,0.011516,0.702674
2026-07-13T09:44:57.132909,Raspberry_Relieve1,,,39.38,0.0,0,38.59,99.0,-1,0.128,,,,,,687,1.13,0.01214,0.714814
2026-07-13T09:44:58.133016,Raspberry_Relieve1,,,39.38,0.0,0,38.59,99.0,-1,0.128,,,,,,688,0.77,0.008271,0.723085
2026-07-13T09:44:59.133119,Raspberry_Relieve1,,,39.38,0.0,0,38.59,99.0,-1,0.128,,,,,,689,1.14,0.012211,0.735297
2026-07-13T09:45:00.133225,Raspberry_Relieve1,,,39.38,0.0,0,38.59,99.0,-1,0.128,,,,,,690,0.92,0.009838,0.745135
2026-07-13T09:45:01.133302,Raspberry_Relieve1,,,39.38,0.0,0,38.59,99.0,-1,0.128,,,,,,691,1.0,0.010721,0.755856
2026-07-13T09:45:02.133391,Raspberry_Relieve1,,,39.38,0.0,0,38.59,99.0,-1,0.128,,,,,,692,0.99,0.010604,0.76646
2026-07-13T09:45:03.133478,Raspberry_Relieve1,,,39.38,0.0,0,38.59,99.0,-1,0.128,,,,,,693,1.05,0.011304,0.777764
2026-07-13T09:45:04.133566,Raspberry_Relieve1,,,39.381,0.0,0,38.59,99.0,-1,0.128,,,,,,695,1.29,0.013877,0.791641
2026-07-13T09:45:05.133650,Raspberry_Relieve1,,,39.379,0.0,0,38.59,99.0,-1,0.128,,,,,,695,0.57,0.006084,0.797725
2026-07-13T09:45:06.133769,Raspberry_Relieve1,,,39.378,0.0,0,38.59,99.0,-1,0.128,,,,,,696,1.07,0.011486,0.809211
2026-07-13T09:45:07.133866,Raspberry_Relieve1,,,39.38,0.0,0,38.59,99.0,-1,0.128,,,,,,697,0.96,0.010326,0.819536
2026-07-13T09:45:08.133980,Raspberry_Relieve1,,,39.38,0.0,0,38.59,99.0,-1,0.128,,,,,,698,0.99,0.010655,0.830192
2026-07-13T09:45:09.134096,Raspberry_Relieve1,,,39.371,0.0,0,38.59,99.0,-1,0.128,,,,,,699,1.06,0.011344,0.841536
2026-07-13T09:45:10.134188,Raspberry_Relieve1,,,39.382,0.0,0,38.59,99.0,-1,0.128,,,,,,700,0.97,0.010444,0.85198
2026-07-13T09:45:11.134294,Raspberry_Relieve1,,,39.378,0.0,0,38.59,99.0,-1,0.128,,,,,,701,1.04,0.011184,0.863164
2026-07-13T09:45:12.134404,Raspberry_Relieve1,,,39.379,0.0,0,38.59,99.0,-1,0.128,,,,,,702,0.95,0.010228,0.873393
2026-07-13T09:45:13.134493,Raspberry_Relieve1,,,39.38,0.0,0,38.59,99.0,-1,0.128,,,,,,703,1.07,0.011478,0.884871
2026-07-13T09:45:14.134611,Raspberry_Relieve1,,,39.381,0.0,0,38.59,99.0,-1,0.128,,,,,,704,0.92,0.009882,0.894753
2026-07-13T09:45:15.134697,Raspberry_Relieve1,,,39.381,0.0,0,38.59,99.0,-1,0.128,,,,,,705,1.0,0.010758,0.905511
2026-07-13T09:45:16.134796,Raspberry_Relieve1,,,39.38,0.0,0,38.59,99.0,-1,0.128,,,,,,706,1.01,0.010853,0.916364
2026-07-13T09:45:17.134889,Raspberry_Relieve1,,,39.38,0.0,0,38.59,99.0,-1,0.128,,,,,,707,0.95,0.010214,0.926578
2026-07-13T09:45:18.135070,Raspberry_Relieve1,,,39.381,0.0,0,38.59,99.0,-1,0.128,,,,,,708,1.12,0.012022,0.9386
2026-07-13T09:45:19.135165,Raspberry_Relieve1,,,39.38,0.0,0,38.59,99.0,-1,0.128,,,,,,709,0.9,0.009698,0.948298
2026-07-13T09:45:20.135274,Raspberry_Relieve1,,,39.379,0.0,0,38.59,99.0,-1,0.128,,,,,,710,1.06,0.011387,0.959685
2026-07-13T09:45:21.135389,Raspberry_Relieve1,,,39.379,0.0,0,38.59,99.0,-1,0.128,,,,,,711,1.04,0.011123,0.970808
2026-07-13T09:45:22.135574,Raspberry_Relieve1,,,39.38,0.0,0,38.59,99.0,-1,0.128,,,,,,712,1.08,0.011589,0.982397
2026-07-13T09:45:23.135629,Raspberry_Relieve1,,,39.379,0.0,0,38.59,99.0,-1,0.128,,,,,,713,0.92,0.009846,0.992244
2026-07-13T09:45:24.135722,Raspberry_Relieve1,,,39.378,-0.112,-4,-4.41,99.0,14400,0.128,,,,,,714,0.9,0.004263,0.996507
2026-07-13T09:45:25.135800,Raspberry_Relieve1,,,39.378,-0.11,-4,-4.33,99.0,14400,0.128,,,,,,715,1.01,-0.001225,0.995281
2026-07-13T09:45:26.135911,Raspberry_Relieve1,,,39.377,-0.107,-4,-4.21,99.0,14400,0.128,,,,,,716,1.06,-0.001255,0.994026
2026-07-13T09:45:27.135990,Raspberry_Relieve1,,,39.379,-0.108,-4,-4.25,99.0,14400,0.128,,,,,,717,1.03,-0.001207,0.992819
2026-07-13T09:45:28.136164,Raspberry_Relieve1,,,39.379,-0.106,-4,-4.17,99.0,14400,0.128,,,,,,718,1.0,-0.001172,0.991647
2026-07-13T09:45:29.136353,Raspberry_Relieve1,,,39.379,-0.102,-4,-4.02,99.0,14400,0.128,,,,,,719,1.02,-0.001162,0.990485
2026-07-13T09:45:30.136445,Raspberry_Relieve1,,,39.378,-0.102,-4,-4.02,99.0,-1,0.128,,,,,,720,0.88,-0.000977,0.989509
2026-07-13T09:45:31.136544,Raspberry_Relieve1,,,39.38,0.0,0,0.0,99.0,14400,0.128,,,,,,721,1.22,-0.000683,0.988826
2026-07-13T09:45:32.136731,Raspberry_Relieve1,,,39.379,0.0,0,0.0,99.0,-1,0.128,,,,,,722,0.8,0.0,0.988826
2026-07-13T09:45:33.136850,Raspberry_Relieve1,,,39.378,-0.101,-4,-3.98,99.0,14400,0.128,,,,,,723,1.07,-0.000592,0.988234
2026-07-13T09:45:34.136958,Raspberry_Relieve1,,,39.379,0.0,0,0.0,99.0,-1,0.128,,,,,,724,1.01,-0.000556,0.987677
2026-07-13T09:45:35.137057,Raspberry_Relieve1,,,39.378,-0.102,-4,-4.02,99.0,-1,0.128,,,,,,725,0.98,-0.000546,0.987131
2026-07-13T09:45:36.137172,Raspberry_Relieve1,,,39.379,0.0,0,0.0,99.0,-1,0.128,,,,,,726,1.04,-0.000577,0.986553
2026-07-13T09:45:37.137264,Raspberry_Relieve1,,,39.379,0.0,0,0.0,99.0,-1,0.128,,,,,,727,1.02,0.0,0.986553
2026-07-13T09:45:38.137363,Raspberry_Relieve1,,,39.38,0.0,0,0.0,99.0,-1,0.128,,,,,,728,0.86,0.0,0.986553
2026-07-13T09:45:39.137537,Raspberry_Relieve1,,,39.378,0.0,0,0.0,99.0,-1,0.128,,,,,,729,1.06,0.0,0.986553
2026-07-13T09:45:40.137626,Raspberry_Relieve1,,,39.378,0.0,0,0.0,99.0,-1,0.128,,,,,,730,1.01,0.0,0.986553
2026-07-13T09:45:41.137737,Raspberry_Relieve1,,,39.38,-0.101,-4,-3.98,99.0,-1,0.128,,,,,,731,1.0,-0.000555,0.985999
2026-07-13T09:45:42.137849,Raspberry_Relieve1,,,39.38,0.0,0,0.0,99.0,-1,0.128,,,,,,732,1.18,-0.000654,0.985344
2026-07-13T09:45:43.138068,Raspberry_Relieve1,,,39.379,-0.1,-4,-3.94,99.0,14400,0.128,,,,,,733,0.76,-0.000417,0.984928
2026-07-13T09:45:44.138174,Raspberry_Relieve1,,,39.378,-0.102,-4,-4.02,99.0,14400,0.129,,,,,,734,1.0,-0.001106,0.983822
2026-07-13T09:45:45.138275,Raspberry_Relieve1,,,39.378,-0.103,-4,-4.06,99.0,14400,0.129,,,,,,735,1.01,-0.001132,0.98269
2026-07-13T09:45:46.138375,Raspberry_Relieve1,,,39.379,-0.102,-4,-4.02,99.0,-1,0.129,,,,,,736,1.06,-0.00119,0.9815
2026-07-13T09:45:47.138491,Raspberry_Relieve1,,,39.379,-0.101,-4,-3.98,99.0,14400,0.129,,,,,,737,0.97,-0.001079,0.980421
2026-07-13T09:45:48.138653,Raspberry_Relieve1,,,39.379,0.0,0,0.0,99.0,-1,0.129,,,,,,738,0.97,-0.000535,0.979885
2026-07-13T09:45:49.138790,Raspberry_Relieve1,,,39.379,-0.101,-4,-3.98,99.0,-1,0.129,,,,,,739,0.97,-0.000533,0.979352
2026-07-13T09:45:50.138889,Raspberry_Relieve1,,,39.378,0.0,0,0.0,99.0,-1,0.129,,,,,,740,1.1,-0.00061,0.978741
2026-07-13T09:45:51.139047,Raspberry_Relieve1,,,39.377,0.0,0,0.0,99.0,-1,0.129,,,,,,741,1.05,0.0,0.978741
2026-07-13T09:45:52.139144,Raspberry_Relieve1,,,39.378,0.0,0,0.0,99.0,-1,0.129,,,,,,742,0.87,0.0,0.978741
2026-07-13T09:45:53.139248,Raspberry_Relieve1,,,39.377,0.0,0,0.0,99.0,-1,0.129,,,,,,743,1.01,0.0,0.978741
2026-07-13T09:45:54.139356,Raspberry_Relieve1,,,39.378,0.0,0,0.0,99.0,-1,0.129,,,,,,744,0.99,0.0,0.978741
2026-07-13T09:45:55.139563,Raspberry_Relieve1,,,39.379,0.0,0,0.0,99.0,14400,0.129,,,,,,745,0.95,0.0,0.978741
2026-07-13T09:45:56.139669,Raspberry_Relieve1,,,39.378,0.0,0,0.0,99.0,-1,0.129,,,,,,746,1.25,0.0,0.978741
2026-07-13T09:45:57.139761,Raspberry_Relieve1,,,39.38,0.0,0,0.0,99.0,-1,0.129,,,,,,747,0.86,0.0,0.978741
2026-07-13T09:45:58.139862,Raspberry_Relieve1,,,39.378,0.0,0,0.0,99.0,-1,0.129,,,,,,748,0.95,0.0,0.978741
2026-07-13T09:45:59.139988,Raspberry_Relieve1,,,39.376,0.0,0,0.0,99.0,-1,0.129,,,,,,749,1.03,0.0,0.978741
2026-07-13T09:46:00.140165,Raspberry_Relieve1,,,39.378,0.0,0,0.0,99.0,-1,0.129,,,,,,750,1.03,0.0,0.978741
2026-07-13T09:46:01.140250,Raspberry_Relieve1,,,39.378,0.0,0,0.0,99.0,-1,0.129,,,,,,751,0.93,0.0,0.978741
2026-07-13T09:46:02.140332,Raspberry_Relieve1,,,39.378,-0.105,-4,-4.13,99.0,14400,0.129,,,,,,752,1.0,-0.000573,0.978168
2026-07-13T09:46:03.140431,Raspberry_Relieve1,,,39.378,-0.104,-4,-4.1,99.0,14400,0.129,,,,,,753,0.97,-0.001108,0.97706
2026-07-13T09:46:04.140523,Raspberry_Relieve1,,,39.378,-0.102,-4,-4.02,99.0,14400,0.129,,,,,,754,1.13,-0.001277,0.975783
2026-07-13T09:46:05.140615,Raspberry_Relieve1,,,39.378,-0.102,-4,-4.02,99.0,14400,0.129,,,,,,755,0.93,-0.001033,0.974749
2026-07-13T09:46:06.140854,Raspberry_Relieve1,,,39.379,0.0,0,0.0,99.0,14400,0.129,,,,,,756,0.95,-0.000531,0.974218
2026-07-13T09:46:07.141053,Raspberry_Relieve1,,,39.378,-0.102,-4,-4.02,99.0,14400,0.129,,,,,,757,0.98,-0.000548,0.973669
2026-07-13T09:46:08.141147,Raspberry_Relieve1,,,39.379,0.0,0,0.0,99.0,-1,0.129,,,,,,758,1.09,-0.000611,0.973059
2026-07-13T09:46:09.141311,Raspberry_Relieve1,,,39.379,0.0,0,0.0,99.0,-1,0.129,,,,,,759,0.99,0.0,0.973059
2026-07-13T09:46:10.141515,Raspberry_Relieve1,,,39.38,0.0,0,0.0,99.0,-1,0.129,,,,,,760,0.96,0.0,0.973059
2026-07-13T09:46:11.141738,Raspberry_Relieve1,,,39.378,0.0,0,0.0,99.0,-1,0.129,,,,,,761,1.0,0.0,0.973059
2026-07-13T09:46:12.141940,Raspberry_Relieve1,,,39.377,0.0,0,0.0,99.0,-1,0.129,,,,,,762,1.08,0.0,0.973059
2026-07-13T09:46:13.142039,Raspberry_Relieve1,,,39.378,0.0,0,0.0,99.0,-1,0.129,,,,,,763,0.96,0.0,0.973059
2026-07-13T09:46:14.142143,Raspberry_Relieve1,,,39.377,0.0,0,0.0,99.0,-1,0.129,,,,,,764,1.01,0.0,0.973059
2026-07-13T09:46:15.142249,Raspberry_Relieve1,,,39.377,-0.101,-4,-3.98,99.0,14400,0.129,,,,,,765,0.86,-0.000475,0.972584
2026-07-13T09:46:16.142353,Raspberry_Relieve1,,,39.376,-0.102,-4,-4.02,99.0,-1,0.129,,,,,,766,1.18,-0.001305,0.971279
2026-07-13T09:46:17.142453,Raspberry_Relieve1,,,39.377,0.0,0,0.0,99.0,14400,0.129,,,,,,767,0.93,-0.000517,0.970761
2026-07-13T09:46:18.142547,Raspberry_Relieve1,,,39.377,0.0,0,0.0,99.0,-1,0.129,,,,,,768,1.04,0.0,0.970761
2026-07-13T09:46:19.142651,Raspberry_Relieve1,,,39.379,0.0,0,0.0,99.0,14400,0.129,,,,,,769,0.93,0.0,0.970761
2026-07-13T09:46:20.142813,Raspberry_Relieve1,,,39.379,0.0,0,0.0,99.0,-1,0.129,,,,,,770,0.93,0.0,0.970761
2026-07-13T09:46:21.142875,Raspberry_Relieve1,,,39.378,-0.103,-4,-4.06,99.0,-1,0.129,,,,,,771,1.07,-0.000601,0.97016
2026-07-13T09:46:22.143070,Raspberry_Relieve1,,,39.377,-0.102,-4,-4.02,99.0,-1,0.129,,,,,,772,1.09,-0.001226,0.968934
2026-07-13T09:46:23.143170,Raspberry_Relieve1,,,39.378,-0.102,-4,-4.02,99.0,-1,0.129,,,,,,773,0.93,-0.00104,0.967894
2026-07-13T09:46:24.143271,Raspberry_Relieve1,,,39.377,0.0,0,0.0,99.0,-1,0.129,,,,,,774,1.02,-0.000571,0.967323
2026-07-13T09:46:25.143368,Raspberry_Relieve1,,,39.377,0.0,0,0.0,99.0,-1,0.129,,,,,,775,1.02,0.0,0.967323
2026-07-13T09:46:26.143467,Raspberry_Relieve1,,,39.378,0.0,0,0.0,99.0,-1,0.129,,,,,,776,1.03,0.0,0.967323
2026-07-13T09:46:27.143686,Raspberry_Relieve1,,,39.376,-0.1,-4,-3.94,99.0,-1,0.129,,,,,,777,0.91,-0.0005,0.966823
2026-07-13T09:46:28.143772,Raspberry_Relieve1,,,39.378,0.0,0,0.0,99.0,14400,0.129,,,,,,778,1.06,-0.000578,0.966244
2026-07-13T09:46:29.143859,Raspberry_Relieve1,,,39.376,0.0,0,0.0,99.0,-1,0.129,,,,,,779,0.95,0.0,0.966244
2026-07-13T09:46:30.143955,Raspberry_Relieve1,,,39.377,-0.106,-4,-4.17,99.0,14400,0.129,,,,,,780,1.01,-0.000588,0.965656
2026-07-13T09:46:31.144051,Raspberry_Relieve1,,,39.376,-0.108,-4,-4.25,99.0,14400,0.129,,,,,,781,1.03,-0.00121,0.964446
2026-07-13T09:46:32.144142,Raspberry_Relieve1,,,39.376,-0.108,-4,-4.25,99.0,14400,0.129,,,,,,782,0.87,-0.001027,0.96342
2026-07-13T09:46:33.144291,Raspberry_Relieve1,,,39.377,-0.109,-4,-4.29,99.0,14400,0.129,,,,,,783,1.18,-0.001403,0.962016
2026-07-13T09:46:34.144441,Raspberry_Relieve1,,,39.376,-0.105,-4,-4.13,99.0,14400,0.129,,,,,,784,1.02,-0.001191,0.960825
2026-07-13T09:46:35.144670,Raspberry_Relieve1,,,39.377,-0.1,-4,-3.94,99.0,14400,0.129,,,,,,785,0.84,-0.000939,0.959887
2026-07-13T09:46:36.144864,Raspberry_Relieve1,,,39.376,-0.101,-4,-3.98,99.0,-1,0.129,,,,,,786,1.05,-0.001159,0.958728
2026-07-13T09:46:37.145077,Raspberry_Relieve1,,,39.377,-0.103,-4,-4.06,99.0,14400,0.129,,,,,,787,1.0,-0.00111,0.957618
2026-07-13T09:46:38.145197,Raspberry_Relieve1,,,39.378,0.0,0,0.0,99.0,-1,0.129,,,,,,788,1.07,-0.000603,0.957014
2026-07-13T09:46:39.145291,Raspberry_Relieve1,,,39.376,-0.103,-4,-4.06,99.0,-1,0.129,,,,,,789,1.0,-0.000565,0.956449
2026-07-13T09:46:40.145462,Raspberry_Relieve1,,,39.376,-0.102,-4,-4.02,99.0,14400,0.129,,,,,,790,1.07,-0.001201,0.955248
2026-07-13T09:46:41.145561,Raspberry_Relieve1,,,39.376,-0.102,-4,-4.02,99.0,-1,0.129,,,,,,791,0.92,-0.001028,0.95422
2026-07-13T09:46:42.145670,Raspberry_Relieve1,,,39.377,-0.101,-4,-3.98,99.0,-1,0.129,,,,,,792,1.11,-0.001233,0.952987
2026-07-13T09:46:43.145762,Raspberry_Relieve1,,,39.376,-0.103,-4,-4.06,99.0,-1,0.129,,,,,,793,0.92,-0.001026,0.951961
2026-07-13T09:46:44.145981,Raspberry_Relieve1,,,39.376,-0.102,-4,-4.02,99.0,14400,0.129,,,,,,794,1.16,-0.001304,0.950658
2026-07-13T09:46:45.146072,Raspberry_Relieve1,,,39.377,-0.102,-4,-4.02,99.0,14400,0.129,,,,,,795,0.67,-0.000747,0.949911
2026-07-13T09:46:46.146178,Raspberry_Relieve1,,,39.377,-0.101,-4,-3.98,99.0,14400,0.129,,,,,,796,1.13,-0.001251,0.94866
2026-07-13T09:46:47.146283,Raspberry_Relieve1,,,39.378,-0.104,-4,-4.1,99.0,14400,0.129,,,,,,797,0.92,-0.001037,0.947623
2026-07-13T09:46:48.146388,Raspberry_Relieve1,,,39.376,-0.102,-4,-4.02,99.0,-1,0.129,,,,,,798,1.04,-0.001166,0.946457
2026-07-13T09:46:49.146484,Raspberry_Relieve1,,,39.376,-0.101,-4,-3.98,99.0,14400,0.129,,,,,,800,1.64,-0.001821,0.944636
2026-07-13T09:46:50.222740,Raspberry_Relieve1,,,39.377,0.0,0,0.0,99.0,-1,0.129,,,,,,801,0.67,-0.000373,0.944264
2026-07-13T09:46:51.222823,Raspberry_Relieve1,,,39.376,-0.103,-4,-4.06,99.0,14400,0.129,,,,,,803,2.19,-0.001236,0.943028
2026-07-13T09:46:53.074754,Raspberry_Relieve1,,,39.378,-0.1,-4,-3.94,99.0,14400,0.129,,,,,,803,0.26,-0.000286,0.942742
2026-07-13T09:46:54.074852,Raspberry_Relieve1,,,39.378,0.0,0,0.0,99.0,-1,0.129,,,,,,804,1.05,-0.000576,0.942166
2026-07-13T09:46:55.074936,Raspberry_Relieve1,,,39.377,0.0,0,0.0,99.0,-1,0.129,,,,,,805,1.01,0.0,0.942166
2026-07-13T09:46:56.075029,Raspberry_Relieve1,,,39.376,0.0,0,0.0,99.0,-1,0.129,,,,,,806,1.12,0.0,0.942166
2026-07-13T09:46:57.075154,Raspberry_Relieve1,,,39.377,0.0,0,0.0,99.0,-1,0.129,,,,,,807,0.92,0.0,0.942166
2026-07-13T09:46:58.075229,Raspberry_Relieve1,,,39.379,0.0,0,0.0,99.0,-1,0.129,,,,,,808,1.07,0.0,0.942166
2026-07-13T09:46:59.075319,Raspberry_Relieve1,,,39.379,0.0,0,0.0,99.0,-1,0.129,,,,,,809,0.86,0.0,0.942166
2026-07-13T09:47:00.075405,Raspberry_Relieve1,,,39.375,-0.106,-4,-4.17,99.0,14400,0.129,,,,,,810,1.12,-0.000651,0.941514
2026-07-13T09:47:01.075499,Raspberry_Relieve1,,,39.378,-0.101,-4,-3.98,99.0,-1,0.129,,,,,,811,0.85,-0.000967,0.940547
2026-07-13T09:47:02.075585,Raspberry_Relieve1,,,39.375,-0.106,-4,-4.17,99.0,-1,0.129,,,,,,812,1.09,-0.001229,0.939318
2026-07-13T09:47:03.075718,Raspberry_Relieve1,,,39.377,0.0,0,0.0,99.0,14400,0.129,,,,,,813,0.92,-0.000533,0.938785
2026-07-13T09:47:04.075791,Raspberry_Relieve1,,,39.377,0.0,0,0.0,99.0,-1,0.129,,,,,,814,1.07,0.0,0.938785
2026-07-13T09:47:05.075894,Raspberry_Relieve1,,,39.377,0.0,0,0.0,99.0,-1,0.129,,,,,,815,0.94,0.0,0.938785
2026-07-13T09:47:06.075974,Raspberry_Relieve1,,,39.377,0.0,0,0.0,99.0,-1,0.129,,,,,,816,0.99,0.0,0.938785
2026-07-13T09:47:07.076066,Raspberry_Relieve1,,,39.376,0.0,0,0.0,99.0,-1,0.129,,,,,,817,0.98,0.0,0.938785
2026-07-13T09:47:08.076153,Raspberry_Relieve1,,,39.376,0.0,0,0.0,99.0,-1,0.129,,,,,,818,1.1,0.0,0.938785
2026-07-13T09:47:09.076263,Raspberry_Relieve1,,,39.377,0.0,0,0.0,99.0,-1,0.129,,,,,,819,0.92,0.0,0.938785
2026-07-13T09:47:10.076366,Raspberry_Relieve1,,,39.376,0.0,0,0.0,99.0,-1,0.129,,,,,,820,1.0,0.0,0.938785
2026-07-13T09:47:11.076470,Raspberry_Relieve1,,,39.377,0.0,0,0.0,99.0,-1,0.129,,,,,,821,1.08,0.0,0.938785
2026-07-13T09:47:12.076607,Raspberry_Relieve1,,,39.377,0.0,0,0.0,99.0,-1,0.129,,,,,,822,0.92,0.0,0.938785
2026-07-13T09:47:13.076682,Raspberry_Relieve1,,,39.375,0.0,0,0.0,99.0,-1,0.129,,,,,,823,0.99,0.0,0.938785
2026-07-13T09:47:14.076776,Raspberry_Relieve1,,,39.375,0.0,0,0.0,99.0,-1,0.129,,,,,,824,1.08,0.0,0.938785
2026-07-13T09:47:15.076941,Raspberry_Relieve1,,,39.375,0.0,0,0.0,99.0,-1,0.129,,,,,,825,0.91,0.0,0.938785
2026-07-13T09:47:16.077028,Raspberry_Relieve1,,,39.375,-0.1,-4,-3.94,99.0,-1,0.129,,,,,,826,1.1,-0.0006,0.938185
2026-07-13T09:47:17.077119,Raspberry_Relieve1,,,39.375,0.0,0,0.0,99.0,-1,0.129,,,,,,827,0.95,-0.000521,0.937664
2026-07-13T09:47:18.077262,Raspberry_Relieve1,,,39.375,-0.101,-4,-3.98,99.0,-1,0.129,,,,,,828,1.04,-0.000576,0.937088
2026-07-13T09:47:19.077333,Raspberry_Relieve1,,,39.376,0.0,0,0.0,99.0,-1,0.129,,,,,,829,0.88,-0.000487,0.936601
2026-07-13T09:47:20.077421,Raspberry_Relieve1,,,39.376,0.0,0,0.0,99.0,-1,0.129,,,,,,830,1.03,0.0,0.936601
2026-07-13T09:47:21.077502,Raspberry_Relieve1,,,39.377,0.0,0,0.0,99.0,-1,0.129,,,,,,831,1.01,0.0,0.936601
2026-07-13T09:47:22.077587,Raspberry_Relieve1,,,39.375,0.0,0,0.0,99.0,-1,0.129,,,,,,832,0.99,0.0,0.936601
2026-07-13T09:47:23.077685,Raspberry_Relieve1,,,39.376,0.0,0,0.0,99.0,-1,0.129,,,,,,833,1.0,0.0,0.936601
2026-07-13T09:47:24.077811,Raspberry_Relieve1,,,39.375,-0.101,-4,-3.98,99.0,-1,0.129,,,,,,834,1.08,-0.000594,0.936007
2026-07-13T09:47:25.077885,Raspberry_Relieve1,,,39.377,0.0,0,0.0,99.0,-1,0.129,,,,,,835,1.01,-0.000559,0.935448
2026-07-13T09:47:26.077969,Raspberry_Relieve1,,,39.375,0.0,0,0.0,99.0,-1,0.129,,,,,,836,0.98,0.0,0.935448
2026-07-13T09:47:27.078055,Raspberry_Relieve1,,,39.375,0.0,0,0.0,99.0,-1,0.129,,,,,,837,1.03,0.0,0.935448
2026-07-13T09:47:28.078140,Raspberry_Relieve1,,,39.377,0.0,0,0.0,99.0,-1,0.129,,,,,,838,0.99,0.0,0.935448
2026-07-13T09:47:29.078225,Raspberry_Relieve1,,,36.959,9.916,366,366.49,99.0,-1,0.129,,,,,,839,1.04,0.052825,0.988272
2026-07-13T09:47:30.078355,Raspberry_Relieve1,,,39.358,0.702,28,27.63,99.0,-1,0.129,,,,,,840,0.86,0.047139,1.035411
2026-07-13T09:47:31.078426,Raspberry_Relieve1,,,39.362,0.0,0,27.63,99.0,-1,0.128,,,,,,841,1.0,0.007697,1.043108
2026-07-13T09:47:32.078515,Raspberry_Relieve1,,,39.364,0.0,0,27.63,99.0,-1,0.128,,,,,,842,1.17,0.008942,1.05205
2026-07-13T09:47:33.078602,Raspberry_Relieve1,,,39.366,0.0,0,27.63,99.0,-1,0.128,,,,,,843,1.22,0.009358,1.061408
2026-07-13T09:47:34.078708,Raspberry_Relieve1,,,39.368,0.0,0,27.63,99.0,-1,0.128,,,,,,844,0.59,0.004546,1.065954
2026-07-13T09:47:35.078779,Raspberry_Relieve1,,,39.367,0.0,0,27.63,99.0,-1,0.128,,,,,,845,1.09,0.00837,1.074324
2026-07-13T09:47:36.079011,Raspberry_Relieve1,,,39.367,0.0,0,27.63,99.0,-1,0.128,,,,,,846,1.02,0.007816,1.08214
2026-07-13T09:47:37.079154,Raspberry_Relieve1,,,39.368,0.0,0,27.63,99.0,-1,0.128,,,,,,847,0.94,0.007231,1.089371
2026-07-13T09:47:38.079308,Raspberry_Relieve1,,,39.37,0.0,0,27.63,99.0,-1,0.128,,,,,,848,1.07,0.008212,1.097583
2026-07-13T09:47:39.079385,Raspberry_Relieve1,,,39.368,0.0,0,27.63,99.0,-1,0.128,,,,,,849,0.93,0.007154,1.104738
2026-07-13T09:47:40.079475,Raspberry_Relieve1,,,39.368,0.0,0,27.63,99.0,-1,0.128,,,,,,850,1.09,0.008352,1.11309
2026-07-13T09:47:41.079563,Raspberry_Relieve1,,,39.368,0.0,0,27.63,99.0,-1,0.128,,,,,,851,0.91,0.006983,1.120073
2026-07-13T09:47:42.079656,Raspberry_Relieve1,,,39.369,0.0,0,27.63,99.0,-1,0.128,,,,,,852,0.98,0.007556,1.127629
2026-07-13T09:47:43.079744,Raspberry_Relieve1,,,39.369,0.0,0,27.63,99.0,-1,0.128,,,,,,853,1.18,0.009086,1.136714
2026-07-13T09:47:44.080604,Raspberry_Relieve1,,,39.367,0.0,0,27.63,99.0,-1,0.128,,,,,,854,0.88,0.00679,1.143504
2026-07-13T09:47:45.080675,Raspberry_Relieve1,,,39.37,0.0,0,27.63,99.0,-1,0.128,,,,,,855,1.06,0.008128,1.151633
2026-07-13T09:47:46.080764,Raspberry_Relieve1,,,39.37,0.0,0,27.63,99.0,-1,0.128,,,,,,856,0.86,0.006588,1.15822
2026-07-13T09:47:47.080851,Raspberry_Relieve1,,,39.37,0.0,0,27.63,99.0,-1,0.128,,,,,,857,1.01,0.007727,1.165947
2026-07-13T09:47:48.080945,Raspberry_Relieve1,,,39.369,0.0,0,27.63,99.0,-1,0.128,,,,,,858,1.08,0.008254,1.174201
2026-07-13T09:47:49.081039,Raspberry_Relieve1,,,39.37,0.0,0,27.63,99.0,-1,0.128,,,,,,859,1.1,0.00846,1.182661
2026-07-13T09:47:50.081210,Raspberry_Relieve1,,,39.369,0.0,0,27.63,99.0,-1,0.128,,,,,,860,0.84,0.006473,1.189134
2026-07-13T09:47:51.081285,Raspberry_Relieve1,,,39.37,0.0,0,27.63,99.0,-1,0.128,,,,,,861,1.03,0.00788,1.197014
2026-07-13T09:47:52.081375,Raspberry_Relieve1,,,39.369,0.0,0,27.63,99.0,-1,0.128,,,,,,862,1.02,0.007845,1.204859
2026-07-13T09:47:53.081469,Raspberry_Relieve1,,,39.37,0.0,0,27.63,99.0,14400,0.129,,,,,,863,0.94,0.007226,1.212085
2026-07-13T09:47:54.081559,Raspberry_Relieve1,,,39.37,0.0,0,27.63,99.0,-1,0.129,,,,,,864,0.99,0.007584,1.219669
2026-07-13T09:47:55.081648,Raspberry_Relieve1,,,39.372,0.0,0,27.63,99.0,-1,0.129,,,,,,865,1.03,0.00787,1.227539
2026-07-13T09:47:56.081864,Raspberry_Relieve1,,,39.372,0.0,0,27.63,99.0,-1,0.129,,,,,,866,0.99,0.007599,1.235138
2026-07-13T09:47:57.081934,Raspberry_Relieve1,,,39.372,0.0,0,27.63,99.0,-1,0.129,,,,,,867,1.01,0.007742,1.24288
2026-07-13T09:47:58.082023,Raspberry_Relieve1,,,39.37,0.0,0,27.63,99.0,-1,0.129,,,,,,869,1.83,0.014045,1.256925
2026-07-13T09:47:59.211305,Raspberry_Relieve1,,,39.37,0.0,0,27.63,99.0,-1,0.129,,,,,,869,0.26,0.001997,1.258922
2026-07-13T09:48:00.211399,Raspberry_Relieve1,,,39.371,0.0,0,27.63,99.0,-1,0.129,,,,,,870,1.11,0.008531,1.267453
2026-07-13T09:48:01.211535,Raspberry_Relieve1,,,39.373,0.0,0,27.63,99.0,-1,0.129,,,,,,871,0.93,0.00711,1.274563
2026-07-13T09:48:02.211610,Raspberry_Relieve1,,,39.372,0.0,0,27.63,99.0,-1,0.129,,,,,,872,0.98,0.007491,1.282054
2026-07-13T09:48:03.211693,Raspberry_Relieve1,,,39.371,0.0,0,27.63,99.0,-1,0.129,,,,,,873,0.99,0.00762,1.289674
2026-07-13T09:48:04.211773,Raspberry_Relieve1,,,39.37,0.0,0,27.63,99.0,-1,0.129,,,,,,874,1.12,0.008568,1.298242
2026-07-13T09:48:05.211858,Raspberry_Relieve1,,,39.372,0.0,0,27.63,99.0,-1,0.129,,,,,,875,1.27,0.009772,1.308014
2026-07-13T09:48:06.211940,Raspberry_Relieve1,,,39.371,0.0,0,27.63,99.0,-1,0.129,,,,,,876,0.71,0.005453,1.313467
2026-07-13T09:48:07.212099,Raspberry_Relieve1,,,39.371,0.0,0,27.63,99.0,-1,0.129,,,,,,877,0.94,0.007243,1.320711
2026-07-13T09:48:08.212202,Raspberry_Relieve1,,,39.371,0.0,0,27.63,99.0,-1,0.129,,,,,,878,1.18,0.009073,1.329784
2026-07-13T09:48:09.212309,Raspberry_Relieve1,,,39.372,0.0,0,27.63,99.0,-1,0.129,,,,,,879,0.79,0.006097,1.335881
2026-07-13T09:48:10.212409,Raspberry_Relieve1,,,39.371,0.0,0,27.63,99.0,-1,0.129,,,,,,880,1.06,0.008156,1.344036
2026-07-13T09:48:11.212560,Raspberry_Relieve1,,,39.371,0.0,0,27.63,99.0,-1,0.129,,,,,,881,0.97,0.007444,1.35148
2026-07-13T09:48:12.212618,Raspberry_Relieve1,,,39.373,0.0,0,27.63,99.0,-1,0.129,,,,,,882,1.06,0.008168,1.359648
2026-07-13T09:48:13.212716,Raspberry_Relieve1,,,39.372,0.0,0,27.63,99.0,-1,0.129,,,,,,883,0.9,0.006911,1.366559
2026-07-13T09:48:14.212790,Raspberry_Relieve1,,,39.371,0.0,0,27.63,99.0,-1,0.129,,,,,,884,1.0,0.007671,1.37423
2026-07-13T09:48:15.212873,Raspberry_Relieve1,,,39.371,0.0,0,27.63,99.0,-1,0.129,,,,,,885,1.37,0.010507,1.384737
2026-07-13T09:48:16.212955,Raspberry_Relieve1,,,39.372,0.0,0,27.63,99.0,-1,0.129,,,,,,886,0.63,0.004798,1.389535
2026-07-13T09:48:17.213081,Raspberry_Relieve1,,,39.372,0.0,0,27.63,99.0,-1,0.129,,,,,,887,1.04,0.007971,1.397506
2026-07-13T09:48:18.213204,Raspberry_Relieve1,,,39.371,0.0,0,27.63,99.0,-1,0.129,,,,,,888,0.95,0.007284,1.40479
2026-07-13T09:48:19.213259,Raspberry_Relieve1,,,39.37,0.0,0,27.63,99.0,-1,0.129,,,,,,889,1.03,0.007894,1.412685
2026-07-13T09:48:20.213350,Raspberry_Relieve1,,,39.371,0.0,0,27.63,99.0,-1,0.129,,,,,,890,1.0,0.007684,1.420369
2026-07-13T09:48:21.213431,Raspberry_Relieve1,,,39.371,0.0,0,27.63,99.0,-1,0.129,,,,,,891,0.98,0.007506,1.427874
2026-07-13T09:48:22.213522,Raspberry_Relieve1,,,39.37,0.0,0,27.63,99.0,-1,0.129,,,,,,892,0.99,0.007619,1.435493
2026-07-13T09:48:23.213661,Raspberry_Relieve1,,,39.373,0.0,0,27.63,99.0,-1,0.129,,,,,,893,1.04,0.007974,1.443467
2026-07-13T09:48:24.213746,Raspberry_Relieve1,,,39.371,0.0,0,27.63,99.0,-1,0.129,,,,,,894,1.0,0.00771,1.451177
2026-07-13T09:48:25.213836,Raspberry_Relieve1,,,39.37,0.0,0,27.63,99.0,-1,0.129,,,,,,895,0.97,0.007451,1.458628
2026-07-13T09:48:26.213939,Raspberry_Relieve1,,,39.37,0.0,0,27.63,99.0,-1,0.129,,,,,,896,1.0,0.00769,1.466318
2026-07-13T09:48:27.214009,Raspberry_Relieve1,,,39.372,0.0,0,27.63,99.0,-1,0.129,,,,,,897,1.07,0.008201,1.474519
2026-07-13T09:48:28.214115,Raspberry_Relieve1,,,39.371,-0.1,-4,-3.94,99.0,-1,0.129,,,,,,898,0.93,0.003054,1.477573
2026-07-13T09:48:29.214190,Raspberry_Relieve1,,,39.372,0.0,0,0.0,99.0,-1,0.129,,,,,,899,1.07,-0.000585,1.476988
2026-07-13T09:48:30.214311,Raspberry_Relieve1,,,38.479,3.482,134,133.98,99.0,-1,0.129,,,,,,900,0.94,0.0175,1.494488
2026-07-13T09:48:31.214397,Raspberry_Relieve1,,,39.367,0.145,6,5.71,99.0,-1,0.128,,,,,,901,1.05,0.020347,1.514835
2026-07-13T09:48:32.214480,Raspberry_Relieve1,,,39.367,0.0,0,5.71,99.0,-1,0.128,,,,,,902,1.12,0.001775,1.51661
2026-07-13T09:48:33.214561,Raspberry_Relieve1,25.652460333333334,-100.2917744,39.367,0.0,0,5.71,99.0,-1,0.128,,,,,,903,0.91,0.00144,1.51805
2026-07-13T09:48:34.214643,Raspberry_Relieve1,25.652453983333334,-100.29177021666666,39.368,-0.101,-4,-3.98,99.0,14400,0.128,,,,,,904,0.96,0.000232,1.518282
2026-07-13T09:48:35.214730,Raspberry_Relieve1,25.65244855,-100.2917661,39.368,-0.1,-4,-3.94,99.0,-1,0.128,,,,,,905,0.95,-0.001041,1.517241
2026-07-13T09:48:36.214815,Raspberry_Relieve1,25.6524428,-100.2917591,39.366,0.0,0,0.0,99.0,-1,0.128,,,,,,906,1.07,-0.000584,1.516657
2026-07-13T09:48:37.214964,Raspberry_Relieve1,25.652433116666668,-100.29175055,39.369,0.0,0,0.0,99.0,-1,0.128,,,,,,907,0.96,0.0,1.516657
2026-07-13T09:48:38.215057,Raspberry_Relieve1,25.652424483333334,-100.29173693333334,39.369,0.0,0,0.0,99.0,-1,0.128,,,,,,908,0.97,0.0,1.516657
2026-07-13T09:48:39.215140,Raspberry_Relieve1,25.652417533333335,-100.29172206666667,39.368,0.0,0,0.0,99.0,-1,0.128,,,,,,909,1.01,0.0,1.516657
2026-07-13T09:48:40.215226,Raspberry_Relieve1,25.65241225,-100.29171238333333,39.367,-0.1,-4,-3.94,99.0,-1,0.128,,,,,,910,1.08,-0.000592,1.516064
2026-07-13T09:48:41.215332,Raspberry_Relieve1,25.652405483333332,-100.29170188333333,39.369,0.0,0,0.0,99.0,-1,0.128,,,,,,911,0.93,-0.000507,1.515557
2026-07-13T09:48:42.215401,Raspberry_Relieve1,25.652397816666667,-100.29168846666667,39.369,-0.102,-4,-4.02,99.0,-1,0.128,,,,,,912,1.06,-0.000594,1.514963
2026-07-13T09:48:43.215521,Raspberry_Relieve1,25.652387166666667,-100.29167588333334,39.368,0.0,0,0.0,99.0,-1,0.128,,,,,,913,0.95,-0.00053,1.514434
2026-07-13T09:48:44.215632,Raspberry_Relieve1,25.6523749,-100.29166395,39.369,0.0,0,0.0,99.0,-1,0.128,,,,,,914,1.01,0.0,1.514434
2026-07-13T09:48:45.215714,Raspberry_Relieve1,25.65236133333333,-100.2916521,39.37,0.0,0,0.0,99.0,-1,0.128,,,,,,915,0.98,0.0,1.514434
2026-07-13T09:48:46.215792,Raspberry_Relieve1,25.652346833333333,-100.29164153333333,39.37,0.0,0,0.0,99.0,-1,0.128,,,,,,916,0.96,0.0,1.514434
2026-07-13T09:48:47.215905,Raspberry_Relieve1,25.65233398333333,-100.29163075,39.369,0.0,0,0.0,99.0,-1,0.128,,,,,,917,1.07,0.0,1.514434
2026-07-13T09:48:48.215970,Raspberry_Relieve1,25.65232285,-100.29162045,39.368,0.0,0,0.0,99.0,-1,0.128,,,,,,918,0.99,0.0,1.514434
2026-07-13T09:48:49.216052,Raspberry_Relieve1,25.652320316666668,-100.29161475,39.368,-0.102,-4,-4.02,99.0,-1,0.128,,,,,,919,1.0,-0.000555,1.513878
2026-07-13T09:49:09.273754,Raspberry_Relieve1,25.652322283333334,-100.2916093,39.366,-0.116,-5,-4.57,99.0,14400,0.128,,,,,,944,25.08,-0.029895,1.483983
2026-07-13T09:49:14.607554,Raspberry_Relieve1,25.652322283333334,-100.2916093,39.364,0.0,0,0.0,99.0,-1,0.128,,,,,,945,0.28,-0.000175,1.483808
2026-07-13T09:49:15.607656,Raspberry_Relieve1,25.652322283333334,-100.2916093,39.365,0.0,0,0.0,99.0,-1,0.128,,,,,,946,1.09,0.0,1.483808
2026-07-13T09:49:16.607807,Raspberry_Relieve1,25.652322283333334,-100.2916093,39.367,0.0,0,0.0,99.0,-1,0.128,,,,,,947,0.91,0.0,1.483808
2026-07-13T09:49:17.607987,Raspberry_Relieve1,25.652322283333334,-100.2916093,39.365,0.0,0,0.0,99.0,-1,0.128,,,,,,948,1.1,0.0,1.483808
2026-07-13T09:49:18.608116,Raspberry_Relieve1,25.652322283333334,-100.2916093,39.368,0.0,0,0.0,99.0,-1,0.128,,,,,,949,0.96,0.0,1.483808
2026-07-13T09:49:19.608277,Raspberry_Relieve1,25.652322283333334,-100.2916093,39.366,0.0,0,0.0,99.0,-1,0.128,,,,,,950,0.96,0.0,1.483808
2026-07-13T09:49:20.608428,Raspberry_Relieve1,25.652322283333334,-100.2916093,39.367,0.0,0,0.0,99.0,-1,0.128,,,,,,951,1.0,0.0,1.483808
2026-07-13T09:49:21.608527,Raspberry_Relieve1,25.652322283333334,-100.2916093,39.367,0.0,0,0.0,99.0,-1,0.128,,,,,,952,0.99,0.0,1.483808
2026-07-13T09:49:22.608605,Raspberry_Relieve1,25.652322283333334,-100.2916093,39.366,0.0,0,0.0,99.0,-1,0.128,,,,,,953,0.97,0.0,1.483808
2026-07-13T09:49:23.608690,Raspberry_Relieve1,25.652322283333334,-100.2916093,38.467,5.267,203,202.61,99.0,-1,0.126,,,,,,954,1.02,0.02862,1.512428
2026-07-13T09:49:24.608778,Raspberry_Relieve1,25.652322283333334,-100.2916093,39.346,0.647,25,25.46,99.0,-1,0.125,,,,,,955,1.06,0.033504,1.545932
2026-07-13T09:49:25.608869,Raspberry_Relieve1,25.652322283333334,-100.2916093,39.353,0.0,0,25.46,99.0,-1,0.125,,,,,,956,1.09,0.007703,1.553635
2026-07-13T09:49:26.608999,Raspberry_Relieve1,25.652322283333334,-100.2916093,39.352,0.0,0,25.46,99.0,-1,0.125,,,,,,957,0.9,0.006388,1.560023
2026-07-13T09:49:27.609115,Raspberry_Relieve1,25.652322283333334,-100.2916093,39.357,0.0,0,25.46,99.0,-1,0.125,,,,,,958,1.05,0.007394,1.567417
2026-07-13T09:49:28.609218,Raspberry_Relieve1,25.652322283333334,-100.2916093,39.358,0.0,0,25.46,99.0,-1,0.125,,,,,,959,1.01,0.007137,1.574554
2026-07-13T09:49:29.609322,Raspberry_Relieve1,25.652322283333334,-100.2916093,39.359,0.0,0,25.46,99.0,-1,0.125,,,,,,960,0.92,0.006524,1.581078
2026-07-13T09:49:30.609436,Raspberry_Relieve1,25.652322283333334,-100.2916093,39.359,0.0,0,25.46,99.0,-1,0.125,,,,,,961,1.08,0.007607,1.588686
2026-07-13T09:49:31.609540,Raspberry_Relieve1,25.652322283333334,-100.2916093,39.361,0.0,0,25.46,99.0,-1,0.125,,,,,,962,0.92,0.006533,1.595218
2026-07-13T09:49:32.609652,Raspberry_Relieve1,25.652322283333334,-100.2916093,39.359,0.0,0,25.46,99.0,-1,0.125,,,,,,963,1.08,0.007651,1.60287
2026-07-13T09:49:33.609755,Raspberry_Relieve1,25.652322283333334,-100.2916093,39.36,0.0,0,25.46,99.0,-1,0.125,,,,,,964,0.94,0.006644,1.609513
2026-07-13T09:49:34.609863,Raspberry_Relieve1,25.652322283333334,-100.2916093,39.36,0.0,0,25.46,99.0,-1,0.125,,,,,,965,0.95,0.00672,1.616233
2026-07-13T09:49:35.610069,Raspberry_Relieve1,25.652322283333334,-100.2916093,39.364,0.0,0,25.46,99.0,-1,0.125,,,,,,966,1.01,0.00716,1.623393
2026-07-13T09:49:36.610195,Raspberry_Relieve1,25.652322283333334,-100.2916093,39.363,0.0,0,25.46,99.0,-1,0.125,,,,,,967,1.0,0.007084,1.630478
2026-07-13T09:49:37.610342,Raspberry_Relieve1,25.652322283333334,-100.2916093,39.364,0.0,0,25.46,99.0,-1,0.125,,,,,,968,1.16,0.008183,1.638661
2026-07-13T09:49:38.610446,Raspberry_Relieve1,25.652322283333334,-100.2916093,39.362,0.0,0,25.46,99.0,-1,0.125,,,,,,969,0.82,0.005827,1.644488
2026-07-13T09:49:39.610566,Raspberry_Relieve1,25.652322283333334,-100.2916093,39.36,0.0,0,25.46,99.0,-1,0.125,,,,,,970,1.11,0.007847,1.652335
2026-07-13T09:49:40.610673,Raspberry_Relieve1,25.652322283333334,-100.2916093,39.361,0.0,0,25.46,99.0,-1,0.125,,,,,,971,1.0,0.007045,1.65938
2026-07-13T09:49:41.610848,Raspberry_Relieve1,25.652322283333334,-100.2916093,39.36,0.0,0,25.46,99.0,-1,0.125,,,,,,972,1.02,0.007232,1.666611
2026-07-13T09:49:42.610970,Raspberry_Relieve1,25.652322283333334,-100.2916093,39.362,0.0,0,25.46,99.0,-1,0.125,,,,,,973,0.92,0.006508,1.67312
2026-07-13T09:49:43.611086,Raspberry_Relieve1,25.652322283333334,-100.2916093,39.362,0.0,0,25.46,99.0,-1,0.125,,,,,,974,1.05,0.007406,1.680526
2026-07-13T09:49:44.611215,Raspberry_Relieve1,25.652322283333334,-100.2916093,39.362,0.0,0,25.46,99.0,-1,0.125,,,,,,975,0.9,0.006336,1.686862
2026-07-13T09:49:45.611325,Raspberry_Relieve1,25.652322283333334,-100.2916093,39.361,0.0,0,25.46,99.0,-1,0.125,,,,,,976,1.18,0.008357,1.695219
2026-07-13T09:49:46.611488,Raspberry_Relieve1,25.652322283333334,-100.2916093,39.363,0.0,0,25.46,99.0,-1,0.125,,,,,,977,0.83,0.005889,1.701108
2026-07-13T09:49:47.611612,Raspberry_Relieve1,25.652322283333334,-100.2916093,39.363,0.0,0,25.46,99.0,-1,0.125,,,,,,978,1.18,0.008312,1.70942
2026-07-13T09:49:48.611767,Raspberry_Relieve1,25.652322283333334,-100.2916093,39.365,0.0,0,25.46,99.0,-1,0.125,,,,,,979,0.86,0.006106,1.715526
2026-07-13T09:49:49.611919,Raspberry_Relieve1,25.652322283333334,-100.2916093,39.362,0.0,0,25.46,99.0,-1,0.125,,,,,,980,1.11,0.007825,1.723351
2026-07-13T09:49:50.612002,Raspberry_Relieve1,25.652322283333334,-100.2916093,39.361,0.0,0,25.46,99.0,-1,0.125,,,,,,981,0.89,0.006258,1.72961
2026-07-13T09:49:51.612109,Raspberry_Relieve1,25.652322283333334,-100.2916093,39.363,0.0,0,25.46,99.0,-1,0.125,,,,,,982,1.09,0.007714,1.737324
2026-07-13T09:49:52.612221,Raspberry_Relieve1,25.652322283333334,-100.2916093,39.364,0.0,0,25.46,99.0,-1,0.125,,,,,,983,0.96,0.006794,1.744117
2026-07-13T09:49:53.612338,Raspberry_Relieve1,25.652322283333334,-100.2916093,39.364,0.0,0,25.46,99.0,-1,0.125,,,,,,984,0.98,0.006902,1.751019
2026-07-13T09:49:54.612463,Raspberry_Relieve1,25.652322283333334,-100.2916093,39.364,0.0,0,25.46,99.0,-1,0.125,,,,,,985,1.01,0.00717,1.758189
2026-07-13T09:49:55.612582,Raspberry_Relieve1,25.652322283333334,-100.2916093,39.363,0.0,0,25.46,99.0,-1,0.125,,,,,,986,0.97,0.006883,1.765072
2026-07-13T09:49:56.612685,Raspberry_Relieve1,25.652322283333334,-100.2916093,39.362,0.0,0,25.46,99.0,-1,0.125,,,,,,987,1.06,0.007526,1.772598
2026-07-13T09:49:57.612799,Raspberry_Relieve1,25.652322283333334,-100.2916093,39.362,0.0,0,25.46,99.0,-1,0.125,,,,,,988,1.03,0.007316,1.779914
2026-07-13T09:49:58.612950,Raspberry_Relieve1,25.652322283333334,-100.2916093,39.363,0.0,0,25.46,99.0,-1,0.125,,,,,,989,0.94,0.006663,1.786577
2026-07-13T09:49:59.613068,Raspberry_Relieve1,25.652322283333334,-100.2916093,39.362,0.0,0,25.46,99.0,-1,0.125,,,,,,990,1.14,0.00804,1.794617
2026-07-13T09:50:00.613233,Raspberry_Relieve1,25.652322283333334,-100.2916093,39.364,0.0,0,25.46,99.0,-1,0.125,,,,,,991,1.2,0.008473,1.80309
2026-07-13T09:50:01.613303,Raspberry_Relieve1,25.652322283333334,-100.2916093,39.362,0.0,0,25.46,99.0,-1,0.125,,,,,,992,0.66,0.004662,1.807752
2026-07-13T09:50:02.613385,Raspberry_Relieve1,25.652322283333334,-100.2916093,39.362,0.0,0,25.46,99.0,-1,0.125,,,,,,993,0.97,0.006861,1.814614
2026-07-13T09:50:03.613471,Raspberry_Relieve1,25.652322283333334,-100.2916093,39.362,0.0,0,25.46,99.0,-1,0.125,,,,,,994,1.01,0.007157,1.82177
2026-07-13T09:50:04.613554,Raspberry_Relieve1,25.652322283333334,-100.2916093,39.361,0.0,0,25.46,99.0,-1,0.125,,,,,,995,0.92,0.00652,1.82829
2026-07-13T09:50:05.613636,Raspberry_Relieve1,25.652322283333334,-100.2916093,39.363,0.0,0,25.46,99.0,-1,0.125,,,,,,996,1.04,0.007332,1.835622
2026-07-13T09:50:06.613821,Raspberry_Relieve1,25.652322283333334,-100.2916093,39.362,0.0,0,25.46,99.0,-1,0.125,,,,,,997,1.08,0.007665,1.843287
2026-07-13T09:50:07.613975,Raspberry_Relieve1,25.652322283333334,-100.2916093,39.363,0.0,0,25.46,99.0,-1,0.125,,,,,,998,0.98,0.006963,1.85025
2026-07-13T09:50:08.614142,Raspberry_Relieve1,25.652322283333334,-100.2916093,39.364,0.0,0,25.46,99.0,-1,0.125,,,,,,999,0.91,0.006433,1.856683
2026-07-13T09:50:09.614312,Raspberry_Relieve1,25.652322283333334,-100.2916093,39.364,0.0,0,25.46,99.0,-1,0.125,,,,,,1000,1.03,0.007278,1.863961
2026-07-13T09:50:10.614454,Raspberry_Relieve1,25.652322283333334,-100.2916093,39.364,0.0,0,25.46,99.0,-1,0.125,,,,,,1001,1.01,0.007131,1.871092
2026-07-13T09:50:11.614644,Raspberry_Relieve1,25.652322283333334,-100.2916093,39.365,0.0,0,25.46,99.0,-1,0.125,,,,,,1002,1.01,0.007124,1.878216
2026-07-13T09:50:12.614755,Raspberry_Relieve1,25.652322283333334,-100.2916093,39.364,0.0,0,25.46,99.0,-1,0.125,,,,,,1003,0.95,0.006698,1.884914
2026-07-13T09:50:13.614871,Raspberry_Relieve1,25.652322283333334,-100.2916093,39.363,0.0,0,25.46,99.0,-1,0.125,,,,,,1004,1.03,0.007285,1.892199
2026-07-13T09:50:14.614985,Raspberry_Relieve1,25.652322283333334,-100.2916093,39.364,0.0,0,25.46,99.0,-1,0.125,,,,,,1005,1.08,0.00763,1.899829
2026-07-13T09:50:15.615102,Raspberry_Relieve1,25.652322283333334,-100.2916093,39.363,0.0,0,25.46,99.0,-1,0.125,,,,,,1006,1.06,0.007531,1.90736
2026-07-13T09:50:16.615212,Raspberry_Relieve1,25.652322283333334,-100.2916093,39.365,0.0,0,25.46,99.0,-1,0.125,,,,,,1007,0.83,0.005855,1.913215
2026-07-13T09:50:17.615319,Raspberry_Relieve1,25.652322283333334,-100.2916093,39.362,0.0,0,25.46,99.0,-1,0.125,,,,,,1008,1.02,0.00722,1.920435
2026-07-13T09:50:18.615468,Raspberry_Relieve1,25.652322283333334,-100.2916093,39.363,0.0,0,25.46,99.0,-1,0.125,,,,,,1009,1.1,0.007763,1.928198
2026-07-13T09:50:19.615608,Raspberry_Relieve1,25.652322283333334,-100.2916093,39.363,0.0,0,25.46,99.0,-1,0.125,,,,,,1010,1.02,0.007204,1.935403
2026-07-13T09:50:20.615751,Raspberry_Relieve1,25.652322283333334,-100.2916093,39.364,0.0,0,25.46,99.0,-1,0.125,,,,,,1011,0.97,0.006852,1.942255
2026-07-13T09:50:21.615957,Raspberry_Relieve1,25.652322283333334,-100.2916093,39.364,0.0,0,25.46,99.0,-1,0.125,,,,,,1012,0.96,0.006755,1.949009
2026-07-13T09:50:22.616019,Raspberry_Relieve1,25.652322283333334,-100.2916093,39.365,0.0,0,25.46,99.0,-1,0.125,,,,,,1013,0.96,0.006782,1.955791
2026-07-13T09:50:23.616175,Raspberry_Relieve1,25.652322283333334,-100.2916093,39.365,0.0,0,25.46,99.0,-1,0.125,,,,,,1014,1.02,0.007218,1.963009
2026-07-13T09:50:24.616323,Raspberry_Relieve1,25.652322283333334,-100.2916093,39.366,0.0,0,25.46,99.0,-1,0.125,,,,,,1015,0.96,0.006774,1.969783
2026-07-13T09:50:25.616464,Raspberry_Relieve1,25.652322283333334,-100.2916093,39.366,0.0,0,25.46,99.0,-1,0.125,,,,,,1016,1.08,0.007664,1.977447
2026-07-13T09:50:26.616570,Raspberry_Relieve1,25.652322283333334,-100.2916093,39.364,0.0,0,25.46,99.0,-1,0.125,,,,,,1017,1.0,0.007078,1.984525
2026-07-13T09:50:27.616707,Raspberry_Relieve1,25.652322283333334,-100.2916093,39.366,0.0,0,25.46,99.0,-1,0.125,,,,,,1018,0.98,0.006915,1.99144
2026-07-13T09:50:28.616814,Raspberry_Relieve1,25.652322283333334,-100.2916093,39.365,0.0,0,25.46,99.0,-1,0.125,,,,,,1019,0.95,0.006743,1.998183
2026-07-13T09:50:29.616955,Raspberry_Relieve1,25.652322283333334,-100.2916093,39.364,0.0,0,25.46,99.0,-1,0.125,,,,,,1020,1.1,0.007768,2.005951
2026-07-13T09:50:30.617068,Raspberry_Relieve1,25.652322283333334,-100.2916093,39.366,0.0,0,25.46,99.0,-1,0.125,,,,,,1021,0.98,0.006963,2.012914
2026-07-13T09:50:31.617204,Raspberry_Relieve1,25.652322283333334,-100.2916093,39.365,0.0,0,25.46,99.0,-1,0.125,,,,,,1022,0.94,0.006662,2.019576
2026-07-13T09:50:32.617314,Raspberry_Relieve1,25.652322283333334,-100.2916093,39.366,0.0,0,25.46,99.0,-1,0.125,,,,,,1023,1.02,0.007204,2.02678
2026-07-13T09:50:33.617463,Raspberry_Relieve1,25.652322283333334,-100.2916093,39.366,0.0,0,25.46,99.0,-1,0.125,,,,,,1024,1.05,0.007434,2.034214
2026-07-13T09:50:34.617556,Raspberry_Relieve1,25.652322283333334,-100.2916093,39.364,0.0,0,25.46,99.0,-1,0.125,,,,,,1025,0.99,0.006972,2.041187
2026-07-13T09:50:35.617718,Raspberry_Relieve1,25.652322283333334,-100.2916093,39.366,0.0,0,25.46,99.0,-1,0.125,,,,,,1026,0.95,0.0067,2.047887
2026-07-13T09:50:36.617843,Raspberry_Relieve1,25.652322283333334,-100.2916093,39.366,0.0,0,25.46,99.0,-1,0.125,,,,,,1027,0.97,0.006856,2.054743
2026-07-13T09:50:37.617962,Raspberry_Relieve1,25.652322283333334,-100.2916093,39.365,0.0,0,25.46,99.0,-1,0.125,,,,,,1028,0.99,0.007003,2.061746
2026-07-13T09:50:38.618068,Raspberry_Relieve1,25.652322283333334,-100.2916093,39.365,0.0,0,25.46,99.0,-1,0.125,,,,,,1029,1.02,0.007231,2.068977
2026-07-13T09:50:39.618194,Raspberry_Relieve1,25.652322283333334,-100.2916093,39.366,0.0,0,25.46,99.0,-1,0.125,,,,,,1030,1.12,0.007928,2.076906
2026-07-13T09:50:40.618294,Raspberry_Relieve1,25.652322283333334,-100.2916093,39.365,0.0,0,25.46,99.0,-1,0.125,,,,,,1031,0.85,0.006035,2.082941
2026-07-13T09:50:41.618422,Raspberry_Relieve1,25.652322283333334,-100.2916093,39.365,0.0,0,25.46,99.0,-1,0.125,,,,,,1032,1.11,0.00785,2.09079
2026-07-13T09:50:42.618524,Raspberry_Relieve1,25.652322283333334,-100.2916093,39.365,0.0,0,25.46,99.0,-1,0.125,,,,,,1033,0.94,0.006677,2.097467
2026-07-13T09:50:43.618639,Raspberry_Relieve1,25.652322283333334,-100.2916093,39.365,0.0,0,25.46,99.0,-1,0.125,,,,,,1034,1.02,0.00723,2.104698
2026-07-13T09:50:44.618751,Raspberry_Relieve1,25.652322283333334,-100.2916093,39.366,0.0,0,25.46,99.0,-1,0.125,,,,,,1035,0.92,0.006489,2.111186
2026-07-13T09:50:45.618908,Raspberry_Relieve1,25.652322283333334,-100.2916093,39.365,0.0,0,25.46,99.0,-1,0.125,,,,,,1036,1.13,0.00796,2.119146
2026-07-13T09:50:46.619009,Raspberry_Relieve1,25.652322283333334,-100.2916093,39.367,0.0,0,25.46,99.0,-1,0.125,,,,,,1037,0.94,0.006682,2.125829
2026-07-13T09:50:47.619139,Raspberry_Relieve1,25.652322283333334,-100.2916093,39.364,0.0,0,25.46,99.0,-1,0.125,,,,,,1038,0.97,0.006838,2.132667
2026-07-13T09:50:48.619257,Raspberry_Relieve1,25.652322283333334,-100.2916093,39.364,0.0,0,25.46,99.0,-1,0.125,,,,,,1039,0.97,0.006849,2.139515
2026-07-13T09:50:49.619382,Raspberry_Relieve1,25.652322283333334,-100.2916093,39.365,0.0,0,25.46,99.0,-1,0.125,,,,,,1040,1.09,0.007688,2.147203
2026-07-13T09:50:50.619486,Raspberry_Relieve1,25.652322283333334,-100.2916093,39.364,0.0,0,25.46,99.0,-1,0.125,,,,,,1041,0.94,0.006617,2.153821
2026-07-13T09:50:51.619634,Raspberry_Relieve1,25.652322283333334,-100.2916093,39.365,0.0,0,25.46,99.0,-1,0.125,,,,,,1042,1.01,0.007173,2.160993
2026-07-13T09:50:52.619743,Raspberry_Relieve1,25.652322283333334,-100.2916093,39.366,0.0,0,25.46,99.0,-1,0.125,,,,,,1043,0.96,0.006794,2.167787
2026-07-13T09:50:53.619859,Raspberry_Relieve1,25.652322283333334,-100.2916093,39.365,0.0,0,25.46,99.0,-1,0.125,,,,,,1044,1.12,0.007929,2.175716
2026-07-13T09:50:54.619968,Raspberry_Relieve1,25.652322283333334,-100.2916093,39.366,0.0,0,25.46,99.0,-1,0.125,,,,,,1045,0.87,0.006133,2.181848
2026-07-13T09:50:55.620102,Raspberry_Relieve1,25.652322283333334,-100.2916093,39.363,0.0,0,25.46,99.0,-1,0.125,,,,,,1046,1.04,0.007389,2.189238
2026-07-13T09:50:56.620207,Raspberry_Relieve1,25.652322283333334,-100.2916093,39.366,0.0,0,25.46,99.0,-1,0.125,,,,,,1047,0.97,0.006849,2.196086
2026-07-13T09:50:57.620329,Raspberry_Relieve1,25.652322283333334,-100.2916093,39.364,0.0,0,25.46,99.0,-1,0.125,,,,,,1048,1.04,0.007365,2.203452
2026-07-13T09:50:58.620426,Raspberry_Relieve1,25.652322283333334,-100.2916093,39.365,0.0,0,25.46,99.0,-1,0.125,,,,,,1049,1.06,0.007472,2.210923
2026-07-13T09:50:59.620551,Raspberry_Relieve1,25.652322283333334,-100.2916093,39.366,0.0,0,25.46,99.0,-1,0.125,,,,,,1050,0.92,0.006538,2.217461
2026-07-13T09:51:00.620653,Raspberry_Relieve1,25.652322283333334,-100.2916093,39.366,0.0,0,25.46,99.0,-1,0.125,,,,,,1051,1.03,0.007277,2.224738
2026-07-13T09:51:01.620776,Raspberry_Relieve1,25.652322283333334,-100.2916093,39.366,0.0,0,25.46,99.0,-1,0.125,,,,,,1052,1.02,0.007233,2.231971
2026-07-13T09:51:02.620894,Raspberry_Relieve1,25.652322283333334,-100.2916093,39.365,0.0,0,25.46,99.0,-1,0.125,,,,,,1053,0.94,0.006616,2.238587
2026-07-13T09:51:03.621026,Raspberry_Relieve1,25.652322283333334,-100.2916093,39.366,0.0,0,25.46,99.0,-1,0.125,,,,,,1054,1.03,0.007276,2.245863
2026-07-13T09:51:04.621125,Raspberry_Relieve1,25.652322283333334,-100.2916093,39.367,0.0,0,25.46,99.0,-1,0.125,,,,,,1055,1.0,0.007078,2.25294
2026-07-13T09:51:05.621250,Raspberry_Relieve1,25.652322283333334,-100.2916093,39.365,0.0,0,25.46,99.0,-1,0.125,,,,,,1056,1.06,0.007471,2.260411
2026-07-13T09:51:06.621377,Raspberry_Relieve1,25.652322283333334,-100.2916093,39.367,0.0,0,25.46,99.0,-1,0.125,,,,,,1057,0.91,0.006462,2.266874
2026-07-13T09:51:07.621546,Raspberry_Relieve1,25.652322283333334,-100.2916093,39.365,0.0,0,25.46,99.0,-1,0.125,,,,,,1058,1.11,0.00787,2.274744
2026-07-13T09:51:08.621634,Raspberry_Relieve1,25.652322283333334,-100.2916093,39.367,0.0,0,25.46,99.0,-1,0.125,,,,,,1059,0.9,0.006358,2.281101
2026-07-13T09:51:09.621760,Raspberry_Relieve1,25.652322283333334,-100.2916093,39.365,0.0,0,25.46,99.0,-1,0.125,,,,,,1060,1.03,0.00731,2.288411
2026-07-13T09:51:10.621860,Raspberry_Relieve1,25.652322283333334,-100.2916093,39.367,0.0,0,25.46,99.0,-1,0.125,,,,,,1061,1.0,0.007056,2.295466
2026-07-13T09:51:11.622002,Raspberry_Relieve1,25.652322283333334,-100.2916093,39.365,0.0,0,25.46,99.0,-1,0.125,,,,,,1062,0.96,0.006817,2.302284
2026-07-13T09:51:12.622119,Raspberry_Relieve1,25.652322283333334,-100.2916093,39.364,0.0,0,25.46,99.0,-1,0.125,,,,,,1063,1.09,0.007705,2.309988
2026-07-13T09:51:13.622305,Raspberry_Relieve1,25.652322283333334,-100.2916093,39.366,0.0,0,25.46,99.0,-1,0.125,,,,,,1064,1.05,0.007423,2.317412
2026-07-13T09:51:14.622393,Raspberry_Relieve1,25.652322283333334,-100.2916093,39.365,0.0,0,25.46,99.0,-1,0.125,,,,,,1065,0.86,0.006079,2.32349
2026-07-13T09:51:15.622523,Raspberry_Relieve1,25.652322283333334,-100.2916093,39.365,0.0,0,25.46,99.0,-1,0.125,,,,,,1066,1.01,0.007165,2.330655
2026-07-13T09:51:16.622619,Raspberry_Relieve1,25.652322283333334,-100.2916093,39.364,0.0,0,25.46,99.0,-1,0.125,,,,,,1067,1.27,0.008946,2.339601
2026-07-13T09:51:17.622748,Raspberry_Relieve1,25.652322283333334,-100.2916093,39.366,0.0,0,25.46,99.0,-1,0.125,,,,,,1068,1.04,0.00735,2.34695
2026-07-13T09:51:18.622841,Raspberry_Relieve1,25.652322283333334,-100.2916093,39.364,0.0,0,25.46,99.0,-1,0.125,,,,,,1069,0.69,0.004854,2.351804
2026-07-13T09:51:19.622975,Raspberry_Relieve1,25.652322283333334,-100.2916093,39.364,0.0,0,25.46,99.0,-1,0.125,,,,,,1070,1.11,0.007845,2.35965
2026-07-13T09:51:20.623066,Raspberry_Relieve1,25.652322283333334,-100.2916093,39.366,0.0,0,25.46,99.0,-1,0.125,,,,,,1071,0.94,0.006641,2.366291
2026-07-13T09:51:21.623181,Raspberry_Relieve1,25.652322283333334,-100.2916093,39.366,0.0,0,25.46,99.0,-1,0.125,,,,,,1072,0.96,0.006758,2.373049
2026-07-13T09:51:22.623289,Raspberry_Relieve1,25.652322283333334,-100.2916093,39.366,0.0,0,25.46,99.0,-1,0.125,,,,,,1073,1.02,0.007202,2.38025
2026-07-13T09:51:23.623418,Raspberry_Relieve1,25.652322283333334,-100.2916093,39.365,0.0,0,25.46,99.0,-1,0.125,,,,,,1074,1.01,0.007157,2.387407
2026-07-13T09:51:24.623518,Raspberry_Relieve1,25.652322283333334,-100.2916093,39.368,0.0,0,25.46,99.0,-1,0.125,,,,,,1075,1.04,0.007363,2.39477
2026-07-13T09:51:25.623673,Raspberry_Relieve1,25.652322283333334,-100.2916093,39.364,0.0,0,25.46,99.0,-1,0.125,,,,,,1076,1.05,0.007436,2.402207
2026-07-13T09:51:26.623765,Raspberry_Relieve1,25.652322283333334,-100.2916093,39.367,0.0,0,25.46,99.0,-1,0.125,,,,,,1077,1.05,0.007425,2.409632
2026-07-13T09:51:27.623947,Raspberry_Relieve1,25.652322283333334,-100.2916093,39.364,0.0,0,25.46,99.0,-1,0.125,,,,,,1078,1.06,0.007473,2.417105
2026-07-13T09:51:28.624000,Raspberry_Relieve1,25.652322283333334,-100.2916093,39.364,0.0,0,25.46,99.0,-1,0.125,,,,,,1079,1.04,0.00737,2.424475
2026-07-13T09:51:29.624135,Raspberry_Relieve1,25.652322283333334,-100.2916093,39.364,0.0,0,25.46,99.0,-1,0.125,,,,,,1080,1.06,0.007471,2.431947
2026-07-13T09:51:30.624218,Raspberry_Relieve1,25.652322283333334,-100.2916093,39.365,0.0,0,25.46,99.0,-1,0.125,,,,,,1081,0.7,0.00494,2.436887
2026-07-13T09:51:31.624331,Raspberry_Relieve1,25.652322283333334,-100.2916093,39.366,0.0,0,25.46,99.0,-1,0.125,,,,,,1082,1.14,0.008028,2.444915
2026-07-13T09:51:32.624439,Raspberry_Relieve1,25.652322283333334,-100.2916093,39.365,0.0,0,25.46,99.0,-1,0.125,,,,,,1083,0.91,0.006465,2.45138
2026-07-13T09:51:33.624561,Raspberry_Relieve1,25.652322283333334,-100.2916093,39.364,0.0,0,25.46,99.0,-1,0.125,,,,,,1084,1.02,0.007212,2.458592
2026-07-13T09:51:34.624660,Raspberry_Relieve1,25.652322283333334,-100.2916093,39.366,0.0,0,25.46,99.0,-1,0.125,,,,,,1085,0.94,0.006629,2.465221
2026-07-13T09:51:35.624830,Raspberry_Relieve1,25.652322283333334,-100.2916093,39.366,0.0,0,25.46,99.0,-1,0.125,,,,,,1086,1.0,0.007063,2.472284
2026-07-13T09:51:36.624915,Raspberry_Relieve1,25.652322283333334,-100.2916093,39.366,0.0,0,25.46,99.0,-1,0.125,,,,,,1087,1.02,0.007197,2.479482
2026-07-13T09:51:37.625072,Raspberry_Relieve1,25.652322283333334,-100.2916093,39.365,0.0,0,25.46,99.0,-1,0.125,,,,,,1088,1.09,0.007673,2.487155
2026-07-13T09:51:38.625154,Raspberry_Relieve1,25.652322283333334,-100.2916093,39.365,0.0,0,25.46,99.0,-1,0.125,,,,,,1089,0.89,0.006318,2.493473
2026-07-13T09:51:39.625291,Raspberry_Relieve1,25.652322283333334,-100.2916093,39.367,0.0,0,25.46,99.0,-1,0.125,,,,,,1090,1.07,0.007552,2.501025
2026-07-13T09:51:40.625390,Raspberry_Relieve1,25.652322283333334,-100.2916093,39.367,0.0,0,25.46,99.0,-1,0.125,,,,,,1091,0.96,0.006819,2.507844
2026-07-13T09:51:41.625528,Raspberry_Relieve1,25.652322283333334,-100.2916093,39.365,0.0,0,25.46,99.0,-1,0.125,,,,,,1092,1.02,0.007213,2.515057
2026-07-13T09:51:42.625620,Raspberry_Relieve1,25.652322283333334,-100.2916093,39.365,0.0,0,25.46,99.0,-1,0.125,,,,,,1093,1.04,0.007336,2.522393
2026-07-13T09:51:43.625748,Raspberry_Relieve1,25.652322283333334,-100.2916093,39.364,0.0,0,25.46,99.0,-1,0.125,,,,,,1094,0.92,0.006517,2.52891
2026-07-13T09:51:44.625844,Raspberry_Relieve1,25.652322283333334,-100.2916093,39.366,0.0,0,25.46,99.0,-1,0.125,,,,,,1095,0.99,0.007028,2.535939
2026-07-13T09:51:45.625983,Raspberry_Relieve1,25.652322283333334,-100.2916093,39.366,0.0,0,25.46,99.0,-1,0.125,,,,,,1096,1.02,0.00724,2.543179
2026-07-13T09:51:46.626074,Raspberry_Relieve1,25.652322283333334,-100.2916093,39.365,0.0,0,25.46,99.0,-1,0.125,,,,,,1097,1.01,0.007118,2.550297
2026-07-13T09:51:47.626205,Raspberry_Relieve1,25.652322283333334,-100.2916093,39.365,0.0,0,25.46,99.0,-1,0.125,,,,,,1098,1.02,0.00718,2.557477
2026-07-13T09:51:48.626301,Raspberry_Relieve1,25.652322283333334,-100.2916093,39.363,0.0,0,25.46,99.0,-1,0.125,,,,,,1099,1.05,0.007422,2.5649
2026-07-13T09:51:49.626453,Raspberry_Relieve1,25.652322283333334,-100.2916093,39.365,0.0,0,25.46,99.0,-1,0.125,,,,,,1100,1.05,0.00743,2.572329
2026-07-13T09:51:50.626551,Raspberry_Relieve1,25.652322283333334,-100.2916093,39.363,0.0,0,25.46,99.0,-1,0.125,,,,,,1101,0.82,0.005831,2.57816
2026-07-13T09:51:51.626683,Raspberry_Relieve1,25.652322283333334,-100.2916093,39.363,0.0,0,25.46,99.0,-1,0.125,,,,,,1102,1.03,0.007274,2.585434
2026-07-13T09:51:52.626777,Raspberry_Relieve1,25.652322283333334,-100.2916093,39.365,0.0,0,25.46,99.0,-1,0.125,,,,,,1103,0.99,0.007011,2.592446
2026-07-13T09:51:53.626909,Raspberry_Relieve1,25.652322283333334,-100.2916093,39.366,0.0,0,25.46,99.0,-1,0.125,,,,,,1104,1.08,0.007649,2.600095
2026-07-13T09:51:54.627010,Raspberry_Relieve1,25.652322283333334,-100.2916093,39.366,0.0,0,25.46,99.0,-1,0.125,,,,,,1105,0.99,0.007002,2.607097
2026-07-13T09:51:55.627123,Raspberry_Relieve1,25.652322283333334,-100.2916093,39.366,0.0,0,25.46,99.0,-1,0.125,,,,,,1106,0.98,0.006937,2.614034
2026-07-13T09:51:56.627222,Raspberry_Relieve1,25.652322283333334,-100.2916093,39.366,0.0,0,25.46,99.0,-1,0.125,,,,,,1107,0.91,0.006457,2.620491
2026-07-13T09:51:57.627359,Raspberry_Relieve1,25.652322283333334,-100.2916093,39.365,0.0,0,25.46,99.0,-1,0.125,,,,,,1108,1.01,0.007119,2.627609
2026-07-13T09:51:58.627447,Raspberry_Relieve1,25.652322283333334,-100.2916093,39.364,0.0,0,25.46,99.0,-1,0.125,,,,,,1109,1.05,0.007426,2.635036
2026-07-13T09:51:59.627575,Raspberry_Relieve1,25.652322283333334,-100.2916093,39.364,0.0,0,25.46,99.0,-1,0.125,,,,,,1110,1.06,0.007466,2.642501
2026-07-13T09:52:00.627672,Raspberry_Relieve1,25.652322283333334,-100.2916093,39.365,0.0,0,25.46,99.0,-1,0.125,,,,,,1111,1.04,0.007355,2.649857
2026-07-13T09:52:01.627796,Raspberry_Relieve1,25.652322283333334,-100.2916093,39.365,0.0,0,25.46,99.0,-1,0.125,,,,,,1112,0.97,0.006827,2.656684
2026-07-13T09:52:02.627941,Raspberry_Relieve1,25.652322283333334,-100.2916093,39.365,0.0,0,25.46,99.0,-1,0.125,,,,,,1113,0.94,0.006678,2.663361
2026-07-13T09:52:03.628046,Raspberry_Relieve1,25.652322283333334,-100.2916093,39.365,0.0,0,25.46,99.0,-1,0.125,,,,,,1114,1.06,0.007527,2.670888
2026-07-13T09:52:04.628140,Raspberry_Relieve1,25.652322283333334,-100.2916093,39.365,0.0,0,25.46,99.0,-1,0.125,,,,,,1115,0.87,0.006166,2.677054
2026-07-13T09:52:05.628270,Raspberry_Relieve1,25.652322283333334,-100.2916093,39.365,0.0,0,25.46,99.0,-1,0.125,,,,,,1116,1.02,0.007227,2.684281
2026-07-13T09:52:06.628370,Raspberry_Relieve1,25.652322283333334,-100.2916093,39.366,0.0,0,25.46,99.0,-1,0.125,,,,,,1117,1.08,0.007624,2.691906
2026-07-13T09:52:07.628504,Raspberry_Relieve1,25.652322283333334,-100.2916093,39.365,0.0,0,25.46,99.0,-1,0.125,,,,,,1118,1.07,0.007542,2.699447
2026-07-13T09:52:08.628604,Raspberry_Relieve1,25.652322283333334,-100.2916093,39.366,0.0,0,25.46,99.0,-1,0.125,,,,,,1119,0.94,0.006651,2.706098
2026-07-13T09:52:09.628755,Raspberry_Relieve1,25.652322283333334,-100.2916093,39.365,0.0,0,25.46,99.0,-1,0.125,,,,,,1120,1.01,0.007152,2.71325
2026-07-13T09:52:10.628857,Raspberry_Relieve1,25.652322283333334,-100.2916093,39.365,0.0,0,25.46,99.0,-1,0.125,,,,,,1121,1.08,0.007656,2.720907
2026-07-13T09:52:11.628966,Raspberry_Relieve1,25.652322283333334,-100.2916093,39.367,0.0,0,25.46,99.0,-1,0.125,,,,,,1122,1.06,0.007527,2.728433
2026-07-13T09:52:12.629070,Raspberry_Relieve1,25.652322283333334,-100.2916093,39.366,0.0,0,25.46,99.0,-1,0.125,,,,,,1123,0.84,0.005938,2.734371
2026-07-13T09:52:13.629182,Raspberry_Relieve1,25.652322283333334,-100.2916093,39.366,0.0,0,25.46,99.0,-1,0.125,,,,,,1124,1.1,0.007767,2.742138
2026-07-13T09:52:14.629283,Raspberry_Relieve1,25.652322283333334,-100.2916093,39.366,0.0,0,25.46,99.0,-1,0.125,,,,,,1125,0.89,0.006305,2.748443
2026-07-13T09:52:15.629400,Raspberry_Relieve1,25.652322283333334,-100.2916093,39.365,0.0,0,25.46,99.0,-1,0.125,,,,,,1126,0.94,0.006645,2.755088
2026-07-13T09:52:16.629529,Raspberry_Relieve1,25.652322283333334,-100.2916093,39.365,0.0,0,25.46,99.0,-1,0.125,,,,,,1127,0.98,0.006958,2.762046
2026-07-13T09:52:17.629640,Raspberry_Relieve1,25.652322283333334,-100.2916093,39.368,0.0,0,25.46,99.0,-1,0.125,,,,,,1128,1.0,0.007046,2.769092
2026-07-13T09:52:18.629758,Raspberry_Relieve1,25.652322283333334,-100.2916093,39.366,0.0,0,25.46,99.0,-1,0.125,,,,,,1129,1.14,0.00805,2.777142
2026-07-13T09:52:19.629872,Raspberry_Relieve1,25.652322283333334,-100.2916093,39.363,0.0,0,25.46,99.0,-1,0.125,,,,,,1130,0.87,0.00612,2.783262
2026-07-13T09:52:20.629987,Raspberry_Relieve1,25.652322283333334,-100.2916093,39.367,0.0,0,25.46,99.0,-1,0.125,,,,,,1131,1.06,0.007472,2.790734
2026-07-13T09:52:21.630105,Raspberry_Relieve1,25.652322283333334,-100.2916093,39.367,0.0,0,25.46,99.0,-1,0.125,,,,,,1132,0.94,0.006612,2.797346
2026-07-13T09:52:22.630215,Raspberry_Relieve1,25.652322283333334,-100.2916093,39.366,0.0,0,25.46,99.0,-1,0.125,,,,,,1133,1.1,0.007797,2.805143
2026-07-13T09:52:23.630327,Raspberry_Relieve1,25.652322283333334,-100.2916093,39.365,0.0,0,25.46,99.0,-1,0.125,,,,,,1134,0.91,0.006417,2.81156
2026-07-13T09:52:24.630446,Raspberry_Relieve1,25.652322283333334,-100.2916093,39.365,0.0,0,25.46,99.0,-1,0.125,,,,,,1135,1.0,0.007071,2.818631
2026-07-13T09:52:25.630564,Raspberry_Relieve1,25.652322283333334,-100.2916093,39.367,0.0,0,25.46,99.0,-1,0.125,,,,,,1136,0.98,0.006943,2.825574
2026-07-13T09:52:26.630684,Raspberry_Relieve1,25.652322283333334,-100.2916093,39.366,0.0,0,25.46,99.0,-1,0.125,,,,,,1137,1.03,0.007266,2.83284
2026-07-13T09:52:27.630800,Raspberry_Relieve1,25.652322283333334,-100.2916093,39.365,0.0,0,25.46,99.0,-1,0.125,,,,,,1138,1.01,0.007176,2.840016
2026-07-13T09:52:28.630914,Raspberry_Relieve1,25.652322283333334,-100.2916093,39.365,0.0,0,25.46,99.0,-1,0.125,,,,,,1139,0.97,0.006839,2.846855
2026-07-13T09:52:29.631093,Raspberry_Relieve1,25.652322283333334,-100.2916093,39.366,0.0,0,25.46,99.0,-1,0.125,,,,,,1140,1.15,0.008117,2.854972
2026-07-13T09:52:30.631209,Raspberry_Relieve1,25.652322283333334,-100.2916093,39.366,0.0,0,25.46,99.0,-1,0.125,,,,,,1141,0.86,0.00605,2.861021
2026-07-13T09:52:31.631343,Raspberry_Relieve1,25.652322283333334,-100.2916093,39.366,0.0,0,25.46,99.0,-1,0.125,,,,,,1142,1.1,0.007743,2.868765
2026-07-13T09:52:32.631454,Raspberry_Relieve1,25.652322283333334,-100.2916093,39.367,0.0,0,25.46,99.0,-1,0.125,,,,,,1143,1.01,0.007148,2.875912
2026-07-13T09:52:33.631578,Raspberry_Relieve1,25.652322283333334,-100.2916093,39.364,0.0,0,25.46,99.0,-1,0.125,,,,,,1144,0.93,0.006579,2.882491
2026-07-13T09:52:34.631690,Raspberry_Relieve1,25.652322283333334,-100.2916093,39.364,0.0,0,25.46,99.0,-1,0.125,,,,,,1145,1.13,0.007992,2.890483
2026-07-13T09:52:35.631804,Raspberry_Relieve1,25.652322283333334,-100.2916093,39.364,0.0,0,25.46,99.0,-1,0.125,,,,,,1146,0.88,0.00625,2.896734
2026-07-13T09:52:36.631980,Raspberry_Relieve1,25.652322283333334,-100.2916093,39.363,0.0,0,25.46,99.0,-1,0.125,,,,,,1147,0.97,0.006886,2.90362
2026-07-13T09:52:37.632099,Raspberry_Relieve1,25.652322283333334,-100.2916093,39.363,0.0,0,25.46,99.0,-1,0.125,,,,,,1148,0.96,0.006811,2.910431
2026-07-13T09:52:38.632204,Raspberry_Relieve1,25.652322283333334,-100.2916093,39.363,0.0,0,25.46,99.0,-1,0.125,,,,,,1149,1.05,0.007435,2.917866
2026-07-13T09:52:39.632314,Raspberry_Relieve1,25.652322283333334,-100.2916093,39.363,0.0,0,25.46,99.0,-1,0.125,,,,,,1150,1.0,0.007084,2.92495
2026-07-13T09:52:40.632435,Raspberry_Relieve1,25.652322283333334,-100.2916093,39.364,0.0,0,25.46,99.0,-1,0.125,,,,,,1151,1.09,0.007683,2.932633
2026-07-13T09:52:41.632551,Raspberry_Relieve1,25.652322283333334,-100.2916093,39.365,0.0,0,25.46,99.0,-1,0.125,,,,,,1152,0.92,0.006494,2.939127
2026-07-13T09:52:42.632666,Raspberry_Relieve1,25.652322283333334,-100.2916093,39.361,0.0,0,25.46,99.0,-1,0.125,,,,,,1153,1.01,0.007125,2.946252
2026-07-13T09:52:43.632778,Raspberry_Relieve1,25.652322283333334,-100.2916093,39.362,0.0,0,25.46,99.0,-1,0.125,,,,,,1154,1.01,0.007154,2.953406
2026-07-13T09:52:44.633009,Raspberry_Relieve1,25.652322283333334,-100.2916093,39.362,0.0,0,25.46,99.0,-1,0.125,,,,,,1155,0.98,0.006947,2.960353
2026-07-13T09:52:45.633122,Raspberry_Relieve1,25.652322283333334,-100.2916093,39.365,0.0,0,25.46,99.0,-1,0.125,,,,,,1156,1.02,0.007248,2.967601
2026-07-13T09:52:46.633232,Raspberry_Relieve1,25.652322283333334,-100.2916093,39.364,0.0,0,25.46,99.0,-1,0.125,,,,,,1157,0.96,0.006795,2.974396
2026-07-13T09:52:47.633342,Raspberry_Relieve1,25.652322283333334,-100.2916093,39.363,0.0,0,25.46,99.0,-1,0.125,,,,,,1158,1.06,0.007496,2.981892
2026-07-13T09:52:48.633451,Raspberry_Relieve1,25.652322283333334,-100.2916093,39.364,0.0,0,25.46,99.0,-1,0.125,,,,,,1159,1.04,0.007321,2.989214
2026-07-13T09:52:49.633572,Raspberry_Relieve1,25.652322283333334,-100.2916093,39.364,0.0,0,25.46,99.0,-1,0.125,,,,,,1160,0.91,0.006422,2.995636
2026-07-13T09:52:50.633686,Raspberry_Relieve1,25.652322283333334,-100.2916093,39.362,0.0,0,25.46,99.0,-1,0.125,,,,,,1161,1.06,0.007465,3.003101
2026-07-13T09:52:51.633805,Raspberry_Relieve1,25.652322283333334,-100.2916093,39.363,0.0,0,25.46,99.0,-1,0.125,,,,,,1162,1.0,0.00705,3.010151
2026-07-13T09:52:52.633922,Raspberry_Relieve1,25.652322283333334,-100.2916093,39.363,0.0,0,25.46,99.0,-1,0.125,,,,,,1163,0.96,0.006799,3.01695
2026-07-13T09:52:53.634029,Raspberry_Relieve1,25.652322283333334,-100.2916093,39.363,0.0,0,25.46,99.0,-1,0.125,,,,,,1164,0.99,0.007002,3.023952
2026-07-13T09:52:54.634147,Raspberry_Relieve1,25.652322283333334,-100.2916093,39.364,0.0,0,25.46,99.0,-1,0.125,,,,,,1165,1.09,0.007693,3.031645
2026-07-13T09:52:55.634247,Raspberry_Relieve1,25.652322283333334,-100.2916093,39.363,0.0,0,25.46,99.0,-1,0.125,,,,,,1166,0.96,0.00677,3.038415
2026-07-13T09:52:56.634368,Raspberry_Relieve1,25.652322283333334,-100.2916093,39.363,0.0,0,25.46,99.0,-1,0.125,,,,,,1167,0.96,0.006769,3.045184
2026-07-13T09:52:57.634477,Raspberry_Relieve1,25.652322283333334,-100.2916093,39.362,0.0,0,25.46,99.0,-1,0.125,,,,,,1168,1.01,0.007108,3.052292
2026-07-13T09:52:58.634594,Raspberry_Relieve1,25.652322283333334,-100.2916093,39.364,0.0,0,25.46,99.0,-1,0.125,,,,,,1169,0.98,0.006956,3.059248
2026-07-13T09:52:59.634706,Raspberry_Relieve1,25.652322283333334,-100.2916093,39.362,0.0,0,25.46,99.0,-1,0.125,,,,,,1170,1.01,0.007112,3.06636
2026-07-13T09:53:00.634818,Raspberry_Relieve1,25.652322283333334,-100.2916093,39.363,0.0,0,25.46,99.0,-1,0.125,,,,,,1171,1.05,0.007447,3.073807
2026-07-13T09:53:01.634889,Raspberry_Relieve1,25.652322283333334,-100.2916093,39.362,0.0,0,25.46,99.0,-1,0.125,,,,,,1172,0.93,0.006567,3.080374
2026-07-13T09:53:02.634972,Raspberry_Relieve1,25.652322283333334,-100.2916093,39.361,0.0,0,25.46,99.0,-1,0.125,,,,,,1173,1.01,0.007148,3.087522
2026-07-13T09:53:03.635055,Raspberry_Relieve1,25.652322283333334,-100.2916093,39.362,0.0,0,25.46,99.0,-1,0.125,,,,,,1174,0.98,0.006911,3.094433
2026-07-13T09:53:04.635137,Raspberry_Relieve1,25.652322283333334,-100.2916093,39.362,0.0,0,25.46,99.0,-1,0.125,,,,,,1175,1.01,0.007152,3.101585
2026-07-13T09:53:05.635220,Raspberry_Relieve1,25.652322283333334,-100.2916093,39.361,0.0,0,25.46,99.0,-1,0.125,,,,,,1176,1.01,0.007148,3.108733
2026-07-13T09:53:06.635447,Raspberry_Relieve1,25.652322283333334,-100.2916093,39.361,0.0,0,25.46,99.0,-1,0.125,,,,,,1177,1.06,0.007479,3.116212
2026-07-13T09:53:07.635660,Raspberry_Relieve1,25.652322283333334,-100.2916093,39.361,0.0,0,25.46,99.0,-1,0.125,,,,,,1178,1.05,0.007397,3.123609
2026-07-13T09:53:08.635755,Raspberry_Relieve1,25.652322283333334,-100.2916093,39.362,0.0,0,25.46,99.0,-1,0.125,,,,,,1179,0.92,0.006482,3.130091
2026-07-13T09:53:09.636015,Raspberry_Relieve1,25.652322283333334,-100.2916093,39.362,0.0,0,25.46,99.0,-1,0.125,,,,,,1180,1.02,0.007238,3.137329
2026-07-13T09:53:10.636121,Raspberry_Relieve1,25.652322283333334,-100.2916093,39.364,0.0,0,25.46,99.0,-1,0.125,,,,,,1181,0.97,0.00686,3.14419
2026-07-13T09:53:11.636351,Raspberry_Relieve1,25.652322283333334,-100.2916093,39.362,0.0,0,25.46,99.0,-1,0.125,,,,,,1182,1.03,0.00729,3.151479
2026-07-13T09:53:12.636569,Raspberry_Relieve1,25.652322283333334,-100.2916093,39.362,0.0,0,25.46,99.0,-1,0.125,,,,,,1183,0.97,0.006849,3.158329
2026-07-13T09:53:13.636786,Raspberry_Relieve1,25.652322283333334,-100.2916093,39.362,0.0,0,25.46,99.0,-1,0.125,,,,,,1184,0.99,0.006981,3.16531
2026-07-13T09:53:14.636888,Raspberry_Relieve1,25.652322283333334,-100.2916093,39.36,0.0,0,25.46,99.0,-1,0.125,,,,,,1185,1.05,0.007457,3.172766
2026-07-13T09:53:15.636996,Raspberry_Relieve1,25.652322283333334,-100.2916093,39.362,0.0,0,25.46,99.0,-1,0.125,,,,,,1186,0.95,0.006705,3.179472
2026-07-13T09:53:16.637114,Raspberry_Relieve1,25.652322283333334,-100.2916093,39.361,0.0,0,25.46,99.0,-1,0.125,,,,,,1187,1.09,0.007706,3.187177
2026-07-13T09:53:17.637220,Raspberry_Relieve1,25.652322283333334,-100.2916093,39.361,0.0,0,25.46,99.0,-1,0.125,,,,,,1188,0.93,0.006599,3.193776
2026-07-13T09:53:18.637381,Raspberry_Relieve1,25.652322283333334,-100.2916093,39.36,0.0,0,25.46,99.0,-1,0.125,,,,,,1189,1.01,0.007153,3.200929
2026-07-13T09:53:19.637530,Raspberry_Relieve1,25.652322283333334,-100.2916093,39.361,0.0,0,25.46,99.0,-1,0.125,,,,,,1190,0.99,0.00703,3.207959
2026-07-13T09:53:20.637641,Raspberry_Relieve1,25.652322283333334,-100.2916093,39.361,0.0,0,25.46,99.0,-1,0.125,,,,,,1191,0.97,0.006885,3.214844
2026-07-13T09:53:21.637795,Raspberry_Relieve1,25.652322283333334,-100.2916093,39.362,0.0,0,25.46,99.0,-1,0.125,,,,,,1192,1.08,0.007612,3.222456
2026-07-13T09:53:22.637950,Raspberry_Relieve1,25.652322283333334,-100.2916093,39.362,0.0,0,25.46,99.0,-1,0.125,,,,,,1193,0.93,0.006608,3.229064
2026-07-13T09:53:23.638171,Raspberry_Relieve1,25.652322283333334,-100.2916093,39.362,0.0,0,25.46,99.0,-1,0.125,,,,,,1194,1.06,0.00752,3.236584
2026-07-13T09:53:24.638276,Raspberry_Relieve1,25.652322283333334,-100.2916093,39.362,0.0,0,25.46,99.0,-1,0.125,,,,,,1195,0.94,0.006636,3.24322
2026-07-13T09:53:25.638396,Raspberry_Relieve1,25.652322283333334,-100.2916093,39.362,0.0,0,25.46,99.0,-1,0.125,,,,,,1196,0.99,0.007001,3.250221
2026-07-13T09:53:26.638516,Raspberry_Relieve1,25.652322283333334,-100.2916093,39.362,0.0,0,25.46,99.0,-1,0.125,,,,,,1197,1.08,0.007659,3.25788
2026-07-13T09:53:27.638627,Raspberry_Relieve1,25.652322283333334,-100.2916093,39.361,0.0,0,25.46,99.0,-1,0.125,,,,,,1198,0.99,0.006971,3.264851
2026-07-13T09:53:28.638740,Raspberry_Relieve1,25.652322283333334,-100.2916093,39.361,0.0,0,25.46,99.0,-1,0.125,,,,,,1199,0.92,0.006537,3.271388
2026-07-13T09:53:29.638856,Raspberry_Relieve1,25.652322283333334,-100.2916093,39.36,0.0,0,25.46,99.0,-1,0.125,,,,,,1200,1.01,0.007132,3.27852
2026-07-13T09:53:30.638974,Raspberry_Relieve1,25.652322283333334,-100.2916093,39.362,0.0,0,25.46,99.0,-1,0.125,,,,,,1201,1.06,0.007498,3.286018
2026-07-13T09:53:31.639075,Raspberry_Relieve1,25.652322283333334,-100.2916093,39.359,0.0,0,25.46,99.0,-1,0.125,,,,,,1202,1.03,0.007262,3.29328
2026-07-13T09:53:32.639282,Raspberry_Relieve1,25.652322283333334,-100.2916093,39.359,0.0,0,25.46,99.0,-1,0.125,,,,,,1203,0.99,0.00702,3.3003
2026-07-13T09:53:33.639485,Raspberry_Relieve1,25.652322283333334,-100.2916093,39.361,0.0,0,25.46,99.0,-1,0.125,,,,,,1204,0.96,0.006797,3.307097
2026-07-13T09:53:34.639663,Raspberry_Relieve1,25.652322283333334,-100.2916093,39.361,0.0,0,25.46,99.0,-1,0.125,,,,,,1205,0.96,0.006798,3.313895
2026-07-13T09:53:35.639940,Raspberry_Relieve1,25.652322283333334,-100.2916093,39.358,0.0,0,25.46,99.0,-1,0.125,,,,,,1206,1.08,0.007615,3.321511
2026-07-13T09:53:36.640115,Raspberry_Relieve1,25.652322283333334,-100.2916093,39.36,0.0,0,25.46,99.0,-1,0.125,,,,,,1207,0.99,0.007003,3.328513
2026-07-13T09:53:37.640348,Raspberry_Relieve1,25.652322283333334,-100.2916093,39.36,0.0,0,25.46,99.0,-1,0.125,,,,,,1208,1.04,0.007338,3.335851
2026-07-13T09:53:38.640475,Raspberry_Relieve1,25.652322283333334,-100.2916093,39.361,0.0,0,25.46,99.0,-1,0.125,,,,,,1209,0.89,0.006284,3.342135
2026-07-13T09:53:39.640586,Raspberry_Relieve1,25.652322283333334,-100.2916093,39.36,0.0,0,25.46,99.0,-1,0.125,,,,,,1210,0.99,0.007034,3.349169
2026-07-13T09:53:40.640708,Raspberry_Relieve1,25.652322283333334,-100.2916093,39.361,0.0,0,25.46,99.0,-1,0.125,,,,,,1211,1.05,0.007424,3.356593
2026-07-13T09:53:41.640936,Raspberry_Relieve1,25.652322283333334,-100.2916093,39.361,0.0,0,25.46,99.0,-1,0.125,,,,,,1212,1.02,0.007217,3.363811
2026-07-13T09:53:42.641153,Raspberry_Relieve1,25.652322283333334,-100.2916093,39.359,0.0,0,25.46,99.0,-1,0.125,,,,,,1213,1.01,0.007152,3.370963
2026-07-13T09:53:43.641281,Raspberry_Relieve1,25.652322283333334,-100.2916093,39.359,0.0,0,25.46,99.0,-1,0.125,,,,,,1214,0.93,0.006559,3.377522
2026-07-13T09:53:44.641514,Raspberry_Relieve1,25.652322283333334,-100.2916093,39.36,0.0,0,25.46,99.0,-1,0.125,,,,,,1215,1.05,0.0074,3.384921
2026-07-13T09:53:45.641731,Raspberry_Relieve1,25.652322283333334,-100.2916093,39.36,0.0,0,25.46,99.0,-1,0.125,,,,,,1216,0.94,0.006661,3.391582
2026-07-13T09:53:46.641845,Raspberry_Relieve1,25.652322283333334,-100.2916093,39.36,0.0,0,25.46,99.0,-1,0.125,,,,,,1217,1.09,0.007673,3.399254
2026-07-13T09:53:47.642057,Raspberry_Relieve1,25.652322283333334,-100.2916093,39.362,0.0,0,25.46,99.0,-1,0.125,,,,,,1218,0.98,0.006914,3.406168
2026-07-13T09:53:48.642168,Raspberry_Relieve1,25.652322283333334,-100.2916093,39.362,0.0,0,25.46,99.0,-1,0.125,,,,,,1219,0.94,0.006639,3.412807
2026-07-13T09:53:49.642288,Raspberry_Relieve1,25.652322283333334,-100.2916093,39.361,0.0,0,25.46,99.0,-1,0.125,,,,,,1220,1.05,0.007447,3.420254
2026-07-13T09:53:50.642488,Raspberry_Relieve1,25.652322283333334,-100.2916093,39.36,0.0,0,25.46,99.0,-1,0.125,,,,,,1221,0.97,0.006887,3.427141
2026-07-13T09:53:51.642597,Raspberry_Relieve1,25.652322283333334,-100.2916093,39.36,0.0,0,25.46,99.0,-1,0.125,,,,,,1222,1.58,0.0112,3.438341
2026-07-13T09:53:52.700436,Raspberry_Relieve1,25.652322283333334,-100.2916093,39.36,0.0,0,25.46,99.0,-1,0.125,,,,,,1223,0.38,0.00271,3.441051
2026-07-13T09:53:53.700576,Raspberry_Relieve1,25.652322283333334,-100.2916093,39.36,0.0,0,25.46,99.0,-1,0.125,,,,,,1224,1.15,0.008121,3.449172
2026-07-13T09:53:54.700697,Raspberry_Relieve1,25.652322283333334,-100.2916093,39.36,0.0,0,25.46,99.0,-1,0.125,,,,,,1225,0.87,0.00615,3.455323
2026-07-13T09:53:55.700876,Raspberry_Relieve1,25.652322283333334,-100.2916093,39.359,0.0,0,25.46,99.0,-1,0.125,,,,,,1226,1.04,0.00735,3.462673
2026-07-13T09:53:56.701010,Raspberry_Relieve1,25.652322283333334,-100.2916093,39.36,0.0,0,25.46,99.0,-1,0.125,,,,,,1227,0.98,0.006931,3.469604
2026-07-13T09:53:57.701126,Raspberry_Relieve1,25.652322283333334,-100.2916093,39.361,0.0,0,25.46,99.0,-1,0.125,,,,,,1228,1.09,0.007717,3.477321
2026-07-13T09:53:58.701290,Raspberry_Relieve1,25.652322283333334,-100.2916093,39.362,0.0,0,25.46,99.0,-1,0.125,,,,,,1229,1.0,0.007051,3.484372
2026-07-13T09:53:59.701453,Raspberry_Relieve1,25.652322283333334,-100.2916093,39.36,0.0,0,25.46,99.0,-1,0.125,,,,,,1230,0.91,0.00641,3.490782
2026-07-13T09:54:00.701527,Raspberry_Relieve1,25.652322283333334,-100.2916093,39.361,0.0,0,25.46,99.0,-1,0.125,,,,,,1231,0.99,0.006993,3.497775
2026-07-13T09:54:01.701624,Raspberry_Relieve1,25.652322283333334,-100.2916093,39.359,0.0,0,25.46,99.0,-1,0.125,,,,,,1232,1.11,0.007824,3.505599
2026-07-13T09:54:02.701716,Raspberry_Relieve1,25.652322283333334,-100.2916093,39.358,0.0,0,25.46,99.0,-1,0.125,,,,,,1233,1.01,0.00714,3.512739
2026-07-13T09:54:03.701806,Raspberry_Relieve1,25.652322283333334,-100.2916093,39.358,0.0,0,25.46,99.0,-1,0.125,,,,,,1234,0.99,0.007006,3.519746
2026-07-13T09:54:04.701897,Raspberry_Relieve1,25.652322283333334,-100.2916093,39.357,0.0,0,25.46,99.0,-1,0.125,,,,,,1235,0.91,0.006459,3.526205
2026-07-13T09:54:05.702044,Raspberry_Relieve1,25.652322283333334,-100.2916093,39.358,0.0,0,25.46,99.0,-1,0.125,,,,,,1236,1.02,0.007198,3.533403
2026-07-13T09:54:06.702222,Raspberry_Relieve1,25.652322283333334,-100.2916093,39.359,0.0,0,25.46,99.0,-1,0.125,,,,,,1237,0.98,0.006921,3.540325
2026-07-13T09:54:07.702347,Raspberry_Relieve1,25.652322283333334,-100.2916093,39.36,0.0,0,25.46,99.0,-1,0.125,,,,,,1238,1.07,0.007543,3.547868
2026-07-13T09:54:08.702528,Raspberry_Relieve1,25.652322283333334,-100.2916093,39.36,0.0,0,25.46,99.0,-1,0.125,,,,,,1239,0.96,0.006769,3.554636
2026-07-13T09:54:09.702654,Raspberry_Relieve1,25.652322283333334,-100.2916093,39.359,0.0,0,25.46,99.0,-1,0.125,,,,,,1240,1.06,0.0075,3.562137
2026-07-13T09:54:10.702782,Raspberry_Relieve1,25.652322283333334,-100.2916093,39.358,0.0,0,25.46,99.0,-1,0.125,,,,,,1241,0.9,0.006377,3.568513
2026-07-13T09:54:11.702896,Raspberry_Relieve1,25.652322283333334,-100.2916093,39.359,0.0,0,25.46,99.0,-1,0.125,,,,,,1242,1.03,0.007263,3.575777
2026-07-13T09:54:12.703017,Raspberry_Relieve1,25.652322283333334,-100.2916093,39.359,0.0,0,25.46,99.0,-1,0.125,,,,,,1243,0.99,0.006992,3.582769
2026-07-13T09:54:13.703139,Raspberry_Relieve1,25.652322283333334,-100.2916093,39.36,0.0,0,25.46,99.0,-1,0.125,,,,,,1244,1.09,0.0077,3.590469
2026-07-13T09:54:14.703255,Raspberry_Relieve1,25.652322283333334,-100.2916093,39.36,0.0,0,25.46,99.0,-1,0.125,,,,,,1245,0.92,0.006493,3.596962
2026-07-13T09:54:15.703376,Raspberry_Relieve1,25.652322283333334,-100.2916093,39.36,0.0,0,25.46,99.0,-1,0.125,,,,,,1246,1.01,0.007175,3.604137
2026-07-13T09:54:16.703494,Raspberry_Relieve1,25.652322283333334,-100.2916093,39.359,0.0,0,25.46,99.0,-1,0.125,,,,,,1247,1.05,0.007435,3.611572
2026-07-13T09:54:17.703614,Raspberry_Relieve1,25.652322283333334,-100.2916093,39.359,0.0,0,25.46,99.0,-1,0.125,,,,,,1248,1.02,0.007247,3.61882
2026-07-13T09:54:18.703795,Raspberry_Relieve1,25.652322283333334,-100.2916093,39.358,0.0,0,25.46,99.0,-1,0.125,,,,,,1249,0.9,0.006387,3.625207
2026-07-13T09:54:19.703999,Raspberry_Relieve1,25.652322283333334,-100.2916093,39.358,0.0,0,25.46,99.0,-1,0.125,,,,,,1250,1.04,0.007352,3.632559
2026-07-13T09:54:20.704166,Raspberry_Relieve1,25.652322283333334,-100.2916093,39.359,0.0,0,25.46,99.0,-1,0.125,,,,,,1251,0.96,0.006808,3.639367
2026-07-13T09:54:21.704291,Raspberry_Relieve1,25.652322283333334,-100.2916093,39.359,0.0,0,25.46,99.0,-1,0.125,,,,,,1252,1.08,0.007659,3.647026
2026-07-13T09:54:22.704404,Raspberry_Relieve1,25.652322283333334,-100.2916093,39.358,0.0,0,25.46,99.0,-1,0.125,,,,,,1253,0.97,0.006824,3.65385
2026-07-13T09:54:23.704526,Raspberry_Relieve1,25.652322283333334,-100.2916093,39.357,0.0,0,25.46,99.0,-1,0.125,,,,,,1254,0.95,0.006707,3.660557
2026-07-13T09:54:24.704639,Raspberry_Relieve1,25.652322283333334,-100.2916093,39.358,0.0,0,25.46,99.0,-1,0.125,,,,,,1255,1.02,0.00719,3.667747
2026-07-13T09:54:25.704782,Raspberry_Relieve1,25.652322283333334,-100.2916093,39.358,0.0,0,25.46,99.0,-1,0.125,,,,,,1256,1.02,0.007215,3.674962
2026-07-13T09:54:26.704956,Raspberry_Relieve1,25.652322283333334,-100.2916093,39.359,0.0,0,25.46,99.0,-1,0.125,,,,,,1257,0.96,0.006801,3.681763
2026-07-13T09:54:27.705096,Raspberry_Relieve1,25.652322283333334,-100.2916093,39.358,0.0,0,25.46,99.0,-1,0.125,,,,,,1258,0.98,0.006935,3.688698
2026-07-13T09:54:28.705215,Raspberry_Relieve1,25.652322283333334,-100.2916093,39.359,0.0,0,25.46,99.0,-1,0.125,,,,,,1259,1.04,0.007365,3.696063
2026-07-13T09:54:29.705351,Raspberry_Relieve1,25.652322283333334,-100.2916093,39.358,0.0,0,25.46,99.0,-1,0.125,,,,,,1260,1.0,0.007081,3.703144
2026-07-13T09:54:30.705477,Raspberry_Relieve1,25.652322283333334,-100.2916093,39.359,0.0,0,25.46,99.0,-1,0.125,,,,,,1261,1.11,0.007819,3.710963
2026-07-13T09:54:31.705599,Raspberry_Relieve1,25.652322283333334,-100.2916093,39.36,0.0,0,25.46,99.0,-1,0.125,,,,,,1262,0.9,0.006363,3.717326
2026-07-13T09:54:32.705729,Raspberry_Relieve1,25.652322283333334,-100.2916093,39.358,0.0,0,25.46,99.0,-1,0.125,,,,,,1263,1.06,0.007483,3.724809
2026-07-13T09:54:33.705856,Raspberry_Relieve1,25.652322283333334,-100.2916093,39.359,0.0,0,25.46,99.0,-1,0.125,,,,,,1264,1.02,0.007227,3.732037
2026-07-13T09:54:34.706022,Raspberry_Relieve1,25.652322283333334,-100.2916093,39.358,0.0,0,25.46,99.0,-1,0.125,,,,,,1265,0.95,0.006693,3.73873
2026-07-13T09:54:35.706173,Raspberry_Relieve1,25.652322283333334,-100.2916093,39.357,0.0,0,25.46,99.0,-1,0.125,,,,,,1266,0.96,0.006753,3.745483
2026-07-13T09:54:36.706279,Raspberry_Relieve1,25.652322283333334,-100.2916093,39.358,0.0,0,25.46,99.0,-1,0.125,,,,,,1267,1.14,0.008056,3.753539
2026-07-13T09:54:37.706432,Raspberry_Relieve1,25.652322283333334,-100.2916093,39.359,0.0,0,25.46,99.0,-1,0.125,,,,,,1268,0.84,0.005938,3.759477
2026-07-13T09:54:38.706536,Raspberry_Relieve1,25.652322283333334,-100.2916093,39.358,0.0,0,25.46,99.0,-1,0.125,,,,,,1269,1.0,0.007086,3.766563
2026-07-13T09:54:39.706667,Raspberry_Relieve1,25.652322283333334,-100.2916093,39.359,0.0,0,25.46,99.0,-1,0.125,,,,,,1270,1.05,0.007395,3.773958
2026-07-13T09:54:40.706809,Raspberry_Relieve1,25.652322283333334,-100.2916093,39.36,0.0,0,25.46,99.0,-1,0.125,,,,,,1271,0.95,0.006687,3.780645
2026-07-13T09:54:41.706945,Raspberry_Relieve1,25.652322283333334,-100.2916093,39.359,0.0,0,25.46,99.0,-1,0.125,,,,,,1272,1.1,0.007808,3.788454
2026-07-13T09:54:42.707084,Raspberry_Relieve1,25.652322283333334,-100.2916093,39.358,0.0,0,25.46,99.0,-1,0.125,,,,,,1273,0.93,0.006563,3.795017
2026-07-13T09:54:43.707228,Raspberry_Relieve1,25.652322283333334,-100.2916093,39.358,0.0,0,25.46,99.0,-1,0.125,,,,,,1274,1.02,0.00723,3.802247
2026-07-13T09:54:44.707345,Raspberry_Relieve1,25.652322283333334,-100.2916093,39.358,0.0,0,25.46,99.0,-1,0.125,,,,,,1275,1.07,0.007541,3.809789
2026-07-13T09:54:45.707463,Raspberry_Relieve1,25.652322283333334,-100.2916093,39.356,0.0,0,25.46,99.0,-1,0.125,,,,,,1276,0.89,0.006281,3.816069
2026-07-13T09:54:46.707574,Raspberry_Relieve1,25.652322283333334,-100.2916093,39.356,0.0,0,25.46,99.0,-1,0.125,,,,,,1277,1.02,0.007188,3.823257
2026-07-13T09:54:47.707726,Raspberry_Relieve1,25.652322283333334,-100.2916093,39.356,0.0,0,25.46,99.0,-1,0.125,,,,,,1278,1.02,0.007183,3.83044
2026-07-13T09:54:48.707830,Raspberry_Relieve1,25.652322283333334,-100.2916093,39.357,0.0,0,25.46,99.0,-1,0.125,,,,,,1279,1.0,0.00707,3.83751
2026-07-13T09:54:49.707994,Raspberry_Relieve1,25.652322283333334,-100.2916093,39.357,0.0,0,25.46,99.0,-1,0.125,,,,,,1280,1.09,0.007743,3.845252
2026-07-13T09:54:50.708104,Raspberry_Relieve1,25.652322283333334,-100.2916093,39.357,0.0,0,25.46,99.0,-1,0.125,,,,,,1281,0.9,0.006334,3.851587
2026-07-13T09:54:51.708238,Raspberry_Relieve1,25.652322283333334,-100.2916093,39.357,0.0,0,25.46,99.0,-1,0.125,,,,,,1282,0.96,0.006793,3.858379
2026-07-13T09:54:52.708352,Raspberry_Relieve1,25.652322283333334,-100.2916093,39.357,0.0,0,25.46,99.0,-1,0.125,,,,,,1283,1.11,0.007837,3.866216
2026-07-13T09:54:53.708474,Raspberry_Relieve1,25.652322283333334,-100.2916093,39.356,0.0,0,25.46,99.0,-1,0.125,,,,,,1284,0.95,0.006708,3.872924
2026-07-13T09:54:54.708583,Raspberry_Relieve1,25.652322283333334,-100.2916093,39.356,0.0,0,25.46,99.0,-1,0.125,,,,,,1285,1.05,0.007449,3.880373
2026-07-13T09:54:55.708709,Raspberry_Relieve1,25.652322283333334,-100.2916093,39.357,0.0,0,25.46,99.0,-1,0.125,,,,,,1286,0.93,0.00656,3.886933
2026-07-13T09:54:56.708816,Raspberry_Relieve1,25.652322283333334,-100.2916093,39.358,0.0,0,25.46,99.0,-1,0.125,,,,,,1287,0.99,0.007035,3.893968
2026-07-13T09:54:57.708941,Raspberry_Relieve1,25.652322283333334,-100.2916093,39.357,0.0,0,25.46,99.0,-1,0.125,,,,,,1288,1.7,0.012042,3.90601
2026-07-13T09:54:58.719343,Raspberry_Relieve1,25.652322283333334,-100.2916093,39.355,0.0,0,25.46,99.0,-1,0.125,,,,,,1289,0.38,0.002686,3.908696
2026-07-13T09:54:59.719493,Raspberry_Relieve1,25.652322283333334,-100.2916093,39.355,0.0,0,25.46,99.0,-1,0.125,,,,,,1290,1.01,0.007141,3.915837
2026-07-13T09:55:00.719599,Raspberry_Relieve1,25.652322283333334,-100.2916093,39.356,0.0,0,25.46,99.0,-1,0.125,,,,,,1291,0.96,0.006759,3.922596
2026-07-13T09:55:01.719704,Raspberry_Relieve1,25.652322283333334,-100.2916093,39.354,0.0,0,25.46,99.0,-1,0.125,,,,,,1292,1.05,0.007456,3.930052
2026-07-13T09:55:02.719814,Raspberry_Relieve1,25.652322283333334,-100.2916093,39.355,0.0,0,25.46,99.0,-1,0.125,,,,,,1293,0.98,0.006946,3.936997
2026-07-13T09:55:03.719985,Raspberry_Relieve1,25.652322283333334,-100.2916093,39.356,0.0,0,25.46,99.0,-1,0.125,,,,,,1294,0.93,0.006552,3.943549
2026-07-13T09:55:04.720102,Raspberry_Relieve1,25.652322283333334,-100.2916093,39.356,0.0,0,25.46,99.0,-1,0.125,,,,,,1295,1.13,0.008023,3.951572
2026-07-13T09:55:05.720218,Raspberry_Relieve1,25.652322283333334,-100.2916093,39.356,0.0,0,25.46,99.0,-1,0.125,,,,,,1296,0.86,0.006092,3.957663
2026-07-13T09:55:06.720333,Raspberry_Relieve1,25.652322283333334,-100.2916093,39.355,0.0,0,25.46,99.0,-1,0.125,,,,,,1297,1.07,0.007591,3.965254
2026-07-13T09:55:07.720474,Raspberry_Relieve1,25.652322283333334,-100.2916093,39.356,0.0,0,25.46,99.0,-1,0.125,,,,,,1298,0.95,0.006751,3.972006
2026-07-13T09:55:08.720594,Raspberry_Relieve1,25.652322283333334,-100.2916093,39.356,0.0,0,25.46,99.0,-1,0.125,,,,,,1299,1.06,0.007511,3.979516
2026-07-13T09:55:09.720729,Raspberry_Relieve1,25.652322283333334,-100.2916093,39.357,0.0,0,25.46,99.0,-1,0.125,,,,,,1300,0.91,0.006439,3.985956
2026-07-13T09:55:10.720833,Raspberry_Relieve1,25.652322283333334,-100.2916093,39.358,0.0,0,25.46,99.0,-1,0.125,,,,,,1301,1.07,0.007591,3.993547
2026-07-13T09:55:11.720960,Raspberry_Relieve1,25.652322283333334,-100.2916093,39.356,0.0,0,25.46,99.0,-1,0.125,,,,,,1302,0.99,0.006973,4.00052
2026-07-13T09:55:12.721060,Raspberry_Relieve1,25.652322283333334,-100.2916093,39.356,0.0,0,25.46,99.0,-1,0.125,,,,,,1303,0.98,0.006939,4.007459
2026-07-13T09:55:13.721188,Raspberry_Relieve1,25.652322283333334,-100.2916093,39.356,0.0,0,25.46,99.0,-1,0.125,,,,,,1304,1.11,0.007827,4.015287
2026-07-13T09:55:14.721297,Raspberry_Relieve1,25.652322283333334,-100.2916093,39.357,0.0,0,25.46,99.0,-1,0.125,,,,,,1305,0.87,0.00617,4.021456
2026-07-13T09:55:15.721412,Raspberry_Relieve1,25.652322283333334,-100.2916093,39.357,0.0,0,25.46,99.0,-1,0.125,,,,,,1306,1.08,0.007623,4.02908
2026-07-13T09:55:16.721511,Raspberry_Relieve1,25.652322283333334,-100.2916093,39.356,0.0,0,25.46,99.0,-1,0.125,,,,,,1307,0.98,0.006916,4.035996
2026-07-13T09:55:17.721671,Raspberry_Relieve1,25.652322283333334,-100.2916093,39.357,0.0,0,25.46,99.0,-1,0.125,,,,,,1308,0.94,0.006655,4.042651
2026-07-13T09:55:18.721761,Raspberry_Relieve1,25.652322283333334,-100.2916093,39.357,0.0,0,25.46,99.0,-1,0.125,,,,,,1309,1.0,0.007051,4.049702
2026-07-13T09:55:19.721896,Raspberry_Relieve1,25.652322283333334,-100.2916093,39.357,0.0,0,25.46,99.0,-1,0.125,,,,,,1310,1.06,0.007523,4.057225
2026-07-13T09:55:20.722000,Raspberry_Relieve1,25.652322283333334,-100.2916093,39.356,0.0,0,25.46,99.0,-1,0.125,,,,,,1311,1.0,0.00707,4.064295
2026-07-13T09:55:21.722117,Raspberry_Relieve1,25.652322283333334,-100.2916093,39.357,0.0,0,25.46,99.0,-1,0.125,,,,,,1312,1.0,0.00709,4.071385
2026-07-13T09:55:22.722222,Raspberry_Relieve1,25.652322283333334,-100.2916093,39.357,0.0,0,25.46,99.0,-1,0.125,,,,,,1313,1.0,0.007061,4.078446
2026-07-13T09:55:23.722353,Raspberry_Relieve1,25.652322283333334,-100.2916093,39.356,0.0,0,25.46,99.0,-1,0.125,,,,,,1314,1.02,0.00719,4.085636
2026-07-13T09:55:24.722449,Raspberry_Relieve1,25.652322283333334,-100.2916093,39.355,0.0,0,25.46,99.0,-1,0.125,,,,,,1315,0.96,0.006808,4.092444
2026-07-13T09:55:25.722602,Raspberry_Relieve1,25.652322283333334,-100.2916093,39.356,0.0,0,25.46,99.0,-1,0.125,,,,,,1316,1.02,0.007246,4.09969
2026-07-13T09:55:26.722700,Raspberry_Relieve1,25.652322283333334,-100.2916093,39.357,0.0,0,25.46,99.0,-1,0.125,,,,,,1317,0.99,0.007026,4.106716
2026-07-13T09:55:27.722840,Raspberry_Relieve1,25.652322283333334,-100.2916093,39.357,0.0,0,25.46,99.0,-1,0.125,,,,,,1318,0.91,0.00644,4.113157
2026-07-13T09:55:28.722931,Raspberry_Relieve1,25.652322283333334,-100.2916093,39.357,0.0,0,25.46,99.0,-1,0.125,,,,,,1319,1.04,0.007338,4.120495
2026-07-13T09:55:29.723070,Raspberry_Relieve1,25.652322283333334,-100.2916093,39.356,0.0,0,25.46,99.0,-1,0.125,,,,,,1320,1.05,0.00743,4.127924
2026-07-13T09:55:30.723161,Raspberry_Relieve1,25.652322283333334,-100.2916093,39.357,0.0,0,25.46,99.0,-1,0.125,,,,,,1321,0.91,0.006435,4.134359
2026-07-13T09:55:31.723292,Raspberry_Relieve1,25.652322283333334,-100.2916093,39.356,0.0,0,25.46,99.0,-1,0.125,,,,,,1322,1.12,0.007922,4.14228
2026-07-13T09:55:32.723399,Raspberry_Relieve1,25.652322283333334,-100.2916093,39.356,0.0,0,25.46,99.0,-1,0.125,,,,,,1323,0.98,0.006958,4.149238
2026-07-13T09:55:33.723538,Raspberry_Relieve1,25.652322283333334,-100.2916093,39.358,0.0,0,25.46,99.0,-1,0.125,,,,,,1324,1.0,0.007095,4.156334
2026-07-13T09:55:34.723650,Raspberry_Relieve1,25.652322283333334,-100.2916093,39.356,0.0,0,25.46,99.0,-1,0.125,,,,,,1325,0.9,0.006337,4.162671
2026-07-13T09:55:35.723809,Raspberry_Relieve1,25.652322283333334,-100.2916093,39.355,0.0,0,25.46,99.0,-1,0.125,,,,,,1326,1.03,0.007259,4.16993
2026-07-13T09:55:36.723932,Raspberry_Relieve1,25.652322283333334,-100.2916093,39.355,0.0,0,25.46,99.0,-1,0.125,,,,,,1327,0.99,0.007029,4.176959
2026-07-13T09:55:37.724046,Raspberry_Relieve1,25.652322283333334,-100.2916093,39.356,0.0,0,25.46,99.0,-1,0.125,,,,,,1328,1.14,0.008043,4.185002
2026-07-13T09:55:38.724143,Raspberry_Relieve1,25.652322283333334,-100.2916093,39.356,0.0,0,25.46,99.0,-1,0.125,,,,,,1329,0.91,0.006441,4.191443
2026-07-13T09:55:39.724251,Raspberry_Relieve1,25.652322283333334,-100.2916093,39.355,0.0,0,25.46,99.0,-1,0.125,,,,,,1330,0.97,0.006847,4.19829
2026-07-13T09:55:40.724354,Raspberry_Relieve1,25.652322283333334,-100.2916093,39.356,0.0,0,25.46,99.0,-1,0.125,,,,,,1331,1.05,0.007457,4.205747
2026-07-13T09:55:41.724471,Raspberry_Relieve1,25.652322283333334,-100.2916093,39.356,0.0,0,25.46,99.0,-1,0.125,,,,,,1332,0.93,0.006559,4.212306
2026-07-13T09:55:42.724569,Raspberry_Relieve1,25.652322283333334,-100.2916093,39.356,0.0,0,25.46,99.0,-1,0.125,,,,,,1333,1.07,0.007543,4.219849
2026-07-13T09:55:43.724686,Raspberry_Relieve1,25.652322283333334,-100.2916093,39.356,0.0,0,25.46,99.0,-1,0.125,,,,,,1334,1.07,0.00756,4.22741
2026-07-13T09:55:44.724817,Raspberry_Relieve1,25.652322283333334,-100.2916093,39.355,0.0,0,25.46,99.0,-1,0.125,,,,,,1335,0.86,0.006052,4.233461
2026-07-13T09:55:45.724947,Raspberry_Relieve1,25.652322283333334,-100.2916093,39.356,0.0,0,25.46,99.0,-1,0.125,,,,,,1336,1.14,0.008029,4.24149
2026-07-13T09:55:46.725070,Raspberry_Relieve1,25.652322283333334,-100.2916093,39.356,0.0,0,25.46,99.0,-1,0.125,,,,,,1337,0.85,0.006014,4.247504
2026-07-13T09:55:47.725191,Raspberry_Relieve1,25.652322283333334,-100.2916093,39.357,0.0,0,25.46,99.0,-1,0.125,,,,,,1338,1.19,0.008434,4.255938
2026-07-13T09:55:48.725276,Raspberry_Relieve1,25.652322283333334,-100.2916093,39.355,0.0,0,25.46,99.0,-1,0.125,,,,,,1339,0.88,0.006246,4.262183
2026-07-13T09:55:49.725384,Raspberry_Relieve1,25.652322283333334,-100.2916093,39.358,0.0,0,25.46,99.0,-1,0.125,,,,,,1340,0.97,0.006878,4.269062
2026-07-13T09:55:50.725497,Raspberry_Relieve1,25.652322283333334,-100.2916093,39.356,0.0,0,25.46,99.0,-1,0.125,,,,,,1341,1.0,0.007097,4.276159
2026-07-13T09:55:51.725612,Raspberry_Relieve1,25.652322283333334,-100.2916093,39.355,0.0,0,25.46,99.0,-1,0.125,,,,,,1342,1.03,0.007298,4.283457
2026-07-13T09:55:52.725719,Raspberry_Relieve1,25.652322283333334,-100.2916093,39.355,0.0,0,25.46,99.0,-1,0.125,,,,,,1343,0.94,0.006621,4.290079
2026-07-13T09:55:53.725846,Raspberry_Relieve1,25.652322283333334,-100.2916093,39.355,0.0,0,25.46,99.0,-1,0.125,,,,,,1344,1.07,0.007553,4.297632
2026-07-13T09:55:54.725945,Raspberry_Relieve1,25.652322283333334,-100.2916093,39.354,0.0,0,25.46,99.0,-1,0.125,,,,,,1345,1.0,0.007086,4.304718
2026-07-13T09:55:55.726066,Raspberry_Relieve1,25.652322283333334,-100.2916093,39.356,0.0,0,25.46,99.0,-1,0.125,,,,,,1346,1.03,0.007314,4.312032
2026-07-13T09:55:56.726198,Raspberry_Relieve1,25.652322283333334,-100.2916093,39.356,0.0,0,25.46,99.0,-1,0.125,,,,,,1347,0.89,0.006283,4.318315
2026-07-13T09:55:57.726304,Raspberry_Relieve1,25.652322283333334,-100.2916093,39.355,0.0,0,25.46,99.0,-1,0.125,,,,,,1348,1.1,0.007744,4.326059
2026-07-13T09:55:58.726415,Raspberry_Relieve1,25.652322283333334,-100.2916093,39.355,0.0,0,25.46,99.0,-1,0.125,,,,,,1349,0.88,0.006202,4.332261
2026-07-13T09:55:59.726522,Raspberry_Relieve1,25.652322283333334,-100.2916093,39.355,0.0,0,25.46,99.0,-1,0.125,,,,,,1350,1.16,0.008172,4.340433
2026-07-13T09:56:00.726626,Raspberry_Relieve1,25.652322283333334,-100.2916093,39.354,0.0,0,25.46,99.0,-1,0.125,,,,,,1351,0.91,0.006458,4.346891
2026-07-13T09:56:01.726734,Raspberry_Relieve1,25.652322283333334,-100.2916093,39.356,0.0,0,25.46,99.0,-1,0.125,,,,,,1352,0.98,0.006965,4.353855
2026-07-13T09:56:02.726851,Raspberry_Relieve1,25.652322283333334,-100.2916093,39.357,0.0,0,25.46,99.0,-1,0.125,,,,,,1353,1.05,0.007427,4.361283
2026-07-13T09:56:03.726970,Raspberry_Relieve1,25.652322283333334,-100.2916093,39.355,0.0,0,25.46,99.0,-1,0.125,,,,,,1354,1.01,0.007168,4.368451
2026-07-13T09:56:04.727090,Raspberry_Relieve1,25.652322283333334,-100.2916093,39.356,0.0,0,25.46,99.0,-1,0.125,,,,,,1355,1.0,0.007085,4.375536
2026-07-13T09:56:05.727208,Raspberry_Relieve1,25.652322283333334,-100.2916093,39.357,0.0,0,25.46,99.0,-1,0.125,,,,,,1356,1.01,0.007177,4.382713
2026-07-13T09:56:06.727326,Raspberry_Relieve1,25.652322283333334,-100.2916093,39.356,0.0,0,25.46,99.0,-1,0.125,,,,,,1357,0.88,0.006206,4.388918
2026-07-13T09:56:07.727449,Raspberry_Relieve1,25.652322283333334,-100.2916093,39.354,0.0,0,25.46,99.0,-1,0.125,,,,,,1358,1.01,0.007134,4.396052
2026-07-13T09:56:08.727564,Raspberry_Relieve1,25.652322283333334,-100.2916093,39.355,0.0,0,25.46,99.0,-1,0.125,,,,,,1359,1.0,0.007085,4.403137
2026-07-13T09:56:09.727669,Raspberry_Relieve1,25.652322283333334,-100.2916093,39.355,0.0,0,25.46,99.0,-1,0.125,,,,,,1360,1.07,0.007537,4.410674
2026-07-13T09:56:10.727789,Raspberry_Relieve1,25.652322283333334,-100.2916093,39.355,0.0,0,25.46,99.0,-1,0.125,,,,,,1361,0.95,0.006698,4.417372
2026-07-13T09:56:11.727960,Raspberry_Relieve1,25.652322283333334,-100.2916093,39.355,0.0,0,25.46,99.0,-1,0.125,,,,,,1362,1.14,0.00806,4.425432
2026-07-13T09:56:12.728030,Raspberry_Relieve1,25.652322283333334,-100.2916093,39.356,0.0,0,25.46,99.0,-1,0.125,,,,,,1363,0.86,0.006047,4.43148
2026-07-13T09:56:13.728174,Raspberry_Relieve1,25.652322283333334,-100.2916093,39.354,0.0,0,25.46,99.0,-1,0.125,,,,,,1364,0.98,0.006931,4.43841
2026-07-13T09:56:14.728302,Raspberry_Relieve1,25.652322283333334,-100.2916093,39.355,0.0,0,25.46,99.0,-1,0.125,,,,,,1365,1.03,0.007308,4.445718
2026-07-13T09:56:15.728409,Raspberry_Relieve1,25.652322283333334,-100.2916093,39.355,0.0,0,25.46,99.0,-1,0.125,,,,,,1366,1.08,0.007622,4.45334
2026-07-13T09:56:16.728526,Raspberry_Relieve1,25.652322283333334,-100.2916093,39.354,0.0,0,25.46,99.0,-1,0.125,,,,,,1367,1.04,0.00738,4.46072
2026-07-13T09:56:17.728642,Raspberry_Relieve1,25.652322283333334,-100.2916093,39.356,0.0,0,25.46,99.0,-1,0.125,,,,,,1368,0.94,0.006628,4.467348
2026-07-13T09:56:18.728754,Raspberry_Relieve1,25.652322283333334,-100.2916093,39.356,0.0,0,25.46,99.0,-1,0.125,,,,,,1369,1.0,0.007067,4.474414
2026-07-13T09:56:19.728871,Raspberry_Relieve1,25.652322283333334,-100.2916093,39.355,0.0,0,25.46,99.0,-1,0.125,,,,,,1370,0.95,0.006745,4.481159
2026-07-13T09:56:20.728979,Raspberry_Relieve1,25.652322283333334,-100.2916093,39.356,0.0,0,25.46,99.0,-1,0.125,,,,,,1371,1.05,0.007443,4.488602
2026-07-13T09:56:21.729091,Raspberry_Relieve1,25.652322283333334,-100.2916093,39.355,0.0,0,25.46,99.0,-1,0.125,,,,,,1372,1.0,0.007086,4.495688
2026-07-13T09:56:22.729204,Raspberry_Relieve1,25.652322283333334,-100.2916093,39.355,0.0,0,25.46,99.0,-1,0.125,,,,,,1373,0.96,0.006755,4.502443
2026-07-13T09:56:23.729334,Raspberry_Relieve1,25.652322283333334,-100.2916093,39.354,0.0,0,25.46,99.0,-1,0.125,,,,,,1374,0.99,0.006981,4.509424
2026-07-13T09:56:24.729447,Raspberry_Relieve1,25.652322283333334,-100.2916093,39.355,0.0,0,25.46,99.0,-1,0.125,,,,,,1375,1.01,0.007118,4.516543
2026-07-13T09:56:25.729567,Raspberry_Relieve1,25.652322283333334,-100.2916093,39.356,0.0,0,25.46,99.0,-1,0.125,,,,,,1376,0.97,0.006865,4.523408
2026-07-13T09:56:26.729681,Raspberry_Relieve1,25.652322283333334,-100.2916093,39.354,0.0,0,25.46,99.0,-1,0.125,,,,,,1377,0.99,0.006993,4.5304
2026-07-13T09:56:27.729912,Raspberry_Relieve1,25.652322283333334,-100.2916093,39.354,0.0,0,25.46,99.0,-1,0.125,,,,,,1378,0.98,0.006959,4.537359
2026-07-13T09:56:28.730013,Raspberry_Relieve1,25.652322283333334,-100.2916093,39.353,0.0,0,25.46,99.0,-1,0.125,,,,,,1379,1.02,0.007189,4.544548
2026-07-13T09:56:29.730136,Raspberry_Relieve1,25.652322283333334,-100.2916093,39.354,0.0,0,25.46,99.0,-1,0.125,,,,,,1380,1.03,0.007268,4.551816
2026-07-13T09:56:30.730265,Raspberry_Relieve1,25.652322283333334,-100.2916093,39.354,0.0,0,25.46,99.0,-1,0.125,,,,,,1381,0.98,0.006959,4.558774
2026-07-13T09:56:31.730374,Raspberry_Relieve1,25.652322283333334,-100.2916093,39.353,0.0,0,25.46,99.0,-1,0.125,,,,,,1382,1.02,0.00721,4.565984
2026-07-13T09:56:32.730492,Raspberry_Relieve1,25.652322283333334,-100.2916093,39.354,0.0,0,25.46,99.0,-1,0.125,,,,,,1383,0.98,0.006951,4.572935
2026-07-13T09:56:33.730595,Raspberry_Relieve1,25.652322283333334,-100.2916093,39.353,0.0,0,25.46,99.0,-1,0.125,,,,,,1384,1.07,0.007533,4.580468
2026-07-13T09:56:34.730721,Raspberry_Relieve1,25.652322283333334,-100.2916093,39.354,0.0,0,25.46,99.0,-1,0.125,,,,,,1385,0.96,0.006763,4.587232
2026-07-13T09:56:35.730844,Raspberry_Relieve1,25.652322283333334,-100.2916093,39.353,0.0,0,25.46,99.0,-1,0.125,,,,,,1386,1.14,0.008026,4.595258
2026-07-13T09:56:36.730953,Raspberry_Relieve1,25.652322283333334,-100.2916093,39.353,0.0,0,25.46,99.0,-1,0.125,,,,,,1387,0.99,0.007023,4.602281
2026-07-13T09:56:37.731075,Raspberry_Relieve1,25.652322283333334,-100.2916093,39.353,0.0,0,25.46,99.0,-1,0.125,,,,,,1388,0.82,0.005828,4.608109
2026-07-13T09:56:38.731192,Raspberry_Relieve1,25.652322283333334,-100.2916093,39.354,0.0,0,25.46,99.0,-1,0.125,,,,,,1389,1.01,0.007149,4.615258
2026-07-13T09:56:39.731301,Raspberry_Relieve1,25.652322283333334,-100.2916093,39.355,0.0,0,25.46,99.0,-1,0.125,,,,,,1390,1.01,0.007131,4.622388
2026-07-13T09:56:40.731411,Raspberry_Relieve1,25.652322283333334,-100.2916093,39.352,0.0,0,25.46,99.0,-1,0.125,,,,,,1391,1.08,0.007641,4.630029
2026-07-13T09:56:41.731529,Raspberry_Relieve1,25.652322283333334,-100.2916093,39.353,0.0,0,25.46,99.0,-1,0.125,,,,,,1392,0.92,0.006516,4.636545
2026-07-13T09:56:42.731639,Raspberry_Relieve1,25.652322283333334,-100.2916093,39.354,0.0,0,25.46,99.0,-1,0.125,,,,,,1393,1.1,0.007785,4.64433
2026-07-13T09:56:43.731759,Raspberry_Relieve1,25.652322283333334,-100.2916093,39.353,0.0,0,25.46,99.0,-1,0.125,,,,,,1394,0.98,0.006912,4.651242
2026-07-13T09:56:44.731868,Raspberry_Relieve1,25.652322283333334,-100.2916093,39.355,0.0,0,25.46,99.0,-1,0.125,,,,,,1395,0.92,0.006493,4.657734
2026-07-13T09:56:45.731979,Raspberry_Relieve1,25.652322283333334,-100.2916093,39.354,0.0,0,25.46,99.0,-1,0.125,,,,,,1396,1.0,0.007095,4.66483
2026-07-13T09:56:46.732096,Raspberry_Relieve1,25.652322283333334,-100.2916093,39.354,0.0,0,25.46,99.0,-1,0.125,,,,,,1397,1.09,0.007716,4.672546
2026-07-13T09:56:47.732228,Raspberry_Relieve1,25.652322283333334,-100.2916093,39.355,0.0,0,25.46,99.0,-1,0.125,,,,,,1398,0.94,0.006671,4.679217
2026-07-13T09:56:48.732429,Raspberry_Relieve1,25.652322283333334,-100.2916093,39.353,0.0,0,25.46,99.0,-1,0.125,,,,,,1399,1.05,0.00745,4.686667
2026-07-13T09:56:49.732651,Raspberry_Relieve1,25.652322283333334,-100.2916093,39.353,0.0,0,25.46,99.0,-1,0.125,,,,,,1400,0.97,0.006883,4.69355
2026-07-13T09:56:50.732759,Raspberry_Relieve1,25.652322283333334,-100.2916093,39.353,0.0,0,25.46,99.0,-1,0.125,,,,,,1401,0.93,0.006583,4.700133
2026-07-13T09:56:51.733000,Raspberry_Relieve1,25.652322283333334,-100.2916093,39.353,0.0,0,25.46,99.0,-1,0.125,,,,,,1402,1.09,0.007674,4.707807
2026-07-13T09:56:52.733108,Raspberry_Relieve1,25.652322283333334,-100.2916093,39.353,0.0,0,25.46,99.0,-1,0.125,,,,,,1403,0.93,0.006604,4.714411
2026-07-13T09:56:53.733235,Raspberry_Relieve1,25.652322283333334,-100.2916093,39.354,0.0,0,25.46,99.0,-1,0.125,,,,,,1404,1.06,0.007524,4.721935
2026-07-13T09:56:54.733350,Raspberry_Relieve1,25.652322283333334,-100.2916093,39.353,0.0,0,25.46,99.0,-1,0.125,,,,,,1405,0.94,0.006648,4.728583
2026-07-13T09:56:55.733452,Raspberry_Relieve1,25.652322283333334,-100.2916093,39.354,0.0,0,25.46,99.0,-1,0.125,,,,,,1406,1.01,0.007129,4.735712
2026-07-13T09:56:56.733589,Raspberry_Relieve1,25.652322283333334,-100.2916093,39.354,0.0,0,25.46,99.0,-1,0.125,,,,,,1407,1.05,0.007426,4.743139
2026-07-13T09:56:57.733694,Raspberry_Relieve1,25.652322283333334,-100.2916093,39.354,0.0,0,25.46,99.0,-1,0.125,,,,,,1408,1.07,0.007538,4.750677
2026-07-13T09:56:58.733802,Raspberry_Relieve1,25.652322283333334,-100.2916093,39.353,0.0,0,25.46,99.0,-1,0.125,,,,,,1409,0.95,0.006741,4.757417
2026-07-13T09:56:59.734020,Raspberry_Relieve1,25.652322283333334,-100.2916093,39.353,0.0,0,25.46,99.0,-1,0.125,,,,,,1410,0.98,0.006957,4.764375
2026-07-13T09:57:00.734228,Raspberry_Relieve1,25.652322283333334,-100.2916093,39.353,0.0,0,25.46,99.0,-1,0.125,,,,,,1411,1.03,0.00726,4.771634
2026-07-13T09:57:01.734331,Raspberry_Relieve1,25.652322283333334,-100.2916093,39.353,0.0,0,25.46,99.0,-1,0.125,,,,,,1412,0.92,0.006534,4.778168
2026-07-13T09:57:02.734444,Raspberry_Relieve1,25.652322283333334,-100.2916093,39.354,0.0,0,25.46,99.0,-1,0.125,,,,,,1413,0.96,0.006781,4.784949
2026-07-13T09:57:03.734557,Raspberry_Relieve1,25.652322283333334,-100.2916093,39.352,0.0,0,25.46,99.0,-1,0.125,,,,,,1414,1.04,0.007367,4.792316
2026-07-13T09:57:04.734669,Raspberry_Relieve1,25.652322283333334,-100.2916093,39.352,0.0,0,25.46,99.0,-1,0.125,,,,,,1415,0.99,0.007031,4.799347
2026-07-13T09:57:05.734916,Raspberry_Relieve1,25.652322283333334,-100.2916093,39.352,0.0,0,25.46,99.0,-1,0.125,,,,,,1416,1.01,0.007153,4.8065
2026-07-13T09:57:06.735002,Raspberry_Relieve1,25.652322283333334,-100.2916093,39.352,0.0,0,25.46,99.0,-1,0.125,,,,,,1417,1.1,0.007813,4.814314
2026-07-13T09:57:07.735195,Raspberry_Relieve1,25.652322283333334,-100.2916093,39.352,0.0,0,25.46,99.0,-1,0.125,,,,,,1418,0.9,0.006392,4.820706
2026-07-13T09:57:08.735303,Raspberry_Relieve1,25.652322283333334,-100.2916093,39.352,0.0,0,25.46,99.0,-1,0.125,,,,,,1419,1.03,0.007268,4.827974
2026-07-13T09:57:09.735399,Raspberry_Relieve1,25.652322283333334,-100.2916093,39.351,0.0,0,25.46,99.0,-1,0.125,,,,,,1420,1.05,0.007403,4.835377
2026-07-13T09:57:10.735513,Raspberry_Relieve1,25.652322283333334,-100.2916093,39.352,0.0,0,25.46,99.0,-1,0.125,,,,,,1421,0.92,0.006524,4.8419
2026-07-13T09:57:11.735728,Raspberry_Relieve1,25.652322283333334,-100.2916093,39.351,0.0,0,25.46,99.0,-1,0.125,,,,,,1422,0.98,0.006903,4.848803
2026-07-13T09:57:12.735828,Raspberry_Relieve1,25.652322283333334,-100.2916093,39.352,0.0,0,25.46,99.0,-1,0.125,,,,,,1423,1.04,0.007381,4.856184
2026-07-13T09:57:13.735973,Raspberry_Relieve1,25.652322283333334,-100.2916093,39.353,0.0,0,25.46,99.0,-1,0.125,,,,,,1424,0.97,0.006873,4.863057
2026-07-13T09:57:14.736066,Raspberry_Relieve1,25.652322283333334,-100.2916093,39.352,0.0,0,25.46,99.0,-1,0.125,,,,,,1425,1.04,0.007355,4.870412
2026-07-13T09:57:15.736232,Raspberry_Relieve1,25.652322283333334,-100.2916093,39.351,0.0,0,25.46,99.0,-1,0.125,,,,,,1426,1.0,0.0071,4.877512
2026-07-13T09:57:16.736340,Raspberry_Relieve1,25.652322283333334,-100.2916093,39.352,0.0,0,25.46,99.0,-1,0.125,,,,,,1427,1.0,0.007068,4.88458
2026-07-13T09:57:17.736493,Raspberry_Relieve1,25.652322283333334,-100.2916093,39.352,0.0,0,25.46,99.0,-1,0.125,,,,,,1428,1.08,0.007662,4.892242
2026-07-13T09:57:18.736665,Raspberry_Relieve1,25.652322283333334,-100.2916093,39.353,0.0,0,25.46,99.0,-1,0.125,,,,,,1429,0.93,0.006565,4.898807
2026-07-13T09:57:19.736789,Raspberry_Relieve1,25.652322283333334,-100.2916093,39.353,0.0,0,25.46,99.0,-1,0.125,,,,,,1430,0.97,0.006872,4.905679
2026-07-13T09:57:20.736884,Raspberry_Relieve1,25.652322283333334,-100.2916093,39.353,0.0,0,25.46,99.0,-1,0.125,,,,,,1431,1.02,0.007235,4.912914
2026-07-13T09:57:21.737051,Raspberry_Relieve1,25.652322283333334,-100.2916093,39.352,0.0,0,25.46,99.0,-1,0.125,,,,,,1432,0.95,0.006729,4.919643
2026-07-13T09:57:22.737155,Raspberry_Relieve1,25.652322283333334,-100.2916093,39.352,0.0,0,25.46,99.0,-1,0.125,,,,,,1433,1.02,0.007189,4.926832
2026-07-13T09:57:23.737328,Raspberry_Relieve1,25.652322283333334,-100.2916093,39.352,0.0,0,25.46,99.0,-1,0.125,,,,,,1434,1.06,0.007468,4.9343
2026-07-13T09:57:24.737449,Raspberry_Relieve1,25.652322283333334,-100.2916093,39.353,0.0,0,25.46,99.0,-1,0.125,,,,,,1435,0.92,0.006483,4.940783
2026-07-13T09:57:25.737567,Raspberry_Relieve1,25.652322283333334,-100.2916093,39.352,0.0,0,25.46,99.0,-1,0.125,,,,,,1436,1.07,0.007542,4.948325
2026-07-13T09:57:26.737659,Raspberry_Relieve1,25.652322283333334,-100.2916093,39.351,0.0,0,25.46,99.0,-1,0.125,,,,,,1437,1.04,0.007328,4.955654
2026-07-13T09:57:27.737815,Raspberry_Relieve1,25.652322283333334,-100.2916093,39.351,0.0,0,25.46,99.0,-1,0.125,,,,,,1438,0.91,0.006435,4.962089
2026-07-13T09:57:28.737903,Raspberry_Relieve1,25.652322283333334,-100.2916093,39.351,0.0,0,25.46,99.0,-1,0.125,,,,,,1439,1.03,0.007308,4.969397
2026-07-13T09:57:29.738006,Raspberry_Relieve1,25.652322283333334,-100.2916093,39.351,0.0,0,25.46,99.0,-1,0.125,,,,,,1440,0.96,0.006806,4.976203
2026-07-13T09:57:30.738186,Raspberry_Relieve1,25.652322283333334,-100.2916093,39.353,0.0,0,25.46,99.0,-1,0.125,,,,,,1441,1.01,0.007134,4.983337
2026-07-13T09:57:31.738298,Raspberry_Relieve1,25.652322283333334,-100.2916093,39.352,0.0,0,25.46,99.0,-1,0.125,,,,,,1442,0.97,0.006874,4.99021
2026-07-13T09:57:32.738408,Raspberry_Relieve1,25.652322283333334,-100.2916093,39.351,0.0,0,25.46,99.0,-1,0.125,,,,,,1443,0.98,0.006911,4.997122
2026-07-13T09:57:33.738518,Raspberry_Relieve1,25.652322283333334,-100.2916093,39.351,0.0,0,25.46,99.0,-1,0.125,,,,,,1444,1.05,0.00745,5.004572
2026-07-13T09:57:34.738631,Raspberry_Relieve1,25.652322283333334,-100.2916093,39.35,0.0,0,25.46,99.0,-1,0.125,,,,,,1445,1.03,0.007288,5.01186
2026-07-13T09:57:35.738745,Raspberry_Relieve1,25.652322283333334,-100.2916093,39.35,0.0,0,25.46,99.0,-1,0.125,,,,,,1446,1.05,0.007402,5.019262
2026-07-13T09:57:36.738910,Raspberry_Relieve1,25.652322283333334,-100.2916093,39.349,0.0,0,25.46,99.0,-1,0.125,,,,,,1447,0.97,0.006871,5.026133
2026-07-13T09:57:37.739064,Raspberry_Relieve1,25.652322283333334,-100.2916093,39.35,0.0,0,25.46,99.0,-1,0.125,,,,,,1448,0.89,0.006321,5.032454
2026-07-13T09:57:38.739206,Raspberry_Relieve1,25.652322283333334,-100.2916093,39.351,0.0,0,25.46,99.0,-1,0.125,,,,,,1449,1.06,0.007487,5.039941
2026-07-13T09:57:39.739330,Raspberry_Relieve1,25.652322283333334,-100.2916093,39.351,0.0,0,25.46,99.0,-1,0.125,,,,,,1450,0.96,0.00676,5.046701
2026-07-13T09:57:40.739464,Raspberry_Relieve1,25.652322283333334,-100.2916093,39.35,0.0,0,25.46,99.0,-1,0.125,,,,,,1451,1.08,0.00766,5.054362
2026-07-13T09:57:41.739569,Raspberry_Relieve1,25.652322283333334,-100.2916093,39.351,0.0,0,25.46,99.0,-1,0.125,,,,,,1452,0.98,0.006917,5.061279
2026-07-13T09:57:42.739682,Raspberry_Relieve1,25.652322283333334,-100.2916093,39.353,0.0,0,25.46,99.0,-1,0.125,,,,,,1453,1.03,0.007281,5.068561
2026-07-13T09:57:43.739852,Raspberry_Relieve1,25.652322283333334,-100.2916093,39.351,0.0,0,25.46,99.0,-1,0.125,,,,,,1454,0.91,0.006425,5.074986
2026-07-13T09:57:44.739962,Raspberry_Relieve1,25.652322283333334,-100.2916093,39.351,0.0,0,25.46,99.0,-1,0.125,,,,,,1455,1.03,0.007288,5.082274
2026-07-13T09:57:45.740066,Raspberry_Relieve1,25.652322283333334,-100.2916093,39.351,0.0,0,25.46,99.0,-1,0.125,,,,,,1456,1.08,0.007602,5.089876
2026-07-13T09:57:46.740201,Raspberry_Relieve1,25.652322283333334,-100.2916093,39.351,0.0,0,25.46,99.0,-1,0.125,,,,,,1457,0.89,0.006269,5.096145
2026-07-13T09:57:47.740306,Raspberry_Relieve1,25.652322283333334,-100.2916093,39.352,0.0,0,25.46,99.0,-1,0.125,,,,,,1458,1.07,0.007565,5.10371
2026-07-13T09:57:48.740424,Raspberry_Relieve1,25.652322283333334,-100.2916093,39.35,0.0,0,25.46,99.0,-1,0.125,,,,,,1459,0.97,0.006889,5.110599
2026-07-13T09:57:49.740593,Raspberry_Relieve1,25.652322283333334,-100.2916093,39.35,0.0,0,25.46,99.0,-1,0.125,,,,,,1460,1.05,0.007457,5.118056
2026-07-13T09:57:50.740704,Raspberry_Relieve1,25.652322283333334,-100.2916093,39.351,0.0,0,25.46,99.0,-1,0.125,,,,,,1461,1.12,0.00789,5.125946
2026-07-13T09:57:51.740809,Raspberry_Relieve1,25.652322283333334,-100.2916093,39.351,0.0,0,25.46,99.0,-1,0.125,,,,,,1462,0.84,0.005912,5.131858
2026-07-13T09:57:52.740979,Raspberry_Relieve1,25.652322283333334,-100.2916093,39.351,0.0,0,25.46,99.0,-1,0.125,,,,,,1463,1.21,0.008557,5.140415
2026-07-13T09:57:53.741127,Raspberry_Relieve1,25.652322283333334,-100.2916093,39.352,0.0,0,25.46,99.0,-1,0.125,,,,,,1464,0.83,0.005881,5.146296
2026-07-13T09:57:54.741247,Raspberry_Relieve1,25.652322283333334,-100.2916093,39.352,0.0,0,25.46,99.0,-1,0.125,,,,,,1465,0.9,0.006385,5.152681
2026-07-13T09:57:55.741367,Raspberry_Relieve1,25.652322283333334,-100.2916093,39.351,0.0,0,25.46,99.0,-1,0.125,,,,,,1466,1.08,0.007658,5.160339
2026-07-13T09:57:56.741475,Raspberry_Relieve1,25.652322283333334,-100.2916093,39.352,0.0,0,25.46,99.0,-1,0.125,,,,,,1467,1.04,0.007385,5.167725
2026-07-13T09:57:57.741590,Raspberry_Relieve1,25.652322283333334,-100.2916093,39.351,0.0,0,25.46,99.0,-1,0.125,,,,,,1468,0.9,0.006336,5.174061
2026-07-13T09:57:58.741733,Raspberry_Relieve1,25.652322283333334,-100.2916093,39.352,0.0,0,25.46,99.0,-1,0.125,,,,,,1469,0.97,0.006868,5.180929
2026-07-13T09:57:59.741861,Raspberry_Relieve1,25.652322283333334,-100.2916093,39.352,0.0,0,25.46,99.0,-1,0.125,,,,,,1470,1.12,0.007898,5.188827
2026-07-13T09:58:00.741923,Raspberry_Relieve1,25.652322283333334,-100.2916093,39.353,0.0,0,25.46,99.0,-1,0.125,,,,,,1471,0.93,0.006575,5.195402
2026-07-13T09:58:01.742017,Raspberry_Relieve1,25.652322283333334,-100.2916093,39.35,0.0,0,25.46,99.0,-1,0.125,,,,,,1472,1.15,0.008108,5.203509
2026-07-13T09:58:02.742099,Raspberry_Relieve1,25.652322283333334,-100.2916093,39.352,0.0,0,25.46,99.0,-1,0.125,,,,,,1473,0.8,0.005661,5.209171
2026-07-13T09:58:03.742185,Raspberry_Relieve1,25.652322283333334,-100.2916093,39.352,0.0,0,25.46,99.0,-1,0.125,,,,,,1474,1.0,0.007096,5.216267
2026-07-13T09:58:04.742269,Raspberry_Relieve1,25.652322283333334,-100.2916093,39.35,0.0,0,25.46,99.0,-1,0.125,,,,,,1475,1.13,0.007977,5.224244
2026-07-13T09:58:05.742438,Raspberry_Relieve1,25.652322283333334,-100.2916093,39.351,0.0,0,25.46,99.0,-1,0.125,,,,,,1476,0.91,0.00642,5.230664
2026-07-13T09:58:06.742552,Raspberry_Relieve1,25.652322283333334,-100.2916093,39.351,0.0,0,25.46,99.0,-1,0.125,,,,,,1477,1.0,0.007072,5.237736
2026-07-13T09:58:07.742706,Raspberry_Relieve1,25.652322283333334,-100.2916093,39.351,0.0,0,25.46,99.0,-1,0.125,,,,,,1478,1.08,0.007648,5.245384
2026-07-13T09:58:08.742808,Raspberry_Relieve1,25.652322283333334,-100.2916093,39.351,0.0,0,25.46,99.0,-1,0.125,,,,,,1479,0.91,0.006414,5.251798
2026-07-13T09:58:09.742951,Raspberry_Relieve1,25.652322283333334,-100.2916093,39.351,0.0,0,25.46,99.0,-1,0.125,,,,,,1480,1.03,0.00725,5.259047
2026-07-13T09:58:10.743067,Raspberry_Relieve1,25.652322283333334,-100.2916093,39.351,0.0,0,25.46,99.0,-1,0.125,,,,,,1481,0.97,0.006848,5.265895
2026-07-13T09:58:11.743182,Raspberry_Relieve1,25.652322283333334,-100.2916093,39.352,0.0,0,25.46,99.0,-1,0.125,,,,,,1482,1.08,0.007623,5.273519
2026-07-13T09:58:12.743286,Raspberry_Relieve1,25.652322283333334,-100.2916093,39.351,0.0,0,25.46,99.0,-1,0.125,,,,,,1483,1.07,0.007591,5.28111
2026-07-13T09:58:13.743452,Raspberry_Relieve1,25.652322283333334,-100.2916093,39.352,0.0,0,25.46,99.0,-1,0.125,,,,,,1484,0.96,0.006782,5.287892
2026-07-13T09:58:14.743551,Raspberry_Relieve1,25.652322283333334,-100.2916093,39.353,0.0,0,25.46,99.0,-1,0.125,,,,,,1485,1.01,0.007108,5.295
2026-07-13T09:58:15.743692,Raspberry_Relieve1,25.652322283333334,-100.2916093,39.352,0.0,0,25.46,99.0,-1,0.125,,,,,,1486,1.02,0.007236,5.302236
2026-07-13T09:58:16.743799,Raspberry_Relieve1,25.652322283333334,-100.2916093,39.353,0.0,0,25.46,99.0,-1,0.125,,,,,,1487,0.97,0.006826,5.309062
2026-07-13T09:58:17.743957,Raspberry_Relieve1,25.652322283333334,-100.2916093,39.352,0.0,0,25.46,99.0,-1,0.125,,,,,,1488,1.01,0.007158,5.31622
2026-07-13T09:58:18.744030,Raspberry_Relieve1,25.652322283333334,-100.2916093,39.353,0.0,0,25.46,99.0,-1,0.125,,,,,,1489,0.95,0.006715,5.322935
2026-07-13T09:58:19.744197,Raspberry_Relieve1,25.652322283333334,-100.2916093,39.35,0.0,0,25.46,99.0,-1,0.125,,,,,,1490,1.0,0.007058,5.329993
2026-07-13T09:58:20.744312,Raspberry_Relieve1,25.652322283333334,-100.2916093,39.351,0.0,0,25.46,99.0,-1,0.125,,,,,,1491,0.96,0.006771,5.336764
2026-07-13T09:58:21.744440,Raspberry_Relieve1,25.652322283333334,-100.2916093,39.353,0.0,0,25.46,99.0,-1,0.125,,,,,,1492,1.1,0.007762,5.344526
2026-07-13T09:58:22.744576,Raspberry_Relieve1,25.652322283333334,-100.2916093,39.354,0.0,0,25.46,99.0,-1,0.125,,,,,,1493,0.99,0.006967,5.351493
2026-07-13T09:58:23.744730,Raspberry_Relieve1,25.652322283333334,-100.2916093,39.353,0.0,0,25.46,99.0,-1,0.125,,,,,,1494,0.99,0.006988,5.358481
2026-07-13T09:58:24.744854,Raspberry_Relieve1,25.652322283333334,-100.2916093,39.353,0.0,0,25.46,99.0,-1,0.125,,,,,,1495,1.03,0.007286,5.365767
2026-07-13T09:58:25.744962,Raspberry_Relieve1,25.652322283333334,-100.2916093,39.353,0.0,0,25.46,99.0,-1,0.125,,,,,,1496,0.88,0.006226,5.371993
2026-07-13T09:58:26.745085,Raspberry_Relieve1,25.652322283333334,-100.2916093,39.351,0.0,0,25.46,99.0,-1,0.125,,,,,,1497,1.01,0.007128,5.37912
2026-07-13T09:58:27.745220,Raspberry_Relieve1,25.652322283333334,-100.2916093,39.352,0.0,0,25.46,99.0,-1,0.125,,,,,,1498,1.0,0.007054,5.386174
2026-07-13T09:58:28.745323,Raspberry_Relieve1,25.652322283333334,-100.2916093,39.352,0.0,0,25.46,99.0,-1,0.125,,,,,,1499,1.14,0.008039,5.394213
2026-07-13T09:58:29.745431,Raspberry_Relieve1,25.652322283333334,-100.2916093,39.352,0.0,0,25.46,99.0,-1,0.125,,,,,,1500,0.94,0.006633,5.400846
2026-07-13T09:58:30.745551,Raspberry_Relieve1,25.652322283333334,-100.2916093,39.351,0.0,0,25.46,99.0,-1,0.125,,,,,,1501,1.01,0.007171,5.408017
2026-07-13T09:58:31.745675,Raspberry_Relieve1,25.652322283333334,-100.2916093,39.352,0.0,0,25.46,99.0,-1,0.125,,,,,,1502,0.99,0.007017,5.415034
2026-07-13T09:58:32.745821,Raspberry_Relieve1,25.652322283333334,-100.2916093,39.352,0.0,0,25.46,99.0,-1,0.125,,,,,,1503,1.0,0.007062,5.422096
2026-07-13T09:58:33.745914,Raspberry_Relieve1,25.652322283333334,-100.2916093,39.353,0.0,0,25.46,99.0,-1,0.125,,,,,,1504,1.04,0.007358,5.429453
2026-07-13T09:58:34.746032,Raspberry_Relieve1,25.652322283333334,-100.2916093,39.353,0.0,0,25.46,99.0,-1,0.125,,,,,,1505,0.94,0.006624,5.436077
2026-07-13T09:58:35.746154,Raspberry_Relieve1,25.652322283333334,-100.2916093,39.353,0.0,0,25.46,99.0,-1,0.125,,,,,,1506,0.99,0.006974,5.443051
2026-07-13T09:58:36.746298,Raspberry_Relieve1,25.652322283333334,-100.2916093,39.353,0.0,0,25.46,99.0,-1,0.125,,,,,,1507,0.95,0.006688,5.449739
2026-07-13T09:58:37.746425,Raspberry_Relieve1,25.652322283333334,-100.2916093,39.352,0.0,0,25.46,99.0,-1,0.125,,,,,,1508,1.01,0.007121,5.45686
2026-07-13T09:58:38.746548,Raspberry_Relieve1,25.652322283333334,-100.2916093,39.352,0.0,0,25.46,99.0,-1,0.125,,,,,,1509,0.98,0.006936,5.463796
2026-07-13T09:58:39.746664,Raspberry_Relieve1,25.652322283333334,-100.2916093,39.352,0.0,0,25.46,99.0,-1,0.125,,,,,,1510,1.06,0.007482,5.471277
2026-07-13T09:58:40.746791,Raspberry_Relieve1,25.652322283333334,-100.2916093,39.353,0.0,0,25.46,99.0,-1,0.125,,,,,,1511,0.98,0.006907,5.478185
2026-07-13T09:58:41.746937,Raspberry_Relieve1,25.652322283333334,-100.2916093,39.353,0.0,0,25.46,99.0,-1,0.125,,,,,,1512,1.01,0.007149,5.485334
2026-07-13T09:58:42.747072,Raspberry_Relieve1,25.652322283333334,-100.2916093,39.352,0.0,0,25.46,99.0,-1,0.125,,,,,,1513,1.22,0.00864,5.493973
2026-07-13T09:58:43.747174,Raspberry_Relieve1,25.652322283333334,-100.2916093,39.353,0.0,0,25.46,99.0,-1,0.125,,,,,,1514,0.88,0.00624,5.500214
2026-07-13T09:58:44.747291,Raspberry_Relieve1,25.652322283333334,-100.2916093,39.352,0.0,0,25.46,99.0,-1,0.125,,,,,,1515,0.93,0.006589,5.506803
2026-07-13T09:58:45.747409,Raspberry_Relieve1,25.652322283333334,-100.2916093,39.35,0.0,0,25.46,99.0,-1,0.125,,,,,,1516,1.0,0.007044,5.513847
2026-07-13T09:58:46.747527,Raspberry_Relieve1,25.652322283333334,-100.2916093,39.353,0.0,0,25.46,99.0,-1,0.125,,,,,,1517,0.97,0.006846,5.520693
2026-07-13T09:58:47.747643,Raspberry_Relieve1,25.652322283333334,-100.2916093,39.353,0.0,0,25.46,99.0,-1,0.125,,,,,,1518,0.97,0.006893,5.527586
2026-07-13T09:58:48.747768,Raspberry_Relieve1,25.652322283333334,-100.2916093,39.352,0.0,0,25.46,99.0,-1,0.125,,,,,,1519,1.16,0.008221,5.535808
2026-07-13T09:58:49.747935,Raspberry_Relieve1,25.652322283333334,-100.2916093,39.351,0.0,0,25.46,99.0,-1,0.125,,,,,,1520,0.96,0.006794,5.542602
2026-07-13T09:58:50.748030,Raspberry_Relieve1,25.652322283333334,-100.2916093,39.353,0.0,0,25.46,99.0,-1,0.125,,,,,,1521,0.88,0.006204,5.548806
2026-07-13T09:58:51.748151,Raspberry_Relieve1,25.652322283333334,-100.2916093,39.353,0.0,0,25.46,99.0,-1,0.125,,,,,,1522,1.09,0.007695,5.556501
2026-07-13T09:58:52.748258,Raspberry_Relieve1,25.652322283333334,-100.2916093,39.352,0.0,0,25.46,99.0,-1,0.125,,,,,,1523,0.97,0.006875,5.563376
2026-07-13T09:58:53.748369,Raspberry_Relieve1,25.652322283333334,-100.2916093,39.352,0.0,0,25.46,99.0,-1,0.125,,,,,,1524,1.05,0.007402,5.570778
2026-07-13T09:58:54.748482,Raspberry_Relieve1,25.652322283333334,-100.2916093,39.353,0.0,0,25.46,99.0,-1,0.125,,,,,,1525,0.98,0.006915,5.577693
2026-07-13T09:58:55.748595,Raspberry_Relieve1,25.652322283333334,-100.2916093,39.353,0.0,0,25.46,99.0,-1,0.125,,,,,,1526,0.92,0.006495,5.584188
2026-07-13T09:58:56.748715,Raspberry_Relieve1,25.652322283333334,-100.2916093,39.351,0.0,0,25.46,99.0,-1,0.125,,,,,,1527,1.06,0.007517,5.591704
2026-07-13T09:58:57.748844,Raspberry_Relieve1,25.652322283333334,-100.2916093,39.352,0.0,0,25.46,99.0,-1,0.125,,,,,,1528,1.06,0.00746,5.599165
2026-07-13T09:58:58.748966,Raspberry_Relieve1,25.652322283333334,-100.2916093,39.351,0.0,0,25.46,99.0,-1,0.125,,,,,,1529,0.96,0.006782,5.605947
2026-07-13T09:58:59.749086,Raspberry_Relieve1,25.652322283333334,-100.2916093,39.353,0.0,0,25.46,99.0,-1,0.125,,,,,,1530,1.03,0.007287,5.613234
2026-07-13T09:59:00.749234,Raspberry_Relieve1,25.652322283333334,-100.2916093,39.352,0.0,0,25.46,99.0,-1,0.125,,,,,,1531,0.99,0.007017,5.620251
2026-07-13T09:59:01.749326,Raspberry_Relieve1,25.652322283333334,-100.2916093,39.351,0.0,0,25.46,99.0,-1,0.125,,,,,,1532,1.01,0.007111,5.627362
2026-07-13T09:59:02.749489,Raspberry_Relieve1,25.652322283333334,-100.2916093,39.351,0.0,0,25.46,99.0,-1,0.125,,,,,,1533,0.97,0.006842,5.634205
2026-07-13T09:59:03.749606,Raspberry_Relieve1,25.652322283333334,-100.2916093,39.351,0.0,0,25.46,99.0,-1,0.125,,,,,,1534,0.93,0.006553,5.640757
2026-07-13T09:59:04.749749,Raspberry_Relieve1,25.652322283333334,-100.2916093,39.35,0.0,0,25.46,99.0,-1,0.125,,,,,,1535,1.01,0.007112,5.647869
2026-07-13T09:59:05.749891,Raspberry_Relieve1,25.652322283333334,-100.2916093,39.35,0.0,0,25.46,99.0,-1,0.125,,,,,,1536,1.09,0.00774,5.655609
2026-07-13T09:59:06.749980,Raspberry_Relieve1,25.652322283333334,-100.2916093,39.349,0.0,0,25.46,99.0,-1,0.125,,,,,,1537,0.92,0.006492,5.662101
2026-07-13T09:59:07.750094,Raspberry_Relieve1,25.652322283333334,-100.2916093,39.351,0.0,0,25.46,99.0,-1,0.125,,,,,,1538,0.97,0.006877,5.668978
2026-07-13T09:59:08.750234,Raspberry_Relieve1,25.652322283333334,-100.2916093,39.351,0.0,0,25.46,99.0,-1,0.125,,,,,,1539,1.1,0.007746,5.676724
2026-07-13T09:59:09.750363,Raspberry_Relieve1,25.652322283333334,-100.2916093,39.349,0.0,0,25.46,99.0,-1,0.125,,,,,,1540,1.02,0.007219,5.683943
2026-07-13T09:59:10.750469,Raspberry_Relieve1,25.652322283333334,-100.2916093,39.351,0.0,0,25.46,99.0,-1,0.125,,,,,,1541,1.01,0.007176,5.691119
2026-07-13T09:59:11.750595,Raspberry_Relieve1,25.652322283333334,-100.2916093,39.351,0.0,0,25.46,99.0,-1,0.125,,,,,,1542,0.97,0.006865,5.697984
2026-07-13T09:59:12.750716,Raspberry_Relieve1,25.652322283333334,-100.2916093,39.352,0.0,0,25.46,99.0,-1,0.125,,,,,,1543,1.03,0.007265,5.705249
2026-07-13T09:59:13.750826,Raspberry_Relieve1,25.652322283333334,-100.2916093,39.352,0.0,0,25.46,99.0,-1,0.125,,,,,,1544,0.9,0.006378,5.711627
2026-07-13T09:59:14.750943,Raspberry_Relieve1,25.652322283333334,-100.2916093,39.351,0.0,0,25.46,99.0,-1,0.125,,,,,,1545,1.04,0.007381,5.719008
2026-07-13T09:59:15.751052,Raspberry_Relieve1,25.652322283333334,-100.2916093,39.352,0.0,0,25.46,99.0,-1,0.125,,,,,,1546,0.94,0.006642,5.72565
2026-07-13T09:59:16.751179,Raspberry_Relieve1,25.652322283333334,-100.2916093,39.351,0.0,0,25.46,99.0,-1,0.125,,,,,,1547,1.22,0.008637,5.734287
2026-07-13T09:59:17.751285,Raspberry_Relieve1,25.652322283333334,-100.2916093,39.351,0.0,0,25.46,99.0,-1,0.125,,,,,,1548,0.77,0.005454,5.739742
2026-07-13T09:59:18.751414,Raspberry_Relieve1,25.652322283333334,-100.2916093,39.352,0.0,0,25.46,99.0,-1,0.125,,,,,,1549,1.09,0.007727,5.747469
2026-07-13T09:59:19.751547,Raspberry_Relieve1,25.652322283333334,-100.2916093,39.351,0.0,0,25.46,99.0,-1,0.125,,,,,,1550,1.0,0.007041,5.75451
2026-07-13T09:59:20.751672,Raspberry_Relieve1,25.652322283333334,-100.2916093,39.352,0.0,0,25.46,99.0,-1,0.125,,,,,,1551,1.0,0.007061,5.761572
2026-07-13T09:59:21.751802,Raspberry_Relieve1,25.652322283333334,-100.2916093,39.351,0.0,0,25.46,99.0,-1,0.125,,,,,,1552,0.94,0.006639,5.76821
2026-07-13T09:59:22.751973,Raspberry_Relieve1,25.652322283333334,-100.2916093,39.351,0.0,0,25.46,99.0,-1,0.125,,,,,,1553,1.14,0.008035,5.776245
2026-07-13T09:59:23.752056,Raspberry_Relieve1,25.652322283333334,-100.2916093,39.351,0.0,0,25.46,99.0,-1,0.125,,,,,,1554,0.92,0.00654,5.782785
2026-07-13T09:59:24.752183,Raspberry_Relieve1,25.652322283333334,-100.2916093,39.349,0.0,0,25.46,99.0,-1,0.125,,,,,,1555,0.99,0.006977,5.789762
2026-07-13T09:59:25.752320,Raspberry_Relieve1,25.652322283333334,-100.2916093,39.353,0.0,0,25.46,99.0,-1,0.125,,,,,,1556,0.95,0.006745,5.796507
2026-07-13T09:59:26.752429,Raspberry_Relieve1,25.652322283333334,-100.2916093,39.35,0.0,0,25.46,99.0,-1,0.125,,,,,,1557,1.05,0.00744,5.803947
2026-07-13T09:59:27.752572,Raspberry_Relieve1,25.652322283333334,-100.2916093,39.351,0.0,0,25.46,99.0,-1,0.125,,,,,,1558,1.0,0.007103,5.81105
2026-07-13T09:59:28.752683,Raspberry_Relieve1,25.652322283333334,-100.2916093,39.35,0.0,0,25.46,99.0,-1,0.125,,,,,,1559,1.02,0.007189,5.818239
2026-07-13T09:59:29.752813,Raspberry_Relieve1,25.652322283333334,-100.2916093,39.35,0.0,0,25.46,99.0,-1,0.125,,,,,,1560,0.92,0.00648,5.824719
2026-07-13T09:59:30.752941,Raspberry_Relieve1,25.652322283333334,-100.2916093,39.352,0.0,0,25.46,99.0,-1,0.125,,,,,,1561,1.07,0.007534,5.832254
2026-07-13T09:59:31.753061,Raspberry_Relieve1,25.652322283333334,-100.2916093,39.35,0.0,0,25.46,99.0,-1,0.125,,,,,,1562,0.93,0.006563,5.838816
2026-07-13T09:59:32.753180,Raspberry_Relieve1,25.652322283333334,-100.2916093,39.351,0.0,0,25.46,99.0,-1,0.125,,,,,,1563,1.07,0.00754,5.846356
2026-07-13T09:59:33.753320,Raspberry_Relieve1,25.652322283333334,-100.2916093,39.352,0.0,0,25.46,99.0,-1,0.125,,,,,,1564,0.99,0.006973,5.853329
2026-07-13T09:59:34.753443,Raspberry_Relieve1,25.652322283333334,-100.2916093,39.353,0.0,0,25.46,99.0,-1,0.125,,,,,,1565,0.96,0.0068,5.860129
2026-07-13T09:59:35.753585,Raspberry_Relieve1,25.652322283333334,-100.2916093,39.352,0.0,0,25.46,99.0,-1,0.125,,,,,,1566,0.98,0.006952,5.867081
2026-07-13T09:59:36.753716,Raspberry_Relieve1,25.652322283333334,-100.2916093,39.351,0.0,0,25.46,99.0,-1,0.125,,,,,,1567,1.09,0.007713,5.874794
2026-07-13T09:59:37.753846,Raspberry_Relieve1,25.652322283333334,-100.2916093,39.353,0.0,0,25.46,99.0,-1,0.125,,,,,,1568,0.88,0.006232,5.881026
2026-07-13T09:59:38.753978,Raspberry_Relieve1,25.652322283333334,-100.2916093,39.35,0.0,0,25.46,99.0,-1,0.125,,,,,,1569,1.01,0.007172,5.888198
2026-07-13T09:59:39.754099,Raspberry_Relieve1,25.652322283333334,-100.2916093,39.351,0.0,0,25.46,99.0,-1,0.125,,,,,,1570,1.03,0.007301,5.895499
2026-07-13T09:59:40.754219,Raspberry_Relieve1,25.652322283333334,-100.2916093,39.35,0.0,0,25.46,99.0,-1,0.125,,,,,,1571,1.0,0.007086,5.902585
2026-07-13T09:59:41.754364,Raspberry_Relieve1,25.652322283333334,-100.2916093,39.352,0.0,0,25.46,99.0,-1,0.125,,,,,,1572,1.09,0.00771,5.910295
2026-07-13T09:59:42.754503,Raspberry_Relieve1,25.652322283333334,-100.2916093,39.352,0.0,0,25.46,99.0,-1,0.125,,,,,,1573,0.96,0.00681,5.917105
2026-07-13T09:59:43.754640,Raspberry_Relieve1,25.652322283333334,-100.2916093,39.352,0.0,0,25.46,99.0,-1,0.125,,,,,,1574,0.93,0.00656,5.923665
2026-07-13T09:59:44.754781,Raspberry_Relieve1,25.652322283333334,-100.2916093,39.35,0.0,0,25.46,99.0,-1,0.125,,,,,,1575,1.11,0.007836,5.931502
2026-07-13T09:59:45.754921,Raspberry_Relieve1,25.652322283333334,-100.2916093,39.351,0.0,0,25.46,99.0,-1,0.125,,,,,,1576,0.89,0.00628,5.937782
2026-07-13T09:59:46.755050,Raspberry_Relieve1,25.652322283333334,-100.2916093,39.352,0.0,0,25.46,99.0,-1,0.125,,,,,,1577,1.07,0.007592,5.945374
2026-07-13T09:59:47.755194,Raspberry_Relieve1,25.652322283333334,-100.2916093,39.351,0.0,0,25.46,99.0,-1,0.125,,,,,,1578,1.0,0.007102,5.952476
2026-07-13T09:59:48.755314,Raspberry_Relieve1,25.652322283333334,-100.2916093,39.35,0.0,0,25.46,99.0,-1,0.125,,,,,,1579,0.94,0.00664,5.959116
2026-07-13T09:59:49.755449,Raspberry_Relieve1,25.652322283333334,-100.2916093,39.352,0.0,0,25.46,99.0,-1,0.125,,,,,,1580,1.05,0.007423,5.966539
2026-07-13T09:59:50.755589,Raspberry_Relieve1,25.652322283333334,-100.2916093,39.352,0.0,0,25.46,99.0,-1,0.125,,,,,,1581,0.96,0.006785,5.973324
2026-07-13T09:59:51.755716,Raspberry_Relieve1,25.652322283333334,-100.2916093,39.352,0.0,0,25.46,99.0,-1,0.125,,,,,,1582,0.99,0.006976,5.9803
2026-07-13T09:59:52.755860,Raspberry_Relieve1,25.652322283333334,-100.2916093,39.351,0.0,0,25.46,99.0,-1,0.125,,,,,,1583,1.0,0.007036,5.987336
2026-07-13T09:59:53.755982,Raspberry_Relieve1,25.652322283333334,-100.2916093,39.352,0.0,0,25.46,99.0,-1,0.125,,,,,,1584,1.07,0.007573,5.994909
2026-07-13T09:59:54.756138,Raspberry_Relieve1,25.652322283333334,-100.2916093,39.352,0.0,0,25.46,99.0,-1,0.125,,,,,,1585,0.92,0.006517,6.001426
2026-07-13T09:59:55.756251,Raspberry_Relieve1,25.652322283333334,-100.2916093,39.351,0.0,0,25.46,99.0,-1,0.125,,,,,,1586,1.12,0.007895,6.00932
2026-07-13T09:59:56.756368,Raspberry_Relieve1,25.652322283333334,-100.2916093,39.352,0.0,0,25.46,99.0,-1,0.125,,,,,,1587,0.89,0.006261,6.015582
2026-07-13T09:59:57.756492,Raspberry_Relieve1,25.652322283333334,-100.2916093,39.352,0.0,0,25.46,99.0,-1,0.125,,,,,,1588,1.2,0.008514,6.024096
2026-07-13T09:59:58.756602,Raspberry_Relieve1,25.652322283333334,-100.2916093,39.352,0.0,0,25.46,99.0,-1,0.125,,,,,,1589,0.8,0.005692,6.029788
2026-07-13T09:59:59.756719,Raspberry_Relieve1,25.652322283333334,-100.2916093,39.352,0.0,0,25.46,99.0,-1,0.125,,,,,,1590,0.99,0.00703,6.036818
2026-07-13T10:00:00.756796,Raspberry_Relieve1,25.652322283333334,-100.2916093,39.351,0.0,0,25.46,99.0,-1,0.125,,,,,,1591,1.01,0.007132,6.043949
2026-07-13T10:00:01.756883,Raspberry_Relieve1,25.652322283333334,-100.2916093,39.35,0.0,0,25.46,99.0,-1,0.125,,,,,,1592,1.09,0.007679,6.051629
2026-07-13T10:00:02.756974,Raspberry_Relieve1,25.652322283333334,-100.2916093,39.349,0.0,0,25.46,99.0,-1,0.125,,,,,,1593,0.91,0.006445,6.058074
2026-07-13T10:00:03.757062,Raspberry_Relieve1,25.652322283333334,-100.2916093,39.35,0.0,0,25.46,99.0,-1,0.125,,,,,,1594,0.99,0.006979,6.065052
2026-07-13T10:00:04.757151,Raspberry_Relieve1,25.652322283333334,-100.2916093,39.351,0.0,0,25.46,99.0,-1,0.125,,,,,,1595,1.13,0.008017,6.073069
2026-07-13T10:00:05.757282,Raspberry_Relieve1,25.652322283333334,-100.2916093,39.351,0.0,0,25.46,99.0,-1,0.125,,,,,,1596,0.89,0.006262,6.079332
2026-07-13T10:00:06.757398,Raspberry_Relieve1,25.652322283333334,-100.2916093,39.35,0.0,0,25.46,99.0,-1,0.125,,,,,,1597,0.97,0.006849,6.086181
2026-07-13T10:00:07.757522,Raspberry_Relieve1,25.652322283333334,-100.2916093,39.351,0.0,0,25.46,99.0,-1,0.125,,,,,,1598,1.11,0.007849,6.094029
2026-07-13T10:00:08.757624,Raspberry_Relieve1,25.652322283333334,-100.2916093,39.351,0.0,0,25.46,99.0,-1,0.125,,,,,,1599,1.0,0.007057,6.101086
2026-07-13T10:00:09.757753,Raspberry_Relieve1,25.652322283333334,-100.2916093,39.35,0.0,0,25.46,99.0,-1,0.125,,,,,,1600,0.97,0.006891,6.107976
2026-07-13T10:00:10.757871,Raspberry_Relieve1,25.652322283333334,-100.2916093,39.351,0.0,0,25.46,99.0,-1,0.125,,,,,,1601,0.95,0.006743,6.114719
2026-07-13T10:00:11.757992,Raspberry_Relieve1,25.652322283333334,-100.2916093,39.349,0.0,0,25.46,99.0,-1,0.125,,,,,,1602,1.1,0.007789,6.122508
2026-07-13T10:00:12.758108,Raspberry_Relieve1,25.652322283333334,-100.2916093,39.35,0.0,0,25.46,99.0,-1,0.125,,,,,,1603,0.88,0.006212,6.128721
2026-07-13T10:00:13.758237,Raspberry_Relieve1,25.652322283333334,-100.2916093,39.35,0.0,0,25.46,99.0,-1,0.125,,,,,,1604,1.01,0.00716,6.135881
2026-07-13T10:00:14.758354,Raspberry_Relieve1,25.652322283333334,-100.2916093,39.352,0.0,0,25.46,99.0,-1,0.125,,,,,,1605,1.19,0.008411,6.144292
2026-07-13T10:00:15.758467,Raspberry_Relieve1,25.652322283333334,-100.2916093,39.351,0.0,0,25.46,99.0,-1,0.125,,,,,,1606,0.93,0.006597,6.150889
2026-07-13T10:00:16.758598,Raspberry_Relieve1,25.652322283333334,-100.2916093,39.348,0.0,0,25.46,99.0,-1,0.125,,,,,,1607,1.01,0.007143,6.158032
2026-07-13T10:00:17.758716,Raspberry_Relieve1,25.652322283333334,-100.2916093,39.349,0.0,0,25.46,99.0,-1,0.125,,,,,,1608,0.98,0.006951,6.164983
2026-07-13T10:00:18.758830,Raspberry_Relieve1,25.652322283333334,-100.2916093,39.348,0.0,0,25.46,99.0,-1,0.125,,,,,,1609,0.99,0.007004,6.171987
2026-07-13T10:00:19.758948,Raspberry_Relieve1,25.652322283333334,-100.2916093,39.348,0.0,0,25.46,99.0,-1,0.125,,,,,,1610,0.98,0.006909,6.178896
2026-07-13T10:00:20.759065,Raspberry_Relieve1,25.652322283333334,-100.2916093,39.349,0.0,0,25.46,99.0,-1,0.125,,,,,,1611,1.06,0.007492,6.186388
2026-07-13T10:00:21.759172,Raspberry_Relieve1,25.652322283333334,-100.2916093,39.348,0.0,0,25.46,99.0,-1,0.125,,,,,,1612,0.97,0.006855,6.193243
2026-07-13T10:00:22.759279,Raspberry_Relieve1,25.652322283333334,-100.2916093,39.349,0.0,0,25.46,99.0,-1,0.125,,,,,,1613,0.89,0.00628,6.199523
2026-07-13T10:00:23.759397,Raspberry_Relieve1,25.652322283333334,-100.2916093,39.349,0.0,0,25.46,99.0,-1,0.125,,,,,,1614,1.12,0.007944,6.207467
2026-07-13T10:00:24.759519,Raspberry_Relieve1,25.652322283333334,-100.2916093,39.35,0.0,0,25.46,99.0,-1,0.125,,,,,,1615,0.91,0.006445,6.213913
2026-07-13T10:00:25.759638,Raspberry_Relieve1,25.652322283333334,-100.2916093,39.349,0.0,0,25.46,99.0,-1,0.125,,,,,,1616,1.07,0.007582,6.221494
2026-07-13T10:00:26.759742,Raspberry_Relieve1,25.652322283333334,-100.2916093,39.35,0.0,0,25.46,99.0,-1,0.125,,,,,,1617,0.93,0.006611,6.228105
2026-07-13T10:00:27.759856,Raspberry_Relieve1,25.652322283333334,-100.2916093,39.349,0.0,0,25.46,99.0,-1,0.125,,,,,,1618,0.94,0.006635,6.234741
2026-07-13T10:00:28.759982,Raspberry_Relieve1,25.652322283333334,-100.2916093,39.346,0.0,0,25.46,99.0,-1,0.125,,,,,,1619,1.69,0.011946,6.246686
2026-07-13T10:00:29.965182,Raspberry_Relieve1,25.652322283333334,-100.2916093,39.35,0.0,0,25.46,99.0,-1,0.125,,,,,,1620,0.62,0.004362,6.251049
2026-07-13T10:00:30.965321,Raspberry_Relieve1,25.652322283333334,-100.2916093,39.352,0.0,0,25.46,99.0,-1,0.125,,,,,,1621,0.91,0.00647,6.257518
2026-07-13T10:00:31.965447,Raspberry_Relieve1,25.652322283333334,-100.2916093,39.349,0.0,0,25.46,99.0,-1,0.125,,,,,,1622,1.04,0.007376,6.264894
2026-07-13T10:00:32.965602,Raspberry_Relieve1,25.652322283333334,-100.2916093,39.348,0.0,0,25.46,99.0,-1,0.125,,,,,,1623,0.93,0.006604,6.271498
2026-07-13T10:00:33.965734,Raspberry_Relieve1,25.652322283333334,-100.2916093,39.348,0.0,0,25.46,99.0,-1,0.125,,,,,,1624,1.05,0.007396,6.278894
2026-07-13T10:00:34.965853,Raspberry_Relieve1,25.652322283333334,-100.2916093,39.349,0.0,0,25.46,99.0,-1,0.125,,,,,,1625,1.09,0.007699,6.286593
2026-07-13T10:00:35.966006,Raspberry_Relieve1,25.652322283333334,-100.2916093,39.349,0.0,0,25.46,99.0,-1,0.125,,,,,,1626,0.94,0.006682,6.293275
2026-07-13T10:00:36.966146,Raspberry_Relieve1,25.652322283333334,-100.2916093,39.347,0.0,0,25.46,99.0,-1,0.125,,,,,,1627,0.93,0.006579,6.299854
2026-07-13T10:00:37.966272,Raspberry_Relieve1,25.652322283333334,-100.2916093,39.347,0.0,0,25.46,99.0,-1,0.125,,,,,,1628,1.1,0.007789,6.307644
2026-07-13T10:00:38.966388,Raspberry_Relieve1,25.652322283333334,-100.2916093,39.346,0.0,0,25.46,99.0,-1,0.125,,,,,,1629,0.97,0.006832,6.314476
2026-07-13T10:00:39.966524,Raspberry_Relieve1,25.652322283333334,-100.2916093,39.346,0.0,0,25.46,99.0,-1,0.125,,,,,,1630,1.09,0.007696,6.322171
2026-07-13T10:00:40.966643,Raspberry_Relieve1,25.652322283333334,-100.2916093,39.348,0.0,0,25.46,99.0,-1,0.125,,,,,,1631,0.84,0.005926,6.328098
2026-07-13T10:00:41.966785,Raspberry_Relieve1,25.652322283333334,-100.2916093,39.347,0.0,0,25.46,99.0,-1,0.125,,,,,,1632,1.1,0.007778,6.335875
2026-07-13T10:00:42.966905,Raspberry_Relieve1,25.652322283333334,-100.2916093,39.348,0.0,0,25.46,99.0,-1,0.125,,,,,,1633,1.03,0.007274,6.343149
2026-07-13T10:00:43.967028,Raspberry_Relieve1,25.652322283333334,-100.2916093,39.348,0.0,0,25.46,99.0,-1,0.125,,,,,,1634,0.9,0.006377,6.349527
2026-07-13T10:00:44.967145,Raspberry_Relieve1,25.652322283333334,-100.2916093,39.349,0.0,0,25.46,99.0,-1,0.125,,,,,,1635,1.04,0.007375,6.356902
2026-07-13T10:00:45.967269,Raspberry_Relieve1,25.652322283333334,-100.2916093,39.348,0.0,0,25.46,99.0,-1,0.125,,,,,,1636,1.03,0.007279,6.364181
2026-07-13T10:00:46.967375,Raspberry_Relieve1,25.652322283333334,-100.2916093,39.347,0.0,0,25.46,99.0,-1,0.125,,,,,,1637,1.0,0.007056,6.371237
2026-07-13T10:00:47.967493,Raspberry_Relieve1,25.652322283333334,-100.2916093,39.347,0.0,0,25.46,99.0,-1,0.125,,,,,,1638,1.0,0.007044,6.37828
2026-07-13T10:00:48.967640,Raspberry_Relieve1,25.652322283333334,-100.2916093,39.346,0.0,0,25.46,99.0,-1,0.125,,,,,,1639,0.92,0.006507,6.384788
2026-07-13T10:00:49.967756,Raspberry_Relieve1,25.652322283333334,-100.2916093,39.346,0.0,0,25.46,99.0,-1,0.125,,,,,,1640,1.08,0.007659,6.392446
2026-07-13T10:00:50.967918,Raspberry_Relieve1,25.652322283333334,-100.2916093,39.347,0.0,0,25.46,99.0,-1,0.125,,,,,,1641,1.02,0.007235,6.399681
2026-07-13T10:00:51.968003,Raspberry_Relieve1,25.652322283333334,-100.2916093,39.347,0.0,0,25.46,99.0,-1,0.125,,,,,,1642,0.98,0.006933,6.406614
2026-07-13T10:00:52.968111,Raspberry_Relieve1,25.652322283333334,-100.2916093,39.346,0.0,0,25.46,99.0,-1,0.125,,,,,,1643,0.92,0.006499,6.413114
2026-07-13T10:00:53.968304,Raspberry_Relieve1,25.652322283333334,-100.2916093,39.346,0.0,0,25.46,99.0,-1,0.125,,,,,,1644,1.09,0.007689,6.420803
2026-07-13T10:00:54.968413,Raspberry_Relieve1,25.652322283333334,-100.2916093,39.345,0.0,0,25.46,99.0,-1,0.125,,,,,,1645,0.9,0.006399,6.427202
2026-07-13T10:00:55.968535,Raspberry_Relieve1,25.652322283333334,-100.2916093,39.346,0.0,0,25.46,99.0,-1,0.125,,,,,,1646,1.18,0.008333,6.435536
2026-07-13T10:00:56.968641,Raspberry_Relieve1,25.652322283333334,-100.2916093,39.346,0.0,0,25.46,99.0,-1,0.125,,,,,,1647,0.8,0.005684,6.44122
2026-07-13T10:00:57.968749,Raspberry_Relieve1,25.652322283333334,-100.2916093,39.347,0.0,0,25.46,99.0,-1,0.125,,,,,,1648,1.06,0.007482,6.448702
2026-07-13T10:00:58.968899,Raspberry_Relieve1,25.652322283333334,-100.2916093,39.348,0.0,0,25.46,99.0,-1,0.125,,,,,,1649,1.08,0.007618,6.45632
2026-07-13T10:00:59.969041,Raspberry_Relieve1,25.652322283333334,-100.2916093,39.349,0.0,0,25.46,99.0,-1,0.125,,,,,,1650,0.89,0.006292,6.462612
2026-07-13T10:01:00.969100,Raspberry_Relieve1,25.652322283333334,-100.2916093,39.346,0.0,0,25.46,99.0,-1,0.125,,,,,,1651,1.1,0.007746,6.470358
2026-07-13T10:01:01.969193,Raspberry_Relieve1,25.652322283333334,-100.2916093,39.347,0.0,0,25.46,99.0,-1,0.125,,,,,,1652,1.04,0.007336,6.477694
2026-07-13T10:01:02.969282,Raspberry_Relieve1,25.652322283333334,-100.2916093,39.346,0.0,0,25.46,99.0,-1,0.125,,,,,,1653,0.97,0.006867,6.484561
2026-07-13T10:01:03.969370,Raspberry_Relieve1,25.652322283333334,-100.2916093,39.345,0.0,0,25.46,99.0,-1,0.125,,,,,,1654,0.93,0.006563,6.491124
2026-07-13T10:01:04.969455,Raspberry_Relieve1,25.652322283333334,-100.2916093,39.345,0.0,0,25.46,99.0,-1,0.125,,,,,,1655,1.04,0.00735,6.498475
2026-07-13T10:01:05.969612,Raspberry_Relieve1,25.652322283333334,-100.2916093,39.346,0.0,0,25.46,99.0,-1,0.125,,,,,,1656,0.96,0.006768,6.505243
2026-07-13T10:01:06.969731,Raspberry_Relieve1,25.652322283333334,-100.2916093,39.344,0.0,0,25.46,99.0,-1,0.125,,,,,,1657,1.11,0.007853,6.513095
2026-07-13T10:01:07.969859,Raspberry_Relieve1,25.652322283333334,-100.2916093,39.347,0.0,0,25.46,99.0,-1,0.125,,,,,,1658,0.89,0.006294,6.51939
2026-07-13T10:01:08.969965,Raspberry_Relieve1,25.652322283333334,-100.2916093,39.347,0.0,0,25.46,99.0,-1,0.125,,,,,,1659,1.05,0.007425,6.526815
2026-07-13T10:01:09.970098,Raspberry_Relieve1,25.652322283333334,-100.2916093,39.346,0.0,0,25.46,99.0,-1,0.125,,,,,,1660,1.0,0.007073,6.533888
2026-07-13T10:01:10.970214,Raspberry_Relieve1,25.652322283333334,-100.2916093,39.347,0.0,0,25.46,99.0,-1,0.125,,,,,,1661,0.94,0.006681,6.540569
2026-07-13T10:01:11.970360,Raspberry_Relieve1,25.652322283333334,-100.2916093,39.345,0.0,0,25.46,99.0,-1,0.125,,,,,,1662,0.97,0.006855,6.547424
2026-07-13T10:01:12.970460,Raspberry_Relieve1,25.652322283333334,-100.2916093,39.346,0.0,0,25.46,99.0,-1,0.125,,,,,,1663,1.07,0.007557,6.554981
2026-07-13T10:01:13.970606,Raspberry_Relieve1,25.652322283333334,-100.2916093,39.346,0.0,0,25.46,99.0,-1,0.125,,,,,,1664,1.01,0.00717,6.56215
2026-07-13T10:01:14.970714,Raspberry_Relieve1,25.652322283333334,-100.2916093,39.346,0.0,0,25.46,99.0,-1,0.125,,,,,,1665,0.93,0.006544,6.568694
2026-07-13T10:01:15.970841,Raspberry_Relieve1,25.652322283333334,-100.2916093,39.345,0.0,0,25.46,99.0,-1,0.125,,,,,,1666,1.04,0.007366,6.57606
2026-07-13T10:01:16.970942,Raspberry_Relieve1,25.652322283333334,-100.2916093,39.346,0.0,0,25.46,99.0,-1,0.125,,,,,,1667,1.0,0.007084,6.583144
2026-07-13T10:01:17.971136,Raspberry_Relieve1,25.652322283333334,-100.2916093,39.345,0.0,0,25.46,99.0,-1,0.125,,,,,,1668,1.06,0.007472,6.590616
2026-07-13T10:01:18.971250,Raspberry_Relieve1,25.652322283333334,-100.2916093,39.345,0.0,0,25.46,99.0,-1,0.125,,,,,,1669,0.95,0.006713,6.597329
2026-07-13T10:01:19.971440,Raspberry_Relieve1,25.652322283333334,-100.2916093,39.345,0.0,0,25.46,99.0,-1,0.125,,,,,,1670,0.94,0.006615,6.603944
2026-07-13T10:01:20.971585,Raspberry_Relieve1,25.652322283333334,-100.2916093,39.346,0.0,0,25.46,99.0,-1,0.125,,,,,,1671,1.08,0.00766,6.611604
2026-07-13T10:01:21.971733,Raspberry_Relieve1,25.652322283333334,-100.2916093,39.346,0.0,0,25.46,99.0,-1,0.125,,,,,,1672,1.01,0.00713,6.618734
2026-07-13T10:01:22.971836,Raspberry_Relieve1,25.652322283333334,-100.2916093,39.346,0.0,0,25.46,99.0,-1,0.125,,,,,,1673,1.0,0.007043,6.625777
2026-07-13T10:01:23.972016,Raspberry_Relieve1,25.652322283333334,-100.2916093,39.345,0.0,0,25.46,99.0,-1,0.125,,,,,,1674,1.01,0.007116,6.632893
2026-07-13T10:01:24.972115,Raspberry_Relieve1,25.652322283333334,-100.2916093,39.346,0.0,0,25.46,99.0,-1,0.125,,,,,,1675,0.9,0.00634,6.639233
2026-07-13T10:01:25.972303,Raspberry_Relieve1,25.652322283333334,-100.2916093,39.346,0.0,0,25.46,99.0,-1,0.125,,,,,,1676,1.11,0.007821,6.647053
2026-07-13T10:01:26.972407,Raspberry_Relieve1,25.652322283333334,-100.2916093,39.345,0.0,0,25.46,99.0,-1,0.125,,,,,,1677,1.0,0.007082,6.654135
2026-07-13T10:01:27.972545,Raspberry_Relieve1,25.652322283333334,-100.2916093,39.345,0.0,0,25.46,99.0,-1,0.125,,,,,,1678,0.89,0.006309,6.660444
2026-07-13T10:01:28.972640,Raspberry_Relieve1,25.652322283333334,-100.2916093,39.344,0.0,0,25.46,99.0,-1,0.125,,,,,,1679,1.06,0.007482,6.667926
2026-07-13T10:01:29.972801,Raspberry_Relieve1,25.652322283333334,-100.2916093,39.346,0.0,0,25.46,99.0,-1,0.125,,,,,,1680,1.04,0.007342,6.675267
2026-07-13T10:01:30.972895,Raspberry_Relieve1,25.652322283333334,-100.2916093,39.346,0.0,0,25.46,99.0,-1,0.125,,,,,,1681,1.03,0.007293,6.68256
2026-07-13T10:01:31.973045,Raspberry_Relieve1,25.652322283333334,-100.2916093,39.344,0.0,0,25.46,99.0,-1,0.125,,,,,,1682,0.9,0.006359,6.68892
2026-07-13T10:01:32.973149,Raspberry_Relieve1,25.652322283333334,-100.2916093,39.344,0.0,0,25.46,99.0,-1,0.125,,,,,,1683,1.09,0.007699,6.696619
2026-07-13T10:01:33.973287,Raspberry_Relieve1,25.652322283333334,-100.2916093,39.345,0.0,0,25.46,99.0,-1,0.125,,,,,,1684,0.93,0.006545,6.703163
2026-07-13T10:01:34.973397,Raspberry_Relieve1,25.652322283333334,-100.2916093,39.346,0.0,0,25.46,99.0,-1,0.125,,,,,,1685,1.03,0.007292,6.710455
2026-07-13T10:01:35.973549,Raspberry_Relieve1,25.652322283333334,-100.2916093,39.345,0.0,0,25.46,99.0,-1,0.125,,,,,,1686,0.94,0.006679,6.717135
2026-07-13T10:01:36.973638,Raspberry_Relieve1,25.652322283333334,-100.2916093,39.344,0.0,0,25.46,99.0,-1,0.125,,,,,,1687,1.07,0.007575,6.72471
2026-07-13T10:01:37.973774,Raspberry_Relieve1,25.652322283333334,-100.2916093,39.345,0.0,0,25.46,99.0,-1,0.125,,,,,,1688,1.04,0.007362,6.732072
2026-07-13T10:01:38.973876,Raspberry_Relieve1,25.652322283333334,-100.2916093,39.345,0.0,0,25.46,99.0,-1,0.125,,,,,,1689,0.95,0.006746,6.738819
2026-07-13T10:01:39.974015,Raspberry_Relieve1,25.652322283333334,-100.2916093,39.345,0.0,0,25.46,99.0,-1,0.125,,,,,,1690,0.94,0.006674,6.745493
2026-07-13T10:01:40.974115,Raspberry_Relieve1,25.652322283333334,-100.2916093,39.344,0.0,0,25.46,99.0,-1,0.125,,,,,,1691,1.08,0.007651,6.753144
2026-07-13T10:01:41.974254,Raspberry_Relieve1,25.652322283333334,-100.2916093,39.344,0.0,0,25.46,99.0,-1,0.125,,,,,,1692,1.07,0.00758,6.760724
2026-07-13T10:01:42.974360,Raspberry_Relieve1,25.652322283333334,-100.2916093,39.344,0.0,0,25.46,99.0,-1,0.125,,,,,,1693,0.83,0.005904,6.766628
2026-07-13T10:01:43.974542,Raspberry_Relieve1,25.652322283333334,-100.2916093,39.345,0.0,0,25.46,99.0,-1,0.125,,,,,,1694,1.08,0.00767,6.774298
2026-07-13T10:01:44.974676,Raspberry_Relieve1,25.652322283333334,-100.2916093,39.345,0.0,0,25.46,99.0,-1,0.125,,,,,,1695,0.91,0.006408,6.780706
2026-07-13T10:01:45.974812,Raspberry_Relieve1,25.652322283333334,-100.2916093,39.344,0.0,0,25.46,99.0,-1,0.125,,,,,,1696,1.02,0.007197,6.787903
2026-07-13T10:01:46.974938,Raspberry_Relieve1,25.652322283333334,-100.2916093,39.346,0.0,0,25.46,99.0,-1,0.125,,,,,,1697,0.99,0.007029,6.794932
2026-07-13T10:01:47.975123,Raspberry_Relieve1,25.652322283333334,-100.2916093,39.345,0.0,0,25.46,99.0,-1,0.125,,,,,,1698,1.02,0.007196,6.802128
2026-07-13T10:01:48.975217,Raspberry_Relieve1,25.652322283333334,-100.2916093,39.346,0.0,0,25.46,99.0,-1,0.125,,,,,,1699,1.08,0.007657,6.809785
2026-07-13T10:01:49.975392,Raspberry_Relieve1,25.652322283333334,-100.2916093,39.344,0.0,0,25.46,99.0,-1,0.125,,,,,,1700,0.97,0.006845,6.816629
2026-07-13T10:01:50.975482,Raspberry_Relieve1,25.652322283333334,-100.2916093,39.345,0.0,0,25.46,99.0,-1,0.125,,,,,,1701,1.03,0.007273,6.823902
2026-07-13T10:01:51.975632,Raspberry_Relieve1,25.652322283333334,-100.2916093,39.344,0.0,0,25.46,99.0,-1,0.125,,,,,,1702,0.95,0.006688,6.83059
2026-07-13T10:01:52.975732,Raspberry_Relieve1,25.652322283333334,-100.2916093,39.343,0.0,0,25.46,99.0,-1,0.125,,,,,,1703,1.07,0.007567,6.838157
2026-07-13T10:01:53.975922,Raspberry_Relieve1,25.652322283333334,-100.2916093,39.344,0.0,0,25.46,99.0,-1,0.125,,,,,,1704,0.97,0.006874,6.845031
2026-07-13T10:01:54.975994,Raspberry_Relieve1,25.652322283333334,-100.2916093,39.345,0.0,0,25.46,99.0,-1,0.125,,,,,,1705,0.98,0.006936,6.851967
2026-07-13T10:01:55.976115,Raspberry_Relieve1,25.652322283333334,-100.2916093,39.344,0.0,0,25.46,99.0,-1,0.125,,,,,,1706,0.97,0.006832,6.858799
2026-07-13T10:01:56.976302,Raspberry_Relieve1,25.652322283333334,-100.2916093,39.345,0.0,0,25.46,99.0,-1,0.125,,,,,,1707,1.07,0.007602,6.866401
2026-07-13T10:01:57.976480,Raspberry_Relieve1,25.652322283333334,-100.2916093,39.344,0.0,0,25.46,99.0,-1,0.125,,,,,,1708,0.98,0.006951,6.873352
2026-07-13T10:01:58.976619,Raspberry_Relieve1,25.652322283333334,-100.2916093,39.344,0.0,0,25.46,99.0,-1,0.125,,,,,,1709,1.05,0.007458,6.88081
2026-07-13T10:01:59.976769,Raspberry_Relieve1,25.652322283333334,-100.2916093,39.345,0.0,0,25.46,99.0,-1,0.125,,,,,,1710,0.91,0.006463,6.887273
2026-07-13T10:02:00.976856,Raspberry_Relieve1,25.652322283333334,-100.2916093,39.345,0.0,0,25.46,99.0,-1,0.125,,,,,,1711,0.92,0.006495,6.893768
2026-07-13T10:02:01.976951,Raspberry_Relieve1,25.652322283333334,-100.2916093,39.345,0.0,0,25.46,99.0,-1,0.125,,,,,,1712,1.01,0.007163,6.900931
2026-07-13T10:02:02.977054,Raspberry_Relieve1,25.652322283333334,-100.2916093,39.344,0.0,0,25.46,99.0,-1,0.125,,,,,,1713,1.03,0.007268,6.908199
2026-07-13T10:02:03.977141,Raspberry_Relieve1,25.652322283333334,-100.2916093,39.343,0.0,0,25.46,99.0,-1,0.125,,,,,,1714,1.1,0.007771,6.91597
2026-07-13T10:02:04.977235,Raspberry_Relieve1,25.652322283333334,-100.2916093,39.344,0.0,0,25.46,99.0,-1,0.125,,,,,,1715,0.85,0.005989,6.921959
2026-07-13T10:02:05.977388,Raspberry_Relieve1,25.652322283333334,-100.2916093,39.343,0.0,0,25.46,99.0,-1,0.125,,,,,,1716,1.13,0.008009,6.929968
2026-07-13T10:02:06.977513,Raspberry_Relieve1,25.652322283333334,-100.2916093,39.344,0.0,0,25.46,99.0,-1,0.125,,,,,,1717,0.94,0.006682,6.93665
2026-07-13T10:02:07.977646,Raspberry_Relieve1,25.652322283333334,-100.2916093,39.344,0.0,0,25.46,99.0,-1,0.125,,,,,,1718,1.02,0.00723,6.943881
2026-07-13T10:02:08.977766,Raspberry_Relieve1,25.652322283333334,-100.2916093,39.344,0.0,0,25.46,99.0,-1,0.125,,,,,,1719,0.92,0.006536,6.950417
2026-07-13T10:02:09.977889,Raspberry_Relieve1,25.652322283333334,-100.2916093,39.343,0.0,0,25.46,99.0,-1,0.125,,,,,,1720,1.12,0.007886,6.958303
2026-07-13T10:02:10.978053,Raspberry_Relieve1,25.652322283333334,-100.2916093,39.344,0.0,0,25.46,99.0,-1,0.125,,,,,,1721,1.01,0.007147,6.96545
2026-07-13T10:02:11.978187,Raspberry_Relieve1,25.652322283333334,-100.2916093,39.344,0.0,0,25.46,99.0,-1,0.125,,,,,,1722,0.9,0.006371,6.971821
2026-07-13T10:02:12.978303,Raspberry_Relieve1,25.652322283333334,-100.2916093,39.343,0.0,0,25.46,99.0,-1,0.125,,,,,,1723,1.02,0.007221,6.979042
2026-07-13T10:02:13.978423,Raspberry_Relieve1,25.652322283333334,-100.2916093,39.344,0.0,0,25.46,99.0,-1,0.125,,,,,,1724,1.11,0.007863,6.986906
2026-07-13T10:02:14.978563,Raspberry_Relieve1,25.652322283333334,-100.2916093,39.344,0.0,0,25.46,99.0,-1,0.125,,,,,,1725,0.88,0.006212,6.993117
2026-07-13T10:02:15.978673,Raspberry_Relieve1,25.652322283333334,-100.2916093,39.344,0.0,0,25.46,99.0,-1,0.125,,,,,,1726,1.09,0.007707,7.000824
2026-07-13T10:02:16.978800,Raspberry_Relieve1,25.652322283333334,-100.2916093,39.344,0.0,0,25.46,99.0,-1,0.125,,,,,,1727,0.93,0.00657,7.007394
2026-07-13T10:02:17.978954,Raspberry_Relieve1,25.652322283333334,-100.2916093,39.343,0.0,0,25.46,99.0,-1,0.125,,,,,,1728,1.02,0.007226,7.01462
2026-07-13T10:02:18.979575,Raspberry_Relieve1,25.652322283333334,-100.2916093,39.344,0.0,0,25.46,99.0,-1,0.125,,,,,,1729,1.04,0.007323,7.021943
2026-07-13T10:02:19.979699,Raspberry_Relieve1,25.652322283333334,-100.2916093,39.344,0.0,0,25.46,99.0,-1,0.125,,,,,,1730,0.93,0.006582,7.028525
2026-07-13T10:02:20.979825,Raspberry_Relieve1,25.652322283333334,-100.2916093,39.343,0.0,0,25.46,99.0,-1,0.125,,,,,,1731,1.02,0.007218,7.035744
2026-07-13T10:02:21.979952,Raspberry_Relieve1,25.652322283333334,-100.2916093,39.344,0.0,0,25.46,99.0,-1,0.125,,,,,,1732,0.97,0.006834,7.042578
2026-07-13T10:02:22.980070,Raspberry_Relieve1,25.652322283333334,-100.2916093,39.342,0.0,0,25.46,99.0,-1,0.125,,,,,,1733,1.06,0.007494,7.050072
2026-07-13T10:02:23.980182,Raspberry_Relieve1,25.652322283333334,-100.2916093,39.342,0.0,0,25.46,99.0,-1,0.125,,,,,,1734,0.98,0.006936,7.057008
2026-07-13T10:02:24.980303,Raspberry_Relieve1,25.652322283333334,-100.2916093,39.343,0.0,0,25.46,99.0,-1,0.125,,,,,,1735,1.05,0.007401,7.064409
2026-07-13T10:02:25.980423,Raspberry_Relieve1,25.652322283333334,-100.2916093,39.343,0.0,0,25.46,99.0,-1,0.125,,,,,,1736,0.98,0.006936,7.071345
2026-07-13T10:02:26.980542,Raspberry_Relieve1,25.652322283333334,-100.2916093,39.342,0.0,0,25.46,99.0,-1,0.125,,,,,,1737,0.93,0.006594,7.077938
2026-07-13T10:02:27.980659,Raspberry_Relieve1,25.652322283333334,-100.2916093,39.344,0.0,0,25.46,99.0,-1,0.125,,,,,,1738,1.01,0.007118,7.085056
2026-07-13T10:02:28.980764,Raspberry_Relieve1,25.652322283333334,-100.2916093,39.342,0.0,0,25.46,99.0,-1,0.125,,,,,,1739,0.98,0.006947,7.092003
2026-07-13T10:02:29.980895,Raspberry_Relieve1,25.652322283333334,-100.2916093,39.343,0.0,0,25.46,99.0,-1,0.125,,,,,,1740,1.02,0.007183,7.099186
2026-07-13T10:02:30.981007,Raspberry_Relieve1,25.652322283333334,-100.2916093,39.342,0.0,0,25.46,99.0,-1,0.125,,,,,,1741,1.05,0.007439,7.106625
2026-07-13T10:02:31.981123,Raspberry_Relieve1,25.652322283333334,-100.2916093,39.341,0.0,0,25.46,99.0,-1,0.125,,,,,,1742,0.97,0.006859,7.113484
2026-07-13T10:02:32.981247,Raspberry_Relieve1,25.652322283333334,-100.2916093,39.342,0.0,0,25.46,99.0,-1,0.125,,,,,,1743,1.01,0.007138,7.120622
2026-07-13T10:02:33.981369,Raspberry_Relieve1,25.652322283333334,-100.2916093,39.343,0.0,0,25.46,99.0,-1,0.125,,,,,,1744,1.03,0.007253,7.127875
2026-07-13T10:02:34.981496,Raspberry_Relieve1,25.652322283333334,-100.2916093,39.343,0.0,0,25.46,99.0,-1,0.125,,,,,,1745,1.14,0.008053,7.135928
2026-07-13T10:02:35.981602,Raspberry_Relieve1,25.652322283333334,-100.2916093,39.341,0.0,0,25.46,99.0,-1,0.125,,,,,,1746,0.76,0.005383,7.141311
2026-07-13T10:02:36.981722,Raspberry_Relieve1,25.652322283333334,-100.2916093,39.343,0.0,0,25.46,99.0,-1,0.125,,,,,,1747,1.09,0.007723,7.149034
2026-07-13T10:02:37.981840,Raspberry_Relieve1,25.652322283333334,-100.2916093,39.341,0.0,0,25.46,99.0,-1,0.125,,,,,,1748,1.0,0.007089,7.156123
2026-07-13T10:02:38.981955,Raspberry_Relieve1,25.652322283333334,-100.2916093,39.341,0.0,0,25.46,99.0,-1,0.125,,,,,,1749,0.95,0.006706,7.162829
2026-07-13T10:02:39.982065,Raspberry_Relieve1,25.652322283333334,-100.2916093,39.342,0.0,0,25.46,99.0,-1,0.125,,,,,,1750,1.1,0.007774,7.170603
2026-07-13T10:02:40.982263,Raspberry_Relieve1,25.652322283333334,-100.2916093,39.341,0.0,0,25.46,99.0,-1,0.125,,,,,,1751,0.86,0.006081,7.176684
2026-07-13T10:02:41.982388,Raspberry_Relieve1,25.652322283333334,-100.2916093,39.342,0.0,0,25.46,99.0,-1,0.125,,,,,,1752,1.02,0.007226,7.18391
2026-07-13T10:02:42.982523,Raspberry_Relieve1,25.652322283333334,-100.2916093,39.342,0.0,0,25.46,99.0,-1,0.125,,,,,,1753,1.6,0.011336,7.195247
2026-07-13T10:02:43.982637,Raspberry_Relieve1,25.652322283333334,-100.2916093,39.342,0.0,0,25.46,99.0,-1,0.125,,,,,,1754,0.38,0.002671,7.197917
2026-07-13T10:02:44.982815,Raspberry_Relieve1,25.652322283333334,-100.2916093,39.343,0.0,0,25.46,99.0,-1,0.125,,,,,,1755,1.1,0.00778,7.205697
2026-07-13T10:02:45.982929,Raspberry_Relieve1,25.652322283333334,-100.2916093,39.342,0.0,0,25.46,99.0,-1,0.125,,,,,,1756,0.93,0.006556,7.212253
2026-07-13T10:02:46.983065,Raspberry_Relieve1,25.652322283333334,-100.2916093,39.341,0.0,0,25.46,99.0,-1,0.125,,,,,,1757,1.01,0.007157,7.21941
2026-07-13T10:02:47.983196,Raspberry_Relieve1,25.652322283333334,-100.2916093,39.342,0.0,0,25.46,99.0,-1,0.125,,,,,,1758,1.09,0.007711,7.227121
2026-07-13T10:02:48.983364,Raspberry_Relieve1,25.652322283333334,-100.2916093,39.342,0.0,0,25.46,99.0,-1,0.125,,,,,,1759,0.95,0.006738,7.233859
2026-07-13T10:02:49.983492,Raspberry_Relieve1,25.652322283333334,-100.2916093,39.341,0.0,0,25.46,99.0,-1,0.125,,,,,,1760,0.93,0.006584,7.240443
2026-07-13T10:02:50.984093,Raspberry_Relieve1,25.652322283333334,-100.2916093,39.342,0.0,0,25.46,99.0,-1,0.125,,,,,,1761,1.01,0.007169,7.247612
2026-07-13T10:02:51.984200,Raspberry_Relieve1,25.652322283333334,-100.2916093,39.341,0.0,0,25.46,99.0,-1,0.125,,,,,,1762,1.08,0.007637,7.255248
2026-07-13T10:02:52.984322,Raspberry_Relieve1,25.652322283333334,-100.2916093,39.343,0.0,0,25.46,99.0,-1,0.125,,,,,,1763,1.01,0.007122,7.26237
2026-07-13T10:02:53.984443,Raspberry_Relieve1,25.652322283333334,-100.2916093,39.342,0.0,0,25.46,99.0,-1,0.125,,,,,,1764,0.92,0.006474,7.268843
2026-07-13T10:02:54.984563,Raspberry_Relieve1,25.652322283333334,-100.2916093,39.343,0.0,0,25.46,99.0,-1,0.125,,,,,,1765,1.09,0.00774,7.276583
2026-07-13T10:02:55.984674,Raspberry_Relieve1,25.652322283333334,-100.2916093,39.341,0.0,0,25.46,99.0,-1,0.125,,,,,,1766,1.01,0.007174,7.283757
2026-07-13T10:02:56.984790,Raspberry_Relieve1,25.652322283333334,-100.2916093,39.341,0.0,0,25.46,99.0,-1,0.125,,,,,,1767,0.87,0.006145,7.289902
2026-07-13T10:02:57.984904,Raspberry_Relieve1,25.652322283333334,-100.2916093,39.342,0.0,0,25.46,99.0,-1,0.125,,,,,,1768,1.15,0.008138,7.29804
2026-07-13T10:02:58.985015,Raspberry_Relieve1,25.652322283333334,-100.2916093,39.342,0.0,0,25.46,99.0,-1,0.125,,,,,,1769,0.93,0.006546,7.304585
2026-07-13T10:02:59.985250,Raspberry_Relieve1,25.652322283333334,-100.2916093,39.341,0.0,0,25.46,99.0,-1,0.125,,,,,,1770,0.92,0.006483,7.311068
2026-07-13T10:03:00.985328,Raspberry_Relieve1,25.652322283333334,-100.2916093,39.34,0.0,0,25.46,99.0,-1,0.125,,,,,,1771,1.07,0.007558,7.318627
2026-07-13T10:03:01.985420,Raspberry_Relieve1,25.652322283333334,-100.2916093,39.34,0.0,0,25.46,99.0,-1,0.125,,,,,,1772,0.95,0.006697,7.325324
2026-07-13T10:03:02.985513,Raspberry_Relieve1,25.652322283333334,-100.2916093,39.34,0.0,0,25.46,99.0,-1,0.125,,,,,,1773,1.1,0.007781,7.333104
2026-07-13T10:03:03.985610,Raspberry_Relieve1,25.652322283333334,-100.2916093,39.339,0.0,0,25.46,99.0,-1,0.125,,,,,,1774,0.93,0.006543,7.339648
2026-07-13T10:03:04.985715,Raspberry_Relieve1,25.652322283333334,-100.2916093,39.339,0.0,0,25.46,99.0,-1,0.125,,,,,,1775,1.02,0.007217,7.346865
2026-07-13T10:03:05.985863,Raspberry_Relieve1,25.652322283333334,-100.2916093,39.34,0.0,0,25.46,99.0,-1,0.125,,,,,,1776,1.08,0.007627,7.354492
2026-07-13T10:03:06.986002,Raspberry_Relieve1,25.652322283333334,-100.2916093,39.343,0.0,0,25.46,99.0,-1,0.125,,,,,,1777,0.93,0.006589,7.361081
2026-07-13T10:03:07.986132,Raspberry_Relieve1,25.652322283333334,-100.2916093,39.342,0.0,0,25.46,99.0,-1,0.125,,,,,,1778,1.01,0.007142,7.368223
2026-07-13T10:03:08.986265,Raspberry_Relieve1,25.652322283333334,-100.2916093,39.34,0.0,0,25.46,99.0,-1,0.125,,,,,,1779,1.03,0.007281,7.375504
2026-07-13T10:03:09.986547,Raspberry_Relieve1,25.652322283333334,-100.2916093,39.34,0.0,0,25.46,99.0,-1,0.125,,,,,,1780,0.98,0.006941,7.382445
2026-07-13T10:03:10.986661,Raspberry_Relieve1,25.652322283333334,-100.2916093,39.34,0.0,0,25.46,99.0,-1,0.125,,,,,,1781,0.99,0.006993,7.389438
2026-07-13T10:03:11.986771,Raspberry_Relieve1,25.652322283333334,-100.2916093,39.34,0.0,0,25.46,99.0,-1,0.125,,,,,,1782,0.94,0.006675,7.396113
2026-07-13T10:03:12.986886,Raspberry_Relieve1,25.652322283333334,-100.2916093,39.34,0.0,0,25.46,99.0,-1,0.125,,,,,,1783,1.08,0.007606,7.403719
2026-07-13T10:03:13.987004,Raspberry_Relieve1,25.652322283333334,-100.2916093,39.342,0.0,0,25.46,99.0,-1,0.125,,,,,,1784,1.04,0.00738,7.411099
2026-07-13T10:03:14.987122,Raspberry_Relieve1,25.652322283333334,-100.2916093,39.342,0.0,0,25.46,99.0,-1,0.125,,,,,,1785,1.14,0.008094,7.419193
2026-07-13T10:03:15.987257,Raspberry_Relieve1,25.652322283333334,-100.2916093,39.342,0.0,0,25.46,99.0,-1,0.125,,,,,,1786,0.81,0.005732,7.424925
2026-07-13T10:03:16.987365,Raspberry_Relieve1,25.652322283333334,-100.2916093,39.341,0.0,0,25.46,99.0,-1,0.125,,,,,,1787,0.95,0.006692,7.431617
2026-07-13T10:03:17.987470,Raspberry_Relieve1,25.652322283333334,-100.2916093,39.34,0.0,0,25.46,99.0,-1,0.125,,,,,,1788,1.1,0.00776,7.439377
2026-07-13T10:03:18.987577,Raspberry_Relieve1,25.652322283333334,-100.2916093,39.341,0.0,0,25.46,99.0,-1,0.125,,,,,,1789,0.95,0.00673,7.446106
2026-07-13T10:03:19.987697,Raspberry_Relieve1,25.652322283333334,-100.2916093,39.339,0.0,0,25.46,99.0,-1,0.125,,,,,,1790,0.93,0.006575,7.452681
2026-07-13T10:03:20.987933,Raspberry_Relieve1,25.652322283333334,-100.2916093,39.341,0.0,0,25.46,99.0,-1,0.125,,,,,,1791,1.06,0.007505,7.460186
2026-07-13T10:03:21.987998,Raspberry_Relieve1,25.652322283333334,-100.2916093,39.34,0.0,0,25.46,99.0,-1,0.125,,,,,,1792,1.09,0.007708,7.467894
2026-07-13T10:03:22.988117,Raspberry_Relieve1,25.652322283333334,-100.2916093,39.34,0.0,0,25.46,99.0,-1,0.125,,,,,,1793,0.84,0.005923,7.473817
2026-07-13T10:03:23.988335,Raspberry_Relieve1,25.652322283333334,-100.2916093,39.341,0.0,0,25.46,99.0,-1,0.125,,,,,,1794,1.05,0.007429,7.481247
2026-07-13T10:03:24.988511,Raspberry_Relieve1,25.652322283333334,-100.2916093,39.34,0.0,0,25.46,99.0,-1,0.125,,,,,,1795,0.98,0.00695,7.488196
2026-07-13T10:03:25.988743,Raspberry_Relieve1,25.652322283333334,-100.2916093,39.342,0.0,0,25.46,99.0,-1,0.125,,,,,,1796,1.02,0.00724,7.495436
2026-07-13T10:03:26.988850,Raspberry_Relieve1,25.652322283333334,-100.2916093,39.341,0.0,0,25.46,99.0,-1,0.125,,,,,,1797,1.08,0.007617,7.503052
2026-07-13T10:03:27.988961,Raspberry_Relieve1,25.652322283333334,-100.2916093,39.342,0.0,0,25.46,99.0,-1,0.125,,,,,,1798,0.93,0.006555,7.509607
2026-07-13T10:03:28.989129,Raspberry_Relieve1,25.652322283333334,-100.2916093,39.34,0.0,0,25.46,99.0,-1,0.125,,,,,,1799,1.04,0.007328,7.516935
2026-07-13T10:03:29.989351,Raspberry_Relieve1,25.652322283333334,-100.2916093,39.341,0.0,0,25.46,99.0,-1,0.125,,,,,,1800,0.99,0.007006,7.523941
2026-07-13T10:03:30.989471,Raspberry_Relieve1,25.652322283333334,-100.2916093,39.341,0.0,0,25.46,99.0,-1,0.125,,,,,,1801,0.99,0.007021,7.530962
2026-07-13T10:03:31.989598,Raspberry_Relieve1,25.652322283333334,-100.2916093,39.342,0.0,0,25.46,99.0,-1,0.125,,,,,,1802,1.01,0.007156,7.538118
2026-07-13T10:03:32.989739,Raspberry_Relieve1,25.652322283333334,-100.2916093,39.341,0.0,0,25.46,99.0,-1,0.125,,,,,,1803,0.92,0.006486,7.544603
2026-07-13T10:03:33.989920,Raspberry_Relieve1,25.652322283333334,-100.2916093,39.341,0.0,0,25.46,99.0,-1,0.125,,,,,,1804,1.14,0.008029,7.552632
2026-07-13T10:03:34.990025,Raspberry_Relieve1,25.652322283333334,-100.2916093,39.342,0.0,0,25.46,99.0,-1,0.125,,,,,,1805,0.95,0.006716,7.559348
2026-07-13T10:03:35.990138,Raspberry_Relieve1,25.652322283333334,-100.2916093,39.342,0.0,0,25.46,99.0,-1,0.125,,,,,,1806,0.92,0.006477,7.565824
2026-07-13T10:03:36.990237,Raspberry_Relieve1,25.652322283333334,-100.2916093,39.341,0.0,0,25.46,99.0,-1,0.125,,,,,,1807,1.06,0.007523,7.573347
2026-07-13T10:03:37.990341,Raspberry_Relieve1,25.652322283333334,-100.2916093,39.34,0.0,0,25.46,99.0,-1,0.125,,,,,,1808,1.04,0.007329,7.580676
2026-07-13T10:03:38.990450,Raspberry_Relieve1,25.652322283333334,-100.2916093,39.34,0.0,0,25.46,99.0,-1,0.125,,,,,,1809,0.98,0.006963,7.587639
2026-07-13T10:03:39.990560,Raspberry_Relieve1,25.652322283333334,-100.2916093,39.341,0.0,0,25.46,99.0,-1,0.125,,,,,,1810,0.92,0.006531,7.59417
2026-07-13T10:03:40.990667,Raspberry_Relieve1,25.652322283333334,-100.2916093,39.34,0.0,0,25.46,99.0,-1,0.125,,,,,,1811,1.06,0.007504,7.601674
2026-07-13T10:03:41.990846,Raspberry_Relieve1,25.652322283333334,-100.2916093,39.34,0.0,0,25.46,99.0,-1,0.125,,,,,,1812,0.91,0.00644,7.608114
2026-07-13T10:03:42.990959,Raspberry_Relieve1,25.652322283333334,-100.2916093,39.339,0.0,0,25.46,99.0,-1,0.125,,,,,,1813,1.02,0.007237,7.615351
2026-07-13T10:03:43.991064,Raspberry_Relieve1,25.652322283333334,-100.2916093,39.34,0.0,0,25.46,99.0,-1,0.125,,,,,,1814,1.1,0.007788,7.623139
2026-07-13T10:03:44.991192,Raspberry_Relieve1,25.652322283333334,-100.2916093,39.339,0.0,0,25.46,99.0,-1,0.125,,,,,,1815,0.98,0.006918,7.630057
2026-07-13T10:03:45.991357,Raspberry_Relieve1,25.652322283333334,-100.2916093,39.339,0.0,0,25.46,99.0,-1,0.125,,,,,,1816,0.9,0.006353,7.63641
2026-07-13T10:03:46.991476,Raspberry_Relieve1,25.652322283333334,-100.2916093,39.339,0.0,0,25.46,99.0,-1,0.125,,,,,,1817,1.12,0.007886,7.644297
2026-07-13T10:03:47.991575,Raspberry_Relieve1,25.652322283333334,-100.2916093,39.338,0.0,0,25.46,99.0,-1,0.125,,,,,,1818,0.91,0.00642,7.650717
2026-07-13T10:03:48.991686,Raspberry_Relieve1,25.652322283333334,-100.2916093,39.339,0.0,0,25.46,99.0,-1,0.125,,,,,,1819,1.04,0.007331,7.658047
2026-07-13T10:03:49.991942,Raspberry_Relieve1,25.652322283333334,-100.2916093,39.339,0.0,0,25.46,99.0,-1,0.125,,,,,,1820,0.95,0.006734,7.664782
2026-07-13T10:03:50.992039,Raspberry_Relieve1,25.652322283333334,-100.2916093,39.339,0.0,0,25.46,99.0,-1,0.125,,,,,,1821,1.0,0.007072,7.671854
2026-07-13T10:03:51.992150,Raspberry_Relieve1,25.652322283333334,-100.2916093,39.339,0.0,0,25.46,99.0,-1,0.125,,,,,,1822,1.05,0.007425,7.679279
2026-07-13T10:03:52.992242,Raspberry_Relieve1,25.652322283333334,-100.2916093,39.339,0.0,0,25.46,99.0,-1,0.125,,,,,,1823,0.97,0.006828,7.686108
2026-07-13T10:03:53.992374,Raspberry_Relieve1,25.652322283333334,-100.2916093,39.34,0.0,0,25.46,99.0,-1,0.125,,,,,,1824,1.05,0.007404,7.693512
2026-07-13T10:03:54.992501,Raspberry_Relieve1,25.652322283333334,-100.2916093,39.341,0.0,0,25.46,99.0,-1,0.125,,,,,,1825,0.95,0.006713,7.700224
2026-07-13T10:03:55.992611,Raspberry_Relieve1,25.652322283333334,-100.2916093,39.34,0.0,0,25.46,99.0,-1,0.125,,,,,,1826,1.01,0.007111,7.707335
2026-07-13T10:03:56.992784,Raspberry_Relieve1,25.652322283333334,-100.2916093,39.34,0.0,0,25.46,99.0,-1,0.125,,,,,,1827,1.04,0.007387,7.714722
2026-07-13T10:03:57.992946,Raspberry_Relieve1,25.652322283333334,-100.2916093,39.34,0.0,0,25.46,99.0,-1,0.125,,,,,,1828,0.95,0.006705,7.721428
2026-07-13T10:03:58.993067,Raspberry_Relieve1,25.652322283333334,-100.2916093,39.34,0.0,0,25.46,99.0,-1,0.125,,,,,,1829,1.06,0.007487,7.728915
2026-07-13T10:03:59.993269,Raspberry_Relieve1,25.652322283333334,-100.2916093,39.339,0.0,0,25.46,99.0,-1,0.125,,,,,,1830,0.93,0.006602,7.735517
2026-07-13T10:04:00.993341,Raspberry_Relieve1,25.652322283333334,-100.2916093,39.34,0.0,0,25.46,99.0,-1,0.125,,,,,,1831,1.0,0.007075,7.742592
2026-07-13T10:04:01.993416,Raspberry_Relieve1,25.652322283333334,-100.2916093,39.338,0.0,0,25.46,99.0,-1,0.125,,,,,,1832,1.06,0.007517,7.750109
2026-07-13T10:04:02.993514,Raspberry_Relieve1,25.652322283333334,-100.2916093,39.339,0.0,0,25.46,99.0,-1,0.125,,,,,,1833,1.03,0.007258,7.757366
2026-07-13T10:04:03.993595,Raspberry_Relieve1,25.652322283333334,-100.2916093,39.34,0.0,0,25.46,99.0,-1,0.125,,,,,,1834,0.96,0.006756,7.764123
2026-07-13T10:04:04.993679,Raspberry_Relieve1,25.652322283333334,-100.2916093,39.339,0.0,0,25.46,99.0,-1,0.125,,,,,,1835,0.98,0.00692,7.771043
2026-07-13T10:04:05.993846,Raspberry_Relieve1,25.652322283333334,-100.2916093,39.339,0.0,0,25.46,99.0,-1,0.125,,,,,,1836,0.99,0.007033,7.778076
2026-07-13T10:04:06.993958,Raspberry_Relieve1,25.652322283333334,-100.2916093,39.34,0.0,0,25.46,99.0,-1,0.125,,,,,,1837,0.99,0.006988,7.785064
2026-07-13T10:04:07.994073,Raspberry_Relieve1,25.652322283333334,-100.2916093,39.341,0.0,0,25.46,99.0,-1,0.125,,,,,,1838,1.04,0.007365,7.792429
2026-07-13T10:04:08.994187,Raspberry_Relieve1,25.652322283333334,-100.2916093,39.339,0.0,0,25.46,99.0,-1,0.125,,,,,,1839,0.98,0.006904,7.799333
2026-07-13T10:04:09.994319,Raspberry_Relieve1,25.652322283333334,-100.2916093,39.339,0.0,0,25.46,99.0,-1,0.125,,,,,,1840,0.95,0.006735,7.806068
2026-07-13T10:04:10.994444,Raspberry_Relieve1,25.652322283333334,-100.2916093,39.338,0.0,0,25.46,99.0,-1,0.125,,,,,,1841,1.03,0.007254,7.813322
2026-07-13T10:04:11.994613,Raspberry_Relieve1,25.652322283333334,-100.2916093,39.338,0.0,0,25.46,99.0,-1,0.125,,,,,,1842,1.08,0.007616,7.820938
2026-07-13T10:04:12.994730,Raspberry_Relieve1,25.652322283333334,-100.2916093,39.34,0.0,0,25.46,99.0,-1,0.125,,,,,,1843,0.99,0.007009,7.827947
2026-07-13T10:04:13.994860,Raspberry_Relieve1,25.652322283333334,-100.2916093,39.339,0.0,0,25.46,99.0,-1,0.125,,,,,,1844,1.01,0.007172,7.835118
2026-07-13T10:04:14.995025,Raspberry_Relieve1,25.652322283333334,-100.2916093,39.341,0.0,0,25.46,99.0,-1,0.125,,,,,,1845,0.93,0.00657,7.841688
2026-07-13T10:04:15.995149,Raspberry_Relieve1,25.652322283333334,-100.2916093,39.341,0.0,0,25.46,99.0,-1,0.125,,,,,,1846,1.07,0.007594,7.849282
2026-07-13T10:04:16.995306,Raspberry_Relieve1,25.652322283333334,-100.2916093,39.34,0.0,0,25.46,99.0,-1,0.125,,,,,,1847,0.95,0.006717,7.855999
2026-07-13T10:04:17.995425,Raspberry_Relieve1,25.652322283333334,-100.2916093,39.34,0.0,0,25.46,99.0,-1,0.125,,,,,,1848,0.95,0.006727,7.862726
2026-07-13T10:04:18.995609,Raspberry_Relieve1,25.652322283333334,-100.2916093,39.34,0.0,0,25.46,99.0,-1,0.125,,,,,,1849,1.14,0.008078,7.870804
2026-07-13T10:04:19.995730,Raspberry_Relieve1,25.652322283333334,-100.2916093,39.339,0.0,0,25.46,99.0,-1,0.125,,,,,,1850,1.27,0.008978,7.879782
2026-07-13T10:04:20.995863,Raspberry_Relieve1,25.652322283333334,-100.2916093,39.338,0.0,0,25.46,99.0,-1,0.125,,,,,,1851,0.71,0.004995,7.884777
2026-07-13T10:04:21.995960,Raspberry_Relieve1,25.652322283333334,-100.2916093,39.339,0.0,0,25.46,99.0,-1,0.125,,,,,,1852,0.91,0.006452,7.891229
2026-07-13T10:04:22.996077,Raspberry_Relieve1,25.652322283333334,-100.2916093,39.339,0.0,0,25.46,99.0,-1,0.125,,,,,,1853,1.12,0.007889,7.899118
2026-07-13T10:04:23.996241,Raspberry_Relieve1,25.652322283333334,-100.2916093,39.339,0.0,0,25.46,99.0,-1,0.125,,,,,,1854,0.96,0.006763,7.905881
2026-07-13T10:04:24.996348,Raspberry_Relieve1,25.652322283333334,-100.2916093,39.34,0.0,0,25.46,99.0,-1,0.125,,,,,,1855,1.01,0.007152,7.913032
2026-07-13T10:04:25.996478,Raspberry_Relieve1,25.652322283333334,-100.2916093,39.34,0.0,0,25.46,99.0,-1,0.125,,,,,,1856,0.92,0.006485,7.919518
2026-07-13T10:04:26.996629,Raspberry_Relieve1,25.652322283333334,-100.2916093,39.339,0.0,0,25.46,99.0,-1,0.125,,,,,,1857,0.97,0.006881,7.926399
2026-07-13T10:04:27.996802,Raspberry_Relieve1,25.652322283333334,-100.2916093,39.337,0.0,0,25.46,99.0,-1,0.125,,,,,,1858,1.08,0.007618,7.934016
2026-07-13T10:04:28.996966,Raspberry_Relieve1,25.652322283333334,-100.2916093,39.338,0.0,0,25.46,99.0,-1,0.125,,,,,,1859,0.93,0.006573,7.940589
2026-07-13T10:04:29.997152,Raspberry_Relieve1,25.652322283333334,-100.2916093,39.338,0.0,0,25.46,99.0,-1,0.125,,,,,,1860,1.15,0.008128,7.948718
2026-07-13T10:04:30.997294,Raspberry_Relieve1,25.652322283333334,-100.2916093,39.337,0.0,0,25.46,99.0,-1,0.125,,,,,,1861,0.87,0.006167,7.954885
2026-07-13T10:04:31.997445,Raspberry_Relieve1,25.652322283333334,-100.2916093,39.339,0.0,0,25.46,99.0,-1,0.125,,,,,,1862,1.13,0.008018,7.962903
2026-07-13T10:04:32.997617,Raspberry_Relieve1,25.652322283333334,-100.2916093,39.339,0.0,0,25.46,99.0,-1,0.125,,,,,,1863,0.84,0.00595,7.968852
2026-07-13T10:04:33.997758,Raspberry_Relieve1,25.652322283333334,-100.2916093,39.337,0.0,0,25.46,99.0,-1,0.125,,,,,,1864,1.47,0.010376,7.979228
2026-07-13T10:04:34.997941,Raspberry_Relieve1,25.652322283333334,-100.2916093,39.339,0.0,0,25.46,99.0,-1,0.125,,,,,,1865,0.54,0.003822,7.98305
2026-07-13T10:04:35.998095,Raspberry_Relieve1,25.652322283333334,-100.2916093,39.338,0.0,0,25.46,99.0,-1,0.125,,,,,,1866,1.16,0.008211,7.991261
2026-07-13T10:04:36.998296,Raspberry_Relieve1,25.652322283333334,-100.2916093,39.341,0.0,0,25.46,99.0,-1,0.125,,,,,,1867,0.98,0.006927,7.998188
2026-07-13T10:04:37.998401,Raspberry_Relieve1,25.652322283333334,-100.2916093,39.34,0.0,0,25.46,99.0,-1,0.125,,,,,,1868,0.92,0.006504,8.004692
2026-07-13T10:04:38.998557,Raspberry_Relieve1,25.652322283333334,-100.2916093,39.338,0.0,0,25.46,99.0,-1,0.125,,,,,,1869,0.99,0.007015,8.011707
2026-07-13T10:04:39.998663,Raspberry_Relieve1,25.652322283333334,-100.2916093,39.34,0.0,0,25.46,99.0,-1,0.125,,,,,,1870,0.98,0.006899,8.018606
2026-07-13T10:04:40.998796,Raspberry_Relieve1,25.652322283333334,-100.2916093,39.34,0.0,0,25.46,99.0,-1,0.125,,,,,,1871,1.0,0.007098,8.025703
2026-07-13T10:04:41.998891,Raspberry_Relieve1,25.652322283333334,-100.2916093,39.34,0.0,0,25.46,99.0,-1,0.125,,,,,,1872,1.02,0.007233,8.032936
2026-07-13T10:04:42.999025,Raspberry_Relieve1,25.652322283333334,-100.2916093,39.34,0.0,0,25.46,99.0,-1,0.125,,,,,,1873,0.96,0.006765,8.039701
2026-07-13T10:04:43.999137,Raspberry_Relieve1,25.652322283333334,-100.2916093,39.341,0.0,0,25.46,99.0,-1,0.125,,,,,,1874,1.0,0.007093,8.046794
2026-07-13T10:04:44.999242,Raspberry_Relieve1,25.652322283333334,-100.2916093,39.339,0.0,0,25.46,99.0,-1,0.125,,,,,,1875,1.01,0.007128,8.053921
2026-07-13T10:04:45.999353,Raspberry_Relieve1,25.652322283333334,-100.2916093,39.339,0.0,0,25.46,99.0,-1,0.125,,,,,,1876,1.01,0.007125,8.061046
2026-07-13T10:04:46.999476,Raspberry_Relieve1,25.652322283333334,-100.2916093,39.337,0.0,0,25.46,99.0,-1,0.125,,,,,,1877,1.09,0.007739,8.068785
2026-07-13T10:04:47.999649,Raspberry_Relieve1,25.652322283333334,-100.2916093,39.339,0.0,0,25.46,99.0,-1,0.125,,,,,,1878,1.0,0.007038,8.075823
2026-07-13T10:04:48.999760,Raspberry_Relieve1,25.652322283333334,-100.2916093,39.339,0.0,0,25.46,99.0,-1,0.125,,,,,,1879,0.9,0.006354,8.082177
2026-07-13T10:04:49.999926,Raspberry_Relieve1,25.652322283333334,-100.2916093,39.341,0.0,0,25.46,99.0,-1,0.125,,,,,,1880,1.02,0.007239,8.089417
2026-07-13T10:04:51.000011,Raspberry_Relieve1,25.652322283333334,-100.2916093,39.34,0.0,0,25.46,99.0,-1,0.125,,,,,,1881,1.0,0.007062,8.096478
2026-07-13T10:04:52.000148,Raspberry_Relieve1,25.652322283333334,-100.2916093,39.339,0.0,0,25.46,99.0,-1,0.125,,,,,,1882,0.98,0.00692,8.103398
2026-07-13T10:04:53.000272,Raspberry_Relieve1,25.652322283333334,-100.2916093,39.339,0.0,0,25.46,99.0,-1,0.125,,,,,,1883,1.01,0.00714,8.110538
2026-07-13T10:04:54.000490,Raspberry_Relieve1,25.652322283333334,-100.2916093,39.339,0.0,0,25.46,99.0,-1,0.125,,,,,,1884,1.07,0.007596,8.118134
2026-07-13T10:04:55.000612,Raspberry_Relieve1,25.652322283333334,-100.2916093,39.338,0.0,0,25.46,99.0,-1,0.125,,,,,,1885,0.92,0.006531,8.124665
2026-07-13T10:04:56.000728,Raspberry_Relieve1,25.652322283333334,-100.2916093,39.337,0.0,0,25.46,99.0,-1,0.125,,,,,,1886,1.04,0.007338,8.132003
2026-07-13T10:04:57.000884,Raspberry_Relieve1,25.652322283333334,-100.2916093,39.339,0.0,0,25.46,99.0,-1,0.125,,,,,,1887,1.05,0.007432,8.139434
2026-07-13T10:04:58.000988,Raspberry_Relieve1,25.652322283333334,-100.2916093,39.338,0.0,0,25.46,99.0,-1,0.125,,,,,,1888,0.95,0.006741,8.146176
2026-07-13T10:04:59.001164,Raspberry_Relieve1,25.652322283333334,-100.2916093,39.339,0.0,0,25.46,99.0,-1,0.125,,,,,,1889,0.99,0.006985,8.153161
2026-07-13T10:05:00.001319,Raspberry_Relieve1,25.652322283333334,-100.2916093,39.337,0.0,0,25.46,99.0,-1,0.125,,,,,,1890,1.07,0.007569,8.160729
2026-07-13T10:05:01.001455,Raspberry_Relieve1,25.652322283333334,-100.2916093,39.34,0.0,0,25.46,99.0,-1,0.125,,,,,,1891,0.93,0.006579,8.167308
2026-07-13T10:05:02.001542,Raspberry_Relieve1,25.652322283333334,-100.2916093,39.338,0.0,0,25.46,99.0,-1,0.125,,,,,,1892,0.99,0.007031,8.174339
2026-07-13T10:05:03.001640,Raspberry_Relieve1,25.652322283333334,-100.2916093,39.337,0.0,0,25.46,99.0,-1,0.125,,,,,,1893,0.94,0.006652,8.180991
2026-07-13T10:05:04.001727,Raspberry_Relieve1,25.652322283333334,-100.2916093,39.338,0.0,0,25.46,99.0,-1,0.125,,,,,,1894,1.06,0.007469,8.188459
2026-07-13T10:05:05.001820,Raspberry_Relieve1,25.652322283333334,-100.2916093,39.339,0.0,0,25.46,99.0,-1,0.125,,,,,,1895,1.02,0.007219,8.195679
2026-07-13T10:05:06.001987,Raspberry_Relieve1,25.652322283333334,-100.2916093,39.34,0.0,0,25.46,99.0,-1,0.125,,,,,,1896,1.02,0.007196,8.202874
2026-07-13T10:05:07.002105,Raspberry_Relieve1,25.652322283333334,-100.2916093,39.339,0.0,0,25.46,99.0,-1,0.125,,,,,,1898,1.54,0.010899,8.213773
2026-07-13T10:05:08.105574,Raspberry_Relieve1,25.652322283333334,-100.2916093,39.339,0.0,0,25.46,99.0,-1,0.125,,,,,,1898,0.62,0.00439,8.218163
2026-07-13T10:05:09.105730,Raspberry_Relieve1,25.652322283333334,-100.2916093,39.34,0.0,0,25.46,99.0,-1,0.125,,,,,,1899,0.93,0.006583,8.224746
2026-07-13T10:05:10.105841,Raspberry_Relieve1,25.652322283333334,-100.2916093,39.34,0.0,0,25.46,99.0,-1,0.125,,,,,,1900,0.92,0.006515,8.231261
2026-07-13T10:05:11.105966,Raspberry_Relieve1,25.652322283333334,-100.2916093,39.34,0.0,0,25.46,99.0,-1,0.125,,,,,,1901,1.12,0.007945,8.239207
2026-07-13T10:05:12.106125,Raspberry_Relieve1,25.652322283333334,-100.2916093,39.339,0.0,0,25.46,99.0,-1,0.125,,,,,,1902,0.98,0.006947,8.246154
2026-07-13T10:05:13.106223,Raspberry_Relieve1,25.652322283333334,-100.2916093,39.339,0.0,0,25.46,99.0,-1,0.125,,,,,,1903,0.93,0.006557,8.252711
2026-07-13T10:05:14.106364,Raspberry_Relieve1,25.652322283333334,-100.2916093,39.341,0.0,0,25.46,99.0,-1,0.125,,,,,,1904,0.98,0.006953,8.259664
2026-07-13T10:05:15.106508,Raspberry_Relieve1,25.652322283333334,-100.2916093,39.34,0.0,0,25.46,99.0,-1,0.125,,,,,,1905,1.11,0.007831,8.267495
2026-07-13T10:05:16.106625,Raspberry_Relieve1,25.652322283333334,-100.2916093,39.34,0.0,0,25.46,99.0,-1,0.125,,,,,,1906,0.89,0.006271,8.273766
2026-07-13T10:05:17.106746,Raspberry_Relieve1,25.652322283333334,-100.2916093,39.339,0.0,0,25.46,99.0,-1,0.125,,,,,,1907,1.1,0.007786,8.281552
2026-07-13T10:05:18.106884,Raspberry_Relieve1,25.652322283333334,-100.2916093,39.342,0.0,0,25.46,99.0,-1,0.125,,,,,,1908,0.98,0.00693,8.288482
2026-07-13T10:05:19.107034,Raspberry_Relieve1,25.652322283333334,-100.2916093,39.34,0.0,0,25.46,99.0,-1,0.125,,,,,,1909,0.99,0.007023,8.295505
2026-07-13T10:05:20.107159,Raspberry_Relieve1,25.652322283333334,-100.2916093,39.339,0.0,0,25.46,99.0,-1,0.125,,,,,,1910,1.02,0.007246,8.302751
2026-07-13T10:05:21.107288,Raspberry_Relieve1,25.652322283333334,-100.2916093,39.341,0.0,0,25.46,99.0,-1,0.125,,,,,,1911,0.99,0.007016,8.309766
2026-07-13T10:05:22.107393,Raspberry_Relieve1,25.652322283333334,-100.2916093,39.325,2.06,81,81.01,99.0,-1,0.125,,,,,,1912,0.9,0.013353,8.323119
2026-07-13T10:05:23.107528,Raspberry_Relieve1,25.652322283333334,-100.2916093,39.334,0.0,0,81.01,99.0,-1,0.125,,,,,,1913,1.0,0.022518,8.345637
2026-07-13T10:05:24.107675,Raspberry_Relieve1,25.652322283333334,-100.2916093,39.335,0.0,0,81.01,99.0,-1,0.125,,,,,,1914,0.99,0.022349,8.367986
2026-07-13T10:05:25.107789,Raspberry_Relieve1,25.652322283333334,-100.2916093,39.335,0.0,0,81.01,99.0,-1,0.125,,,,,,1915,1.01,0.022648,8.390633
2026-07-13T10:05:26.107950,Raspberry_Relieve1,25.652322283333334,-100.2916093,39.336,0.0,0,81.01,99.0,-1,0.125,,,,,,1916,0.99,0.022266,8.4129
2026-07-13T10:05:27.108011,Raspberry_Relieve1,25.652322283333334,-100.2916093,39.337,0.0,0,81.01,99.0,-1,0.125,,,,,,1917,1.08,0.024302,8.437202
2026-07-13T10:05:28.108110,Raspberry_Relieve1,25.652322283333334,-100.2916093,39.334,0.0,0,81.01,99.0,-1,0.125,,,,,,1918,0.98,0.022157,8.459359
2026-07-13T10:05:29.108192,Raspberry_Relieve1,25.652322283333334,-100.2916093,39.335,0.0,0,81.01,99.0,-1,0.125,,,,,,1919,0.93,0.020951,8.48031
2026-07-13T10:05:30.108299,Raspberry_Relieve1,25.652322283333334,-100.2916093,39.336,0.0,0,81.01,99.0,-1,0.125,,,,,,1920,1.0,0.022485,8.502795
2026-07-13T10:05:31.108387,Raspberry_Relieve1,25.652322283333334,-100.2916093,39.336,0.0,0,81.01,99.0,-1,0.125,,,,,,1921,1.08,0.02426,8.527055
2026-07-13T10:05:32.108524,Raspberry_Relieve1,25.652322283333334,-100.2916093,39.337,0.0,0,81.01,99.0,-1,0.125,,,,,,1922,1.05,0.02354,8.550595
2026-07-13T10:05:33.108664,Raspberry_Relieve1,25.652322283333334,-100.2916093,39.336,0.0,0,81.01,99.0,-1,0.125,,,,,,1923,0.98,0.022119,8.572714
2026-07-13T10:05:34.108792,Raspberry_Relieve1,25.652322283333334,-100.2916093,39.335,0.0,0,81.01,99.0,-1,0.125,,,,,,1924,1.0,0.022549,8.595263
2026-07-13T10:05:35.108997,Raspberry_Relieve1,25.652322283333334,-100.2916093,39.337,0.0,0,81.01,99.0,-1,0.125,,,,,,1925,1.07,0.024108,8.619371
2026-07-13T10:05:36.109117,Raspberry_Relieve1,25.652322283333334,-100.2916093,39.338,0.0,0,81.01,99.0,-1,0.125,,,,,,1926,0.96,0.021655,8.641026
2026-07-13T10:05:37.109272,Raspberry_Relieve1,25.652322283333334,-100.2916093,39.337,0.0,0,81.01,99.0,-1,0.125,,,,,,1927,0.94,0.021069,8.662095
2026-07-13T10:05:38.109430,Raspberry_Relieve1,25.652322283333334,-100.2916093,39.338,0.0,0,81.01,99.0,-1,0.125,,,,,,1928,0.94,0.0211,8.683196
2026-07-13T10:05:39.110176,Raspberry_Relieve1,25.652322283333334,-100.2916093,39.337,0.0,0,81.01,99.0,-1,0.125,,,,,,1929,1.04,0.023452,8.706647
2026-07-13T10:05:40.110299,Raspberry_Relieve1,25.652322283333334,-100.2916093,39.338,0.0,0,81.01,99.0,-1,0.125,,,,,,1930,1.03,0.023124,8.729772
2026-07-13T10:05:41.110507,Raspberry_Relieve1,25.652322283333334,-100.2916093,39.336,0.0,0,81.01,99.0,-1,0.125,,,,,,1931,1.03,0.023112,8.752883
2026-07-13T10:05:42.110624,Raspberry_Relieve1,25.652322283333334,-100.2916093,39.338,0.0,0,81.01,99.0,-1,0.125,,,,,,1932,0.9,0.020153,8.773036
2026-07-13T10:05:43.110810,Raspberry_Relieve1,25.652322283333334,-100.2916093,39.336,0.0,0,81.01,99.0,-1,0.125,,,,,,1933,1.11,0.025078,8.798113
2026-07-13T10:05:44.110924,Raspberry_Relieve1,25.652322283333334,-100.2916093,39.337,0.0,0,81.01,99.0,-1,0.125,,,,,,1934,0.99,0.022319,8.820432
2026-07-13T10:05:45.111233,Raspberry_Relieve1,25.652322283333334,-100.2916093,39.337,0.0,0,81.01,99.0,-1,0.125,,,,,,1935,0.93,0.021018,8.84145
2026-07-13T10:05:46.111349,Raspberry_Relieve1,25.652322283333334,-100.2916093,39.337,0.0,0,81.01,99.0,-1,0.125,,,,,,1936,0.98,0.022019,8.863468
2026-07-13T10:05:47.111538,Raspberry_Relieve1,25.652322283333334,-100.2916093,39.338,0.0,0,81.01,99.0,-1,0.125,,,,,,1937,0.99,0.0222,8.885668
2026-07-13T10:05:48.111663,Raspberry_Relieve1,25.652322283333334,-100.2916093,39.338,0.0,0,81.01,99.0,-1,0.125,,,,,,1938,1.07,0.02407,8.909738
2026-07-13T10:05:49.111784,Raspberry_Relieve1,25.652322283333334,-100.2916093,39.338,0.0,0,81.01,99.0,-1,0.125,,,,,,1939,0.98,0.022038,8.931775
2026-07-13T10:05:50.111942,Raspberry_Relieve1,25.652322283333334,-100.2916093,39.338,0.0,0,81.01,99.0,-1,0.125,,,,,,1940,1.07,0.024154,8.955929
2026-07-13T10:05:51.111963,Raspberry_Relieve1,25.652322283333334,-100.2916093,39.338,0.0,0,81.01,99.0,-1,0.125,,,,,,1941,0.97,0.021813,8.977742
2026-07-13T10:05:52.112082,Raspberry_Relieve1,25.652322283333334,-100.2916093,39.336,0.0,0,81.01,99.0,-1,0.125,,,,,,1942,0.92,0.020744,8.998486
2026-07-13T10:05:53.112197,Raspberry_Relieve1,25.652322283333334,-100.2916093,39.337,0.0,0,81.01,99.0,-1,0.125,,,,,,1943,1.03,0.02329,9.021776
2026-07-13T10:05:54.112316,Raspberry_Relieve1,25.652322283333334,-100.2916093,39.338,0.0,0,81.01,99.0,-1,0.125,,,,,,1944,1.03,0.023098,9.044874
2026-07-13T10:05:55.112440,Raspberry_Relieve1,25.652322283333334,-100.2916093,39.337,0.0,0,81.01,99.0,-1,0.125,,,,,,1945,0.94,0.021223,9.066097
2026-07-13T10:05:56.112555,Raspberry_Relieve1,25.652322283333334,-100.2916093,39.337,0.0,0,81.01,99.0,-1,0.125,,,,,,1946,1.09,0.024522,9.090619
2026-07-13T10:05:57.112679,Raspberry_Relieve1,25.652322283333334,-100.2916093,39.337,0.0,0,81.01,99.0,-1,0.125,,,,,,1947,0.88,0.019775,9.110394
2026-07-13T10:05:58.112744,Raspberry_Relieve1,25.652322283333334,-100.2916093,39.336,0.0,0,81.01,99.0,-1,0.125,,,,,,1948,1.09,0.024424,9.134818
2026-07-13T10:05:59.112830,Raspberry_Relieve1,25.652322283333334,-100.2916093,39.337,0.0,0,81.01,99.0,-1,0.125,,,,,,1949,0.98,0.022127,9.156944
2026-07-13T10:06:00.112925,Raspberry_Relieve1,25.652322283333334,-100.2916093,39.337,0.0,0,81.01,99.0,-1,0.125,,,,,,1950,0.96,0.021579,9.178524
2026-07-13T10:06:01.113018,Raspberry_Relieve1,25.652322283333334,-100.2916093,39.337,0.0,0,81.01,99.0,-1,0.125,,,,,,1951,1.02,0.022876,9.2014
2026-07-13T10:06:02.113166,Raspberry_Relieve1,25.652322283333334,-100.2916093,39.329,-0.117,-5,-4.6,99.0,14400,0.125,,,,,,1952,0.98,0.010363,9.211763
2026-07-13T10:06:03.113229,Raspberry_Relieve1,25.652322283333334,-100.2916093,39.334,-0.101,-4,-3.97,99.0,14400,0.125,,,,,,1953,1.06,-0.001266,9.210497
2026-07-13T10:06:04.113318,Raspberry_Relieve1,25.652322283333334,-100.2916093,39.335,0.0,0,0.0,99.0,-1,0.125,,,,,,1954,0.97,-0.000533,9.209964
2026-07-13T10:06:05.113399,Raspberry_Relieve1,25.652322283333334,-100.2916093,39.336,0.0,0,0.0,99.0,-1,0.125,,,,,,1955,1.06,0.0,9.209964
2026-07-13T10:06:06.113482,Raspberry_Relieve1,25.652322283333334,-100.2916093,39.334,0.0,0,0.0,99.0,-1,0.125,,,,,,1956,0.98,0.0,9.209964
2026-07-13T10:06:07.113572,Raspberry_Relieve1,25.652322283333334,-100.2916093,39.334,0.0,0,0.0,99.0,-1,0.125,,,,,,1957,0.94,0.0,9.209964
2026-07-13T10:06:08.113701,Raspberry_Relieve1,25.652322283333334,-100.2916093,39.335,0.0,0,0.0,99.0,-1,0.125,,,,,,1958,1.1,0.0,9.209964
2026-07-13T10:06:09.113812,Raspberry_Relieve1,25.652322283333334,-100.2916093,39.339,0.0,0,0.0,99.0,-1,0.125,,,,,,1959,0.89,0.0,9.209964
2026-07-13T10:06:10.113927,Raspberry_Relieve1,25.652322283333334,-100.2916093,39.335,0.0,0,0.0,99.0,-1,0.125,,,,,,1960,1.02,0.0,9.209964
2026-07-13T10:06:11.114037,Raspberry_Relieve1,25.652322283333334,-100.2916093,39.337,0.0,0,0.0,99.0,-1,0.125,,,,,,1961,1.06,0.0,9.209964
2026-07-13T10:06:12.114146,Raspberry_Relieve1,25.652322283333334,-100.2916093,39.337,0.0,0,0.0,99.0,-1,0.125,,,,,,1962,0.9,0.0,9.209964
2026-07-13T10:06:13.114256,Raspberry_Relieve1,25.652322283333334,-100.2916093,39.336,0.0,0,0.0,99.0,-1,0.125,,,,,,1963,1.06,0.0,9.209964
2026-07-13T10:06:14.114370,Raspberry_Relieve1,25.652322283333334,-100.2916093,39.338,0.0,0,0.0,99.0,-1,0.125,,,,,,1964,1.09,0.0,9.209964
2026-07-13T10:06:15.114486,Raspberry_Relieve1,25.652322283333334,-100.2916093,39.336,0.0,0,0.0,99.0,-1,0.125,,,,,,1965,0.94,0.0,9.209964
2026-07-13T10:06:16.114609,Raspberry_Relieve1,25.652322283333334,-100.2916093,39.335,0.0,0,0.0,99.0,-1,0.125,,,,,,1966,0.94,0.0,9.209964
2026-07-13T10:06:17.114705,Raspberry_Relieve1,25.652322283333334,-100.2916093,39.337,0.0,0,0.0,99.0,-1,0.125,,,,,,1967,1.15,0.0,9.209964
2026-07-13T10:06:18.114815,Raspberry_Relieve1,25.652322283333334,-100.2916093,39.336,0.0,0,0.0,99.0,-1,0.125,,,,,,1968,0.95,0.0,9.209964
2026-07-13T10:06:19.114929,Raspberry_Relieve1,25.652322283333334,-100.2916093,39.334,0.0,0,0.0,99.0,-1,0.125,,,,,,1969,0.92,0.0,9.209964
2026-07-13T10:06:20.115153,Raspberry_Relieve1,25.652322283333334,-100.2916093,39.335,0.0,0,0.0,99.0,-1,0.125,,,,,,1970,1.07,0.0,9.209964
2026-07-13T10:06:21.115267,Raspberry_Relieve1,25.652322283333334,-100.2916093,39.335,0.0,0,0.0,99.0,-1,0.125,,,,,,1971,0.94,0.0,9.209964
2026-07-13T10:06:22.115470,Raspberry_Relieve1,25.652322283333334,-100.2916093,39.335,0.0,0,0.0,99.0,-1,0.125,,,,,,1972,1.1,0.0,9.209964
2026-07-13T10:06:23.115594,Raspberry_Relieve1,25.652322283333334,-100.2916093,39.337,0.0,0,0.0,99.0,-1,0.125,,,,,,1973,0.95,0.0,9.209964
2026-07-13T10:06:24.115697,Raspberry_Relieve1,25.652322283333334,-100.2916093,39.334,0.0,0,0.0,99.0,-1,0.125,,,,,,1974,0.95,0.0,9.209964
2026-07-13T10:06:25.115947,Raspberry_Relieve1,25.652322283333334,-100.2916093,39.336,0.0,0,0.0,99.0,-1,0.125,,,,,,1975,1.08,0.0,9.209964
2026-07-13T10:06:26.116106,Raspberry_Relieve1,25.652322283333334,-100.2916093,39.336,0.0,0,0.0,99.0,-1,0.125,,,,,,1976,0.97,0.0,9.209964
2026-07-13T10:06:27.116223,Raspberry_Relieve1,25.652322283333334,-100.2916093,39.335,0.0,0,0.0,99.0,-1,0.125,,,,,,1977,0.94,0.0,9.209964
2026-07-13T10:06:28.116334,Raspberry_Relieve1,25.652322283333334,-100.2916093,39.337,0.0,0,0.0,99.0,-1,0.125,,,,,,1978,1.09,0.0,9.209964
2026-07-13T10:06:29.116441,Raspberry_Relieve1,25.652322283333334,-100.2916093,39.334,0.0,0,0.0,99.0,-1,0.125,,,,,,1979,0.98,0.0,9.209964
2026-07-13T10:06:30.116549,Raspberry_Relieve1,25.652322283333334,-100.2916093,39.334,0.0,0,0.0,99.0,-1,0.125,,,,,,1980,0.93,0.0,9.209964
2026-07-13T10:06:31.116663,Raspberry_Relieve1,25.652322283333334,-100.2916093,39.333,0.0,0,0.0,99.0,-1,0.125,,,,,,1981,1.02,0.0,9.209964
2026-07-13T10:06:32.116780,Raspberry_Relieve1,25.652322283333334,-100.2916093,39.337,0.0,0,0.0,99.0,-1,0.125,,,,,,1982,1.08,0.0,9.209964
2026-07-13T10:06:33.116889,Raspberry_Relieve1,25.652322283333334,-100.2916093,39.335,0.0,0,0.0,99.0,-1,0.125,,,,,,1983,0.97,0.0,9.209964
2026-07-13T10:06:34.117000,Raspberry_Relieve1,25.652322283333334,-100.2916093,39.336,0.0,0,0.0,99.0,-1,0.125,,,,,,1984,1.04,0.0,9.209964
2026-07-13T10:06:35.117108,Raspberry_Relieve1,25.652322283333334,-100.2916093,39.335,0.0,0,0.0,99.0,-1,0.125,,,,,,1985,0.99,0.0,9.209964
2026-07-13T10:06:36.117224,Raspberry_Relieve1,25.652322283333334,-100.2916093,39.334,0.0,0,0.0,99.0,-1,0.125,,,,,,1986,1.03,0.0,9.209964
2026-07-13T10:06:37.117469,Raspberry_Relieve1,25.652322283333334,-100.2916093,39.334,0.0,0,0.0,99.0,-1,0.125,,,,,,1987,0.98,0.0,9.209964
2026-07-13T10:06:38.117661,Raspberry_Relieve1,25.652322283333334,-100.2916093,39.335,0.0,0,0.0,99.0,-1,0.125,,,,,,1988,0.88,0.0,9.209964
2026-07-13T10:06:39.117777,Raspberry_Relieve1,25.652322283333334,-100.2916093,39.333,0.0,0,0.0,99.0,-1,0.125,,,,,,1989,1.07,0.0,9.209964
2026-07-13T10:06:40.117888,Raspberry_Relieve1,25.652322283333334,-100.2916093,39.334,0.0,0,0.0,99.0,-1,0.125,,,,,,1990,1.0,0.0,9.209964
2026-07-13T10:06:41.118095,Raspberry_Relieve1,25.652322283333334,-100.2916093,39.334,0.0,0,0.0,99.0,-1,0.125,,,,,,1991,0.94,0.0,9.209964
2026-07-13T10:06:42.118310,Raspberry_Relieve1,25.652322283333334,-100.2916093,39.335,0.0,0,0.0,99.0,-1,0.125,,,,,,1992,1.01,0.0,9.209964
2026-07-13T10:06:43.118424,Raspberry_Relieve1,25.652322283333334,-100.2916093,39.336,0.0,0,0.0,99.0,-1,0.125,,,,,,1993,1.0,0.0,9.209964
2026-07-13T10:06:44.118539,Raspberry_Relieve1,25.652322283333334,-100.2916093,39.335,0.0,0,0.0,99.0,-1,0.125,,,,,,1994,0.99,0.0,9.209964
2026-07-13T10:06:45.118669,Raspberry_Relieve1,25.652322283333334,-100.2916093,39.336,0.0,0,0.0,99.0,-1,0.125,,,,,,1995,1.04,0.0,9.209964
2026-07-13T10:06:46.118784,Raspberry_Relieve1,25.652322283333334,-100.2916093,39.332,0.312,12,12.27,99.0,-1,0.125,,,,,,1996,1.04,0.001778,9.211742
2026-07-13T10:06:47.118890,Raspberry_Relieve1,25.652322283333334,-100.2916093,38.579,6.459,249,249.18,99.1,-1,0.123,,,,,,1997,0.98,0.035637,9.247379
2026-07-13T10:06:48.119053,Raspberry_Relieve1,25.652322283333334,-100.2916093,39.317,0.329,13,12.94,99.1,-1,0.123,,,,,,1998,0.95,0.03452,9.281899
2026-07-13T10:06:49.119164,Raspberry_Relieve1,25.652322283333334,-100.2916093,39.321,0.0,0,12.94,99.1,-1,0.123,,,,,,1999,0.99,0.003557,9.285456
2026-07-13T10:06:50.119269,Raspberry_Relieve1,25.652322283333334,-100.2916093,39.321,0.0,0,12.94,99.1,-1,0.123,,,,,,2000,0.96,0.003458,9.288914
2026-07-13T10:06:51.119382,Raspberry_Relieve1,25.652322283333334,-100.2916093,39.322,0.0,0,12.94,99.1,-1,0.123,,,,,,2001,1.04,0.003735,9.292648
2026-07-13T10:06:52.119499,Raspberry_Relieve1,25.652322283333334,-100.2916093,39.324,0.0,0,12.94,99.1,-1,0.123,,,,,,2002,0.99,0.003561,9.29621
2026-07-13T10:06:53.119666,Raspberry_Relieve1,25.652322283333334,-100.2916093,39.326,0.0,0,12.94,99.1,-1,0.123,,,,,,2003,1.06,0.003795,9.300005
2026-07-13T10:06:54.119842,Raspberry_Relieve1,25.652322283333334,-100.2916093,39.324,0.0,0,12.94,99.1,-1,0.123,,,,,,2004,0.93,0.003337,9.303342
2026-07-13T10:06:55.120000,Raspberry_Relieve1,25.652322283333334,-100.2916093,39.325,0.0,0,12.94,99.1,-1,0.123,,,,,,2005,1.04,0.003725,9.307067
2026-07-13T10:06:56.120117,Raspberry_Relieve1,25.652322283333334,-100.2916093,39.328,0.0,0,12.94,99.1,-1,0.123,,,,,,2006,1.08,0.003898,9.310965
2026-07-13T10:06:57.120226,Raspberry_Relieve1,25.652322283333334,-100.2916093,39.326,0.0,0,12.94,99.1,-1,0.123,,,,,,2007,0.91,0.003271,9.314236
2026-07-13T10:06:58.120338,Raspberry_Relieve1,25.652322283333334,-100.2916093,39.326,0.0,0,12.94,99.1,-1,0.123,,,,,,2008,1.0,0.003585,9.317821
2026-07-13T10:06:59.120445,Raspberry_Relieve1,25.652322283333334,-100.2916093,39.326,0.0,0,12.94,99.1,-1,0.123,,,,,,2009,0.96,0.003449,9.321271
2026-07-13T10:07:00.120552,Raspberry_Relieve1,25.652322283333334,-100.2916093,39.328,0.0,0,12.94,99.1,-1,0.123,,,,,,2010,1.1,0.003954,9.325224
2026-07-13T10:07:01.120653,Raspberry_Relieve1,25.652322283333334,-100.2916093,39.327,0.0,0,12.94,99.1,-1,0.123,,,,,,2011,1.01,0.003612,9.328836
2026-07-13T10:07:02.120722,Raspberry_Relieve1,25.652322283333334,-100.2916093,39.326,0.0,0,12.94,99.1,-1,0.123,,,,,,2012,0.92,0.003306,9.332142
2026-07-13T10:07:03.120813,Raspberry_Relieve1,25.652322283333334,-100.2916093,39.327,0.0,0,12.94,99.1,-1,0.123,,,,,,2013,1.04,0.003734,9.335877
2026-07-13T10:07:04.120903,Raspberry_Relieve1,25.652322283333334,-100.2916093,39.327,0.0,0,12.94,99.1,-1,0.123,,,,,,2014,1.06,0.003815,9.339691
2026-07-13T10:07:05.120982,Raspberry_Relieve1,25.652322283333334,-100.2916093,39.327,0.0,0,12.94,99.1,-1,0.123,,,,,,2015,0.89,0.003188,9.34288
2026-07-13T10:07:06.121166,Raspberry_Relieve1,25.652322283333334,-100.2916093,39.326,0.0,0,12.94,99.1,-1,0.123,,,,,,2016,1.08,0.003898,9.346778
2026-07-13T10:07:07.121293,Raspberry_Relieve1,25.652322283333334,-100.2916093,39.328,0.0,0,12.94,99.1,-1,0.123,,,,,,2017,0.89,0.003203,9.34998
2026-07-13T10:07:08.121475,Raspberry_Relieve1,25.652322283333334,-100.2916093,39.329,0.0,0,12.94,99.1,-1,0.123,,,,,,2018,1.1,0.003945,9.353925
2026-07-13T10:07:09.121646,Raspberry_Relieve1,25.652322283333334,-100.2916093,39.327,0.0,0,12.94,99.1,-1,0.123,,,,,,2019,0.94,0.003376,9.357301
2026-07-13T10:07:10.121758,Raspberry_Relieve1,25.652322283333334,-100.2916093,39.328,0.0,0,12.94,99.1,-1,0.123,,,,,,2020,1.11,0.003982,9.361283
2026-07-13T10:07:11.121910,Raspberry_Relieve1,25.652322283333334,-100.2916093,39.328,0.0,0,12.94,99.1,-1,0.123,,,,,,2021,0.95,0.00342,9.364703
2026-07-13T10:07:12.122066,Raspberry_Relieve1,25.652322283333334,-100.2916093,39.328,0.0,0,12.94,99.1,-1,0.123,,,,,,2022,0.96,0.003451,9.368154
2026-07-13T10:07:13.122169,Raspberry_Relieve1,25.652322283333334,-100.2916093,39.329,0.0,0,12.94,99.1,-1,0.123,,,,,,2023,0.98,0.003532,9.371686
2026-07-13T10:07:14.122291,Raspberry_Relieve1,25.652322283333334,-100.2916093,39.327,0.0,0,12.94,99.1,-1,0.123,,,,,,2024,1.02,0.003673,9.375359
2026-07-13T10:07:15.122394,Raspberry_Relieve1,25.652322283333334,-100.2916093,39.328,0.0,0,12.94,99.1,-1,0.123,,,,,,2025,0.99,0.003542,9.378901
2026-07-13T10:07:16.122509,Raspberry_Relieve1,25.652322283333334,-100.2916093,39.329,0.0,0,12.94,99.1,-1,0.123,,,,,,2026,1.1,0.003952,9.382853
2026-07-13T10:07:17.122617,Raspberry_Relieve1,25.652322283333334,-100.2916093,39.329,0.0,0,12.94,99.1,-1,0.123,,,,,,2027,0.95,0.003405,9.386258
2026-07-13T10:07:18.122793,Raspberry_Relieve1,25.652322283333334,-100.2916093,39.328,0.0,0,12.94,99.1,-1,0.123,,,,,,2028,1.29,0.004629,9.390887
2026-07-13T10:07:19.122921,Raspberry_Relieve1,25.652322283333334,-100.2916093,39.328,0.0,0,12.94,99.1,-1,0.123,,,,,,2029,0.73,0.00263,9.393517
2026-07-13T10:07:20.123024,Raspberry_Relieve1,25.652322283333334,-100.2916093,39.326,0.0,0,12.94,99.1,-1,0.123,,,,,,2030,0.98,0.003513,9.39703
2026-07-13T10:07:21.123130,Raspberry_Relieve1,25.652322283333334,-100.2916093,39.328,0.0,0,12.94,99.1,-1,0.123,,,,,,2031,1.04,0.00373,9.40076
2026-07-13T10:07:22.123240,Raspberry_Relieve1,25.652322283333334,-100.2916093,39.328,0.0,0,12.94,99.1,-1,0.123,,,,,,2032,0.92,0.003299,9.404059
2026-07-13T10:07:23.123346,Raspberry_Relieve1,25.652322283333334,-100.2916093,39.328,0.0,0,12.94,99.1,-1,0.123,,,,,,2033,1.03,0.003695,9.407754
2026-07-13T10:07:24.123518,Raspberry_Relieve1,25.652322283333334,-100.2916093,39.329,0.0,0,12.94,99.1,-1,0.123,,,,,,2034,0.95,0.003403,9.411157
2026-07-13T10:07:25.123661,Raspberry_Relieve1,25.652322283333334,-100.2916093,39.328,0.0,0,12.94,99.1,-1,0.123,,,,,,2035,1.09,0.003933,9.415089
2026-07-13T10:07:26.123815,Raspberry_Relieve1,25.652322283333334,-100.2916093,39.329,0.0,0,12.94,99.1,-1,0.123,,,,,,2036,0.91,0.003286,9.418376
2026-07-13T10:07:27.124018,Raspberry_Relieve1,25.652322283333334,-100.2916093,39.327,0.0,0,12.94,99.1,-1,0.123,,,,,,2037,1.11,0.003994,9.422369
2026-07-13T10:07:28.124130,Raspberry_Relieve1,25.652322283333334,-100.2916093,39.328,0.0,0,12.94,99.1,-1,0.123,,,,,,2038,0.98,0.003535,9.425904
2026-07-13T10:07:29.124244,Raspberry_Relieve1,25.652322283333334,-100.2916093,39.328,0.0,0,12.94,99.1,-1,0.123,,,,,,2039,1.03,0.003695,9.429599
2026-07-13T10:07:30.124363,Raspberry_Relieve1,25.652322283333334,-100.2916093,39.327,0.0,0,12.94,99.1,-1,0.123,,,,,,2040,1.0,0.003577,9.433176
2026-07-13T10:07:31.124482,Raspberry_Relieve1,25.652322283333334,-100.2916093,39.327,0.0,0,12.94,99.1,-1,0.123,,,,,,2041,0.88,0.00317,9.436346
2026-07-13T10:07:32.124603,Raspberry_Relieve1,25.652322283333334,-100.2916093,39.327,0.0,0,12.94,99.1,-1,0.123,,,,,,2042,1.07,0.003844,9.44019
2026-07-13T10:07:33.124725,Raspberry_Relieve1,25.652322283333334,-100.2916093,39.327,0.0,0,12.94,99.1,-1,0.123,,,,,,2043,0.99,0.003557,9.443747
2026-07-13T10:07:34.124824,Raspberry_Relieve1,25.652322283333334,-100.2916093,39.328,0.0,0,12.94,99.1,-1,0.123,,,,,,2044,1.01,0.003643,9.44739
2026-07-13T10:07:35.124946,Raspberry_Relieve1,25.652322283333334,-100.2916093,39.327,0.0,0,12.94,99.1,-1,0.123,,,,,,2045,1.02,0.003673,9.451063
2026-07-13T10:07:36.125105,Raspberry_Relieve1,25.652322283333334,-100.2916093,39.327,0.0,0,12.94,99.1,-1,0.123,,,,,,2046,1.08,0.003864,9.454927
2026-07-13T10:07:37.125224,Raspberry_Relieve1,25.652322283333334,-100.2916093,39.329,0.0,0,12.94,99.1,-1,0.123,,,,,,2047,0.96,0.003453,9.458381
2026-07-13T10:07:38.125347,Raspberry_Relieve1,25.652322283333334,-100.2916093,39.328,0.0,0,12.94,99.1,-1,0.123,,,,,,2048,0.92,0.003303,9.461684
2026-07-13T10:07:39.125501,Raspberry_Relieve1,25.652322283333334,-100.2916093,39.327,0.0,0,12.94,99.1,-1,0.123,,,,,,2049,0.94,0.003374,9.465058
2026-07-13T10:07:40.125628,Raspberry_Relieve1,25.652322283333334,-100.2916093,39.326,0.0,0,12.94,99.1,-1,0.123,,,,,,2050,1.01,0.003621,9.468679
2026-07-13T10:07:41.125762,Raspberry_Relieve1,25.652322283333334,-100.2916093,39.326,0.0,0,12.94,99.1,-1,0.123,,,,,,2051,1.06,0.003802,9.472481
2026-07-13T10:07:42.125888,Raspberry_Relieve1,25.652322283333334,-100.2916093,39.327,0.0,0,12.94,99.1,-1,0.123,,,,,,2052,0.95,0.003399,9.47588
2026-07-13T10:07:43.125990,Raspberry_Relieve1,25.652322283333334,-100.2916093,39.327,0.0,0,12.94,99.1,-1,0.123,,,,,,2053,1.07,0.003842,9.479722
2026-07-13T10:07:44.126166,Raspberry_Relieve1,25.652322283333334,-100.2916093,39.326,0.0,0,12.94,99.1,-1,0.123,,,,,,2054,1.02,0.003667,9.483388
2026-07-13T10:07:45.126280,Raspberry_Relieve1,25.652322283333334,-100.2916093,39.328,0.0,0,12.94,99.1,-1,0.123,,,,,,2055,0.91,0.00326,9.486648
2026-07-13T10:07:46.126416,Raspberry_Relieve1,25.652322283333334,-100.2916093,39.326,0.0,0,12.94,99.1,-1,0.123,,,,,,2056,1.12,0.004017,9.490665
2026-07-13T10:07:47.126525,Raspberry_Relieve1,25.652322283333334,-100.2916093,39.327,0.0,0,12.94,99.1,-1,0.123,,,,,,2057,1.16,0.004182,9.494847
2026-07-13T10:07:48.126685,Raspberry_Relieve1,25.652322283333334,-100.2916093,39.328,0.0,0,12.94,99.1,-1,0.123,,,,,,2058,0.8,0.002876,9.497723
2026-07-13T10:07:49.126796,Raspberry_Relieve1,25.652322283333334,-100.2916093,39.328,0.0,0,12.94,99.1,-1,0.123,,,,,,2059,0.98,0.003507,9.501229
2026-07-13T10:07:50.126923,Raspberry_Relieve1,25.652322283333334,-100.2916093,39.328,0.0,0,12.94,99.1,-1,0.123,,,,,,2060,1.07,0.003836,9.505066
2026-07-13T10:07:51.127041,Raspberry_Relieve1,25.652322283333334,-100.2916093,39.329,0.0,0,12.94,99.1,-1,0.123,,,,,,2061,0.93,0.00333,9.508395
2026-07-13T10:07:52.127149,Raspberry_Relieve1,25.652322283333334,-100.2916093,39.328,0.0,0,12.94,99.1,-1,0.123,,,,,,2062,1.04,0.003752,9.512147
2026-07-13T10:07:53.127250,Raspberry_Relieve1,25.652322283333334,-100.2916093,39.329,0.0,0,12.94,99.1,-1,0.123,,,,,,2063,0.91,0.003275,9.515422
2026-07-13T10:07:54.127398,Raspberry_Relieve1,25.652322283333334,-100.2916093,39.327,0.0,0,12.94,99.1,-1,0.123,,,,,,2064,1.04,0.00372,9.519142
2026-07-13T10:07:55.127510,Raspberry_Relieve1,25.652322283333334,-100.2916093,39.329,0.0,0,12.94,99.1,-1,0.123,,,,,,2065,1.0,0.003579,9.522721
2026-07-13T10:07:56.127638,Raspberry_Relieve1,25.652322283333334,-100.2916093,39.329,0.0,0,12.94,99.1,-1,0.123,,,,,,2066,1.08,0.003863,9.526584
2026-07-13T10:07:57.127756,Raspberry_Relieve1,25.652322283333334,-100.2916093,39.329,0.0,0,12.94,99.1,-1,0.123,,,,,,2067,0.9,0.003226,9.52981
2026-07-13T10:07:58.127963,Raspberry_Relieve1,25.652322283333334,-100.2916093,39.329,0.0,0,12.94,99.1,-1,0.123,,,,,,2068,1.07,0.003831,9.53364
2026-07-13T10:07:59.128033,Raspberry_Relieve1,25.652322283333334,-100.2916093,39.33,0.0,0,12.94,99.1,-1,0.123,,,,,,2069,0.96,0.003438,9.537078
2026-07-13T10:08:00.128155,Raspberry_Relieve1,25.652322283333334,-100.2916093,39.329,0.0,0,12.94,99.1,-1,0.123,,,,,,2070,1.05,0.003788,9.540867
2026-07-13T10:08:01.128227,Raspberry_Relieve1,25.652322283333334,-100.2916093,39.33,0.0,0,12.94,99.1,-1,0.123,,,,,,2071,0.99,0.003548,9.544415
2026-07-13T10:08:02.128315,Raspberry_Relieve1,25.652322283333334,-100.2916093,39.328,0.0,0,12.94,99.1,-1,0.123,,,,,,2072,0.94,0.003368,9.547783
2026-07-13T10:08:03.128408,Raspberry_Relieve1,25.652322283333334,-100.2916093,39.328,0.0,0,12.94,99.1,-1,0.123,,,,,,2073,0.99,0.00354,9.551323
2026-07-13T10:08:04.128500,Raspberry_Relieve1,25.652322283333334,-100.2916093,39.327,0.0,0,12.94,99.1,-1,0.123,,,,,,2074,1.0,0.003586,9.554909
2026-07-13T10:08:05.128583,Raspberry_Relieve1,25.652322283333334,-100.2916093,39.327,0.0,0,12.94,99.1,-1,0.123,,,,,,2075,1.0,0.003591,9.5585
2026-07-13T10:08:06.128679,Raspberry_Relieve1,25.652322283333334,-100.2916093,39.327,0.0,0,12.94,99.1,-1,0.123,,,,,,2076,1.11,0.003999,9.562499
2026-07-13T10:08:07.128820,Raspberry_Relieve1,25.652322283333334,-100.2916093,39.328,0.0,0,12.94,99.1,-1,0.123,,,,,,2077,0.89,0.003205,9.565703
2026-07-13T10:08:08.128965,Raspberry_Relieve1,25.652322283333334,-100.2916093,39.329,0.0,0,12.94,99.1,-1,0.123,,,,,,2078,1.11,0.003982,9.569685
2026-07-13T10:08:09.129144,Raspberry_Relieve1,25.652322283333334,-100.2916093,39.328,0.0,0,12.94,99.1,-1,0.123,,,,,,2079,0.96,0.003435,9.57312
2026-07-13T10:08:10.129298,Raspberry_Relieve1,25.652322283333334,-100.2916093,39.329,0.0,0,12.94,99.1,-1,0.123,,,,,,2080,1.07,0.003848,9.576968
2026-07-13T10:08:11.129458,Raspberry_Relieve1,25.652322283333334,-100.2916093,39.329,0.0,0,12.94,99.1,-1,0.123,,,,,,2081,0.9,0.00324,9.580208
2026-07-13T10:08:12.129616,Raspberry_Relieve1,25.652322283333334,-100.2916093,39.329,0.0,0,12.94,99.1,-1,0.123,,,,,,2082,1.01,0.003638,9.583846
2026-07-13T10:08:13.129772,Raspberry_Relieve1,25.652322283333334,-100.2916093,39.327,0.0,0,12.94,99.1,-1,0.123,,,,,,2083,1.1,0.003969,9.587815
2026-07-13T10:08:14.129908,Raspberry_Relieve1,25.652322283333334,-100.2916093,39.327,0.0,0,12.94,99.1,-1,0.123,,,,,,2084,0.95,0.003427,9.591242
2026-07-13T10:08:15.130053,Raspberry_Relieve1,25.652322283333334,-100.2916093,39.328,0.0,0,12.94,99.1,-1,0.123,,,,,,2085,0.96,0.003442,9.594684
2026-07-13T10:08:16.130176,Raspberry_Relieve1,25.652322283333334,-100.2916093,39.327,0.0,0,12.94,99.1,-1,0.123,,,,,,2086,1.08,0.003865,9.598549
2026-07-13T10:08:17.130297,Raspberry_Relieve1,25.652322283333334,-100.2916093,39.328,0.0,0,12.94,99.1,-1,0.123,,,,,,2087,0.86,0.003075,9.601625
2026-07-13T10:08:18.130449,Raspberry_Relieve1,25.652322283333334,-100.2916093,39.328,0.0,0,12.94,99.1,-1,0.123,,,,,,2088,1.11,0.003978,9.605602
2026-07-13T10:08:19.130569,Raspberry_Relieve1,25.652322283333334,-100.2916093,39.328,0.0,0,12.94,99.1,-1,0.123,,,,,,2089,0.9,0.003217,9.60882
2026-07-13T10:08:20.130686,Raspberry_Relieve1,25.652322283333334,-100.2916093,39.328,0.0,0,12.94,99.1,-1,0.123,,,,,,2090,1.13,0.004047,9.612867
2026-07-13T10:08:21.130805,Raspberry_Relieve1,25.652322283333334,-100.2916093,39.327,0.0,0,12.94,99.1,-1,0.123,,,,,,2091,0.93,0.003348,9.616215
2026-07-13T10:08:22.130921,Raspberry_Relieve1,25.652322283333334,-100.2916093,39.329,0.0,0,12.94,99.1,-1,0.123,,,,,,2092,0.99,0.003569,9.619784
2026-07-13T10:08:23.131052,Raspberry_Relieve1,25.652322283333334,-100.2916093,39.328,0.0,0,12.94,99.1,-1,0.123,,,,,,2093,0.99,0.003547,9.62333
2026-07-13T10:08:24.131175,Raspberry_Relieve1,25.652322283333334,-100.2916093,39.328,0.0,0,12.94,99.1,-1,0.123,,,,,,2094,1.11,0.003973,9.627303
2026-07-13T10:08:25.131312,Raspberry_Relieve1,25.652322283333334,-100.2916093,39.328,0.0,0,12.94,99.1,-1,0.123,,,,,,2095,0.96,0.003447,9.63075
2026-07-13T10:08:26.131480,Raspberry_Relieve1,25.652322283333334,-100.2916093,39.328,0.0,0,12.94,99.1,-1,0.123,,,,,,2096,0.88,0.003177,9.633928
2026-07-13T10:08:27.131624,Raspberry_Relieve1,25.652322283333334,-100.2916093,39.327,0.0,0,12.94,99.1,-1,0.123,,,,,,2097,1.1,0.00394,9.637868
2026-07-13T10:08:28.131797,Raspberry_Relieve1,25.652322283333334,-100.2916093,39.328,0.0,0,12.94,99.1,-1,0.123,,,,,,2098,0.92,0.003295,9.641163
2026-07-13T10:08:29.131949,Raspberry_Relieve1,25.652322283333334,-100.2916093,39.328,0.0,0,12.94,99.1,-1,0.123,,,,,,2099,1.1,0.003968,9.645131
2026-07-13T10:08:30.132059,Raspberry_Relieve1,25.652322283333334,-100.2916093,39.328,0.0,0,12.94,99.1,-1,0.123,,,,,,2100,0.92,0.003309,9.648441
2026-07-13T10:08:31.132169,Raspberry_Relieve1,25.652322283333334,-100.2916093,39.328,0.0,0,12.94,99.1,-1,0.123,,,,,,2101,1.06,0.003816,9.652257
2026-07-13T10:08:32.132299,Raspberry_Relieve1,25.652322283333334,-100.2916093,39.328,0.0,0,12.94,99.1,-1,0.123,,,,,,2102,1.01,0.003612,9.655869
2026-07-13T10:08:33.132416,Raspberry_Relieve1,25.652322283333334,-100.2916093,39.328,0.0,0,12.94,99.1,-1,0.123,,,,,,2103,0.93,0.003333,9.659203
2026-07-13T10:08:34.132556,Raspberry_Relieve1,25.652322283333334,-100.2916093,39.328,0.0,0,12.94,99.1,-1,0.123,,,,,,2104,1.08,0.003892,9.663094
2026-07-13T10:08:35.132716,Raspberry_Relieve1,25.652322283333334,-100.2916093,39.327,0.0,0,12.94,99.1,-1,0.123,,,,,,2105,0.95,0.003426,9.66652
2026-07-13T10:08:36.132860,Raspberry_Relieve1,25.652322283333334,-100.2916093,39.327,0.0,0,12.94,99.1,-1,0.123,,,,,,2106,1.11,0.003985,9.670504
2026-07-13T10:08:37.132983,Raspberry_Relieve1,25.652322283333334,-100.2916093,39.327,0.0,0,12.94,99.1,-1,0.123,,,,,,2107,0.84,0.003016,9.67352
2026-07-13T10:08:38.133112,Raspberry_Relieve1,25.652322283333334,-100.2916093,39.326,0.0,0,12.94,99.1,-1,0.123,,,,,,2108,1.02,0.003676,9.677197
2026-07-13T10:08:39.133245,Raspberry_Relieve1,25.652322283333334,-100.2916093,39.327,0.0,0,12.94,99.1,-1,0.123,,,,,,2109,1.06,0.003808,9.681005
2026-07-13T10:08:40.133380,Raspberry_Relieve1,25.652322283333334,-100.2916093,39.327,0.0,0,12.94,99.1,-1,0.123,,,,,,2110,0.92,0.003304,9.684309
2026-07-13T10:08:41.133497,Raspberry_Relieve1,25.652322283333334,-100.2916093,39.326,0.0,0,12.94,99.1,-1,0.123,,,,,,2111,1.05,0.003763,9.688072
2026-07-13T10:08:42.133649,Raspberry_Relieve1,25.652322283333334,-100.2916093,39.327,0.0,0,12.94,99.1,-1,0.123,,,,,,2112,1.03,0.003693,9.691766
2026-07-13T10:08:43.133782,Raspberry_Relieve1,25.652322283333334,-100.2916093,39.327,0.0,0,12.94,99.1,-1,0.123,,,,,,2113,0.94,0.003375,9.695141
2026-07-13T10:08:44.133897,Raspberry_Relieve1,25.652322283333334,-100.2916093,39.327,0.0,0,12.94,99.1,-1,0.123,,,,,,2114,0.99,0.003572,9.698713
2026-07-13T10:08:45.134023,Raspberry_Relieve1,25.652322283333334,-100.2916093,39.328,0.0,0,12.94,99.1,-1,0.123,,,,,,2115,0.99,0.003573,9.702285
2026-07-13T10:08:46.134167,Raspberry_Relieve1,25.652322283333334,-100.2916093,39.326,0.0,0,12.94,99.1,-1,0.123,,,,,,2116,1.03,0.003702,9.705987
2026-07-13T10:08:47.134292,Raspberry_Relieve1,25.652322283333334,-100.2916093,39.328,0.0,0,12.94,99.1,-1,0.123,,,,,,2117,0.96,0.00345,9.709437
2026-07-13T10:08:48.134426,Raspberry_Relieve1,25.652322283333334,-100.2916093,39.327,0.0,0,12.94,99.1,-1,0.123,,,,,,2118,1.08,0.003878,9.713316
2026-07-13T10:08:49.134540,Raspberry_Relieve1,25.652322283333334,-100.2916093,39.327,0.0,0,12.94,99.1,-1,0.123,,,,,,2119,1.0,0.003577,9.716893
2026-07-13T10:08:50.134668,Raspberry_Relieve1,25.652322283333334,-100.2916093,39.327,0.0,0,12.94,99.1,-1,0.123,,,,,,2120,0.95,0.003423,9.720316
2026-07-13T10:08:51.134841,Raspberry_Relieve1,25.652322283333334,-100.2916093,39.325,0.0,0,12.94,99.1,-1,0.123,,,,,,2121,1.06,0.003826,9.724142
2026-07-13T10:08:52.134966,Raspberry_Relieve1,25.652322283333334,-100.2916093,39.327,0.0,0,12.94,99.1,-1,0.123,,,,,,2122,0.92,0.003293,9.727435
2026-07-13T10:08:53.135088,Raspberry_Relieve1,25.652322283333334,-100.2916093,39.326,0.0,0,12.94,99.1,-1,0.123,,,,,,2123,1.12,0.004018,9.731453
2026-07-13T10:08:54.135205,Raspberry_Relieve1,25.652322283333334,-100.2916093,39.326,0.0,0,12.94,99.1,-1,0.123,,,,,,2124,1.01,0.003631,9.735084
2026-07-13T10:08:55.135343,Raspberry_Relieve1,25.652322283333334,-100.2916093,39.325,0.0,0,12.94,99.1,-1,0.123,,,,,,2125,0.95,0.003427,9.738511
2026-07-13T10:08:56.135448,Raspberry_Relieve1,25.652322283333334,-100.2916093,39.325,0.0,0,12.94,99.1,-1,0.123,,,,,,2126,0.96,0.003461,9.741972
2026-07-13T10:08:57.135589,Raspberry_Relieve1,25.652322283333334,-100.2916093,39.325,0.0,0,12.94,99.1,-1,0.123,,,,,,2127,0.96,0.00345,9.745422
2026-07-13T10:08:58.135683,Raspberry_Relieve1,25.652322283333334,-100.2916093,39.325,0.0,0,12.94,99.1,-1,0.123,,,,,,2128,1.08,0.003888,9.74931
2026-07-13T10:08:59.135840,Raspberry_Relieve1,25.652322283333334,-100.2916093,39.325,0.0,0,12.94,99.1,-1,0.123,,,,,,2129,1.06,0.003821,9.753131
2026-07-13T10:09:00.136057,Raspberry_Relieve1,25.652322283333334,-100.2916093,39.326,0.0,0,12.94,99.1,-1,0.123,,,,,,2130,0.91,0.003252,9.756383
2026-07-13T10:09:01.136204,Raspberry_Relieve1,25.652322283333334,-100.2916093,39.326,0.0,0,12.94,99.1,-1,0.123,,,,,,2131,0.96,0.003432,9.759816
2026-07-13T10:09:02.136287,Raspberry_Relieve1,25.652322283333334,-100.2916093,39.326,0.0,0,12.94,99.1,-1,0.123,,,,,,2132,1.0,0.003601,9.763417
2026-07-13T10:09:03.136434,Raspberry_Relieve1,25.652322283333334,-100.2916093,39.326,0.0,0,12.94,99.1,-1,0.123,,,,,,2133,1.05,0.003758,9.767174
2026-07-13T10:09:04.136512,Raspberry_Relieve1,25.652322283333334,-100.2916093,39.325,0.0,0,12.94,99.1,-1,0.123,,,,,,2134,1.05,0.003769,9.770944
2026-07-13T10:09:05.136638,Raspberry_Relieve1,25.652322283333334,-100.2916093,39.326,0.0,0,12.94,99.1,-1,0.123,,,,,,2135,0.92,0.003316,9.77426
2026-07-13T10:09:06.136761,Raspberry_Relieve1,25.652322283333334,-100.2916093,39.327,0.0,0,12.94,99.1,-1,0.123,,,,,,2136,1.02,0.003672,9.777932
2026-07-13T10:09:07.136916,Raspberry_Relieve1,25.652322283333334,-100.2916093,39.327,0.0,0,12.94,99.1,-1,0.123,,,,,,2137,1.02,0.003679,9.781611
2026-07-13T10:09:08.137041,Raspberry_Relieve1,25.652322283333334,-100.2916093,39.327,0.0,0,12.94,99.1,-1,0.123,,,,,,2138,0.99,0.003561,9.785172
2026-07-13T10:09:09.137177,Raspberry_Relieve1,25.652322283333334,-100.2916093,39.327,0.0,0,12.94,99.1,-1,0.123,,,,,,2139,1.0,0.003584,9.788756
2026-07-13T10:09:10.137293,Raspberry_Relieve1,25.652322283333334,-100.2916093,39.328,0.0,0,12.94,99.1,-1,0.123,,,,,,2140,0.96,0.003438,9.792194
2026-07-13T10:09:11.137416,Raspberry_Relieve1,25.652322283333334,-100.2916093,39.327,0.0,0,12.94,99.1,-1,0.123,,,,,,2141,0.99,0.00357,9.795764
2026-07-13T10:09:12.137556,Raspberry_Relieve1,25.652322283333334,-100.2916093,39.325,0.0,0,12.94,99.1,-1,0.123,,,,,,2142,1.05,0.003774,9.799539
2026-07-13T10:09:13.137685,Raspberry_Relieve1,25.652322283333334,-100.2916093,39.327,0.0,0,12.94,99.1,-1,0.123,,,,,,2143,1.01,0.003613,9.803152
2026-07-13T10:09:14.137825,Raspberry_Relieve1,25.652322283333334,-100.2916093,39.327,0.0,0,12.94,99.1,-1,0.123,,,,,,2144,0.94,0.003378,9.80653
2026-07-13T10:09:15.137957,Raspberry_Relieve1,25.652322283333334,-100.2916093,39.327,0.0,0,12.94,99.1,-1,0.123,,,,,,2145,1.08,0.003893,9.810423
2026-07-13T10:09:16.138082,Raspberry_Relieve1,25.652322283333334,-100.2916093,39.326,0.0,0,12.94,99.1,-1,0.123,,,,,,2146,1.0,0.003601,9.814024
2026-07-13T10:09:17.138214,Raspberry_Relieve1,25.652322283333334,-100.2916093,39.326,0.0,0,12.94,99.1,-1,0.123,,,,,,2147,0.88,0.003179,9.817203
2026-07-13T10:09:18.138336,Raspberry_Relieve1,25.652322283333334,-100.2916093,39.327,0.0,0,12.94,99.1,-1,0.123,,,,,,2148,1.15,0.00412,9.821323
2026-07-13T10:09:19.138462,Raspberry_Relieve1,25.652322283333334,-100.2916093,39.326,0.0,0,12.94,99.1,-1,0.123,,,,,,2149,0.99,0.003556,9.824878
2026-07-13T10:09:20.138592,Raspberry_Relieve1,25.652322283333334,-100.2916093,39.326,0.0,0,12.94,99.1,-1,0.123,,,,,,2150,0.95,0.003428,9.828306
2026-07-13T10:09:21.138749,Raspberry_Relieve1,25.652322283333334,-100.2916093,39.325,0.0,0,12.94,99.1,-1,0.123,,,,,,2151,0.91,0.003262,9.831568
2026-07-13T10:09:22.138873,Raspberry_Relieve1,25.652322283333334,-100.2916093,39.326,0.0,0,12.94,99.1,-1,0.123,,,,,,2152,1.07,0.003834,9.835402
2026-07-13T10:09:23.139003,Raspberry_Relieve1,25.652322283333334,-100.2916093,39.325,0.0,0,12.94,99.1,-1,0.123,,,,,,2153,0.97,0.003471,9.838873
2026-07-13T10:09:24.139148,Raspberry_Relieve1,25.652322283333334,-100.2916093,39.326,0.0,0,12.94,99.1,-1,0.123,,,,,,2154,1.01,0.003629,9.842502
2026-07-13T10:09:25.139275,Raspberry_Relieve1,25.652322283333334,-100.2916093,39.326,0.0,0,12.94,99.1,-1,0.123,,,,,,2155,1.09,0.003912,9.846414
2026-07-13T10:09:26.139398,Raspberry_Relieve1,25.652322283333334,-100.2916093,39.326,0.0,0,12.94,99.1,-1,0.123,,,,,,2156,0.91,0.003265,9.849679
2026-07-13T10:09:27.139542,Raspberry_Relieve1,25.652322283333334,-100.2916093,39.325,0.0,0,12.94,99.1,-1,0.123,,,,,,2157,1.07,0.003848,9.853527
2026-07-13T10:09:28.139673,Raspberry_Relieve1,25.652322283333334,-100.2916093,39.327,0.0,0,12.94,99.1,-1,0.123,,,,,,2158,0.9,0.003241,9.856768
2026-07-13T10:09:29.139813,Raspberry_Relieve1,25.652322283333334,-100.2916093,39.326,0.0,0,12.94,99.1,-1,0.123,,,,,,2159,1.05,0.003777,9.860545
2026-07-13T10:09:30.139959,Raspberry_Relieve1,25.652322283333334,-100.2916093,39.325,0.0,0,12.94,99.1,-1,0.123,,,,,,2160,1.08,0.003875,9.86442
2026-07-13T10:09:31.140062,Raspberry_Relieve1,25.652322283333334,-100.2916093,39.325,0.0,0,12.94,99.1,-1,0.123,,,,,,2161,0.92,0.003303,9.867723
2026-07-13T10:09:32.140176,Raspberry_Relieve1,25.652322283333334,-100.2916093,39.326,0.0,0,12.94,99.1,-1,0.123,,,,,,2162,1.09,0.003913,9.871636
2026-07-13T10:09:33.140306,Raspberry_Relieve1,25.652322283333334,-100.2916093,39.326,0.0,0,12.94,99.1,-1,0.123,,,,,,2163,0.86,0.003088,9.874724
2026-07-13T10:09:34.140442,Raspberry_Relieve1,25.652322283333334,-100.2916093,39.325,0.0,0,12.94,99.1,-1,0.123,,,,,,2164,1.12,0.004022,9.878746
2026-07-13T10:09:35.140561,Raspberry_Relieve1,25.652322283333334,-100.2916093,39.326,0.0,0,12.94,99.1,-1,0.123,,,,,,2165,0.93,0.003334,9.88208
2026-07-13T10:09:36.141258,Raspberry_Relieve1,25.652322283333334,-100.2916093,39.326,0.0,0,12.94,99.1,-1,0.123,,,,,,2166,1.07,0.003829,9.88591
2026-07-13T10:09:37.141375,Raspberry_Relieve1,25.652322283333334,-100.2916093,39.325,0.0,0,12.94,99.1,-1,0.123,,,,,,2167,0.94,0.00336,9.88927
2026-07-13T10:09:38.141493,Raspberry_Relieve1,25.652322283333334,-100.2916093,39.326,0.0,0,12.94,99.1,-1,0.123,,,,,,2168,1.13,0.004055,9.893325
2026-07-13T10:09:39.141608,Raspberry_Relieve1,25.652322283333334,-100.2916093,39.325,0.0,0,12.94,99.1,-1,0.123,,,,,,2169,0.84,0.00302,9.896345
2026-07-13T10:09:40.141708,Raspberry_Relieve1,25.652322283333334,-100.2916093,39.324,0.0,0,12.94,99.1,-1,0.123,,,,,,2170,1.1,0.003957,9.900302
2026-07-13T10:09:41.141832,Raspberry_Relieve1,25.652322283333334,-100.2916093,39.324,0.0,0,12.94,99.1,-1,0.123,,,,,,2171,0.89,0.003195,9.903497
2026-07-13T10:09:42.141953,Raspberry_Relieve1,25.652322283333334,-100.2916093,39.323,0.0,0,12.94,99.1,-1,0.123,,,,,,2172,1.02,0.00368,9.907177
2026-07-13T10:09:43.142061,Raspberry_Relieve1,25.652322283333334,-100.2916093,39.324,0.0,0,12.94,99.1,-1,0.123,,,,,,2173,0.98,0.003538,9.910715
2026-07-13T10:09:44.142179,Raspberry_Relieve1,25.652322283333334,-100.2916093,39.326,0.0,0,12.94,99.1,-1,0.123,,,,,,2174,1.05,0.003788,9.914504
2026-07-13T10:09:45.142293,Raspberry_Relieve1,25.652322283333334,-100.2916093,39.324,0.0,0,12.94,99.1,-1,0.123,,,,,,2175,1.02,0.003651,9.918155
2026-07-13T10:09:46.142409,Raspberry_Relieve1,25.652322283333334,-100.2916093,39.324,0.0,0,12.94,99.1,-1,0.123,,,,,,2176,1.02,0.003662,9.921818
2026-07-13T10:09:47.142512,Raspberry_Relieve1,25.652322283333334,-100.2916093,39.324,0.0,0,12.94,99.1,-1,0.123,,,,,,2177,0.99,0.003565,9.925383
2026-07-13T10:09:48.142626,Raspberry_Relieve1,25.652322283333334,-100.2916093,39.325,0.0,0,12.94,99.1,-1,0.123,,,,,,2178,1.0,0.003602,9.928985
2026-07-13T10:09:49.142770,Raspberry_Relieve1,25.652322283333334,-100.2916093,39.324,0.0,0,12.94,99.1,-1,0.123,,,,,,2179,1.01,0.003638,9.932623
2026-07-13T10:09:50.142888,Raspberry_Relieve1,25.652322283333334,-100.2916093,39.325,0.0,0,12.94,99.1,-1,0.123,,,,,,2180,0.89,0.00321,9.935833
2026-07-13T10:09:51.143027,Raspberry_Relieve1,25.652322283333334,-100.2916093,39.323,0.0,0,12.94,99.1,-1,0.123,,,,,,2181,1.0,0.003608,9.939441
2026-07-13T10:09:52.143153,Raspberry_Relieve1,25.652322283333334,-100.2916093,39.324,0.0,0,12.94,99.1,-1,0.123,,,,,,2182,1.05,0.003784,9.943225
2026-07-13T10:09:53.143268,Raspberry_Relieve1,25.652322283333334,-100.2916093,39.323,0.0,0,12.94,99.1,-1,0.123,,,,,,2183,1.06,0.003799,9.947025
2026-07-13T10:09:54.143371,Raspberry_Relieve1,25.652322283333334,-100.2916093,39.324,0.0,0,12.94,99.1,-1,0.123,,,,,,2184,0.9,0.003232,9.950257
2026-07-13T10:09:55.143505,Raspberry_Relieve1,25.652322283333334,-100.2916093,39.325,0.0,0,12.94,99.1,-1,0.123,,,,,,2185,1.0,0.003608,9.953865
2026-07-13T10:09:56.143628,Raspberry_Relieve1,25.652322283333334,-100.2916093,39.325,0.0,0,12.94,99.1,-1,0.123,,,,,,2186,1.0,0.003606,9.957471
2026-07-13T10:09:57.143813,Raspberry_Relieve1,25.652322283333334,-100.2916093,39.325,0.0,0,12.94,99.1,-1,0.123,,,,,,2187,1.1,0.00397,9.961441
2026-07-13T10:09:58.143962,Raspberry_Relieve1,25.652322283333334,-100.2916093,39.323,0.0,0,12.94,99.1,-1,0.123,,,,,,2188,0.91,0.003268,9.964709
2026-07-13T10:09:59.144081,Raspberry_Relieve1,25.652322283333334,-100.2916093,39.324,0.0,0,12.94,99.1,-1,0.123,,,,,,2189,1.03,0.003692,9.968401
2026-07-13T10:10:00.144212,Raspberry_Relieve1,25.652322283333334,-100.2916093,39.323,0.0,0,12.94,99.1,-1,0.123,,,,,,2190,1.04,0.003735,9.972136
2026-07-13T10:10:01.144276,Raspberry_Relieve1,25.652322283333334,-100.2916093,39.322,0.0,0,12.94,99.1,-1,0.123,,,,,,2191,0.9,0.003251,9.975388
2026-07-13T10:10:02.144363,Raspberry_Relieve1,25.652322283333334,-100.2916093,39.324,0.0,0,12.94,99.1,-1,0.123,,,,,,2192,1.06,0.003817,9.979205
2026-07-13T10:10:03.144454,Raspberry_Relieve1,25.652322283333334,-100.2916093,39.324,0.0,0,12.94,99.1,-1,0.123,,,,,,2193,1.0,0.003589,9.982794
2026-07-13T10:10:04.144543,Raspberry_Relieve1,25.652322283333334,-100.2916093,39.324,0.0,0,12.94,99.1,-1,0.123,,,,,,2194,0.95,0.003414,9.986208
2026-07-13T10:10:05.144633,Raspberry_Relieve1,25.652322283333334,-100.2916093,39.323,0.0,0,12.94,99.1,-1,0.123,,,,,,2195,1.05,0.003772,9.98998
2026-07-13T10:10:06.144774,Raspberry_Relieve1,25.652322283333334,-100.2916093,39.325,0.0,0,12.94,99.1,-1,0.123,,,,,,2196,1.04,0.003744,9.993724
2026-07-13T10:10:07.144884,Raspberry_Relieve1,25.652322283333334,-100.2916093,39.324,0.0,0,12.94,99.1,-1,0.123,,,,,,2197,0.94,0.003369,9.997094
2026-07-13T10:10:08.145000,Raspberry_Relieve1,25.652322283333334,-100.2916093,39.325,0.0,0,12.94,99.1,-1,0.123,,,,,,2198,1.02,0.003674,10.000768
2026-07-13T10:10:09.145116,Raspberry_Relieve1,25.652322283333334,-100.2916093,39.327,0.0,0,12.94,99.1,-1,0.123,,,,,,2199,0.93,0.003347,10.004115
2026-07-13T10:10:10.145226,Raspberry_Relieve1,25.652322283333334,-100.2916093,39.326,0.0,0,12.94,99.1,-1,0.123,,,,,,2200,1.1,0.003966,10.008081
2026-07-13T10:10:11.145337,Raspberry_Relieve1,25.652322283333334,-100.2916093,39.325,0.0,0,12.94,99.1,-1,0.123,,,,,,2201,0.89,0.003189,10.011271
2026-07-13T10:10:12.145447,Raspberry_Relieve1,25.652322283333334,-100.2916093,39.326,0.0,0,12.94,99.1,-1,0.123,,,,,,2202,1.07,0.003839,10.01511
2026-07-13T10:10:13.145555,Raspberry_Relieve1,25.652322283333334,-100.2916093,39.325,0.0,0,12.94,99.1,-1,0.123,,,,,,2203,0.93,0.003332,10.018442
2026-07-13T10:10:14.145676,Raspberry_Relieve1,25.652322283333334,-100.2916093,39.324,0.0,0,12.94,99.1,-1,0.123,,,,,,2204,1.13,0.004049,10.022492
2026-07-13T10:10:15.145787,Raspberry_Relieve1,25.652322283333334,-100.2916093,39.324,0.0,0,12.94,99.1,-1,0.123,,,,,,2205,0.97,0.003476,10.025968
2026-07-13T10:10:16.145901,Raspberry_Relieve1,25.652322283333334,-100.2916093,39.324,0.0,0,12.94,99.1,-1,0.123,,,,,,2206,1.01,0.003618,10.029585
2026-07-13T10:10:17.146005,Raspberry_Relieve1,25.652322283333334,-100.2916093,39.325,0.0,0,12.94,99.1,-1,0.123,,,,,,2207,0.96,0.003444,10.033029
2026-07-13T10:10:18.146114,Raspberry_Relieve1,25.652322283333334,-100.2916093,39.325,0.0,0,12.94,99.1,-1,0.123,,,,,,2208,1.07,0.003851,10.03688
2026-07-13T10:10:19.146215,Raspberry_Relieve1,25.652322283333334,-100.2916093,39.325,0.0,0,12.94,99.1,-1,0.123,,,,,,2209,0.97,0.003478,10.040358
2026-07-13T10:10:20.146333,Raspberry_Relieve1,25.652322283333334,-100.2916093,39.325,0.0,0,12.94,99.1,-1,0.123,,,,,,2210,0.93,0.003324,10.043683
2026-07-13T10:10:21.146450,Raspberry_Relieve1,25.652322283333334,-100.2916093,39.325,0.0,0,12.94,99.1,-1,0.123,,,,,,2211,0.97,0.00347,10.047152
2026-07-13T10:10:22.146560,Raspberry_Relieve1,25.652322283333334,-100.2916093,39.325,0.0,0,12.94,99.1,-1,0.123,,,,,,2212,1.12,0.004028,10.051181
2026-07-13T10:10:23.146669,Raspberry_Relieve1,25.652322283333334,-100.2916093,39.325,0.0,0,12.94,99.1,-1,0.123,,,,,,2213,0.91,0.003269,10.05445
2026-07-13T10:10:24.146791,Raspberry_Relieve1,25.652322283333334,-100.2916093,39.326,0.0,0,12.94,99.1,-1,0.123,,,,,,2214,1.11,0.003984,10.058434
2026-07-13T10:10:25.146900,Raspberry_Relieve1,25.652322283333334,-100.2916093,39.326,0.0,0,12.94,99.1,-1,0.123,,,,,,2215,0.94,0.003373,10.061807
2026-07-13T10:10:26.147006,Raspberry_Relieve1,25.652322283333334,-100.2916093,39.324,0.0,0,12.94,99.1,-1,0.123,,,,,,2216,1.0,0.003576,10.065383
2026-07-13T10:10:27.147146,Raspberry_Relieve1,25.652322283333334,-100.2916093,39.325,0.0,0,12.94,99.1,-1,0.123,,,,,,2217,1.08,0.003877,10.069261
2026-07-13T10:10:28.147373,Raspberry_Relieve1,25.652322283333334,-100.2916093,39.325,0.0,0,12.94,99.1,-1,0.123,,,,,,2218,0.97,0.003483,10.072744
2026-07-13T10:10:29.147526,Raspberry_Relieve1,25.652322283333334,-100.2916093,39.325,0.0,0,12.94,99.1,-1,0.123,,,,,,2219,0.91,0.003287,10.07603
2026-07-13T10:10:30.147640,Raspberry_Relieve1,25.652322283333334,-100.2916093,39.325,0.0,0,12.94,99.1,-1,0.123,,,,,,2220,1.04,0.00372,10.07975
2026-07-13T10:10:31.147749,Raspberry_Relieve1,25.652322283333334,-100.2916093,39.324,0.0,0,12.94,99.1,-1,0.123,,,,,,2221,0.99,0.003561,10.083311
2026-07-13T10:10:32.147857,Raspberry_Relieve1,25.652322283333334,-100.2916093,39.325,0.0,0,12.94,99.1,-1,0.123,,,,,,2222,1.12,0.004022,10.087332
2026-07-13T10:10:33.147958,Raspberry_Relieve1,25.652322283333334,-100.2916093,39.324,0.0,0,12.94,99.1,-1,0.123,,,,,,2223,0.89,0.003211,10.090543
2026-07-13T10:10:34.148063,Raspberry_Relieve1,25.652322283333334,-100.2916093,39.324,0.0,0,12.94,99.1,-1,0.123,,,,,,2224,0.95,0.00342,10.093963
2026-07-13T10:10:35.148292,Raspberry_Relieve1,25.652322283333334,-100.2916093,39.324,0.0,0,12.94,99.1,-1,0.123,,,,,,2225,1.01,0.003622,10.097585
2026-07-13T10:10:36.148398,Raspberry_Relieve1,25.652322283333334,-100.2916093,39.325,0.0,0,12.94,99.1,-1,0.123,,,,,,2226,1.15,0.004126,10.101711
2026-07-13T10:10:37.148512,Raspberry_Relieve1,25.652322283333334,-100.2916093,39.325,0.0,0,12.94,99.1,-1,0.123,,,,,,2227,0.83,0.002979,10.10469
2026-07-13T10:10:38.148636,Raspberry_Relieve1,25.652322283333334,-100.2916093,39.323,0.0,0,12.94,99.1,-1,0.123,,,,,,2228,1.01,0.003617,10.108307
2026-07-13T10:10:39.148761,Raspberry_Relieve1,25.652322283333334,-100.2916093,39.323,0.0,0,12.94,99.1,-1,0.123,,,,,,2229,1.11,0.004001,10.112308
2026-07-13T10:10:40.149003,Raspberry_Relieve1,25.652322283333334,-100.2916093,39.323,0.0,0,12.94,99.1,-1,0.123,,,,,,2230,1.01,0.003621,10.115929
2026-07-13T10:10:41.149236,Raspberry_Relieve1,25.652322283333334,-100.2916093,39.323,0.0,0,12.94,99.1,-1,0.123,,,,,,2231,0.99,0.003559,10.119488
2026-07-13T10:10:42.149351,Raspberry_Relieve1,25.652322283333334,-100.2916093,39.325,0.0,0,12.94,99.1,-1,0.123,,,,,,2232,0.94,0.003367,10.122855
2026-07-13T10:10:43.149471,Raspberry_Relieve1,25.652322283333334,-100.2916093,39.325,0.0,0,12.94,99.1,-1,0.123,,,,,,2233,1.05,0.003768,10.126623
2026-07-13T10:10:44.149590,Raspberry_Relieve1,25.652322283333334,-100.2916093,39.324,0.0,0,12.94,99.1,-1,0.123,,,,,,2234,0.93,0.003348,10.129971
2026-07-13T10:10:45.149708,Raspberry_Relieve1,25.652322283333334,-100.2916093,39.325,0.0,0,12.94,99.1,-1,0.123,,,,,,2235,0.97,0.003492,10.133463
2026-07-13T10:10:46.149819,Raspberry_Relieve1,25.652322283333334,-100.2916093,39.324,0.0,0,12.94,99.1,-1,0.123,,,,,,2236,1.09,0.003932,10.137394
2026-07-13T10:10:47.149940,Raspberry_Relieve1,25.652322283333334,-100.2916093,39.324,0.0,0,12.94,99.1,-1,0.123,,,,,,2237,0.94,0.003375,10.140769
2026-07-13T10:10:48.150069,Raspberry_Relieve1,25.652322283333334,-100.2916093,39.324,0.0,0,12.94,99.1,-1,0.123,,,,,,2238,1.01,0.003617,10.144386
2026-07-13T10:10:49.150278,Raspberry_Relieve1,25.652322283333334,-100.2916093,39.324,0.0,0,12.94,99.1,-1,0.123,,,,,,2239,0.95,0.003399,10.147785
2026-07-13T10:10:50.150491,Raspberry_Relieve1,25.652322283333334,-100.2916093,39.325,0.0,0,12.94,99.1,-1,0.123,,,,,,2240,1.1,0.00396,10.151745
2026-07-13T10:10:51.150622,Raspberry_Relieve1,25.652322283333334,-100.2916093,39.323,0.0,0,12.94,99.1,-1,0.123,,,,,,2241,0.95,0.003413,10.155157
2026-07-13T10:10:52.150737,Raspberry_Relieve1,25.652322283333334,-100.2916093,39.323,0.0,0,12.94,99.1,-1,0.123,,,,,,2242,0.98,0.003534,10.158691
2026-07-13T10:10:53.150861,Raspberry_Relieve1,25.652322283333334,-100.2916093,39.323,0.0,0,12.94,99.1,-1,0.123,,,,,,2243,1.08,0.00389,10.162582
2026-07-13T10:10:54.150978,Raspberry_Relieve1,25.652322283333334,-100.2916093,39.323,0.0,0,12.94,99.1,-1,0.123,,,,,,2244,0.91,0.003265,10.165847
2026-07-13T10:10:55.151108,Raspberry_Relieve1,25.652322283333334,-100.2916093,39.323,0.0,0,12.94,99.1,-1,0.123,,,,,,2245,1.01,0.003614,10.169461
2026-07-13T10:10:56.151233,Raspberry_Relieve1,25.652322283333334,-100.2916093,39.324,0.0,0,12.94,99.1,-1,0.123,,,,,,2246,1.0,0.003583,10.173044
2026-07-13T10:10:57.151360,Raspberry_Relieve1,25.652322283333334,-100.2916093,39.322,0.0,0,12.94,99.1,-1,0.123,,,,,,2247,1.08,0.003864,10.176908
2026-07-13T10:10:58.151481,Raspberry_Relieve1,25.652322283333334,-100.2916093,39.323,0.0,0,12.94,99.1,-1,0.123,,,,,,2248,0.96,0.003452,10.18036
2026-07-13T10:10:59.151606,Raspberry_Relieve1,25.652322283333334,-100.2916093,39.322,0.0,0,12.94,99.1,-1,0.123,,,,,,2249,0.97,0.003485,10.183846
2026-07-13T10:11:00.151717,Raspberry_Relieve1,25.652322283333334,-100.2916093,39.323,0.0,0,12.94,99.1,-1,0.123,,,,,,2250,1.07,0.003863,10.187708
2026-07-13T10:11:01.151805,Raspberry_Relieve1,25.652322283333334,-100.2916093,39.322,0.0,0,12.94,99.1,-1,0.123,,,,,,2251,0.99,0.003564,10.191272
2026-07-13T10:11:02.151924,Raspberry_Relieve1,25.652322283333334,-100.2916093,39.321,0.0,0,12.94,99.1,-1,0.123,,,,,,2252,1.01,0.00362,10.194892
2026-07-13T10:11:03.151993,Raspberry_Relieve1,25.652322283333334,-100.2916093,39.321,0.0,0,12.94,99.1,-1,0.123,,,,,,2253,0.91,0.003261,10.198153
2026-07-13T10:11:04.152097,Raspberry_Relieve1,25.652322283333334,-100.2916093,39.322,0.0,0,12.94,99.1,-1,0.123,,,,,,2254,1.04,0.00372,10.201873
2026-07-13T10:11:05.152188,Raspberry_Relieve1,25.652322283333334,-100.2916093,39.321,0.0,0,12.94,99.1,-1,0.123,,,,,,2255,1.08,0.003881,10.205753
2026-07-13T10:11:06.152334,Raspberry_Relieve1,25.652322283333334,-100.2916093,39.321,0.0,0,12.94,99.1,-1,0.123,,,,,,2256,0.9,0.003227,10.20898
2026-07-13T10:11:07.152466,Raspberry_Relieve1,25.652322283333334,-100.2916093,39.322,0.0,0,12.94,99.1,-1,0.123,,,,,,2257,1.09,0.003921,10.212901
2026-07-13T10:11:08.152568,Raspberry_Relieve1,25.652322283333334,-100.2916093,39.321,0.0,0,12.94,99.1,-1,0.123,,,,,,2258,1.0,0.003593,10.216494
2026-07-13T10:11:09.152673,Raspberry_Relieve1,25.652322283333334,-100.2916093,39.323,0.0,0,12.94,99.1,-1,0.123,,,,,,2259,0.91,0.003259,10.219753
2026-07-13T10:11:10.152778,Raspberry_Relieve1,25.652322283333334,-100.2916093,39.322,0.0,0,12.94,99.1,-1,0.123,,,,,,2260,1.07,0.003841,10.223594
2026-07-13T10:11:11.152885,Raspberry_Relieve1,25.652322283333334,-100.2916093,39.322,0.0,0,12.94,99.1,-1,0.123,,,,,,2261,1.03,0.003684,10.227278
2026-07-13T10:11:12.152992,Raspberry_Relieve1,25.652322283333334,-100.2916093,39.323,0.0,0,12.94,99.1,-1,0.123,,,,,,2262,1.03,0.003712,10.230991
2026-07-13T10:11:13.153129,Raspberry_Relieve1,25.652322283333334,-100.2916093,39.321,0.0,0,12.94,99.1,-1,0.123,,,,,,2263,0.89,0.003214,10.234205
2026-07-13T10:11:14.153231,Raspberry_Relieve1,25.652322283333334,-100.2916093,39.323,0.0,0,12.94,99.1,-1,0.123,,,,,,2264,1.06,0.003806,10.238011
2026-07-13T10:11:15.153329,Raspberry_Relieve1,25.652322283333334,-100.2916093,39.322,0.0,0,12.94,99.1,-1,0.123,,,,,,2265,1.11,0.003979,10.24199
2026-07-13T10:11:16.153445,Raspberry_Relieve1,25.652322283333334,-100.2916093,39.322,0.0,0,12.94,99.1,-1,0.123,,,,,,2266,0.8,0.002892,10.244882
2026-07-13T10:11:17.153569,Raspberry_Relieve1,25.652322283333334,-100.2916093,39.322,0.0,0,12.94,99.1,-1,0.123,,,,,,2267,1.08,0.003888,10.24877
2026-07-13T10:11:18.153671,Raspberry_Relieve1,25.652322283333334,-100.2916093,39.323,0.0,0,12.94,99.1,-1,0.123,,,,,,2268,1.01,0.003624,10.252394
2026-07-13T10:11:19.153824,Raspberry_Relieve1,25.652322283333334,-100.2916093,39.323,0.0,0,12.94,99.1,-1,0.123,,,,,,2269,0.97,0.003498,10.255892
2026-07-13T10:11:20.153991,Raspberry_Relieve1,25.652322283333334,-100.2916093,39.324,0.0,0,12.94,99.1,-1,0.123,,,,,,2270,1.01,0.003619,10.259511
2026-07-13T10:11:21.154101,Raspberry_Relieve1,25.652322283333334,-100.2916093,39.324,0.0,0,12.94,99.1,-1,0.123,,,,,,2271,0.91,0.003285,10.262796
2026-07-13T10:11:22.154201,Raspberry_Relieve1,25.652322283333334,-100.2916093,39.323,0.0,0,12.94,99.1,-1,0.123,,,,,,2272,1.08,0.003867,10.266663
2026-07-13T10:11:23.154378,Raspberry_Relieve1,25.652322283333334,-100.2916093,39.323,0.0,0,12.94,99.1,-1,0.123,,,,,,2273,1.02,0.003662,10.270325
2026-07-13T10:11:24.154497,Raspberry_Relieve1,25.652322283333334,-100.2916093,39.322,0.0,0,12.94,99.1,-1,0.123,,,,,,2274,0.91,0.003284,10.273609
2026-07-13T10:11:25.154610,Raspberry_Relieve1,25.652322283333334,-100.2916093,39.323,0.0,0,12.94,99.1,-1,0.123,,,,,,2275,1.04,0.003738,10.277348
2026-07-13T10:11:26.154722,Raspberry_Relieve1,25.652322283333334,-100.2916093,39.323,0.0,0,12.94,99.1,-1,0.123,,,,,,2276,0.98,0.003527,10.280875
2026-07-13T10:11:27.154891,Raspberry_Relieve1,25.652322283333334,-100.2916093,39.323,0.0,0,12.94,99.1,-1,0.123,,,,,,2277,1.07,0.003838,10.284712
2026-07-13T10:11:28.155036,Raspberry_Relieve1,25.652322283333334,-100.2916093,39.322,0.0,0,12.94,99.1,-1,0.123,,,,,,2278,0.93,0.003355,10.288067
2026-07-13T10:11:29.155137,Raspberry_Relieve1,25.652322283333334,-100.2916093,39.322,0.0,0,12.94,99.1,-1,0.123,,,,,,2279,1.04,0.003724,10.291792
2026-07-13T10:11:30.155242,Raspberry_Relieve1,25.652322283333334,-100.2916093,39.322,0.0,0,12.94,99.1,-1,0.123,,,,,,2280,0.97,0.003487,10.295278
2026-07-13T10:11:31.155363,Raspberry_Relieve1,25.652322283333334,-100.2916093,39.323,0.0,0,12.94,99.1,-1,0.123,,,,,,2281,1.04,0.003723,10.299001
2026-07-13T10:11:32.155474,Raspberry_Relieve1,25.652322283333334,-100.2916093,39.323,0.0,0,12.94,99.1,-1,0.123,,,,,,2282,1.02,0.003662,10.302663
2026-07-13T10:11:33.155592,Raspberry_Relieve1,25.652322283333334,-100.2916093,39.321,0.0,0,12.94,99.1,-1,0.123,,,,,,2283,0.92,0.003317,10.30598
2026-07-13T10:11:34.155694,Raspberry_Relieve1,25.652322283333334,-100.2916093,39.321,0.0,0,12.94,99.1,-1,0.123,,,,,,2284,1.06,0.003824,10.309803
2026-07-13T10:11:35.155807,Raspberry_Relieve1,25.652322283333334,-100.2916093,39.323,0.0,0,12.94,99.1,-1,0.123,,,,,,2285,1.11,0.00398,10.313784
2026-07-13T10:11:36.155969,Raspberry_Relieve1,25.652322283333334,-100.2916093,39.322,0.0,0,12.94,99.1,-1,0.123,,,,,,2286,0.9,0.003237,10.317021
2026-07-13T10:11:37.156056,Raspberry_Relieve1,25.652322283333334,-100.2916093,39.322,0.0,0,12.94,99.1,-1,0.123,,,,,,2287,0.92,0.003291,10.320312
2026-07-13T10:11:38.156182,Raspberry_Relieve1,25.652322283333334,-100.2916093,39.322,0.0,0,12.94,99.1,-1,0.123,,,,,,2288,1.1,0.003955,10.324267
2026-07-13T10:11:39.156290,Raspberry_Relieve1,25.652322283333334,-100.2916093,39.321,0.0,0,12.94,99.1,-1,0.123,,,,,,2289,0.98,0.003534,10.327801
2026-07-13T10:11:40.156386,Raspberry_Relieve1,25.652322283333334,-100.2916093,39.322,0.0,0,12.94,99.1,-1,0.123,,,,,,2290,0.96,0.003441,10.331242
2026-07-13T10:11:41.156521,Raspberry_Relieve1,25.652322283333334,-100.2916093,39.322,0.0,0,12.94,99.1,-1,0.123,,,,,,2291,1.18,0.004238,10.33548
2026-07-13T10:11:42.156621,Raspberry_Relieve1,25.652322283333334,-100.2916093,39.322,0.0,0,12.94,99.1,-1,0.123,,,,,,2292,0.88,0.003152,10.338632
2026-07-13T10:11:43.156782,Raspberry_Relieve1,25.652322283333334,-100.2916093,39.322,0.0,0,12.94,99.1,-1,0.123,,,,,,2293,1.0,0.003601,10.342233
2026-07-13T10:11:44.156951,Raspberry_Relieve1,25.652322283333334,-100.2916093,39.322,0.0,0,12.94,99.1,-1,0.123,,,,,,2294,0.99,0.003553,10.345786
2026-07-13T10:11:45.157074,Raspberry_Relieve1,25.652322283333334,-100.2916093,39.322,0.0,0,12.94,99.1,-1,0.123,,,,,,2295,0.98,0.003538,10.349324
2026-07-13T10:11:46.157256,Raspberry_Relieve1,25.652322283333334,-100.2916093,39.323,0.0,0,12.94,99.1,-1,0.123,,,,,,2296,1.0,0.00358,10.352904
2026-07-13T10:11:47.157423,Raspberry_Relieve1,25.652322283333334,-100.2916093,37.38,8.024,300,299.94,99.1,-1,0.121,,,,,,2297,1.06,0.046208,10.399112
2026-07-13T10:11:48.157584,Raspberry_Relieve1,25.652322283333334,-100.2916093,39.303,0.931,37,36.59,99.1,-1,0.12,,,,,,2298,1.02,0.047783,10.446895
2026-07-13T10:11:49.157752,Raspberry_Relieve1,25.652322283333334,-100.2916093,39.308,0.0,0,36.59,99.1,-1,0.12,,,,,,2299,0.93,0.009467,10.456362
2026-07-13T10:11:50.157927,Raspberry_Relieve1,25.652322283333334,-100.2916093,39.31,0.0,0,36.59,99.1,-1,0.12,,,,,,2300,0.94,0.009596,10.465958
2026-07-13T10:11:51.158087,Raspberry_Relieve1,25.652322283333334,-100.2916093,39.311,0.0,0,36.59,99.1,-1,0.12,,,,,,2301,1.06,0.010751,10.476709
2026-07-13T10:11:52.158252,Raspberry_Relieve1,25.652322283333334,-100.2916093,39.312,0.0,0,36.59,99.1,-1,0.12,,,,,,2302,1.05,0.010644,10.487353
2026-07-13T10:11:53.158423,Raspberry_Relieve1,25.652322283333334,-100.2916093,39.313,0.0,0,36.59,99.1,-1,0.12,,,,,,2303,0.95,0.009615,10.496967
2026-07-13T10:11:54.158539,Raspberry_Relieve1,25.652322283333334,-100.2916093,39.312,0.0,0,36.59,99.1,-1,0.12,,,,,,2304,0.94,0.009535,10.506502
2026-07-13T10:11:55.158695,Raspberry_Relieve1,25.652322283333334,-100.2916093,39.312,0.0,0,36.59,99.1,-1,0.12,,,,,,2305,1.12,0.011427,10.517929
2026-07-13T10:11:56.158814,Raspberry_Relieve1,25.652322283333334,-100.2916093,39.316,0.0,0,36.59,99.1,-1,0.12,,,,,,2306,1.01,0.010219,10.528148
2026-07-13T10:11:57.158922,Raspberry_Relieve1,25.652322283333334,-100.2916093,39.315,0.0,0,36.59,99.1,-1,0.12,,,,,,2307,0.97,0.009818,10.537966
2026-07-13T10:11:58.159037,Raspberry_Relieve1,25.652322283333334,-100.2916093,39.314,0.0,0,36.59,99.1,-1,0.12,,,,,,2308,0.96,0.009752,10.547718
2026-07-13T10:11:59.159162,Raspberry_Relieve1,25.652322283333334,-100.2916093,39.314,0.0,0,36.59,99.1,-1,0.12,,,,,,2309,1.02,0.010352,10.55807
2026-07-13T10:12:00.159278,Raspberry_Relieve1,25.652322283333334,-100.2916093,39.314,0.0,0,36.59,99.1,-1,0.12,,,,,,2310,0.97,0.009841,10.567911
2026-07-13T10:12:01.159375,Raspberry_Relieve1,25.652322283333334,-100.2916093,39.314,0.0,0,36.59,99.1,-1,0.12,,,,,,2311,0.93,0.009455,10.577366
2026-07-13T10:12:02.159438,Raspberry_Relieve1,25.652322283333334,-100.2916093,39.313,0.0,0,36.59,99.1,-1,0.12,,,,,,2312,1.08,0.010955,10.588321
2026-07-13T10:12:03.159523,Raspberry_Relieve1,25.652322283333334,-100.2916093,39.314,0.0,0,36.59,99.1,-1,0.12,,,,,,2313,0.91,0.009262,10.597583
2026-07-13T10:12:04.159608,Raspberry_Relieve1,25.652322283333334,-100.2916093,39.314,0.0,0,36.59,99.1,-1,0.12,,,,,,2314,1.12,0.011411,10.608995
2026-07-13T10:12:05.159703,Raspberry_Relieve1,25.652322283333334,-100.2916093,39.291,3.484,137,136.89,99.1,-1,0.12,,,,,,2315,0.99,0.023778,10.632773
2026-07-13T10:12:06.159844,Raspberry_Relieve1,25.652322283333334,-100.2916093,39.304,0.138,5,5.42,99.1,-1,0.119,,,,,,2316,0.99,0.019617,10.65239
2026-07-13T10:12:07.159980,Raspberry_Relieve1,25.652322283333334,-100.2916093,39.307,0.0,0,5.42,99.1,-1,0.119,,,,,,2317,0.99,0.001496,10.653886
2026-07-13T10:12:08.160124,Raspberry_Relieve1,25.652322283333334,-100.2916093,39.309,0.0,0,5.42,99.1,-1,0.119,,,,,,2318,0.96,0.001449,10.655336
2026-07-13T10:12:09.160237,Raspberry_Relieve1,25.652322283333334,-100.2916093,39.31,0.0,0,5.42,99.1,-1,0.119,,,,,,2319,1.04,0.001561,10.656897
2026-07-13T10:12:10.160355,Raspberry_Relieve1,25.652322283333334,-100.2916093,39.309,0.0,0,5.42,99.1,-1,0.119,,,,,,2320,1.06,0.001596,10.658493
2026-07-13T10:12:11.160502,Raspberry_Relieve1,25.652322283333334,-100.2916093,39.31,0.0,0,5.42,99.1,-1,0.119,,,,,,2321,0.96,0.001439,10.659932
2026-07-13T10:12:12.160614,Raspberry_Relieve1,25.652322283333334,-100.2916093,39.311,0.0,0,5.42,99.1,-1,0.119,,,,,,2322,1.13,0.001706,10.661638
2026-07-13T10:12:13.160755,Raspberry_Relieve1,25.652322283333334,-100.2916093,39.309,0.0,0,5.42,99.1,-1,0.119,,,,,,2323,0.79,0.001186,10.662824
2026-07-13T10:12:14.160867,Raspberry_Relieve1,25.652322283333334,-100.2916093,39.31,0.0,0,5.42,99.1,-1,0.119,,,,,,2324,0.99,0.001492,10.664316
2026-07-13T10:12:15.160997,Raspberry_Relieve1,25.652322283333334,-100.2916093,39.312,0.0,0,5.42,99.1,-1,0.119,,,,,,2325,1.03,0.001552,10.665868
2026-07-13T10:12:16.161118,Raspberry_Relieve1,25.652322283333334,-100.2916093,39.313,0.0,0,5.42,99.1,-1,0.119,,,,,,2326,1.01,0.001522,10.66739
2026-07-13T10:12:17.161238,Raspberry_Relieve1,25.652322283333334,-100.2916093,39.313,0.0,0,5.42,99.1,-1,0.119,,,,,,2327,0.95,0.001439,10.668829
2026-07-13T10:12:18.161352,Raspberry_Relieve1,25.652322283333334,-100.2916093,39.311,0.0,0,5.42,99.1,-1,0.119,,,,,,2328,1.03,0.001556,10.670385
2026-07-13T10:12:19.161472,Raspberry_Relieve1,25.652322283333334,-100.2916093,39.312,0.0,0,5.42,99.1,-1,0.119,,,,,,2329,1.04,0.001561,10.671945
2026-07-13T10:12:20.161613,Raspberry_Relieve1,25.652322283333334,-100.2916093,39.313,0.0,0,5.42,99.1,-1,0.119,,,,,,2330,1.06,0.001596,10.673541
2026-07-13T10:12:21.161726,Raspberry_Relieve1,25.652322283333334,-100.2916093,39.313,0.0,0,5.42,99.1,-1,0.119,,,,,,2331,1.0,0.001506,10.675047
2026-07-13T10:12:22.161844,Raspberry_Relieve1,25.652322283333334,-100.2916093,39.313,0.0,0,5.42,99.1,-1,0.119,,,,,,2332,0.98,0.001479,10.676527
2026-07-13T10:12:23.161965,Raspberry_Relieve1,25.652322283333334,-100.2916093,39.314,0.0,0,5.42,99.1,-1,0.119,,,,,,2333,0.92,0.001383,10.67791
2026-07-13T10:12:24.162143,Raspberry_Relieve1,25.652322283333334,-100.2916093,39.315,0.0,0,5.42,99.1,-1,0.119,,,,,,2334,1.01,0.001516,10.679425
2026-07-13T10:12:25.162254,Raspberry_Relieve1,25.652322283333334,-100.2916093,39.316,0.0,0,5.42,99.1,-1,0.119,,,,,,2335,1.0,0.001502,10.680928
2026-07-13T10:12:26.162375,Raspberry_Relieve1,25.652322283333334,-100.2916093,39.314,0.0,0,5.42,99.1,-1,0.119,,,,,,2336,1.1,0.001655,10.682582
2026-07-13T10:12:27.162543,Raspberry_Relieve1,25.652322283333334,-100.2916093,39.315,0.0,0,5.42,99.1,-1,0.119,,,,,,2337,0.91,0.001373,10.683956
2026-07-13T10:12:28.162663,Raspberry_Relieve1,25.652322283333334,-100.2916093,39.315,0.0,0,5.42,99.1,-1,0.119,,,,,,2338,1.09,0.001636,10.685592
2026-07-13T10:12:29.162811,Raspberry_Relieve1,25.652322283333334,-100.2916093,39.312,0.0,0,5.42,99.1,-1,0.119,,,,,,2339,0.96,0.00145,10.687042
2026-07-13T10:12:30.162924,Raspberry_Relieve1,25.652322283333334,-100.2916093,39.315,0.0,0,5.42,99.1,-1,0.119,,,,,,2340,1.06,0.001598,10.68864
2026-07-13T10:12:31.163052,Raspberry_Relieve1,25.652322283333334,-100.2916093,39.315,0.0,0,5.42,99.1,-1,0.119,,,,,,2341,0.95,0.001429,10.690069
2026-07-13T10:12:32.163184,Raspberry_Relieve1,25.652322283333334,-100.2916093,39.312,0.0,0,5.42,99.1,-1,0.119,,,,,,2342,0.95,0.001431,10.6915
2026-07-13T10:12:33.163283,Raspberry_Relieve1,25.652322283333334,-100.2916093,39.315,0.0,0,5.42,99.1,-1,0.119,,,,,,2343,1.13,0.001703,10.693203
2026-07-13T10:12:34.163401,Raspberry_Relieve1,25.652322283333334,-100.2916093,39.315,0.0,0,5.42,99.1,-1,0.119,,,,,,2344,0.86,0.001295,10.694499
2026-07-13T10:12:35.163525,Raspberry_Relieve1,25.652322283333334,-100.2916093,39.316,0.0,0,5.42,99.1,-1,0.119,,,,,,2345,1.07,0.001616,10.696115
2026-07-13T10:12:36.163643,Raspberry_Relieve1,25.652322283333334,-100.2916093,39.317,0.0,0,5.42,99.1,-1,0.119,,,,,,2346,0.97,0.001457,10.697572
2026-07-13T10:12:37.163767,Raspberry_Relieve1,25.652322283333334,-100.2916093,39.315,0.0,0,5.42,99.1,-1,0.119,,,,,,2347,0.98,0.001472,10.699044
2026-07-13T10:12:38.163945,Raspberry_Relieve1,25.652322283333334,-100.2916093,39.314,0.0,0,5.42,99.1,-1,0.119,,,,,,2348,0.98,0.001483,10.700527
2026-07-13T10:12:39.164028,Raspberry_Relieve1,25.652322283333334,-100.2916093,39.315,0.0,0,5.42,99.1,-1,0.119,,,,,,2349,0.99,0.001489,10.702016
2026-07-13T10:12:40.164170,Raspberry_Relieve1,25.652322283333334,-100.2916093,39.316,0.0,0,5.42,99.1,-1,0.119,,,,,,2350,1.13,0.001695,10.703712
2026-07-13T10:12:41.164290,Raspberry_Relieve1,25.652322283333334,-100.2916093,39.317,0.0,0,5.42,99.1,-1,0.119,,,,,,2351,0.91,0.001378,10.70509
2026-07-13T10:12:42.164417,Raspberry_Relieve1,25.652322283333334,-100.2916093,39.316,0.0,0,5.42,99.1,-1,0.119,,,,,,2352,1.05,0.001574,10.706664
2026-07-13T10:12:43.164557,Raspberry_Relieve1,25.652322283333334,-100.2916093,39.316,0.0,0,5.42,99.1,-1,0.119,,,,,,2353,0.92,0.001387,10.708051
2026-07-13T10:12:44.164694,Raspberry_Relieve1,25.652322283333334,-100.2916093,39.316,0.0,0,5.42,99.1,-1,0.119,,,,,,2354,1.09,0.001638,10.709689
2026-07-13T10:12:45.164840,Raspberry_Relieve1,25.652322283333334,-100.2916093,39.317,0.0,0,5.42,99.1,-1,0.119,,,,,,2355,1.0,0.001506,10.711195
2026-07-13T10:12:46.164954,Raspberry_Relieve1,25.652322283333334,-100.2916093,39.315,0.0,0,5.42,99.1,-1,0.119,,,,,,2356,0.94,0.001415,10.71261
2026-07-13T10:12:47.165074,Raspberry_Relieve1,25.652322283333334,-100.2916093,39.314,0.0,0,5.42,99.1,-1,0.119,,,,,,2357,1.07,0.001609,10.714219
2026-07-13T10:12:48.165209,Raspberry_Relieve1,25.652322283333334,-100.2916093,39.316,0.0,0,5.42,99.1,-1,0.119,,,,,,2358,0.95,0.00143,10.715649
2026-07-13T10:12:49.165341,Raspberry_Relieve1,25.652322283333334,-100.2916093,39.316,0.0,0,5.42,99.1,-1,0.119,,,,,,2359,1.01,0.001522,10.717171
2026-07-13T10:12:50.165467,Raspberry_Relieve1,25.652322283333334,-100.2916093,39.317,0.0,0,5.42,99.1,-1,0.119,,,,,,2360,0.96,0.00144,10.718611
2026-07-13T10:12:51.165588,Raspberry_Relieve1,25.652322283333334,-100.2916093,39.317,0.0,0,5.42,99.1,-1,0.119,,,,,,2361,1.06,0.001597,10.720209
2026-07-13T10:12:52.165707,Raspberry_Relieve1,25.652322283333334,-100.2916093,39.317,0.0,0,5.42,99.1,-1,0.119,,,,,,2362,1.03,0.001548,10.721757
2026-07-13T10:12:53.165835,Raspberry_Relieve1,25.652322283333334,-100.2916093,39.317,0.0,0,5.42,99.1,-1,0.119,,,,,,2363,0.92,0.001387,10.723144
2026-07-13T10:12:54.166009,Raspberry_Relieve1,25.652322283333334,-100.2916093,39.319,0.0,0,5.42,99.1,-1,0.119,,,,,,2364,0.97,0.001461,10.724605
2026-07-13T10:12:55.166099,Raspberry_Relieve1,25.652322283333334,-100.2916093,39.316,0.0,0,5.42,99.1,-1,0.119,,,,,,2365,1.09,0.001648,10.726253
2026-07-13T10:12:56.166232,Raspberry_Relieve1,25.652322283333334,-100.2916093,39.318,0.0,0,5.42,99.1,-1,0.119,,,,,,2366,0.94,0.00142,10.727673
2026-07-13T10:12:57.166329,Raspberry_Relieve1,25.652322283333334,-100.2916093,39.316,0.0,0,5.42,99.1,-1,0.119,,,,,,2367,1.02,0.001542,10.729215
2026-07-13T10:12:58.166448,Raspberry_Relieve1,25.652322283333334,-100.2916093,39.317,0.0,0,5.42,99.1,-1,0.119,,,,,,2368,0.96,0.001451,10.730666
2026-07-13T10:12:59.166575,Raspberry_Relieve1,25.652322283333334,-100.2916093,39.317,0.0,0,5.42,99.1,-1,0.119,,,,,,2369,1.1,0.001659,10.732325
2026-07-13T10:13:00.166692,Raspberry_Relieve1,25.652322283333334,-100.2916093,39.318,0.0,0,5.42,99.1,-1,0.119,,,,,,2370,0.87,0.001313,10.733637
2026-07-13T10:13:01.166776,Raspberry_Relieve1,25.652322283333334,-100.2916093,39.318,0.0,0,5.42,99.1,-1,0.119,,,,,,2371,1.03,0.001547,10.735185
2026-07-13T10:13:02.166860,Raspberry_Relieve1,25.652322283333334,-100.2916093,39.318,0.0,0,5.42,99.1,-1,0.119,,,,,,2372,1.08,0.001628,10.736812
2026-07-13T10:13:03.166956,Raspberry_Relieve1,25.652322283333334,-100.2916093,39.318,0.0,0,5.42,99.1,-1,0.119,,,,,,2373,0.91,0.001377,10.738189
2026-07-13T10:13:04.167037,Raspberry_Relieve1,25.652322283333334,-100.2916093,39.317,0.0,0,5.42,99.1,-1,0.119,,,,,,2374,0.98,0.001484,10.739672
2026-07-13T10:13:05.167114,Raspberry_Relieve1,25.652322283333334,-100.2916093,39.316,0.0,0,5.42,99.1,-1,0.119,,,,,,2375,1.1,0.00165,10.741322
2026-07-13T10:13:06.167267,Raspberry_Relieve1,25.652322283333334,-100.2916093,39.316,0.0,0,5.42,99.1,-1,0.119,,,,,,2376,0.92,0.001394,10.742716
2026-07-13T10:13:07.167395,Raspberry_Relieve1,25.652322283333334,-100.2916093,39.316,0.0,0,5.42,99.1,-1,0.119,,,,,,2377,1.0,0.001509,10.744225
2026-07-13T10:13:08.167509,Raspberry_Relieve1,25.652322283333334,-100.2916093,39.318,0.0,0,5.42,99.1,-1,0.119,,,,,,2378,1.09,0.001642,10.745868
2026-07-13T10:13:09.167629,Raspberry_Relieve1,25.652322283333334,-100.2916093,39.319,0.0,0,5.42,99.1,-1,0.119,,,,,,2379,0.92,0.001381,10.747248
2026-07-13T10:13:10.167746,Raspberry_Relieve1,25.652322283333334,-100.2916093,39.319,0.0,0,5.42,99.1,-1,0.119,,,,,,2380,1.01,0.001528,10.748777
2026-07-13T10:13:11.167873,Raspberry_Relieve1,25.652322283333334,-100.2916093,39.319,0.0,0,5.42,99.1,-1,0.119,,,,,,2381,1.03,0.001547,10.750324
2026-07-13T10:13:12.168003,Raspberry_Relieve1,25.652322283333334,-100.2916093,39.319,0.0,0,5.42,99.1,-1,0.119,,,,,,2382,0.93,0.001397,10.75172
2026-07-13T10:13:13.168115,Raspberry_Relieve1,25.652322283333334,-100.2916093,39.316,0.0,0,5.42,99.1,-1,0.119,,,,,,2383,1.04,0.001569,10.753289
2026-07-13T10:13:14.168231,Raspberry_Relieve1,25.652322283333334,-100.2916093,39.317,0.0,0,5.42,99.1,-1,0.119,,,,,,2384,1.1,0.001659,10.754948
2026-07-13T10:13:15.168358,Raspberry_Relieve1,25.652322283333334,-100.2916093,39.319,0.0,0,5.42,99.1,-1,0.119,,,,,,2385,1.02,0.001534,10.756482
2026-07-13T10:13:16.168490,Raspberry_Relieve1,25.652322283333334,-100.2916093,39.317,0.0,0,5.42,99.1,-1,0.119,,,,,,2386,0.86,0.001295,10.757777
2026-07-13T10:13:17.168604,Raspberry_Relieve1,25.652322283333334,-100.2916093,39.318,0.0,0,5.42,99.1,-1,0.119,,,,,,2387,1.09,0.00164,10.759417
2026-07-13T10:13:18.168767,Raspberry_Relieve1,25.652322283333334,-100.2916093,39.318,0.0,0,5.42,99.1,-1,0.119,,,,,,2388,0.92,0.001381,10.760799
2026-07-13T10:13:19.168893,Raspberry_Relieve1,25.652322283333334,-100.2916093,39.32,0.0,0,5.42,99.1,-1,0.119,,,,,,2389,1.09,0.001637,10.762435
2026-07-13T10:13:20.169022,Raspberry_Relieve1,25.652322283333334,-100.2916093,39.318,0.0,0,5.42,99.1,-1,0.119,,,,,,2390,1.02,0.001535,10.76397
2026-07-13T10:13:21.169150,Raspberry_Relieve1,25.652322283333334,-100.2916093,39.316,0.0,0,5.42,99.1,-1,0.119,,,,,,2391,0.87,0.001318,10.765288
2026-07-13T10:13:22.169282,Raspberry_Relieve1,25.652322283333334,-100.2916093,39.318,0.0,0,5.42,99.1,-1,0.119,,,,,,2392,1.08,0.001631,10.76692
2026-07-13T10:13:23.169403,Raspberry_Relieve1,25.652322283333334,-100.2916093,39.316,0.0,0,5.42,99.1,-1,0.119,,,,,,2393,0.91,0.001377,10.768297
2026-07-13T10:13:24.169521,Raspberry_Relieve1,25.652322283333334,-100.2916093,39.317,0.0,0,5.42,99.1,-1,0.119,,,,,,2394,1.01,0.001529,10.769826
2026-07-13T10:13:25.169653,Raspberry_Relieve1,25.652322283333334,-100.2916093,39.315,0.0,0,5.42,99.1,-1,0.119,,,,,,2395,1.1,0.001655,10.771481
2026-07-13T10:13:26.169773,Raspberry_Relieve1,25.652322283333334,-100.2916093,39.317,0.0,0,5.42,99.1,-1,0.119,,,,,,2396,1.0,0.001507,10.772988
2026-07-13T10:13:27.169901,Raspberry_Relieve1,25.652322283333334,-100.2916093,39.316,0.0,0,5.42,99.1,-1,0.119,,,,,,2397,0.93,0.001405,10.774393
2026-07-13T10:13:28.170031,Raspberry_Relieve1,25.652322283333334,-100.2916093,39.317,0.0,0,5.42,99.1,-1,0.119,,,,,,2398,0.98,0.00148,10.775873
2026-07-13T10:13:29.170148,Raspberry_Relieve1,25.652322283333334,-100.2916093,39.315,0.0,0,5.42,99.1,-1,0.119,,,,,,2399,1.09,0.001645,10.777518
2026-07-13T10:13:30.170252,Raspberry_Relieve1,25.652322283333334,-100.2916093,39.317,0.0,0,5.42,99.1,-1,0.119,,,,,,2400,0.9,0.001355,10.778873
2026-07-13T10:13:31.170365,Raspberry_Relieve1,25.652322283333334,-100.2916093,39.319,0.0,0,5.42,99.1,-1,0.119,,,,,,2401,1.06,0.001598,10.780471
2026-07-13T10:13:32.170477,Raspberry_Relieve1,25.652322283333334,-100.2916093,39.316,0.0,0,5.42,99.1,-1,0.119,,,,,,2402,0.95,0.001429,10.7819
2026-07-13T10:13:33.170593,Raspberry_Relieve1,25.652322283333334,-100.2916093,39.318,0.0,0,5.42,99.1,-1,0.119,,,,,,2403,1.04,0.001563,10.783463
2026-07-13T10:13:34.170713,Raspberry_Relieve1,25.652322283333334,-100.2916093,39.318,0.0,0,5.42,99.1,-1,0.119,,,,,,2404,1.01,0.00152,10.784983
2026-07-13T10:13:35.170818,Raspberry_Relieve1,25.652322283333334,-100.2916093,39.319,0.0,0,5.42,99.1,-1,0.119,,,,,,2405,1.03,0.00155,10.786533
2026-07-13T10:13:36.170935,Raspberry_Relieve1,25.652322283333334,-100.2916093,39.316,0.0,0,5.42,99.1,-1,0.119,,,,,,2406,1.07,0.001609,10.788143
2026-07-13T10:13:37.171048,Raspberry_Relieve1,25.652322283333334,-100.2916093,39.317,0.0,0,5.42,99.1,-1,0.119,,,,,,2407,0.93,0.001408,10.78955
2026-07-13T10:13:38.171157,Raspberry_Relieve1,25.652322283333334,-100.2916093,39.317,0.0,0,5.42,99.1,-1,0.119,,,,,,2408,0.92,0.001393,10.790944
2026-07-13T10:13:39.171261,Raspberry_Relieve1,25.652322283333334,-100.2916093,39.318,0.0,0,5.42,99.1,-1,0.119,,,,,,2409,1.1,0.001651,10.792595
2026-07-13T10:13:40.171374,Raspberry_Relieve1,25.652322283333334,-100.2916093,39.317,0.0,0,5.42,99.1,-1,0.119,,,,,,2410,1.01,0.001529,10.794124
2026-07-13T10:13:41.171487,Raspberry_Relieve1,25.652322283333334,-100.2916093,39.316,0.0,0,5.42,99.1,-1,0.119,,,,,,2411,0.89,0.001338,10.795462
2026-07-13T10:13:42.171601,Raspberry_Relieve1,25.652322283333334,-100.2916093,39.317,0.0,0,5.42,99.1,-1,0.119,,,,,,2412,0.97,0.001464,10.796925
2026-07-13T10:13:43.171718,Raspberry_Relieve1,25.652322283333334,-100.2916093,39.317,0.0,0,5.42,99.1,-1,0.119,,,,,,2413,1.08,0.001628,10.798553
2026-07-13T10:13:44.171839,Raspberry_Relieve1,25.652322283333334,-100.2916093,39.315,0.0,0,5.42,99.1,-1,0.119,,,,,,2414,0.97,0.001455,10.800008
2026-07-13T10:13:45.171976,Raspberry_Relieve1,25.652322283333334,-100.2916093,39.316,0.0,0,5.42,99.1,-1,0.119,,,,,,2415,1.01,0.001529,10.801537
2026-07-13T10:13:46.172078,Raspberry_Relieve1,25.652322283333334,-100.2916093,39.315,0.0,0,5.42,99.1,-1,0.119,,,,,,2416,1.01,0.001524,10.803061
2026-07-13T10:13:47.172187,Raspberry_Relieve1,25.652322283333334,-100.2916093,39.315,0.0,0,5.42,99.1,-1,0.119,,,,,,2417,1.07,0.001617,10.804678
2026-07-13T10:13:48.172296,Raspberry_Relieve1,25.652322283333334,-100.2916093,39.316,0.0,0,5.42,99.1,-1,0.119,,,,,,2418,0.96,0.001454,10.806132
2026-07-13T10:13:49.172405,Raspberry_Relieve1,25.652322283333334,-100.2916093,39.315,0.0,0,5.42,99.1,-1,0.119,,,,,,2419,0.99,0.001485,10.807617
2026-07-13T10:13:50.172516,Raspberry_Relieve1,25.652322283333334,-100.2916093,39.316,0.0,0,5.42,99.1,-1,0.119,,,,,,2420,0.95,0.001437,10.809054
2026-07-13T10:13:51.172630,Raspberry_Relieve1,25.652322283333334,-100.2916093,39.316,0.0,0,5.42,99.1,-1,0.119,,,,,,2421,1.09,0.001636,10.810691
2026-07-13T10:13:52.172736,Raspberry_Relieve1,25.652322283333334,-100.2916093,39.315,0.0,0,5.42,99.1,-1,0.119,,,,,,2422,1.26,0.001893,10.812584
2026-07-13T10:13:53.172846,Raspberry_Relieve1,25.652322283333334,-100.2916093,39.314,0.0,0,5.42,99.1,-1,0.119,,,,,,2423,0.68,0.001029,10.813612
2026-07-13T10:13:54.172951,Raspberry_Relieve1,25.652322283333334,-100.2916093,39.314,0.0,0,5.42,99.1,-1,0.119,,,,,,2424,0.99,0.001498,10.81511
2026-07-13T10:13:55.173064,Raspberry_Relieve1,25.652322283333334,-100.2916093,39.315,0.0,0,5.42,99.1,-1,0.119,,,,,,2425,0.92,0.001387,10.816497
2026-07-13T10:13:56.173178,Raspberry_Relieve1,25.652322283333334,-100.2916093,39.316,0.0,0,5.42,99.1,-1,0.119,,,,,,2426,1.09,0.001637,10.818134
2026-07-13T10:13:57.173288,Raspberry_Relieve1,25.652322283333334,-100.2916093,39.316,0.0,0,5.42,99.1,-1,0.119,,,,,,2427,1.14,0.001712,10.819846
2026-07-13T10:13:58.173385,Raspberry_Relieve1,25.652322283333334,-100.2916093,39.316,0.0,0,5.42,99.1,-1,0.119,,,,,,2428,0.81,0.001213,10.821059
2026-07-13T10:13:59.173513,Raspberry_Relieve1,25.652322283333334,-100.2916093,39.315,0.0,0,5.42,99.1,-1,0.119,,,,,,2429,1.0,0.001504,10.822563
2026-07-13T10:14:00.173618,Raspberry_Relieve1,25.652322283333334,-100.2916093,39.317,0.0,0,5.42,99.1,-1,0.119,,,,,,2430,1.03,0.001558,10.824122
2026-07-13T10:14:01.173700,Raspberry_Relieve1,25.652322283333334,-100.2916093,39.315,0.0,0,5.42,99.1,-1,0.119,,,,,,2431,1.03,0.001551,10.825673
2026-07-13T10:14:02.173782,Raspberry_Relieve1,25.652322283333334,-100.2916093,39.313,0.0,0,5.42,99.1,-1,0.119,,,,,,2432,1.0,0.001504,10.827176
2026-07-13T10:14:03.173866,Raspberry_Relieve1,25.652322283333334,-100.2916093,39.314,0.0,0,5.42,99.1,-1,0.119,,,,,,2433,1.07,0.001606,10.828783
2026-07-13T10:14:04.173948,Raspberry_Relieve1,25.652322283333334,-100.2916093,39.316,0.0,0,5.42,99.1,-1,0.119,,,,,,2434,0.87,0.001307,10.83009
2026-07-13T10:14:05.174035,Raspberry_Relieve1,25.652322283333334,-100.2916093,39.314,0.0,0,5.42,99.1,-1,0.119,,,,,,2435,1.05,0.00158,10.83167
2026-07-13T10:14:06.174183,Raspberry_Relieve1,25.652322283333334,-100.2916093,39.315,0.0,0,5.42,99.1,-1,0.119,,,,,,2436,0.95,0.001437,10.833106
2026-07-13T10:14:07.174300,Raspberry_Relieve1,25.652322283333334,-100.2916093,39.317,0.0,0,5.42,99.1,-1,0.119,,,,,,2437,1.2,0.001809,10.834915
2026-07-13T10:14:08.174411,Raspberry_Relieve1,25.652322283333334,-100.2916093,39.317,0.0,0,5.42,99.1,-1,0.119,,,,,,2438,0.87,0.001318,10.836234
2026-07-13T10:14:09.174513,Raspberry_Relieve1,25.652322283333334,-100.2916093,39.315,0.0,0,5.42,99.1,-1,0.119,,,,,,2439,0.92,0.001391,10.837624
2026-07-13T10:14:10.174618,Raspberry_Relieve1,25.652322283333334,-100.2916093,39.313,0.0,0,5.42,99.1,-1,0.119,,,,,,2440,1.1,0.001662,10.839286
2026-07-13T10:14:11.174734,Raspberry_Relieve1,25.652322283333334,-100.2916093,39.314,0.0,0,5.42,99.1,-1,0.119,,,,,,2441,0.96,0.001448,10.840734
2026-07-13T10:14:12.174871,Raspberry_Relieve1,25.652322283333334,-100.2916093,39.315,0.0,0,5.42,99.1,-1,0.119,,,,,,2442,1.03,0.00155,10.842284
2026-07-13T10:14:13.174972,Raspberry_Relieve1,25.652322283333334,-100.2916093,39.314,0.0,0,5.42,99.1,-1,0.119,,,,,,2443,0.9,0.001355,10.843639
2026-07-13T10:14:14.175081,Raspberry_Relieve1,25.652322283333334,-100.2916093,39.313,0.0,0,5.42,99.1,-1,0.119,,,,,,2444,1.07,0.001606,10.845245
2026-07-13T10:14:15.175202,Raspberry_Relieve1,25.652322283333334,-100.2916093,39.315,0.0,0,5.42,99.1,-1,0.119,,,,,,2445,1.01,0.001526,10.846771
2026-07-13T10:14:16.175325,Raspberry_Relieve1,25.652322283333334,-100.2916093,39.316,0.0,0,5.42,99.1,-1,0.119,,,,,,2446,0.98,0.00148,10.848251
2026-07-13T10:14:17.175445,Raspberry_Relieve1,25.652322283333334,-100.2916093,39.316,0.0,0,5.42,99.1,-1,0.119,,,,,,2447,0.97,0.001469,10.84972
2026-07-13T10:14:18.175554,Raspberry_Relieve1,25.652322283333334,-100.2916093,39.315,0.0,0,5.42,99.1,-1,0.119,,,,,,2448,0.97,0.001459,10.851179
2026-07-13T10:14:19.175668,Raspberry_Relieve1,25.652322283333334,-100.2916093,39.313,0.0,0,5.42,99.1,-1,0.119,,,,,,2449,1.11,0.001679,10.852858
2026-07-13T10:14:20.175793,Raspberry_Relieve1,25.652322283333334,-100.2916093,39.316,0.0,0,5.42,99.1,-1,0.119,,,,,,2450,0.96,0.001441,10.854299
2026-07-13T10:14:21.175940,Raspberry_Relieve1,25.652322283333334,-100.2916093,39.315,0.0,0,5.42,99.1,-1,0.119,,,,,,2451,1.04,0.001568,10.855866
2026-07-13T10:14:22.176005,Raspberry_Relieve1,25.652322283333334,-100.2916093,39.315,0.0,0,5.42,99.1,-1,0.119,,,,,,2452,0.9,0.001351,10.857217
2026-07-13T10:14:23.176122,Raspberry_Relieve1,25.652322283333334,-100.2916093,39.315,0.0,0,5.42,99.1,-1,0.119,,,,,,2453,1.03,0.001551,10.858768
2026-07-13T10:14:24.176323,Raspberry_Relieve1,25.652322283333334,-100.2916093,39.315,0.0,0,5.42,99.1,-1,0.119,,,,,,2454,0.96,0.001451,10.860219
2026-07-13T10:14:25.176430,Raspberry_Relieve1,25.652322283333334,-100.2916093,39.314,0.0,0,5.42,99.1,-1,0.119,,,,,,2455,1.15,0.00173,10.861948
2026-07-13T10:14:26.176533,Raspberry_Relieve1,25.652322283333334,-100.2916093,39.315,0.0,0,5.42,99.1,-1,0.119,,,,,,2456,0.94,0.001417,10.863365
2026-07-13T10:14:27.176660,Raspberry_Relieve1,25.652322283333334,-100.2916093,39.317,0.0,0,5.42,99.1,-1,0.119,,,,,,2457,0.97,0.001456,10.864821
2026-07-13T10:14:28.176784,Raspberry_Relieve1,25.652322283333334,-100.2916093,39.314,0.0,0,5.42,99.1,-1,0.119,,,,,,2458,1.05,0.001576,10.866398
2026-07-13T10:14:29.176892,Raspberry_Relieve1,25.652322283333334,-100.2916093,39.314,0.0,0,5.42,99.1,-1,0.119,,,,,,2459,1.02,0.001538,10.867936
2026-07-13T10:14:30.177104,Raspberry_Relieve1,25.652322283333334,-100.2916093,39.313,0.0,0,5.42,99.1,-1,0.119,,,,,,2460,1.02,0.001538,10.869474
2026-07-13T10:14:31.177315,Raspberry_Relieve1,25.652322283333334,-100.2916093,39.314,0.0,0,5.42,99.1,-1,0.119,,,,,,2461,0.9,0.001352,10.870826
2026-07-13T10:14:32.177426,Raspberry_Relieve1,25.652322283333334,-100.2916093,39.312,0.0,0,5.42,99.1,-1,0.119,,,,,,2462,0.99,0.00149,10.872316
2026-07-13T10:14:33.177645,Raspberry_Relieve1,25.652322283333334,-100.2916093,39.315,0.0,0,5.42,99.1,-1,0.119,,,,,,2463,1.05,0.001578,10.873894
2026-07-13T10:14:34.177741,Raspberry_Relieve1,25.652322283333334,-100.2916093,39.315,0.0,0,5.42,99.1,-1,0.119,,,,,,2464,0.95,0.001429,10.875323
2026-07-13T10:14:35.177854,Raspberry_Relieve1,25.652322283333334,-100.2916093,39.314,0.0,0,5.42,99.1,-1,0.119,,,,,,2465,1.16,0.001747,10.87707
2026-07-13T10:14:36.177959,Raspberry_Relieve1,25.652322283333334,-100.2916093,39.314,0.0,0,5.42,99.1,-1,0.119,,,,,,2466,0.82,0.001236,10.878306
2026-07-13T10:14:37.178070,Raspberry_Relieve1,25.652322283333334,-100.2916093,39.313,0.0,0,5.42,99.1,-1,0.119,,,,,,2467,1.0,0.001513,10.87982
2026-07-13T10:14:38.178177,Raspberry_Relieve1,25.652322283333334,-100.2916093,39.316,0.0,0,5.42,99.1,-1,0.119,,,,,,2468,1.01,0.001518,10.881338
2026-07-13T10:14:39.178285,Raspberry_Relieve1,25.652322283333334,-100.2916093,39.313,0.0,0,5.42,99.1,-1,0.119,,,,,,2469,1.07,0.001619,10.882957
2026-07-13T10:14:40.178449,Raspberry_Relieve1,25.652322283333334,-100.2916093,39.315,0.0,0,5.42,99.1,-1,0.119,,,,,,2470,0.97,0.00146,10.884416
2026-07-13T10:14:41.178556,Raspberry_Relieve1,25.652322283333334,-100.2916093,39.314,0.0,0,5.42,99.1,-1,0.119,,,,,,2471,1.03,0.001546,10.885962
2026-07-13T10:14:42.178668,Raspberry_Relieve1,25.652322283333334,-100.2916093,39.312,0.0,0,5.42,99.1,-1,0.119,,,,,,2472,1.02,0.00153,10.887493
2026-07-13T10:14:43.178829,Raspberry_Relieve1,25.652322283333334,-100.2916093,39.314,0.0,0,5.42,99.1,-1,0.119,,,,,,2473,1.06,0.001604,10.889096
2026-07-13T10:14:44.178936,Raspberry_Relieve1,25.652322283333334,-100.2916093,39.313,0.0,0,5.42,99.1,-1,0.119,,,,,,2474,0.86,0.00129,10.890386
2026-07-13T10:14:45.179042,Raspberry_Relieve1,25.652322283333334,-100.2916093,39.312,0.0,0,5.42,99.1,-1,0.119,,,,,,2475,1.02,0.001537,10.891922
2026-07-13T10:14:46.179256,Raspberry_Relieve1,25.652322283333334,-100.2916093,39.315,0.0,0,5.42,99.1,-1,0.119,,,,,,2476,1.02,0.001533,10.893455
2026-07-13T10:14:47.179356,Raspberry_Relieve1,25.652322283333334,-100.2916093,39.315,0.0,0,5.42,99.1,-1,0.119,,,,,,2477,0.94,0.001424,10.894879
2026-07-13T10:14:48.179463,Raspberry_Relieve1,25.652322283333334,-100.2916093,39.315,0.0,0,5.42,99.1,-1,0.119,,,,,,2478,1.01,0.001529,10.896407
2026-07-13T10:14:49.179577,Raspberry_Relieve1,25.652322283333334,-100.2916093,39.315,0.0,0,5.42,99.1,-1,0.119,,,,,,2479,0.99,0.001496,10.897903
2026-07-13T10:14:50.179683,Raspberry_Relieve1,25.652322283333334,-100.2916093,39.315,0.0,0,5.42,99.1,-1,0.119,,,,,,2480,1.03,0.001555,10.899459
2026-07-13T10:14:51.179787,Raspberry_Relieve1,25.652322283333334,-100.2916093,39.314,0.0,0,5.42,99.1,-1,0.119,,,,,,2481,1.02,0.001536,10.900995
2026-07-13T10:14:52.179963,Raspberry_Relieve1,25.652322283333334,-100.2916093,39.315,0.0,0,5.42,99.1,-1,0.119,,,,,,2482,0.97,0.001465,10.90246
2026-07-13T10:14:53.180041,Raspberry_Relieve1,25.652322283333334,-100.2916093,39.312,0.0,0,5.42,99.1,-1,0.119,,,,,,2483,1.08,0.00162,10.90408
2026-07-13T10:14:54.180186,Raspberry_Relieve1,25.652322283333334,-100.2916093,39.312,0.0,0,5.42,99.1,-1,0.119,,,,,,2484,1.02,0.00154,10.90562
2026-07-13T10:14:55.180346,Raspberry_Relieve1,25.652322283333334,-100.2916093,39.313,0.0,0,5.42,99.1,-1,0.119,,,,,,2485,0.88,0.001323,10.906943
2026-07-13T10:14:56.180511,Raspberry_Relieve1,25.652322283333334,-100.2916093,39.313,0.0,0,5.42,99.1,-1,0.119,,,,,,2486,1.13,0.001703,10.908647
2026-07-13T10:14:57.180681,Raspberry_Relieve1,25.652322283333334,-100.2916093,39.314,0.0,0,5.42,99.1,-1,0.119,,,,,,2487,0.91,0.001365,10.910011
2026-07-13T10:14:58.180831,Raspberry_Relieve1,25.652322283333334,-100.2916093,39.313,0.0,0,5.42,99.1,-1,0.119,,,,,,2488,0.98,0.001481,10.911492
2026-07-13T10:14:59.180941,Raspberry_Relieve1,25.652322283333334,-100.2916093,39.313,0.0,0,5.42,99.1,-1,0.119,,,,,,2489,1.0,0.001511,10.913003
2026-07-13T10:15:00.181060,Raspberry_Relieve1,25.652322283333334,-100.2916093,39.313,0.0,0,5.42,99.1,-1,0.119,,,,,,2490,0.99,0.001492,10.914495
2026-07-13T10:15:01.181138,Raspberry_Relieve1,25.652322283333334,-100.2916093,39.314,0.0,0,5.42,99.1,-1,0.119,,,,,,2491,1.07,0.001612,10.916107
2026-07-13T10:15:02.181213,Raspberry_Relieve1,25.652322283333334,-100.2916093,39.312,0.0,0,5.42,99.1,-1,0.119,,,,,,2492,1.01,0.00152,10.917627
2026-07-13T10:15:03.181300,Raspberry_Relieve1,25.652322283333334,-100.2916093,39.311,0.0,0,5.42,99.1,-1,0.119,,,,,,2493,0.9,0.001356,10.918983
2026-07-13T10:15:04.181381,Raspberry_Relieve1,25.652322283333334,-100.2916093,39.312,0.0,0,5.42,99.1,-1,0.119,,,,,,2494,1.09,0.001647,10.92063
2026-07-13T10:15:05.181465,Raspberry_Relieve1,25.652322283333334,-100.2916093,39.312,0.0,0,5.42,99.1,-1,0.119,,,,,,2495,0.91,0.001366,10.921996
2026-07-13T10:15:06.181589,Raspberry_Relieve1,25.652322283333334,-100.2916093,39.312,0.0,0,5.42,99.1,-1,0.119,,,,,,2496,1.13,0.001707,10.923703
2026-07-13T10:15:07.181701,Raspberry_Relieve1,25.652322283333334,-100.2916093,39.314,0.0,0,5.42,99.1,-1,0.119,,,,,,2497,0.99,0.001494,10.925198
2026-07-13T10:15:08.181810,Raspberry_Relieve1,25.652322283333334,-100.2916093,39.313,0.0,0,5.42,99.1,-1,0.119,,,,,,2498,0.94,0.001419,10.926617
2026-07-13T10:15:09.181915,Raspberry_Relieve1,25.652322283333334,-100.2916093,39.312,0.0,0,5.42,99.1,-1,0.119,,,,,,2499,1.03,0.001551,10.928168
2026-07-13T10:15:10.182040,Raspberry_Relieve1,25.652322283333334,-100.2916093,39.311,0.0,0,5.42,99.1,-1,0.119,,,,,,2500,0.92,0.001392,10.92956
2026-07-13T10:15:11.182154,Raspberry_Relieve1,25.652322283333334,-100.2916093,39.312,0.0,0,5.42,99.1,-1,0.119,,,,,,2501,1.0,0.001513,10.931072
2026-07-13T10:15:12.182249,Raspberry_Relieve1,25.652322283333334,-100.2916093,39.312,0.0,0,5.42,99.1,-1,0.119,,,,,,2502,1.0,0.001503,10.932575
2026-07-13T10:15:13.182353,Raspberry_Relieve1,25.652322283333334,-100.2916093,39.311,0.0,0,5.42,99.1,-1,0.119,,,,,,2503,1.0,0.001506,10.934081
2026-07-13T10:15:14.182455,Raspberry_Relieve1,25.652322283333334,-100.2916093,39.313,0.0,0,5.42,99.1,-1,0.119,,,,,,2504,1.02,0.001541,10.935622
2026-07-13T10:15:15.182559,Raspberry_Relieve1,25.652322283333334,-100.2916093,39.312,0.0,0,5.42,99.1,-1,0.119,,,,,,2505,1.08,0.00163,10.937253
2026-07-13T10:15:16.182731,Raspberry_Relieve1,25.652322283333334,-100.2916093,39.313,0.0,0,5.42,99.1,-1,0.119,,,,,,2506,0.9,0.001351,10.938603
2026-07-13T10:15:17.182881,Raspberry_Relieve1,25.652322283333334,-100.2916093,39.312,0.0,0,5.42,99.1,-1,0.119,,,,,,2507,1.08,0.001624,10.940227
2026-07-13T10:15:18.183042,Raspberry_Relieve1,25.652322283333334,-100.2916093,39.312,0.0,0,5.42,99.1,-1,0.119,,,,,,2508,1.03,0.001548,10.941775
2026-07-13T10:15:19.183164,Raspberry_Relieve1,25.652322283333334,-100.2916093,39.312,0.0,0,5.42,99.1,-1,0.119,,,,,,2509,0.95,0.001433,10.943208
2026-07-13T10:15:20.183277,Raspberry_Relieve1,25.652322283333334,-100.2916093,39.311,0.0,0,5.42,99.1,-1,0.119,,,,,,2510,0.99,0.001494,10.944703
2026-07-13T10:15:21.183388,Raspberry_Relieve1,25.652322283333334,-100.2916093,39.31,0.0,0,5.42,99.1,-1,0.119,,,,,,2511,0.95,0.00143,10.946133
2026-07-13T10:15:22.183536,Raspberry_Relieve1,25.652322283333334,-100.2916093,39.311,0.0,0,5.42,99.1,-1,0.119,,,,,,2512,1.25,0.001889,10.948022
2026-07-13T10:15:23.183654,Raspberry_Relieve1,25.652322283333334,-100.2916093,39.311,0.0,0,5.42,99.1,-1,0.119,,,,,,2513,0.8,0.001201,10.949223
2026-07-13T10:15:24.183767,Raspberry_Relieve1,25.652322283333334,-100.2916093,39.31,0.0,0,5.42,99.1,-1,0.119,,,,,,2514,0.93,0.001404,10.950627
2026-07-13T10:15:25.183959,Raspberry_Relieve1,25.652322283333334,-100.2916093,39.311,0.0,0,5.42,99.1,-1,0.119,,,,,,2515,1.03,0.001553,10.952179
2026-07-13T10:15:26.184113,Raspberry_Relieve1,25.652322283333334,-100.2916093,39.311,0.0,0,5.42,99.1,-1,0.119,,,,,,2516,0.98,0.001481,10.95366
2026-07-13T10:15:27.184222,Raspberry_Relieve1,25.652322283333334,-100.2916093,39.312,0.0,0,5.42,99.1,-1,0.119,,,,,,2517,1.04,0.001572,10.955232
2026-07-13T10:15:28.184337,Raspberry_Relieve1,25.652322283333334,-100.2916093,39.311,0.0,0,5.42,99.1,-1,0.119,,,,,,2518,1.06,0.001603,10.956834
2026-07-13T10:15:29.184445,Raspberry_Relieve1,25.652322283333334,-100.2916093,39.311,0.0,0,5.42,99.1,-1,0.119,,,,,,2519,1.0,0.001511,10.958346
2026-07-13T10:15:30.184551,Raspberry_Relieve1,25.652322283333334,-100.2916093,39.31,0.0,0,5.42,99.1,-1,0.119,,,,,,2520,0.99,0.001499,10.959844
2026-07-13T10:15:31.184666,Raspberry_Relieve1,25.652322283333334,-100.2916093,39.309,0.0,0,5.42,99.1,-1,0.119,,,,,,2521,0.9,0.001358,10.961202
2026-07-13T10:15:32.184784,Raspberry_Relieve1,25.652322283333334,-100.2916093,39.309,0.0,0,5.42,99.1,-1,0.119,,,,,,2522,1.09,0.001639,10.962841
2026-07-13T10:15:33.184899,Raspberry_Relieve1,25.652322283333334,-100.2916093,39.311,0.0,0,5.42,99.1,-1,0.119,,,,,,2523,1.01,0.001515,10.964356
2026-07-13T10:15:34.185010,Raspberry_Relieve1,25.652322283333334,-100.2916093,39.31,0.0,0,5.42,99.1,-1,0.119,,,,,,2524,0.96,0.00145,10.965806
2026-07-13T10:15:35.185133,Raspberry_Relieve1,25.652322283333334,-100.2916093,39.31,0.0,0,5.42,99.1,-1,0.119,,,,,,2525,1.02,0.001543,10.967349
2026-07-13T10:15:36.185238,Raspberry_Relieve1,25.652322283333334,-100.2916093,39.312,0.0,0,5.42,99.1,-1,0.119,,,,,,2526,1.0,0.001508,10.968858
2026-07-13T10:15:37.185402,Raspberry_Relieve1,25.652322283333334,-100.2916093,39.311,0.0,0,5.42,99.1,-1,0.119,,,,,,2527,0.99,0.001485,10.970342
2026-07-13T10:15:38.185519,Raspberry_Relieve1,25.652322283333334,-100.2916093,39.31,0.0,0,5.42,99.1,-1,0.119,,,,,,2528,1.0,0.001505,10.971847
2026-07-13T10:15:39.185634,Raspberry_Relieve1,25.652322283333334,-100.2916093,39.31,0.0,0,5.42,99.1,-1,0.119,,,,,,2529,1.04,0.001562,10.973409
2026-07-13T10:15:40.185768,Raspberry_Relieve1,25.652322283333334,-100.2916093,39.311,0.0,0,5.42,99.1,-1,0.119,,,,,,2530,1.0,0.001501,10.97491
2026-07-13T10:15:41.185912,Raspberry_Relieve1,25.652322283333334,-100.2916093,39.309,0.0,0,5.42,99.1,-1,0.119,,,,,,2531,0.91,0.001365,10.976275
2026-07-13T10:15:42.186038,Raspberry_Relieve1,25.652322283333334,-100.2916093,39.308,0.0,0,5.42,99.1,-1,0.119,,,,,,2532,1.06,0.00159,10.977865
2026-07-13T10:15:43.186146,Raspberry_Relieve1,25.652322283333334,-100.2916093,39.308,0.0,0,5.42,99.1,-1,0.119,,,,,,2533,0.98,0.001471,10.979335
2026-07-13T10:15:44.186255,Raspberry_Relieve1,25.652322283333334,-100.2916093,39.311,0.0,0,5.42,99.1,-1,0.119,,,,,,2534,0.98,0.001479,10.980815
2026-07-13T10:15:45.186379,Raspberry_Relieve1,25.652322283333334,-100.2916093,39.309,0.0,0,5.42,99.1,-1,0.119,,,,,,2535,1.11,0.001669,10.982484
2026-07-13T10:15:46.186501,Raspberry_Relieve1,25.652322283333334,-100.2916093,39.309,0.0,0,5.42,99.1,-1,0.119,,,,,,2536,0.87,0.001314,10.983798
2026-07-13T10:15:47.186600,Raspberry_Relieve1,25.652322283333334,-100.2916093,39.309,0.0,0,5.42,99.1,-1,0.119,,,,,,2537,1.04,0.001569,10.985367
2026-07-13T10:15:48.186712,Raspberry_Relieve1,25.652322283333334,-100.2916093,39.309,0.0,0,5.42,99.1,-1,0.119,,,,,,2538,0.99,0.001496,10.986863
2026-07-13T10:15:49.186864,Raspberry_Relieve1,25.652322283333334,-100.2916093,39.309,0.0,0,5.42,99.1,-1,0.119,,,,,,2539,1.08,0.001621,10.988484
2026-07-13T10:15:50.187007,Raspberry_Relieve1,25.652322283333334,-100.2916093,39.308,0.0,0,5.42,99.1,-1,0.119,,,,,,2540,0.88,0.001325,10.989809
2026-07-13T10:15:51.187130,Raspberry_Relieve1,25.652322283333334,-100.2916093,39.31,0.0,0,5.42,99.1,-1,0.119,,,,,,2541,1.16,0.001753,10.991562
2026-07-13T10:15:52.187247,Raspberry_Relieve1,25.652322283333334,-100.2916093,39.31,0.0,0,5.42,99.1,-1,0.119,,,,,,2542,0.89,0.001338,10.992901
2026-07-13T10:15:53.187371,Raspberry_Relieve1,25.652322283333334,-100.2916093,39.31,0.0,0,5.42,99.1,-1,0.119,,,,,,2543,1.0,0.001501,10.994401
2026-07-13T10:15:54.187522,Raspberry_Relieve1,25.652322283333334,-100.2916093,39.312,0.0,0,5.42,99.1,-1,0.119,,,,,,2544,1.08,0.00162,10.996021
2026-07-13T10:15:55.187643,Raspberry_Relieve1,25.652322283333334,-100.2916093,39.31,0.0,0,5.42,99.1,-1,0.119,,,,,,2545,0.98,0.001481,10.997503
2026-07-13T10:15:56.187761,Raspberry_Relieve1,25.652322283333334,-100.2916093,39.31,0.0,0,5.42,99.1,-1,0.119,,,,,,2546,1.03,0.001556,10.999059
2026-07-13T10:15:57.187932,Raspberry_Relieve1,25.652322283333334,-100.2916093,39.311,0.0,0,5.42,99.1,-1,0.119,,,,,,2547,0.88,0.001319,11.000378
2026-07-13T10:15:58.188001,Raspberry_Relieve1,25.652322283333334,-100.2916093,39.311,0.0,0,5.42,99.1,-1,0.119,,,,,,2548,1.04,0.001563,11.001941
2026-07-13T10:15:59.188113,Raspberry_Relieve1,25.652322283333334,-100.2916093,39.311,0.0,0,5.42,99.1,-1,0.119,,,,,,2549,1.05,0.001587,11.003529
2026-07-13T10:16:00.188243,Raspberry_Relieve1,25.652322283333334,-100.2916093,39.311,0.0,0,5.42,99.1,-1,0.119,,,,,,2550,0.94,0.00142,11.004948
2026-07-13T10:16:01.188326,Raspberry_Relieve1,25.652322283333334,-100.2916093,39.31,0.0,0,5.42,99.1,-1,0.119,,,,,,2551,0.95,0.001432,11.006381
2026-07-13T10:16:02.188404,Raspberry_Relieve1,25.652322283333334,-100.2916093,39.308,0.0,0,5.42,99.1,-1,0.119,,,,,,2552,1.08,0.001632,11.008012
2026-07-13T10:16:03.188491,Raspberry_Relieve1,25.652322283333334,-100.2916093,39.309,0.0,0,5.42,99.1,-1,0.119,,,,,,2553,1.0,0.001508,11.00952
2026-07-13T10:16:04.188586,Raspberry_Relieve1,25.652322283333334,-100.2916093,39.31,0.0,0,5.42,99.1,-1,0.119,,,,,,2554,0.99,0.001494,11.011015
2026-07-13T10:16:05.188668,Raspberry_Relieve1,25.652322283333334,-100.2916093,39.309,0.0,0,5.42,99.1,-1,0.119,,,,,,2555,1.0,0.001509,11.012524
2026-07-13T10:16:06.188808,Raspberry_Relieve1,25.652322283333334,-100.2916093,39.309,0.0,0,5.42,99.1,-1,0.119,,,,,,2556,1.04,0.001561,11.014084
2026-07-13T10:16:07.188929,Raspberry_Relieve1,25.652322283333334,-100.2916093,39.31,0.0,0,5.42,99.1,-1,0.119,,,,,,2557,0.92,0.001388,11.015472
2026-07-13T10:16:08.189054,Raspberry_Relieve1,25.652322283333334,-100.2916093,39.311,0.0,0,5.42,99.1,-1,0.119,,,,,,2558,0.98,0.001477,11.016949
2026-07-13T10:16:09.189170,Raspberry_Relieve1,25.652322283333334,-100.2916093,39.311,0.0,0,5.42,99.1,-1,0.119,,,,,,2559,1.08,0.001621,11.01857
2026-07-13T10:16:10.189298,Raspberry_Relieve1,25.652322283333334,-100.2916093,39.311,0.0,0,5.42,99.1,-1,0.119,,,,,,2560,0.9,0.001361,11.019931
2026-07-13T10:16:11.189415,Raspberry_Relieve1,25.652322283333334,-100.2916093,39.311,0.0,0,5.42,99.1,-1,0.119,,,,,,2561,1.02,0.001537,11.021468
2026-07-13T10:16:12.189536,Raspberry_Relieve1,25.652322283333334,-100.2916093,39.312,0.0,0,5.42,99.1,-1,0.119,,,,,,2562,1.07,0.001617,11.023085
2026-07-13T10:16:13.189667,Raspberry_Relieve1,25.652322283333334,-100.2916093,39.31,0.0,0,5.42,99.1,-1,0.119,,,,,,2563,0.9,0.001354,11.02444
2026-07-13T10:16:14.189772,Raspberry_Relieve1,25.652322283333334,-100.2916093,39.31,0.0,0,5.42,99.1,-1,0.119,,,,,,2564,1.04,0.001568,11.026007
2026-07-13T10:16:15.189908,Raspberry_Relieve1,25.652322283333334,-100.2916093,39.31,0.0,0,5.42,99.1,-1,0.119,,,,,,2565,1.03,0.001551,11.027559
2026-07-13T10:16:16.190022,Raspberry_Relieve1,25.652322283333334,-100.2916093,39.309,0.0,0,5.42,99.1,-1,0.119,,,,,,2566,1.05,0.001582,11.029141
2026-07-13T10:16:17.190144,Raspberry_Relieve1,25.652322283333334,-100.2916093,39.311,0.0,0,5.42,99.1,-1,0.119,,,,,,2567,0.97,0.001459,11.0306
2026-07-13T10:16:18.190262,Raspberry_Relieve1,25.652322283333334,-100.2916093,39.309,0.0,0,5.42,99.1,-1,0.119,,,,,,2568,1.07,0.001611,11.032212
2026-07-13T10:16:19.190378,Raspberry_Relieve1,25.652322283333334,-100.2916093,39.309,0.0,0,5.42,99.1,-1,0.119,,,,,,2569,0.9,0.001354,11.033566
2026-07-13T10:16:20.190500,Raspberry_Relieve1,25.652322283333334,-100.2916093,39.31,0.0,0,5.42,99.1,-1,0.119,,,,,,2570,1.01,0.001527,11.035093
2026-07-13T10:16:21.190635,Raspberry_Relieve1,25.652322283333334,-100.2916093,39.309,0.0,0,5.42,99.1,-1,0.119,,,,,,2571,1.11,0.001669,11.036762
2026-07-13T10:16:22.190741,Raspberry_Relieve1,25.652322283333334,-100.2916093,39.308,0.0,0,5.42,99.1,-1,0.119,,,,,,2572,0.85,0.001273,11.038035
2026-07-13T10:16:23.190885,Raspberry_Relieve1,25.652322283333334,-100.2916093,39.309,0.0,0,5.42,99.1,-1,0.119,,,,,,2573,1.07,0.001616,11.039651
2026-07-13T10:16:24.190990,Raspberry_Relieve1,25.652322283333334,-100.2916093,39.31,0.0,0,5.42,99.1,-1,0.119,,,,,,2574,1.01,0.001528,11.04118
2026-07-13T10:16:25.191123,Raspberry_Relieve1,25.652322283333334,-100.2916093,39.308,0.0,0,5.42,99.1,-1,0.119,,,,,,2575,1.02,0.00153,11.04271
2026-07-13T10:16:26.191267,Raspberry_Relieve1,25.652322283333334,-100.2916093,39.309,0.0,0,5.42,99.1,-1,0.119,,,,,,2576,0.9,0.00136,11.04407
2026-07-13T10:16:27.191374,Raspberry_Relieve1,25.652322283333334,-100.2916093,39.309,0.0,0,5.42,99.1,-1,0.119,,,,,,2577,1.12,0.001682,11.045752
2026-07-13T10:16:28.191483,Raspberry_Relieve1,25.652322283333334,-100.2916093,39.309,0.0,0,5.42,99.1,-1,0.119,,,,,,2578,0.89,0.001348,11.047101
2026-07-13T10:16:29.191620,Raspberry_Relieve1,25.652322283333334,-100.2916093,39.309,0.0,0,5.42,99.1,-1,0.119,,,,,,2579,1.08,0.001623,11.048723
2026-07-13T10:16:30.191717,Raspberry_Relieve1,25.652322283333334,-100.2916093,39.309,0.0,0,5.42,99.1,-1,0.119,,,,,,2580,0.92,0.001383,11.050106
2026-07-13T10:16:31.191851,Raspberry_Relieve1,25.652322283333334,-100.2916093,39.31,0.0,0,5.42,99.1,-1,0.119,,,,,,2581,1.06,0.001599,11.051705
2026-07-13T10:16:32.191966,Raspberry_Relieve1,25.652322283333334,-100.2916093,39.309,0.0,0,5.42,99.1,-1,0.119,,,,,,2582,0.96,0.001441,11.053146
2026-07-13T10:16:33.192111,Raspberry_Relieve1,25.652322283333334,-100.2916093,39.309,0.0,0,5.42,99.1,-1,0.119,,,,,,2583,0.97,0.001464,11.054609
2026-07-13T10:16:34.192213,Raspberry_Relieve1,25.652322283333334,-100.2916093,39.309,0.0,0,5.42,99.1,-1,0.119,,,,,,2584,1.08,0.00163,11.056239
2026-07-13T10:16:35.192339,Raspberry_Relieve1,25.652322283333334,-100.2916093,39.308,0.0,0,5.42,99.1,-1,0.119,,,,,,2585,0.92,0.001386,11.057625
2026-07-13T10:16:36.192451,Raspberry_Relieve1,25.652322283333334,-100.2916093,39.308,0.0,0,5.42,99.1,-1,0.119,,,,,,2586,1.1,0.001661,11.059286
2026-07-13T10:16:37.192595,Raspberry_Relieve1,25.652322283333334,-100.2916093,39.307,0.0,0,5.42,99.1,-1,0.119,,,,,,2587,0.9,0.001351,11.060637
2026-07-13T10:16:38.192693,Raspberry_Relieve1,25.652322283333334,-100.2916093,39.308,0.0,0,5.42,99.1,-1,0.119,,,,,,2588,1.05,0.001586,11.062223
2026-07-13T10:16:39.192830,Raspberry_Relieve1,25.652322283333334,-100.2916093,39.307,0.0,0,5.42,99.1,-1,0.119,,,,,,2589,1.07,0.001606,11.063829
2026-07-13T10:16:40.192951,Raspberry_Relieve1,25.652322283333334,-100.2916093,39.308,0.0,0,5.42,99.1,-1,0.119,,,,,,2590,0.91,0.001375,11.065204
2026-07-13T10:16:41.193076,Raspberry_Relieve1,25.652322283333334,-100.2916093,39.309,0.0,0,5.42,99.1,-1,0.119,,,,,,2591,0.99,0.001488,11.066692
2026-07-13T10:16:42.193181,Raspberry_Relieve1,25.652322283333334,-100.2916093,39.309,0.0,0,5.42,99.1,-1,0.119,,,,,,2592,0.99,0.001486,11.068178
2026-07-13T10:16:43.193311,Raspberry_Relieve1,25.652322283333334,-100.2916093,39.308,0.0,0,5.42,99.1,-1,0.119,,,,,,2593,1.31,0.001979,11.070158
2026-07-13T10:16:44.193424,Raspberry_Relieve1,25.652322283333334,-100.2916093,39.308,0.0,0,5.42,99.1,-1,0.119,,,,,,2594,0.71,0.001071,11.071229
2026-07-13T10:16:45.193555,Raspberry_Relieve1,25.652322283333334,-100.2916093,39.306,0.0,0,5.42,99.1,-1,0.119,,,,,,2595,1.06,0.001592,11.072821
2026-07-13T10:16:46.193681,Raspberry_Relieve1,25.652322283333334,-100.2916093,39.307,0.0,0,5.42,99.1,-1,0.119,,,,,,2596,0.91,0.001375,11.074197
2026-07-13T10:16:47.193806,Raspberry_Relieve1,25.652322283333334,-100.2916093,39.309,0.0,0,5.42,99.1,-1,0.119,,,,,,2597,1.1,0.001662,11.075858
2026-07-13T10:16:48.193927,Raspberry_Relieve1,25.652322283333334,-100.2916093,39.308,0.0,0,5.42,99.1,-1,0.119,,,,,,2598,0.91,0.001368,11.077226
2026-07-13T10:16:49.194047,Raspberry_Relieve1,25.652322283333334,-100.2916093,39.307,0.0,0,5.42,99.1,-1,0.119,,,,,,2599,1.11,0.001673,11.078899
2026-07-13T10:16:50.194203,Raspberry_Relieve1,25.652322283333334,-100.2916093,39.307,0.0,0,5.42,99.1,-1,0.119,,,,,,2600,0.91,0.001377,11.080275
2026-07-13T10:16:51.194363,Raspberry_Relieve1,25.652322283333334,-100.2916093,39.307,0.0,0,5.42,99.1,-1,0.119,,,,,,2601,1.3,0.00196,11.082235
2026-07-13T10:16:52.194481,Raspberry_Relieve1,25.652322283333334,-100.2916093,39.307,0.0,0,5.42,99.1,-1,0.119,,,,,,2602,0.69,0.001037,11.083273
2026-07-13T10:16:53.194602,Raspberry_Relieve1,25.652322283333334,-100.2916093,39.307,0.0,0,5.42,99.1,-1,0.119,,,,,,2603,1.02,0.001533,11.084805
2026-07-13T10:16:54.194730,Raspberry_Relieve1,25.652322283333334,-100.2916093,39.307,0.0,0,5.42,99.1,-1,0.119,,,,,,2604,0.98,0.001473,11.086279
2026-07-13T10:16:55.194878,Raspberry_Relieve1,25.652322283333334,-100.2916093,39.307,0.0,0,5.42,99.1,-1,0.119,,,,,,2605,1.21,0.001823,11.088102
2026-07-13T10:16:56.195013,Raspberry_Relieve1,25.652322283333334,-100.2916093,39.309,0.0,0,5.42,99.1,-1,0.119,,,,,,2606,0.89,0.001348,11.08945
2026-07-13T10:16:57.195135,Raspberry_Relieve1,25.652322283333334,-100.2916093,39.308,0.0,0,5.42,99.1,-1,0.119,,,,,,2607,0.94,0.001416,11.090866
2026-07-13T10:16:58.195251,Raspberry_Relieve1,25.652322283333334,-100.2916093,39.308,0.0,0,5.42,99.1,-1,0.119,,,,,,2608,1.02,0.001543,11.092409
2026-07-13T10:16:59.195375,Raspberry_Relieve1,25.652322283333334,-100.2916093,39.308,0.0,0,5.42,99.1,-1,0.119,,,,,,2609,0.96,0.00145,11.093859
2026-07-13T10:17:00.195499,Raspberry_Relieve1,25.652322283333334,-100.2916093,39.307,0.0,0,5.42,99.1,-1,0.119,,,,,,2610,1.01,0.001525,11.095384
2026-07-13T10:17:01.195635,Raspberry_Relieve1,25.652322283333334,-100.2916093,39.307,0.0,0,5.42,99.1,-1,0.119,,,,,,2611,1.06,0.001596,11.09698
2026-07-13T10:17:02.195798,Raspberry_Relieve1,25.652322283333334,-100.2916093,39.307,0.0,0,5.42,99.1,-1,0.119,,,,,,2612,0.96,0.001449,11.098429
2026-07-13T10:17:03.195977,Raspberry_Relieve1,25.652322283333334,-100.2916093,39.308,0.0,0,5.42,99.1,-1,0.119,,,,,,2613,0.9,0.001355,11.099784
2026-07-13T10:17:04.196055,Raspberry_Relieve1,25.652322283333334,-100.2916093,39.307,0.0,0,5.42,99.1,-1,0.119,,,,,,2614,1.12,0.001684,11.101468
2026-07-13T10:17:05.196188,Raspberry_Relieve1,25.652322283333334,-100.2916093,39.308,0.0,0,5.42,99.1,-1,0.119,,,,,,2615,0.95,0.001434,11.102902
2026-07-13T10:17:06.196333,Raspberry_Relieve1,25.652322283333334,-100.2916093,39.307,0.0,0,5.42,99.1,-1,0.119,,,,,,2616,1.05,0.001579,11.104481
2026-07-13T10:17:07.196479,Raspberry_Relieve1,25.652322283333334,-100.2916093,39.307,0.0,0,5.42,99.1,-1,0.119,,,,,,2617,0.91,0.001378,11.105859
2026-07-13T10:17:08.196592,Raspberry_Relieve1,25.652322283333334,-100.2916093,39.307,0.0,0,5.42,99.1,-1,0.119,,,,,,2618,1.07,0.001608,11.107467
2026-07-13T10:17:09.196721,Raspberry_Relieve1,25.652322283333334,-100.2916093,39.308,0.0,0,5.42,99.1,-1,0.119,,,,,,2619,0.94,0.001423,11.10889
2026-07-13T10:17:10.196853,Raspberry_Relieve1,25.652322283333334,-100.2916093,39.307,0.0,0,5.42,99.1,-1,0.119,,,,,,2620,0.98,0.001482,11.110372
2026-07-13T10:17:11.196989,Raspberry_Relieve1,25.652322283333334,-100.2916093,39.308,0.0,0,5.42,99.1,-1,0.119,,,,,,2621,1.12,0.001692,11.112064
2026-07-13T10:17:12.197115,Raspberry_Relieve1,25.652322283333334,-100.2916093,39.308,0.0,0,5.42,99.1,-1,0.119,,,,,,2622,0.88,0.001329,11.113393
2026-07-13T10:17:13.197246,Raspberry_Relieve1,25.652322283333334,-100.2916093,39.308,0.0,0,5.42,99.1,-1,0.119,,,,,,2623,1.03,0.001545,11.114938
2026-07-13T10:17:14.197368,Raspberry_Relieve1,25.652322283333334,-100.2916093,39.307,0.0,0,5.42,99.1,-1,0.119,,,,,,2624,0.98,0.001483,11.116421
2026-07-13T10:17:15.197548,Raspberry_Relieve1,25.652322283333334,-100.2916093,39.309,0.0,0,5.42,99.1,-1,0.119,,,,,,2625,0.99,0.001486,11.117906
2026-07-13T10:17:16.197665,Raspberry_Relieve1,25.652322283333334,-100.2916093,39.307,0.0,0,5.42,99.1,-1,0.119,,,,,,2626,0.99,0.001489,11.119396
2026-07-13T10:17:17.197791,Raspberry_Relieve1,25.652322283333334,-100.2916093,39.307,0.0,0,5.42,99.1,-1,0.119,,,,,,2627,1.05,0.001578,11.120974
2026-07-13T10:17:18.197917,Raspberry_Relieve1,25.652322283333334,-100.2916093,39.308,0.0,0,5.42,99.1,-1,0.119,,,,,,2628,1.02,0.001539,11.122513
2026-07-13T10:17:19.198061,Raspberry_Relieve1,25.652322283333334,-100.2916093,39.308,0.0,0,5.42,99.1,-1,0.119,,,,,,2629,1.04,0.001564,11.124077
2026-07-13T10:17:20.198234,Raspberry_Relieve1,25.652322283333334,-100.2916093,39.307,0.0,0,5.42,99.1,-1,0.119,,,,,,2630,0.99,0.001487,11.125564
2026-07-13T10:17:21.198374,Raspberry_Relieve1,25.652322283333334,-100.2916093,39.308,0.0,0,5.42,99.1,-1,0.119,,,,,,2631,1.01,0.00152,11.127084
2026-07-13T10:17:22.198499,Raspberry_Relieve1,25.652322283333334,-100.2916093,39.307,0.0,0,5.42,99.1,-1,0.119,,,,,,2632,0.98,0.001477,11.12856
2026-07-13T10:17:23.198622,Raspberry_Relieve1,25.652322283333334,-100.2916093,39.305,0.0,0,5.42,99.1,-1,0.119,,,,,,2633,0.94,0.001421,11.129982
2026-07-13T10:17:24.198749,Raspberry_Relieve1,25.652322283333334,-100.2916093,39.305,0.0,0,5.42,99.1,-1,0.119,,,,,,2634,1.04,0.001563,11.131545
2026-07-13T10:17:25.198863,Raspberry_Relieve1,25.652322283333334,-100.2916093,39.305,0.0,0,5.42,99.1,-1,0.119,,,,,,2635,1.05,0.001575,11.13312
2026-07-13T10:17:26.198955,Raspberry_Relieve1,25.652322283333334,-100.2916093,39.305,0.0,0,5.42,99.1,-1,0.119,,,,,,2636,0.88,0.001331,11.13445
2026-07-13T10:17:27.199069,Raspberry_Relieve1,25.652322283333334,-100.2916093,39.306,0.0,0,5.42,99.1,-1,0.119,,,,,,2637,1.02,0.001535,11.135985
2026-07-13T10:17:28.199180,Raspberry_Relieve1,25.652322283333334,-100.2916093,39.306,0.0,0,5.42,99.1,-1,0.119,,,,,,2638,1.02,0.001544,11.137529
2026-07-13T10:17:29.199283,Raspberry_Relieve1,25.652322283333334,-100.2916093,39.306,0.0,0,5.42,99.1,-1,0.119,,,,,,2639,1.05,0.001584,11.139113
2026-07-13T10:17:30.199388,Raspberry_Relieve1,25.652322283333334,-100.2916093,39.307,0.0,0,5.42,99.1,-1,0.119,,,,,,2640,0.9,0.001349,11.140461
2026-07-13T10:17:31.199503,Raspberry_Relieve1,25.652322283333334,-100.2916093,39.307,0.0,0,5.42,99.1,-1,0.119,,,,,,2641,1.15,0.001734,11.142195
2026-07-13T10:17:32.199615,Raspberry_Relieve1,25.652322283333334,-100.2916093,39.307,0.0,0,5.42,99.1,-1,0.119,,,,,,2642,0.91,0.00137,11.143565
2026-07-13T10:17:33.199731,Raspberry_Relieve1,25.652322283333334,-100.2916093,39.307,0.0,0,5.42,99.1,-1,0.119,,,,,,2643,1.0,0.001505,11.14507
2026-07-13T10:17:34.199831,Raspberry_Relieve1,25.652322283333334,-100.2916093,39.308,0.0,0,5.42,99.1,-1,0.119,,,,,,2644,1.02,0.00153,11.146601
2026-07-13T10:17:35.199947,Raspberry_Relieve1,25.652322283333334,-100.2916093,39.308,0.0,0,5.42,99.1,-1,0.119,,,,,,2645,0.98,0.001476,11.148077
2026-07-13T10:17:36.200064,Raspberry_Relieve1,25.652322283333334,-100.2916093,39.308,0.0,0,5.42,99.1,-1,0.119,,,,,,2646,1.03,0.001548,11.149625
2026-07-13T10:17:37.200291,Raspberry_Relieve1,25.652322283333334,-100.2916093,39.307,0.0,0,5.42,99.1,-1,0.119,,,,,,2647,1.0,0.001507,11.151132
2026-07-13T10:17:38.200420,Raspberry_Relieve1,25.652322283333334,-100.2916093,39.307,0.0,0,5.42,99.1,-1,0.119,,,,,,2648,1.0,0.001508,11.152641
2026-07-13T10:17:39.200537,Raspberry_Relieve1,25.652322283333334,-100.2916093,39.308,0.0,0,5.42,99.1,-1,0.119,,,,,,2649,1.02,0.001543,11.154183
2026-07-13T10:17:40.200655,Raspberry_Relieve1,25.652322283333334,-100.2916093,39.307,0.0,0,5.42,99.1,-1,0.119,,,,,,2650,1.03,0.00155,11.155733
2026-07-13T10:17:41.200778,Raspberry_Relieve1,25.652322283333334,-100.2916093,39.307,0.0,0,5.42,99.1,-1,0.119,,,,,,2651,0.94,0.00141,11.157143
2026-07-13T10:17:42.200893,Raspberry_Relieve1,25.652322283333334,-100.2916093,39.308,0.0,0,5.42,99.1,-1,0.119,,,,,,2652,0.99,0.001491,11.158633
2026-07-13T10:17:43.201128,Raspberry_Relieve1,25.652322283333334,-100.2916093,39.308,0.0,0,5.42,99.1,-1,0.119,,,,,,2653,0.98,0.001469,11.160103
2026-07-13T10:17:44.201250,Raspberry_Relieve1,25.652322283333334,-100.2916093,39.309,0.0,0,5.42,99.1,-1,0.119,,,,,,2654,1.11,0.001676,11.161778
2026-07-13T10:17:45.201448,Raspberry_Relieve1,25.652322283333334,-100.2916093,39.307,0.0,0,5.42,99.1,-1,0.119,,,,,,2655,0.94,0.001423,11.163202
2026-07-13T10:17:46.201557,Raspberry_Relieve1,25.652322283333334,-100.2916093,39.306,0.0,0,5.42,99.1,-1,0.119,,,,,,2656,0.97,0.001465,11.164666
2026-07-13T10:17:47.201723,Raspberry_Relieve1,25.652322283333334,-100.2916093,39.306,0.0,0,5.42,99.1,-1,0.119,,,,,,2657,1.05,0.001578,11.166245
2026-07-13T10:17:48.201846,Raspberry_Relieve1,25.652322283333334,-100.2916093,39.307,0.0,0,5.42,99.1,-1,0.119,,,,,,2658,0.98,0.001469,11.167714
2026-07-13T10:17:49.201974,Raspberry_Relieve1,25.652322283333334,-100.2916093,39.306,0.0,0,5.42,99.1,-1,0.119,,,,,,2659,1.01,0.001516,11.16923
2026-07-13T10:17:50.202098,Raspberry_Relieve1,25.652322283333334,-100.2916093,39.306,0.0,0,5.42,99.1,-1,0.119,,,,,,2660,0.92,0.001389,11.17062
2026-07-13T10:17:51.202230,Raspberry_Relieve1,25.652322283333334,-100.2916093,39.307,0.0,0,5.42,99.1,-1,0.119,,,,,,2661,1.02,0.001541,11.17216
2026-07-13T10:17:52.202347,Raspberry_Relieve1,25.652322283333334,-100.2916093,39.306,0.0,0,5.42,99.1,-1,0.119,,,,,,2662,0.99,0.001498,11.173658
2026-07-13T10:17:53.202453,Raspberry_Relieve1,25.652322283333334,-100.2916093,39.307,0.0,0,5.42,99.1,-1,0.119,,,,,,2663,1.02,0.001534,11.175193
2026-07-13T10:17:54.202582,Raspberry_Relieve1,25.652322283333334,-100.2916093,39.306,0.0,0,5.42,99.1,-1,0.119,,,,,,2664,0.99,0.001493,11.176686
2026-07-13T10:17:55.202695,Raspberry_Relieve1,25.652322283333334,-100.2916093,39.306,0.0,0,5.42,99.1,-1,0.119,,,,,,2665,1.08,0.001632,11.178318
2026-07-13T10:17:56.202791,Raspberry_Relieve1,25.652322283333334,-100.2916093,39.306,0.0,0,5.42,99.1,-1,0.119,,,,,,2666,0.97,0.001454,11.179772
2026-07-13T10:17:57.202911,Raspberry_Relieve1,25.652322283333334,-100.2916093,39.306,0.0,0,5.42,99.1,-1,0.119,,,,,,2667,1.03,0.001559,11.18133
2026-07-13T10:17:58.203022,Raspberry_Relieve1,25.652322283333334,-100.2916093,39.305,0.0,0,5.42,99.1,-1,0.119,,,,,,2668,0.88,0.001331,11.182662
2026-07-13T10:17:59.203151,Raspberry_Relieve1,25.652322283333334,-100.2916093,39.306,0.0,0,5.42,99.1,-1,0.119,,,,,,2669,1.05,0.001577,11.184239
2026-07-13T10:18:00.203272,Raspberry_Relieve1,25.652322283333334,-100.2916093,39.305,0.0,0,5.42,99.1,-1,0.119,,,,,,2670,1.07,0.001616,11.185855
2026-07-13T10:18:01.203354,Raspberry_Relieve1,25.652322283333334,-100.2916093,39.305,0.0,0,5.42,99.1,-1,0.119,,,,,,2671,0.9,0.001353,11.187208
2026-07-13T10:18:02.203443,Raspberry_Relieve1,25.652322283333334,-100.2916093,39.306,0.0,0,5.42,99.1,-1,0.119,,,,,,2672,1.05,0.001577,11.188785
2026-07-13T10:18:03.203533,Raspberry_Relieve1,25.652322283333334,-100.2916093,39.307,0.0,0,5.42,99.1,-1,0.119,,,,,,2673,0.95,0.001428,11.190213
2026-07-13T10:18:04.203631,Raspberry_Relieve1,25.652322283333334,-100.2916093,39.305,0.0,0,5.42,99.1,-1,0.119,,,,,,2674,1.06,0.00159,11.191803
2026-07-13T10:18:05.203728,Raspberry_Relieve1,25.652322283333334,-100.2916093,39.306,0.0,0,5.42,99.1,-1,0.119,,,,,,2675,1.26,0.001895,11.193698
2026-07-13T10:18:06.203865,Raspberry_Relieve1,25.652322283333334,-100.2916093,39.305,0.0,0,5.42,99.1,-1,0.119,,,,,,2676,0.78,0.00118,11.194878
2026-07-13T10:18:07.204004,Raspberry_Relieve1,25.652322283333334,-100.2916093,39.306,0.0,0,5.42,99.1,-1,0.119,,,,,,2677,0.96,0.001448,11.196325
2026-07-13T10:18:08.204138,Raspberry_Relieve1,25.652322283333334,-100.2916093,39.307,0.0,0,5.42,99.1,-1,0.119,,,,,,2678,0.98,0.00147,11.197796
2026-07-13T10:18:09.204263,Raspberry_Relieve1,25.652322283333334,-100.2916093,39.306,0.0,0,5.42,99.1,-1,0.119,,,,,,2679,0.97,0.001467,11.199263
2026-07-13T10:18:10.204391,Raspberry_Relieve1,25.652322283333334,-100.2916093,39.305,0.0,0,5.42,99.1,-1,0.119,,,,,,2680,1.1,0.00166,11.200922
2026-07-13T10:18:11.204539,Raspberry_Relieve1,25.652322283333334,-100.2916093,39.305,0.0,0,5.42,99.1,-1,0.119,,,,,,2681,1.0,0.001513,11.202435
2026-07-13T10:18:12.204636,Raspberry_Relieve1,25.652322283333334,-100.2916093,39.307,0.0,0,5.42,99.1,-1,0.119,,,,,,2682,1.03,0.001551,11.203987
2026-07-13T10:18:13.204855,Raspberry_Relieve1,25.652322283333334,-100.2916093,39.305,0.0,0,5.42,99.1,-1,0.119,,,,,,2683,0.98,0.001482,11.205469
2026-07-13T10:18:14.204964,Raspberry_Relieve1,25.652322283333334,-100.2916093,39.306,0.0,0,5.42,99.1,-1,0.119,,,,,,2684,0.96,0.001441,11.20691
2026-07-13T10:18:15.205082,Raspberry_Relieve1,25.652322283333334,-100.2916093,39.305,0.0,0,5.42,99.1,-1,0.119,,,,,,2685,1.03,0.001554,11.208464
2026-07-13T10:18:16.205286,Raspberry_Relieve1,25.652322283333334,-100.2916093,39.305,0.0,0,5.42,99.1,-1,0.119,,,,,,2686,0.91,0.001369,11.209834
2026-07-13T10:18:17.205508,Raspberry_Relieve1,25.652322283333334,-100.2916093,39.306,0.0,0,5.42,99.1,-1,0.119,,,,,,2687,0.99,0.001494,11.211328
2026-07-13T10:18:18.205616,Raspberry_Relieve1,25.652322283333334,-100.2916093,39.306,0.0,0,5.42,99.1,-1,0.119,,,,,,2688,1.1,0.001663,11.212991
2026-07-13T10:18:19.205715,Raspberry_Relieve1,25.652322283333334,-100.2916093,39.306,0.0,0,5.42,99.1,-1,0.119,,,,,,2689,0.9,0.001363,11.214354
2026-07-13T10:18:20.205824,Raspberry_Relieve1,25.652322283333334,-100.2916093,39.305,0.0,0,5.42,99.1,-1,0.119,,,,,,2690,1.12,0.001694,11.216048
2026-07-13T10:18:21.205929,Raspberry_Relieve1,25.652322283333334,-100.2916093,39.306,0.0,0,5.42,99.1,-1,0.119,,,,,,2691,0.88,0.001331,11.217379
2026-07-13T10:18:22.206040,Raspberry_Relieve1,25.652322283333334,-100.2916093,39.305,0.0,0,5.42,99.1,-1,0.119,,,,,,2692,0.96,0.001439,11.218818
2026-07-13T10:18:23.206153,Raspberry_Relieve1,25.652322283333334,-100.2916093,39.306,0.0,0,5.42,99.1,-1,0.119,,,,,,2693,1.06,0.0016,11.220418
2026-07-13T10:18:24.206271,Raspberry_Relieve1,25.652322283333334,-100.2916093,39.307,0.0,0,5.42,99.1,-1,0.119,,,,,,2694,1.08,0.001633,11.222051
2026-07-13T10:18:25.206371,Raspberry_Relieve1,25.652322283333334,-100.2916093,39.307,0.0,0,5.42,99.1,-1,0.119,,,,,,2695,0.95,0.001425,11.223476
2026-07-13T10:18:26.206503,Raspberry_Relieve1,25.652322283333334,-100.2916093,39.307,0.0,0,5.42,99.1,-1,0.119,,,,,,2696,0.93,0.001404,11.22488
2026-07-13T10:18:27.206600,Raspberry_Relieve1,25.652322283333334,-100.2916093,39.307,0.0,0,5.42,99.1,-1,0.119,,,,,,2697,1.05,0.001587,11.226468
2026-07-13T10:18:28.206814,Raspberry_Relieve1,25.652322283333334,-100.2916093,39.307,0.0,0,5.42,99.1,-1,0.119,,,,,,2698,1.04,0.001566,11.228034
2026-07-13T10:18:29.207016,Raspberry_Relieve1,25.652322283333334,-100.2916093,39.306,0.0,0,5.42,99.1,-1,0.119,,,,,,2699,1.01,0.00152,11.229553
2026-07-13T10:18:30.207236,Raspberry_Relieve1,25.652322283333334,-100.2916093,39.307,0.0,0,5.42,99.1,-1,0.119,,,,,,2700,0.95,0.001425,11.230978
2026-07-13T10:18:31.207462,Raspberry_Relieve1,25.652322283333334,-100.2916093,39.307,0.0,0,5.42,99.1,-1,0.119,,,,,,2701,1.05,0.001589,11.232568
2026-07-13T10:18:32.207572,Raspberry_Relieve1,25.652322283333334,-100.2916093,39.304,0.0,0,5.42,99.1,-1,0.119,,,,,,2702,0.95,0.001424,11.233992
2026-07-13T10:18:33.207738,Raspberry_Relieve1,25.652322283333334,-100.2916093,39.306,0.0,0,5.42,99.1,-1,0.119,,,,,,2703,1.07,0.001617,11.235609
2026-07-13T10:18:34.207848,Raspberry_Relieve1,25.652322283333334,-100.2916093,39.304,0.0,0,5.42,99.1,-1,0.119,,,,,,2704,0.98,0.001474,11.237083
2026-07-13T10:18:35.208002,Raspberry_Relieve1,25.652322283333334,-100.2916093,39.305,0.0,0,5.42,99.1,-1,0.119,,,,,,2705,0.95,0.001438,11.238521
2026-07-13T10:18:36.208182,Raspberry_Relieve1,25.652322283333334,-100.2916093,39.304,0.0,0,5.42,99.1,-1,0.119,,,,,,2706,1.02,0.00153,11.240051
2026-07-13T10:18:37.208293,Raspberry_Relieve1,25.652322283333334,-100.2916093,39.305,0.0,0,5.42,99.1,-1,0.119,,,,,,2707,1.0,0.001508,11.241559
2026-07-13T10:18:38.208385,Raspberry_Relieve1,25.652322283333334,-100.2916093,39.304,0.0,0,5.42,99.1,-1,0.119,,,,,,2708,1.03,0.001552,11.243111
2026-07-13T10:18:39.208499,Raspberry_Relieve1,25.652322283333334,-100.2916093,39.304,0.0,0,5.42,99.1,-1,0.119,,,,,,2709,0.91,0.00137,11.244481
2026-07-13T10:18:40.208607,Raspberry_Relieve1,25.652322283333334,-100.2916093,39.305,0.0,0,5.42,99.1,-1,0.119,,,,,,2710,0.97,0.001463,11.245944
2026-07-13T10:18:41.208728,Raspberry_Relieve1,25.652322283333334,-100.2916093,39.305,0.0,0,5.42,99.1,-1,0.119,,,,,,2711,1.07,0.001616,11.24756
2026-07-13T10:18:42.208827,Raspberry_Relieve1,25.652322283333334,-100.2916093,39.305,0.0,0,5.42,99.1,-1,0.119,,,,,,2712,1.03,0.001552,11.249112
2026-07-13T10:18:43.208931,Raspberry_Relieve1,25.652322283333334,-100.2916093,39.305,0.0,0,5.42,99.1,-1,0.119,,,,,,2713,0.92,0.001386,11.250498
2026-07-13T10:18:44.209037,Raspberry_Relieve1,25.652322283333334,-100.2916093,39.306,0.0,0,5.42,99.1,-1,0.119,,,,,,2714,1.05,0.001588,11.252086
2026-07-13T10:18:45.209145,Raspberry_Relieve1,25.652322283333334,-100.2916093,39.306,0.0,0,5.42,99.1,-1,0.119,,,,,,2715,1.02,0.001536,11.253622
2026-07-13T10:18:46.209257,Raspberry_Relieve1,25.652322283333334,-100.2916093,39.305,0.0,0,5.42,99.1,-1,0.119,,,,,,2716,1.0,0.00151,11.255131
2026-07-13T10:18:47.209353,Raspberry_Relieve1,25.652322283333334,-100.2916093,39.305,0.0,0,5.42,99.1,-1,0.119,,,,,,2717,0.97,0.001463,11.256594
2026-07-13T10:18:48.209471,Raspberry_Relieve1,25.652322283333334,-100.2916093,39.305,0.0,0,5.42,99.1,-1,0.119,,,,,,2718,0.95,0.001427,11.258021
2026-07-13T10:18:49.209577,Raspberry_Relieve1,25.652322283333334,-100.2916093,39.306,0.0,0,5.42,99.1,-1,0.119,,,,,,2719,1.14,0.001715,11.259737
2026-07-13T10:18:50.209679,Raspberry_Relieve1,25.652322283333334,-100.2916093,39.305,0.0,0,5.42,99.1,-1,0.119,,,,,,2720,0.91,0.001366,11.261103
2026-07-13T10:18:51.209782,Raspberry_Relieve1,25.652322283333334,-100.2916093,39.304,0.0,0,5.42,99.1,-1,0.119,,,,,,2721,1.03,0.001556,11.262659
2026-07-13T10:18:52.209885,Raspberry_Relieve1,25.652322283333334,-100.2916093,39.304,0.0,0,5.42,99.1,-1,0.119,,,,,,2722,0.97,0.001468,11.264127
2026-07-13T10:18:53.210104,Raspberry_Relieve1,25.652322283333334,-100.2916093,39.305,0.0,0,5.42,99.1,-1,0.119,,,,,,2723,0.97,0.00146,11.265586
2026-07-13T10:18:54.210213,Raspberry_Relieve1,25.652322283333334,-100.2916093,39.305,0.0,0,5.42,99.1,-1,0.119,,,,,,2724,1.0,0.001507,11.267094
2026-07-13T10:18:55.210311,Raspberry_Relieve1,25.652322283333334,-100.2916093,39.305,0.0,0,5.42,99.1,-1,0.119,,,,,,2725,1.08,0.001626,11.268719
2026-07-13T10:18:56.210434,Raspberry_Relieve1,25.652322283333334,-100.2916093,39.305,0.0,0,5.42,99.1,-1,0.119,,,,,,2726,0.92,0.001383,11.270102
2026-07-13T10:18:57.210542,Raspberry_Relieve1,25.652322283333334,-100.2916093,39.303,0.0,0,5.42,99.1,-1,0.119,,,,,,2727,1.05,0.001577,11.271679
2026-07-13T10:18:58.210643,Raspberry_Relieve1,25.652322283333334,-100.2916093,39.305,0.0,0,5.42,99.1,-1,0.119,,,,,,2728,0.96,0.001449,11.273129
2026-07-13T10:18:59.210749,Raspberry_Relieve1,25.652322283333334,-100.2916093,39.303,0.0,0,5.42,99.1,-1,0.119,,,,,,2729,1.01,0.001526,11.274655
2026-07-13T10:19:00.210921,Raspberry_Relieve1,25.652322283333334,-100.2916093,39.304,0.0,0,5.42,99.1,-1,0.119,,,,,,2730,1.0,0.001507,11.276162
2026-07-13T10:19:01.210989,Raspberry_Relieve1,25.652322283333334,-100.2916093,39.303,0.0,0,5.42,99.1,-1,0.119,,,,,,2731,1.06,0.001594,11.277756
2026-07-13T10:19:02.211143,Raspberry_Relieve1,25.652322283333334,-100.2916093,39.304,0.0,0,5.42,99.1,-1,0.119,,,,,,2732,0.94,0.001412,11.279168
2026-07-13T10:19:03.211232,Raspberry_Relieve1,25.652322283333334,-100.2916093,39.302,0.0,0,5.42,99.1,-1,0.119,,,,,,2733,1.03,0.001552,11.28072
2026-07-13T10:19:04.211314,Raspberry_Relieve1,25.652322283333334,-100.2916093,39.302,0.0,0,5.42,99.1,-1,0.119,,,,,,2734,0.99,0.001487,11.282207
2026-07-13T10:19:05.211407,Raspberry_Relieve1,25.652322283333334,-100.2916093,39.303,0.0,0,5.42,99.1,-1,0.119,,,,,,2735,1.01,0.001518,11.283725
2026-07-13T10:19:06.211548,Raspberry_Relieve1,25.652322283333334,-100.2916093,39.304,0.0,0,5.42,99.1,-1,0.119,,,,,,2736,1.03,0.001557,11.285282
2026-07-13T10:19:07.211725,Raspberry_Relieve1,25.652322283333334,-100.2916093,39.305,0.0,0,5.42,99.1,-1,0.119,,,,,,2737,0.98,0.001477,11.286759
2026-07-13T10:19:08.211833,Raspberry_Relieve1,25.652322283333334,-100.2916093,39.304,0.0,0,5.42,99.1,-1,0.119,,,,,,2738,0.91,0.001374,11.288133
2026-07-13T10:19:09.211996,Raspberry_Relieve1,25.652322283333334,-100.2916093,39.302,0.0,0,5.42,99.1,-1,0.119,,,,,,2739,1.11,0.001669,11.289802
2026-07-13T10:19:10.212104,Raspberry_Relieve1,25.652322283333334,-100.2916093,39.303,0.0,0,5.42,99.1,-1,0.119,,,,,,2740,0.99,0.00149,11.291292
2026-07-13T10:19:11.212259,Raspberry_Relieve1,25.652322283333334,-100.2916093,39.305,0.0,0,5.42,99.1,-1,0.119,,,,,,2741,0.99,0.001499,11.29279
2026-07-13T10:19:12.212360,Raspberry_Relieve1,25.652322283333334,-100.2916093,39.303,0.0,0,5.42,99.1,-1,0.119,,,,,,2742,1.01,0.001515,11.294305
2026-07-13T10:19:13.212536,Raspberry_Relieve1,25.652322283333334,-100.2916093,39.304,0.0,0,5.42,99.1,-1,0.119,,,,,,2743,0.93,0.001404,11.295709
2026-07-13T10:19:14.212711,Raspberry_Relieve1,25.652322283333334,-100.2916093,39.303,0.0,0,5.42,99.1,-1,0.119,,,,,,2744,1.0,0.001508,11.297217
2026-07-13T10:19:15.212893,Raspberry_Relieve1,25.652322283333334,-100.2916093,39.302,0.0,0,5.42,99.1,-1,0.119,,,,,,2745,1.07,0.001615,11.298832
2026-07-13T10:19:16.213008,Raspberry_Relieve1,25.652322283333334,-100.2916093,39.304,0.0,0,5.42,99.1,-1,0.119,,,,,,2746,0.99,0.001491,11.300323
2026-07-13T10:19:17.213179,Raspberry_Relieve1,25.652322283333334,-100.2916093,39.303,0.0,0,5.42,99.1,-1,0.119,,,,,,2747,0.97,0.001466,11.301789
2026-07-13T10:19:18.213359,Raspberry_Relieve1,25.652322283333334,-100.2916093,39.303,0.0,0,5.42,99.1,-1,0.119,,,,,,2748,1.02,0.001534,11.303323
2026-07-13T10:19:19.213478,Raspberry_Relieve1,25.652322283333334,-100.2916093,39.304,0.0,0,5.42,99.1,-1,0.119,,,,,,2749,1.06,0.001598,11.304921
2026-07-13T10:19:20.213629,Raspberry_Relieve1,25.652322283333334,-100.2916093,39.305,0.0,0,5.42,99.1,-1,0.119,,,,,,2750,0.92,0.001384,11.306305
2026-07-13T10:19:21.213778,Raspberry_Relieve1,25.652322283333334,-100.2916093,39.305,0.0,0,5.42,99.1,-1,0.119,,,,,,2751,1.08,0.001622,11.307927
2026-07-13T10:19:22.213887,Raspberry_Relieve1,25.652322283333334,-100.2916093,39.304,0.0,0,5.42,99.1,-1,0.119,,,,,,2752,0.88,0.001325,11.309252
2026-07-13T10:19:23.214005,Raspberry_Relieve1,25.652322283333334,-100.2916093,39.304,0.0,0,5.42,99.1,-1,0.119,,,,,,2753,1.02,0.001535,11.310787
2026-07-13T10:19:24.214132,Raspberry_Relieve1,25.652322283333334,-100.2916093,39.304,0.0,0,5.42,99.1,-1,0.119,,,,,,2754,1.09,0.001648,11.312435
2026-07-13T10:19:25.214316,Raspberry_Relieve1,25.652322283333334,-100.2916093,39.304,0.0,0,5.42,99.1,-1,0.119,,,,,,2755,0.87,0.00131,11.313745
2026-07-13T10:19:26.214443,Raspberry_Relieve1,25.652322283333334,-100.2916093,39.304,0.0,0,5.42,99.1,-1,0.119,,,,,,2756,1.08,0.001626,11.315372
2026-07-13T10:19:27.214566,Raspberry_Relieve1,25.652322283333334,-100.2916093,39.303,0.0,0,5.42,99.1,-1,0.119,,,,,,2757,1.05,0.001587,11.316959
2026-07-13T10:19:28.214677,Raspberry_Relieve1,25.652322283333334,-100.2916093,39.302,0.0,0,5.42,99.1,-1,0.119,,,,,,2758,0.98,0.001479,11.318438
2026-07-13T10:19:29.214798,Raspberry_Relieve1,25.652322283333334,-100.2916093,39.305,0.0,0,5.42,99.1,-1,0.119,,,,,,2759,1.01,0.001523,11.319961
2026-07-13T10:19:30.214974,Raspberry_Relieve1,25.652322283333334,-100.2916093,39.305,0.0,0,5.42,99.1,-1,0.119,,,,,,2760,0.92,0.001391,11.321352
2026-07-13T10:19:31.215096,Raspberry_Relieve1,25.652322283333334,-100.2916093,39.305,0.0,0,5.42,99.1,-1,0.119,,,,,,2761,1.05,0.001585,11.322937
2026-07-13T10:19:32.215224,Raspberry_Relieve1,25.652322283333334,-100.2916093,39.303,0.0,0,5.42,99.1,-1,0.119,,,,,,2762,1.01,0.001526,11.324463
2026-07-13T10:19:33.215391,Raspberry_Relieve1,25.652322283333334,-100.2916093,39.303,0.0,0,5.42,99.1,-1,0.119,,,,,,2763,0.99,0.001487,11.32595
2026-07-13T10:19:34.215525,Raspberry_Relieve1,25.652322283333334,-100.2916093,39.303,0.0,0,5.42,99.1,-1,0.119,,,,,,2764,0.91,0.001366,11.327316
2026-07-13T10:19:35.215643,Raspberry_Relieve1,25.652322283333334,-100.2916093,39.304,0.0,0,5.42,99.1,-1,0.119,,,,,,2765,1.09,0.001636,11.328952
2026-07-13T10:19:36.215798,Raspberry_Relieve1,25.652322283333334,-100.2916093,39.304,0.0,0,5.42,99.1,-1,0.119,,,,,,2766,1.02,0.001531,11.330483
2026-07-13T10:19:37.216000,Raspberry_Relieve1,25.652322283333334,-100.2916093,39.304,0.0,0,5.42,99.1,-1,0.119,,,,,,2767,0.94,0.001416,11.331899
2026-07-13T10:19:38.216139,Raspberry_Relieve1,25.652322283333334,-100.2916093,39.303,0.0,0,5.42,99.1,-1,0.119,,,,,,2768,0.98,0.001471,11.33337
2026-07-13T10:19:39.216259,Raspberry_Relieve1,25.652322283333334,-100.2916093,39.304,0.0,0,5.42,99.1,-1,0.119,,,,,,2769,1.01,0.001528,11.334898
2026-07-13T10:19:40.216368,Raspberry_Relieve1,25.652322283333334,-100.2916093,39.303,0.0,0,5.42,99.1,-1,0.119,,,,,,2770,1.08,0.001624,11.336522
2026-07-13T10:19:41.216499,Raspberry_Relieve1,25.652322283333334,-100.2916093,39.303,0.0,0,5.42,99.1,-1,0.119,,,,,,2771,0.98,0.001476,11.337998
2026-07-13T10:19:42.216606,Raspberry_Relieve1,25.652322283333334,-100.2916093,39.303,0.0,0,5.42,99.1,-1,0.119,,,,,,2772,1.02,0.001534,11.339532
2026-07-13T10:19:43.216761,Raspberry_Relieve1,25.652322283333334,-100.2916093,39.303,0.0,0,5.42,99.1,-1,0.119,,,,,,2773,0.99,0.001499,11.341031
2026-07-13T10:19:44.216870,Raspberry_Relieve1,25.652322283333334,-100.2916093,39.304,0.0,0,5.42,99.1,-1,0.119,,,,,,2774,1.0,0.001501,11.342532
2026-07-13T10:19:45.217037,Raspberry_Relieve1,25.652322283333334,-100.2916093,39.304,0.0,0,5.42,99.1,-1,0.119,,,,,,2775,0.93,0.001407,11.343939
2026-07-13T10:19:46.217312,Raspberry_Relieve1,25.652322283333334,-100.2916093,39.304,0.0,0,5.42,99.1,-1,0.119,,,,,,2776,1.07,0.001613,11.345552
2026-07-13T10:19:47.217461,Raspberry_Relieve1,25.652322283333334,-100.2916093,39.304,0.0,0,5.42,99.1,-1,0.119,,,,,,2777,0.97,0.001459,11.347012
2026-07-13T10:19:48.217575,Raspberry_Relieve1,25.652322283333334,-100.2916093,39.304,0.0,0,5.42,99.1,-1,0.119,,,,,,2778,0.92,0.001389,11.348401
2026-07-13T10:19:49.217723,Raspberry_Relieve1,25.652322283333334,-100.2916093,39.302,0.0,0,5.42,99.1,-1,0.119,,,,,,2779,1.05,0.001584,11.349985
2026-07-13T10:19:50.217863,Raspberry_Relieve1,25.652322283333334,-100.2916093,39.302,0.0,0,5.42,99.1,-1,0.119,,,,,,2780,1.07,0.001612,11.351597
2026-07-13T10:19:51.218007,Raspberry_Relieve1,25.652322283333334,-100.2916093,39.305,0.0,0,5.42,99.1,-1,0.119,,,,,,2781,0.98,0.001483,11.35308
2026-07-13T10:19:52.218112,Raspberry_Relieve1,25.652322283333334,-100.2916093,39.303,0.0,0,5.42,99.1,-1,0.119,,,,,,2782,1.02,0.00153,11.35461
2026-07-13T10:19:53.218279,Raspberry_Relieve1,25.652322283333334,-100.2916093,39.303,0.0,0,5.42,99.1,-1,0.119,,,,,,2783,0.97,0.00146,11.35607
2026-07-13T10:19:54.218437,Raspberry_Relieve1,25.652322283333334,-100.2916093,39.303,0.0,0,5.42,99.1,-1,0.119,,,,,,2784,0.96,0.00144,11.35751
2026-07-13T10:19:55.218552,Raspberry_Relieve1,25.652322283333334,-100.2916093,39.304,0.0,0,5.42,99.1,-1,0.119,,,,,,2785,1.09,0.001647,11.359157
2026-07-13T10:19:56.218680,Raspberry_Relieve1,25.652322283333334,-100.2916093,39.305,0.0,0,5.42,99.1,-1,0.119,,,,,,2786,0.95,0.001437,11.360594
2026-07-13T10:19:57.218800,Raspberry_Relieve1,25.652322283333334,-100.2916093,39.302,0.0,0,5.42,99.1,-1,0.119,,,,,,2787,0.95,0.001435,11.362029
2026-07-13T10:19:58.218904,Raspberry_Relieve1,25.652322283333334,-100.2916093,39.303,0.0,0,5.42,99.1,-1,0.119,,,,,,2788,1.11,0.001673,11.363702
2026-07-13T10:19:59.219029,Raspberry_Relieve1,25.652322283333334,-100.2916093,39.303,0.0,0,5.42,99.1,-1,0.119,,,,,,2789,1.0,0.001503,11.365204
2026-07-13T10:20:00.219133,Raspberry_Relieve1,25.652322283333334,-100.2916093,39.303,0.0,0,5.42,99.1,-1,0.119,,,,,,2790,1.05,0.001581,11.366786
2026-07-13T10:20:01.219230,Raspberry_Relieve1,25.652322283333334,-100.2916093,39.304,0.0,0,5.42,99.1,-1,0.119,,,,,,2791,0.83,0.001246,11.368032
2026-07-13T10:20:02.219301,Raspberry_Relieve1,25.652322283333334,-100.2916093,39.304,0.0,0,5.42,99.1,-1,0.119,,,,,,2792,1.07,0.001606,11.369638
2026-07-13T10:20:03.219400,Raspberry_Relieve1,25.652322283333334,-100.2916093,39.303,0.0,0,5.42,99.1,-1,0.119,,,,,,2793,1.0,0.001501,11.371139
2026-07-13T10:20:04.219469,Raspberry_Relieve1,25.652322283333334,-100.2916093,39.301,0.0,0,5.42,99.1,-1,0.119,,,,,,2794,1.0,0.001507,11.372647
2026-07-13T10:20:05.219564,Raspberry_Relieve1,25.652322283333334,-100.2916093,39.304,0.0,0,5.42,99.1,-1,0.119,,,,,,2795,0.95,0.001436,11.374082
2026-07-13T10:20:06.219687,Raspberry_Relieve1,25.652322283333334,-100.2916093,39.304,0.0,0,5.42,99.1,-1,0.119,,,,,,2796,0.97,0.001458,11.375541
2026-07-13T10:20:07.219804,Raspberry_Relieve1,25.652322283333334,-100.2916093,39.304,0.0,0,5.42,99.1,-1,0.119,,,,,,2797,1.14,0.001721,11.377262
2026-07-13T10:20:08.219984,Raspberry_Relieve1,25.652322283333334,-100.2916093,39.303,0.0,0,5.42,99.1,-1,0.119,,,,,,2798,1.0,0.001502,11.378764
2026-07-13T10:20:09.220114,Raspberry_Relieve1,25.652322283333334,-100.2916093,39.304,0.0,0,5.42,99.1,-1,0.119,,,,,,2799,0.95,0.001435,11.380199
2026-07-13T10:20:10.220261,Raspberry_Relieve1,25.652322283333334,-100.2916093,39.303,0.0,0,5.42,99.1,-1,0.119,,,,,,2800,0.9,0.001355,11.381555
2026-07-13T10:20:11.220403,Raspberry_Relieve1,25.652322283333334,-100.2916093,39.304,0.0,0,5.42,99.1,-1,0.119,,,,,,2801,1.15,0.001729,11.383284
2026-07-13T10:20:12.220506,Raspberry_Relieve1,25.652322283333334,-100.2916093,39.304,0.0,0,5.42,99.1,-1,0.119,,,,,,2802,0.96,0.001448,11.384731
2026-07-13T10:20:13.220622,Raspberry_Relieve1,25.652322283333334,-100.2916093,39.303,0.0,0,5.42,99.1,-1,0.119,,,,,,2803,1.03,0.00155,11.386282
2026-07-13T10:20:14.220730,Raspberry_Relieve1,25.652322283333334,-100.2916093,39.304,0.0,0,5.42,99.1,-1,0.119,,,,,,2804,0.86,0.001299,11.387581
2026-07-13T10:20:15.220861,Raspberry_Relieve1,25.652322283333334,-100.2916093,39.303,0.0,0,5.42,99.1,-1,0.119,,,,,,2805,1.07,0.001614,11.389195
2026-07-13T10:20:16.220961,Raspberry_Relieve1,25.652322283333334,-100.2916093,39.303,0.0,0,5.42,99.1,-1,0.119,,,,,,2806,0.96,0.001443,11.390638
2026-07-13T10:20:17.221081,Raspberry_Relieve1,25.652322283333334,-100.2916093,39.303,0.0,0,5.42,99.1,-1,0.119,,,,,,2807,1.15,0.001735,11.392372
2026-07-13T10:20:18.221189,Raspberry_Relieve1,25.652322283333334,-100.2916093,39.303,0.0,0,5.42,99.1,-1,0.119,,,,,,2808,0.93,0.001406,11.393778
2026-07-13T10:20:19.221327,Raspberry_Relieve1,25.652322283333334,-100.2916093,39.302,0.0,0,5.42,99.1,-1,0.119,,,,,,2809,0.92,0.001388,11.395167
2026-07-13T10:20:20.221431,Raspberry_Relieve1,25.652322283333334,-100.2916093,39.302,0.0,0,5.42,99.1,-1,0.119,,,,,,2810,1.0,0.001508,11.396675
2026-07-13T10:20:21.221554,Raspberry_Relieve1,25.652322283333334,-100.2916093,39.302,0.0,0,5.42,99.1,-1,0.119,,,,,,2811,1.11,0.001667,11.398342
2026-07-13T10:20:22.221667,Raspberry_Relieve1,25.652322283333334,-100.2916093,39.302,0.0,0,5.42,99.1,-1,0.119,,,,,,2812,0.92,0.001394,11.399736
2026-07-13T10:20:23.221835,Raspberry_Relieve1,25.652322283333334,-100.2916093,39.303,0.0,0,5.42,99.1,-1,0.119,,,,,,2813,1.01,0.00152,11.401255
2026-07-13T10:20:24.221945,Raspberry_Relieve1,25.652322283333334,-100.2916093,39.304,0.0,0,5.42,99.1,-1,0.119,,,,,,2814,0.98,0.001483,11.402738
2026-07-13T10:20:25.222107,Raspberry_Relieve1,25.652322283333334,-100.2916093,39.306,0.0,0,5.42,99.1,-1,0.119,,,,,,2815,0.98,0.001472,11.40421
2026-07-13T10:20:26.222233,Raspberry_Relieve1,25.652322283333334,-100.2916093,39.305,0.0,0,5.42,99.1,-1,0.119,,,,,,2816,0.99,0.001494,11.405703
2026-07-13T10:20:27.222356,Raspberry_Relieve1,25.652322283333334,-100.2916093,39.302,0.0,0,5.42,99.1,-1,0.119,,,,,,2817,1.03,0.001546,11.407249
2026-07-13T10:20:28.222460,Raspberry_Relieve1,25.652322283333334,-100.2916093,39.303,0.0,0,5.42,99.1,-1,0.119,,,,,,2818,1.05,0.001577,11.408826
2026-07-13T10:20:29.222577,Raspberry_Relieve1,25.652322283333334,-100.2916093,39.303,0.0,0,5.42,99.1,-1,0.119,,,,,,2819,1.01,0.00152,11.410346
2026-07-13T10:20:30.222684,Raspberry_Relieve1,25.652322283333334,-100.2916093,39.305,0.0,0,5.42,99.1,-1,0.119,,,,,,2820,1.03,0.001554,11.4119
2026-07-13T10:20:31.222805,Raspberry_Relieve1,25.652322283333334,-100.2916093,39.305,0.0,0,5.42,99.1,-1,0.119,,,,,,2821,0.91,0.001365,11.413265
2026-07-13T10:20:32.222915,Raspberry_Relieve1,25.652322283333334,-100.2916093,39.303,0.0,0,5.42,99.1,-1,0.119,,,,,,2822,0.99,0.001491,11.414756
2026-07-13T10:20:33.223040,Raspberry_Relieve1,25.652322283333334,-100.2916093,39.304,0.0,0,5.42,99.1,-1,0.119,,,,,,2823,1.07,0.001608,11.416363
2026-07-13T10:20:34.223176,Raspberry_Relieve1,25.652322283333334,-100.2916093,39.305,0.0,0,5.42,99.1,-1,0.119,,,,,,2824,0.94,0.001422,11.417786
2026-07-13T10:20:35.223305,Raspberry_Relieve1,25.652322283333334,-100.2916093,39.303,0.0,0,5.42,99.1,-1,0.119,,,,,,2825,1.08,0.001623,11.419409
2026-07-13T10:20:36.223406,Raspberry_Relieve1,25.652322283333334,-100.2916093,39.303,0.0,0,5.42,99.1,-1,0.119,,,,,,2826,0.9,0.001356,11.420764
2026-07-13T10:20:37.223524,Raspberry_Relieve1,25.652322283333334,-100.2916093,39.302,0.0,0,5.42,99.1,-1,0.119,,,,,,2827,1.06,0.001594,11.422358
2026-07-13T10:20:38.223636,Raspberry_Relieve1,25.652322283333334,-100.2916093,39.301,0.0,0,5.42,99.1,-1,0.119,,,,,,2828,1.06,0.001598,11.423956
2026-07-13T10:20:39.223772,Raspberry_Relieve1,25.652322283333334,-100.2916093,39.303,0.0,0,5.42,99.1,-1,0.119,,,,,,2829,1.0,0.001506,11.425462
2026-07-13T10:20:40.223921,Raspberry_Relieve1,25.652322283333334,-100.2916093,39.304,0.0,0,5.42,99.1,-1,0.119,,,,,,2830,0.97,0.001461,11.426923
2026-07-13T10:20:41.224026,Raspberry_Relieve1,25.652322283333334,-100.2916093,39.302,0.0,0,5.42,99.1,-1,0.119,,,,,,2831,0.9,0.001357,11.42828
2026-07-13T10:20:42.224112,Raspberry_Relieve1,25.652322283333334,-100.2916093,39.303,0.0,0,5.42,99.1,-1,0.119,,,,,,2832,1.04,0.001571,11.429851
2026-07-13T10:20:43.224266,Raspberry_Relieve1,25.652322283333334,-100.2916093,39.3,0.0,0,5.42,99.1,-1,0.119,,,,,,2833,1.05,0.001579,11.43143
2026-07-13T10:20:44.224382,Raspberry_Relieve1,25.652322283333334,-100.2916093,39.304,0.0,0,5.42,99.1,-1,0.119,,,,,,2834,0.96,0.001446,11.432876
2026-07-13T10:20:45.224516,Raspberry_Relieve1,25.652322283333334,-100.2916093,39.304,0.0,0,5.42,99.1,-1,0.119,,,,,,2835,1.01,0.001525,11.434401
2026-07-13T10:20:46.224612,Raspberry_Relieve1,25.652322283333334,-100.2916093,39.304,0.0,0,5.42,99.1,-1,0.119,,,,,,2836,0.98,0.001477,11.435878
2026-07-13T10:20:47.224743,Raspberry_Relieve1,25.652322283333334,-100.2916093,39.305,0.0,0,5.42,99.1,-1,0.119,,,,,,2837,0.98,0.001475,11.437353
2026-07-13T10:20:48.224839,Raspberry_Relieve1,25.652322283333334,-100.2916093,39.303,0.0,0,5.42,99.1,-1,0.119,,,,,,2838,0.99,0.001484,11.438837
2026-07-13T10:20:49.224965,Raspberry_Relieve1,25.652322283333334,-100.2916093,39.302,0.0,0,5.42,99.1,-1,0.119,,,,,,2839,1.01,0.001517,11.440354
2026-07-13T10:20:50.225068,Raspberry_Relieve1,25.652322283333334,-100.2916093,39.303,0.0,0,5.42,99.1,-1,0.119,,,,,,2840,1.11,0.00167,11.442024
2026-07-13T10:20:51.225246,Raspberry_Relieve1,25.652322283333334,-100.2916093,39.304,0.0,0,5.42,99.1,-1,0.119,,,,,,2841,0.92,0.001391,11.443415
2026-07-13T10:20:52.225340,Raspberry_Relieve1,25.652322283333334,-100.2916093,39.302,0.0,0,5.42,99.1,-1,0.119,,,,,,2842,0.96,0.001449,11.444865
2026-07-13T10:20:53.225472,Raspberry_Relieve1,25.652322283333334,-100.2916093,39.303,0.0,0,5.42,99.1,-1,0.119,,,,,,2843,1.01,0.001527,11.446392
2026-07-13T10:20:54.225616,Raspberry_Relieve1,25.652322283333334,-100.2916093,39.303,0.0,0,5.42,99.1,-1,0.119,,,,,,2844,1.0,0.001513,11.447906
2026-07-13T10:20:55.225814,Raspberry_Relieve1,25.652322283333334,-100.2916093,39.303,0.0,0,5.42,99.1,-1,0.119,,,,,,2845,1.03,0.001546,11.449452
2026-07-13T10:20:56.225940,Raspberry_Relieve1,25.652322283333334,-100.2916093,39.303,0.0,0,5.42,99.1,-1,0.119,,,,,,2846,0.99,0.001484,11.450936
2026-07-13T10:20:57.226067,Raspberry_Relieve1,25.652322283333334,-100.2916093,39.302,0.0,0,5.42,99.1,-1,0.119,,,,,,2847,1.07,0.001615,11.452551
2026-07-13T10:20:58.226164,Raspberry_Relieve1,25.652322283333334,-100.2916093,39.303,0.0,0,5.42,99.1,-1,0.119,,,,,,2848,1.08,0.001633,11.454184
2026-07-13T10:20:59.226348,Raspberry_Relieve1,25.652322283333334,-100.2916093,39.301,0.0,0,5.42,99.1,-1,0.119,,,,,,2849,0.92,0.001383,11.455567
2026-07-13T10:21:00.226442,Raspberry_Relieve1,25.652322283333334,-100.2916093,39.3,0.0,0,5.42,99.1,-1,0.119,,,,,,2850,1.03,0.001554,11.457121
2026-07-13T10:21:01.226538,Raspberry_Relieve1,25.652322283333334,-100.2916093,39.302,0.0,0,5.42,99.1,-1,0.119,,,,,,2851,0.95,0.001429,11.45855
2026-07-13T10:21:02.226607,Raspberry_Relieve1,25.652322283333334,-100.2916093,39.301,0.0,0,5.42,99.1,-1,0.119,,,,,,2852,0.97,0.001465,11.460016
2026-07-13T10:21:03.226710,Raspberry_Relieve1,25.652322283333334,-100.2916093,39.303,0.0,0,5.42,99.1,-1,0.119,,,,,,2853,1.04,0.001569,11.461585
2026-07-13T10:21:04.226783,Raspberry_Relieve1,25.652322283333334,-100.2916093,39.302,0.0,0,5.42,99.1,-1,0.119,,,,,,2854,0.89,0.001341,11.462925
2026-07-13T10:21:05.226876,Raspberry_Relieve1,25.652322283333334,-100.2916093,39.3,0.0,0,5.42,99.1,-1,0.119,,,,,,2855,1.01,0.001527,11.464452
2026-07-13T10:21:06.226992,Raspberry_Relieve1,25.652322283333334,-100.2916093,39.303,0.0,0,5.42,99.1,-1,0.119,,,,,,2856,1.11,0.001672,11.466124
2026-07-13T10:21:07.227145,Raspberry_Relieve1,25.652322283333334,-100.2916093,39.304,0.0,0,5.42,99.1,-1,0.119,,,,,,2857,0.9,0.00136,11.467483
2026-07-13T10:21:08.227239,Raspberry_Relieve1,25.652322283333334,-100.2916093,39.304,0.0,0,5.42,99.1,-1,0.119,,,,,,2858,1.05,0.001581,11.469064
2026-07-13T10:21:09.227415,Raspberry_Relieve1,25.652322283333334,-100.2916093,39.303,0.0,0,5.42,99.1,-1,0.119,,,,,,2859,1.02,0.001544,11.470608
2026-07-13T10:21:10.227508,Raspberry_Relieve1,25.652322283333334,-100.2916093,39.303,0.0,0,5.42,99.1,-1,0.119,,,,,,2860,0.93,0.001405,11.472014
2026-07-13T10:21:11.227696,Raspberry_Relieve1,25.652322283333334,-100.2916093,39.303,0.0,0,5.42,99.1,-1,0.119,,,,,,2861,1.1,0.001661,11.473674
2026-07-13T10:21:12.227788,Raspberry_Relieve1,25.652322283333334,-100.2916093,39.302,0.0,0,5.42,99.1,-1,0.119,,,,,,2862,0.97,0.001466,11.475141
2026-07-13T10:21:13.227959,Raspberry_Relieve1,25.652322283333334,-100.2916093,39.302,0.0,0,5.42,99.1,-1,0.119,,,,,,2863,0.91,0.001372,11.476513
2026-07-13T10:21:14.228021,Raspberry_Relieve1,25.652322283333334,-100.2916093,39.303,0.0,0,5.42,99.1,-1,0.119,,,,,,2864,1.01,0.001525,11.478038
2026-07-13T10:21:15.228169,Raspberry_Relieve1,25.652322283333334,-100.2916093,39.302,0.0,0,5.42,99.1,-1,0.119,,,,,,2865,1.11,0.001673,11.479711
2026-07-13T10:21:16.228264,Raspberry_Relieve1,25.652322283333334,-100.2916093,39.301,0.0,0,5.42,99.1,-1,0.119,,,,,,2866,0.95,0.001429,11.48114
2026-07-13T10:21:17.228404,Raspberry_Relieve1,25.652322283333334,-100.2916093,39.302,0.0,0,5.42,99.1,-1,0.119,,,,,,2867,1.03,0.001546,11.482686
2026-07-13T10:21:18.228496,Raspberry_Relieve1,25.652322283333334,-100.2916093,39.301,0.0,0,5.42,99.1,-1,0.119,,,,,,2868,1.01,0.001515,11.484201
2026-07-13T10:21:19.228671,Raspberry_Relieve1,25.652322283333334,-100.2916093,39.301,0.0,0,5.42,99.1,-1,0.119,,,,,,2869,0.9,0.001353,11.485554
2026-07-13T10:21:20.228755,Raspberry_Relieve1,25.652322283333334,-100.2916093,39.302,0.0,0,5.42,99.1,-1,0.119,,,,,,2870,0.98,0.001483,11.487037
2026-07-13T10:21:21.228872,Raspberry_Relieve1,25.652322283333334,-100.2916093,39.3,0.0,0,5.42,99.1,-1,0.119,,,,,,2871,1.0,0.001505,11.488542
2026-07-13T10:21:22.228985,Raspberry_Relieve1,25.652322283333334,-100.2916093,39.301,0.0,0,5.42,99.1,-1,0.119,,,,,,2872,1.1,0.001658,11.4902
2026-07-13T10:21:23.229102,Raspberry_Relieve1,25.652322283333334,-100.2916093,39.301,0.0,0,5.42,99.1,-1,0.119,,,,,,2873,1.03,0.001545,11.491745
2026-07-13T10:21:24.229292,Raspberry_Relieve1,25.652322283333334,-100.2916093,39.301,0.0,0,5.42,99.1,-1,0.119,,,,,,2874,0.97,0.001462,11.493208
2026-07-13T10:21:25.229405,Raspberry_Relieve1,25.652322283333334,-100.2916093,39.302,0.0,0,5.42,99.1,-1,0.119,,,,,,2875,0.91,0.001372,11.49458
2026-07-13T10:21:26.229522,Raspberry_Relieve1,25.652322283333334,-100.2916093,39.302,0.0,0,5.42,99.1,-1,0.119,,,,,,2876,1.1,0.00165,11.49623
2026-07-13T10:21:27.229642,Raspberry_Relieve1,25.652322283333334,-100.2916093,39.301,0.0,0,5.42,99.1,-1,0.119,,,,,,2877,0.96,0.001445,11.497675
2026-07-13T10:21:28.229778,Raspberry_Relieve1,25.652322283333334,-100.2916093,39.301,0.0,0,5.42,99.1,-1,0.119,,,,,,2878,1.04,0.001561,11.499236
2026-07-13T10:21:29.229895,Raspberry_Relieve1,25.652322283333334,-100.2916093,39.3,0.0,0,5.42,99.1,-1,0.119,,,,,,2879,1.01,0.001521,11.500757
2026-07-13T10:21:30.230069,Raspberry_Relieve1,25.652322283333334,-100.2916093,39.303,0.0,0,5.42,99.1,-1,0.119,,,,,,2880,0.94,0.001416,11.502173
2026-07-13T10:21:31.230180,Raspberry_Relieve1,25.652322283333334,-100.2916093,39.301,0.0,0,5.42,99.1,-1,0.119,,,,,,2881,0.99,0.001486,11.503658
2026-07-13T10:21:32.230362,Raspberry_Relieve1,25.652322283333334,-100.2916093,39.301,0.0,0,5.42,99.1,-1,0.119,,,,,,2882,0.99,0.001498,11.505156
2026-07-13T10:21:33.230460,Raspberry_Relieve1,25.652322283333334,-100.2916093,39.299,0.0,0,5.42,99.1,-1,0.119,,,,,,2883,1.08,0.001622,11.506778
2026-07-13T10:21:34.230630,Raspberry_Relieve1,25.652322283333334,-100.2916093,39.301,0.0,0,5.42,99.1,-1,0.119,,,,,,2884,1.08,0.001621,11.508399
2026-07-13T10:21:35.230797,Raspberry_Relieve1,25.652322283333334,-100.2916093,39.302,0.0,0,5.42,99.1,-1,0.119,,,,,,2885,0.84,0.00127,11.509669
2026-07-13T10:21:36.231074,Raspberry_Relieve1,25.652322283333334,-100.2916093,39.3,0.0,0,5.42,99.1,-1,0.119,,,,,,2886,1.11,0.001672,11.511341
2026-07-13T10:21:37.231190,Raspberry_Relieve1,25.652322283333334,-100.2916093,39.301,0.0,0,5.42,99.1,-1,0.119,,,,,,2887,0.97,0.001464,11.512805
2026-07-13T10:21:38.231327,Raspberry_Relieve1,25.652322283333334,-100.2916093,39.301,0.0,0,5.42,99.1,-1,0.119,,,,,,2888,1.02,0.00153,11.514335
2026-07-13T10:21:39.231442,Raspberry_Relieve1,25.652322283333334,-100.2916093,39.301,0.0,0,5.42,99.1,-1,0.119,,,,,,2889,0.92,0.001381,11.515716
2026-07-13T10:21:40.231633,Raspberry_Relieve1,25.652322283333334,-100.2916093,39.3,0.0,0,5.42,99.1,-1,0.119,,,,,,2890,1.06,0.0016,11.517316
2026-07-13T10:21:41.231742,Raspberry_Relieve1,25.652322283333334,-100.2916093,39.301,0.0,0,5.42,99.1,-1,0.119,,,,,,2891,1.04,0.001574,11.51889
2026-07-13T10:21:42.231968,Raspberry_Relieve1,25.652322283333334,-100.2916093,39.298,0.0,0,5.42,99.1,-1,0.119,,,,,,2892,1.0,0.001502,11.520392
2026-07-13T10:21:45.866332,Raspberry_Relieve1,25.652322283333334,-100.2916093,39.301,0.0,0,5.42,99.1,-1,0.119,,,,,,2896,3.6,0.005431,11.525823
2026-07-13T10:21:46.866452,Raspberry_Relieve1,25.652322283333334,-100.2916093,39.299,0.0,0,5.42,99.1,-1,0.119,,,,,,2897,0.94,0.001419,11.527242
2026-07-13T10:21:47.866632,Raspberry_Relieve1,25.652322283333334,-100.2916093,39.299,0.0,0,5.42,99.1,-1,0.119,,,,,,2898,0.98,0.001479,11.52872
2026-07-13T10:21:48.866734,Raspberry_Relieve1,25.652322283333334,-100.2916093,39.299,0.0,0,5.42,99.1,-1,0.119,,,,,,2899,0.98,0.001477,11.530198
2026-07-13T10:21:49.866863,Raspberry_Relieve1,25.652322283333334,-100.2916093,39.297,0.0,0,5.42,99.1,-1,0.119,,,,,,2900,1.02,0.001533,11.531731
2026-07-13T10:21:50.866969,Raspberry_Relieve1,25.652322283333334,-100.2916093,39.298,0.0,0,5.42,99.1,-1,0.119,,,,,,2901,1.02,0.001537,11.533269
2026-07-13T10:21:51.867177,Raspberry_Relieve1,25.652322283333334,-100.2916093,39.297,0.0,0,5.42,99.1,-1,0.119,,,,,,2902,1.06,0.001602,11.534871
2026-07-13T10:21:52.867285,Raspberry_Relieve1,25.652322283333334,-100.2916093,39.298,0.0,0,5.42,99.1,-1,0.119,,,,,,2903,0.93,0.001405,11.536276
2026-07-13T10:21:53.867418,Raspberry_Relieve1,25.652322283333334,-100.2916093,39.3,0.0,0,5.42,99.1,-1,0.119,,,,,,2904,1.1,0.001657,11.537933
2026-07-13T10:21:54.867604,Raspberry_Relieve1,25.652322283333334,-100.2916093,39.298,0.0,0,5.42,99.1,-1,0.119,,,,,,2905,0.98,0.001477,11.53941
2026-07-13T10:21:55.867734,Raspberry_Relieve1,25.652322283333334,-100.2916093,39.3,0.0,0,5.42,99.1,-1,0.119,,,,,,2906,0.95,0.001428,11.540838
2026-07-13T10:21:56.867831,Raspberry_Relieve1,25.652322283333334,-100.2916093,39.298,0.0,0,5.42,99.1,-1,0.119,,,,,,2907,1.04,0.001569,11.542407
2026-07-13T10:21:57.868029,Raspberry_Relieve1,25.652322283333334,-100.2916093,39.297,0.0,0,5.42,99.1,-1,0.119,,,,,,2908,0.92,0.001382,11.543789
2026-07-13T10:21:58.868223,Raspberry_Relieve1,25.652322283333334,-100.2916093,39.296,0.0,0,5.42,99.1,-1,0.119,,,,,,2909,1.09,0.001643,11.545431
2026-07-13T10:21:59.868336,Raspberry_Relieve1,25.652322283333334,-100.2916093,39.298,0.0,0,5.42,99.1,-1,0.119,,,,,,2910,0.87,0.001317,11.546748
2026-07-13T10:22:00.868525,Raspberry_Relieve1,25.652322283333334,-100.2916093,39.297,0.0,0,5.42,99.1,-1,0.119,,,,,,2911,1.13,0.001701,11.548449
2026-07-13T10:22:01.868646,Raspberry_Relieve1,25.652322283333334,-100.2916093,39.296,0.0,0,5.42,99.1,-1,0.119,,,,,,2912,0.91,0.001377,11.549826
2026-07-13T10:22:02.868776,Raspberry_Relieve1,25.652322283333334,-100.2916093,39.296,0.0,0,5.42,99.1,-1,0.119,,,,,,2913,1.03,0.001546,11.551373
2026-07-13T10:22:03.868891,Raspberry_Relieve1,25.652322283333334,-100.2916093,39.297,0.0,0,5.42,99.1,-1,0.119,,,,,,2914,0.98,0.001472,11.552845
2026-07-13T10:22:04.869005,Raspberry_Relieve1,25.652322283333334,-100.2916093,39.296,0.0,0,5.42,99.1,-1,0.119,,,,,,2915,1.04,0.001574,11.554419
2026-07-13T10:22:05.869127,Raspberry_Relieve1,25.652322283333334,-100.2916093,39.296,0.0,0,5.42,99.1,-1,0.119,,,,,,2916,1.04,0.001568,11.555987
2026-07-13T10:22:06.869259,Raspberry_Relieve1,25.652322283333334,-100.2916093,39.295,0.0,0,5.42,99.1,-1,0.119,,,,,,2917,0.96,0.001454,11.557441
2026-07-13T10:22:07.869359,Raspberry_Relieve1,25.652322283333334,-100.2916093,39.297,0.0,0,5.42,99.1,-1,0.119,,,,,,2918,1.06,0.001592,11.559032
2026-07-13T10:22:08.869491,Raspberry_Relieve1,25.652322283333334,-100.2916093,39.297,0.0,0,5.42,99.1,-1,0.119,,,,,,2919,0.85,0.001283,11.560316
2026-07-13T10:22:09.869710,Raspberry_Relieve1,25.652322283333334,-100.2916093,39.297,0.0,0,5.42,99.1,-1,0.119,,,,,,2920,1.13,0.001701,11.562017
2026-07-13T10:22:10.869901,Raspberry_Relieve1,25.652322283333334,-100.2916093,39.048,1.25,49,48.81,99.1,-1,0.119,,,,,,2921,0.96,0.007259,11.569275
2026-07-13T10:22:11.870061,Raspberry_Relieve1,25.652322283333334,-100.2916093,39.281,0.746,29,29.3,99.1,-1,0.119,,,,,,2922,1.03,0.011173,11.580448
2026-07-13T10:22:12.870166,Raspberry_Relieve1,25.652322283333334,-100.2916093,39.287,0.0,0,29.3,99.1,-1,0.119,,,,,,2923,0.9,0.007343,11.587791
2026-07-13T10:22:13.870382,Raspberry_Relieve1,25.652322283333334,-100.2916093,39.288,-0.113,-4,-4.44,99.1,14400,0.119,,,,,,2924,1.03,0.003556,11.591347
2026-07-13T10:22:14.870588,Raspberry_Relieve1,25.652322283333334,-100.2916093,39.288,-0.115,-5,-4.52,99.1,14400,0.119,,,,,,2925,0.98,-0.001225,11.590122
2026-07-13T10:22:15.870711,Raspberry_Relieve1,25.652322283333334,-100.2916093,39.29,-0.114,-4,-4.48,99.1,14400,0.119,,,,,,2926,1.02,-0.001277,11.588845
2026-07-13T10:22:16.870825,Raspberry_Relieve1,25.652322283333334,-100.2916093,39.29,-0.11,-4,-4.32,99.1,14400,0.119,,,,,,2927,1.06,-0.00129,11.587555
2026-07-13T10:22:17.870950,Raspberry_Relieve1,25.652322283333334,-100.2916093,39.289,-0.118,-5,-4.64,99.1,14400,0.119,,,,,,2928,1.02,-0.001264,11.586291
2026-07-13T10:22:18.871065,Raspberry_Relieve1,25.652322283333334,-100.2916093,39.29,-0.112,-4,-4.4,99.1,14400,0.119,,,,,,2929,1.04,-0.001311,11.58498
2026-07-13T10:22:19.871260,Raspberry_Relieve1,25.652322283333334,-100.2916093,39.292,-0.112,-4,-4.4,99.1,14400,0.119,,,,,,2930,0.96,-0.00117,11.58381
2026-07-13T10:22:20.871400,Raspberry_Relieve1,25.652322283333334,-100.2916093,39.293,-0.11,-4,-4.32,99.1,14400,0.119,,,,,,2931,0.89,-0.001082,11.582728
2026-07-13T10:22:21.871522,Raspberry_Relieve1,25.652322283333334,-100.2916093,39.292,-0.106,-4,-4.16,99.1,14400,0.119,,,,,,2932,1.06,-0.001255,11.581473
2026-07-13T10:22:22.871648,Raspberry_Relieve1,25.652322283333334,-100.2916093,39.293,-0.104,-4,-4.09,99.1,14400,0.119,,,,,,2933,1.03,-0.001176,11.580297
2026-07-13T10:22:23.871848,Raspberry_Relieve1,25.652322283333334,-100.2916093,39.291,-0.102,-4,-4.01,99.1,14400,0.119,,,,,,2934,0.94,-0.001055,11.579243
2026-07-13T10:22:24.871981,Raspberry_Relieve1,25.652322283333334,-100.2916093,39.293,-0.104,-4,-4.09,99.1,14400,0.119,,,,,,2935,0.98,-0.001103,11.578139
2026-07-13T10:22:25.872105,Raspberry_Relieve1,25.652322283333334,-100.2916093,39.294,-0.103,-4,-4.05,99.1,14400,0.119,,,,,,2936,0.97,-0.00109,11.577049
2026-07-13T10:22:26.872232,Raspberry_Relieve1,25.652322283333334,-100.2916093,39.293,-0.104,-4,-4.09,99.1,14400,0.119,,,,,,2937,1.16,-0.001315,11.575734
2026-07-13T10:22:27.872392,Raspberry_Relieve1,25.652322283333334,-100.2916093,39.292,-0.102,-4,-4.01,99.1,14400,0.119,,,,,,2938,0.85,-0.000953,11.57478
2026-07-13T10:22:28.872514,Raspberry_Relieve1,25.652322283333334,-100.2916093,39.293,-0.113,-4,-4.44,99.1,14400,0.119,,,,,,2939,1.05,-0.001231,11.573549
2026-07-13T10:22:29.872648,Raspberry_Relieve1,25.652322283333334,-100.2916093,39.293,-0.102,-4,-4.01,99.1,14400,0.119,,,,,,2940,1.03,-0.001206,11.572343
2026-07-13T10:22:30.872769,Raspberry_Relieve1,25.652322283333334,-100.2916093,39.294,-0.105,-4,-4.13,99.1,14400,0.119,,,,,,2941,1.04,-0.001171,11.571172
2026-07-13T10:22:31.872892,Raspberry_Relieve1,25.652322283333334,-100.2916093,39.293,-0.103,-4,-4.05,99.1,14400,0.12,,,,,,2942,0.98,-0.001116,11.570056
2026-07-13T10:22:32.873025,Raspberry_Relieve1,25.652322283333334,-100.2916093,39.293,-0.103,-4,-4.05,99.1,14400,0.12,,,,,,2943,1.04,-0.001171,11.568886
2026-07-13T10:22:33.873166,Raspberry_Relieve1,25.652322283333334,-100.2916093,39.294,-0.101,-4,-3.97,99.1,14400,0.12,,,,,,2944,0.95,-0.001052,11.567833
2026-07-13T10:22:34.873285,Raspberry_Relieve1,25.652322283333334,-100.2916093,39.293,-0.105,-4,-4.13,99.1,14400,0.12,,,,,,2945,0.94,-0.001058,11.566775
2026-07-13T10:22:35.873412,Raspberry_Relieve1,25.652322283333334,-100.2916093,39.294,-0.102,-4,-4.01,99.1,14400,0.12,,,,,,2946,1.12,-0.001265,11.565511
2026-07-13T10:22:36.873556,Raspberry_Relieve1,25.652322283333334,-100.2916093,39.295,0.0,0,0.0,99.1,-1,0.12,,,,,,2947,0.96,-0.000535,11.564976
2026-07-13T10:22:37.873678,Raspberry_Relieve1,25.652322283333334,-100.2916093,39.293,0.0,0,0.0,99.1,-1,0.12,,,,,,2948,0.89,0.0,11.564976
2026-07-13T10:22:38.873861,Raspberry_Relieve1,25.652322283333334,-100.2916093,39.292,-0.111,-4,-4.36,99.1,14400,0.12,,,,,,2949,1.02,-0.000621,11.564355
2026-07-13T10:22:39.873964,Raspberry_Relieve1,25.652322283333334,-100.2916093,39.294,-0.101,-4,-3.97,99.1,14400,0.12,,,,,,2950,1.0,-0.001151,11.563204
2026-07-13T10:22:40.874092,Raspberry_Relieve1,25.652322283333334,-100.2916093,39.294,0.0,0,0.0,99.1,-1,0.12,,,,,,2951,1.1,-0.000605,11.562599
2026-07-13T10:22:41.874239,Raspberry_Relieve1,25.652322283333334,-100.2916093,39.295,0.0,0,0.0,99.1,-1,0.12,,,,,,2952,0.89,0.0,11.562599
2026-07-13T10:22:42.874348,Raspberry_Relieve1,25.652322283333334,-100.2916093,39.296,0.0,0,0.0,99.1,-1,0.12,,,,,,2953,1.01,0.0,11.562599
2026-07-13T10:22:43.874474,Raspberry_Relieve1,25.652322283333334,-100.2916093,39.294,0.0,0,0.0,99.1,-1,0.12,,,,,,2954,1.01,0.0,11.562599
2026-07-13T10:22:44.874584,Raspberry_Relieve1,25.652322283333334,-100.2916093,39.293,0.0,0,0.0,99.1,-1,0.12,,,,,,2955,0.99,0.0,11.562599
2026-07-13T10:22:45.874690,Raspberry_Relieve1,25.652322283333334,-100.2916093,39.294,0.0,0,0.0,99.1,-1,0.12,,,,,,2956,1.09,0.0,11.562599
2026-07-13T10:22:46.874819,Raspberry_Relieve1,25.652322283333334,-100.2916093,39.293,-0.106,-4,-4.17,99.1,14400,0.12,,,,,,2957,0.91,-0.000528,11.562072
2026-07-13T10:22:47.874964,Raspberry_Relieve1,25.652322283333334,-100.2916093,39.294,-0.1,-4,-3.93,99.1,14400,0.12,,,,,,2958,1.12,-0.001254,11.560818
2026-07-13T10:22:48.875046,Raspberry_Relieve1,25.652322283333334,-100.2916093,39.293,0.0,0,0.0,99.1,-1,0.12,,,,,,2959,1.12,-0.000609,11.560209
2026-07-13T10:22:49.875165,Raspberry_Relieve1,25.652322283333334,-100.2916093,39.294,0.0,0,0.0,99.1,-1,0.12,,,,,,2960,0.83,0.0,11.560209
2026-07-13T10:22:50.875282,Raspberry_Relieve1,25.652322283333334,-100.2916093,39.294,0.0,0,0.0,99.1,-1,0.12,,,,,,2961,1.03,0.0,11.560209
2026-07-13T10:22:51.875384,Raspberry_Relieve1,25.652322283333334,-100.2916093,39.295,0.0,0,0.0,99.1,-1,0.12,,,,,,2962,0.98,0.0,11.560209
2026-07-13T10:22:52.875488,Raspberry_Relieve1,25.652322283333334,-100.2916093,39.295,0.0,0,0.0,99.1,-1,0.12,,,,,,2963,0.98,0.0,11.560209
2026-07-13T10:22:53.875631,Raspberry_Relieve1,25.652322283333334,-100.2916093,39.295,0.0,0,0.0,99.1,-1,0.12,,,,,,2964,0.94,0.0,11.560209
2026-07-13T10:22:54.875732,Raspberry_Relieve1,25.652322283333334,-100.2916093,39.296,0.0,0,0.0,99.1,-1,0.12,,,,,,2965,1.02,0.0,11.560209
2026-07-13T10:22:55.875844,Raspberry_Relieve1,25.652322283333334,-100.2916093,39.296,0.0,0,0.0,99.1,-1,0.12,,,,,,2966,1.04,0.0,11.560209
2026-07-13T10:22:56.875999,Raspberry_Relieve1,25.652322283333334,-100.2916093,39.295,0.0,0,0.0,99.1,-1,0.12,,,,,,2967,1.11,0.0,11.560209
2026-07-13T10:22:57.876084,Raspberry_Relieve1,25.652322283333334,-100.2916093,39.295,0.0,0,0.0,99.1,-1,0.12,,,,,,2968,0.88,0.0,11.560209
2026-07-13T10:22:58.876214,Raspberry_Relieve1,25.652322283333334,-100.2916093,39.295,0.0,0,0.0,99.1,-1,0.12,,,,,,2969,0.97,0.0,11.560209
2026-07-13T10:22:59.876333,Raspberry_Relieve1,25.652322283333334,-100.2916093,39.296,0.0,0,0.0,99.1,-1,0.12,,,,,,2970,1.07,0.0,11.560209
2026-07-13T10:23:00.876427,Raspberry_Relieve1,25.652322283333334,-100.2916093,39.295,0.0,0,0.0,99.1,-1,0.12,,,,,,2971,0.96,0.0,11.560209
2026-07-13T10:23:01.876500,Raspberry_Relieve1,25.652322283333334,-100.2916093,39.296,0.0,0,0.0,99.1,-1,0.12,,,,,,2972,0.94,0.0,11.560209
2026-07-13T10:23:02.876592,Raspberry_Relieve1,25.652322283333334,-100.2916093,39.294,0.0,0,0.0,99.1,-1,0.12,,,,,,2973,1.06,0.0,11.560209
2026-07-13T10:23:03.876665,Raspberry_Relieve1,25.652322283333334,-100.2916093,39.293,0.0,0,0.0,99.1,-1,0.12,,,,,,2974,0.99,0.0,11.560209
2026-07-13T10:23:04.876752,Raspberry_Relieve1,25.652322283333334,-100.2916093,39.293,0.0,0,0.0,99.1,-1,0.12,,,,,,2975,0.95,0.0,11.560209
2026-07-13T10:23:05.876866,Raspberry_Relieve1,25.652322283333334,-100.2916093,39.294,0.0,0,0.0,99.1,-1,0.12,,,,,,2976,1.11,0.0,11.560209
2026-07-13T10:23:06.877012,Raspberry_Relieve1,25.652322283333334,-100.2916093,39.293,0.0,0,0.0,99.1,-1,0.12,,,,,,2977,0.9,0.0,11.560209
2026-07-13T10:23:07.877122,Raspberry_Relieve1,25.652322283333334,-100.2916093,39.294,0.0,0,0.0,99.1,-1,0.12,,,,,,2978,1.15,0.0,11.560209
2026-07-13T10:23:08.877232,Raspberry_Relieve1,25.652322283333334,-100.2916093,39.295,0.0,0,0.0,99.1,-1,0.12,,,,,,2979,0.95,0.0,11.560209
2026-07-13T10:23:09.877376,Raspberry_Relieve1,25.652322283333334,-100.2916093,39.297,0.0,0,0.0,99.1,-1,0.12,,,,,,2980,0.88,0.0,11.560209
2026-07-13T10:23:10.877498,Raspberry_Relieve1,25.652322283333334,-100.2916093,39.296,0.0,0,0.0,99.1,-1,0.12,,,,,,2981,1.15,0.0,11.560209
2026-07-13T10:23:11.877630,Raspberry_Relieve1,25.652322283333334,-100.2916093,39.295,0.0,0,0.0,99.1,-1,0.12,,,,,,2982,0.96,0.0,11.560209
2026-07-13T10:23:12.877756,Raspberry_Relieve1,25.652322283333334,-100.2916093,39.294,0.0,0,0.0,99.1,-1,0.12,,,,,,2983,1.01,0.0,11.560209
2026-07-13T10:23:13.877903,Raspberry_Relieve1,25.652322283333334,-100.2916093,39.296,0.0,0,0.0,99.1,-1,0.12,,,,,,2984,1.0,0.0,11.560209
2026-07-13T10:23:14.878042,Raspberry_Relieve1,25.652322283333334,-100.2916093,39.294,0.0,0,0.0,99.1,-1,0.12,,,,,,2985,0.91,0.0,11.560209
2026-07-13T10:23:15.878137,Raspberry_Relieve1,25.652322283333334,-100.2916093,39.294,0.0,0,0.0,99.1,-1,0.12,,,,,,2986,1.12,0.0,11.560209
2026-07-13T10:23:16.878251,Raspberry_Relieve1,25.652322283333334,-100.2916093,39.295,0.0,0,0.0,99.1,-1,0.12,,,,,,2987,0.92,0.0,11.560209
2026-07-13T10:23:17.878363,Raspberry_Relieve1,25.652322283333334,-100.2916093,39.295,0.0,0,0.0,99.1,-1,0.12,,,,,,2988,0.95,0.0,11.560209
2026-07-13T10:23:18.878471,Raspberry_Relieve1,25.652322283333334,-100.2916093,39.294,0.0,0,0.0,99.1,-1,0.12,,,,,,2989,1.06,0.0,11.560209
2026-07-13T10:23:19.878586,Raspberry_Relieve1,25.652322283333334,-100.2916093,39.295,0.0,0,0.0,99.1,-1,0.12,,,,,,2990,1.02,0.0,11.560209
2026-07-13T10:23:20.878721,Raspberry_Relieve1,25.652322283333334,-100.2916093,39.296,0.0,0,0.0,99.1,-1,0.12,,,,,,2991,0.95,0.0,11.560209
2026-07-13T10:23:21.878832,Raspberry_Relieve1,25.652322283333334,-100.2916093,39.295,0.0,0,0.0,99.1,-1,0.12,,,,,,2992,1.06,0.0,11.560209
2026-07-13T10:23:22.878956,Raspberry_Relieve1,25.652322283333334,-100.2916093,39.294,0.0,0,0.0,99.1,-1,0.12,,,,,,2993,1.01,0.0,11.560209
2026-07-13T10:23:23.879078,Raspberry_Relieve1,25.652322283333334,-100.2916093,39.295,0.0,0,0.0,99.1,-1,0.12,,,,,,2994,1.03,0.0,11.560209
2026-07-13T10:23:24.879198,Raspberry_Relieve1,25.652322283333334,-100.2916093,39.295,0.0,0,0.0,99.1,-1,0.12,,,,,,2995,0.89,0.0,11.560209
2026-07-13T10:23:25.879333,Raspberry_Relieve1,25.652322283333334,-100.2916093,39.296,0.0,0,0.0,99.1,-1,0.12,,,,,,2996,0.99,0.0,11.560209
2026-07-13T10:23:26.879449,Raspberry_Relieve1,25.652322283333334,-100.2916093,39.295,0.0,0,0.0,99.1,-1,0.12,,,,,,2997,1.07,0.0,11.560209
2026-07-13T10:23:27.879591,Raspberry_Relieve1,25.652322283333334,-100.2916093,39.296,0.0,0,0.0,99.1,-1,0.12,,,,,,2998,0.98,0.0,11.560209
2026-07-13T10:23:28.879687,Raspberry_Relieve1,25.652322283333334,-100.2916093,39.296,-0.101,-4,-3.97,99.1,14400,0.12,,,,,,2999,1.04,-0.000573,11.559636
2026-07-13T10:23:29.879823,Raspberry_Relieve1,25.652322283333334,-100.2916093,39.295,0.0,0,0.0,99.1,-1,0.12,,,,,,3000,1.0,-0.000549,11.559087
2026-07-13T10:23:30.879964,Raspberry_Relieve1,25.652322283333334,-100.2916093,39.295,0.0,0,0.0,99.1,-1,0.12,,,,,,3001,0.95,0.0,11.559087
2026-07-13T10:23:31.880088,Raspberry_Relieve1,25.652322283333334,-100.2916093,39.296,0.0,0,0.0,99.1,-1,0.12,,,,,,3002,1.06,0.0,11.559087
2026-07-13T10:23:32.880242,Raspberry_Relieve1,25.652322283333334,-100.2916093,39.295,0.0,0,0.0,99.1,-1,0.12,,,,,,3003,0.94,0.0,11.559087
2026-07-13T10:23:33.880337,Raspberry_Relieve1,25.652322283333334,-100.2916093,39.295,0.0,0,0.0,99.1,-1,0.12,,,,,,3004,1.03,0.0,11.559087
2026-07-13T10:23:34.880469,Raspberry_Relieve1,25.652322283333334,-100.2916093,39.295,0.0,0,0.0,99.1,-1,0.12,,,,,,3005,0.94,0.0,11.559087
2026-07-13T10:23:35.880591,Raspberry_Relieve1,25.652322283333334,-100.2916093,39.297,0.0,0,0.0,99.1,-1,0.12,,,,,,3006,1.14,0.0,11.559087
2026-07-13T10:23:36.880727,Raspberry_Relieve1,25.652322283333334,-100.2916093,39.298,0.0,0,0.0,99.1,-1,0.12,,,,,,3007,0.88,0.0,11.559087
2026-07-13T10:23:37.880850,Raspberry_Relieve1,25.652322283333334,-100.2916093,39.297,0.0,0,0.0,99.1,-1,0.12,,,,,,3008,1.12,0.0,11.559087
2026-07-13T10:23:38.880971,Raspberry_Relieve1,25.652322283333334,-100.2916093,39.295,0.0,0,0.0,99.1,-1,0.12,,,,,,3009,0.94,0.0,11.559087
2026-07-13T10:23:39.881076,Raspberry_Relieve1,25.652322283333334,-100.2916093,39.296,0.0,0,0.0,99.1,-1,0.12,,,,,,3010,0.99,0.0,11.559087
2026-07-13T10:23:40.881185,Raspberry_Relieve1,25.652322283333334,-100.2916093,39.296,0.0,0,0.0,99.1,-1,0.12,,,,,,3011,0.96,0.0,11.559087
2026-07-13T10:23:41.881338,Raspberry_Relieve1,25.652322283333334,-100.2916093,39.299,0.0,0,0.0,99.1,-1,0.12,,,,,,3012,0.96,0.0,11.559087
2026-07-13T10:23:42.881446,Raspberry_Relieve1,25.652322283333334,-100.2916093,39.296,0.0,0,0.0,99.1,-1,0.12,,,,,,3013,1.03,0.0,11.559087
2026-07-13T10:23:43.881568,Raspberry_Relieve1,25.652322283333334,-100.2916093,39.296,0.0,0,0.0,99.1,-1,0.12,,,,,,3014,1.08,0.0,11.559087
2026-07-13T10:23:44.881671,Raspberry_Relieve1,25.652322283333334,-100.2916093,39.295,0.0,0,0.0,99.1,-1,0.12,,,,,,3015,1.03,0.0,11.559087
2026-07-13T10:23:45.881786,Raspberry_Relieve1,25.652322283333334,-100.2916093,39.297,0.0,0,0.0,99.1,-1,0.12,,,,,,3016,0.97,0.0,11.559087
2026-07-13T10:23:46.881912,Raspberry_Relieve1,25.652322283333334,-100.2916093,39.297,0.0,0,0.0,99.1,-1,0.12,,,,,,3017,1.03,0.0,11.559087
2026-07-13T10:23:47.882035,Raspberry_Relieve1,25.652322283333334,-100.2916093,39.297,0.0,0,0.0,99.1,-1,0.12,,,,,,3018,0.88,0.0,11.559087
2026-07-13T10:23:48.882150,Raspberry_Relieve1,25.652322283333334,-100.2916093,39.296,0.0,0,0.0,99.1,-1,0.12,,,,,,3019,0.99,0.0,11.559087
2026-07-13T10:23:49.882269,Raspberry_Relieve1,25.652322283333334,-100.2916093,39.295,0.0,0,0.0,99.1,-1,0.12,,,,,,3020,1.08,0.0,11.559087
2026-07-13T10:23:50.882412,Raspberry_Relieve1,25.652322283333334,-100.2916093,39.293,0.0,0,0.0,99.1,-1,0.12,,,,,,3021,1.01,0.0,11.559087
2026-07-13T10:23:51.882524,Raspberry_Relieve1,25.652322283333334,-100.2916093,39.297,0.0,0,0.0,99.1,-1,0.12,,,,,,3022,0.96,0.0,11.559087
2026-07-13T10:23:52.882645,Raspberry_Relieve1,25.652322283333334,-100.2916093,39.296,0.0,0,0.0,99.1,-1,0.12,,,,,,3023,1.01,0.0,11.559087
2026-07-13T10:23:53.882769,Raspberry_Relieve1,25.652322283333334,-100.2916093,39.296,0.0,0,0.0,99.1,-1,0.12,,,,,,3024,1.01,0.0,11.559087
2026-07-13T10:23:54.882870,Raspberry_Relieve1,25.652322283333334,-100.2916093,39.294,0.0,0,0.0,99.1,-1,0.12,,,,,,3025,0.96,0.0,11.559087
2026-07-13T10:23:55.882991,Raspberry_Relieve1,25.652322283333334,-100.2916093,39.297,0.0,0,0.0,99.1,-1,0.12,,,,,,3026,1.11,0.0,11.559087
2026-07-13T10:23:56.883102,Raspberry_Relieve1,25.652322283333334,-100.2916093,39.297,0.0,0,0.0,99.1,-1,0.12,,,,,,3027,0.87,0.0,11.559087
2026-07-13T10:23:57.883228,Raspberry_Relieve1,25.652322283333334,-100.2916093,39.294,0.0,0,0.0,99.1,-1,0.12,,,,,,3028,1.0,0.0,11.559087
2026-07-13T10:23:58.883348,Raspberry_Relieve1,25.652322283333334,-100.2916093,39.293,0.0,0,0.0,99.1,-1,0.12,,,,,,3029,1.12,0.0,11.559087
2026-07-13T10:23:59.883481,Raspberry_Relieve1,25.652322283333334,-100.2916093,39.295,0.0,0,0.0,99.1,-1,0.12,,,,,,3030,0.95,0.0,11.559087
2026-07-13T10:24:00.883581,Raspberry_Relieve1,25.652322283333334,-100.2916093,39.292,0.0,0,0.0,99.1,-1,0.12,,,,,,3031,1.06,0.0,11.559087
2026-07-13T10:24:01.883700,Raspberry_Relieve1,25.652322283333334,-100.2916093,39.295,0.0,0,0.0,99.1,-1,0.12,,,,,,3032,0.98,0.0,11.559087
2026-07-13T10:24:02.883829,Raspberry_Relieve1,25.652322283333334,-100.2916093,39.294,0.0,0,0.0,99.1,-1,0.12,,,,,,3033,1.02,0.0,11.559087
2026-07-13T10:24:03.883983,Raspberry_Relieve1,25.652322283333334,-100.2916093,39.297,0.0,0,0.0,99.1,-1,0.12,,,,,,3034,1.01,0.0,11.559087
2026-07-13T10:24:04.884075,Raspberry_Relieve1,25.652322283333334,-100.2916093,39.295,0.0,0,0.0,99.1,-1,0.12,,,,,,3035,0.91,0.0,11.559087
2026-07-13T10:24:05.884196,Raspberry_Relieve1,25.652322283333334,-100.2916093,39.293,0.0,0,0.0,99.1,-1,0.12,,,,,,3036,1.03,0.0,11.559087
2026-07-13T10:24:06.884328,Raspberry_Relieve1,25.652322283333334,-100.2916093,39.297,0.0,0,0.0,99.1,-1,0.12,,,,,,3037,0.95,0.0,11.559087
2026-07-13T10:24:07.884472,Raspberry_Relieve1,25.652322283333334,-100.2916093,39.295,0.0,0,0.0,99.1,-1,0.12,,,,,,3038,1.07,0.0,11.559087
2026-07-13T10:24:08.884605,Raspberry_Relieve1,25.652322283333334,-100.2916093,39.294,0.0,0,0.0,99.1,-1,0.12,,,,,,3039,1.05,0.0,11.559087
2026-07-13T10:24:09.884694,Raspberry_Relieve1,25.652322283333334,-100.2916093,39.296,0.0,0,0.0,99.1,-1,0.12,,,,,,3040,0.94,0.0,11.559087
2026-07-13T10:24:10.884803,Raspberry_Relieve1,25.652322283333334,-100.2916093,39.295,0.0,0,0.0,99.1,-1,0.12,,,,,,3041,1.0,0.0,11.559087
2026-07-13T10:24:11.885293,Raspberry_Relieve1,25.652322283333334,-100.2916093,39.297,0.0,0,0.0,99.1,-1,0.12,,,,,,3042,1.01,0.0,11.559087
2026-07-13T10:24:12.885412,Raspberry_Relieve1,25.652322283333334,-100.2916093,39.294,0.0,0,0.0,99.1,-1,0.12,,,,,,3043,0.99,0.0,11.559087
2026-07-13T10:24:13.885529,Raspberry_Relieve1,25.652322283333334,-100.2916093,39.292,0.0,0,0.0,99.1,-1,0.12,,,,,,3044,0.92,0.0,11.559087
2026-07-13T10:24:14.885645,Raspberry_Relieve1,25.652322283333334,-100.2916093,39.296,0.0,0,0.0,99.1,-1,0.12,,,,,,3045,1.12,0.0,11.559087
2026-07-13T10:24:15.885747,Raspberry_Relieve1,25.652322283333334,-100.2916093,39.294,0.0,0,0.0,99.1,-1,0.12,,,,,,3046,0.91,0.0,11.559087
2026-07-13T10:24:16.885858,Raspberry_Relieve1,25.652322283333334,-100.2916093,39.296,0.0,0,0.0,99.1,-1,0.12,,,,,,3047,1.0,0.0,11.559087
2026-07-13T10:24:17.885974,Raspberry_Relieve1,25.652322283333334,-100.2916093,39.293,0.0,0,0.0,99.1,-1,0.12,,,,,,3048,0.99,0.0,11.559087
2026-07-13T10:24:18.886111,Raspberry_Relieve1,25.652322283333334,-100.2916093,39.293,0.0,0,0.0,99.1,-1,0.12,,,,,,3049,1.11,0.0,11.559087
2026-07-13T10:24:19.886226,Raspberry_Relieve1,25.652322283333334,-100.2916093,39.295,0.0,0,0.0,99.1,-1,0.12,,,,,,3050,1.02,0.0,11.559087
2026-07-13T10:24:20.886346,Raspberry_Relieve1,25.652322283333334,-100.2916093,39.292,0.0,0,0.0,99.1,-1,0.12,,,,,,3051,0.97,0.0,11.559087
2026-07-13T10:24:21.886470,Raspberry_Relieve1,25.652322283333334,-100.2916093,39.292,0.0,0,0.0,99.1,-1,0.12,,,,,,3052,0.99,0.0,11.559087
2026-07-13T10:24:22.886585,Raspberry_Relieve1,25.652322283333334,-100.2916093,39.296,0.0,0,0.0,99.1,-1,0.12,,,,,,3053,1.02,0.0,11.559087
2026-07-13T10:24:23.886700,Raspberry_Relieve1,25.652322283333334,-100.2916093,39.294,0.0,0,0.0,99.1,-1,0.12,,,,,,3054,0.9,0.0,11.559087
2026-07-13T10:24:24.886813,Raspberry_Relieve1,25.652322283333334,-100.2916093,39.293,0.0,0,0.0,99.1,-1,0.12,,,,,,3055,1.0,0.0,11.559087
2026-07-13T10:24:25.886918,Raspberry_Relieve1,25.652322283333334,-100.2916093,39.295,0.0,0,0.0,99.1,-1,0.12,,,,,,3056,0.99,0.0,11.559087
2026-07-13T10:24:26.887054,Raspberry_Relieve1,25.652322283333334,-100.2916093,39.292,0.0,0,0.0,99.1,-1,0.12,,,,,,3057,1.02,0.0,11.559087
2026-07-13T10:24:27.887163,Raspberry_Relieve1,25.652322283333334,-100.2916093,39.295,0.0,0,0.0,99.1,-1,0.12,,,,,,3058,0.95,0.0,11.559087
2026-07-13T10:24:28.887280,Raspberry_Relieve1,25.652322283333334,-100.2916093,39.291,0.0,0,0.0,99.1,-1,0.12,,,,,,3059,1.14,0.0,11.559087
2026-07-13T10:24:29.887389,Raspberry_Relieve1,25.652322283333334,-100.2916093,39.293,0.0,0,0.0,99.1,-1,0.12,,,,,,3060,0.9,0.0,11.559087
2026-07-13T10:24:30.887509,Raspberry_Relieve1,25.652322283333334,-100.2916093,39.294,0.0,0,0.0,99.1,-1,0.12,,,,,,3061,1.07,0.0,11.559087
2026-07-13T10:24:31.887621,Raspberry_Relieve1,25.652322283333334,-100.2916093,39.294,0.0,0,0.0,99.1,-1,0.12,,,,,,3062,1.0,0.0,11.559087
2026-07-13T10:24:32.887724,Raspberry_Relieve1,25.652322283333334,-100.2916093,39.294,0.0,0,0.0,99.1,-1,0.12,,,,,,3063,1.04,0.0,11.559087
2026-07-13T10:24:33.887841,Raspberry_Relieve1,25.652322283333334,-100.2916093,39.294,0.0,0,0.0,99.1,-1,0.12,,,,,,3064,0.88,0.0,11.559087
2026-07-13T10:24:34.887986,Raspberry_Relieve1,25.652322283333334,-100.2916093,39.295,0.0,0,0.0,99.1,-1,0.12,,,,,,3065,1.1,0.0,11.559087
2026-07-13T10:24:35.888118,Raspberry_Relieve1,25.652322283333334,-100.2916093,39.295,0.0,0,0.0,99.1,-1,0.12,,,,,,3066,0.94,0.0,11.559087
2026-07-13T10:24:36.888229,Raspberry_Relieve1,25.652322283333334,-100.2916093,39.293,0.0,0,0.0,99.1,-1,0.12,,,,,,3067,0.99,0.0,11.559087
2026-07-13T10:24:37.888344,Raspberry_Relieve1,25.652322283333334,-100.2916093,39.295,0.0,0,0.0,99.1,-1,0.12,,,,,,3068,1.05,0.0,11.559087
2026-07-13T10:24:38.888448,Raspberry_Relieve1,25.652322283333334,-100.2916093,39.292,0.0,0,0.0,99.1,-1,0.12,,,,,,3069,1.0,0.0,11.559087
2026-07-13T10:24:39.888562,Raspberry_Relieve1,25.652322283333334,-100.2916093,39.294,0.0,0,0.0,99.1,-1,0.12,,,,,,3070,1.01,0.0,11.559087
2026-07-13T10:24:40.888672,Raspberry_Relieve1,25.652322283333334,-100.2916093,39.294,0.0,0,0.0,99.1,-1,0.12,,,,,,3071,1.0,0.0,11.559087
2026-07-13T10:24:41.888787,Raspberry_Relieve1,25.652322283333334,-100.2916093,39.294,0.0,0,0.0,99.1,-1,0.12,,,,,,3072,1.02,0.0,11.559087
2026-07-13T10:24:42.888892,Raspberry_Relieve1,25.652322283333334,-100.2916093,39.295,0.0,0,0.0,99.1,-1,0.12,,,,,,3073,0.92,0.0,11.559087
2026-07-13T10:24:43.889018,Raspberry_Relieve1,25.652322283333334,-100.2916093,39.293,0.0,0,0.0,99.1,-1,0.12,,,,,,3074,1.07,0.0,11.559087
2026-07-13T10:24:44.889142,Raspberry_Relieve1,25.652322283333334,-100.2916093,39.295,0.0,0,0.0,99.1,-1,0.12,,,,,,3075,1.0,0.0,11.559087
2026-07-13T10:24:45.889247,Raspberry_Relieve1,25.652322283333334,-100.2916093,39.291,0.0,0,0.0,99.1,-1,0.12,,,,,,3076,0.96,0.0,11.559087
2026-07-13T10:24:46.889373,Raspberry_Relieve1,25.652322283333334,-100.2916093,39.293,0.0,0,0.0,99.1,-1,0.12,,,,,,3077,1.09,0.0,11.559087
2026-07-13T10:24:47.889480,Raspberry_Relieve1,25.652322283333334,-100.2916093,39.294,0.0,0,0.0,99.1,-1,0.12,,,,,,3078,0.88,0.0,11.559087
2026-07-13T10:24:48.889580,Raspberry_Relieve1,25.652322283333334,-100.2916093,39.292,0.0,0,0.0,99.1,-1,0.12,,,,,,3079,1.11,0.0,11.559087
2026-07-13T10:24:49.889688,Raspberry_Relieve1,25.652322283333334,-100.2916093,39.293,0.0,0,0.0,99.1,-1,0.12,,,,,,3080,0.92,0.0,11.559087
2026-07-13T10:24:50.889912,Raspberry_Relieve1,25.652322283333334,-100.2916093,39.293,0.0,0,0.0,99.1,-1,0.12,,,,,,3081,1.03,0.0,11.559087
2026-07-13T10:24:51.890023,Raspberry_Relieve1,25.652322283333334,-100.2916093,39.293,0.0,0,0.0,99.1,-1,0.12,,,,,,3082,0.95,0.0,11.559087
2026-07-13T10:24:52.890127,Raspberry_Relieve1,25.652322283333334,-100.2916093,39.294,0.0,0,0.0,99.1,-1,0.12,,,,,,3083,1.01,0.0,11.559087
2026-07-13T10:24:53.890251,Raspberry_Relieve1,25.652322283333334,-100.2916093,39.295,0.0,0,0.0,99.1,-1,0.12,,,,,,3084,1.08,0.0,11.559087
2026-07-13T10:24:54.890355,Raspberry_Relieve1,25.652322283333334,-100.2916093,39.296,0.0,0,0.0,99.1,-1,0.12,,,,,,3085,0.92,0.0,11.559087
2026-07-13T10:24:55.890564,Raspberry_Relieve1,25.652322283333334,-100.2916093,39.294,0.0,0,0.0,99.1,-1,0.12,,,,,,3086,1.04,0.0,11.559087
2026-07-13T10:24:56.890671,Raspberry_Relieve1,25.652322283333334,-100.2916093,39.295,0.0,0,0.0,99.1,-1,0.12,,,,,,3087,1.0,0.0,11.559087
2026-07-13T10:24:57.890898,Raspberry_Relieve1,25.652322283333334,-100.2916093,39.293,0.0,0,0.0,99.1,-1,0.12,,,,,,3088,0.97,0.0,11.559087
2026-07-13T10:24:58.891002,Raspberry_Relieve1,25.652322283333334,-100.2916093,39.293,0.0,0,0.0,99.1,-1,0.12,,,,,,3089,1.03,0.0,11.559087
2026-07-13T10:24:59.891113,Raspberry_Relieve1,25.652322283333334,-100.2916093,39.294,0.0,0,0.0,99.1,-1,0.12,,,,,,3090,1.04,0.0,11.559087
2026-07-13T10:25:00.891214,Raspberry_Relieve1,25.652322283333334,-100.2916093,39.293,0.0,0,0.0,99.1,-1,0.12,,,,,,3091,0.97,0.0,11.559087
2026-07-13T10:25:01.891324,Raspberry_Relieve1,25.652322283333334,-100.2916093,39.292,0.0,0,0.0,99.1,-1,0.12,,,,,,3092,0.98,0.0,11.559087
2026-07-13T10:25:02.891445,Raspberry_Relieve1,25.652322283333334,-100.2916093,39.292,0.0,0,0.0,99.1,-1,0.12,,,,,,3093,0.98,0.0,11.559087
2026-07-13T10:25:03.891548,Raspberry_Relieve1,25.652322283333334,-100.2916093,39.293,0.0,0,0.0,99.1,-1,0.12,,,,,,3094,1.05,0.0,11.559087
2026-07-13T10:25:04.891747,Raspberry_Relieve1,25.652322283333334,-100.2916093,39.293,0.0,0,0.0,99.1,-1,0.12,,,,,,3095,0.94,0.0,11.559087
2026-07-13T10:25:05.891854,Raspberry_Relieve1,25.652322283333334,-100.2916093,39.293,0.0,0,0.0,99.1,-1,0.12,,,,,,3096,1.04,0.0,11.559087
2026-07-13T10:25:06.891979,Raspberry_Relieve1,25.652322283333334,-100.2916093,39.293,0.0,0,0.0,99.1,-1,0.12,,,,,,3097,1.02,0.0,11.559087
2026-07-13T10:25:07.892074,Raspberry_Relieve1,25.652322283333334,-100.2916093,39.293,0.0,0,0.0,99.1,-1,0.12,,,,,,3098,1.01,0.0,11.559087
2026-07-13T10:25:08.892187,Raspberry_Relieve1,25.652322283333334,-100.2916093,39.292,0.0,0,0.0,99.1,-1,0.12,,,,,,3099,0.92,0.0,11.559087
2026-07-13T10:25:09.892386,Raspberry_Relieve1,25.652322283333334,-100.2916093,39.291,0.0,0,0.0,99.1,-1,0.12,,,,,,3100,1.05,0.0,11.559087
2026-07-13T10:25:10.892492,Raspberry_Relieve1,25.652322283333334,-100.2916093,39.294,0.0,0,0.0,99.1,-1,0.12,,,,,,3101,0.94,0.0,11.559087
2026-07-13T10:25:11.892602,Raspberry_Relieve1,25.652322283333334,-100.2916093,39.293,0.0,0,0.0,99.1,-1,0.12,,,,,,3102,1.01,0.0,11.559087
2026-07-13T10:25:12.892802,Raspberry_Relieve1,25.652322283333334,-100.2916093,39.295,0.0,0,0.0,99.1,-1,0.12,,,,,,3103,1.04,0.0,11.559087
2026-07-13T10:25:13.892923,Raspberry_Relieve1,25.652322283333334,-100.2916093,39.293,0.0,0,0.0,99.1,-1,0.12,,,,,,3104,1.06,0.0,11.559087
2026-07-13T10:25:14.893032,Raspberry_Relieve1,25.652322283333334,-100.2916093,39.293,0.0,0,0.0,99.1,-1,0.12,,,,,,3105,0.94,0.0,11.559087
2026-07-13T10:25:15.893143,Raspberry_Relieve1,25.652322283333334,-100.2916093,39.292,0.0,0,0.0,99.1,-1,0.12,,,,,,3106,1.03,0.0,11.559087
2026-07-13T10:25:16.893242,Raspberry_Relieve1,25.652322283333334,-100.2916093,39.293,0.0,0,0.0,99.1,-1,0.12,,,,,,3107,0.91,0.0,11.559087
2026-07-13T10:25:17.893368,Raspberry_Relieve1,25.652322283333334,-100.2916093,39.292,0.0,0,0.0,99.1,-1,0.12,,,,,,3108,1.07,0.0,11.559087
2026-07-13T10:25:18.893469,Raspberry_Relieve1,25.652322283333334,-100.2916093,39.294,0.0,0,0.0,99.1,-1,0.12,,,,,,3109,0.92,0.0,11.559087
2026-07-13T10:25:19.893583,Raspberry_Relieve1,25.652322283333334,-100.2916093,39.292,0.0,0,0.0,99.1,-1,0.12,,,,,,3110,1.09,0.0,11.559087
2026-07-13T10:25:20.893721,Raspberry_Relieve1,25.652322283333334,-100.2916093,39.295,0.0,0,0.0,99.1,-1,0.12,,,,,,3111,1.0,0.0,11.559087
2026-07-13T10:25:21.893879,Raspberry_Relieve1,25.652322283333334,-100.2916093,39.291,0.0,0,0.0,99.1,-1,0.12,,,,,,3112,0.92,0.0,11.559087
2026-07-13T10:25:22.893992,Raspberry_Relieve1,25.652322283333334,-100.2916093,39.29,0.0,0,0.0,99.1,-1,0.12,,,,,,3113,1.11,0.0,11.559087
2026-07-13T10:25:23.894090,Raspberry_Relieve1,25.652322283333334,-100.2916093,39.29,0.0,0,0.0,99.1,-1,0.12,,,,,,3114,0.95,0.0,11.559087
2026-07-13T10:25:24.894200,Raspberry_Relieve1,25.652322283333334,-100.2916093,39.292,0.0,0,0.0,99.1,-1,0.12,,,,,,3115,1.02,0.0,11.559087
2026-07-13T10:25:25.894381,Raspberry_Relieve1,25.652322283333334,-100.2916093,39.291,0.0,0,0.0,99.1,-1,0.12,,,,,,3116,1.01,0.0,11.559087
2026-07-13T10:25:26.894485,Raspberry_Relieve1,25.652322283333334,-100.2916093,39.293,0.0,0,0.0,99.1,-1,0.12,,,,,,3117,0.92,0.0,11.559087
2026-07-13T10:25:27.894601,Raspberry_Relieve1,25.652322283333334,-100.2916093,39.293,0.0,0,0.0,99.1,-1,0.12,,,,,,3118,1.09,0.0,11.559087
2026-07-13T10:25:28.894694,Raspberry_Relieve1,25.652322283333334,-100.2916093,39.289,0.0,0,0.0,99.1,-1,0.12,,,,,,3119,0.92,0.0,11.559087
2026-07-13T10:25:29.894838,Raspberry_Relieve1,25.652322283333334,-100.2916093,39.291,0.0,0,0.0,99.1,-1,0.12,,,,,,3120,1.11,0.0,11.559087
2026-07-13T10:25:30.894924,Raspberry_Relieve1,25.652322283333334,-100.2916093,39.291,0.0,0,0.0,99.1,-1,0.12,,,,,,3121,1.02,0.0,11.559087
2026-07-13T10:25:31.895044,Raspberry_Relieve1,25.652322283333334,-100.2916093,39.289,0.0,0,0.0,99.1,-1,0.12,,,,,,3122,0.89,0.0,11.559087
2026-07-13T10:25:32.895146,Raspberry_Relieve1,25.652322283333334,-100.2916093,39.29,0.0,0,0.0,99.1,-1,0.12,,,,,,3123,1.07,0.0,11.559087
2026-07-13T10:25:33.895252,Raspberry_Relieve1,25.652322283333334,-100.2916093,39.289,0.0,0,0.0,99.1,-1,0.12,,,,,,3124,1.01,0.0,11.559087
2026-07-13T10:25:34.895362,Raspberry_Relieve1,25.652322283333334,-100.2916093,39.291,0.0,0,0.0,99.1,-1,0.12,,,,,,3125,0.97,0.0,11.559087
2026-07-13T10:25:35.895471,Raspberry_Relieve1,25.652322283333334,-100.2916093,39.29,0.0,0,0.0,99.1,-1,0.12,,,,,,3126,0.94,0.0,11.559087
2026-07-13T10:25:36.895599,Raspberry_Relieve1,25.652322283333334,-100.2916093,39.29,0.0,0,0.0,99.1,-1,0.12,,,,,,3127,1.03,0.0,11.559087
2026-07-13T10:25:37.895693,Raspberry_Relieve1,25.652322283333334,-100.2916093,39.291,0.0,0,0.0,99.1,-1,0.12,,,,,,3128,0.95,0.0,11.559087
2026-07-13T10:25:38.895839,Raspberry_Relieve1,25.652322283333334,-100.2916093,39.289,0.0,0,0.0,99.1,-1,0.12,,,,,,3129,1.06,0.0,11.559087
2026-07-13T10:25:39.895961,Raspberry_Relieve1,25.652322283333334,-100.2916093,39.292,0.0,0,0.0,99.1,-1,0.12,,,,,,3130,1.07,0.0,11.559087
2026-07-13T10:25:40.896093,Raspberry_Relieve1,25.652322283333334,-100.2916093,39.291,0.0,0,0.0,99.1,-1,0.12,,,,,,3131,0.89,0.0,11.559087
2026-07-13T10:25:41.896190,Raspberry_Relieve1,25.652322283333334,-100.2916093,39.292,0.0,0,0.0,99.1,-1,0.12,,,,,,3132,1.0,0.0,11.559087
2026-07-13T10:25:42.896363,Raspberry_Relieve1,25.652322283333334,-100.2916093,39.289,0.0,0,0.0,99.1,-1,0.12,,,,,,3133,0.97,0.0,11.559087
2026-07-13T10:25:43.896536,Raspberry_Relieve1,25.652322283333334,-100.2916093,39.289,0.0,0,0.0,99.1,-1,0.12,,,,,,3134,1.03,0.0,11.559087
2026-07-13T10:25:44.896669,Raspberry_Relieve1,25.652322283333334,-100.2916093,39.291,0.0,0,0.0,99.1,-1,0.12,,,,,,3135,0.99,0.0,11.559087
2026-07-13T10:25:45.896779,Raspberry_Relieve1,25.652322283333334,-100.2916093,39.291,0.0,0,0.0,99.1,-1,0.12,,,,,,3136,0.98,0.0,11.559087
2026-07-13T10:25:46.896938,Raspberry_Relieve1,25.652322283333334,-100.2916093,39.29,0.0,0,0.0,99.1,-1,0.12,,,,,,3137,1.08,0.0,11.559087
2026-07-13T10:25:47.897077,Raspberry_Relieve1,25.652322283333334,-100.2916093,39.291,0.0,0,0.0,99.1,-1,0.12,,,,,,3138,0.96,0.0,11.559087
2026-07-13T10:25:48.897216,Raspberry_Relieve1,25.652322283333334,-100.2916093,39.289,0.0,0,0.0,99.1,-1,0.12,,,,,,3139,1.03,0.0,11.559087
2026-07-13T10:25:49.897377,Raspberry_Relieve1,25.652322283333334,-100.2916093,39.289,0.0,0,0.0,99.1,-1,0.12,,,,,,3140,0.96,0.0,11.559087
2026-07-13T10:25:50.897482,Raspberry_Relieve1,25.652322283333334,-100.2916093,39.291,0.0,0,0.0,99.1,-1,0.12,,,,,,3141,1.0,0.0,11.559087
2026-07-13T10:25:51.897597,Raspberry_Relieve1,25.652322283333334,-100.2916093,39.29,0.0,0,0.0,99.1,-1,0.12,,,,,,3142,1.03,0.0,11.559087
2026-07-13T10:25:52.897693,Raspberry_Relieve1,25.652322283333334,-100.2916093,39.291,0.0,0,0.0,99.1,-1,0.12,,,,,,3143,1.04,0.0,11.559087
2026-07-13T10:25:53.897805,Raspberry_Relieve1,25.652322283333334,-100.2916093,39.289,0.0,0,0.0,99.1,-1,0.12,,,,,,3144,0.91,0.0,11.559087
2026-07-13T10:25:54.897918,Raspberry_Relieve1,25.652322283333334,-100.2916093,39.291,0.0,0,0.0,99.1,-1,0.12,,,,,,3145,1.02,0.0,11.559087
2026-07-13T10:25:55.898059,Raspberry_Relieve1,25.652322283333334,-100.2916093,39.291,0.0,0,0.0,99.1,-1,0.12,,,,,,3146,1.04,0.0,11.559087
2026-07-13T10:25:56.898260,Raspberry_Relieve1,25.652322283333334,-100.2916093,39.29,0.0,0,0.0,99.1,-1,0.12,,,,,,3147,0.94,0.0,11.559087
2026-07-13T10:25:57.898359,Raspberry_Relieve1,25.652322283333334,-100.2916093,39.29,0.0,0,0.0,99.1,-1,0.12,,,,,,3148,1.02,0.0,11.559087
2026-07-13T10:25:58.898486,Raspberry_Relieve1,25.652322283333334,-100.2916093,39.291,0.0,0,0.0,99.1,-1,0.12,,,,,,3149,1.11,0.0,11.559087
2026-07-13T10:25:59.898596,Raspberry_Relieve1,25.652322283333334,-100.2916093,39.291,0.0,0,0.0,99.1,-1,0.12,,,,,,3150,0.88,0.0,11.559087
2026-07-13T10:26:00.898708,Raspberry_Relieve1,25.652322283333334,-100.2916093,39.289,0.0,0,0.0,99.1,-1,0.12,,,,,,3151,1.0,0.0,11.559087
2026-07-13T10:26:01.898830,Raspberry_Relieve1,25.652322283333334,-100.2916093,39.29,0.0,0,0.0,99.1,-1,0.12,,,,,,3152,0.99,0.0,11.559087
2026-07-13T10:26:02.898959,Raspberry_Relieve1,25.652322283333334,-100.2916093,39.29,0.0,0,0.0,99.1,-1,0.12,,,,,,3153,1.11,0.0,11.559087
2026-07-13T10:26:03.899081,Raspberry_Relieve1,25.652322283333334,-100.2916093,39.291,0.0,0,0.0,99.1,-1,0.12,,,,,,3154,0.91,0.0,11.559087
2026-07-13T10:26:04.899222,Raspberry_Relieve1,25.652322283333334,-100.2916093,39.289,0.0,0,0.0,99.1,-1,0.12,,,,,,3155,1.09,0.0,11.559087
2026-07-13T10:26:05.899446,Raspberry_Relieve1,25.652322283333334,-100.2916093,39.29,0.0,0,0.0,99.1,-1,0.12,,,,,,3156,0.88,0.0,11.559087
2026-07-13T10:26:06.899616,Raspberry_Relieve1,25.652322283333334,-100.2916093,39.29,0.0,0,0.0,99.1,-1,0.12,,,,,,3157,1.01,0.0,11.559087
2026-07-13T10:26:07.899725,Raspberry_Relieve1,25.652322283333334,-100.2916093,39.271,2.633,103,103.4,99.1,-1,0.119,,,,,,3158,1.02,0.014689,11.573776
2026-07-13T10:26:08.899919,Raspberry_Relieve1,25.652322283333334,-100.2916093,39.279,0.0,0,103.4,99.1,-1,0.119,,,,,,3159,0.97,0.02775,11.601526
2026-07-13T10:26:09.900052,Raspberry_Relieve1,25.652322283333334,-100.2916093,39.281,0.0,0,103.4,99.1,-1,0.119,,,,,,3160,1.1,0.031532,11.633058
2026-07-13T10:26:10.900237,Raspberry_Relieve1,25.652322283333334,-100.2916093,39.283,0.0,0,103.4,99.1,-1,0.119,,,,,,3161,1.04,0.029742,11.6628
2026-07-13T10:26:11.900368,Raspberry_Relieve1,25.652322283333334,-100.2916093,39.283,0.0,0,103.4,99.1,-1,0.119,,,,,,3162,0.86,0.024664,11.687463
2026-07-13T10:26:12.900474,Raspberry_Relieve1,25.652322283333334,-100.2916093,39.282,0.0,0,103.4,99.1,-1,0.119,,,,,,3163,1.11,0.031765,11.719229
2026-07-13T10:26:13.900591,Raspberry_Relieve1,25.652322283333334,-100.2916093,39.283,0.0,0,103.4,99.1,-1,0.119,,,,,,3164,0.99,0.028355,11.747584
2026-07-13T10:26:14.900766,Raspberry_Relieve1,25.652322283333334,-100.2916093,39.283,-0.106,-4,-4.16,99.1,14400,0.119,,,,,,3165,0.96,0.013279,11.760863
2026-07-13T10:26:15.900886,Raspberry_Relieve1,25.652322283333334,-100.2916093,39.285,-0.107,-4,-4.2,99.1,14400,0.119,,,,,,3166,1.07,-0.001238,11.759624
2026-07-13T10:26:16.901057,Raspberry_Relieve1,25.652322283333334,-100.2916093,39.286,-0.104,-4,-4.09,99.1,14400,0.119,,,,,,3167,1.04,-0.001198,11.758426
2026-07-13T10:26:17.901185,Raspberry_Relieve1,25.652322283333334,-100.2916093,39.284,-0.102,-4,-4.01,99.1,14400,0.119,,,,,,3168,0.91,-0.001023,11.757404
2026-07-13T10:26:18.901298,Raspberry_Relieve1,25.652322283333334,-100.2916093,39.284,-0.111,-4,-4.36,99.1,14400,0.119,,,,,,3169,0.98,-0.001136,11.756268
2026-07-13T10:26:19.901422,Raspberry_Relieve1,25.652322283333334,-100.2916093,39.284,-0.107,-4,-4.2,99.1,14400,0.119,,,,,,3170,1.03,-0.001227,11.75504
2026-07-13T10:26:20.901528,Raspberry_Relieve1,25.652322283333334,-100.2916093,39.285,-0.103,-4,-4.05,99.1,14400,0.119,,,,,,3171,0.95,-0.001086,11.753954
2026-07-13T10:26:21.901644,Raspberry_Relieve1,25.652322283333334,-100.2916093,39.285,-0.105,-4,-4.12,99.1,14400,0.119,,,,,,3172,1.01,-0.001151,11.752803
2026-07-13T10:26:22.901752,Raspberry_Relieve1,25.652322283333334,-100.2916093,39.285,-0.101,-4,-3.97,99.1,14400,0.119,,,,,,3173,1.09,-0.001224,11.751579
2026-07-13T10:26:23.901894,Raspberry_Relieve1,25.652322283333334,-100.2916093,39.287,0.0,0,0.0,99.1,-1,0.119,,,,,,3174,0.99,-0.000545,11.751034
2026-07-13T10:26:24.901998,Raspberry_Relieve1,25.652322283333334,-100.2916093,39.284,-0.103,-4,-4.05,99.1,14400,0.119,,,,,,3175,0.92,-0.000516,11.750518
2026-07-13T10:26:25.902111,Raspberry_Relieve1,25.652322283333334,-100.2916093,39.286,-0.103,-4,-4.05,99.1,14400,0.119,,,,,,3176,0.99,-0.001107,11.749411
2026-07-13T10:26:26.902225,Raspberry_Relieve1,25.652322283333334,-100.2916093,39.287,-0.1,-4,-3.93,99.1,14400,0.119,,,,,,3177,0.99,-0.001098,11.748313
2026-07-13T10:26:27.902353,Raspberry_Relieve1,25.652322283333334,-100.2916093,39.287,0.0,0,0.0,99.1,-1,0.119,,,,,,3178,0.99,-0.000541,11.747772
2026-07-13T10:26:28.902458,Raspberry_Relieve1,25.652322283333334,-100.2916093,39.286,-0.102,-4,-4.01,99.1,14400,0.119,,,,,,3179,1.12,-0.000625,11.747147
2026-07-13T10:26:29.902583,Raspberry_Relieve1,25.652322283333334,-100.2916093,39.286,-0.101,-4,-3.97,99.1,14400,0.119,,,,,,3180,1.02,-0.001125,11.746022
2026-07-13T10:26:30.902691,Raspberry_Relieve1,25.652322283333334,-100.2916093,39.286,-0.104,-4,-4.09,99.1,14400,0.119,,,,,,3181,0.96,-0.001077,11.744945
2026-07-13T10:26:31.902816,Raspberry_Relieve1,25.652322283333334,-100.2916093,39.286,-0.105,-4,-4.13,99.1,14400,0.12,,,,,,3182,0.94,-0.001073,11.743872
2026-07-13T10:26:32.902964,Raspberry_Relieve1,25.652322283333334,-100.2916093,39.286,-0.105,-4,-4.13,99.1,14400,0.12,,,,,,3183,0.99,-0.001135,11.742737
2026-07-13T10:26:33.903046,Raspberry_Relieve1,25.652322283333334,-100.2916093,39.285,-0.102,-4,-4.01,99.1,14400,0.12,,,,,,3184,0.99,-0.001117,11.741619
2026-07-13T10:26:34.903175,Raspberry_Relieve1,25.652322283333334,-100.2916093,39.286,-0.105,-4,-4.13,99.1,14400,0.12,,,,,,3185,1.1,-0.00124,11.740379
2026-07-13T10:26:35.903289,Raspberry_Relieve1,25.652322283333334,-100.2916093,39.286,-0.101,-4,-3.97,99.1,14400,0.12,,,,,,3186,1.0,-0.001121,11.739258
2026-07-13T10:26:36.903426,Raspberry_Relieve1,25.652322283333334,-100.2916093,39.287,-0.104,-4,-4.09,99.1,14400,0.12,,,,,,3187,0.97,-0.001087,11.738171
2026-07-13T10:26:37.903553,Raspberry_Relieve1,25.652322283333334,-100.2916093,39.285,-0.103,-4,-4.05,99.1,14400,0.12,,,,,,3188,0.9,-0.001015,11.737156
2026-07-13T10:26:38.903679,Raspberry_Relieve1,25.652322283333334,-100.2916093,39.285,-0.101,-4,-3.97,99.1,14400,0.12,,,,,,3189,1.11,-0.001236,11.73592
2026-07-13T10:26:39.903780,Raspberry_Relieve1,25.652322283333334,-100.2916093,39.287,-0.101,-4,-3.97,99.1,14400,0.12,,,,,,3190,0.98,-0.001081,11.734838
2026-07-13T10:26:40.903928,Raspberry_Relieve1,25.652322283333334,-100.2916093,39.286,-0.102,-4,-4.01,99.1,14400,0.12,,,,,,3191,0.98,-0.001089,11.733749
2026-07-13T10:26:41.904051,Raspberry_Relieve1,25.652322283333334,-100.2916093,39.287,-0.102,-4,-4.01,99.1,14400,0.12,,,,,,3192,0.96,-0.001065,11.732684
2026-07-13T10:26:42.904159,Raspberry_Relieve1,25.652322283333334,-100.2916093,39.286,-0.104,-4,-4.09,99.1,14400,0.12,,,,,,3193,1.06,-0.001194,11.73149
2026-07-13T10:26:43.904288,Raspberry_Relieve1,25.652322283333334,-100.2916093,39.286,-0.1,-4,-3.93,99.1,14400,0.12,,,,,,3194,0.94,-0.00105,11.73044
2026-07-13T10:26:44.904390,Raspberry_Relieve1,25.652322283333334,-100.2916093,39.286,-0.102,-4,-4.01,99.1,14400,0.12,,,,,,3195,0.99,-0.001094,11.729346
2026-07-13T10:26:45.904520,Raspberry_Relieve1,25.652322283333334,-100.2916093,39.285,-0.104,-4,-4.09,99.1,14400,0.12,,,,,,3196,1.0,-0.001127,11.728219
2026-07-13T10:26:46.904642,Raspberry_Relieve1,25.652322283333334,-100.2916093,39.286,-0.103,-4,-4.05,99.1,14400,0.12,,,,,,3197,1.02,-0.001152,11.727067
2026-07-13T10:26:47.904782,Raspberry_Relieve1,25.652322283333334,-100.2916093,39.285,-0.105,-4,-4.12,99.1,14400,0.12,,,,,,3198,0.98,-0.001107,11.72596
2026-07-13T10:26:48.904887,Raspberry_Relieve1,25.652322283333334,-100.2916093,39.286,-0.104,-4,-4.09,99.1,14400,0.12,,,,,,3199,1.1,-0.001259,11.724701
2026-07-13T10:26:49.905014,Raspberry_Relieve1,25.652322283333334,-100.2916093,39.286,-0.104,-4,-4.09,99.1,14400,0.12,,,,,,3200,0.91,-0.001034,11.723667
2026-07-13T10:26:50.905159,Raspberry_Relieve1,25.652322283333334,-100.2916093,39.286,-0.106,-4,-4.16,99.1,14400,0.12,,,,,,3201,1.08,-0.001241,11.722425
2026-07-13T10:26:51.905288,Raspberry_Relieve1,25.652322283333334,-100.2916093,39.287,-0.103,-4,-4.05,99.1,14400,0.12,,,,,,3202,0.91,-0.001042,11.721383
2026-07-13T10:26:52.905404,Raspberry_Relieve1,25.652322283333334,-100.2916093,39.285,-0.104,-4,-4.09,99.1,14400,0.12,,,,,,3203,1.08,-0.001222,11.720161
2026-07-13T10:26:53.905520,Raspberry_Relieve1,25.652322283333334,-100.2916093,39.285,-0.103,-4,-4.05,99.1,14400,0.12,,,,,,3204,0.9,-0.001017,11.719144
2026-07-13T10:26:54.905652,Raspberry_Relieve1,25.652322283333334,-100.2916093,39.286,-0.107,-4,-4.2,99.1,14400,0.12,,,,,,3205,1.0,-0.001143,11.718001
2026-07-13T10:26:55.905772,Raspberry_Relieve1,25.652322283333334,-100.2916093,39.285,-0.109,-4,-4.28,99.1,14400,0.12,,,,,,3206,1.02,-0.001201,11.7168
2026-07-13T10:26:56.905889,Raspberry_Relieve1,25.652322283333334,-100.2916093,39.285,-0.102,-4,-4.01,99.1,14400,0.12,,,,,,3207,1.08,-0.001243,11.715557
2026-07-13T10:26:57.906014,Raspberry_Relieve1,25.652322283333334,-100.2916093,39.285,-0.102,-4,-4.01,99.1,14400,0.12,,,,,,3208,0.95,-0.001054,11.714503
2026-07-13T10:26:58.906125,Raspberry_Relieve1,25.652322283333334,-100.2916093,39.286,-0.103,-4,-4.05,99.1,14400,0.12,,,,,,3209,0.97,-0.001085,11.713418
2026-07-13T10:26:59.906307,Raspberry_Relieve1,25.652322283333334,-100.2916093,39.285,-0.104,-4,-4.09,99.1,14400,0.12,,,,,,3210,1.17,-0.00132,11.712098
2026-07-13T10:27:00.906358,Raspberry_Relieve1,25.652322283333334,-100.2916093,39.286,-0.106,-4,-4.16,99.1,14400,0.12,,,,,,3211,0.88,-0.001007,11.711091
2026-07-13T10:27:01.906444,Raspberry_Relieve1,25.652322283333334,-100.2916093,39.284,-0.111,-4,-4.36,99.1,14400,0.12,,,,,,3212,0.98,-0.001161,11.70993
2026-07-13T10:27:02.906536,Raspberry_Relieve1,25.652322283333334,-100.2916093,39.286,-0.109,-4,-4.28,99.1,14400,0.12,,,,,,3213,0.99,-0.001193,11.708737
2026-07-13T10:27:03.906626,Raspberry_Relieve1,25.652322283333334,-100.2916093,39.285,-0.11,-4,-4.32,99.1,14400,0.12,,,,,,3214,1.05,-0.00125,11.707487
2026-07-13T10:27:04.906703,Raspberry_Relieve1,25.652322283333334,-100.2916093,39.284,-0.11,-4,-4.32,99.1,14147,0.12,,,,,,3215,0.92,-0.001103,11.706384
2026-07-13T10:27:05.906858,Raspberry_Relieve1,25.652322283333334,-100.2916093,39.284,-0.111,-4,-4.36,99.1,13846,0.12,,,,,,3216,1.1,-0.001326,11.705057
2026-07-13T10:27:06.906979,Raspberry_Relieve1,25.652322283333334,-100.2916093,39.284,-0.107,-4,-4.2,99.1,13580,0.121,,,,,,3217,0.93,-0.001101,11.703956
2026-07-13T10:27:07.907096,Raspberry_Relieve1,25.652322283333334,-100.2916093,39.285,-0.104,-4,-4.09,99.1,13344,0.121,,,,,,3218,0.96,-0.001109,11.702847
2026-07-13T10:27:08.907224,Raspberry_Relieve1,25.652322283333334,-100.2916093,39.285,-0.103,-4,-4.05,99.1,13122,0.121,,,,,,3219,1.14,-0.001288,11.701559
2026-07-13T10:27:09.907327,Raspberry_Relieve1,25.652322283333334,-100.2916093,39.286,-0.104,-4,-4.09,99.1,12905,0.121,,,,,,3220,0.96,-0.001087,11.700472
2026-07-13T10:27:10.907459,Raspberry_Relieve1,25.652322283333334,-100.2916093,39.286,-0.105,-4,-4.13,99.1,12696,0.121,,,,,,3221,1.03,-0.001172,11.6993
2026-07-13T10:27:11.907557,Raspberry_Relieve1,25.652322283333334,-100.2916093,39.286,-0.102,-4,-4.01,99.1,12510,0.121,,,,,,3222,0.9,-0.001022,11.698278
2026-07-13T10:27:12.907672,Raspberry_Relieve1,25.652322283333334,-100.2916093,39.285,-0.103,-4,-4.05,99.1,12328,0.121,,,,,,3223,1.07,-0.001198,11.697081
2026-07-13T10:27:13.907792,Raspberry_Relieve1,25.652322283333334,-100.2916093,39.285,-0.103,-4,-4.05,99.1,12154,0.121,,,,,,3224,1.04,-0.001165,11.695916
2026-07-13T10:27:14.907962,Raspberry_Relieve1,25.652322283333334,-100.2916093,39.284,-0.106,-4,-4.16,99.1,11977,0.121,,,,,,3225,0.9,-0.001027,11.694889
2026-07-13T10:27:15.908036,Raspberry_Relieve1,25.652322283333334,-100.2916093,39.284,-0.107,-4,-4.2,99.1,11805,0.121,,,,,,3226,1.08,-0.00126,11.693629
2026-07-13T10:27:16.908147,Raspberry_Relieve1,25.652322283333334,-100.2916093,39.286,-0.102,-4,-4.01,99.1,11655,0.121,,,,,,3227,0.99,-0.001129,11.6925
2026-07-13T10:27:17.908313,Raspberry_Relieve1,25.652322283333334,-100.2916093,39.287,-0.102,-4,-4.01,99.1,11514,0.121,,,,,,3228,0.98,-0.001087,11.691413
2026-07-13T10:27:18.908404,Raspberry_Relieve1,25.652322283333334,-100.2916093,39.285,-0.103,-4,-4.05,99.1,11374,0.121,,,,,,3229,1.03,-0.00115,11.690263
2026-07-13T10:27:19.908515,Raspberry_Relieve1,25.652322283333334,-100.2916093,39.285,-0.102,-4,-4.01,99.1,11241,0.121,,,,,,3230,0.98,-0.001102,11.689162
2026-07-13T10:27:20.908617,Raspberry_Relieve1,25.652322283333334,-100.2916093,39.285,-0.102,-4,-4.01,99.1,11114,0.121,,,,,,3231,0.91,-0.001015,11.688146
2026-07-13T10:27:21.908744,Raspberry_Relieve1,25.652322283333334,-100.2916093,39.285,-0.104,-4,-4.09,99.1,10985,0.121,,,,,,3232,1.03,-0.001155,11.686991
2026-07-13T10:27:22.908852,Raspberry_Relieve1,25.652322283333334,-100.2916093,39.285,-0.101,-4,-3.97,99.1,10871,0.121,,,,,,3233,0.98,-0.001094,11.685898
2026-07-13T10:27:23.908990,Raspberry_Relieve1,25.652322283333334,-100.2916093,39.285,-0.1,-4,-3.93,99.1,10763,0.121,,,,,,3234,1.05,-0.001156,11.684742
2026-07-13T10:27:24.909092,Raspberry_Relieve1,25.652322283333334,-100.2916093,39.286,-0.103,-4,-4.05,99.1,10652,0.121,,,,,,3235,1.04,-0.00115,11.683591
2026-07-13T10:27:25.909229,Raspberry_Relieve1,25.652322283333334,-100.2916093,39.285,-0.103,-4,-4.05,99.1,10546,0.121,,,,,,3236,1.01,-0.001132,11.68246
2026-07-13T10:27:26.909399,Raspberry_Relieve1,25.652322283333334,-100.2916093,39.285,-0.102,-4,-4.01,99.1,10446,0.121,,,,,,3237,1.0,-0.001116,11.681344
2026-07-13T10:27:27.909538,Raspberry_Relieve1,25.652322283333334,-100.2916093,39.285,-0.101,-4,-3.97,99.1,10351,0.121,,,,,,3238,0.9,-0.001,11.680344
2026-07-13T10:27:28.909626,Raspberry_Relieve1,25.652322283333334,-100.2916093,39.285,-0.101,-4,-3.97,99.1,10259,0.121,,,,,,3239,1.06,-0.001174,11.67917
2026-07-13T10:27:29.909745,Raspberry_Relieve1,25.652322283333334,-100.2916093,39.285,-0.105,-4,-4.12,99.1,10160,0.121,,,,,,3240,1.03,-0.00116,11.678009
2026-07-13T10:27:30.909875,Raspberry_Relieve1,25.652322283333334,-100.2916093,39.286,0.0,0,0.0,99.1,-1,0.121,,,,,,3241,0.99,-0.000568,11.677442
2026-07-13T10:27:31.909990,Raspberry_Relieve1,25.652322283333334,-100.2916093,39.285,-0.102,-4,-4.01,99.1,14400,0.121,,,,,,3242,0.99,-0.00055,11.676892
2026-07-13T10:27:32.910096,Raspberry_Relieve1,25.652322283333334,-100.2916093,39.285,0.0,0,0.0,99.1,-1,0.121,,,,,,3243,0.99,-0.000553,11.676338
2026-07-13T10:27:33.910226,Raspberry_Relieve1,25.652322283333334,-100.2916093,39.284,-0.103,-4,-4.05,99.1,14400,0.121,,,,,,3244,0.95,-0.000531,11.675807
2026-07-13T10:27:34.910362,Raspberry_Relieve1,25.652322283333334,-100.2916093,39.286,-0.103,-4,-4.05,99.1,14400,0.121,,,,,,3245,1.0,-0.001119,11.674688
2026-07-13T10:27:35.910508,Raspberry_Relieve1,25.652322283333334,-100.2916093,39.285,-0.102,-4,-4.01,99.1,14400,0.121,,,,,,3246,0.98,-0.001093,11.673595
2026-07-13T10:27:36.910630,Raspberry_Relieve1,25.652322283333334,-100.2916093,39.285,0.0,0,0.0,99.1,-1,0.121,,,,,,3247,1.16,-0.000648,11.672947
2026-07-13T10:27:37.910753,Raspberry_Relieve1,25.652322283333334,-100.2916093,39.286,-0.101,-4,-3.97,99.1,14400,0.121,,,,,,3248,1.0,-0.000551,11.672395
2026-07-13T10:27:38.910883,Raspberry_Relieve1,25.652322283333334,-100.2916093,39.286,-0.101,-4,-3.97,99.1,14400,0.121,,,,,,3249,0.96,-0.001054,11.671342
2026-07-13T10:27:39.911003,Raspberry_Relieve1,25.652322283333334,-100.2916093,39.285,-0.104,-4,-4.09,99.1,14400,0.121,,,,,,3250,0.94,-0.001055,11.670287
2026-07-13T10:27:40.911110,Raspberry_Relieve1,25.652322283333334,-100.2916093,39.286,-0.101,-4,-3.97,99.1,14400,0.121,,,,,,3251,1.04,-0.001168,11.669119
2026-07-13T10:27:41.911247,Raspberry_Relieve1,25.652322283333334,-100.2916093,39.285,-0.102,-4,-4.01,99.1,14400,0.121,,,,,,3252,0.92,-0.001014,11.668105
2026-07-13T10:27:42.911405,Raspberry_Relieve1,25.652322283333334,-100.2916093,39.285,-0.1,-4,-3.93,99.1,14400,0.121,,,,,,3253,1.02,-0.001123,11.666982
2026-07-13T10:27:43.911525,Raspberry_Relieve1,25.652322283333334,-100.2916093,39.286,0.0,0,0.0,99.1,-1,0.121,,,,,,3254,0.97,-0.000527,11.666455
2026-07-13T10:27:44.911663,Raspberry_Relieve1,25.652322283333334,-100.2916093,39.287,0.0,0,0.0,99.1,-1,0.121,,,,,,3255,0.98,0.0,11.666455
2026-07-13T10:27:45.911787,Raspberry_Relieve1,25.652322283333334,-100.2916093,39.286,0.0,0,0.0,99.1,-1,0.121,,,,,,3256,1.14,0.0,11.666455
2026-07-13T10:27:46.911968,Raspberry_Relieve1,25.652322283333334,-100.2916093,39.286,-0.109,-4,-4.28,99.1,14400,0.121,,,,,,3257,1.0,-0.000592,11.665863
2026-07-13T10:27:47.912041,Raspberry_Relieve1,25.652322283333334,-100.2916093,39.285,-0.108,-4,-4.24,99.1,14400,0.122,,,,,,3258,0.92,-0.001084,11.664779
2026-07-13T10:27:48.912165,Raspberry_Relieve1,25.652322283333334,-100.2916093,39.283,-0.109,-4,-4.28,99.1,14400,0.122,,,,,,3259,0.95,-0.001129,11.66365
2026-07-13T10:27:49.912284,Raspberry_Relieve1,25.652322283333334,-100.2916093,39.284,-0.102,-4,-4.01,99.1,14400,0.122,,,,,,3260,1.14,-0.00131,11.66234
2026-07-13T10:27:50.912418,Raspberry_Relieve1,25.652322283333334,-100.2916093,39.286,-0.103,-4,-4.05,99.1,14400,0.122,,,,,,3261,0.91,-0.001013,11.661327
2026-07-13T10:27:51.912537,Raspberry_Relieve1,25.652322283333334,-100.2916093,39.285,-0.103,-4,-4.05,99.1,14400,0.122,,,,,,3262,1.06,-0.001195,11.660132
2026-07-13T10:27:52.912645,Raspberry_Relieve1,25.652322283333334,-100.2916093,39.286,-0.103,-4,-4.05,99.1,14400,0.122,,,,,,3263,0.93,-0.00104,11.659092
2026-07-13T10:27:53.912809,Raspberry_Relieve1,25.652322283333334,-100.2916093,39.285,-0.103,-4,-4.05,99.1,14400,0.122,,,,,,3264,1.06,-0.001188,11.657904
2026-07-13T10:27:54.912938,Raspberry_Relieve1,25.652322283333334,-100.2916093,39.285,-0.101,-4,-3.97,99.1,14400,0.122,,,,,,3265,1.03,-0.001143,11.65676
2026-07-13T10:27:55.913066,Raspberry_Relieve1,25.652322283333334,-100.2916093,39.285,-0.101,-4,-3.97,99.1,14400,0.122,,,,,,3266,0.98,-0.00108,11.65568
2026-07-13T10:27:56.913171,Raspberry_Relieve1,25.652322283333334,-100.2916093,39.285,-0.1,-4,-3.93,99.1,14400,0.122,,,,,,3267,1.04,-0.001141,11.654539
2026-07-13T10:27:57.913322,Raspberry_Relieve1,25.652322283333334,-100.2916093,39.284,-0.106,-4,-4.16,99.1,14400,0.122,,,,,,3268,0.96,-0.001084,11.653455
2026-07-13T10:27:58.913461,Raspberry_Relieve1,25.652322283333334,-100.2916093,39.284,-0.102,-4,-4.01,99.1,14400,0.122,,,,,,3269,1.01,-0.001149,11.652305
2026-07-13T10:27:59.913635,Raspberry_Relieve1,25.652322283333334,-100.2916093,39.285,-0.107,-4,-4.2,99.1,14400,0.122,,,,,,3270,0.98,-0.001119,11.651187
2026-07-13T10:28:00.913713,Raspberry_Relieve1,25.652322283333334,-100.2916093,39.285,-0.107,-4,-4.2,99.1,14400,0.122,,,,,,3271,1.0,-0.001166,11.650021
2026-07-13T10:28:01.913805,Raspberry_Relieve1,25.652322283333334,-100.2916093,39.283,-0.112,-4,-4.4,99.1,14400,0.122,,,,,,3272,1.01,-0.00121,11.648811
2026-07-13T10:28:02.913892,Raspberry_Relieve1,25.652322283333334,-100.2916093,39.284,-0.112,-4,-4.4,99.1,14400,0.122,,,,,,3273,1.0,-0.001224,11.647587
2026-07-13T10:28:03.913972,Raspberry_Relieve1,25.652322283333334,-100.2916093,39.284,-0.112,-4,-4.4,99.1,14400,0.122,,,,,,3274,1.02,-0.001242,11.646345
2026-07-13T10:28:04.914059,Raspberry_Relieve1,25.652322283333334,-100.2916093,39.284,-0.112,-4,-4.4,99.1,14400,0.122,,,,,,3275,0.99,-0.001206,11.645139
2026-07-13T10:28:05.914188,Raspberry_Relieve1,25.652322283333334,-100.2916093,39.284,-0.112,-4,-4.4,99.1,14400,0.122,,,,,,3276,0.93,-0.001133,11.644006
2026-07-13T10:28:06.914306,Raspberry_Relieve1,25.652322283333334,-100.2916093,39.283,-0.103,-4,-4.05,99.1,14400,0.122,,,,,,3277,1.09,-0.001273,11.642733
2026-07-13T10:28:07.914422,Raspberry_Relieve1,25.652322283333334,-100.2916093,39.283,-0.105,-4,-4.12,99.1,14400,0.122,,,,,,3278,1.01,-0.001149,11.641584
2026-07-13T10:28:08.914535,Raspberry_Relieve1,25.652322283333334,-100.2916093,39.284,-0.103,-4,-4.05,99.1,14400,0.122,,,,,,3279,0.97,-0.001096,11.640487
2026-07-13T10:28:09.914640,Raspberry_Relieve1,25.652322283333334,-100.2916093,39.284,-0.102,-4,-4.01,99.1,14400,0.122,,,,,,3280,1.0,-0.001116,11.639371
2026-07-13T10:28:10.914758,Raspberry_Relieve1,25.652322283333334,-100.2916093,39.284,-0.101,-4,-3.97,99.1,14400,0.122,,,,,,3281,0.98,-0.001085,11.638286
2026-07-13T10:28:11.914883,Raspberry_Relieve1,25.652322283333334,-100.2916093,39.284,0.0,0,0.0,99.1,-1,0.122,,,,,,3282,1.01,-0.000555,11.637731
2026-07-13T10:28:12.914989,Raspberry_Relieve1,25.652322283333334,-100.2916093,39.284,0.0,0,0.0,99.1,-1,0.122,,,,,,3283,0.97,0.0,11.637731
2026-07-13T10:28:13.915107,Raspberry_Relieve1,25.652322283333334,-100.2916093,39.284,0.0,0,0.0,99.1,-1,0.122,,,,,,3284,1.04,0.0,11.637731
2026-07-13T10:28:14.915210,Raspberry_Relieve1,25.652322283333334,-100.2916093,39.284,-0.1,-4,-3.93,99.1,14400,0.122,,,,,,3285,1.01,-0.000549,11.637182
2026-07-13T10:28:15.915316,Raspberry_Relieve1,25.652322283333334,-100.2916093,39.285,-0.103,-4,-4.05,99.1,14400,0.122,,,,,,3286,0.92,-0.00102,11.636162
2026-07-13T10:28:16.915423,Raspberry_Relieve1,25.652322283333334,-100.2916093,39.282,0.0,0,0.0,99.1,-1,0.122,,,,,,3287,0.98,-0.000551,11.635611
2026-07-13T10:28:17.915541,Raspberry_Relieve1,25.652322283333334,-100.2916093,39.283,-0.103,-4,-4.05,99.1,14400,0.122,,,,,,3288,1.01,-0.000567,11.635043
2026-07-13T10:28:18.915650,Raspberry_Relieve1,25.652322283333334,-100.2916093,39.283,0.0,0,0.0,99.1,-1,0.122,,,,,,3289,1.11,-0.000626,11.634417
2026-07-13T10:28:19.915765,Raspberry_Relieve1,25.652322283333334,-100.2916093,39.283,0.0,0,0.0,99.1,-1,0.122,,,,,,3290,0.9,0.0,11.634417
2026-07-13T10:28:20.915923,Raspberry_Relieve1,25.652322283333334,-100.2916093,39.283,-0.103,-4,-4.05,99.1,14400,0.122,,,,,,3291,1.05,-0.000592,11.633825
2026-07-13T10:28:21.916005,Raspberry_Relieve1,25.652322283333334,-100.2916093,39.283,-0.104,-4,-4.09,99.1,14400,0.122,,,,,,3292,0.97,-0.001097,11.632728
2026-07-13T10:28:22.916113,Raspberry_Relieve1,25.652322283333334,-100.2916093,39.283,-0.104,-4,-4.09,99.1,14400,0.122,,,,,,3293,1.05,-0.00119,11.631538
2026-07-13T10:28:23.916229,Raspberry_Relieve1,25.652322283333334,-100.2916093,39.284,-0.107,-4,-4.2,99.1,14400,0.122,,,,,,3294,1.0,-0.001154,11.630385
2026-07-13T10:28:24.916338,Raspberry_Relieve1,25.652322283333334,-100.2916093,39.284,-0.105,-4,-4.12,99.1,14400,0.122,,,,,,3295,1.0,-0.001151,11.629234
2026-07-13T10:28:25.916469,Raspberry_Relieve1,25.652322283333334,-100.2916093,39.283,-0.102,-4,-4.01,99.1,14400,0.122,,,,,,3296,1.01,-0.001137,11.628096
2026-07-13T10:28:26.916614,Raspberry_Relieve1,25.652322283333334,-100.2916093,39.284,-0.102,-4,-4.01,99.1,14400,0.123,,,,,,3297,1.03,-0.001142,11.626954
2026-07-13T10:28:27.916725,Raspberry_Relieve1,25.652322283333334,-100.2916093,39.284,-0.104,-4,-4.09,99.1,14400,0.123,,,,,,3298,0.94,-0.001062,11.625892
2026-07-13T10:28:28.916843,Raspberry_Relieve1,25.652322283333334,-100.2916093,39.284,-0.109,-4,-4.28,99.1,14400,0.123,,,,,,3299,0.92,-0.001065,11.624827
2026-07-13T10:28:29.916947,Raspberry_Relieve1,25.652322283333334,-100.2916093,39.283,-0.101,-4,-3.97,99.1,14400,0.123,,,,,,3300,1.03,-0.001177,11.62365
2026-07-13T10:28:30.917138,Raspberry_Relieve1,25.652322283333334,-100.2916093,39.284,-0.1,-4,-3.93,99.1,14400,0.123,,,,,,3301,1.0,-0.0011,11.62255
2026-07-13T10:28:31.917241,Raspberry_Relieve1,25.652322283333334,-100.2916093,39.284,-0.102,-4,-4.01,99.1,14400,0.123,,,,,,3302,1.06,-0.001168,11.621381
2026-07-13T10:28:32.917361,Raspberry_Relieve1,25.652322283333334,-100.2916093,39.283,0.0,0,0.0,99.1,-1,0.123,,,,,,3303,1.05,-0.000582,11.620799
2026-07-13T10:28:33.917464,Raspberry_Relieve1,25.652322283333334,-100.2916093,39.284,-0.102,-4,-4.01,99.1,14400,0.123,,,,,,3304,0.91,-0.000508,11.620292
2026-07-13T10:28:34.917581,Raspberry_Relieve1,25.652322283333334,-100.2916093,39.282,-0.101,-4,-3.97,99.1,14400,0.123,,,,,,3305,1.06,-0.001175,11.619116
2026-07-13T10:28:35.917695,Raspberry_Relieve1,25.652322283333334,-100.2916093,39.282,-0.101,-4,-3.97,99.1,14400,0.123,,,,,,3306,1.04,-0.001142,11.617974
2026-07-13T10:28:36.917818,Raspberry_Relieve1,25.652322283333334,-100.2916093,39.283,-0.104,-4,-4.09,99.1,14400,0.123,,,,,,3307,0.94,-0.001055,11.616919
2026-07-13T10:28:37.917917,Raspberry_Relieve1,25.652322283333334,-100.2916093,39.283,-0.102,-4,-4.01,99.1,14400,0.123,,,,,,3308,1.07,-0.001204,11.615715
2026-07-13T10:28:38.918046,Raspberry_Relieve1,25.652322283333334,-100.2916093,39.284,-0.106,-4,-4.16,99.1,14400,0.123,,,,,,3309,0.89,-0.001008,11.614706
2026-07-13T10:28:39.918254,Raspberry_Relieve1,25.652322283333334,-100.2916093,39.285,-0.1,-4,-3.93,99.1,14400,0.123,,,,,,3310,1.03,-0.00116,11.613547
2026-07-13T10:28:40.918362,Raspberry_Relieve1,25.652322283333334,-100.2916093,39.284,0.0,0,0.0,99.1,-1,0.123,,,,,,3311,1.12,-0.000612,11.612935
2026-07-13T10:28:41.918473,Raspberry_Relieve1,25.652322283333334,-100.2916093,39.283,0.0,0,0.0,99.1,-1,0.123,,,,,,3312,0.95,0.0,11.612935
2026-07-13T10:28:42.918729,Raspberry_Relieve1,25.652322283333334,-100.2916093,39.283,-0.103,-4,-4.05,99.1,14400,0.123,,,,,,3313,0.96,-0.000538,11.612397
2026-07-13T10:28:43.918833,Raspberry_Relieve1,25.652322283333334,-100.2916093,39.282,-0.103,-4,-4.05,99.1,14400,0.123,,,,,,3314,1.02,-0.00115,11.611247
2026-07-13T10:28:44.918940,Raspberry_Relieve1,25.652322283333334,-100.2916093,39.284,-0.104,-4,-4.09,99.1,14400,0.123,,,,,,3315,0.87,-0.000983,11.610264
2026-07-13T10:28:45.919151,Raspberry_Relieve1,25.652322283333334,-100.2916093,39.283,-0.102,-4,-4.01,99.1,14400,0.123,,,,,,3316,1.11,-0.001251,11.609014
2026-07-13T10:28:46.919266,Raspberry_Relieve1,25.652322283333334,-100.2916093,39.283,-0.102,-4,-4.01,99.1,14400,0.123,,,,,,3317,1.0,-0.001115,11.607899
2026-07-13T10:28:47.919377,Raspberry_Relieve1,25.652322283333334,-100.2916093,39.282,-0.101,-4,-3.97,99.1,14400,0.123,,,,,,3318,1.05,-0.001166,11.606733
2026-07-13T10:28:48.919596,Raspberry_Relieve1,25.652322283333334,-100.2916093,39.284,-0.102,-4,-4.01,99.1,14400,0.123,,,,,,3319,0.85,-0.000944,11.605789
2026-07-13T10:28:49.919818,Raspberry_Relieve1,25.652322283333334,-100.2916093,39.283,-0.102,-4,-4.01,99.1,14400,0.123,,,,,,3320,1.01,-0.001124,11.604665
2026-07-13T10:28:50.919954,Raspberry_Relieve1,25.652322283333334,-100.2916093,38.769,2.154,84,83.51,99.1,-1,0.122,,,,,,3321,1.0,0.011061,11.615726
2026-07-13T10:28:51.920064,Raspberry_Relieve1,25.652322283333334,-100.2916093,38.769,2.154,84,83.51,99.1,-1,0.122,,,,,,3322,1.09,0.025258,11.640984
2026-07-13T10:28:52.920164,Raspberry_Relieve1,25.652322283333334,-100.2916093,36.908,19.018,702,701.92,99.1,-1,0.112,,,,,,3323,0.95,0.103851,11.744836
2026-07-13T10:28:53.920294,Raspberry_Relieve1,25.652322283333334,-100.2916093,36.908,19.018,702,701.92,99.1,-1,0.112,,,,,,3324,1.0,0.19448,11.939315
2026-07-13T10:28:54.920532,Raspberry_Relieve1,25.652322283333334,-100.2916093,36.843,19.057,702,702.12,99.2,-1,0.102,,,,,,3325,0.98,0.191837,12.131152
2026-07-13T10:28:55.920753,Raspberry_Relieve1,25.652322283333334,-100.2916093,36.818,19.035,701,700.83,99.3,-1,0.097,,,,,,3326,1.06,0.206874,12.338026
2026-07-13T10:28:56.920870,Raspberry_Relieve1,25.652322283333334,-100.2916093,36.796,19.008,699,699.42,99.3,-1,0.091,,,,,,3327,0.91,0.176241,12.514267
2026-07-13T10:28:57.921086,Raspberry_Relieve1,25.652322283333334,-100.2916093,36.781,18.99,698,698.47,99.4,-1,0.086,,,,,,3328,1.13,0.218943,12.73321
2026-07-13T10:28:58.921304,Raspberry_Relieve1,25.652322283333334,-100.2916093,36.754,18.969,697,697.19,99.4,-1,0.081,,,,,,3329,0.88,0.171482,12.904692
2026-07-13T10:28:59.921410,Raspberry_Relieve1,25.652322283333334,-100.2916093,39.225,3.607,141,141.48,99.4,-1,0.08,,,,,,3330,1.08,0.125354,13.030046
2026-07-13T10:29:00.921479,Raspberry_Relieve1,25.652322283333334,-100.2916093,39.9,-5.1,-203,-203.49,99.4,6682,0.081,,,,,,3331,0.94,-0.008084,13.021962
2026-07-13T10:29:01.921564,Raspberry_Relieve1,25.652322283333334,-100.2916093,39.789,-6.197,-247,-246.57,99.4,3022,0.083,,,,,,3332,0.97,-0.060779,12.961183
2026-07-13T10:29:02.921659,Raspberry_Relieve1,25.652322283333334,-100.2916093,39.113,-1.405,-55,-54.95,99.4,2746,0.083,,,,,,3333,0.99,-0.041412,12.919771
2026-07-13T10:29:03.921744,Raspberry_Relieve1,25.652322283333334,-100.2916093,36.832,15.589,574,574.17,99.4,-1,0.079,,,,,,3334,1.57,0.113475,13.033246
2026-07-13T10:29:04.921825,Raspberry_Relieve1,25.652322283333334,-100.2916093,36.786,18.812,692,692.02,99.5,-1,0.074,,,,,,3335,0.61,0.107647,13.140893
2026-07-13T10:29:05.921941,Raspberry_Relieve1,25.652322283333334,-100.2916093,36.786,18.812,692,692.02,99.5,-1,0.074,,,,,,3337,1.59,0.305859,13.446752
2026-07-13T10:29:06.976621,Raspberry_Relieve1,25.652322283333334,-100.2916093,36.729,18.974,697,696.9,99.5,-1,0.064,,,,,,3337,0.36,0.070079,13.51683
2026-07-13T10:29:07.976757,Raspberry_Relieve1,25.652322283333334,-100.2916093,36.702,18.961,696,695.91,99.6,-1,0.058,,,,,,3338,0.97,0.188352,13.705182
2026-07-13T10:29:08.976867,Raspberry_Relieve1,25.652322283333334,-100.2916093,36.899,17.606,650,649.64,99.6,-1,0.053,,,,,,3339,0.95,0.177258,13.88244
2026-07-13T10:29:09.976989,Raspberry_Relieve1,25.652322283333334,-100.2916093,37.097,15.782,585,585.46,99.7,-1,0.049,,,,,,3340,1.11,0.1911,14.07354
2026-07-13T10:29:10.977096,Raspberry_Relieve1,25.652322283333334,-100.2916093,37.266,14.164,528,527.84,99.7,-1,0.045,,,,,,3341,0.95,0.146516,14.220055
2026-07-13T10:29:11.977220,Raspberry_Relieve1,25.652322283333334,-100.2916093,37.399,12.924,483,483.34,99.7,-1,0.042,,,,,,3342,1.02,0.142756,14.362812
2026-07-13T10:29:12.977334,Raspberry_Relieve1,25.652322283333334,-100.2916093,37.512,11.889,446,445.98,99.7,-1,0.038,,,,,,3343,0.96,0.124389,14.4872
2026-07-13T10:29:13.977435,Raspberry_Relieve1,25.652322283333334,-100.2916093,37.558,11.248,422,422.45,99.8,-1,0.035,,,,,,3344,0.97,0.117014,14.604214
2026-07-13T10:29:14.977619,Raspberry_Relieve1,25.652322283333334,-100.2916093,37.617,10.801,406,406.3,99.8,-1,0.032,,,,,,3345,0.98,0.112905,14.717119
2026-07-13T10:29:15.977806,Raspberry_Relieve1,25.652322283333334,-100.2916093,37.636,10.562,398,397.51,99.8,-1,0.029,,,,,,3346,1.08,0.120581,14.837699
2026-07-13T10:29:16.977925,Raspberry_Relieve1,25.652322283333334,-100.2916093,38.719,1.877,73,72.68,99.8,-1,0.029,,,,,,3347,1.11,0.072193,14.909892
2026-07-13T10:29:17.978132,Raspberry_Relieve1,25.652322283333334,-100.2916093,37.55,10.649,400,399.87,99.8,-1,0.026,,,,,,3348,0.85,0.055898,14.96579
2026-07-13T10:29:18.978252,Raspberry_Relieve1,25.652322283333334,-100.2916093,38.326,7.601,291,291.32,99.8,-1,0.024,,,,,,3349,1.06,0.101652,15.067441
2026-07-13T10:29:19.978375,Raspberry_Relieve1,25.652322283333334,-100.2916093,40.295,-8.937,-360,-360.12,99.8,3727,0.026,,,,,,3350,0.98,-0.009361,15.058081
2026-07-13T10:29:20.978591,Raspberry_Relieve1,25.652322283333334,-100.2916093,38.958,-0.936,-36,-36.46,99.8,3460,0.027,,,,,,3351,1.04,-0.057349,15.000732
2026-07-13T10:29:21.978802,Raspberry_Relieve1,25.652322283333334,-100.2916093,40.18,-7.754,-312,-311.56,99.8,1940,0.029,,,,,,3352,1.0,-0.048425,14.952307
2026-07-13T10:29:22.979002,Raspberry_Relieve1,25.652322283333334,-100.2916093,40.015,-8.784,-351,-351.49,99.8,1297,0.031,,,,,,3353,0.87,-0.080274,14.872032
2026-07-13T10:29:23.979214,Raspberry_Relieve1,25.652322283333334,-100.2916093,39.03,-1.8,-70,-70.25,99.8,1238,0.032,,,,,,3354,1.13,-0.065967,14.806065
2026-07-13T10:29:24.979426,Raspberry_Relieve1,25.652322283333334,-100.2916093,39.123,-0.622,-24,-24.33,99.8,1233,0.032,,,,,,3355,1.01,-0.013236,14.79283
2026-07-13T10:29:25.979626,Raspberry_Relieve1,25.652322283333334,-100.2916093,36.762,15.869,583,583.38,99.8,-1,0.028,,,,,,3356,0.89,0.068945,14.861775
2026-07-13T10:29:26.979847,Raspberry_Relieve1,25.652322283333334,-100.2916093,36.708,18.814,691,690.62,99.9,-1,0.022,,,,,,3357,1.1,0.19479,15.056565
2026-07-13T10:29:27.979980,Raspberry_Relieve1,25.652322283333334,-100.2916093,36.708,18.814,691,690.62,99.9,-1,0.022,,,,,,3358,0.92,0.175594,15.232159
2026-07-13T10:29:28.980096,Raspberry_Relieve1,25.652322283333334,-100.2916093,36.645,18.979,695,695.49,99.9,-1,0.012,,,,,,3359,1.08,0.207929,15.440088
2026-07-13T10:29:29.980229,Raspberry_Relieve1,25.652322283333334,-100.2916093,36.626,18.956,694,694.28,100.0,-1,0.007,,,,,,3360,0.99,0.191745,15.631833
2026-07-13T10:29:30.980357,Raspberry_Relieve1,25.652322283333334,-100.2916093,36.603,18.937,693,693.15,100.0,-1,0.002,,,,,,3361,1.02,0.195795,15.827628
2026-07-13T10:29:31.980486,Raspberry_Relieve1,25.652322283333334,-100.2916093,36.534,18.936,692,691.81,100.0,-1,0.0,,,,,,3362,0.9,0.173335,16.000963
2026-07-13T10:29:32.980621,Raspberry_Relieve1,25.652322283333334,-100.2916093,38.837,6.135,238,238.26,100.0,-1,0.0,,,,,,3363,1.01,0.130534,16.131497
2026-07-13T10:29:33.980796,Raspberry_Relieve1,25.652322283333334,-100.2916093,38.925,-0.283,-11,-11.02,100.0,14400,0.0,,,,,,3364,1.0,0.031443,16.162939
2026-07-13T10:29:34.981007,Raspberry_Relieve1,25.652322283333334,-100.2916093,39.504,-5.085,-201,-200.88,100.0,6447,0.001,,,,,,3365,1.1,-0.032249,16.13069
2026-07-13T10:29:35.981134,Raspberry_Relieve1,25.652322283333334,-100.2916093,38.86,-0.427,-17,-16.59,100.0,6114,0.002,,,,,,3366,1.02,-0.030719,16.099971
2026-07-13T10:29:36.981273,Raspberry_Relieve1,25.652322283333334,-100.2916093,39.315,3.29,129,129.35,100.0,-1,0.001,,,,,,3367,0.88,0.013807,16.113779
2026-07-13T10:29:37.981458,Raspberry_Relieve1,25.652322283333334,-100.2916093,38.976,-0.243,-9,-9.47,100.0,14400,0.001,,,,,,3368,1.1,0.01827,16.132049
2026-07-13T10:29:38.981625,Raspberry_Relieve1,25.652322283333334,-100.2916093,36.606,17.446,639,638.63,100.0,-1,0.0,,,,,,3369,0.88,0.076699,16.208748
2026-07-13T10:29:39.981861,Raspberry_Relieve1,25.652322283333334,-100.2916093,36.571,18.994,695,694.63,100.0,-1,0.0,,,,,,3370,1.01,0.18689,16.395638
2026-07-13T10:29:40.981990,Raspberry_Relieve1,25.652322283333334,-100.2916093,36.549,19.08,697,697.35,100.0,-1,0.0,,,,,,3371,1.08,0.209464,16.605102
2026-07-13T10:29:41.982114,Raspberry_Relieve1,25.652322283333334,-100.2916093,36.527,19.066,696,696.42,100.0,-1,0.0,,,,,,3372,0.93,0.179892,16.784994
2026-07-13T10:29:42.982243,Raspberry_Relieve1,25.652322283333334,-100.2916093,36.508,19.071,696,696.24,100.0,-1,0.0,,,,,,3373,1.06,0.204283,16.989278
2026-07-13T10:29:43.982369,Raspberry_Relieve1,25.652322283333334,-100.2916093,36.492,19.053,695,695.28,100.0,-1,0.0,,,,,,3374,1.04,0.201887,17.191164
2026-07-13T10:29:44.982487,Raspberry_Relieve1,25.652322283333334,-100.2916093,36.476,19.049,695,694.83,100.0,-1,0.0,,,,,,3375,0.91,0.175638,17.366803
2026-07-13T10:29:45.982626,Raspberry_Relieve1,25.652322283333334,-100.2916093,36.459,19.048,694,694.47,100.0,-1,0.0,,,,,,3376,0.97,0.188031,17.554834
2026-07-13T10:29:46.982746,Raspberry_Relieve1,25.652322283333334,-100.2916093,36.449,19.028,694,693.55,100.0,-1,0.0,,,,,,3377,1.09,0.210834,17.765668
2026-07-13T10:29:47.982892,Raspberry_Relieve1,25.652322283333334,-100.2916093,36.439,19.03,693,693.43,100.0,-1,0.0,,,,,,3378,1.01,0.195178,17.960846
2026-07-13T10:29:48.983031,Raspberry_Relieve1,25.652322283333334,-100.2916093,36.428,19.012,693,692.57,100.0,-1,0.0,,,,,,3379,0.99,0.190193,18.151039
2026-07-13T10:29:49.983153,Raspberry_Relieve1,25.652322283333334,-100.2916093,36.415,19.012,692,692.32,100.0,-1,0.0,,,,,,3380,0.94,0.180474,18.331513
2026-07-13T10:29:50.983292,Raspberry_Relieve1,25.652322283333334,-100.2916093,36.406,19.003,692,691.82,100.0,-1,0.0,,,,,,3381,1.09,0.210174,18.541687
2026-07-13T10:29:51.983485,Raspberry_Relieve1,25.652322283333334,-100.2916093,36.393,19.006,692,691.69,100.0,-1,0.0,,,,,,3382,0.91,0.174952,18.716639
2026-07-13T10:29:52.983597,Raspberry_Relieve1,25.652322283333334,-100.2916093,36.378,19.009,692,691.51,100.0,-1,0.0,,,,,,3383,1.03,0.197359,18.913998
2026-07-13T10:29:53.983779,Raspberry_Relieve1,25.652322283333334,-100.2916093,36.371,18.979,690,690.29,100.0,-1,0.0,,,,,,3384,0.97,0.185251,19.09925
2026-07-13T10:29:54.983958,Raspberry_Relieve1,25.652322283333334,-100.2916093,36.417,18.563,676,676.01,100.0,-1,0.0,,,,,,3385,0.99,0.188638,19.287888
2026-07-13T10:29:55.984039,Raspberry_Relieve1,25.652322283333334,-100.2916093,36.506,17.912,654,653.9,100.0,-1,0.0,,,,,,3386,1.07,0.198045,19.485933
2026-07-13T10:29:56.984176,Raspberry_Relieve1,25.652322283333334,-100.2916093,36.501,17.674,645,645.12,100.0,-1,0.0,,,,,,3387,0.97,0.17423,19.660163
2026-07-13T10:29:57.984297,Raspberry_Relieve1,25.652322283333334,-100.2916093,38.581,3.532,136,136.27,100.0,-1,0.0,,,,,,3388,1.04,0.1133,19.773463
2026-07-13T10:29:58.984421,Raspberry_Relieve1,25.652322283333334,-100.2916093,38.639,-0.78,-30,-30.14,100.0,14400,0.0,,,,,,3389,1.0,0.014774,19.788237
2026-07-13T10:29:59.984561,Raspberry_Relieve1,25.652322283333334,-100.2916093,38.681,-2.232,-86,-86.34,100.0,12087,0.001,,,,,,3390,0.91,-0.014749,19.773488
2026-07-13T10:30:00.984645,Raspberry_Relieve1,25.652322283333334,-100.2916093,38.708,-1.949,-75,-75.44,100.0,7381,0.001,,,,,,3391,1.08,-0.024252,19.749237
2026-07-13T10:30:01.984746,Raspberry_Relieve1,25.652322283333334,-100.2916093,38.163,2.291,87,87.43,100.0,-1,0.001,,,,,,3392,0.91,0.001522,19.750758
2026-07-13T10:30:02.984845,Raspberry_Relieve1,25.652322283333334,-100.2916093,36.443,18.035,657,657.25,100.0,-1,0.0,,,,,,3393,1.09,0.112233,19.862992
2026-07-13T10:30:03.984943,Raspberry_Relieve1,25.652322283333334,-100.2916093,36.408,19.009,692,692.08,100.0,-1,0.0,,,,,,3394,1.02,0.19039,20.053382
2026-07-13T10:30:04.985038,Raspberry_Relieve1,25.652322283333334,-100.2916093,38.613,7.765,300,299.83,100.0,-1,0.0,,,,,,3395,0.94,0.129784,20.183166
2026-07-13T10:30:05.985197,Raspberry_Relieve1,25.652322283333334,-100.2916093,38.613,7.765,300,299.83,100.0,-1,0.0,,,,,,3396,1.09,0.090467,20.273633
2026-07-13T10:30:06.985345,Raspberry_Relieve1,25.652322283333334,-100.2916093,38.935,-1.064,-41,-41.43,100.0,14400,0.0,,,,,,3397,1.03,0.037084,20.310716
2026-07-13T10:30:07.985477,Raspberry_Relieve1,25.652322283333334,-100.2916093,38.815,-1.224,-48,-47.51,100.0,14400,0.001,,,,,,3398,0.96,-0.011826,20.29889
2026-07-13T10:30:08.985609,Raspberry_Relieve1,25.652322283333334,-100.2916093,38.733,-0.326,-13,-12.63,100.0,14400,0.001,,,,,,3399,0.89,-0.007427,20.291463
2026-07-13T10:30:09.985723,Raspberry_Relieve1,25.652322283333334,-100.2916093,38.745,0.0,0,0.0,100.0,-1,0.001,,,,,,3400,0.97,-0.001709,20.289754
2026-07-13T10:30:10.985871,Raspberry_Relieve1,25.652322283333334,-100.2916093,38.756,0.0,0,0.0,100.0,-1,0.001,,,,,,3401,1.05,0.0,20.289754
2026-07-13T10:30:11.986007,Raspberry_Relieve1,25.652322283333334,-100.2916093,38.768,0.0,0,0.0,100.0,-1,0.001,,,,,,3402,1.05,0.0,20.289754
2026-07-13T10:30:12.986119,Raspberry_Relieve1,25.652322283333334,-100.2916093,38.779,0.0,0,0.0,100.0,-1,0.001,,,,,,3403,0.95,0.0,20.289754
2026-07-13T10:30:13.986233,Raspberry_Relieve1,25.652322283333334,-100.2916093,38.788,0.0,0,0.0,100.0,-1,0.001,,,,,,3404,0.99,0.0,20.289754
2026-07-13T10:30:14.986392,Raspberry_Relieve1,25.652322283333334,-100.2916093,38.797,0.0,0,0.0,100.0,-1,0.001,,,,,,3405,1.0,0.0,20.289754
2026-07-13T10:30:15.986553,Raspberry_Relieve1,25.652322283333334,-100.2916093,38.805,0.0,0,0.0,100.0,-1,0.001,,,,,,3406,1.06,0.0,20.289754
2026-07-13T10:30:16.986655,Raspberry_Relieve1,25.652322283333334,-100.2916093,38.814,0.0,0,0.0,100.0,-1,0.001,,,,,,3407,0.92,0.0,20.289754
2026-07-13T10:30:17.986809,Raspberry_Relieve1,25.652322283333334,-100.2916093,38.823,0.0,0,0.0,100.0,-1,0.001,,,,,,3408,1.08,0.0,20.289754
2026-07-13T10:30:18.986913,Raspberry_Relieve1,25.652322283333334,-100.2916093,38.829,0.0,0,0.0,100.0,-1,0.001,,,,,,3409,1.01,0.0,20.289754
2026-07-13T10:30:19.987074,Raspberry_Relieve1,25.652322283333334,-100.2916093,38.837,0.0,0,0.0,100.0,-1,0.001,,,,,,3410,0.97,0.0,20.289754
2026-07-13T10:30:20.987190,Raspberry_Relieve1,25.652322283333334,-100.2916093,38.843,0.0,0,0.0,100.0,-1,0.001,,,,,,3411,0.96,0.0,20.289754
2026-07-13T10:30:21.987300,Raspberry_Relieve1,25.652322283333334,-100.2916093,38.851,0.0,0,0.0,100.0,-1,0.001,,,,,,3412,1.06,0.0,20.289754
2026-07-13T10:30:22.987417,Raspberry_Relieve1,25.652322283333334,-100.2916093,38.857,0.0,0,0.0,100.0,-1,0.001,,,,,,3413,0.93,0.0,20.289754
2026-07-13T10:30:23.987583,Raspberry_Relieve1,25.652322283333334,-100.2916093,38.862,0.0,0,0.0,100.0,-1,0.001,,,,,,3414,1.02,0.0,20.289754
2026-07-13T10:30:24.987715,Raspberry_Relieve1,25.652322283333334,-100.2916093,38.867,0.0,0,0.0,100.0,-1,0.001,,,,,,3415,0.99,0.0,20.289754
2026-07-13T10:30:25.987816,Raspberry_Relieve1,25.652322283333334,-100.2916093,38.872,0.0,0,0.0,100.0,-1,0.001,,,,,,3416,1.08,0.0,20.289754
2026-07-13T10:30:26.988057,Raspberry_Relieve1,25.652322283333334,-100.2916093,38.88,0.0,0,0.0,100.0,-1,0.001,,,,,,3417,0.91,0.0,20.289754
2026-07-13T10:30:27.988221,Raspberry_Relieve1,25.652322283333334,-100.2916093,38.883,0.0,0,0.0,100.0,-1,0.001,,,,,,3418,1.0,0.0,20.289754
2026-07-13T10:30:28.988314,Raspberry_Relieve1,25.652322283333334,-100.2916093,38.887,0.0,0,0.0,100.0,-1,0.001,,,,,,3419,1.01,0.0,20.289754
2026-07-13T10:30:29.988434,Raspberry_Relieve1,25.652322283333334,-100.2916093,38.894,0.0,0,0.0,100.0,-1,0.001,,,,,,3420,1.01,0.0,20.289754
2026-07-13T10:30:30.988613,Raspberry_Relieve1,25.652322283333334,-100.2916093,38.899,0.0,0,0.0,100.0,-1,0.001,,,,,,3421,0.99,0.0,20.289754
2026-07-13T10:30:31.988752,Raspberry_Relieve1,25.652322283333334,-100.2916093,38.903,0.0,0,0.0,100.0,-1,0.001,,,,,,3422,1.07,0.0,20.289754
2026-07-13T10:30:32.988854,Raspberry_Relieve1,25.652322283333334,-100.2916093,38.906,0.0,0,0.0,100.0,-1,0.001,,,,,,3423,0.93,0.0,20.289754
2026-07-13T10:30:33.988965,Raspberry_Relieve1,25.652322283333334,-100.2916093,38.912,0.0,0,0.0,100.0,-1,0.001,,,,,,3424,1.03,0.0,20.289754
2026-07-13T10:30:34.989072,Raspberry_Relieve1,25.652322283333334,-100.2916093,38.915,0.0,0,0.0,100.0,-1,0.001,,,,,,3425,0.97,0.0,20.289754
2026-07-13T10:30:35.989223,Raspberry_Relieve1,25.652322283333334,-100.2916093,38.919,0.0,0,0.0,100.0,-1,0.001,,,,,,3426,1.09,0.0,20.289754
2026-07-13T10:30:36.989343,Raspberry_Relieve1,25.652322283333334,-100.2916093,38.924,0.0,0,0.0,100.0,-1,0.001,,,,,,3427,0.98,0.0,20.289754
2026-07-13T10:30:37.989481,Raspberry_Relieve1,25.652322283333334,-100.2916093,38.927,0.0,0,0.0,100.0,-1,0.001,,,,,,3428,1.02,0.0,20.289754
2026-07-13T10:30:38.989573,Raspberry_Relieve1,25.652322283333334,-100.2916093,38.928,0.0,0,0.0,100.0,-1,0.001,,,,,,3429,1.06,0.0,20.289754
2026-07-13T10:30:39.989689,Raspberry_Relieve1,25.652322283333334,-100.2916093,38.934,0.0,0,0.0,100.0,-1,0.001,,,,,,3430,0.89,0.0,20.289754
2026-07-13T10:30:40.989819,Raspberry_Relieve1,25.652322283333334,-100.2916093,38.936,0.0,0,0.0,100.0,-1,0.001,,,,,,3431,0.95,0.0,20.289754
2026-07-13T10:30:41.989940,Raspberry_Relieve1,25.652322283333334,-100.2916093,38.94,0.0,0,0.0,100.0,-1,0.001,,,,,,3432,1.02,0.0,20.289754
2026-07-13T10:30:42.990064,Raspberry_Relieve1,25.652322283333334,-100.2916093,38.942,0.0,0,0.0,100.0,-1,0.001,,,,,,3433,1.1,0.0,20.289754
2026-07-13T10:30:43.990206,Raspberry_Relieve1,25.652322283333334,-100.2916093,38.945,0.0,0,0.0,100.0,-1,0.001,,,,,,3434,0.92,0.0,20.289754
2026-07-13T10:30:44.990341,Raspberry_Relieve1,25.652322283333334,-100.2916093,38.949,0.0,0,0.0,100.0,-1,0.001,,,,,,3435,1.04,0.0,20.289754
2026-07-13T10:30:45.990523,Raspberry_Relieve1,25.652322283333334,-100.2916093,38.951,0.0,0,0.0,100.0,-1,0.001,,,,,,3436,0.99,0.0,20.289754
2026-07-13T10:30:46.990605,Raspberry_Relieve1,25.652322283333334,-100.2916093,38.954,0.0,0,0.0,100.0,-1,0.001,,,,,,3437,0.96,0.0,20.289754
2026-07-13T10:30:47.990757,Raspberry_Relieve1,25.652322283333334,-100.2916093,38.958,0.0,0,0.0,100.0,-1,0.001,,,,,,3438,1.0,0.0,20.289754
2026-07-13T10:30:48.990881,Raspberry_Relieve1,25.652322283333334,-100.2916093,38.96,0.0,0,0.0,100.0,-1,0.001,,,,,,3439,1.04,0.0,20.289754
2026-07-13T10:30:49.990989,Raspberry_Relieve1,25.652322283333334,-100.2916093,38.962,0.0,0,0.0,100.0,-1,0.001,,,,,,3440,1.03,0.0,20.289754
2026-07-13T10:30:50.991150,Raspberry_Relieve1,25.652322283333334,-100.2916093,38.962,0.0,0,0.0,100.0,-1,0.001,,,,,,3441,0.98,0.0,20.289754
2026-07-13T10:30:51.991282,Raspberry_Relieve1,25.652322283333334,-100.2916093,38.965,0.0,0,0.0,100.0,-1,0.001,,,,,,3442,1.07,0.0,20.289754
2026-07-13T10:30:52.991389,Raspberry_Relieve1,25.652322283333334,-100.2916093,38.967,0.0,0,0.0,100.0,-1,0.001,,,,,,3443,0.99,0.0,20.289754
2026-07-13T10:30:53.991542,Raspberry_Relieve1,25.652322283333334,-100.2916093,38.972,0.0,0,0.0,100.0,-1,0.001,,,,,,3444,0.86,0.0,20.289754
2026-07-13T10:30:54.991646,Raspberry_Relieve1,25.652322283333334,-100.2916093,38.971,0.0,0,0.0,100.0,-1,0.001,,,,,,3445,1.11,0.0,20.289754
2026-07-13T10:30:55.991790,Raspberry_Relieve1,25.652322283333334,-100.2916093,38.973,0.0,0,0.0,100.0,-1,0.001,,,,,,3446,1.28,0.0,20.289754
2026-07-13T10:30:56.991968,Raspberry_Relieve1,25.652322283333334,-100.2916093,38.976,0.0,0,0.0,100.0,-1,0.001,,,,,,3447,0.71,0.0,20.289754
2026-07-13T10:30:57.992085,Raspberry_Relieve1,25.652322283333334,-100.2916093,38.979,0.0,0,0.0,100.0,-1,0.001,,,,,,3448,1.08,0.0,20.289754
2026-07-13T10:30:58.992194,Raspberry_Relieve1,25.652322283333334,-100.2916093,38.982,0.0,0,0.0,100.0,-1,0.001,,,,,,3449,0.84,0.0,20.289754
2026-07-13T10:30:59.992344,Raspberry_Relieve1,25.652322283333334,-100.2916093,38.983,0.0,0,0.0,100.0,-1,0.001,,,,,,3450,1.12,0.0,20.289754
2026-07-13T10:31:00.992411,Raspberry_Relieve1,25.652322283333334,-100.2916093,38.984,0.0,0,0.0,100.0,-1,0.001,,,,,,3451,1.0,0.0,20.289754
2026-07-13T10:31:01.992494,Raspberry_Relieve1,25.652322283333334,-100.2916093,38.985,0.0,0,0.0,100.0,-1,0.001,,,,,,3452,0.92,0.0,20.289754
2026-07-13T10:31:02.992586,Raspberry_Relieve1,25.652322283333334,-100.2916093,38.986,0.0,0,0.0,100.0,-1,0.001,,,,,,3453,1.07,0.0,20.289754
2026-07-13T10:31:03.992679,Raspberry_Relieve1,25.652322283333334,-100.2916093,38.987,0.0,0,0.0,100.0,-1,0.001,,,,,,3454,0.91,0.0,20.289754
2026-07-13T10:31:04.992752,Raspberry_Relieve1,25.652322283333334,-100.2916093,38.99,0.0,0,0.0,100.0,-1,0.001,,,,,,3455,1.01,0.0,20.289754
2026-07-13T10:31:05.992905,Raspberry_Relieve1,25.652322283333334,-100.2916093,38.99,0.0,0,0.0,100.0,-1,0.001,,,,,,3456,1.08,0.0,20.289754
2026-07-13T10:31:06.993032,Raspberry_Relieve1,25.652322283333334,-100.2916093,38.994,0.0,0,0.0,100.0,-1,0.001,,,,,,3457,0.91,0.0,20.289754
2026-07-13T10:31:07.993149,Raspberry_Relieve1,25.652322283333334,-100.2916093,38.995,0.0,0,0.0,100.0,-1,0.001,,,,,,3458,1.08,0.0,20.289754
2026-07-13T10:31:08.993251,Raspberry_Relieve1,25.652322283333334,-100.2916093,38.996,0.0,0,0.0,100.0,-1,0.001,,,,,,3459,0.93,0.0,20.289754
2026-07-13T10:31:09.993378,Raspberry_Relieve1,25.652322283333334,-100.2916093,38.237,7.213,276,275.8,100.0,-1,0.0,,,,,,3460,1.02,0.038902,20.328657
2026-07-13T10:31:10.993497,Raspberry_Relieve1,25.652322283333334,-100.2916093,38.982,0.42,16,16.37,100.0,-1,0.0,,,,,,3461,1.03,0.041987,20.370644
2026-07-13T10:31:11.993686,Raspberry_Relieve1,25.652322283333334,-100.2916093,38.988,0.0,0,16.37,100.0,-1,0.0,,,,,,3462,1.01,0.004607,20.375251
2026-07-13T10:31:12.993788,Raspberry_Relieve1,25.652322283333334,-100.2916093,38.99,0.0,0,16.37,100.0,-1,0.0,,,,,,3463,0.93,0.004244,20.379495
2026-07-13T10:31:13.993945,Raspberry_Relieve1,25.652322283333334,-100.2916093,38.993,0.0,0,16.37,100.0,-1,0.0,,,,,,3464,1.11,0.005039,20.384534
2026-07-13T10:31:14.994046,Raspberry_Relieve1,25.652322283333334,-100.2916093,38.996,0.0,0,16.37,100.0,-1,0.0,,,,,,3465,0.95,0.004305,20.388839
2026-07-13T10:31:15.994177,Raspberry_Relieve1,25.652322283333334,-100.2916093,38.998,0.0,0,16.37,100.0,-1,0.0,,,,,,3466,1.06,0.004816,20.393655
2026-07-13T10:31:16.994269,Raspberry_Relieve1,25.652322283333334,-100.2916093,38.998,0.0,0,16.37,100.0,-1,0.0,,,,,,3467,0.9,0.004074,20.397729
2026-07-13T10:31:17.994408,Raspberry_Relieve1,25.652322283333334,-100.2916093,39.0,0.0,0,16.37,100.0,-1,0.0,,,,,,3468,1.07,0.00487,20.402599
2026-07-13T10:31:18.994518,Raspberry_Relieve1,25.652322283333334,-100.2916093,36.742,16.86,619,619.47,100.0,-1,0.0,,,,,,3469,1.01,0.088989,20.491588
2026-07-13T10:31:19.994641,Raspberry_Relieve1,25.652322283333334,-100.2916093,36.688,19.01,697,697.44,100.0,-1,0.0,,,,,,3470,0.93,0.169405,20.660993
2026-07-13T10:31:20.994758,Raspberry_Relieve1,25.652322283333334,-100.2916093,36.647,19.148,702,701.72,100.0,-1,0.0,,,,,,3471,1.01,0.195754,20.856747
2026-07-13T10:31:21.994861,Raspberry_Relieve1,25.652322283333334,-100.2916093,36.612,19.149,701,701.08,100.0,-1,0.0,,,,,,3472,1.05,0.205014,21.061761
2026-07-13T10:31:22.994983,Raspberry_Relieve1,25.652322283333334,-100.2916093,36.585,19.142,700,700.31,100.0,-1,0.0,,,,,,3473,1.0,0.195233,21.256993
2026-07-13T10:31:23.995091,Raspberry_Relieve1,25.652322283333334,-100.2916093,37.479,15.054,564,564.21,100.0,-1,0.0,,,,,,3474,0.95,0.166284,21.423277
2026-07-13T10:31:24.995203,Raspberry_Relieve1,25.652322283333334,-100.2916093,38.815,0.909,35,35.28,100.0,-1,0.0,,,,,,3475,1.11,0.092276,21.515554
2026-07-13T10:31:25.995276,Raspberry_Relieve1,25.652322283333334,-100.2916093,36.606,14.63,536,535.55,100.0,-1,0.0,,,,,,3476,0.89,0.070904,21.586458
2026-07-13T10:31:26.995361,Raspberry_Relieve1,25.652322283333334,-100.2916093,36.558,18.789,687,686.89,100.0,-1,0.0,,,,,,3477,0.96,0.16305,21.749509
2026-07-13T10:31:27.995447,Raspberry_Relieve1,25.652322283333334,-100.2916093,36.532,19.028,695,695.13,100.0,-1,0.0,,,,,,3478,1.09,0.208626,21.958134
2026-07-13T10:31:28.995569,Raspberry_Relieve1,25.652322283333334,-100.2916093,36.506,19.012,694,694.05,100.0,-1,0.0,,,,,,3479,1.0,0.192519,22.150654
2026-07-13T10:31:29.995663,Raspberry_Relieve1,25.652322283333334,-100.2916093,36.591,18.498,677,676.86,100.0,-1,0.0,,,,,,3480,1.02,0.194412,22.345065
2026-07-13T10:31:30.995789,Raspberry_Relieve1,25.652322283333334,-100.2916093,38.715,1.986,77,76.89,100.0,-1,0.0,,,,,,3481,0.96,0.100387,22.445452
2026-07-13T10:31:31.995952,Raspberry_Relieve1,25.652322283333334,-100.2916093,39.612,-3.961,-157,-156.9,100.0,8779,0.001,,,,,,3482,1.02,-0.01137,22.434083
2026-07-13T10:31:32.996014,Raspberry_Relieve1,25.652322283333334,-100.2916093,38.783,-0.707,-27,-27.42,100.0,7651,0.001,,,,,,3483,1.05,-0.026876,22.407207
2026-07-13T10:31:33.996146,Raspberry_Relieve1,25.652322283333334,-100.2916093,38.794,0.0,0,0.0,100.0,-1,0.001,,,,,,3484,0.91,-0.003458,22.403749
2026-07-13T10:31:34.996257,Raspberry_Relieve1,25.652322283333334,-100.2916093,38.805,0.0,0,0.0,100.0,-1,0.001,,,,,,3485,0.97,0.0,22.403749
2026-07-13T10:31:35.996371,Raspberry_Relieve1,25.652322283333334,-100.2916093,38.815,0.0,0,0.0,100.0,-1,0.001,,,,,,3486,1.12,0.0,22.403749
2026-07-13T10:31:36.996498,Raspberry_Relieve1,25.652322283333334,-100.2916093,38.824,0.0,0,0.0,100.0,-1,0.001,,,,,,3487,0.97,0.0,22.403749
2026-07-13T10:31:37.996612,Raspberry_Relieve1,25.652322283333334,-100.2916093,39.304,-2.104,-83,-82.7,100.0,14400,0.002,,,,,,3488,1.01,-0.011647,22.392102
2026-07-13T10:31:38.996740,Raspberry_Relieve1,25.652322283333334,-100.2916093,39.45,-3.361,-133,-132.59,100.0,6512,0.003,,,,,,3489,0.9,-0.026907,22.365195
2026-07-13T10:31:39.996854,Raspberry_Relieve1,25.652322283333334,-100.2916093,39.325,-4.295,-169,-168.9,100.0,3635,0.004,,,,,,3490,1.01,-0.042087,22.323108
2026-07-13T10:31:40.996982,Raspberry_Relieve1,25.652322283333334,-100.2916093,38.875,-0.562,-22,-21.85,100.0,3505,0.004,,,,,,3491,1.0,-0.026487,22.296621
2026-07-13T10:31:41.997120,Raspberry_Relieve1,25.652322283333334,-100.2916093,38.877,0.0,0,0.0,100.0,-1,0.004,,,,,,3492,1.06,-0.00322,22.293401
2026-07-13T10:31:42.997237,Raspberry_Relieve1,25.652322283333334,-100.2916093,37.965,4.022,153,152.7,100.0,-1,0.003,,,,,,3493,1.04,0.022139,22.315539
2026-07-13T10:31:43.997350,Raspberry_Relieve1,25.652322283333334,-100.2916093,36.601,18.199,666,666.1,100.0,-1,0.0,,,,,,3494,0.95,0.10839,22.423929
2026-07-13T10:31:44.997464,Raspberry_Relieve1,25.652322283333334,-100.2916093,36.563,19.058,697,696.82,100.0,-1,0.0,,,,,,3495,0.94,0.178137,22.602066
2026-07-13T10:31:45.997581,Raspberry_Relieve1,25.652322283333334,-100.2916093,36.531,19.083,697,697.12,100.0,-1,0.0,,,,,,3496,1.04,0.201571,22.803636
2026-07-13T10:31:46.997704,Raspberry_Relieve1,25.652322283333334,-100.2916093,38.763,0.717,28,27.79,100.0,-1,0.0,,,,,,3497,1.03,0.103975,22.907611
2026-07-13T10:31:47.997816,Raspberry_Relieve1,25.652322283333334,-100.2916093,38.798,-1.411,-55,-54.74,100.0,14400,0.0,,,,,,3498,0.93,-0.00347,22.904141
2026-07-13T10:31:48.997941,Raspberry_Relieve1,25.652322283333334,-100.2916093,38.819,-0.18,-7,-6.99,100.0,14400,0.0,,,,,,3499,1.08,-0.00929,22.894851
2026-07-13T10:31:49.998048,Raspberry_Relieve1,25.652322283333334,-100.2916093,36.552,17.794,650,650.41,100.0,-1,0.0,,,,,,3500,0.93,0.083383,22.978234
2026-07-13T10:31:50.998158,Raspberry_Relieve1,25.652322283333334,-100.2916093,36.513,19.012,694,694.19,100.0,-1,0.0,,,,,,3501,0.97,0.180445,23.158679
2026-07-13T10:31:51.998268,Raspberry_Relieve1,25.652322283333334,-100.2916093,36.483,19.074,696,695.88,100.0,-1,0.0,,,,,,3502,1.03,0.199339,23.358018
2026-07-13T10:31:52.998383,Raspberry_Relieve1,25.652322283333334,-100.2916093,36.462,19.05,695,694.6,100.0,-1,0.0,,,,,,3503,1.08,0.208671,23.566689
2026-07-13T10:31:53.998504,Raspberry_Relieve1,25.652322283333334,-100.2916093,36.443,19.025,693,693.33,100.0,-1,0.0,,,,,,3504,0.9,0.174183,23.740872
2026-07-13T10:31:54.998631,Raspberry_Relieve1,25.652322283333334,-100.2916093,36.503,18.449,673,673.44,100.0,-1,0.0,,,,,,3505,1.03,0.195369,23.936241
2026-07-13T10:31:55.998740,Raspberry_Relieve1,25.652322283333334,-100.2916093,36.732,16.828,618,618.13,100.0,-1,0.0,,,,,,3506,1.06,0.189804,24.126045
2026-07-13T10:31:56.998861,Raspberry_Relieve1,25.652322283333334,-100.2916093,36.863,15.391,567,567.36,100.0,-1,0.0,,,,,,3507,1.02,0.167931,24.293975
2026-07-13T10:31:57.998974,Raspberry_Relieve1,25.652322283333334,-100.2916093,36.965,14.357,531,530.71,100.0,-1,0.0,,,,,,3508,1.0,0.152587,24.446563
2026-07-13T10:31:58.999088,Raspberry_Relieve1,25.652322283333334,-100.2916093,37.018,13.721,508,507.92,100.0,-1,0.0,,,,,,3509,0.9,0.130258,24.57682
2026-07-13T10:31:59.999197,Raspberry_Relieve1,25.652322283333334,-100.2916093,38.594,3.177,123,122.61,100.0,-1,0.0,,,,,,3510,1.04,0.091067,24.667888
2026-07-13T10:32:00.999273,Raspberry_Relieve1,25.652322283333334,-100.2916093,39.734,-8.338,-331,-331.3,100.0,4018,0.002,,,,,,3511,1.16,-0.033714,24.634174
2026-07-13T10:32:01.999359,Raspberry_Relieve1,25.652322283333334,-100.2916093,38.697,-2.861,-111,-110.71,100.0,3069,0.003,,,,,,3512,0.84,-0.051265,24.582908
2026-07-13T10:32:02.999444,Raspberry_Relieve1,25.652322283333334,-100.2916093,38.718,-0.304,-12,-11.77,100.0,3047,0.003,,,,,,3513,1.08,-0.018441,24.564467
2026-07-13T10:32:03.999527,Raspberry_Relieve1,25.652322283333334,-100.2916093,38.708,0.251,10,9.72,100.0,-1,0.003,,,,,,3514,0.86,-0.000247,24.564221
2026-07-13T10:32:04.999615,Raspberry_Relieve1,25.652322283333334,-100.2916093,38.717,0.0,0,9.72,100.0,-1,0.003,,,,,,3515,1.12,0.003012,24.567232
2026-07-13T10:32:05.999739,Raspberry_Relieve1,25.652322283333334,-100.2916093,39.31,-3.62,-142,-142.3,100.0,9646,0.004,,,,,,3516,0.89,-0.016441,24.550792
2026-07-13T10:32:06.999860,Raspberry_Relieve1,25.652322283333334,-100.2916093,39.12,-3.587,-140,-140.32,100.0,4886,0.005,,,,,,3517,1.01,-0.039711,24.51108
2026-07-13T10:32:07.999973,Raspberry_Relieve1,25.652322283333334,-100.2916093,38.779,-1.187,-46,-46.03,100.0,4283,0.005,,,,,,3518,1.1,-0.02851,24.482571
2026-07-13T10:32:09.000177,Raspberry_Relieve1,25.652322283333334,-100.2916093,38.769,-0.12,-5,-4.65,100.0,4300,0.005,,,,,,3519,0.95,-0.006675,24.475896
2026-07-13T10:32:10.000381,Raspberry_Relieve1,25.652322283333334,-100.2916093,38.772,0.0,0,0.0,100.0,-1,0.005,,,,,,3520,1.05,-0.000678,24.475218
2026-07-13T10:32:11.000485,Raspberry_Relieve1,25.652322283333334,-100.2916093,38.779,0.0,0,0.0,100.0,-1,0.005,,,,,,3521,1.04,0.0,24.475218
2026-07-13T10:32:12.000702,Raspberry_Relieve1,25.652322283333334,-100.2916093,38.784,0.0,0,0.0,100.0,-1,0.005,,,,,,3522,0.82,0.0,24.475218
2026-07-13T10:32:13.000829,Raspberry_Relieve1,25.652322283333334,-100.2916093,38.787,0.0,0,0.0,100.0,-1,0.005,,,,,,3523,1.13,0.0,24.475218
2026-07-13T10:32:14.000930,Raspberry_Relieve1,25.652322283333334,-100.2916093,38.793,0.0,0,0.0,100.0,-1,0.005,,,,,,3524,0.88,0.0,24.475218
2026-07-13T10:32:15.001036,Raspberry_Relieve1,25.652322283333334,-100.2916093,38.798,0.0,0,0.0,100.0,-1,0.005,,,,,,3525,1.18,0.0,24.475218
2026-07-13T10:32:16.001153,Raspberry_Relieve1,25.652322283333334,-100.2916093,38.805,0.0,0,0.0,100.0,-1,0.005,,,,,,3526,0.83,0.0,24.475218
2026-07-13T10:32:17.001341,Raspberry_Relieve1,25.652322283333334,-100.2916093,38.809,0.0,0,0.0,100.0,-1,0.005,,,,,,3527,1.11,0.0,24.475218
2026-07-13T10:32:18.001531,Raspberry_Relieve1,25.652322283333334,-100.2916093,38.814,0.0,0,0.0,100.0,-1,0.005,,,,,,3528,0.96,0.0,24.475218
2026-07-13T10:32:19.001643,Raspberry_Relieve1,25.652322283333334,-100.2916093,38.817,0.0,0,0.0,100.0,-1,0.005,,,,,,3529,1.01,0.0,24.475218
2026-07-13T10:32:20.001751,Raspberry_Relieve1,25.652322283333334,-100.2916093,38.82,0.0,0,0.0,100.0,-1,0.005,,,,,,3530,0.95,0.0,24.475218
2026-07-13T10:32:21.001860,Raspberry_Relieve1,25.652322283333334,-100.2916093,38.825,0.0,0,0.0,100.0,-1,0.005,,,,,,3531,1.07,0.0,24.475218
2026-07-13T10:32:22.001973,Raspberry_Relieve1,25.652322283333334,-100.2916093,38.83,0.0,0,0.0,100.0,-1,0.005,,,,,,3532,0.98,0.0,24.475218
2026-07-13T10:32:23.002122,Raspberry_Relieve1,25.652322283333334,-100.2916093,38.832,0.0,0,0.0,100.0,-1,0.005,,,,,,3533,1.02,0.0,24.475218
2026-07-13T10:32:24.002230,Raspberry_Relieve1,25.652322283333334,-100.2916093,38.835,0.0,0,0.0,100.0,-1,0.005,,,,,,3534,0.97,0.0,24.475218
2026-07-13T10:32:25.002381,Raspberry_Relieve1,25.652322283333334,-100.2916093,38.839,0.0,0,0.0,100.0,-1,0.005,,,,,,3535,1.01,0.0,24.475218
2026-07-13T10:32:26.002603,Raspberry_Relieve1,25.652322283333334,-100.2916093,38.843,0.0,0,0.0,100.0,-1,0.005,,,,,,3536,1.03,0.0,24.475218
2026-07-13T10:32:27.002742,Raspberry_Relieve1,25.652322283333334,-100.2916093,38.846,0.0,0,0.0,100.0,-1,0.005,,,,,,3537,1.0,0.0,24.475218
2026-07-13T10:32:28.002837,Raspberry_Relieve1,25.652322283333334,-100.2916093,38.848,0.0,0,0.0,100.0,-1,0.005,,,,,,3538,0.92,0.0,24.475218
2026-07-13T10:32:29.002966,Raspberry_Relieve1,25.652322283333334,-100.2916093,38.852,0.0,0,0.0,100.0,-1,0.005,,,,,,3539,1.07,0.0,24.475218
2026-07-13T10:32:30.003065,Raspberry_Relieve1,25.652322283333334,-100.2916093,38.853,0.0,0,0.0,100.0,-1,0.005,,,,,,3540,0.89,0.0,24.475218
2026-07-13T10:32:31.003171,Raspberry_Relieve1,25.652322283333334,-100.2916093,38.857,0.0,0,0.0,100.0,-1,0.005,,,,,,3541,1.08,0.0,24.475218
2026-07-13T10:32:32.003279,Raspberry_Relieve1,25.652322283333334,-100.2916093,38.861,0.0,0,0.0,100.0,-1,0.005,,,,,,3542,0.98,0.0,24.475218
2026-07-13T10:32:33.003378,Raspberry_Relieve1,25.652322283333334,-100.2916093,38.862,0.0,0,0.0,100.0,-1,0.005,,,,,,3543,0.97,0.0,24.475218
2026-07-13T10:32:34.003497,Raspberry_Relieve1,25.652322283333334,-100.2916093,38.866,0.0,0,0.0,100.0,-1,0.005,,,,,,3544,0.97,0.0,24.475218
2026-07-13T10:32:35.003608,Raspberry_Relieve1,25.652322283333334,-100.2916093,38.868,0.0,0,0.0,100.0,-1,0.005,,,,,,3545,1.11,0.0,24.475218
2026-07-13T10:32:36.003788,Raspberry_Relieve1,25.652322283333334,-100.2916093,38.87,0.0,0,0.0,100.0,-1,0.005,,,,,,3546,0.93,0.0,24.475218
2026-07-13T10:32:37.003981,Raspberry_Relieve1,25.652322283333334,-100.2916093,38.872,0.0,0,0.0,100.0,-1,0.005,,,,,,3547,1.04,0.0,24.475218
2026-07-13T10:32:38.004097,Raspberry_Relieve1,25.652322283333334,-100.2916093,38.873,0.0,0,0.0,100.0,-1,0.005,,,,,,3548,0.93,0.0,24.475218
2026-07-13T10:32:39.004224,Raspberry_Relieve1,25.652322283333334,-100.2916093,38.876,0.0,0,0.0,100.0,-1,0.005,,,,,,3549,1.06,0.0,24.475218
2026-07-13T10:32:40.004383,Raspberry_Relieve1,25.652322283333334,-100.2916093,38.88,0.0,0,0.0,100.0,-1,0.005,,,,,,3550,1.06,0.0,24.475218
2026-07-13T10:32:41.004484,Raspberry_Relieve1,25.652322283333334,-100.2916093,38.881,0.0,0,0.0,100.0,-1,0.005,,,,,,3551,0.97,0.0,24.475218
2026-07-13T10:32:42.004598,Raspberry_Relieve1,25.652322283333334,-100.2916093,38.881,0.0,0,0.0,100.0,-1,0.005,,,,,,3552,0.98,0.0,24.475218
2026-07-13T10:32:43.004700,Raspberry_Relieve1,25.652322283333334,-100.2916093,38.884,0.0,0,0.0,100.0,-1,0.005,,,,,,3553,0.93,0.0,24.475218
2026-07-13T10:32:44.004858,Raspberry_Relieve1,25.652322283333334,-100.2916093,38.885,0.0,0,0.0,100.0,-1,0.005,,,,,,3554,1.02,0.0,24.475218
2026-07-13T10:32:45.004962,Raspberry_Relieve1,25.652322283333334,-100.2916093,38.888,0.0,0,0.0,100.0,-1,0.005,,,,,,3555,1.1,0.0,24.475218
2026-07-13T10:32:46.005143,Raspberry_Relieve1,25.652322283333334,-100.2916093,38.888,0.0,0,0.0,100.0,-1,0.005,,,,,,3556,0.97,0.0,24.475218
2026-07-13T10:32:47.005248,Raspberry_Relieve1,25.652322283333334,-100.2916093,38.89,0.0,0,0.0,100.0,-1,0.005,,,,,,3557,1.04,0.0,24.475218
2026-07-13T10:32:48.005377,Raspberry_Relieve1,25.652322283333334,-100.2916093,38.891,0.0,0,0.0,100.0,-1,0.005,,,,,,3558,0.95,0.0,24.475218
2026-07-13T10:32:49.005481,Raspberry_Relieve1,25.652322283333334,-100.2916093,38.893,0.0,0,0.0,100.0,-1,0.005,,,,,,3559,1.01,0.0,24.475218
2026-07-13T10:32:50.005588,Raspberry_Relieve1,25.652322283333334,-100.2916093,38.895,0.0,0,0.0,100.0,-1,0.005,,,,,,3560,1.02,0.0,24.475218
2026-07-13T10:32:51.005704,Raspberry_Relieve1,25.652322283333334,-100.2916093,38.898,0.0,0,0.0,100.0,-1,0.005,,,,,,3561,0.97,0.0,24.475218
2026-07-13T10:32:52.005816,Raspberry_Relieve1,25.652322283333334,-100.2916093,37.367,8.463,316,316.24,100.0,-1,0.003,,,,,,3562,0.97,0.042468,24.517686
2026-07-13T10:32:53.005921,Raspberry_Relieve1,25.652322283333334,-100.2916093,37.905,5.869,222,222.46,100.0,-1,0.002,,,,,,3563,1.02,0.076027,24.593713
2026-07-13T10:32:54.006028,Raspberry_Relieve1,25.652322283333334,-100.2916093,38.86,1.212,47,47.1,100.0,-1,0.001,,,,,,3564,0.96,0.035989,24.629702
2026-07-13T10:32:55.006122,Raspberry_Relieve1,25.652322283333334,-100.2916093,37.729,11.684,441,440.83,100.0,-1,0.0,,,,,,3565,1.0,0.068019,24.697721
2026-07-13T10:32:56.006228,Raspberry_Relieve1,25.652322283333334,-100.2916093,38.832,1.559,61,60.54,100.0,-1,0.0,,,,,,3566,1.08,0.075492,24.773213
2026-07-13T10:32:57.006396,Raspberry_Relieve1,25.652322283333334,-100.2916093,38.642,1.641,63,63.41,100.0,-1,0.0,,,,,,3567,0.93,0.016051,24.789263
2026-07-13T10:32:58.006549,Raspberry_Relieve1,25.652322283333334,-100.2916093,38.831,0.474,18,18.41,100.0,-1,0.0,,,,,,3568,1.08,0.012294,24.801557
2026-07-13T10:32:59.006722,Raspberry_Relieve1,25.652322283333334,-100.2916093,38.612,1.602,62,61.86,100.0,-1,0.0,,,,,,3569,0.89,0.009967,24.811524
2026-07-13T10:33:00.006909,Raspberry_Relieve1,25.652322283333334,-100.2916093,38.857,0.0,0,61.86,100.0,-1,0.0,,,,,,3570,1.1,0.018922,24.830446
2026-07-13T10:33:01.007004,Raspberry_Relieve1,25.652322283333334,-100.2916093,38.863,0.0,0,61.86,100.0,-1,0.0,,,,,,3571,0.99,0.017044,24.847489
2026-07-13T10:33:02.007078,Raspberry_Relieve1,25.652322283333334,-100.2916093,38.866,0.0,0,61.86,100.0,-1,0.0,,,,,,3572,1.0,0.017162,24.864652
2026-07-13T10:33:03.007164,Raspberry_Relieve1,25.652322283333334,-100.2916093,38.87,0.0,0,61.86,100.0,-1,0.0,,,,,,3573,0.95,0.016315,24.880966
2026-07-13T10:33:04.007249,Raspberry_Relieve1,25.652322283333334,-100.2916093,38.873,0.0,0,61.86,100.0,-1,0.0,,,,,,3574,1.03,0.017774,24.898741
2026-07-13T10:33:05.007335,Raspberry_Relieve1,25.652322283333334,-100.2916093,38.875,0.0,0,61.86,100.0,-1,0.0,,,,,,3575,0.93,0.015922,24.914662
2026-07-13T10:33:06.007539,Raspberry_Relieve1,25.652322283333334,-100.2916093,38.877,0.0,0,61.86,100.0,-1,0.0,,,,,,3576,1.03,0.017782,24.932445
2026-07-13T10:33:07.007713,Raspberry_Relieve1,25.652322283333334,-100.2916093,38.879,0.0,0,61.86,100.0,-1,0.0,,,,,,3577,0.99,0.016983,24.949427
2026-07-13T10:33:08.007832,Raspberry_Relieve1,25.652322283333334,-100.2916093,38.884,0.0,0,61.86,100.0,-1,0.0,,,,,,3578,1.05,0.01812,24.967547
2026-07-13T10:33:09.008015,Raspberry_Relieve1,25.652322283333334,-100.2916093,38.884,0.0,0,61.86,100.0,-1,0.0,,,,,,3579,0.97,0.016702,24.984249
2026-07-13T10:33:10.008166,Raspberry_Relieve1,25.652322283333334,-100.2916093,38.884,0.0,0,61.86,100.0,-1,0.0,,,,,,3580,1.02,0.017601,25.00185
2026-07-13T10:33:11.008283,Raspberry_Relieve1,25.652322283333334,-100.2916093,38.886,0.0,0,61.86,100.0,-1,0.0,,,,,,3581,0.99,0.016989,25.018839
2026-07-13T10:33:12.008411,Raspberry_Relieve1,25.652322283333334,-100.2916093,38.888,0.0,0,61.86,100.0,-1,0.0,,,,,,3582,0.95,0.016281,25.035119
2026-07-13T10:33:13.008499,Raspberry_Relieve1,25.652322283333334,-100.2916093,38.891,0.0,0,61.86,100.0,-1,0.0,,,,,,3583,1.01,0.017288,25.052407
2026-07-13T10:33:14.008617,Raspberry_Relieve1,25.652322283333334,-100.2916093,38.892,0.0,0,61.86,100.0,-1,0.0,,,,,,3584,0.96,0.016496,25.068903
2026-07-13T10:33:15.008787,Raspberry_Relieve1,25.652322283333334,-100.2916093,38.894,0.0,0,61.86,100.0,-1,0.0,,,,,,3585,1.07,0.018412,25.087316
2026-07-13T10:33:16.008944,Raspberry_Relieve1,25.652322283333334,-100.2916093,38.894,0.0,0,61.86,100.0,-1,0.0,,,,,,3586,1.08,0.0185,25.105815
2026-07-13T10:33:17.009065,Raspberry_Relieve1,25.652322283333334,-100.2916093,38.898,0.0,0,61.86,100.0,-1,0.0,,,,,,3587,0.93,0.015941,25.121756
2026-07-13T10:33:18.009217,Raspberry_Relieve1,25.652322283333334,-100.2916093,38.898,0.0,0,61.86,100.0,-1,0.0,,,,,,3588,1.1,0.018882,25.140638
2026-07-13T10:33:19.009311,Raspberry_Relieve1,25.652322283333334,-100.2916093,38.899,0.0,0,61.86,100.0,-1,0.0,,,,,,3589,0.85,0.014574,25.155212
2026-07-13T10:33:20.009446,Raspberry_Relieve1,25.652322283333334,-100.2916093,38.899,0.0,0,61.86,100.0,-1,0.0,,,,,,3590,1.1,0.018853,25.174065
2026-07-13T10:33:21.009579,Raspberry_Relieve1,25.652322283333334,-100.2916093,38.902,0.0,0,61.86,100.0,-1,0.0,,,,,,3591,1.02,0.017463,25.191528
2026-07-13T10:33:22.009700,Raspberry_Relieve1,25.652322283333334,-100.2916093,38.902,0.0,0,61.86,100.0,-1,0.0,,,,,,3592,0.87,0.014954,25.206482
2026-07-13T10:33:23.009848,Raspberry_Relieve1,25.652322283333334,-100.2916093,38.903,0.0,0,61.86,100.0,-1,0.0,,,,,,3593,1.08,0.018599,25.225082
2026-07-13T10:33:24.009976,Raspberry_Relieve1,25.652322283333334,-100.2916093,38.905,0.0,0,61.86,100.0,-1,0.0,,,,,,3594,0.99,0.016964,25.242046
2026-07-13T10:33:25.010069,Raspberry_Relieve1,25.652322283333334,-100.2916093,38.905,0.0,0,61.86,100.0,-1,0.0,,,,,,3595,1.02,0.017582,25.259628
2026-07-13T10:33:26.010225,Raspberry_Relieve1,25.652322283333334,-100.2916093,38.906,0.0,0,61.86,100.0,-1,0.0,,,,,,3596,1.02,0.017507,25.277135
2026-07-13T10:33:27.010363,Raspberry_Relieve1,25.652322283333334,-100.2916093,38.907,0.0,0,61.86,100.0,-1,0.0,,,,,,3597,1.06,0.018191,25.295325
2026-07-13T10:33:28.010451,Raspberry_Relieve1,25.652322283333334,-100.2916093,38.906,0.0,0,61.86,100.0,-1,0.0,,,,,,3598,0.81,0.013961,25.309286
2026-07-13T10:33:29.010526,Raspberry_Relieve1,25.652322283333334,-100.2916093,38.903,0.0,0,61.86,100.0,-1,0.0,,,,,,3599,1.11,0.01906,25.328346
2026-07-13T10:33:30.010612,Raspberry_Relieve1,25.652322283333334,-100.2916093,38.908,0.0,0,61.86,100.0,-1,0.0,,,,,,3600,1.01,0.017298,25.345644
2026-07-13T10:33:31.010699,Raspberry_Relieve1,25.652322283333334,-100.2916093,38.91,0.0,0,61.86,100.0,-1,0.0,,,,,,3601,0.91,0.015553,25.361196
2026-07-13T10:33:32.010801,Raspberry_Relieve1,25.652322283333334,-100.2916093,38.911,0.0,0,61.86,100.0,-1,0.0,,,,,,3602,1.11,0.019033,25.380229
2026-07-13T10:33:33.010917,Raspberry_Relieve1,25.652322283333334,-100.2916093,38.911,0.0,0,61.86,100.0,-1,0.0,,,,,,3603,1.0,0.017104,25.397333
2026-07-13T10:33:34.011039,Raspberry_Relieve1,25.652322283333334,-100.2916093,38.91,0.0,0,61.86,100.0,-1,0.0,,,,,,3604,1.07,0.018362,25.415695
2026-07-13T10:33:35.011161,Raspberry_Relieve1,25.652322283333334,-100.2916093,38.912,0.0,0,61.86,100.0,-1,0.0,,,,,,3605,0.95,0.016365,25.43206
2026-07-13T10:33:36.011307,Raspberry_Relieve1,25.652322283333334,-100.2916093,38.913,0.0,0,61.86,100.0,-1,0.0,,,,,,3606,0.88,0.015156,25.447216
2026-07-13T10:33:37.011407,Raspberry_Relieve1,25.652322283333334,-100.2916093,38.916,0.0,0,61.86,100.0,-1,0.0,,,,,,3607,1.01,0.01737,25.464586
2026-07-13T10:33:38.011526,Raspberry_Relieve1,25.652322283333334,-100.2916093,38.915,0.0,0,61.86,100.0,-1,0.0,,,,,,3608,0.98,0.016837,25.481423
2026-07-13T10:33:39.011642,Raspberry_Relieve1,25.652322283333334,-100.2916093,38.915,0.0,0,61.86,100.0,-1,0.0,,,,,,3609,1.04,0.017807,25.49923
2026-07-13T10:33:40.011790,Raspberry_Relieve1,25.652322283333334,-100.2916093,38.917,0.0,0,61.86,100.0,-1,0.0,,,,,,3610,1.06,0.018183,25.517413
2026-07-13T10:33:41.011946,Raspberry_Relieve1,25.652322283333334,-100.2916093,38.917,0.0,0,61.86,100.0,-1,0.0,,,,,,3611,1.0,0.017221,25.534634
2026-07-13T10:33:42.012030,Raspberry_Relieve1,25.652322283333334,-100.2916093,38.918,0.0,0,61.86,100.0,-1,0.0,,,,,,3612,1.03,0.017676,25.552309
2026-07-13T10:33:43.012140,Raspberry_Relieve1,25.652322283333334,-100.2916093,38.919,0.0,0,61.86,100.0,-1,0.0,,,,,,3613,1.0,0.017151,25.56946
2026-07-13T10:33:44.012259,Raspberry_Relieve1,25.652322283333334,-100.2916093,38.92,0.0,0,61.86,100.0,-1,0.0,,,,,,3614,1.01,0.017286,25.586746
2026-07-13T10:33:45.012385,Raspberry_Relieve1,25.652322283333334,-100.2916093,38.921,0.0,0,61.86,100.0,-1,0.0,,,,,,3615,1.01,0.017348,25.604094
2026-07-13T10:33:46.012499,Raspberry_Relieve1,25.652322283333334,-100.2916093,38.92,0.0,0,61.86,100.0,-1,0.0,,,,,,3616,0.94,0.016148,25.620242
2026-07-13T10:33:47.012617,Raspberry_Relieve1,25.652322283333334,-100.2916093,38.922,0.0,0,61.86,100.0,-1,0.0,,,,,,3617,1.02,0.017601,25.637844
2026-07-13T10:33:48.012756,Raspberry_Relieve1,25.652322283333334,-100.2916093,38.921,0.0,0,61.86,100.0,-1,0.0,,,,,,3618,1.02,0.017562,25.655405
2026-07-13T10:33:49.012872,Raspberry_Relieve1,25.652322283333334,-100.2916093,38.921,0.0,0,61.86,100.0,-1,0.0,,,,,,3619,0.89,0.015305,25.67071
2026-07-13T10:33:50.012981,Raspberry_Relieve1,25.652322283333334,-100.2916093,38.921,0.0,0,61.86,100.0,-1,0.0,,,,,,3620,1.01,0.017276,25.687986
2026-07-13T10:33:51.013085,Raspberry_Relieve1,25.652322283333334,-100.2916093,38.922,0.0,0,61.86,100.0,-1,0.0,,,,,,3621,1.11,0.019082,25.707069
2026-07-13T10:33:52.013241,Raspberry_Relieve1,25.652322283333334,-100.2916093,38.923,0.0,0,61.86,100.0,-1,0.0,,,,,,3622,0.98,0.016842,25.72391
2026-07-13T10:33:53.013342,Raspberry_Relieve1,25.652322283333334,-100.2916093,38.923,0.0,0,61.86,100.0,-1,0.0,,,,,,3623,0.99,0.017067,25.740978
2026-07-13T10:33:54.013493,Raspberry_Relieve1,25.652322283333334,-100.2916093,38.923,0.0,0,61.86,100.0,-1,0.0,,,,,,3624,0.96,0.016568,25.757546
2026-07-13T10:33:55.013584,Raspberry_Relieve1,25.652322283333334,-100.2916093,38.925,0.0,0,61.86,100.0,-1,0.0,,,,,,3625,1.04,0.017816,25.775362
2026-07-13T10:33:56.013717,Raspberry_Relieve1,25.652322283333334,-100.2916093,38.925,0.0,0,61.86,100.0,-1,0.0,,,,,,3626,0.92,0.01575,25.791112
2026-07-13T10:33:57.013830,Raspberry_Relieve1,25.652322283333334,-100.2916093,38.925,0.0,0,61.86,100.0,-1,0.0,,,,,,3627,1.07,0.018435,25.809547
2026-07-13T10:33:58.013975,Raspberry_Relieve1,25.652322283333334,-100.2916093,38.926,0.0,0,61.86,100.0,-1,0.0,,,,,,3628,0.97,0.016693,25.826239
2026-07-13T10:33:59.014087,Raspberry_Relieve1,25.652322283333334,-100.2916093,38.928,0.0,0,61.86,100.0,-1,0.0,,,,,,3629,1.08,0.018519,25.844759
2026-07-13T10:34:00.014225,Raspberry_Relieve1,25.652322283333334,-100.2916093,38.927,0.0,0,61.86,100.0,-1,0.0,,,,,,3630,0.89,0.01535,25.860109
2026-07-13T10:34:01.014318,Raspberry_Relieve1,25.652322283333334,-100.2916093,37.004,8.57,317,317.12,100.0,-1,0.0,,,,,,3631,1.06,0.055576,25.915684
2026-07-13T10:34:02.014409,Raspberry_Relieve1,25.652322283333334,-100.2916093,38.243,9.705,371,371.15,100.0,-1,0.0,,,,,,3632,0.91,0.087236,26.00292
2026-07-13T10:34:03.014506,Raspberry_Relieve1,25.652322283333334,-100.2916093,36.626,16.232,595,594.51,100.0,-1,0.0,,,,,,3633,1.09,0.146494,26.149414
2026-07-13T10:34:04.014595,Raspberry_Relieve1,25.652322283333334,-100.2916093,36.586,18.9,691,691.48,100.0,-1,0.0,,,,,,3634,0.98,0.17458,26.323994
2026-07-13T10:34:05.014691,Raspberry_Relieve1,25.652322283333334,-100.2916093,36.555,18.494,676,676.05,100.0,-1,0.0,,,,,,3635,1.0,0.189388,26.513382
2026-07-13T10:34:06.014826,Raspberry_Relieve1,25.652322283333334,-100.2916093,36.524,19.085,697,697.06,100.0,-1,0.0,,,,,,3636,0.94,0.178544,26.691926
2026-07-13T10:34:07.014977,Raspberry_Relieve1,25.652322283333334,-100.2916093,36.498,19.094,697,696.89,100.0,-1,0.0,,,,,,3637,1.12,0.217769,26.909695
2026-07-13T10:34:08.015102,Raspberry_Relieve1,25.652322283333334,-100.2916093,36.476,19.066,695,695.45,100.0,-1,0.0,,,,,,3638,0.97,0.18839,27.098085
2026-07-13T10:34:09.015215,Raspberry_Relieve1,25.652322283333334,-100.2916093,36.452,19.056,695,694.63,100.0,-1,0.0,,,,,,3639,0.92,0.178518,27.276604
2026-07-13T10:34:10.015337,Raspberry_Relieve1,25.652322283333334,-100.2916093,36.405,19.029,693,692.75,100.0,-1,0.0,,,,,,3640,1.07,0.205442,27.482046
2026-07-13T10:34:11.015464,Raspberry_Relieve1,25.652322283333334,-100.2916093,36.404,18.996,692,691.53,100.0,-1,0.0,,,,,,3641,0.95,0.183133,27.665179
2026-07-13T10:34:12.015599,Raspberry_Relieve1,25.652322283333334,-100.2916093,36.394,18.999,691,691.45,100.0,-1,0.0,,,,,,3642,0.98,0.187433,27.852612
2026-07-13T10:34:13.015728,Raspberry_Relieve1,25.652322283333334,-100.2916093,36.475,18.411,672,671.54,100.0,-1,0.0,,,,,,3643,1.25,0.237058,28.08967
2026-07-13T10:34:14.015851,Raspberry_Relieve1,25.652322283333334,-100.2916093,36.569,17.382,636,635.64,100.0,-1,0.0,,,,,,3644,0.76,0.137597,28.227267
2026-07-13T10:34:15.016010,Raspberry_Relieve1,25.652322283333334,-100.2916093,36.672,16.402,601,601.49,100.0,-1,0.0,,,,,,3645,1.03,0.177583,28.404851
2026-07-13T10:34:16.016123,Raspberry_Relieve1,25.652322283333334,-100.2916093,36.717,15.809,580,580.46,100.0,-1,0.0,,,,,,3646,1.02,0.168142,28.572993
2026-07-13T10:34:17.016261,Raspberry_Relieve1,25.652322283333334,-100.2916093,36.708,15.532,570,570.15,100.0,-1,0.0,,,,,,3647,0.99,0.157612,28.730605
2026-07-13T10:34:18.016381,Raspberry_Relieve1,25.652322283333334,-100.2916093,36.8,15.124,557,556.56,100.0,-1,0.0,,,,,,3648,0.92,0.14417,28.874774
2026-07-13T10:34:19.016501,Raspberry_Relieve1,25.652322283333334,-100.2916093,36.79,14.985,551,551.3,100.0,-1,0.0,,,,,,3649,1.08,0.16599,29.040765
2026-07-13T10:34:20.016618,Raspberry_Relieve1,25.652322283333334,-100.2916093,36.754,14.995,551,551.13,100.0,-1,0.0,,,,,,3650,1.03,0.157568,29.198333
2026-07-13T10:34:21.016763,Raspberry_Relieve1,25.652322283333334,-100.2916093,36.785,14.776,544,543.54,100.0,-1,0.0,,,,,,3651,1.01,0.153102,29.351435
2026-07-13T10:34:22.016880,Raspberry_Relieve1,25.652322283333334,-100.2916093,36.811,14.688,541,540.68,100.0,-1,0.0,,,,,,3652,0.9,0.135267,29.486702
2026-07-13T10:34:23.017009,Raspberry_Relieve1,25.652322283333334,-100.2916093,36.7,15.032,552,551.67,100.0,-1,0.0,,,,,,3653,1.08,0.163677,29.650379
2026-07-13T10:34:24.017127,Raspberry_Relieve1,25.652322283333334,-100.2916093,36.751,15.085,554,554.39,100.0,-1,0.0,,,,,,3654,1.01,0.154957,29.805336
2026-07-13T10:34:25.017229,Raspberry_Relieve1,25.652322283333334,-100.2916093,36.699,15.226,559,558.78,100.0,-1,0.0,,,,,,3655,0.95,0.146812,29.952148
2026-07-13T10:34:26.017397,Raspberry_Relieve1,25.652322283333334,-100.2916093,36.72,15.104,555,554.62,100.0,-1,0.0,,,,,,3656,1.02,0.156971,30.109119
2026-07-13T10:34:27.017536,Raspberry_Relieve1,25.652322283333334,-100.2916093,36.759,14.942,549,549.25,100.0,-1,0.0,,,,,,3657,1.05,0.160752,30.269871
2026-07-13T10:34:28.017679,Raspberry_Relieve1,25.652322283333334,-100.2916093,36.673,15.248,559,559.19,100.0,-1,0.0,,,,,,3658,0.98,0.151128,30.420999
2026-07-13T10:34:29.017820,Raspberry_Relieve1,25.652322283333334,-100.2916093,36.689,15.094,554,553.78,100.0,-1,0.0,,,,,,3659,0.93,0.143994,30.564993
2026-07-13T10:34:30.017960,Raspberry_Relieve1,25.652322283333334,-100.2916093,36.651,15.2,557,557.1,100.0,-1,0.0,,,,,,3660,0.99,0.152499,30.717491
2026-07-13T10:34:31.018108,Raspberry_Relieve1,25.652322283333334,-100.2916093,36.651,15.162,556,555.7,100.0,-1,0.0,,,,,,3661,1.09,0.168769,30.886261
2026-07-13T10:34:32.018270,Raspberry_Relieve1,25.652322283333334,-100.2916093,36.659,15.048,552,551.64,100.0,-1,0.0,,,,,,3662,0.93,0.142346,31.028607
2026-07-13T10:34:33.018407,Raspberry_Relieve1,25.652322283333334,-100.2916093,38.41,6.81,262,261.57,100.0,-1,0.0,,,,,,3663,1.0,0.112846,31.141453
2026-07-13T10:34:34.018509,Raspberry_Relieve1,25.652322283333334,-100.2916093,38.863,-2.141,-83,-83.21,100.0,14400,0.001,,,,,,3664,0.99,0.024403,31.165856
2026-07-13T10:34:35.018629,Raspberry_Relieve1,25.652322283333334,-100.2916093,39.237,-6.749,-265,-264.81,100.0,3874,0.002,,,,,,3665,1.08,-0.052158,31.113698
2026-07-13T10:34:36.018767,Raspberry_Relieve1,25.652322283333334,-100.2916093,38.517,-1.023,-39,-39.4,100.0,3554,0.003,,,,,,3666,0.91,-0.038585,31.075113
2026-07-13T10:34:37.018896,Raspberry_Relieve1,25.652322283333334,-100.2916093,38.527,-0.114,-4,-4.39,100.0,3578,0.003,,,,,,3667,1.03,-0.006264,31.06885
2026-07-13T10:34:38.019017,Raspberry_Relieve1,25.652322283333334,-100.2916093,36.317,16.048,583,582.82,100.0,-1,0.0,,,,,,3668,1.09,0.087386,31.156236
2026-07-13T10:34:39.019150,Raspberry_Relieve1,25.652322283333334,-100.2916093,36.273,18.903,686,685.67,100.0,-1,0.0,,,,,,3669,0.92,0.162438,31.318674
2026-07-13T10:34:40.019270,Raspberry_Relieve1,25.652322283333334,-100.2916093,36.243,19.061,691,690.83,100.0,-1,0.0,,,,,,3670,0.98,0.187329,31.506003
2026-07-13T10:34:41.019392,Raspberry_Relieve1,25.652322283333334,-100.2916093,36.221,19.058,690,690.3,100.0,-1,0.0,,,,,,3671,1.07,0.205107,31.71111
2026-07-13T10:34:42.019516,Raspberry_Relieve1,25.652322283333334,-100.2916093,36.202,19.038,689,689.21,100.0,-1,0.0,,,,,,3672,1.01,0.19332,31.90443
2026-07-13T10:34:43.019650,Raspberry_Relieve1,25.652322283333334,-100.2916093,36.186,19.013,688,688.0,100.0,-1,0.0,,,,,,3673,0.99,0.190227,32.094657
2026-07-13T10:34:44.019794,Raspberry_Relieve1,25.652322283333334,-100.2916093,36.172,19.004,687,687.41,100.0,-1,0.0,,,,,,3674,0.96,0.183176,32.277833
2026-07-13T10:34:45.019965,Raspberry_Relieve1,25.652322283333334,-100.2916093,36.233,18.575,673,673.03,100.0,-1,0.0,,,,,,3675,0.97,0.183554,32.461387
2026-07-13T10:34:46.020052,Raspberry_Relieve1,25.652322283333334,-100.2916093,38.362,1.773,68,68.02,100.0,-1,0.0,,,,,,3676,0.99,0.101739,32.563126
2026-07-13T10:34:47.020192,Raspberry_Relieve1,25.652322283333334,-100.2916093,38.677,-1.179,-46,-45.6,100.0,14400,0.0,,,,,,3677,1.09,0.003407,32.566532
2026-07-13T10:34:48.020332,Raspberry_Relieve1,25.652322283333334,-100.2916093,38.881,-5.067,-197,-197.01,100.0,5589,0.002,,,,,,3678,0.96,-0.032358,32.534175
2026-07-13T10:34:49.020490,Raspberry_Relieve1,25.652322283333334,-100.2916093,38.465,-0.37,-14,-14.23,100.0,5392,0.002,,,,,,3679,0.96,-0.028041,32.506134
2026-07-13T10:34:50.020610,Raspberry_Relieve1,25.652322283333334,-100.2916093,36.273,14.73,534,534.3,100.0,-1,0.0,,,,,,3680,1.0,0.072173,32.578307
2026-07-13T10:34:51.020732,Raspberry_Relieve1,25.652322283333334,-100.2916093,36.229,18.786,681,680.6,100.0,-1,0.0,,,,,,3681,1.1,0.184935,32.763241
2026-07-13T10:34:52.020846,Raspberry_Relieve1,25.652322283333334,-100.2916093,36.199,19.032,689,688.94,100.0,-1,0.0,,,,,,3682,0.94,0.178927,32.942168
2026-07-13T10:34:53.020991,Raspberry_Relieve1,25.652322283333334,-100.2916093,36.178,19.036,689,688.68,100.0,-1,0.0,,,,,,3683,1.04,0.1985,33.140667
2026-07-13T10:34:54.021137,Raspberry_Relieve1,25.652322283333334,-100.2916093,36.159,19.026,688,687.96,100.0,-1,0.0,,,,,,3684,0.92,0.176639,33.317306
2026-07-13T10:34:55.021265,Raspberry_Relieve1,25.652322283333334,-100.2916093,36.145,19.02,687,687.48,100.0,-1,0.0,,,,,,3685,1.02,0.1955,33.512806
2026-07-13T10:34:56.021399,Raspberry_Relieve1,25.652322283333334,-100.2916093,37.068,14.798,549,548.53,100.0,-1,0.0,,,,,,3686,1.08,0.184642,33.697448
2026-07-13T10:34:57.021527,Raspberry_Relieve1,25.652322283333334,-100.2916093,39.09,-3.559,-139,-139.12,100.0,9823,0.001,,,,,,3687,0.89,0.050529,33.747977
2026-07-13T10:34:58.021674,Raspberry_Relieve1,25.652322283333334,-100.2916093,38.404,-2.24,-86,-86.02,100.0,6144,0.002,,,,,,3688,1.3,-0.040564,33.707413
2026-07-13T10:34:59.021810,Raspberry_Relieve1,25.652322283333334,-100.2916093,37.51,3.884,146,145.69,100.0,-1,0.001,,,,,,3689,0.72,0.005993,33.713406
2026-07-13T10:35:00.021950,Raspberry_Relieve1,25.652322283333334,-100.2916093,36.192,18.181,658,658.01,100.0,-1,0.0,,,,,,3690,0.98,0.109823,33.823229
2026-07-13T10:35:01.022060,Raspberry_Relieve1,25.652322283333334,-100.2916093,36.153,19.077,690,689.69,100.0,-1,0.0,,,,,,3691,1.01,0.188363,34.011592
2026-07-13T10:35:02.022204,Raspberry_Relieve1,25.652322283333334,-100.2916093,36.135,19.119,691,690.87,100.0,-1,0.0,,,,,,3692,1.04,0.199023,34.210615
2026-07-13T10:35:03.022362,Raspberry_Relieve1,25.652322283333334,-100.2916093,36.116,19.107,690,690.07,100.0,-1,0.0,,,,,,3693,1.03,0.197324,34.407939
2026-07-13T10:35:04.022443,Raspberry_Relieve1,25.652322283333334,-100.2916093,36.088,19.09,689,688.92,100.0,-1,0.0,,,,,,3694,0.96,0.183947,34.591886
2026-07-13T10:35:05.022572,Raspberry_Relieve1,25.652322283333334,-100.2916093,38.277,3.374,129,129.15,100.0,-1,0.0,,,,,,3695,1.04,0.118576,34.710462
2026-07-13T10:35:06.022692,Raspberry_Relieve1,25.652322283333334,-100.2916093,38.325,-0.102,-4,-3.91,100.0,14400,0.0,,,,,,3696,1.0,0.017452,34.727914
2026-07-13T10:35:07.022814,Raspberry_Relieve1,25.652322283333334,-100.2916093,38.408,-0.9,-35,-34.57,100.0,14400,0.0,,,,,,3697,1.13,-0.006041,34.721872
2026-07-13T10:35:08.022929,Raspberry_Relieve1,25.652322283333334,-100.2916093,38.46,-0.835,-32,-32.11,100.0,14400,0.001,,,,,,3698,0.79,-0.007293,34.714579
2026-07-13T10:35:09.023050,Raspberry_Relieve1,25.652322283333334,-100.2916093,38.46,-0.626,-24,-24.08,100.0,14400,0.001,,,,,,3699,1.0,-0.007822,34.706757
2026-07-13T10:35:10.023170,Raspberry_Relieve1,25.652322283333334,-100.2916093,38.436,-0.378,-15,-14.53,100.0,13801,0.001,,,,,,3700,1.07,-0.005739,34.701018
2026-07-13T10:35:11.023298,Raspberry_Relieve1,25.652322283333334,-100.2916093,38.426,0.0,0,0.0,100.0,-1,0.001,,,,,,3701,1.03,-0.002074,34.698944
2026-07-13T10:35:12.023412,Raspberry_Relieve1,25.652322283333334,-100.2916093,38.437,0.0,0,0.0,100.0,-1,0.001,,,,,,3702,0.98,0.0,34.698944
2026-07-13T10:35:13.023552,Raspberry_Relieve1,25.652322283333334,-100.2916093,38.45,0.0,0,0.0,100.0,-1,0.001,,,,,,3703,0.9,0.0,34.698944
2026-07-13T10:35:14.023676,Raspberry_Relieve1,25.652322283333334,-100.2916093,38.46,0.0,0,0.0,100.0,-1,0.001,,,,,,3704,1.02,0.0,34.698944
2026-07-13T10:35:15.023812,Raspberry_Relieve1,25.652322283333334,-100.2916093,38.471,0.0,0,0.0,100.0,-1,0.001,,,,,,3705,1.04,0.0,34.698944
2026-07-13T10:35:16.023955,Raspberry_Relieve1,25.652322283333334,-100.2916093,38.48,0.0,0,0.0,100.0,-1,0.001,,,,,,3706,1.03,0.0,34.698944
2026-07-13T10:35:17.024076,Raspberry_Relieve1,25.652322283333334,-100.2916093,38.489,0.0,0,0.0,100.0,-1,0.001,,,,,,3707,0.99,0.0,34.698944
2026-07-13T10:35:18.024194,Raspberry_Relieve1,25.652322283333334,-100.2916093,38.498,0.0,0,0.0,100.0,-1,0.001,,,,,,3708,1.01,0.0,34.698944
2026-07-13T10:35:19.024321,Raspberry_Relieve1,25.652322283333334,-100.2916093,38.507,0.0,0,0.0,100.0,-1,0.001,,,,,,3709,0.92,0.0,34.698944
2026-07-13T10:35:20.024429,Raspberry_Relieve1,25.652322283333334,-100.2916093,38.514,0.0,0,0.0,100.0,-1,0.001,,,,,,3710,0.97,0.0,34.698944
2026-07-13T10:35:21.024546,Raspberry_Relieve1,25.652322283333334,-100.2916093,38.52,0.0,0,0.0,100.0,-1,0.001,,,,,,3711,1.02,0.0,34.698944
2026-07-13T10:35:22.024663,Raspberry_Relieve1,25.652322283333334,-100.2916093,38.528,0.0,0,0.0,100.0,-1,0.001,,,,,,3712,1.06,0.0,34.698944
2026-07-13T10:35:23.024786,Raspberry_Relieve1,25.652322283333334,-100.2916093,38.534,0.0,0,0.0,100.0,-1,0.001,,,,,,3713,1.04,0.0,34.698944
2026-07-13T10:35:24.024903,Raspberry_Relieve1,25.652322283333334,-100.2916093,38.54,0.0,0,0.0,100.0,-1,0.001,,,,,,3714,0.91,0.0,34.698944
2026-07-13T10:35:25.025017,Raspberry_Relieve1,25.652322283333334,-100.2916093,38.547,0.0,0,0.0,100.0,-1,0.001,,,,,,3715,1.05,0.0,34.698944
2026-07-13T10:35:26.025135,Raspberry_Relieve1,25.652322283333334,-100.2916093,38.553,0.0,0,0.0,100.0,-1,0.001,,,,,,3716,0.96,0.0,34.698944
2026-07-13T10:35:27.025267,Raspberry_Relieve1,25.652322283333334,-100.2916093,38.56,0.0,0,0.0,100.0,-1,0.001,,,,,,3717,1.07,0.0,34.698944
2026-07-13T10:35:28.025394,Raspberry_Relieve1,25.652322283333334,-100.2916093,38.565,0.0,0,0.0,100.0,-1,0.001,,,,,,3718,1.0,0.0,34.698944
2026-07-13T10:35:29.025505,Raspberry_Relieve1,25.652322283333334,-100.2916093,38.57,0.0,0,0.0,100.0,-1,0.001,,,,,,3719,1.01,0.0,34.698944
2026-07-13T10:35:30.025609,Raspberry_Relieve1,25.652322283333334,-100.2916093,38.574,0.0,0,0.0,100.0,-1,0.001,,,,,,3720,1.02,0.0,34.698944
2026-07-13T10:35:31.025717,Raspberry_Relieve1,25.652322283333334,-100.2916093,38.58,0.0,0,0.0,100.0,-1,0.001,,,,,,3721,0.98,0.0,34.698944
2026-07-13T10:35:32.025840,Raspberry_Relieve1,25.652322283333334,-100.2916093,38.585,0.0,0,0.0,100.0,-1,0.001,,,,,,3722,1.0,0.0,34.698944
2026-07-13T10:35:33.025967,Raspberry_Relieve1,25.652322283333334,-100.2916093,38.59,0.0,0,0.0,100.0,-1,0.001,,,,,,3723,0.98,0.0,34.698944
2026-07-13T10:35:34.026080,Raspberry_Relieve1,25.652322283333334,-100.2916093,38.594,0.0,0,0.0,100.0,-1,0.001,,,,,,3724,1.02,0.0,34.698944
2026-07-13T10:35:35.026199,Raspberry_Relieve1,25.652322283333334,-100.2916093,38.599,0.0,0,0.0,100.0,-1,0.001,,,,,,3725,1.02,0.0,34.698944
2026-07-13T10:35:36.026312,Raspberry_Relieve1,25.652322283333334,-100.2916093,38.602,0.0,0,0.0,100.0,-1,0.001,,,,,,3726,0.96,0.0,34.698944
2026-07-13T10:35:37.026425,Raspberry_Relieve1,25.652322283333334,-100.2916093,38.608,0.0,0,0.0,100.0,-1,0.001,,,,,,3727,0.93,0.0,34.698944
2026-07-13T10:35:38.026531,Raspberry_Relieve1,25.652322283333334,-100.2916093,38.611,0.0,0,0.0,100.0,-1,0.001,,,,,,3728,1.01,0.0,34.698944
2026-07-13T10:35:39.026640,Raspberry_Relieve1,25.652322283333334,-100.2916093,38.614,0.0,0,0.0,100.0,-1,0.001,,,,,,3729,1.09,0.0,34.698944
2026-07-13T10:35:40.026760,Raspberry_Relieve1,25.652322283333334,-100.2916093,38.618,0.0,0,0.0,100.0,-1,0.001,,,,,,3730,0.92,0.0,34.698944
2026-07-13T10:35:41.026870,Raspberry_Relieve1,25.652322283333334,-100.2916093,38.621,0.0,0,0.0,100.0,-1,0.001,,,,,,3731,1.13,0.0,34.698944
2026-07-13T10:35:42.026986,Raspberry_Relieve1,25.652322283333334,-100.2916093,38.624,0.0,0,0.0,100.0,-1,0.001,,,,,,3732,0.84,0.0,34.698944
2026-07-13T10:35:43.027106,Raspberry_Relieve1,25.652322283333334,-100.2916093,38.628,0.0,0,0.0,100.0,-1,0.001,,,,,,3733,0.99,0.0,34.698944
2026-07-13T10:35:44.027233,Raspberry_Relieve1,25.652322283333334,-100.2916093,38.633,0.0,0,0.0,100.0,-1,0.001,,,,,,3734,1.02,0.0,34.698944
2026-07-13T10:35:45.027349,Raspberry_Relieve1,25.652322283333334,-100.2916093,38.635,0.0,0,0.0,100.0,-1,0.001,,,,,,3735,1.1,0.0,34.698944
2026-07-13T10:35:46.027474,Raspberry_Relieve1,25.652322283333334,-100.2916093,38.635,0.0,0,0.0,100.0,-1,0.001,,,,,,3736,0.9,0.0,34.698944
2026-07-13T10:35:47.027592,Raspberry_Relieve1,25.652322283333334,-100.2916093,38.639,0.0,0,0.0,100.0,-1,0.001,,,,,,3737,1.05,0.0,34.698944
2026-07-13T10:35:48.027822,Raspberry_Relieve1,25.652322283333334,-100.2916093,38.641,0.0,0,0.0,100.0,-1,0.001,,,,,,3738,1.01,0.0,34.698944
2026-07-13T10:35:49.027986,Raspberry_Relieve1,25.652322283333334,-100.2916093,38.644,0.0,0,0.0,100.0,-1,0.001,,,,,,3739,1.05,0.0,34.698944
2026-07-13T10:35:50.028101,Raspberry_Relieve1,25.652322283333334,-100.2916093,38.648,0.0,0,0.0,100.0,-1,0.001,,,,,,3740,0.91,0.0,34.698944
2026-07-13T10:35:51.028222,Raspberry_Relieve1,25.652322283333334,-100.2916093,38.65,0.0,0,0.0,100.0,-1,0.001,,,,,,3741,0.98,0.0,34.698944
2026-07-13T10:35:52.028447,Raspberry_Relieve1,25.652322283333334,-100.2916093,38.652,0.0,0,0.0,100.0,-1,0.001,,,,,,3742,1.0,0.0,34.698944
2026-07-13T10:35:53.028566,Raspberry_Relieve1,25.652322283333334,-100.2916093,38.655,0.0,0,0.0,100.0,-1,0.001,,,,,,3743,1.12,0.0,34.698944
2026-07-13T10:35:54.028675,Raspberry_Relieve1,25.652322283333334,-100.2916093,38.658,0.0,0,0.0,100.0,-1,0.001,,,,,,3744,0.97,0.0,34.698944
2026-07-13T10:35:55.028786,Raspberry_Relieve1,25.652322283333334,-100.2916093,38.659,0.0,0,0.0,100.0,-1,0.001,,,,,,3745,1.01,0.0,34.698944
2026-07-13T10:35:56.029021,Raspberry_Relieve1,25.652322283333334,-100.2916093,38.66,0.0,0,0.0,100.0,-1,0.001,,,,,,3746,0.98,0.0,34.698944
2026-07-13T10:35:57.029253,Raspberry_Relieve1,25.652322283333334,-100.2916093,38.663,0.0,0,0.0,100.0,-1,0.001,,,,,,3747,1.01,0.0,34.698944
2026-07-13T10:35:58.029359,Raspberry_Relieve1,25.652322283333334,-100.2916093,38.665,0.0,0,0.0,100.0,-1,0.001,,,,,,3748,0.96,0.0,34.698944
2026-07-13T10:35:59.029582,Raspberry_Relieve1,25.652322283333334,-100.2916093,38.667,0.0,0,0.0,100.0,-1,0.001,,,,,,3749,1.03,0.0,34.698944
2026-07-13T10:36:00.029803,Raspberry_Relieve1,25.652322283333334,-100.2916093,38.669,0.0,0,0.0,100.0,-1,0.001,,,,,,3750,0.95,0.0,34.698944
2026-07-13T10:36:01.029915,Raspberry_Relieve1,25.652322283333334,-100.2916093,38.672,0.0,0,0.0,100.0,-1,0.001,,,,,,3751,1.01,0.0,34.698944
2026-07-13T10:36:02.029987,Raspberry_Relieve1,25.652322283333334,-100.2916093,38.671,0.0,0,0.0,100.0,-1,0.001,,,,,,3752,1.06,0.0,34.698944
2026-07-13T10:36:03.030070,Raspberry_Relieve1,25.652322283333334,-100.2916093,38.675,0.0,0,0.0,100.0,-1,0.001,,,,,,3753,0.92,0.0,34.698944
2026-07-13T10:36:04.030161,Raspberry_Relieve1,25.652322283333334,-100.2916093,38.674,0.0,0,0.0,100.0,-1,0.001,,,,,,3754,0.96,0.0,34.698944
2026-07-13T10:36:05.030250,Raspberry_Relieve1,25.652322283333334,-100.2916093,38.677,0.0,0,0.0,100.0,-1,0.001,,,,,,3755,0.99,0.0,34.698944
2026-07-13T10:36:06.030392,Raspberry_Relieve1,25.652322283333334,-100.2916093,38.677,0.0,0,0.0,100.0,-1,0.001,,,,,,3756,1.15,0.0,34.698944
2026-07-13T10:36:07.030490,Raspberry_Relieve1,25.652322283333334,-100.2916093,38.679,0.0,0,0.0,100.0,-1,0.001,,,,,,3757,0.88,0.0,34.698944
2026-07-13T10:36:08.030604,Raspberry_Relieve1,25.652322283333334,-100.2916093,38.68,0.0,0,0.0,100.0,-1,0.001,,,,,,3758,0.99,0.0,34.698944
2026-07-13T10:36:09.030715,Raspberry_Relieve1,25.652322283333334,-100.2916093,38.683,0.0,0,0.0,100.0,-1,0.001,,,,,,3759,1.09,0.0,34.698944
2026-07-13T10:36:10.030827,Raspberry_Relieve1,25.652322283333334,-100.2916093,38.686,0.0,0,0.0,100.0,-1,0.001,,,,,,3760,0.93,0.0,34.698944
2026-07-13T10:36:11.031058,Raspberry_Relieve1,25.652322283333334,-100.2916093,38.686,0.0,0,0.0,100.0,-1,0.001,,,,,,3761,1.08,0.0,34.698944
2026-07-13T10:36:12.031167,Raspberry_Relieve1,25.652322283333334,-100.2916093,38.688,0.0,0,0.0,100.0,-1,0.001,,,,,,3762,0.99,0.0,34.698944
2026-07-13T10:36:13.031347,Raspberry_Relieve1,25.652322283333334,-100.2916093,38.689,0.0,0,0.0,100.0,-1,0.001,,,,,,3763,0.88,0.0,34.698944
2026-07-13T10:36:14.031567,Raspberry_Relieve1,25.652322283333334,-100.2916093,38.69,0.0,0,0.0,100.0,-1,0.001,,,,,,3764,1.03,0.0,34.698944
2026-07-13T10:36:15.031676,Raspberry_Relieve1,25.652322283333334,-100.2916093,38.692,0.0,0,0.0,100.0,-1,0.001,,,,,,3765,1.09,0.0,34.698944
2026-07-13T10:36:16.031783,Raspberry_Relieve1,25.652322283333334,-100.2916093,38.692,0.0,0,0.0,100.0,-1,0.001,,,,,,3766,0.89,0.0,34.698944
2026-07-13T10:36:17.032008,Raspberry_Relieve1,25.652322283333334,-100.2916093,38.694,0.0,0,0.0,100.0,-1,0.001,,,,,,3767,1.0,0.0,34.698944
2026-07-13T10:36:18.032174,Raspberry_Relieve1,25.652322283333334,-100.2916093,38.696,0.0,0,0.0,100.0,-1,0.001,,,,,,3768,1.14,0.0,34.698944
2026-07-13T10:36:19.032295,Raspberry_Relieve1,25.652322283333334,-100.2916093,38.696,0.0,0,0.0,100.0,-1,0.001,,,,,,3769,0.92,0.0,34.698944
2026-07-13T10:36:20.032482,Raspberry_Relieve1,25.652322283333334,-100.2916093,38.696,0.0,0,0.0,100.0,-1,0.001,,,,,,3770,1.04,0.0,34.698944
2026-07-13T10:36:21.032644,Raspberry_Relieve1,25.652322283333334,-100.2916093,38.698,0.0,0,0.0,100.0,-1,0.001,,,,,,3771,0.89,0.0,34.698944
2026-07-13T10:36:22.032826,Raspberry_Relieve1,25.652322283333334,-100.2916093,38.699,0.0,0,0.0,100.0,-1,0.001,,,,,,3772,1.07,0.0,34.698944
2026-07-13T10:36:23.032939,Raspberry_Relieve1,25.652322283333334,-100.2916093,38.701,0.0,0,0.0,100.0,-1,0.001,,,,,,3773,1.02,0.0,34.698944
2026-07-13T10:36:24.033134,Raspberry_Relieve1,25.652322283333334,-100.2916093,38.701,0.0,0,0.0,100.0,-1,0.001,,,,,,3774,0.94,0.0,34.698944
2026-07-13T10:36:25.033244,Raspberry_Relieve1,25.652322283333334,-100.2916093,38.703,0.0,0,0.0,100.0,-1,0.001,,,,,,3775,1.09,0.0,34.698944
2026-07-13T10:36:26.033421,Raspberry_Relieve1,25.652322283333334,-100.2916093,38.703,0.0,0,0.0,100.0,-1,0.001,,,,,,3776,1.0,0.0,34.698944
2026-07-13T10:36:27.033552,Raspberry_Relieve1,25.652322283333334,-100.2916093,38.704,0.0,0,0.0,100.0,-1,0.001,,,,,,3777,0.9,0.0,34.698944
2026-07-13T10:36:28.033733,Raspberry_Relieve1,25.652322283333334,-100.2916093,38.703,0.0,0,0.0,100.0,-1,0.001,,,,,,3778,1.03,0.0,34.698944
2026-07-13T10:36:29.034052,Raspberry_Relieve1,25.652322283333334,-100.2916093,38.706,0.0,0,0.0,100.0,-1,0.001,,,,,,3779,0.97,0.0,34.698944
2026-07-13T10:36:30.034278,Raspberry_Relieve1,25.652322283333334,-100.2916093,38.707,0.0,0,0.0,100.0,-1,0.001,,,,,,3780,1.1,0.0,34.698944
2026-07-13T10:36:31.034469,Raspberry_Relieve1,25.652322283333334,-100.2916093,38.708,0.0,0,0.0,100.0,-1,0.001,,,,,,3781,1.0,0.0,34.698944
2026-07-13T10:36:32.034679,Raspberry_Relieve1,25.652322283333334,-100.2916093,38.708,0.0,0,0.0,100.0,-1,0.001,,,,,,3782,0.91,0.0,34.698944
2026-07-13T10:36:33.034902,Raspberry_Relieve1,25.652322283333334,-100.2916093,38.71,0.0,0,0.0,100.0,-1,0.001,,,,,,3783,1.07,0.0,34.698944
2026-07-13T10:36:34.035095,Raspberry_Relieve1,25.652322283333334,-100.2916093,38.711,0.0,0,0.0,100.0,-1,0.001,,,,,,3784,1.01,0.0,34.698944
2026-07-13T10:36:35.035220,Raspberry_Relieve1,25.652322283333334,-100.2916093,38.711,0.0,0,0.0,100.0,-1,0.001,,,,,,3785,0.95,0.0,34.698944
2026-07-13T10:36:36.035336,Raspberry_Relieve1,25.652322283333334,-100.2916093,38.71,0.0,0,0.0,100.0,-1,0.001,,,,,,3786,0.97,0.0,34.698944
2026-07-13T10:36:37.035474,Raspberry_Relieve1,25.652322283333334,-100.2916093,38.71,0.0,0,0.0,100.0,-1,0.001,,,,,,3787,0.99,0.0,34.698944
2026-07-13T10:36:38.035595,Raspberry_Relieve1,25.652322283333334,-100.2916093,38.712,0.0,0,0.0,100.0,-1,0.001,,,,,,3788,1.01,0.0,34.698944
2026-07-13T10:36:39.035741,Raspberry_Relieve1,25.652322283333334,-100.2916093,38.712,0.0,0,0.0,100.0,-1,0.001,,,,,,3789,1.03,0.0,34.698944
2026-07-13T10:36:40.035865,Raspberry_Relieve1,25.652322283333334,-100.2916093,38.713,0.0,0,0.0,100.0,-1,0.001,,,,,,3790,0.96,0.0,34.698944
2026-07-13T10:36:41.036102,Raspberry_Relieve1,25.652322283333334,-100.2916093,38.714,0.0,0,0.0,100.0,-1,0.001,,,,,,3791,1.08,0.0,34.698944
2026-07-13T10:36:42.036335,Raspberry_Relieve1,25.652322283333334,-100.2916093,38.716,0.0,0,0.0,100.0,-1,0.001,,,,,,3792,0.97,0.0,34.698944
2026-07-13T10:36:43.036471,Raspberry_Relieve1,25.652322283333334,-100.2916093,38.715,0.0,0,0.0,100.0,-1,0.001,,,,,,3793,1.01,0.0,34.698944
2026-07-13T10:36:44.036690,Raspberry_Relieve1,25.652322283333334,-100.2916093,38.716,0.0,0,0.0,100.0,-1,0.001,,,,,,3794,1.08,0.0,34.698944
2026-07-13T10:36:45.036921,Raspberry_Relieve1,25.652322283333334,-100.2916093,38.716,0.0,0,0.0,100.0,-1,0.001,,,,,,3795,0.91,0.0,34.698944
2026-07-13T10:36:46.037043,Raspberry_Relieve1,25.652322283333334,-100.2916093,38.717,0.0,0,0.0,100.0,-1,0.001,,,,,,3796,0.96,0.0,34.698944
2026-07-13T10:36:47.037179,Raspberry_Relieve1,25.652322283333334,-100.2916093,38.716,0.0,0,0.0,100.0,-1,0.001,,,,,,3797,1.06,0.0,34.698944
2026-07-13T10:36:48.037318,Raspberry_Relieve1,25.652322283333334,-100.2916093,38.718,0.0,0,0.0,100.0,-1,0.001,,,,,,3798,1.01,0.0,34.698944
2026-07-13T10:36:49.037523,Raspberry_Relieve1,25.652322283333334,-100.2916093,38.719,0.0,0,0.0,100.0,-1,0.001,,,,,,3799,0.93,0.0,34.698944
2026-07-13T10:36:50.037741,Raspberry_Relieve1,25.652322283333334,-100.2916093,38.719,0.0,0,0.0,100.0,-1,0.001,,,,,,3800,0.99,0.0,34.698944
2026-07-13T10:36:51.037879,Raspberry_Relieve1,25.652322283333334,-100.2916093,38.721,0.0,0,0.0,100.0,-1,0.001,,,,,,3801,1.0,0.0,34.698944
2026-07-13T10:36:52.038082,Raspberry_Relieve1,25.652322283333334,-100.2916093,38.72,0.0,0,0.0,100.0,-1,0.001,,,,,,3802,1.02,0.0,34.698944
2026-07-13T10:36:53.038293,Raspberry_Relieve1,25.652322283333334,-100.2916093,38.722,0.0,0,0.0,100.0,-1,0.001,,,,,,3803,1.0,0.0,34.698944
2026-07-13T10:36:54.038436,Raspberry_Relieve1,25.652322283333334,-100.2916093,38.722,0.0,0,0.0,100.0,-1,0.001,,,,,,3804,1.09,0.0,34.698944
2026-07-13T10:36:55.038572,Raspberry_Relieve1,25.652322283333334,-100.2916093,38.723,0.0,0,0.0,100.0,-1,0.001,,,,,,3805,1.02,0.0,34.698944
2026-07-13T10:36:56.038702,Raspberry_Relieve1,25.652322283333334,-100.2916093,38.723,0.0,0,0.0,100.0,-1,0.001,,,,,,3806,0.98,0.0,34.698944
2026-07-13T10:36:57.038826,Raspberry_Relieve1,25.652322283333334,-100.2916093,38.723,0.0,0,0.0,100.0,-1,0.001,,,,,,3807,0.9,0.0,34.698944
2026-07-13T10:36:58.039003,Raspberry_Relieve1,25.652322283333334,-100.2916093,38.724,0.0,0,0.0,100.0,-1,0.001,,,,,,3808,0.99,0.0,34.698944
2026-07-13T10:36:59.039136,Raspberry_Relieve1,25.652322283333334,-100.2916093,38.724,0.0,0,0.0,100.0,-1,0.001,,,,,,3809,1.12,0.0,34.698944
2026-07-13T10:37:00.039267,Raspberry_Relieve1,25.652322283333334,-100.2916093,38.724,0.0,0,0.0,100.0,-1,0.001,,,,,,3810,1.03,0.0,34.698944
2026-07-13T10:37:01.039396,Raspberry_Relieve1,25.652322283333334,-100.2916093,38.725,0.0,0,0.0,100.0,-1,0.001,,,,,,3811,0.9,0.0,34.698944
2026-07-13T10:37:02.039471,Raspberry_Relieve1,25.652322283333334,-100.2916093,38.723,0.0,0,0.0,100.0,-1,0.001,,,,,,3812,0.95,0.0,34.698944
2026-07-13T10:37:03.039572,Raspberry_Relieve1,25.652322283333334,-100.2916093,38.725,0.0,0,0.0,100.0,-1,0.001,,,,,,3813,1.01,0.0,34.698944
2026-07-13T10:37:04.039672,Raspberry_Relieve1,25.652322283333334,-100.2916093,38.724,0.0,0,0.0,100.0,-1,0.001,,,,,,3814,0.99,0.0,34.698944
2026-07-13T10:37:05.039775,Raspberry_Relieve1,25.652322283333334,-100.2916093,38.724,0.0,0,0.0,100.0,-1,0.001,,,,,,3815,1.09,0.0,34.698944
2026-07-13T10:37:06.039960,Raspberry_Relieve1,25.652322283333334,-100.2916093,38.726,0.0,0,0.0,100.0,-1,0.001,,,,,,3816,0.99,0.0,34.698944
2026-07-13T10:37:07.040058,Raspberry_Relieve1,25.652322283333334,-100.2916093,38.727,0.0,0,0.0,100.0,-1,0.001,,,,,,3817,0.94,0.0,34.698944
2026-07-13T10:37:08.040185,Raspberry_Relieve1,25.652322283333334,-100.2916093,38.727,0.0,0,0.0,100.0,-1,0.001,,,,,,3818,0.98,0.0,34.698944
2026-07-13T10:37:09.040296,Raspberry_Relieve1,25.652322283333334,-100.2916093,38.727,0.0,0,0.0,100.0,-1,0.001,,,,,,3819,1.02,0.0,34.698944
2026-07-13T10:37:10.040429,Raspberry_Relieve1,25.652322283333334,-100.2916093,38.728,0.0,0,0.0,100.0,-1,0.001,,,,,,3820,1.04,0.0,34.698944
2026-07-13T10:37:11.040571,Raspberry_Relieve1,25.652322283333334,-100.2916093,38.727,0.0,0,0.0,100.0,-1,0.001,,,,,,3821,0.98,0.0,34.698944
2026-07-13T10:37:12.040704,Raspberry_Relieve1,25.652322283333334,-100.2916093,38.728,0.0,0,0.0,100.0,-1,0.001,,,,,,3822,1.07,0.0,34.698944
2026-07-13T10:37:13.040834,Raspberry_Relieve1,25.652322283333334,-100.2916093,38.728,0.0,0,0.0,100.0,-1,0.001,,,,,,3823,0.98,0.0,34.698944
2026-07-13T10:37:14.040962,Raspberry_Relieve1,25.652322283333334,-100.2916093,38.729,0.0,0,0.0,100.0,-1,0.001,,,,,,3824,1.0,0.0,34.698944
2026-07-13T10:37:15.041118,Raspberry_Relieve1,25.652322283333334,-100.2916093,38.729,0.0,0,0.0,100.0,-1,0.001,,,,,,3825,1.02,0.0,34.698944
2026-07-13T10:37:16.041287,Raspberry_Relieve1,25.652322283333334,-100.2916093,38.73,0.0,0,0.0,100.0,-1,0.001,,,,,,3826,0.93,0.0,34.698944
2026-07-13T10:37:17.041413,Raspberry_Relieve1,25.652322283333334,-100.2916093,38.731,0.0,0,0.0,100.0,-1,0.001,,,,,,3827,1.03,0.0,34.698944
2026-07-13T10:37:18.041575,Raspberry_Relieve1,25.652322283333334,-100.2916093,38.731,0.0,0,0.0,100.0,-1,0.001,,,,,,3828,1.08,0.0,34.698944
2026-07-13T10:37:19.041752,Raspberry_Relieve1,25.652322283333334,-100.2916093,38.731,0.0,0,0.0,100.0,-1,0.001,,,,,,3829,1.08,0.0,34.698944
2026-07-13T10:37:20.041883,Raspberry_Relieve1,25.652322283333334,-100.2916093,38.73,0.0,0,0.0,100.0,-1,0.001,,,,,,3830,0.9,0.0,34.698944
2026-07-13T10:37:21.042022,Raspberry_Relieve1,25.652322283333334,-100.2916093,38.73,0.0,0,0.0,100.0,-1,0.001,,,,,,3831,0.99,0.0,34.698944
2026-07-13T10:37:22.042138,Raspberry_Relieve1,25.652322283333334,-100.2916093,38.729,0.0,0,0.0,100.0,-1,0.001,,,,,,3832,0.91,0.0,34.698944
2026-07-13T10:37:23.042265,Raspberry_Relieve1,25.652322283333334,-100.2916093,38.73,0.0,0,0.0,100.0,-1,0.001,,,,,,3833,0.99,0.0,34.698944
2026-07-13T10:37:24.042386,Raspberry_Relieve1,25.652322283333334,-100.2916093,38.73,0.0,0,0.0,100.0,-1,0.001,,,,,,3834,1.1,0.0,34.698944
2026-07-13T10:37:25.042507,Raspberry_Relieve1,25.652322283333334,-100.2916093,38.731,0.0,0,0.0,100.0,-1,0.001,,,,,,3835,0.89,0.0,34.698944
2026-07-13T10:37:26.042649,Raspberry_Relieve1,25.652322283333334,-100.2916093,38.731,0.0,0,0.0,100.0,-1,0.001,,,,,,3836,1.01,0.0,34.698944
2026-07-13T10:37:27.042783,Raspberry_Relieve1,25.652322283333334,-100.2916093,38.732,0.0,0,0.0,100.0,-1,0.001,,,,,,3837,1.11,0.0,34.698944
2026-07-13T10:37:28.042907,Raspberry_Relieve1,25.652322283333334,-100.2916093,38.732,0.0,0,0.0,100.0,-1,0.001,,,,,,3838,0.92,0.0,34.698944
2026-07-13T10:37:29.043024,Raspberry_Relieve1,25.652322283333334,-100.2916093,38.732,0.0,0,0.0,100.0,-1,0.001,,,,,,3839,1.1,0.0,34.698944
2026-07-13T10:37:30.043163,Raspberry_Relieve1,25.652322283333334,-100.2916093,38.732,0.0,0,0.0,100.0,-1,0.001,,,,,,3840,0.97,0.0,34.698944
2026-07-13T10:37:31.043288,Raspberry_Relieve1,25.652322283333334,-100.2916093,38.732,0.0,0,0.0,100.0,-1,0.001,,,,,,3841,0.93,0.0,34.698944
2026-07-13T10:37:32.043410,Raspberry_Relieve1,25.652322283333334,-100.2916093,38.732,0.0,0,0.0,100.0,-1,0.001,,,,,,3842,1.13,0.0,34.698944
2026-07-13T10:37:33.043543,Raspberry_Relieve1,25.652322283333334,-100.2916093,38.734,0.0,0,0.0,100.0,-1,0.001,,,,,,3843,0.85,0.0,34.698944
2026-07-13T10:37:34.043672,Raspberry_Relieve1,25.652322283333334,-100.2916093,38.734,0.0,0,0.0,100.0,-1,0.001,,,,,,3844,0.98,0.0,34.698944
2026-07-13T10:37:35.043792,Raspberry_Relieve1,25.652322283333334,-100.2916093,38.734,0.0,0,0.0,100.0,-1,0.001,,,,,,3845,1.03,0.0,34.698944
2026-07-13T10:37:36.043955,Raspberry_Relieve1,25.652322283333334,-100.2916093,38.733,0.0,0,0.0,100.0,-1,0.001,,,,,,3846,1.12,0.0,34.698944
2026-07-13T10:37:37.044049,Raspberry_Relieve1,25.652322283333334,-100.2916093,38.734,0.0,0,0.0,100.0,-1,0.001,,,,,,3847,0.95,0.0,34.698944
2026-07-13T10:37:38.044172,Raspberry_Relieve1,25.652322283333334,-100.2916093,38.734,0.0,0,0.0,100.0,-1,0.001,,,,,,3848,0.98,0.0,34.698944
2026-07-13T10:37:39.044303,Raspberry_Relieve1,25.652322283333334,-100.2916093,38.735,0.0,0,0.0,100.0,-1,0.001,,,,,,3849,0.96,0.0,34.698944
2026-07-13T10:37:40.044428,Raspberry_Relieve1,25.652322283333334,-100.2916093,38.735,0.0,0,0.0,100.0,-1,0.001,,,,,,3850,1.01,0.0,34.698944
2026-07-13T10:37:41.044561,Raspberry_Relieve1,25.652322283333334,-100.2916093,38.737,0.0,0,0.0,100.0,-1,0.001,,,,,,3851,1.08,0.0,34.698944
2026-07-13T10:37:42.044681,Raspberry_Relieve1,25.652322283333334,-100.2916093,38.735,0.0,0,0.0,100.0,-1,0.001,,,,,,3852,0.88,0.0,34.698944
2026-07-13T10:37:43.044893,Raspberry_Relieve1,25.652322283333334,-100.2916093,38.736,0.0,0,0.0,100.0,-1,0.001,,,,,,3853,1.11,0.0,34.698944
2026-07-13T10:37:44.045011,Raspberry_Relieve1,25.652322283333334,-100.2916093,38.737,0.0,0,0.0,100.0,-1,0.001,,,,,,3854,0.98,0.0,34.698944
2026-07-13T10:37:45.045135,Raspberry_Relieve1,25.652322283333334,-100.2916093,38.735,0.0,0,0.0,100.0,-1,0.001,,,,,,3855,0.99,0.0,34.698944
2026-07-13T10:37:46.045271,Raspberry_Relieve1,25.652322283333334,-100.2916093,38.735,0.0,0,0.0,100.0,-1,0.001,,,,,,3856,1.0,0.0,34.698944
2026-07-13T10:37:47.045396,Raspberry_Relieve1,25.652322283333334,-100.2916093,38.736,0.0,0,0.0,100.0,-1,0.001,,,,,,3857,0.95,0.0,34.698944
2026-07-13T10:37:48.045531,Raspberry_Relieve1,25.652322283333334,-100.2916093,38.738,0.0,0,0.0,100.0,-1,0.001,,,,,,3858,1.06,0.0,34.698944
2026-07-13T10:37:49.045656,Raspberry_Relieve1,25.652322283333334,-100.2916093,38.738,0.0,0,0.0,100.0,-1,0.001,,,,,,3859,0.99,0.0,34.698944
2026-07-13T10:37:50.045778,Raspberry_Relieve1,25.652322283333334,-100.2916093,38.737,0.0,0,0.0,100.0,-1,0.001,,,,,,3860,1.0,0.0,34.698944
2026-07-13T10:37:51.045904,Raspberry_Relieve1,25.652322283333334,-100.2916093,38.739,0.0,0,0.0,100.0,-1,0.001,,,,,,3861,1.01,0.0,34.698944
2026-07-13T10:37:52.046028,Raspberry_Relieve1,25.652322283333334,-100.2916093,38.74,0.0,0,0.0,100.0,-1,0.001,,,,,,3862,1.03,0.0,34.698944
2026-07-13T10:37:53.046145,Raspberry_Relieve1,25.652322283333334,-100.2916093,38.738,0.0,0,0.0,100.0,-1,0.001,,,,,,3863,0.91,0.0,34.698944
2026-07-13T10:37:54.046265,Raspberry_Relieve1,25.652322283333334,-100.2916093,38.736,0.0,0,0.0,100.0,-1,0.001,,,,,,3864,0.98,0.0,34.698944
2026-07-13T10:37:55.046384,Raspberry_Relieve1,25.652322283333334,-100.2916093,38.738,0.0,0,0.0,100.0,-1,0.001,,,,,,3865,1.42,0.0,34.698944
2026-07-13T10:37:56.046513,Raspberry_Relieve1,25.652322283333334,-100.2916093,38.74,0.0,0,0.0,100.0,-1,0.001,,,,,,3866,0.56,0.0,34.698944
2026-07-13T10:37:57.046654,Raspberry_Relieve1,25.652322283333334,-100.2916093,38.738,0.0,0,0.0,100.0,-1,0.001,,,,,,3867,1.12,0.0,34.698944
2026-07-13T10:37:58.046769,Raspberry_Relieve1,25.652322283333334,-100.2916093,38.741,0.0,0,0.0,100.0,-1,0.001,,,,,,3868,0.89,0.0,34.698944
2026-07-13T10:37:59.046880,Raspberry_Relieve1,25.652322283333334,-100.2916093,38.74,0.0,0,0.0,100.0,-1,0.001,,,,,,3869,1.1,0.0,34.698944
2026-07-13T10:38:00.047082,Raspberry_Relieve1,25.652322283333334,-100.2916093,38.739,0.0,0,0.0,100.0,-1,0.001,,,,,,3870,0.99,0.0,34.698944
2026-07-13T10:38:01.047153,Raspberry_Relieve1,25.652322283333334,-100.2916093,38.738,0.0,0,0.0,100.0,-1,0.001,,,,,,3871,0.96,0.0,34.698944
2026-07-13T10:38:02.047234,Raspberry_Relieve1,25.652322283333334,-100.2916093,38.738,0.0,0,0.0,100.0,-1,0.001,,,,,,3872,0.96,0.0,34.698944
2026-07-13T10:38:03.047338,Raspberry_Relieve1,25.652322283333334,-100.2916093,38.738,0.0,0,0.0,100.0,-1,0.001,,,,,,3873,1.06,0.0,34.698944
2026-07-13T10:38:04.047431,Raspberry_Relieve1,25.652322283333334,-100.2916093,38.739,0.0,0,0.0,100.0,-1,0.001,,,,,,3874,0.99,0.0,34.698944
2026-07-13T10:38:05.047520,Raspberry_Relieve1,25.652322283333334,-100.2916093,38.739,0.0,0,0.0,100.0,-1,0.001,,,,,,3875,1.02,0.0,34.698944
2026-07-13T10:38:06.047672,Raspberry_Relieve1,25.652322283333334,-100.2916093,38.74,0.0,0,0.0,100.0,-1,0.001,,,,,,3876,1.02,0.0,34.698944
2026-07-13T10:38:07.047806,Raspberry_Relieve1,25.652322283333334,-100.2916093,38.742,0.0,0,0.0,100.0,-1,0.001,,,,,,3877,1.0,0.0,34.698944
2026-07-13T10:38:08.047965,Raspberry_Relieve1,25.652322283333334,-100.2916093,38.742,0.0,0,0.0,100.0,-1,0.001,,,,,,3878,0.93,0.0,34.698944
2026-07-13T10:38:09.048040,Raspberry_Relieve1,25.652322283333334,-100.2916093,38.742,0.0,0,0.0,100.0,-1,0.001,,,,,,3879,0.98,0.0,34.698944
2026-07-13T10:38:10.048156,Raspberry_Relieve1,25.652322283333334,-100.2916093,38.739,0.0,0,0.0,100.0,-1,0.001,,,,,,3880,1.0,0.0,34.698944
2026-07-13T10:38:11.048283,Raspberry_Relieve1,25.652322283333334,-100.2916093,38.742,0.0,0,0.0,100.0,-1,0.001,,,,,,3881,1.1,0.0,34.698944
2026-07-13T10:38:12.048414,Raspberry_Relieve1,25.652322283333334,-100.2916093,38.742,0.0,0,0.0,100.0,-1,0.001,,,,,,3882,0.93,0.0,34.698944
2026-07-13T10:38:13.048532,Raspberry_Relieve1,25.652322283333334,-100.2916093,38.741,0.0,0,0.0,100.0,-1,0.001,,,,,,3883,0.99,0.0,34.698944
2026-07-13T10:38:14.048656,Raspberry_Relieve1,25.652322283333334,-100.2916093,38.742,0.0,0,0.0,100.0,-1,0.001,,,,,,3884,1.06,0.0,34.698944
2026-07-13T10:38:15.048794,Raspberry_Relieve1,25.652322283333334,-100.2916093,38.741,0.0,0,0.0,100.0,-1,0.001,,,,,,3885,0.94,0.0,34.698944
2026-07-13T10:38:16.048917,Raspberry_Relieve1,25.652322283333334,-100.2916093,38.743,0.0,0,0.0,100.0,-1,0.001,,,,,,3886,1.11,0.0,34.698944
2026-07-13T10:38:17.049042,Raspberry_Relieve1,25.652322283333334,-100.2916093,38.743,0.0,0,0.0,100.0,-1,0.001,,,,,,3887,0.95,0.0,34.698944
2026-07-13T10:38:18.049170,Raspberry_Relieve1,25.652322283333334,-100.2916093,38.743,0.0,0,0.0,100.0,-1,0.001,,,,,,3888,1.02,0.0,34.698944
2026-07-13T10:38:19.049317,Raspberry_Relieve1,25.652322283333334,-100.2916093,38.742,0.0,0,0.0,100.0,-1,0.001,,,,,,3889,0.97,0.0,34.698944
2026-07-13T10:38:20.049443,Raspberry_Relieve1,25.652322283333334,-100.2916093,38.743,0.0,0,0.0,100.0,-1,0.001,,,,,,3890,0.98,0.0,34.698944
2026-07-13T10:38:21.049574,Raspberry_Relieve1,25.652322283333334,-100.2916093,38.744,0.0,0,0.0,100.0,-1,0.001,,,,,,3891,0.99,0.0,34.698944
2026-07-13T10:38:22.049700,Raspberry_Relieve1,25.652322283333334,-100.2916093,38.744,0.0,0,0.0,100.0,-1,0.001,,,,,,3892,1.01,0.0,34.698944
2026-07-13T10:38:23.049828,Raspberry_Relieve1,25.652322283333334,-100.2916093,38.743,0.0,0,0.0,100.0,-1,0.001,,,,,,3893,1.03,0.0,34.698944
2026-07-13T10:38:24.049965,Raspberry_Relieve1,25.652322283333334,-100.2916093,38.744,0.0,0,0.0,100.0,-1,0.001,,,,,,3894,1.0,0.0,34.698944
2026-07-13T10:38:25.050084,Raspberry_Relieve1,25.652322283333334,-100.2916093,38.744,0.0,0,0.0,100.0,-1,0.001,,,,,,3895,1.0,0.0,34.698944
2026-07-13T10:38:26.050213,Raspberry_Relieve1,25.652322283333334,-100.2916093,38.744,0.0,0,0.0,100.0,-1,0.001,,,,,,3896,0.9,0.0,34.698944
2026-07-13T10:38:27.050348,Raspberry_Relieve1,25.652322283333334,-100.2916093,38.742,0.0,0,0.0,100.0,-1,0.001,,,,,,3897,1.02,0.0,34.698944
2026-07-13T10:38:28.050472,Raspberry_Relieve1,25.652322283333334,-100.2916093,38.744,0.0,0,0.0,100.0,-1,0.001,,,,,,3898,1.1,0.0,34.698944
2026-07-13T10:38:29.050609,Raspberry_Relieve1,25.652322283333334,-100.2916093,38.743,0.0,0,0.0,100.0,-1,0.001,,,,,,3899,1.0,0.0,34.698944
2026-07-13T10:38:30.050731,Raspberry_Relieve1,25.652322283333334,-100.2916093,38.743,0.0,0,0.0,100.0,-1,0.001,,,,,,3900,0.89,0.0,34.698944
2026-07-13T10:38:31.050850,Raspberry_Relieve1,25.652322283333334,-100.2916093,38.744,0.0,0,0.0,100.0,-1,0.001,,,,,,3901,1.01,0.0,34.698944
2026-07-13T10:38:32.050974,Raspberry_Relieve1,25.652322283333334,-100.2916093,38.744,0.0,0,0.0,100.0,-1,0.001,,,,,,3902,1.1,0.0,34.698944
2026-07-13T10:38:33.051106,Raspberry_Relieve1,25.652322283333334,-100.2916093,38.743,0.0,0,0.0,100.0,-1,0.001,,,,,,3903,1.0,0.0,34.698944
2026-07-13T10:38:34.051235,Raspberry_Relieve1,25.652322283333334,-100.2916093,38.744,0.0,0,0.0,100.0,-1,0.001,,,,,,3904,0.96,0.0,34.698944
2026-07-13T10:38:35.051356,Raspberry_Relieve1,25.652322283333334,-100.2916093,38.742,0.0,0,0.0,100.0,-1,0.001,,,,,,3905,1.01,0.0,34.698944
2026-07-13T10:38:36.051485,Raspberry_Relieve1,25.652322283333334,-100.2916093,38.744,0.0,0,0.0,100.0,-1,0.001,,,,,,3906,1.0,0.0,34.698944
2026-07-13T10:38:37.051614,Raspberry_Relieve1,25.652322283333334,-100.2916093,38.744,0.0,0,0.0,100.0,-1,0.001,,,,,,3907,0.93,0.0,34.698944
2026-07-13T10:38:38.051721,Raspberry_Relieve1,25.652322283333334,-100.2916093,38.744,0.0,0,0.0,100.0,-1,0.001,,,,,,3908,0.99,0.0,34.698944
2026-07-13T10:38:39.051851,Raspberry_Relieve1,25.652322283333334,-100.2916093,38.744,0.0,0,0.0,100.0,-1,0.001,,,,,,3909,1.02,0.0,34.698944
2026-07-13T10:38:40.052003,Raspberry_Relieve1,25.652322283333334,-100.2916093,38.744,0.0,0,0.0,100.0,-1,0.001,,,,,,3910,0.99,0.0,34.698944
2026-07-13T10:38:41.052110,Raspberry_Relieve1,25.652322283333334,-100.2916093,38.744,0.0,0,0.0,100.0,-1,0.001,,,,,,3911,1.14,0.0,34.698944
2026-07-13T10:38:42.052270,Raspberry_Relieve1,25.652322283333334,-100.2916093,38.745,0.0,0,0.0,100.0,-1,0.001,,,,,,3912,1.42,0.0,34.698944
2026-07-13T10:38:43.052401,Raspberry_Relieve1,25.652322283333334,-100.2916093,38.743,0.0,0,0.0,100.0,-1,0.001,,,,,,3913,0.54,0.0,34.698944
2026-07-13T10:38:44.052520,Raspberry_Relieve1,25.652322283333334,-100.2916093,38.741,0.0,0,0.0,100.0,-1,0.001,,,,,,3914,1.0,0.0,34.698944
2026-07-13T10:38:45.052633,Raspberry_Relieve1,25.652322283333334,-100.2916093,38.744,0.0,0,0.0,100.0,-1,0.001,,,,,,3915,1.04,0.0,34.698944
2026-07-13T10:38:46.052757,Raspberry_Relieve1,25.652322283333334,-100.2916093,38.743,0.0,0,0.0,100.0,-1,0.001,,,,,,3916,0.96,0.0,34.698944
2026-07-13T10:38:47.052880,Raspberry_Relieve1,25.652322283333334,-100.2916093,38.745,0.0,0,0.0,100.0,-1,0.001,,,,,,3917,0.91,0.0,34.698944
2026-07-13T10:38:48.053004,Raspberry_Relieve1,25.652322283333334,-100.2916093,38.744,0.0,0,0.0,100.0,-1,0.001,,,,,,3918,1.04,0.0,34.698944
2026-07-13T10:38:49.053145,Raspberry_Relieve1,25.652322283333334,-100.2916093,38.745,0.0,0,0.0,100.0,-1,0.001,,,,,,3919,1.05,0.0,34.698944
2026-07-13T10:38:50.053308,Raspberry_Relieve1,25.652322283333334,-100.2916093,38.745,0.0,0,0.0,100.0,-1,0.001,,,,,,3920,0.97,0.0,34.698944
2026-07-13T10:38:51.053413,Raspberry_Relieve1,25.652322283333334,-100.2916093,38.744,0.0,0,0.0,100.0,-1,0.001,,,,,,3921,1.04,0.0,34.698944
2026-07-13T10:38:52.053529,Raspberry_Relieve1,25.652322283333334,-100.2916093,38.745,0.0,0,0.0,100.0,-1,0.001,,,,,,3922,0.99,0.0,34.698944
2026-07-13T10:38:53.053645,Raspberry_Relieve1,25.652322283333334,-100.2916093,38.746,0.0,0,0.0,100.0,-1,0.001,,,,,,3923,1.02,0.0,34.698944
2026-07-13T10:38:54.053755,Raspberry_Relieve1,25.652322283333334,-100.2916093,38.745,0.0,0,0.0,100.0,-1,0.001,,,,,,3924,0.92,0.0,34.698944
2026-07-13T10:38:55.053870,Raspberry_Relieve1,25.652322283333334,-100.2916093,38.745,0.0,0,0.0,100.0,-1,0.001,,,,,,3925,1.0,0.0,34.698944
2026-07-13T10:38:56.054164,Raspberry_Relieve1,25.652322283333334,-100.2916093,38.744,0.0,0,0.0,100.0,-1,0.001,,,,,,3926,0.97,0.0,34.698944
2026-07-13T10:38:57.054280,Raspberry_Relieve1,25.652322283333334,-100.2916093,38.745,0.0,0,0.0,100.0,-1,0.001,,,,,,3927,1.09,0.0,34.698944
2026-07-13T10:38:58.054386,Raspberry_Relieve1,25.652322283333334,-100.2916093,38.745,0.0,0,0.0,100.0,-1,0.001,,,,,,3928,0.9,0.0,34.698944
2026-07-13T10:38:59.054501,Raspberry_Relieve1,25.652322283333334,-100.2916093,38.745,0.0,0,0.0,100.0,-1,0.001,,,,,,3929,1.54,0.0,34.698944
2026-07-13T10:39:00.054613,Raspberry_Relieve1,25.652322283333334,-100.2916093,38.746,0.0,0,0.0,100.0,-1,0.001,,,,,,3930,0.45,0.0,34.698944
2026-07-13T10:39:01.054679,Raspberry_Relieve1,25.652322283333334,-100.2916093,38.746,0.0,0,0.0,100.0,-1,0.001,,,,,,3931,1.03,0.0,34.698944
2026-07-13T10:39:02.054761,Raspberry_Relieve1,25.652322283333334,-100.2916093,38.745,0.0,0,0.0,100.0,-1,0.001,,,,,,3932,0.96,0.0,34.698944
2026-07-13T10:39:03.054849,Raspberry_Relieve1,25.652322283333334,-100.2916093,38.744,0.0,0,0.0,100.0,-1,0.001,,,,,,3933,1.03,0.0,34.698944
2026-07-13T10:39:04.054930,Raspberry_Relieve1,25.652322283333334,-100.2916093,38.745,0.0,0,0.0,100.0,-1,0.001,,,,,,3934,1.09,0.0,34.698944
2026-07-13T10:39:05.055013,Raspberry_Relieve1,25.652322283333334,-100.2916093,38.745,0.0,0,0.0,100.0,-1,0.001,,,,,,3935,0.91,0.0,34.698944
2026-07-13T10:39:06.055136,Raspberry_Relieve1,25.652322283333334,-100.2916093,38.745,0.0,0,0.0,100.0,-1,0.001,,,,,,3936,1.06,0.0,34.698944
2026-07-13T10:39:07.055259,Raspberry_Relieve1,25.652322283333334,-100.2916093,38.747,0.0,0,0.0,100.0,-1,0.001,,,,,,3937,1.05,0.0,34.698944
2026-07-13T10:39:08.055359,Raspberry_Relieve1,25.652322283333334,-100.2916093,38.747,0.0,0,0.0,100.0,-1,0.001,,,,,,3938,1.4,0.0,34.698944
2026-07-13T10:39:09.055477,Raspberry_Relieve1,25.652322283333334,-100.2916093,38.745,0.0,0,0.0,100.0,-1,0.001,,,,,,3939,0.48,0.0,34.698944
2026-07-13T10:39:10.055586,Raspberry_Relieve1,25.652322283333334,-100.2916093,38.743,0.0,0,0.0,100.0,-1,0.001,,,,,,3940,1.07,0.0,34.698944
2026-07-13T10:39:11.055703,Raspberry_Relieve1,25.652322283333334,-100.2916093,38.747,0.0,0,0.0,100.0,-1,0.001,,,,,,3941,1.02,0.0,34.698944
2026-07-13T10:39:12.055812,Raspberry_Relieve1,25.652322283333334,-100.2916093,38.745,0.0,0,0.0,100.0,-1,0.001,,,,,,3942,0.93,0.0,34.698944
2026-07-13T10:39:13.055981,Raspberry_Relieve1,25.652322283333334,-100.2916093,38.746,0.0,0,0.0,100.0,-1,0.001,,,,,,3943,1.02,0.0,34.698944
2026-07-13T10:39:14.056094,Raspberry_Relieve1,25.652322283333334,-100.2916093,38.746,0.0,0,0.0,100.0,-1,0.001,,,,,,3944,1.02,0.0,34.698944
2026-07-13T10:39:15.056220,Raspberry_Relieve1,25.652322283333334,-100.2916093,38.747,0.0,0,0.0,100.0,-1,0.001,,,,,,3945,1.08,0.0,34.698944
2026-07-13T10:39:16.056327,Raspberry_Relieve1,25.652322283333334,-100.2916093,38.749,0.0,0,0.0,100.0,-1,0.001,,,,,,3946,0.94,0.0,34.698944
2026-07-13T10:39:17.056446,Raspberry_Relieve1,25.652322283333334,-100.2916093,38.746,0.0,0,0.0,100.0,-1,0.001,,,,,,3947,1.07,0.0,34.698944
2026-07-13T10:39:18.056552,Raspberry_Relieve1,25.652322283333334,-100.2916093,38.746,0.0,0,0.0,100.0,-1,0.001,,,,,,3948,0.87,0.0,34.698944
2026-07-13T10:39:19.056670,Raspberry_Relieve1,25.652322283333334,-100.2916093,38.746,0.0,0,0.0,100.0,-1,0.001,,,,,,3949,1.04,0.0,34.698944
2026-07-13T10:39:20.056774,Raspberry_Relieve1,25.652322283333334,-100.2916093,38.746,0.0,0,0.0,100.0,-1,0.001,,,,,,3950,0.97,0.0,34.698944
2026-07-13T10:39:21.056876,Raspberry_Relieve1,25.652322283333334,-100.2916093,38.747,0.0,0,0.0,100.0,-1,0.001,,,,,,3951,1.08,0.0,34.698944
2026-07-13T10:39:22.056991,Raspberry_Relieve1,25.652322283333334,-100.2916093,38.747,0.0,0,0.0,100.0,-1,0.001,,,,,,3952,1.01,0.0,34.698944
2026-07-13T10:39:23.057126,Raspberry_Relieve1,25.652322283333334,-100.2916093,38.745,0.0,0,0.0,100.0,-1,0.001,,,,,,3953,1.04,0.0,34.698944
2026-07-13T10:39:24.057237,Raspberry_Relieve1,25.652322283333334,-100.2916093,38.747,0.0,0,0.0,100.0,-1,0.001,,,,,,3954,0.88,0.0,34.698944
2026-07-13T10:39:25.057355,Raspberry_Relieve1,25.652322283333334,-100.2916093,38.747,0.0,0,0.0,100.0,-1,0.001,,,,,,3955,0.98,0.0,34.698944
2026-07-13T10:39:26.057468,Raspberry_Relieve1,25.652322283333334,-100.2916093,38.748,0.0,0,0.0,100.0,-1,0.001,,,,,,3956,1.08,0.0,34.698944
2026-07-13T10:39:27.057592,Raspberry_Relieve1,25.652322283333334,-100.2916093,38.747,0.0,0,0.0,100.0,-1,0.001,,,,,,3957,0.94,0.0,34.698944
2026-07-13T10:39:28.057709,Raspberry_Relieve1,25.652322283333334,-100.2916093,38.746,0.0,0,0.0,100.0,-1,0.001,,,,,,3958,1.01,0.0,34.698944
2026-07-13T10:39:29.057818,Raspberry_Relieve1,25.652322283333334,-100.2916093,38.745,0.0,0,0.0,100.0,-1,0.001,,,,,,3959,1.08,0.0,34.698944
2026-07-13T10:39:30.057937,Raspberry_Relieve1,25.652322283333334,-100.2916093,38.748,0.0,0,0.0,100.0,-1,0.001,,,,,,3960,1.0,0.0,34.698944
2026-07-13T10:39:31.058044,Raspberry_Relieve1,25.652322283333334,-100.2916093,38.746,0.0,0,0.0,100.0,-1,0.001,,,,,,3961,0.98,0.0,34.698944
2026-07-13T10:39:32.058155,Raspberry_Relieve1,25.652322283333334,-100.2916093,38.745,0.0,0,0.0,100.0,-1,0.001,,,,,,3962,1.05,0.0,34.698944
2026-07-13T10:39:33.058373,Raspberry_Relieve1,25.652322283333334,-100.2916093,38.747,0.0,0,0.0,100.0,-1,0.001,,,,,,3963,0.87,0.0,34.698944
2026-07-13T10:39:34.058485,Raspberry_Relieve1,25.652322283333334,-100.2916093,38.746,0.0,0,0.0,100.0,-1,0.001,,,,,,3964,1.08,0.0,34.698944
2026-07-13T10:39:35.058603,Raspberry_Relieve1,25.652322283333334,-100.2916093,38.746,0.0,0,0.0,100.0,-1,0.001,,,,,,3965,0.96,0.0,34.698944
2026-07-13T10:39:36.058833,Raspberry_Relieve1,25.652322283333334,-100.2916093,38.747,0.0,0,0.0,100.0,-1,0.001,,,,,,3966,1.04,0.0,34.698944
2026-07-13T10:39:37.059048,Raspberry_Relieve1,25.652322283333334,-100.2916093,38.746,0.0,0,0.0,100.0,-1,0.001,,,,,,3967,1.0,0.0,34.698944
2026-07-13T10:39:38.059164,Raspberry_Relieve1,25.652322283333334,-100.2916093,38.748,0.0,0,0.0,100.0,-1,0.001,,,,,,3968,1.05,0.0,34.698944
2026-07-13T10:39:39.059277,Raspberry_Relieve1,25.652322283333334,-100.2916093,38.747,0.0,0,0.0,100.0,-1,0.001,,,,,,3969,0.98,0.0,34.698944
2026-07-13T10:39:40.059393,Raspberry_Relieve1,25.652322283333334,-100.2916093,38.747,0.0,0,0.0,100.0,-1,0.001,,,,,,3970,0.96,0.0,34.698944
2026-07-13T10:39:41.059618,Raspberry_Relieve1,25.652322283333334,-100.2916093,38.749,0.0,0,0.0,100.0,-1,0.001,,,,,,3971,0.98,0.0,34.698944
2026-07-13T10:39:42.059838,Raspberry_Relieve1,25.652322283333334,-100.2916093,38.748,0.0,0,0.0,100.0,-1,0.001,,,,,,3972,0.99,0.0,34.698944
2026-07-13T10:39:43.059982,Raspberry_Relieve1,25.652322283333334,-100.2916093,38.747,0.0,0,0.0,100.0,-1,0.001,,,,,,3973,1.12,0.0,34.698944
2026-07-13T10:39:44.060089,Raspberry_Relieve1,25.652322283333334,-100.2916093,38.749,0.0,0,0.0,100.0,-1,0.001,,,,,,3974,0.94,0.0,34.698944
2026-07-13T10:39:45.060194,Raspberry_Relieve1,25.652322283333334,-100.2916093,38.746,0.0,0,0.0,100.0,-1,0.001,,,,,,3975,1.01,0.0,34.698944
2026-07-13T10:39:46.060308,Raspberry_Relieve1,25.652322283333334,-100.2916093,38.747,0.0,0,0.0,100.0,-1,0.001,,,,,,3976,0.94,0.0,34.698944
2026-07-13T10:39:47.060417,Raspberry_Relieve1,25.652322283333334,-100.2916093,38.745,0.0,0,0.0,100.0,-1,0.001,,,,,,3977,1.02,0.0,34.698944
2026-07-13T10:39:48.060524,Raspberry_Relieve1,25.652322283333334,-100.2916093,38.748,0.0,0,0.0,100.0,-1,0.001,,,,,,3978,1.01,0.0,34.698944
2026-07-13T10:39:49.060646,Raspberry_Relieve1,25.652322283333334,-100.2916093,38.747,0.0,0,0.0,100.0,-1,0.001,,,,,,3979,1.01,0.0,34.698944
2026-07-13T10:39:50.060761,Raspberry_Relieve1,25.652322283333334,-100.2916093,38.749,0.0,0,0.0,100.0,-1,0.001,,,,,,3980,1.03,0.0,34.698944
2026-07-13T10:39:51.060880,Raspberry_Relieve1,25.652322283333334,-100.2916093,38.747,0.0,0,0.0,100.0,-1,0.001,,,,,,3981,0.98,0.0,34.698944
2026-07-13T10:39:52.060983,Raspberry_Relieve1,25.652322283333334,-100.2916093,38.746,0.0,0,0.0,100.0,-1,0.001,,,,,,3982,1.04,0.0,34.698944
2026-07-13T10:39:53.061203,Raspberry_Relieve1,25.652322283333334,-100.2916093,38.747,0.0,0,0.0,100.0,-1,0.001,,,,,,3983,0.88,0.0,34.698944
2026-07-13T10:39:54.061426,Raspberry_Relieve1,25.652322283333334,-100.2916093,38.747,0.0,0,0.0,100.0,-1,0.001,,,,,,3984,0.97,0.0,34.698944
2026-07-13T10:39:55.061649,Raspberry_Relieve1,25.652322283333334,-100.2916093,38.746,0.0,0,0.0,100.0,-1,0.001,,,,,,3985,1.02,0.0,34.698944
2026-07-13T10:39:56.061751,Raspberry_Relieve1,25.652322283333334,-100.2916093,38.748,0.0,0,0.0,100.0,-1,0.001,,,,,,3986,1.09,0.0,34.698944
2026-07-13T10:39:57.061865,Raspberry_Relieve1,25.652322283333334,-100.2916093,38.748,0.0,0,0.0,100.0,-1,0.001,,,,,,3987,0.92,0.0,34.698944
2026-07-13T10:39:58.061978,Raspberry_Relieve1,25.652322283333334,-100.2916093,38.747,0.0,0,0.0,100.0,-1,0.001,,,,,,3988,1.05,0.0,34.698944
2026-07-13T10:39:59.062082,Raspberry_Relieve1,25.652322283333334,-100.2916093,38.747,0.0,0,0.0,100.0,-1,0.001,,,,,,3989,1.02,0.0,34.698944
2026-07-13T10:40:00.062193,Raspberry_Relieve1,25.652322283333334,-100.2916093,38.746,0.0,0,0.0,100.0,-1,0.001,,,,,,3990,0.98,0.0,34.698944
2026-07-13T10:40:01.062331,Raspberry_Relieve1,25.652322283333334,-100.2916093,38.745,0.0,0,0.0,100.0,-1,0.001,,,,,,3991,0.94,0.0,34.698944
2026-07-13T10:40:02.062477,Raspberry_Relieve1,25.652322283333334,-100.2916093,38.746,0.0,0,0.0,100.0,-1,0.001,,,,,,3992,1.04,0.0,34.698944
2026-07-13T10:40:03.062572,Raspberry_Relieve1,25.652322283333334,-100.2916093,38.747,0.0,0,0.0,100.0,-1,0.001,,,,,,3993,1.03,0.0,34.698944
2026-07-13T10:40:04.062691,Raspberry_Relieve1,25.652322283333334,-100.2916093,38.748,0.0,0,0.0,100.0,-1,0.001,,,,,,3994,1.0,0.0,34.698944
2026-07-13T10:40:05.062789,Raspberry_Relieve1,25.652322283333334,-100.2916093,38.746,0.0,0,0.0,100.0,-1,0.001,,,,,,3995,1.01,0.0,34.698944
2026-07-13T10:40:06.062900,Raspberry_Relieve1,25.652322283333334,-100.2916093,38.746,0.0,0,0.0,100.0,-1,0.001,,,,,,3996,0.95,0.0,34.698944
2026-07-13T10:40:07.063024,Raspberry_Relieve1,25.652322283333334,-100.2916093,38.747,0.0,0,0.0,100.0,-1,0.001,,,,,,3997,1.05,0.0,34.698944
2026-07-13T10:40:08.063182,Raspberry_Relieve1,25.652322283333334,-100.2916093,38.747,0.0,0,0.0,100.0,-1,0.001,,,,,,3998,0.97,0.0,34.698944
2026-07-13T10:40:09.063302,Raspberry_Relieve1,25.652322283333334,-100.2916093,38.747,0.0,0,0.0,100.0,-1,0.001,,,,,,3999,1.05,0.0,34.698944
2026-07-13T10:40:10.063411,Raspberry_Relieve1,25.652322283333334,-100.2916093,38.747,0.0,0,0.0,100.0,-1,0.001,,,,,,4000,0.99,0.0,34.698944
2026-07-13T10:40:11.063518,Raspberry_Relieve1,25.652322283333334,-100.2916093,38.747,0.0,0,0.0,100.0,-1,0.001,,,,,,4001,0.91,0.0,34.698944
2026-07-13T10:40:12.063636,Raspberry_Relieve1,25.652322283333334,-100.2916093,38.746,0.0,0,0.0,100.0,-1,0.001,,,,,,4002,1.09,0.0,34.698944
2026-07-13T10:40:13.063745,Raspberry_Relieve1,25.652322283333334,-100.2916093,38.747,0.0,0,0.0,100.0,-1,0.001,,,,,,4003,1.02,0.0,34.698944
2026-07-13T10:40:14.063853,Raspberry_Relieve1,25.652322283333334,-100.2916093,38.747,0.0,0,0.0,100.0,-1,0.001,,,,,,4004,0.87,0.0,34.698944
2026-07-13T10:40:15.063968,Raspberry_Relieve1,25.652322283333334,-100.2916093,38.747,0.0,0,0.0,100.0,-1,0.001,,,,,,4005,1.11,0.0,34.698944
2026-07-13T10:40:16.064083,Raspberry_Relieve1,25.652322283333334,-100.2916093,38.747,0.0,0,0.0,100.0,-1,0.001,,,,,,4006,0.98,0.0,34.698944
2026-07-13T10:40:17.064193,Raspberry_Relieve1,25.652322283333334,-100.2916093,38.746,0.0,0,0.0,100.0,-1,0.001,,,,,,4007,1.11,0.0,34.698944
2026-07-13T10:40:18.064308,Raspberry_Relieve1,25.652322283333334,-100.2916093,38.745,0.0,0,0.0,100.0,-1,0.001,,,,,,4008,0.9,0.0,34.698944
2026-07-13T10:40:19.064488,Raspberry_Relieve1,25.652322283333334,-100.2916093,38.746,0.0,0,0.0,100.0,-1,0.001,,,,,,4009,0.97,0.0,34.698944
2026-07-13T10:40:20.064603,Raspberry_Relieve1,25.652322283333334,-100.2916093,38.746,0.0,0,0.0,100.0,-1,0.001,,,,,,4010,0.94,0.0,34.698944
2026-07-13T10:40:21.064705,Raspberry_Relieve1,25.652322283333334,-100.2916093,38.747,0.0,0,0.0,100.0,-1,0.001,,,,,,4011,1.01,0.0,34.698944
2026-07-13T10:40:22.064824,Raspberry_Relieve1,25.652322283333334,-100.2916093,38.748,0.0,0,0.0,100.0,-1,0.001,,,,,,4012,0.97,0.0,34.698944
2026-07-13T10:40:23.064927,Raspberry_Relieve1,25.652322283333334,-100.2916093,38.747,0.0,0,0.0,100.0,-1,0.001,,,,,,4013,1.08,0.0,34.698944
2026-07-13T10:40:24.065037,Raspberry_Relieve1,25.652322283333334,-100.2916093,38.748,0.0,0,0.0,100.0,-1,0.001,,,,,,4014,0.99,0.0,34.698944
2026-07-13T10:40:25.065145,Raspberry_Relieve1,25.652322283333334,-100.2916093,38.747,0.0,0,0.0,100.0,-1,0.001,,,,,,4015,1.08,0.0,34.698944
2026-07-13T10:40:26.065253,Raspberry_Relieve1,25.652322283333334,-100.2916093,38.747,0.0,0,0.0,100.0,-1,0.001,,,,,,4016,0.94,0.0,34.698944
2026-07-13T10:40:27.065444,Raspberry_Relieve1,25.652322283333334,-100.2916093,38.748,0.0,0,0.0,100.0,-1,0.001,,,,,,4017,0.96,0.0,34.698944
2026-07-13T10:40:28.065558,Raspberry_Relieve1,25.652322283333334,-100.2916093,38.749,0.0,0,0.0,100.0,-1,0.001,,,,,,4018,0.95,0.0,34.698944
2026-07-13T10:40:29.065724,Raspberry_Relieve1,25.652322283333334,-100.2916093,38.747,0.0,0,0.0,100.0,-1,0.001,,,,,,4019,1.1,0.0,34.698944
2026-07-13T10:40:30.065853,Raspberry_Relieve1,25.652322283333334,-100.2916093,38.748,0.0,0,0.0,100.0,-1,0.001,,,,,,4020,0.99,0.0,34.698944
2026-07-13T10:40:31.065971,Raspberry_Relieve1,25.652322283333334,-100.2916093,38.747,0.0,0,0.0,100.0,-1,0.001,,,,,,4021,1.01,0.0,34.698944
2026-07-13T10:40:32.066073,Raspberry_Relieve1,25.652322283333334,-100.2916093,38.747,0.0,0,0.0,100.0,-1,0.001,,,,,,4022,1.0,0.0,34.698944
2026-07-13T10:40:33.066259,Raspberry_Relieve1,25.652322283333334,-100.2916093,38.746,0.0,0,0.0,100.0,-1,0.001,,,,,,4023,0.92,0.0,34.698944
2026-07-13T10:40:34.066381,Raspberry_Relieve1,25.652322283333334,-100.2916093,38.747,0.0,0,0.0,100.0,-1,0.001,,,,,,4024,1.08,0.0,34.698944
2026-07-13T10:40:35.066483,Raspberry_Relieve1,25.652322283333334,-100.2916093,38.749,0.0,0,0.0,100.0,-1,0.001,,,,,,4025,1.03,0.0,34.698944
2026-07-13T10:40:36.066614,Raspberry_Relieve1,25.652322283333334,-100.2916093,38.748,0.0,0,0.0,100.0,-1,0.001,,,,,,4026,0.97,0.0,34.698944
2026-07-13T10:40:37.066815,Raspberry_Relieve1,25.652322283333334,-100.2916093,38.749,0.0,0,0.0,100.0,-1,0.001,,,,,,4027,1.01,0.0,34.698944
2026-07-13T10:40:38.067005,Raspberry_Relieve1,25.652322283333334,-100.2916093,38.748,0.0,0,0.0,100.0,-1,0.001,,,,,,4028,0.92,0.0,34.698944
2026-07-13T10:40:39.067117,Raspberry_Relieve1,25.652322283333334,-100.2916093,38.747,0.0,0,0.0,100.0,-1,0.001,,,,,,4029,1.06,0.0,34.698944
2026-07-13T10:40:40.067237,Raspberry_Relieve1,25.652322283333334,-100.2916093,38.749,0.0,0,0.0,100.0,-1,0.001,,,,,,4030,1.05,0.0,34.698944
2026-07-13T10:40:41.067411,Raspberry_Relieve1,25.652322283333334,-100.2916093,38.748,0.0,0,0.0,100.0,-1,0.001,,,,,,4031,0.89,0.0,34.698944
2026-07-13T10:40:42.067534,Raspberry_Relieve1,25.652322283333334,-100.2916093,38.748,0.0,0,0.0,100.0,-1,0.001,,,,,,4032,1.0,0.0,34.698944
2026-07-13T10:40:43.067652,Raspberry_Relieve1,25.652322283333334,-100.2916093,38.748,0.0,0,0.0,100.0,-1,0.001,,,,,,4033,1.02,0.0,34.698944
2026-07-13T10:40:44.067760,Raspberry_Relieve1,25.652322283333334,-100.2916093,38.748,0.0,0,0.0,100.0,-1,0.001,,,,,,4034,1.06,0.0,34.698944
2026-07-13T10:40:45.067869,Raspberry_Relieve1,25.652322283333334,-100.2916093,38.75,0.0,0,0.0,100.0,-1,0.001,,,,,,4035,1.02,0.0,34.698944
2026-07-13T10:40:46.068004,Raspberry_Relieve1,25.652322283333334,-100.2916093,38.748,0.0,0,0.0,100.0,-1,0.001,,,,,,4036,0.99,0.0,34.698944
2026-07-13T10:40:47.068115,Raspberry_Relieve1,25.652322283333334,-100.2916093,38.748,0.0,0,0.0,100.0,-1,0.001,,,,,,4037,1.02,0.0,34.698944
2026-07-13T10:40:48.068250,Raspberry_Relieve1,25.652322283333334,-100.2916093,38.748,0.0,0,0.0,100.0,-1,0.001,,,,,,4038,0.99,0.0,34.698944
2026-07-13T10:40:49.068372,Raspberry_Relieve1,25.652322283333334,-100.2916093,38.748,0.0,0,0.0,100.0,-1,0.001,,,,,,4039,0.96,0.0,34.698944
2026-07-13T10:40:50.068539,Raspberry_Relieve1,25.652322283333334,-100.2916093,38.749,0.0,0,0.0,100.0,-1,0.001,,,,,,4040,0.95,0.0,34.698944
2026-07-13T10:40:51.068721,Raspberry_Relieve1,25.652322283333334,-100.2916093,38.749,0.0,0,0.0,100.0,-1,0.001,,,,,,4041,1.35,0.0,34.698944
2026-07-13T10:40:52.068927,Raspberry_Relieve1,25.652322283333334,-100.2916093,38.748,0.0,0,0.0,100.0,-1,0.001,,,,,,4042,0.64,0.0,34.698944
2026-07-13T10:40:53.069045,Raspberry_Relieve1,25.652322283333334,-100.2916093,38.747,0.0,0,0.0,100.0,-1,0.001,,,,,,4043,1.1,0.0,34.698944
2026-07-13T10:40:54.069218,Raspberry_Relieve1,25.652322283333334,-100.2916093,38.748,0.0,0,0.0,100.0,-1,0.001,,,,,,4044,1.02,0.0,34.698944
2026-07-13T10:40:55.069350,Raspberry_Relieve1,25.652322283333334,-100.2916093,38.749,0.0,0,0.0,100.0,-1,0.001,,,,,,4045,1.01,0.0,34.698944
2026-07-13T10:40:56.069461,Raspberry_Relieve1,25.652322283333334,-100.2916093,38.747,0.0,0,0.0,100.0,-1,0.001,,,,,,4046,0.94,0.0,34.698944
2026-07-13T10:40:57.069578,Raspberry_Relieve1,25.652322283333334,-100.2916093,38.748,0.0,0,0.0,100.0,-1,0.001,,,,,,4047,1.03,0.0,34.698944
2026-07-13T10:40:58.069704,Raspberry_Relieve1,25.652322283333334,-100.2916093,38.748,0.0,0,0.0,100.0,-1,0.001,,,,,,4048,0.91,0.0,34.698944
2026-07-13T10:40:59.069814,Raspberry_Relieve1,25.652322283333334,-100.2916093,38.748,0.0,0,0.0,100.0,-1,0.001,,,,,,4049,1.1,0.0,34.698944
2026-07-13T10:41:00.069940,Raspberry_Relieve1,25.652322283333334,-100.2916093,38.748,0.0,0,0.0,100.0,-1,0.001,,,,,,4050,0.9,0.0,34.698944
2026-07-13T10:41:01.070074,Raspberry_Relieve1,25.652322283333334,-100.2916093,38.748,0.0,0,0.0,100.0,-1,0.001,,,,,,4051,1.02,0.0,34.698944
2026-07-13T10:41:02.070185,Raspberry_Relieve1,25.652322283333334,-100.2916093,38.749,0.0,0,0.0,100.0,-1,0.001,,,,,,4052,0.98,0.0,34.698944
2026-07-13T10:41:03.070353,Raspberry_Relieve1,25.652322283333334,-100.2916093,38.748,0.0,0,0.0,100.0,-1,0.001,,,,,,4053,1.0,0.0,34.698944
2026-07-13T10:41:04.070468,Raspberry_Relieve1,25.652322283333334,-100.2916093,38.747,0.0,0,0.0,100.0,-1,0.001,,,,,,4054,1.0,0.0,34.698944
2026-07-13T10:41:05.070577,Raspberry_Relieve1,25.652322283333334,-100.2916093,38.749,0.0,0,0.0,100.0,-1,0.001,,,,,,4055,1.07,0.0,34.698944
2026-07-13T10:41:06.070701,Raspberry_Relieve1,25.652322283333334,-100.2916093,38.749,0.0,0,0.0,100.0,-1,0.001,,,,,,4056,1.01,0.0,34.698944
2026-07-13T10:41:07.070841,Raspberry_Relieve1,25.652322283333334,-100.2916093,38.747,0.0,0,0.0,100.0,-1,0.001,,,,,,4057,0.99,0.0,34.698944
2026-07-13T10:41:08.070959,Raspberry_Relieve1,25.652322283333334,-100.2916093,38.748,0.0,0,0.0,100.0,-1,0.001,,,,,,4058,0.98,0.0,34.698944
2026-07-13T10:41:09.071075,Raspberry_Relieve1,25.652322283333334,-100.2916093,38.748,0.0,0,0.0,100.0,-1,0.001,,,,,,4059,1.22,0.0,34.698944
2026-07-13T10:41:10.071193,Raspberry_Relieve1,25.652322283333334,-100.2916093,38.749,0.0,0,0.0,100.0,-1,0.001,,,,,,4060,0.8,0.0,34.698944
2026-07-13T10:41:11.071322,Raspberry_Relieve1,25.652322283333334,-100.2916093,38.748,0.0,0,0.0,100.0,-1,0.001,,,,,,4061,0.98,0.0,34.698944
2026-07-13T10:41:12.071451,Raspberry_Relieve1,25.652322283333334,-100.2916093,38.751,0.0,0,0.0,100.0,-1,0.001,,,,,,4062,0.95,0.0,34.698944
2026-07-13T10:41:13.071572,Raspberry_Relieve1,25.652322283333334,-100.2916093,38.749,0.0,0,0.0,100.0,-1,0.001,,,,,,4063,1.03,0.0,34.698944
2026-07-13T10:41:14.071678,Raspberry_Relieve1,25.652322283333334,-100.2916093,38.75,0.0,0,0.0,100.0,-1,0.001,,,,,,4064,1.06,0.0,34.698944
2026-07-13T10:41:15.071813,Raspberry_Relieve1,25.652322283333334,-100.2916093,38.75,0.0,0,0.0,100.0,-1,0.001,,,,,,4065,0.97,0.0,34.698944
2026-07-13T10:41:16.071961,Raspberry_Relieve1,25.652322283333334,-100.2916093,38.75,0.0,0,0.0,100.0,-1,0.001,,,,,,4066,1.04,0.0,34.698944
2026-07-13T10:41:17.072038,Raspberry_Relieve1,25.652322283333334,-100.2916093,38.749,0.0,0,0.0,100.0,-1,0.001,,,,,,4067,0.9,0.0,34.698944
2026-07-13T10:41:18.072166,Raspberry_Relieve1,25.652322283333334,-100.2916093,38.749,0.0,0,0.0,100.0,-1,0.001,,,,,,4068,1.05,0.0,34.698944
2026-07-13T10:41:19.072283,Raspberry_Relieve1,25.652322283333334,-100.2916093,38.749,0.0,0,0.0,100.0,-1,0.001,,,,,,4069,1.02,0.0,34.698944
2026-07-13T10:41:20.072402,Raspberry_Relieve1,25.652322283333334,-100.2916093,38.75,0.0,0,0.0,100.0,-1,0.001,,,,,,4070,1.03,0.0,34.698944
2026-07-13T10:41:21.072536,Raspberry_Relieve1,25.652322283333334,-100.2916093,38.749,0.0,0,0.0,100.0,-1,0.001,,,,,,4071,0.88,0.0,34.698944
2026-07-13T10:41:22.072646,Raspberry_Relieve1,25.652322283333334,-100.2916093,38.749,0.0,0,0.0,100.0,-1,0.001,,,,,,4072,1.07,0.0,34.698944
2026-07-13T10:41:23.072776,Raspberry_Relieve1,25.652322283333334,-100.2916093,38.75,0.0,0,0.0,100.0,-1,0.001,,,,,,4073,1.0,0.0,34.698944
2026-07-13T10:41:24.072909,Raspberry_Relieve1,25.652322283333334,-100.2916093,38.748,0.0,0,0.0,100.0,-1,0.001,,,,,,4074,1.05,0.0,34.698944
2026-07-13T10:41:25.073013,Raspberry_Relieve1,25.652322283333334,-100.2916093,38.748,0.0,0,0.0,100.0,-1,0.001,,,,,,4075,1.01,0.0,34.698944
2026-07-13T10:41:26.073130,Raspberry_Relieve1,25.652322283333334,-100.2916093,38.748,0.0,0,0.0,100.0,-1,0.001,,,,,,4076,0.98,0.0,34.698944
2026-07-13T10:41:27.073263,Raspberry_Relieve1,25.652322283333334,-100.2916093,38.75,0.0,0,0.0,100.0,-1,0.001,,,,,,4077,1.0,0.0,34.698944
2026-07-13T10:41:28.073420,Raspberry_Relieve1,25.652322283333334,-100.2916093,38.75,0.0,0,0.0,100.0,-1,0.001,,,,,,4078,1.01,0.0,34.698944
2026-07-13T10:41:29.073533,Raspberry_Relieve1,25.652322283333334,-100.2916093,38.749,0.0,0,0.0,100.0,-1,0.001,,,,,,4079,0.95,0.0,34.698944
2026-07-13T10:41:30.073665,Raspberry_Relieve1,25.652322283333334,-100.2916093,38.749,0.0,0,0.0,100.0,-1,0.001,,,,,,4080,0.95,0.0,34.698944
2026-07-13T10:41:31.073775,Raspberry_Relieve1,25.652322283333334,-100.2916093,38.749,0.0,0,0.0,100.0,-1,0.001,,,,,,4081,1.08,0.0,34.698944
2026-07-13T10:41:32.073892,Raspberry_Relieve1,25.652322283333334,-100.2916093,38.749,0.0,0,0.0,100.0,-1,0.001,,,,,,4082,0.99,0.0,34.698944
2026-07-13T10:41:33.074031,Raspberry_Relieve1,25.652322283333334,-100.2916093,38.75,0.0,0,0.0,100.0,-1,0.001,,,,,,4083,0.97,0.0,34.698944
2026-07-13T10:41:34.074133,Raspberry_Relieve1,25.652322283333334,-100.2916093,38.749,0.0,0,0.0,100.0,-1,0.001,,,,,,4084,0.96,0.0,34.698944
2026-07-13T10:41:35.074268,Raspberry_Relieve1,25.652322283333334,-100.2916093,38.747,0.0,0,0.0,100.0,-1,0.001,,,,,,4085,1.11,0.0,34.698944
2026-07-13T10:41:36.074439,Raspberry_Relieve1,25.652322283333334,-100.2916093,38.748,0.0,0,0.0,100.0,-1,0.001,,,,,,4086,0.9,0.0,34.698944
2026-07-13T10:41:37.074561,Raspberry_Relieve1,25.652322283333334,-100.2916093,38.748,0.0,0,0.0,100.0,-1,0.001,,,,,,4087,1.0,0.0,34.698944
2026-07-13T10:41:38.074678,Raspberry_Relieve1,25.652322283333334,-100.2916093,38.748,0.0,0,0.0,100.0,-1,0.001,,,,,,4088,1.05,0.0,34.698944
2026-07-13T10:41:39.074813,Raspberry_Relieve1,25.652322283333334,-100.2916093,38.747,0.0,0,0.0,100.0,-1,0.001,,,,,,4089,1.05,0.0,34.698944
2026-07-13T10:41:40.074912,Raspberry_Relieve1,25.652322283333334,-100.2916093,38.748,0.0,0,0.0,100.0,-1,0.001,,,,,,4090,0.92,0.0,34.698944
2026-07-13T10:41:41.075034,Raspberry_Relieve1,25.652322283333334,-100.2916093,38.749,0.0,0,0.0,100.0,-1,0.001,,,,,,4091,1.06,0.0,34.698944
2026-07-13T10:41:42.075175,Raspberry_Relieve1,25.652322283333334,-100.2916093,38.75,0.0,0,0.0,100.0,-1,0.001,,,,,,4092,1.01,0.0,34.698944
2026-07-13T10:41:43.075291,Raspberry_Relieve1,25.652322283333334,-100.2916093,38.749,0.0,0,0.0,100.0,-1,0.001,,,,,,4093,0.98,0.0,34.698944
2026-07-13T10:41:44.075430,Raspberry_Relieve1,25.652322283333334,-100.2916093,38.748,0.0,0,0.0,100.0,-1,0.001,,,,,,4094,0.96,0.0,34.698944
2026-07-13T10:41:45.075525,Raspberry_Relieve1,25.652322283333334,-100.2916093,38.749,0.0,0,0.0,100.0,-1,0.001,,,,,,4095,0.99,0.0,34.698944
2026-07-13T10:41:46.075636,Raspberry_Relieve1,25.652322283333334,-100.2916093,38.749,0.0,0,0.0,100.0,-1,0.001,,,,,,4096,1.1,0.0,34.698944
2026-07-13T10:41:47.075794,Raspberry_Relieve1,25.652322283333334,-100.2916093,38.75,0.0,0,0.0,100.0,-1,0.001,,,,,,4097,0.99,0.0,34.698944
2026-07-13T10:41:48.075965,Raspberry_Relieve1,25.652322283333334,-100.2916093,38.749,0.0,0,0.0,100.0,-1,0.001,,,,,,4098,1.02,0.0,34.698944
2026-07-13T10:41:49.076038,Raspberry_Relieve1,25.652322283333334,-100.2916093,38.748,0.0,0,0.0,100.0,-1,0.001,,,,,,4099,0.9,0.0,34.698944
2026-07-13T10:41:50.076145,Raspberry_Relieve1,25.652322283333334,-100.2916093,38.749,0.0,0,0.0,100.0,-1,0.001,,,,,,4100,1.09,0.0,34.698944
2026-07-13T10:41:51.076291,Raspberry_Relieve1,25.652322283333334,-100.2916093,38.749,0.0,0,0.0,100.0,-1,0.001,,,,,,4101,0.92,0.0,34.698944
2026-07-13T10:41:52.076436,Raspberry_Relieve1,25.652322283333334,-100.2916093,38.749,0.0,0,0.0,100.0,-1,0.001,,,,,,4102,0.99,0.0,34.698944
2026-07-13T10:41:53.076560,Raspberry_Relieve1,25.652322283333334,-100.2916093,38.749,0.0,0,0.0,100.0,-1,0.001,,,,,,4103,1.12,0.0,34.698944
2026-07-13T10:41:54.076692,Raspberry_Relieve1,25.652322283333334,-100.2916093,38.749,0.0,0,0.0,100.0,-1,0.001,,,,,,4104,0.92,0.0,34.698944
2026-07-13T10:41:55.076818,Raspberry_Relieve1,25.652322283333334,-100.2916093,38.749,0.0,0,0.0,100.0,-1,0.001,,,,,,4105,0.96,0.0,34.698944
2026-07-13T10:41:56.076945,Raspberry_Relieve1,25.652322283333334,-100.2916093,38.748,0.0,0,0.0,100.0,-1,0.001,,,,,,4106,1.03,0.0,34.698944
2026-07-13T10:41:57.077073,Raspberry_Relieve1,25.652322283333334,-100.2916093,38.748,0.0,0,0.0,100.0,-1,0.001,,,,,,4107,1.03,0.0,34.698944
2026-07-13T10:41:58.077200,Raspberry_Relieve1,25.652322283333334,-100.2916093,38.748,0.0,0,0.0,100.0,-1,0.001,,,,,,4108,0.96,0.0,34.698944
2026-07-13T10:41:59.077355,Raspberry_Relieve1,25.652322283333334,-100.2916093,38.748,0.0,0,0.0,100.0,-1,0.001,,,,,,4109,1.0,0.0,34.698944
2026-07-13T10:42:00.077484,Raspberry_Relieve1,25.652322283333334,-100.2916093,38.748,0.0,0,0.0,100.0,-1,0.001,,,,,,4110,0.99,0.0,34.698944
2026-07-13T10:42:01.077564,Raspberry_Relieve1,25.652322283333334,-100.2916093,38.748,0.0,0,0.0,100.0,-1,0.001,,,,,,4111,1.1,0.0,34.698944
2026-07-13T10:42:02.077650,Raspberry_Relieve1,25.652322283333334,-100.2916093,38.749,0.0,0,0.0,100.0,-1,0.001,,,,,,4112,0.96,0.0,34.698944
2026-07-13T10:42:03.077742,Raspberry_Relieve1,25.652322283333334,-100.2916093,38.749,0.0,0,0.0,100.0,-1,0.001,,,,,,4113,1.01,0.0,34.698944
2026-07-13T10:42:04.077834,Raspberry_Relieve1,25.652322283333334,-100.2916093,38.749,0.0,0,0.0,100.0,-1,0.001,,,,,,4114,0.93,0.0,34.698944
2026-07-13T10:42:05.077923,Raspberry_Relieve1,25.652322283333334,-100.2916093,38.748,0.0,0,0.0,100.0,-1,0.001,,,,,,4115,1.08,0.0,34.698944
2026-07-13T10:42:06.078065,Raspberry_Relieve1,25.652322283333334,-100.2916093,38.748,0.0,0,0.0,100.0,-1,0.001,,,,,,4116,0.98,0.0,34.698944
2026-07-13T10:42:07.078202,Raspberry_Relieve1,25.652322283333334,-100.2916093,38.75,0.0,0,0.0,100.0,-1,0.001,,,,,,4117,0.99,0.0,34.698944
2026-07-13T10:42:08.078319,Raspberry_Relieve1,25.652322283333334,-100.2916093,38.749,0.0,0,0.0,100.0,-1,0.001,,,,,,4118,1.02,0.0,34.698944
2026-07-13T10:42:09.078447,Raspberry_Relieve1,25.652322283333334,-100.2916093,38.751,0.0,0,0.0,100.0,-1,0.001,,,,,,4119,0.99,0.0,34.698944
2026-07-13T10:42:10.078546,Raspberry_Relieve1,25.652322283333334,-100.2916093,38.749,0.0,0,0.0,100.0,-1,0.001,,,,,,4120,0.96,0.0,34.698944
2026-07-13T10:42:11.078667,Raspberry_Relieve1,25.652322283333334,-100.2916093,38.748,0.0,0,0.0,100.0,-1,0.001,,,,,,4121,1.07,0.0,34.698944
2026-07-13T10:42:12.078787,Raspberry_Relieve1,25.652322283333334,-100.2916093,38.751,0.0,0,0.0,100.0,-1,0.001,,,,,,4122,0.92,0.0,34.698944
2026-07-13T10:42:13.078896,Raspberry_Relieve1,25.652322283333334,-100.2916093,38.751,0.0,0,0.0,100.0,-1,0.001,,,,,,4123,1.0,0.0,34.698944
2026-07-13T10:42:14.079017,Raspberry_Relieve1,25.652322283333334,-100.2916093,38.75,0.0,0,0.0,100.0,-1,0.001,,,,,,4124,1.09,0.0,34.698944
2026-07-13T10:42:15.079139,Raspberry_Relieve1,25.652322283333334,-100.2916093,38.75,0.0,0,0.0,100.0,-1,0.001,,,,,,4125,1.0,0.0,34.698944
2026-07-13T10:42:16.079255,Raspberry_Relieve1,25.652322283333334,-100.2916093,38.75,0.0,0,0.0,100.0,-1,0.001,,,,,,4126,0.99,0.0,34.698944
2026-07-13T10:42:17.079367,Raspberry_Relieve1,25.652322283333334,-100.2916093,38.749,0.0,0,0.0,100.0,-1,0.001,,,,,,4127,0.99,0.0,34.698944
2026-07-13T10:42:18.079499,Raspberry_Relieve1,25.652322283333334,-100.2916093,38.749,0.0,0,0.0,100.0,-1,0.001,,,,,,4128,0.94,0.0,34.698944
2026-07-13T10:42:19.079614,Raspberry_Relieve1,25.652322283333334,-100.2916093,38.749,0.0,0,0.0,100.0,-1,0.001,,,,,,4129,1.06,0.0,34.698944
2026-07-13T10:42:20.079740,Raspberry_Relieve1,25.652322283333334,-100.2916093,38.75,0.0,0,0.0,100.0,-1,0.001,,,,,,4130,1.04,0.0,34.698944
2026-07-13T10:42:21.079858,Raspberry_Relieve1,25.652322283333334,-100.2916093,38.748,0.0,0,0.0,100.0,-1,0.001,,,,,,4131,0.96,0.0,34.698944
2026-07-13T10:42:22.079994,Raspberry_Relieve1,25.652322283333334,-100.2916093,38.749,0.0,0,0.0,100.0,-1,0.001,,,,,,4132,1.04,0.0,34.698944
2026-07-13T10:42:23.080114,Raspberry_Relieve1,25.652322283333334,-100.2916093,38.748,0.0,0,0.0,100.0,-1,0.001,,,,,,4133,0.95,0.0,34.698944
2026-07-13T10:42:24.080253,Raspberry_Relieve1,25.652322283333334,-100.2916093,38.749,0.0,0,0.0,100.0,-1,0.001,,,,,,4134,1.04,0.0,34.698944
2026-07-13T10:42:25.080365,Raspberry_Relieve1,25.652322283333334,-100.2916093,38.748,0.0,0,0.0,100.0,-1,0.001,,,,,,4135,0.9,0.0,34.698944
2026-07-13T10:42:26.080501,Raspberry_Relieve1,25.652322283333334,-100.2916093,38.747,0.0,0,0.0,100.0,-1,0.001,,,,,,4136,1.13,0.0,34.698944
2026-07-13T10:42:27.080646,Raspberry_Relieve1,25.652322283333334,-100.2916093,38.75,0.0,0,0.0,100.0,-1,0.001,,,,,,4137,0.99,0.0,34.698944
2026-07-13T10:42:28.080764,Raspberry_Relieve1,25.652322283333334,-100.2916093,38.749,0.0,0,0.0,100.0,-1,0.001,,,,,,4138,0.98,0.0,34.698944
2026-07-13T10:42:29.080883,Raspberry_Relieve1,25.652322283333334,-100.2916093,38.749,0.0,0,0.0,100.0,-1,0.001,,,,,,4139,1.01,0.0,34.698944
2026-07-13T10:42:30.081011,Raspberry_Relieve1,25.652322283333334,-100.2916093,38.75,0.0,0,0.0,100.0,-1,0.001,,,,,,4140,0.9,0.0,34.698944
2026-07-13T10:42:31.081143,Raspberry_Relieve1,25.652322283333334,-100.2916093,38.75,0.0,0,0.0,100.0,-1,0.001,,,,,,4141,1.07,0.0,34.698944
2026-07-13T10:42:32.081259,Raspberry_Relieve1,25.652322283333334,-100.2916093,38.75,0.0,0,0.0,100.0,-1,0.001,,,,,,4142,1.03,0.0,34.698944
2026-07-13T10:42:33.081370,Raspberry_Relieve1,25.652322283333334,-100.2916093,38.75,0.0,0,0.0,100.0,-1,0.001,,,,,,4143,1.01,0.0,34.698944
2026-07-13T10:42:34.081468,Raspberry_Relieve1,25.652322283333334,-100.2916093,38.748,0.0,0,0.0,100.0,-1,0.001,,,,,,4144,0.9,0.0,34.698944
2026-07-13T10:42:35.081588,Raspberry_Relieve1,25.652322283333334,-100.2916093,38.748,0.0,0,0.0,100.0,-1,0.001,,,,,,4145,1.07,0.0,34.698944
2026-07-13T10:42:36.081756,Raspberry_Relieve1,25.652322283333334,-100.2916093,38.749,0.0,0,0.0,100.0,-1,0.001,,,,,,4146,0.93,0.0,34.698944
2026-07-13T10:42:37.081923,Raspberry_Relieve1,25.652322283333334,-100.2916093,38.749,0.0,0,0.0,100.0,-1,0.001,,,,,,4147,1.34,0.0,34.698944
2026-07-13T10:42:38.082076,Raspberry_Relieve1,25.652322283333334,-100.2916093,38.748,0.0,0,0.0,100.0,-1,0.001,,,,,,4148,0.76,0.0,34.698944
2026-07-13T10:42:39.082258,Raspberry_Relieve1,25.652322283333334,-100.2916093,38.75,0.0,0,0.0,100.0,-1,0.001,,,,,,4149,0.98,0.0,34.698944
2026-07-13T10:42:40.082388,Raspberry_Relieve1,25.652322283333334,-100.2916093,38.749,0.0,0,0.0,100.0,-1,0.001,,,,,,4150,0.9,0.0,34.698944
2026-07-13T10:42:41.082494,Raspberry_Relieve1,25.652322283333334,-100.2916093,38.75,0.0,0,0.0,100.0,-1,0.001,,,,,,4151,1.0,0.0,34.698944
2026-07-13T10:42:42.082607,Raspberry_Relieve1,25.652322283333334,-100.2916093,38.749,0.0,0,0.0,100.0,-1,0.001,,,,,,4152,1.0,0.0,34.698944
2026-07-13T10:42:43.082708,Raspberry_Relieve1,25.652322283333334,-100.2916093,38.749,0.0,0,0.0,100.0,-1,0.001,,,,,,4153,1.01,0.0,34.698944
2026-07-13T10:42:44.082817,Raspberry_Relieve1,25.652322283333334,-100.2916093,38.751,0.0,0,0.0,100.0,-1,0.001,,,,,,4154,1.0,0.0,34.698944
2026-07-13T10:42:45.082939,Raspberry_Relieve1,25.652322283333334,-100.2916093,38.75,0.0,0,0.0,100.0,-1,0.001,,,,,,4155,1.03,0.0,34.698944
2026-07-13T10:42:46.083038,Raspberry_Relieve1,25.652322283333334,-100.2916093,38.75,0.0,0,0.0,100.0,-1,0.001,,,,,,4156,1.07,0.0,34.698944
2026-07-13T10:42:47.083154,Raspberry_Relieve1,25.652322283333334,-100.2916093,38.748,0.0,0,0.0,100.0,-1,0.001,,,,,,4157,1.05,0.0,34.698944
2026-07-13T10:42:48.083341,Raspberry_Relieve1,25.652322283333334,-100.2916093,38.747,0.0,0,0.0,100.0,-1,0.001,,,,,,4158,0.88,0.0,34.698944
2026-07-13T10:42:49.083438,Raspberry_Relieve1,25.652322283333334,-100.2916093,38.748,0.0,0,0.0,100.0,-1,0.001,,,,,,4159,1.0,0.0,34.698944
2026-07-13T10:42:50.083630,Raspberry_Relieve1,25.652322283333334,-100.2916093,38.749,0.0,0,0.0,100.0,-1,0.001,,,,,,4160,1.06,0.0,34.698944
2026-07-13T10:42:51.083740,Raspberry_Relieve1,25.652322283333334,-100.2916093,38.75,0.0,0,0.0,100.0,-1,0.001,,,,,,4161,1.02,0.0,34.698944
2026-07-13T10:42:52.083861,Raspberry_Relieve1,25.652322283333334,-100.2916093,38.749,0.0,0,0.0,100.0,-1,0.001,,,,,,4162,0.89,0.0,34.698944
2026-07-13T10:42:53.083974,Raspberry_Relieve1,25.652322283333334,-100.2916093,38.749,0.0,0,0.0,100.0,-1,0.001,,,,,,4163,0.99,0.0,34.698944
2026-07-13T10:42:54.084090,Raspberry_Relieve1,25.652322283333334,-100.2916093,38.749,0.0,0,0.0,100.0,-1,0.001,,,,,,4164,1.0,0.0,34.698944
2026-07-13T10:42:55.084208,Raspberry_Relieve1,25.652322283333334,-100.2916093,38.75,0.0,0,0.0,100.0,-1,0.001,,,,,,4165,1.12,0.0,34.698944
2026-07-13T10:42:56.084308,Raspberry_Relieve1,25.652322283333334,-100.2916093,38.749,0.0,0,0.0,100.0,-1,0.001,,,,,,4166,0.94,0.0,34.698944
2026-07-13T10:42:57.084423,Raspberry_Relieve1,25.652322283333334,-100.2916093,38.749,0.0,0,0.0,100.0,-1,0.001,,,,,,4167,1.01,0.0,34.698944
2026-07-13T10:42:58.084562,Raspberry_Relieve1,25.652322283333334,-100.2916093,38.748,0.0,0,0.0,100.0,-1,0.001,,,,,,4168,0.98,0.0,34.698944
2026-07-13T10:42:59.084665,Raspberry_Relieve1,25.652322283333334,-100.2916093,38.749,0.0,0,0.0,100.0,-1,0.001,,,,,,4169,0.95,0.0,34.698944
2026-07-13T10:43:00.084774,Raspberry_Relieve1,25.652322283333334,-100.2916093,38.748,0.0,0,0.0,100.0,-1,0.001,,,,,,4170,1.1,0.0,34.698944
2026-07-13T10:43:01.084893,Raspberry_Relieve1,25.652322283333334,-100.2916093,38.748,0.0,0,0.0,100.0,-1,0.001,,,,,,4171,1.02,0.0,34.698944
2026-07-13T10:43:02.085000,Raspberry_Relieve1,25.652322283333334,-100.2916093,38.749,0.0,0,0.0,100.0,-1,0.001,,,,,,4172,0.89,0.0,34.698944
2026-07-13T10:43:03.085111,Raspberry_Relieve1,25.652322283333334,-100.2916093,38.748,0.0,0,0.0,100.0,-1,0.001,,,,,,4173,1.0,0.0,34.698944
2026-07-13T10:43:04.085233,Raspberry_Relieve1,25.652322283333334,-100.2916093,38.748,0.0,0,0.0,100.0,-1,0.001,,,,,,4174,1.0,0.0,34.698944
2026-07-13T10:43:05.085421,Raspberry_Relieve1,25.652322283333334,-100.2916093,38.75,0.0,0,0.0,100.0,-1,0.001,,,,,,4175,1.11,0.0,34.698944
2026-07-13T10:43:06.085534,Raspberry_Relieve1,25.652322283333334,-100.2916093,38.749,0.0,0,0.0,100.0,-1,0.001,,,,,,4176,1.01,0.0,34.698944
2026-07-13T10:43:07.085704,Raspberry_Relieve1,25.652322283333334,-100.2916093,38.748,0.0,0,0.0,100.0,-1,0.001,,,,,,4177,0.87,0.0,34.698944
2026-07-13T10:43:08.085822,Raspberry_Relieve1,25.652322283333334,-100.2916093,38.748,0.0,0,0.0,100.0,-1,0.001,,,,,,4178,1.1,0.0,34.698944
2026-07-13T10:43:09.085929,Raspberry_Relieve1,25.652322283333334,-100.2916093,38.748,0.0,0,0.0,100.0,-1,0.001,,,,,,4179,0.9,0.0,34.698944
2026-07-13T10:43:10.086037,Raspberry_Relieve1,25.652322283333334,-100.2916093,38.749,0.0,0,0.0,100.0,-1,0.001,,,,,,4180,1.02,0.0,34.698944
2026-07-13T10:43:11.086153,Raspberry_Relieve1,25.652322283333334,-100.2916093,38.75,0.0,0,0.0,100.0,-1,0.001,,,,,,4181,1.02,0.0,34.698944
2026-07-13T10:43:12.086270,Raspberry_Relieve1,25.652322283333334,-100.2916093,38.749,0.0,0,0.0,100.0,-1,0.001,,,,,,4182,1.06,0.0,34.698944
2026-07-13T10:43:13.086384,Raspberry_Relieve1,25.652322283333334,-100.2916093,38.75,0.0,0,0.0,100.0,-1,0.001,,,,,,4183,0.94,0.0,34.698944
2026-07-13T10:43:14.086494,Raspberry_Relieve1,25.652322283333334,-100.2916093,38.75,0.0,0,0.0,100.0,-1,0.001,,,,,,4184,1.04,0.0,34.698944
2026-07-13T10:43:15.086606,Raspberry_Relieve1,25.652322283333334,-100.2916093,38.75,0.0,0,0.0,100.0,-1,0.001,,,,,,4185,0.99,0.0,34.698944
2026-07-13T10:43:16.086710,Raspberry_Relieve1,25.652322283333334,-100.2916093,38.748,0.0,0,0.0,100.0,-1,0.001,,,,,,4186,0.93,0.0,34.698944
2026-07-13T10:43:17.086821,Raspberry_Relieve1,25.652322283333334,-100.2916093,38.75,0.0,0,0.0,100.0,-1,0.001,,,,,,4187,1.0,0.0,34.698944
2026-07-13T10:43:18.086946,Raspberry_Relieve1,25.652322283333334,-100.2916093,38.749,0.0,0,0.0,100.0,-1,0.001,,,,,,4188,1.12,0.0,34.698944
2026-07-13T10:43:19.087056,Raspberry_Relieve1,25.652322283333334,-100.2916093,38.75,0.0,0,0.0,100.0,-1,0.001,,,,,,4189,1.01,0.0,34.698944
2026-07-13T10:43:20.087176,Raspberry_Relieve1,25.652322283333334,-100.2916093,38.749,0.0,0,0.0,100.0,-1,0.001,,,,,,4190,1.02,0.0,34.698944
2026-07-13T10:43:21.087280,Raspberry_Relieve1,25.652322283333334,-100.2916093,38.749,0.0,0,0.0,100.0,-1,0.001,,,,,,4191,0.96,0.0,34.698944
2026-07-13T10:43:22.087382,Raspberry_Relieve1,25.652322283333334,-100.2916093,38.75,0.0,0,0.0,100.0,-1,0.001,,,,,,4192,0.92,0.0,34.698944
2026-07-13T10:43:23.087495,Raspberry_Relieve1,25.652322283333334,-100.2916093,38.75,0.0,0,0.0,100.0,-1,0.001,,,,,,4193,1.0,0.0,34.698944
2026-07-13T10:43:24.087599,Raspberry_Relieve1,25.652322283333334,-100.2916093,38.749,0.0,0,0.0,100.0,-1,0.001,,,,,,4194,1.0,0.0,34.698944
2026-07-13T10:43:25.087814,Raspberry_Relieve1,25.652322283333334,-100.2916093,38.749,0.0,0,0.0,100.0,-1,0.001,,,,,,4195,1.06,0.0,34.698944
2026-07-13T10:43:26.087946,Raspberry_Relieve1,25.652322283333334,-100.2916093,38.749,0.0,0,0.0,100.0,-1,0.001,,,,,,4196,1.02,0.0,34.698944
2026-07-13T10:43:27.088044,Raspberry_Relieve1,25.652322283333334,-100.2916093,38.748,0.0,0,0.0,100.0,-1,0.001,,,,,,4197,0.98,0.0,34.698944
2026-07-13T10:43:28.088277,Raspberry_Relieve1,25.652322283333334,-100.2916093,38.749,0.0,0,0.0,100.0,-1,0.001,,,,,,4198,0.94,0.0,34.698944
2026-07-13T10:43:29.088374,Raspberry_Relieve1,25.652322283333334,-100.2916093,38.75,0.0,0,0.0,100.0,-1,0.001,,,,,,4199,0.98,0.0,34.698944
2026-07-13T10:43:30.088476,Raspberry_Relieve1,25.652322283333334,-100.2916093,38.75,0.0,0,0.0,100.0,-1,0.001,,,,,,4200,1.11,0.0,34.698944
2026-07-13T10:43:31.088578,Raspberry_Relieve1,25.652322283333334,-100.2916093,38.751,0.0,0,0.0,100.0,-1,0.001,,,,,,4201,0.91,0.0,34.698944
2026-07-13T10:43:32.088803,Raspberry_Relieve1,25.652322283333334,-100.2916093,38.749,0.0,0,0.0,100.0,-1,0.001,,,,,,4202,1.16,0.0,34.698944
2026-07-13T10:43:33.089015,Raspberry_Relieve1,25.652322283333334,-100.2916093,38.751,0.0,0,0.0,100.0,-1,0.001,,,,,,4203,0.88,0.0,34.698944
2026-07-13T10:43:34.089116,Raspberry_Relieve1,25.652322283333334,-100.2916093,38.749,0.0,0,0.0,100.0,-1,0.001,,,,,,4204,1.0,0.0,34.698944
2026-07-13T10:43:35.089336,Raspberry_Relieve1,25.652322283333334,-100.2916093,38.75,0.0,0,0.0,100.0,-1,0.001,,,,,,4205,1.08,0.0,34.698944
2026-07-13T10:43:36.089438,Raspberry_Relieve1,25.652322283333334,-100.2916093,38.751,0.0,0,0.0,100.0,-1,0.001,,,,,,4206,0.99,0.0,34.698944
2026-07-13T10:43:37.089552,Raspberry_Relieve1,25.652322283333334,-100.2916093,38.751,0.0,0,0.0,100.0,-1,0.001,,,,,,4207,0.88,0.0,34.698944
2026-07-13T10:43:38.089668,Raspberry_Relieve1,25.652322283333334,-100.2916093,38.75,0.0,0,0.0,100.0,-1,0.001,,,,,,4208,1.09,0.0,34.698944
2026-07-13T10:43:39.089768,Raspberry_Relieve1,25.652322283333334,-100.2916093,38.75,0.0,0,0.0,100.0,-1,0.001,,,,,,4209,0.92,0.0,34.698944
2026-07-13T10:43:40.089874,Raspberry_Relieve1,25.652322283333334,-100.2916093,38.75,0.0,0,0.0,100.0,-1,0.001,,,,,,4210,1.08,0.0,34.698944
2026-07-13T10:43:41.090090,Raspberry_Relieve1,25.652322283333334,-100.2916093,38.749,0.0,0,0.0,100.0,-1,0.001,,,,,,4211,1.01,0.0,34.698944
2026-07-13T10:43:42.090190,Raspberry_Relieve1,25.652322283333334,-100.2916093,38.75,0.0,0,0.0,100.0,-1,0.001,,,,,,4212,0.97,0.0,34.698944
2026-07-13T10:43:43.090313,Raspberry_Relieve1,25.652322283333334,-100.2916093,38.75,0.0,0,0.0,100.0,-1,0.001,,,,,,4213,1.06,0.0,34.698944
2026-07-13T10:43:44.090435,Raspberry_Relieve1,25.652322283333334,-100.2916093,38.75,0.0,0,0.0,100.0,-1,0.001,,,,,,4214,0.99,0.0,34.698944
2026-07-13T10:43:45.090618,Raspberry_Relieve1,25.652322283333334,-100.2916093,38.751,0.0,0,0.0,100.0,-1,0.001,,,,,,4215,0.88,0.0,34.698944
2026-07-13T10:43:46.090739,Raspberry_Relieve1,25.652322283333334,-100.2916093,38.749,0.0,0,0.0,100.0,-1,0.001,,,,,,4216,1.14,0.0,34.698944
2026-07-13T10:43:47.090858,Raspberry_Relieve1,25.652322283333334,-100.2916093,38.75,0.0,0,0.0,100.0,-1,0.001,,,,,,4217,0.87,0.0,34.698944
2026-07-13T10:43:48.090979,Raspberry_Relieve1,25.652322283333334,-100.2916093,38.75,0.0,0,0.0,100.0,-1,0.001,,,,,,4218,1.1,0.0,34.698944
2026-07-13T10:43:49.091178,Raspberry_Relieve1,25.652322283333334,-100.2916093,38.751,0.0,0,0.0,100.0,-1,0.001,,,,,,4219,0.98,0.0,34.698944
2026-07-13T10:43:50.091288,Raspberry_Relieve1,25.652322283333334,-100.2916093,38.751,0.0,0,0.0,100.0,-1,0.001,,,,,,4220,0.97,0.0,34.698944
2026-07-13T10:43:51.091416,Raspberry_Relieve1,25.652322283333334,-100.2916093,38.75,0.0,0,0.0,100.0,-1,0.001,,,,,,4221,0.95,0.0,34.698944
2026-07-13T10:43:52.091612,Raspberry_Relieve1,25.652322283333334,-100.2916093,38.751,0.0,0,0.0,100.0,-1,0.001,,,,,,4222,1.1,0.0,34.698944
2026-07-13T10:43:53.091826,Raspberry_Relieve1,25.652322283333334,-100.2916093,38.752,0.0,0,0.0,100.0,-1,0.001,,,,,,4223,0.89,0.0,34.698944
2026-07-13T10:43:54.091971,Raspberry_Relieve1,25.652322283333334,-100.2916093,38.75,0.0,0,0.0,100.0,-1,0.001,,,,,,4224,1.11,0.0,34.698944
2026-07-13T10:43:55.092196,Raspberry_Relieve1,25.652322283333334,-100.2916093,38.751,0.0,0,0.0,100.0,-1,0.001,,,,,,4225,0.96,0.0,34.698944
2026-07-13T10:43:56.092324,Raspberry_Relieve1,25.652322283333334,-100.2916093,38.75,0.0,0,0.0,100.0,-1,0.001,,,,,,4226,0.97,0.0,34.698944
2026-07-13T10:43:57.092454,Raspberry_Relieve1,25.652322283333334,-100.2916093,38.751,0.0,0,0.0,100.0,-1,0.001,,,,,,4227,1.08,0.0,34.698944
2026-07-13T10:43:58.092554,Raspberry_Relieve1,25.652322283333334,-100.2916093,38.749,0.0,0,0.0,100.0,-1,0.001,,,,,,4228,1.01,0.0,34.698944
2026-07-13T10:43:59.092673,Raspberry_Relieve1,25.652322283333334,-100.2916093,38.751,0.0,0,0.0,100.0,-1,0.001,,,,,,4229,0.97,0.0,34.698944
2026-07-13T10:44:00.092803,Raspberry_Relieve1,25.652322283333334,-100.2916093,38.75,0.0,0,0.0,100.0,-1,0.001,,,,,,4230,1.0,0.0,34.698944
2026-07-13T10:44:01.092878,Raspberry_Relieve1,25.652322283333334,-100.2916093,38.751,0.0,0,0.0,100.0,-1,0.001,,,,,,4231,0.88,0.0,34.698944
2026-07-13T10:44:02.092973,Raspberry_Relieve1,25.652322283333334,-100.2916093,38.75,0.0,0,0.0,100.0,-1,0.001,,,,,,4232,1.09,0.0,34.698944
2026-07-13T10:44:03.093070,Raspberry_Relieve1,25.652322283333334,-100.2916093,38.75,0.0,0,0.0,100.0,-1,0.001,,,,,,4233,0.94,0.0,34.698944
2026-07-13T10:44:04.093169,Raspberry_Relieve1,25.652322283333334,-100.2916093,38.75,0.0,0,0.0,100.0,-1,0.001,,,,,,4234,1.07,0.0,34.698944
2026-07-13T10:44:05.093266,Raspberry_Relieve1,25.652322283333334,-100.2916093,38.75,0.0,0,0.0,100.0,-1,0.001,,,,,,4235,0.96,0.0,34.698944
2026-07-13T10:44:06.093409,Raspberry_Relieve1,25.652322283333334,-100.2916093,38.75,0.0,0,0.0,100.0,-1,0.001,,,,,,4236,1.03,0.0,34.698944
2026-07-13T10:44:07.093532,Raspberry_Relieve1,25.652322283333334,-100.2916093,38.751,0.0,0,0.0,100.0,-1,0.001,,,,,,4237,0.93,0.0,34.698944
2026-07-13T10:44:08.093656,Raspberry_Relieve1,25.652322283333334,-100.2916093,38.751,0.0,0,0.0,100.0,-1,0.001,,,,,,4238,1.05,0.0,34.698944
2026-07-13T10:44:09.093772,Raspberry_Relieve1,25.652322283333334,-100.2916093,38.75,0.0,0,0.0,100.0,-1,0.001,,,,,,4239,0.95,0.0,34.698944
2026-07-13T10:44:10.093896,Raspberry_Relieve1,25.652322283333334,-100.2916093,38.75,0.0,0,0.0,100.0,-1,0.001,,,,,,4240,1.08,0.0,34.698944
2026-07-13T10:44:11.094035,Raspberry_Relieve1,25.652322283333334,-100.2916093,38.75,0.0,0,0.0,100.0,-1,0.001,,,,,,4241,0.98,0.0,34.698944
2026-07-13T10:44:12.094156,Raspberry_Relieve1,25.652322283333334,-100.2916093,38.751,0.0,0,0.0,100.0,-1,0.001,,,,,,4242,1.06,0.0,34.698944
2026-07-13T10:44:13.094279,Raspberry_Relieve1,25.652322283333334,-100.2916093,38.751,0.0,0,0.0,100.0,-1,0.001,,,,,,4243,0.98,0.0,34.698944
2026-07-13T10:44:14.094406,Raspberry_Relieve1,25.652322283333334,-100.2916093,38.751,0.0,0,0.0,100.0,-1,0.001,,,,,,4244,0.9,0.0,34.698944
2026-07-13T10:44:15.094511,Raspberry_Relieve1,25.652322283333334,-100.2916093,38.75,0.0,0,0.0,100.0,-1,0.001,,,,,,4245,1.09,0.0,34.698944
2026-07-13T10:44:16.094620,Raspberry_Relieve1,25.652322283333334,-100.2916093,38.752,0.0,0,0.0,100.0,-1,0.001,,,,,,4246,1.01,0.0,34.698944
2026-07-13T10:44:17.094729,Raspberry_Relieve1,25.652322283333334,-100.2916093,38.751,0.0,0,0.0,100.0,-1,0.001,,,,,,4247,0.9,0.0,34.698944
2026-07-13T10:44:18.094844,Raspberry_Relieve1,25.652322283333334,-100.2916093,38.751,0.0,0,0.0,100.0,-1,0.001,,,,,,4248,1.08,0.0,34.698944
2026-07-13T10:44:19.094945,Raspberry_Relieve1,25.652322283333334,-100.2916093,38.75,0.0,0,0.0,100.0,-1,0.001,,,,,,4249,1.0,0.0,34.698944
2026-07-13T10:44:20.095062,Raspberry_Relieve1,25.652322283333334,-100.2916093,38.75,0.0,0,0.0,100.0,-1,0.001,,,,,,4250,0.92,0.0,34.698944
2026-07-13T10:44:21.095152,Raspberry_Relieve1,25.652322283333334,-100.2916093,38.749,0.0,0,0.0,100.0,-1,0.001,,,,,,4251,1.04,0.0,34.698944
2026-07-13T10:44:22.095249,Raspberry_Relieve1,25.652322283333334,-100.2916093,38.748,0.0,0,0.0,100.0,-1,0.001,,,,,,4252,0.98,0.0,34.698944
2026-07-13T10:44:23.095364,Raspberry_Relieve1,25.652322283333334,-100.2916093,38.749,0.0,0,0.0,100.0,-1,0.001,,,,,,4253,1.03,0.0,34.698944
2026-07-13T10:44:24.095522,Raspberry_Relieve1,25.652322283333334,-100.2916093,38.749,0.0,0,0.0,100.0,-1,0.001,,,,,,4254,1.04,0.0,34.698944
2026-07-13T10:44:25.095621,Raspberry_Relieve1,25.652322283333334,-100.2916093,38.748,0.0,0,0.0,100.0,-1,0.001,,,,,,4255,0.91,0.0,34.698944
2026-07-13T10:44:26.095727,Raspberry_Relieve1,25.652322283333334,-100.2916093,38.748,0.0,0,0.0,100.0,-1,0.001,,,,,,4256,1.07,0.0,34.698944
2026-07-13T10:44:27.095832,Raspberry_Relieve1,25.652322283333334,-100.2916093,38.75,0.0,0,0.0,100.0,-1,0.001,,,,,,4257,1.02,0.0,34.698944
2026-07-13T10:44:28.096040,Raspberry_Relieve1,25.652322283333334,-100.2916093,38.75,0.0,0,0.0,100.0,-1,0.001,,,,,,4258,0.92,0.0,34.698944
2026-07-13T10:44:29.096141,Raspberry_Relieve1,25.652322283333334,-100.2916093,38.749,0.0,0,0.0,100.0,-1,0.001,,,,,,4259,1.04,0.0,34.698944
2026-07-13T10:44:30.096238,Raspberry_Relieve1,25.652322283333334,-100.2916093,38.75,0.0,0,0.0,100.0,-1,0.001,,,,,,4260,1.09,0.0,34.698944
2026-07-13T10:44:31.096361,Raspberry_Relieve1,25.652322283333334,-100.2916093,38.75,0.0,0,0.0,100.0,-1,0.001,,,,,,4261,0.92,0.0,34.698944
2026-07-13T10:44:32.096457,Raspberry_Relieve1,25.652322283333334,-100.2916093,38.75,0.0,0,0.0,100.0,-1,0.001,,,,,,4262,1.04,0.0,34.698944
2026-07-13T10:44:33.096578,Raspberry_Relieve1,25.652322283333334,-100.2916093,38.751,0.0,0,0.0,100.0,-1,0.001,,,,,,4263,1.05,0.0,34.698944
2026-07-13T10:44:34.096682,Raspberry_Relieve1,25.652322283333334,-100.2916093,38.749,0.0,0,0.0,100.0,-1,0.001,,,,,,4264,0.98,0.0,34.698944
2026-07-13T10:44:35.096844,Raspberry_Relieve1,25.652322283333334,-100.2916093,38.75,0.0,0,0.0,100.0,-1,0.001,,,,,,4265,0.97,0.0,34.698944
2026-07-13T10:44:36.097007,Raspberry_Relieve1,25.652322283333334,-100.2916093,38.751,0.0,0,0.0,100.0,-1,0.001,,,,,,4266,1.02,0.0,34.698944
2026-07-13T10:44:37.097169,Raspberry_Relieve1,25.652322283333334,-100.2916093,38.751,0.0,0,0.0,100.0,-1,0.001,,,,,,4267,0.94,0.0,34.698944
2026-07-13T10:44:38.097335,Raspberry_Relieve1,25.652322283333334,-100.2916093,38.751,0.0,0,0.0,100.0,-1,0.001,,,,,,4268,1.07,0.0,34.698944
2026-07-13T10:44:39.097445,Raspberry_Relieve1,25.652322283333334,-100.2916093,38.751,0.0,0,0.0,100.0,-1,0.001,,,,,,4269,0.9,0.0,34.698944
2026-07-13T10:44:40.097559,Raspberry_Relieve1,25.652322283333334,-100.2916093,38.75,0.0,0,0.0,100.0,-1,0.001,,,,,,4270,1.1,0.0,34.698944
2026-07-13T10:44:41.097661,Raspberry_Relieve1,25.652322283333334,-100.2916093,38.75,0.0,0,0.0,100.0,-1,0.001,,,,,,4271,0.88,0.0,34.698944
2026-07-13T10:44:42.097745,Raspberry_Relieve1,25.652322283333334,-100.2916093,38.75,0.0,0,0.0,100.0,-1,0.001,,,,,,4272,1.08,0.0,34.698944
2026-07-13T10:44:43.097850,Raspberry_Relieve1,25.652322283333334,-100.2916093,38.75,0.0,0,0.0,100.0,-1,0.001,,,,,,4273,0.91,0.0,34.698944
2026-07-13T10:44:44.097964,Raspberry_Relieve1,25.652322283333334,-100.2916093,38.75,0.0,0,0.0,100.0,-1,0.001,,,,,,4274,1.03,0.0,34.698944
2026-07-13T10:44:45.098071,Raspberry_Relieve1,25.652322283333334,-100.2916093,38.752,0.0,0,0.0,100.0,-1,0.001,,,,,,4275,0.95,0.0,34.698944
2026-07-13T10:44:46.098172,Raspberry_Relieve1,25.652322283333334,-100.2916093,38.75,0.0,0,0.0,100.0,-1,0.001,,,,,,4276,1.1,0.0,34.698944
2026-07-13T10:44:47.098273,Raspberry_Relieve1,25.652322283333334,-100.2916093,38.75,0.0,0,0.0,100.0,-1,0.001,,,,,,4277,1.04,0.0,34.698944
2026-07-13T10:44:48.098380,Raspberry_Relieve1,25.652322283333334,-100.2916093,38.751,0.0,0,0.0,100.0,-1,0.001,,,,,,4278,0.96,0.0,34.698944
2026-07-13T10:44:49.098501,Raspberry_Relieve1,25.652322283333334,-100.2916093,38.751,0.0,0,0.0,100.0,-1,0.001,,,,,,4279,0.9,0.0,34.698944
2026-07-13T10:44:50.098612,Raspberry_Relieve1,25.652322283333334,-100.2916093,38.75,0.0,0,0.0,100.0,-1,0.001,,,,,,4280,1.15,0.0,34.698944
2026-07-13T10:44:51.098730,Raspberry_Relieve1,25.652322283333334,-100.2916093,38.75,0.0,0,0.0,100.0,-1,0.001,,,,,,4281,0.97,0.0,34.698944
2026-07-13T10:44:52.098821,Raspberry_Relieve1,25.652322283333334,-100.2916093,38.75,0.0,0,0.0,100.0,-1,0.001,,,,,,4282,1.04,0.0,34.698944
2026-07-13T10:44:53.098924,Raspberry_Relieve1,25.652322283333334,-100.2916093,38.751,0.0,0,0.0,100.0,-1,0.001,,,,,,4283,0.84,0.0,34.698944
2026-07-13T10:44:54.099030,Raspberry_Relieve1,25.652322283333334,-100.2916093,38.751,0.0,0,0.0,100.0,-1,0.001,,,,,,4284,1.04,0.0,34.698944
2026-07-13T10:44:55.099199,Raspberry_Relieve1,25.652322283333334,-100.2916093,38.75,0.0,0,0.0,100.0,-1,0.001,,,,,,4285,1.06,0.0,34.698944
2026-07-13T10:44:56.099352,Raspberry_Relieve1,25.652322283333334,-100.2916093,38.753,0.0,0,0.0,100.0,-1,0.001,,,,,,4286,0.93,0.0,34.698944
2026-07-13T10:44:57.099483,Raspberry_Relieve1,25.652322283333334,-100.2916093,38.75,0.0,0,0.0,100.0,-1,0.001,,,,,,4287,1.07,0.0,34.698944
2026-07-13T10:44:58.099591,Raspberry_Relieve1,25.652322283333334,-100.2916093,38.751,0.0,0,0.0,100.0,-1,0.001,,,,,,4288,1.03,0.0,34.698944
2026-07-13T10:44:59.099694,Raspberry_Relieve1,25.652322283333334,-100.2916093,38.75,0.0,0,0.0,100.0,-1,0.001,,,,,,4289,0.94,0.0,34.698944
2026-07-13T10:45:00.099816,Raspberry_Relieve1,25.652322283333334,-100.2916093,38.75,0.0,0,0.0,100.0,-1,0.001,,,,,,4290,0.99,0.0,34.698944
2026-07-13T10:45:01.099987,Raspberry_Relieve1,25.652322283333334,-100.2916093,38.753,0.0,0,0.0,100.0,-1,0.001,,,,,,4291,1.08,0.0,34.698944
2026-07-13T10:45:02.100074,Raspberry_Relieve1,25.652322283333334,-100.2916093,38.752,0.0,0,0.0,100.0,-1,0.001,,,,,,4292,1.02,0.0,34.698944
2026-07-13T10:45:03.100193,Raspberry_Relieve1,25.652322283333334,-100.2916093,38.751,0.0,0,0.0,100.0,-1,0.001,,,,,,4293,0.93,0.0,34.698944
2026-07-13T10:45:04.100336,Raspberry_Relieve1,25.652322283333334,-100.2916093,38.75,0.0,0,0.0,100.0,-1,0.001,,,,,,4294,0.97,0.0,34.698944
2026-07-13T10:45:05.100483,Raspberry_Relieve1,25.652322283333334,-100.2916093,38.753,0.0,0,0.0,100.0,-1,0.001,,,,,,4295,0.98,0.0,34.698944
2026-07-13T10:45:06.100596,Raspberry_Relieve1,25.652322283333334,-100.2916093,38.751,0.0,0,0.0,100.0,-1,0.001,,,,,,4296,0.99,0.0,34.698944
2026-07-13T10:45:07.100773,Raspberry_Relieve1,25.652322283333334,-100.2916093,38.751,0.0,0,0.0,100.0,-1,0.001,,,,,,4297,1.04,0.0,34.698944
2026-07-13T10:45:08.100908,Raspberry_Relieve1,25.652322283333334,-100.2916093,38.752,0.0,0,0.0,100.0,-1,0.001,,,,,,4298,1.0,0.0,34.698944
2026-07-13T10:45:09.101058,Raspberry_Relieve1,25.652322283333334,-100.2916093,38.752,0.0,0,0.0,100.0,-1,0.001,,,,,,4299,1.02,0.0,34.698944
2026-07-13T10:45:10.101192,Raspberry_Relieve1,25.652322283333334,-100.2916093,38.749,0.0,0,0.0,100.0,-1,0.001,,,,,,4300,1.01,0.0,34.698944
2026-07-13T10:45:11.101350,Raspberry_Relieve1,25.652322283333334,-100.2916093,38.752,0.0,0,0.0,100.0,-1,0.001,,,,,,4301,1.02,0.0,34.698944
2026-07-13T10:45:12.101467,Raspberry_Relieve1,25.652322283333334,-100.2916093,38.752,0.0,0,0.0,100.0,-1,0.001,,,,,,4302,0.92,0.0,34.698944
2026-07-13T10:45:13.101565,Raspberry_Relieve1,25.652322283333334,-100.2916093,38.751,0.0,0,0.0,100.0,-1,0.001,,,,,,4303,1.3,0.0,34.698944
2026-07-13T10:45:14.101678,Raspberry_Relieve1,25.652322283333334,-100.2916093,38.752,0.0,0,0.0,100.0,-1,0.001,,,,,,4304,0.77,0.0,34.698944
2026-07-13T10:45:15.101830,Raspberry_Relieve1,25.652322283333334,-100.2916093,38.752,0.0,0,0.0,100.0,-1,0.001,,,,,,4305,1.04,0.0,34.698944
2026-07-13T10:45:16.101938,Raspberry_Relieve1,25.652322283333334,-100.2916093,38.752,0.0,0,0.0,100.0,-1,0.001,,,,,,4306,0.98,0.0,34.698944
2026-07-13T10:45:17.102047,Raspberry_Relieve1,25.652322283333334,-100.2916093,38.752,0.0,0,0.0,100.0,-1,0.001,,,,,,4307,0.96,0.0,34.698944
2026-07-13T10:45:18.102202,Raspberry_Relieve1,25.652322283333334,-100.2916093,38.751,0.0,0,0.0,100.0,-1,0.001,,,,,,4308,0.95,0.0,34.698944
2026-07-13T10:45:19.102308,Raspberry_Relieve1,25.652322283333334,-100.2916093,38.75,0.0,0,0.0,100.0,-1,0.001,,,,,,4309,1.1,0.0,34.698944
2026-07-13T10:45:20.102445,Raspberry_Relieve1,25.652322283333334,-100.2916093,38.752,0.0,0,0.0,100.0,-1,0.001,,,,,,4310,0.97,0.0,34.698944
2026-07-13T10:45:21.102566,Raspberry_Relieve1,25.652322283333334,-100.2916093,38.753,0.0,0,0.0,100.0,-1,0.001,,,,,,4311,0.99,0.0,34.698944
2026-07-13T10:45:22.102667,Raspberry_Relieve1,25.652322283333334,-100.2916093,38.751,0.0,0,0.0,100.0,-1,0.001,,,,,,4312,0.99,0.0,34.698944
2026-07-13T10:45:23.102788,Raspberry_Relieve1,25.652322283333334,-100.2916093,38.752,0.0,0,0.0,100.0,-1,0.001,,,,,,4313,1.04,0.0,34.698944
2026-07-13T10:45:24.102917,Raspberry_Relieve1,25.652322283333334,-100.2916093,38.752,0.0,0,0.0,100.0,-1,0.001,,,,,,4314,1.01,0.0,34.698944
2026-07-13T10:45:25.103017,Raspberry_Relieve1,25.652322283333334,-100.2916093,38.752,0.0,0,0.0,100.0,-1,0.001,,,,,,4315,1.02,0.0,34.698944
2026-07-13T10:45:26.103140,Raspberry_Relieve1,25.652322283333334,-100.2916093,38.752,0.0,0,0.0,100.0,-1,0.001,,,,,,4316,0.95,0.0,34.698944
2026-07-13T10:45:27.103280,Raspberry_Relieve1,25.652322283333334,-100.2916093,38.752,0.0,0,0.0,100.0,-1,0.001,,,,,,4317,0.99,0.0,34.698944
2026-07-13T10:45:28.103381,Raspberry_Relieve1,25.652322283333334,-100.2916093,38.751,0.0,0,0.0,100.0,-1,0.001,,,,,,4318,1.07,0.0,34.698944
2026-07-13T10:45:29.103492,Raspberry_Relieve1,25.652322283333334,-100.2916093,38.753,0.0,0,0.0,100.0,-1,0.001,,,,,,4319,0.92,0.0,34.698944
2026-07-13T10:45:30.103594,Raspberry_Relieve1,25.652322283333334,-100.2916093,38.75,0.0,0,0.0,100.0,-1,0.001,,,,,,4320,1.06,0.0,34.698944
2026-07-13T10:45:31.103696,Raspberry_Relieve1,25.652322283333334,-100.2916093,38.752,0.0,0,0.0,100.0,-1,0.001,,,,,,4321,0.97,0.0,34.698944
2026-07-13T10:45:32.103818,Raspberry_Relieve1,25.652322283333334,-100.2916093,38.751,0.0,0,0.0,100.0,-1,0.001,,,,,,4322,1.03,0.0,34.698944
2026-07-13T10:45:33.103964,Raspberry_Relieve1,25.652322283333334,-100.2916093,38.751,0.0,0,0.0,100.0,-1,0.001,,,,,,4323,0.9,0.0,34.698944
2026-07-13T10:45:34.104040,Raspberry_Relieve1,25.652322283333334,-100.2916093,38.751,0.0,0,0.0,100.0,-1,0.001,,,,,,4324,1.01,0.0,34.698944
2026-07-13T10:45:35.104130,Raspberry_Relieve1,25.652322283333334,-100.2916093,38.752,0.0,0,0.0,100.0,-1,0.001,,,,,,4325,1.04,0.0,34.698944
2026-07-13T10:45:36.104265,Raspberry_Relieve1,25.652322283333334,-100.2916093,38.749,0.0,0,0.0,100.0,-1,0.001,,,,,,4326,1.05,0.0,34.698944
2026-07-13T10:45:37.104383,Raspberry_Relieve1,25.652322283333334,-100.2916093,38.751,0.0,0,0.0,100.0,-1,0.001,,,,,,4327,0.89,0.0,34.698944
2026-07-13T10:45:38.104510,Raspberry_Relieve1,25.652322283333334,-100.2916093,38.751,0.0,0,0.0,100.0,-1,0.001,,,,,,4328,1.02,0.0,34.698944
2026-07-13T10:45:39.104628,Raspberry_Relieve1,25.652322283333334,-100.2916093,38.752,0.0,0,0.0,100.0,-1,0.001,,,,,,4329,1.13,0.0,34.698944
2026-07-13T10:45:40.104743,Raspberry_Relieve1,25.652322283333334,-100.2916093,38.753,0.0,0,0.0,100.0,-1,0.001,,,,,,4330,0.87,0.0,34.698944
2026-07-13T10:45:41.104866,Raspberry_Relieve1,25.652322283333334,-100.2916093,38.752,0.0,0,0.0,100.0,-1,0.001,,,,,,4331,1.04,0.0,34.698944
2026-07-13T10:45:42.104980,Raspberry_Relieve1,25.652322283333334,-100.2916093,38.753,0.0,0,0.0,100.0,-1,0.001,,,,,,4332,1.02,0.0,34.698944
2026-07-13T10:45:43.105086,Raspberry_Relieve1,25.652322283333334,-100.2916093,38.752,0.0,0,0.0,100.0,-1,0.001,,,,,,4333,0.94,0.0,34.698944
2026-07-13T10:45:44.105204,Raspberry_Relieve1,25.652322283333334,-100.2916093,38.754,0.0,0,0.0,100.0,-1,0.001,,,,,,4334,1.21,0.0,34.698944
2026-07-13T10:45:45.105322,Raspberry_Relieve1,25.652322283333334,-100.2916093,38.752,0.0,0,0.0,100.0,-1,0.001,,,,,,4335,0.77,0.0,34.698944
2026-07-13T10:45:46.105410,Raspberry_Relieve1,25.652322283333334,-100.2916093,38.753,0.0,0,0.0,100.0,-1,0.001,,,,,,4336,1.09,0.0,34.698944
2026-07-13T10:45:47.105528,Raspberry_Relieve1,25.652322283333334,-100.2916093,38.753,0.0,0,0.0,100.0,-1,0.001,,,,,,4337,0.97,0.0,34.698944
2026-07-13T10:45:48.105640,Raspberry_Relieve1,25.652322283333334,-100.2916093,38.753,0.0,0,0.0,100.0,-1,0.001,,,,,,4338,0.96,0.0,34.698944
2026-07-13T10:45:49.105737,Raspberry_Relieve1,25.652322283333334,-100.2916093,38.752,0.0,0,0.0,100.0,-1,0.001,,,,,,4339,0.99,0.0,34.698944
2026-07-13T10:45:50.105838,Raspberry_Relieve1,25.652322283333334,-100.2916093,38.753,0.0,0,0.0,100.0,-1,0.001,,,,,,4340,1.0,0.0,34.698944
2026-07-13T10:45:51.105957,Raspberry_Relieve1,25.652322283333334,-100.2916093,38.752,0.0,0,0.0,100.0,-1,0.001,,,,,,4341,0.99,0.0,34.698944
2026-07-13T10:45:52.106064,Raspberry_Relieve1,25.652322283333334,-100.2916093,38.752,0.0,0,0.0,100.0,-1,0.001,,,,,,4342,1.1,0.0,34.698944
2026-07-13T10:45:53.106182,Raspberry_Relieve1,25.652322283333334,-100.2916093,38.754,0.0,0,0.0,100.0,-1,0.001,,,,,,4343,0.98,0.0,34.698944
2026-07-13T10:45:54.106336,Raspberry_Relieve1,25.652322283333334,-100.2916093,38.752,0.0,0,0.0,100.0,-1,0.001,,,,,,4344,1.0,0.0,34.698944
2026-07-13T10:45:55.106435,Raspberry_Relieve1,25.652322283333334,-100.2916093,38.752,0.0,0,0.0,100.0,-1,0.001,,,,,,4345,0.98,0.0,34.698944
2026-07-13T10:45:56.106563,Raspberry_Relieve1,25.652322283333334,-100.2916093,38.753,0.0,0,0.0,100.0,-1,0.001,,,,,,4346,1.03,0.0,34.698944
2026-07-13T10:45:57.106675,Raspberry_Relieve1,25.652322283333334,-100.2916093,38.752,0.0,0,0.0,100.0,-1,0.001,,,,,,4347,0.93,0.0,34.698944
2026-07-13T10:45:58.106777,Raspberry_Relieve1,25.652322283333334,-100.2916093,38.753,0.0,0,0.0,100.0,-1,0.001,,,,,,4348,1.13,0.0,34.698944
2026-07-13T10:45:59.106884,Raspberry_Relieve1,25.652322283333334,-100.2916093,38.754,0.0,0,0.0,100.0,-1,0.001,,,,,,4349,0.95,0.0,34.698944
2026-07-13T10:46:00.106998,Raspberry_Relieve1,25.652322283333334,-100.2916093,38.753,0.0,0,0.0,100.0,-1,0.001,,,,,,4350,0.91,0.0,34.698944
2026-07-13T10:46:01.107081,Raspberry_Relieve1,25.652322283333334,-100.2916093,38.753,0.0,0,0.0,100.0,-1,0.001,,,,,,4351,1.08,0.0,34.698944
2026-07-13T10:46:02.107143,Raspberry_Relieve1,25.652322283333334,-100.2916093,38.752,0.0,0,0.0,100.0,-1,0.001,,,,,,4352,1.0,0.0,34.698944
2026-07-13T10:46:03.107231,Raspberry_Relieve1,25.652322283333334,-100.2916093,38.752,0.0,0,0.0,100.0,-1,0.001,,,,,,4353,0.91,0.0,34.698944
2026-07-13T10:46:04.107304,Raspberry_Relieve1,25.652322283333334,-100.2916093,38.751,0.0,0,0.0,100.0,-1,0.001,,,,,,4354,1.01,0.0,34.698944
2026-07-13T10:46:05.107384,Raspberry_Relieve1,25.652322283333334,-100.2916093,38.752,0.0,0,0.0,100.0,-1,0.001,,,,,,4355,1.05,0.0,34.698944
2026-07-13T10:46:06.107526,Raspberry_Relieve1,25.652322283333334,-100.2916093,38.751,0.0,0,0.0,100.0,-1,0.001,,,,,,4356,1.03,0.0,34.698944
2026-07-13T10:46:07.107630,Raspberry_Relieve1,25.652322283333334,-100.2916093,38.751,0.0,0,0.0,100.0,-1,0.001,,,,,,4357,0.92,0.0,34.698944
2026-07-13T10:46:08.107744,Raspberry_Relieve1,25.652322283333334,-100.2916093,38.753,0.0,0,0.0,100.0,-1,0.001,,,,,,4358,1.05,0.0,34.698944
2026-07-13T10:46:09.107835,Raspberry_Relieve1,25.652322283333334,-100.2916093,38.752,0.0,0,0.0,100.0,-1,0.001,,,,,,4359,0.94,0.0,34.698944
2026-07-13T10:46:10.107991,Raspberry_Relieve1,25.652322283333334,-100.2916093,38.751,0.0,0,0.0,100.0,-1,0.001,,,,,,4360,1.07,0.0,34.698944
2026-07-13T10:46:11.108103,Raspberry_Relieve1,25.652322283333334,-100.2916093,38.753,0.0,0,0.0,100.0,-1,0.001,,,,,,4361,0.95,0.0,34.698944
2026-07-13T10:46:12.108258,Raspberry_Relieve1,25.652322283333334,-100.2916093,38.752,0.0,0,0.0,100.0,-1,0.001,,,,,,4362,1.07,0.0,34.698944
2026-07-13T10:46:13.108353,Raspberry_Relieve1,25.652322283333334,-100.2916093,38.752,0.0,0,0.0,100.0,-1,0.001,,,,,,4363,0.94,0.0,34.698944
2026-07-13T10:46:14.108462,Raspberry_Relieve1,25.652322283333334,-100.2916093,38.752,0.0,0,0.0,100.0,-1,0.001,,,,,,4364,1.09,0.0,34.698944
2026-07-13T10:46:15.108579,Raspberry_Relieve1,25.652322283333334,-100.2916093,38.75,0.0,0,0.0,100.0,-1,0.001,,,,,,4365,0.9,0.0,34.698944
2026-07-13T10:46:16.108708,Raspberry_Relieve1,25.652322283333334,-100.2916093,38.753,0.0,0,0.0,100.0,-1,0.001,,,,,,4366,1.07,0.0,34.698944
2026-07-13T10:46:17.108831,Raspberry_Relieve1,25.652322283333334,-100.2916093,38.753,0.0,0,0.0,100.0,-1,0.001,,,,,,4367,1.01,0.0,34.698944
2026-07-13T10:46:18.108948,Raspberry_Relieve1,25.652322283333334,-100.2916093,38.753,0.0,0,0.0,100.0,-1,0.001,,,,,,4368,0.97,0.0,34.698944
2026-07-13T10:46:19.109054,Raspberry_Relieve1,25.652322283333334,-100.2916093,38.752,0.0,0,0.0,100.0,-1,0.001,,,,,,4369,0.96,0.0,34.698944
2026-07-13T10:46:20.109190,Raspberry_Relieve1,25.652322283333334,-100.2916093,38.752,0.0,0,0.0,100.0,-1,0.001,,,,,,4370,1.05,0.0,34.698944
2026-07-13T10:46:21.109305,Raspberry_Relieve1,25.652322283333334,-100.2916093,38.755,0.0,0,0.0,100.0,-1,0.001,,,,,,4371,0.96,0.0,34.698944
2026-07-13T10:46:22.109407,Raspberry_Relieve1,25.652322283333334,-100.2916093,38.753,0.0,0,0.0,100.0,-1,0.001,,,,,,4372,0.99,0.0,34.698944
2026-07-13T10:46:23.109521,Raspberry_Relieve1,25.652322283333334,-100.2916093,38.753,0.0,0,0.0,100.0,-1,0.001,,,,,,4373,1.1,0.0,34.698944
2026-07-13T10:46:24.109630,Raspberry_Relieve1,25.652322283333334,-100.2916093,38.753,0.0,0,0.0,100.0,-1,0.001,,,,,,4374,1.02,0.0,34.698944
2026-07-13T10:46:25.109769,Raspberry_Relieve1,25.652322283333334,-100.2916093,38.753,0.0,0,0.0,100.0,-1,0.001,,,,,,4375,0.87,0.0,34.698944
2026-07-13T10:46:26.109885,Raspberry_Relieve1,25.652322283333334,-100.2916093,38.753,0.0,0,0.0,100.0,-1,0.001,,,,,,4376,1.08,0.0,34.698944
2026-07-13T10:46:27.110000,Raspberry_Relieve1,25.652322283333334,-100.2916093,38.754,0.0,0,0.0,100.0,-1,0.001,,,,,,4377,0.94,0.0,34.698944
2026-07-13T10:46:28.110114,Raspberry_Relieve1,25.652322283333334,-100.2916093,38.754,0.0,0,0.0,100.0,-1,0.001,,,,,,4378,1.03,0.0,34.698944
2026-07-13T10:46:29.110228,Raspberry_Relieve1,25.652322283333334,-100.2916093,38.753,0.0,0,0.0,100.0,-1,0.001,,,,,,4379,1.0,0.0,34.698944
2026-07-13T10:46:30.110345,Raspberry_Relieve1,25.652322283333334,-100.2916093,38.754,0.0,0,0.0,100.0,-1,0.001,,,,,,4380,1.08,0.0,34.698944
2026-07-13T10:46:31.110458,Raspberry_Relieve1,25.652322283333334,-100.2916093,38.752,0.0,0,0.0,100.0,-1,0.001,,,,,,4381,0.89,0.0,34.698944
2026-07-13T10:46:32.110573,Raspberry_Relieve1,25.652322283333334,-100.2916093,38.752,0.0,0,0.0,100.0,-1,0.001,,,,,,4382,1.05,0.0,34.698944
2026-07-13T10:46:33.110685,Raspberry_Relieve1,25.652322283333334,-100.2916093,38.754,0.0,0,0.0,100.0,-1,0.001,,,,,,4383,0.94,0.0,34.698944
2026-07-13T10:46:34.110814,Raspberry_Relieve1,25.652322283333334,-100.2916093,38.754,0.0,0,0.0,100.0,-1,0.001,,,,,,4384,1.0,0.0,34.698944
2026-07-13T10:46:35.111019,Raspberry_Relieve1,25.652322283333334,-100.2916093,38.755,0.0,0,0.0,100.0,-1,0.001,,,,,,4385,1.04,0.0,34.698944
2026-07-13T10:46:36.111136,Raspberry_Relieve1,25.652322283333334,-100.2916093,38.755,0.0,0,0.0,100.0,-1,0.001,,,,,,4386,1.03,0.0,34.698944
2026-07-13T10:46:37.111251,Raspberry_Relieve1,25.652322283333334,-100.2916093,38.753,0.0,0,0.0,100.0,-1,0.001,,,,,,4387,0.97,0.0,34.698944
2026-07-13T10:46:38.111378,Raspberry_Relieve1,25.652322283333334,-100.2916093,38.753,0.0,0,0.0,100.0,-1,0.001,,,,,,4388,1.05,0.0,34.698944
2026-07-13T10:46:39.111487,Raspberry_Relieve1,25.652322283333334,-100.2916093,38.751,0.0,0,0.0,100.0,-1,0.001,,,,,,4389,0.97,0.0,34.698944
2026-07-13T10:46:40.111602,Raspberry_Relieve1,25.652322283333334,-100.2916093,38.753,0.0,0,0.0,100.0,-1,0.001,,,,,,4390,0.98,0.0,34.698944
2026-07-13T10:46:41.111742,Raspberry_Relieve1,25.652322283333334,-100.2916093,38.754,0.0,0,0.0,100.0,-1,0.001,,,,,,4391,0.95,0.0,34.698944
2026-07-13T10:46:42.111821,Raspberry_Relieve1,25.652322283333334,-100.2916093,38.752,0.0,0,0.0,100.0,-1,0.001,,,,,,4392,1.09,0.0,34.698944
2026-07-13T10:46:43.112028,Raspberry_Relieve1,25.652322283333334,-100.2916093,38.752,0.0,0,0.0,100.0,-1,0.001,,,,,,4393,1.01,0.0,34.698944
2026-07-13T10:46:44.112135,Raspberry_Relieve1,25.652322283333334,-100.2916093,38.751,0.0,0,0.0,100.0,-1,0.001,,,,,,4394,0.89,0.0,34.698944
2026-07-13T10:46:45.112248,Raspberry_Relieve1,25.652322283333334,-100.2916093,38.752,0.0,0,0.0,100.0,-1,0.001,,,,,,4395,1.13,0.0,34.698944
2026-07-13T10:46:46.112356,Raspberry_Relieve1,25.652322283333334,-100.2916093,38.755,0.0,0,0.0,100.0,-1,0.001,,,,,,4396,0.96,0.0,34.698944
2026-07-13T10:46:47.112463,Raspberry_Relieve1,25.652322283333334,-100.2916093,38.752,0.0,0,0.0,100.0,-1,0.001,,,,,,4397,0.93,0.0,34.698944
2026-07-13T10:46:48.112568,Raspberry_Relieve1,25.652322283333334,-100.2916093,38.751,0.0,0,0.0,100.0,-1,0.001,,,,,,4398,1.03,0.0,34.698944
2026-07-13T10:46:49.112695,Raspberry_Relieve1,25.652322283333334,-100.2916093,38.753,0.0,0,0.0,100.0,-1,0.001,,,,,,4399,1.07,0.0,34.698944
2026-07-13T10:46:50.112786,Raspberry_Relieve1,25.652322283333334,-100.2916093,38.752,0.0,0,0.0,100.0,-1,0.001,,,,,,4400,0.89,0.0,34.698944
2026-07-13T10:46:51.112895,Raspberry_Relieve1,25.652322283333334,-100.2916093,38.751,0.0,0,0.0,100.0,-1,0.001,,,,,,4402,1.76,0.0,34.698944
2026-07-13T10:46:52.311812,Raspberry_Relieve1,25.652322283333334,-100.2916093,38.751,0.0,0,0.0,100.0,-1,0.001,,,,,,4402,0.54,0.0,34.698944
2026-07-13T10:46:53.312027,Raspberry_Relieve1,25.652322283333334,-100.2916093,38.752,0.0,0,0.0,100.0,-1,0.001,,,,,,4403,1.03,0.0,34.698944
2026-07-13T10:46:54.312144,Raspberry_Relieve1,25.652322283333334,-100.2916093,38.75,0.0,0,0.0,100.0,-1,0.001,,,,,,4404,0.89,0.0,34.698944
2026-07-13T10:46:55.312256,Raspberry_Relieve1,25.652322283333334,-100.2916093,38.749,0.0,0,0.0,100.0,-1,0.001,,,,,,4405,0.98,0.0,34.698944
2026-07-13T10:46:56.312434,Raspberry_Relieve1,25.652322283333334,-100.2916093,38.752,0.0,0,0.0,100.0,-1,0.001,,,,,,4406,1.08,0.0,34.698944
2026-07-13T10:46:57.312567,Raspberry_Relieve1,25.652322283333334,-100.2916093,38.75,0.0,0,0.0,100.0,-1,0.001,,,,,,4407,1.02,0.0,34.698944
2026-07-13T10:46:58.312682,Raspberry_Relieve1,25.652322283333334,-100.2916093,38.75,0.0,0,0.0,100.0,-1,0.001,,,,,,4408,0.89,0.0,34.698944
2026-07-13T10:46:59.312800,Raspberry_Relieve1,25.652322283333334,-100.2916093,38.751,0.0,0,0.0,100.0,-1,0.001,,,,,,4409,1.08,0.0,34.698944
2026-07-13T10:47:00.312911,Raspberry_Relieve1,25.652322283333334,-100.2916093,38.751,0.0,0,0.0,100.0,-1,0.001,,,,,,4410,1.05,0.0,34.698944
2026-07-13T10:47:01.312986,Raspberry_Relieve1,25.652322283333334,-100.2916093,38.751,0.0,0,0.0,100.0,-1,0.001,,,,,,4411,0.89,0.0,34.698944
2026-07-13T10:47:02.313077,Raspberry_Relieve1,25.652322283333334,-100.2916093,38.751,0.0,0,0.0,100.0,-1,0.001,,,,,,4412,0.98,0.0,34.698944
2026-07-13T10:47:03.313163,Raspberry_Relieve1,25.652322283333334,-100.2916093,38.751,0.0,0,0.0,100.0,-1,0.001,,,,,,4413,1.08,0.0,34.698944
2026-07-13T10:47:04.313239,Raspberry_Relieve1,25.652322283333334,-100.2916093,38.752,0.0,0,0.0,100.0,-1,0.001,,,,,,4414,1.02,0.0,34.698944
2026-07-13T10:47:05.313326,Raspberry_Relieve1,25.652322283333334,-100.2916093,38.749,0.0,0,0.0,100.0,-1,0.001,,,,,,4415,1.05,0.0,34.698944
2026-07-13T10:47:06.313476,Raspberry_Relieve1,25.652322283333334,-100.2916093,38.75,0.0,0,0.0,100.0,-1,0.001,,,,,,4416,1.04,0.0,34.698944
2026-07-13T10:47:07.313590,Raspberry_Relieve1,25.652322283333334,-100.2916093,38.749,0.0,0,0.0,100.0,-1,0.001,,,,,,4417,0.81,0.0,34.698944
2026-07-13T10:47:08.313712,Raspberry_Relieve1,25.652322283333334,-100.2916093,38.751,0.0,0,0.0,100.0,-1,0.001,,,,,,4418,1.01,0.0,34.698944
2026-07-13T10:47:09.313835,Raspberry_Relieve1,25.652322283333334,-100.2916093,38.752,0.0,0,0.0,100.0,-1,0.001,,,,,,4419,1.1,0.0,34.698944
2026-07-13T10:47:10.313935,Raspberry_Relieve1,25.652322283333334,-100.2916093,38.751,0.0,0,0.0,100.0,-1,0.001,,,,,,4420,0.9,0.0,34.698944
2026-07-13T10:47:11.314071,Raspberry_Relieve1,25.652322283333334,-100.2916093,38.751,0.0,0,0.0,100.0,-1,0.001,,,,,,4421,1.01,0.0,34.698944
2026-07-13T10:47:12.314184,Raspberry_Relieve1,25.652322283333334,-100.2916093,38.751,0.0,0,0.0,100.0,-1,0.001,,,,,,4422,1.04,0.0,34.698944
2026-07-13T10:47:13.314296,Raspberry_Relieve1,25.652322283333334,-100.2916093,38.751,0.0,0,0.0,100.0,-1,0.001,,,,,,4423,0.94,0.0,34.698944
2026-07-13T10:47:14.314416,Raspberry_Relieve1,25.652322283333334,-100.2916093,38.751,0.0,0,0.0,100.0,-1,0.001,,,,,,4424,1.0,0.0,34.698944
2026-07-13T10:47:15.314531,Raspberry_Relieve1,25.652322283333334,-100.2916093,38.75,0.0,0,0.0,100.0,-1,0.001,,,,,,4425,1.01,0.0,34.698944
2026-07-13T10:47:16.314683,Raspberry_Relieve1,25.652322283333334,-100.2916093,38.75,0.0,0,0.0,100.0,-1,0.001,,,,,,4426,1.12,0.0,34.698944
2026-07-13T10:47:17.314804,Raspberry_Relieve1,25.652322283333334,-100.2916093,38.75,0.0,0,0.0,100.0,-1,0.001,,,,,,4427,0.98,0.0,34.698944
2026-07-13T10:47:18.314919,Raspberry_Relieve1,25.652322283333334,-100.2916093,38.75,0.0,0,0.0,100.0,-1,0.001,,,,,,4428,0.98,0.0,34.698944
2026-07-13T10:47:19.315025,Raspberry_Relieve1,25.652322283333334,-100.2916093,38.751,0.0,0,0.0,100.0,-1,0.001,,,,,,4429,1.01,0.0,34.698944
2026-07-13T10:47:20.315150,Raspberry_Relieve1,25.652322283333334,-100.2916093,38.75,0.0,0,0.0,100.0,-1,0.001,,,,,,4430,0.93,0.0,34.698944
2026-07-13T10:47:21.315262,Raspberry_Relieve1,25.652322283333334,-100.2916093,38.75,0.0,0,0.0,100.0,-1,0.001,,,,,,4431,1.04,0.0,34.698944
2026-07-13T10:47:22.315371,Raspberry_Relieve1,25.652322283333334,-100.2916093,38.752,0.0,0,0.0,100.0,-1,0.001,,,,,,4432,0.96,0.0,34.698944
2026-07-13T10:47:23.315506,Raspberry_Relieve1,25.652322283333334,-100.2916093,38.751,0.0,0,0.0,100.0,-1,0.001,,,,,,4433,1.01,0.0,34.698944
2026-07-13T10:47:24.315617,Raspberry_Relieve1,25.652322283333334,-100.2916093,38.752,0.0,0,0.0,100.0,-1,0.001,,,,,,4434,0.97,0.0,34.698944
2026-07-13T10:47:25.315733,Raspberry_Relieve1,25.652322283333334,-100.2916093,38.75,0.0,0,0.0,100.0,-1,0.001,,,,,,4435,1.11,0.0,34.698944
2026-07-13T10:47:26.315869,Raspberry_Relieve1,25.652322283333334,-100.2916093,38.75,0.0,0,0.0,100.0,-1,0.001,,,,,,4436,0.94,0.0,34.698944
2026-07-13T10:47:27.315984,Raspberry_Relieve1,25.652322283333334,-100.2916093,38.75,0.0,0,0.0,100.0,-1,0.001,,,,,,4437,0.92,0.0,34.698944
2026-07-13T10:47:28.316097,Raspberry_Relieve1,25.652322283333334,-100.2916093,38.75,0.0,0,0.0,100.0,-1,0.001,,,,,,4438,1.03,0.0,34.698944
2026-07-13T10:47:29.316212,Raspberry_Relieve1,25.652322283333334,-100.2916093,38.751,0.0,0,0.0,100.0,-1,0.001,,,,,,4439,0.95,0.0,34.698944
2026-07-13T10:47:30.316329,Raspberry_Relieve1,25.652322283333334,-100.2916093,38.751,0.0,0,0.0,100.0,-1,0.001,,,,,,4440,1.08,0.0,34.698944
2026-07-13T10:47:31.316446,Raspberry_Relieve1,25.652322283333334,-100.2916093,38.748,0.0,0,0.0,100.0,-1,0.001,,,,,,4441,0.95,0.0,34.698944
2026-07-13T10:47:32.316555,Raspberry_Relieve1,25.652322283333334,-100.2916093,38.748,0.0,0,0.0,100.0,-1,0.001,,,,,,4442,1.08,0.0,34.698944
2026-07-13T10:47:33.316758,Raspberry_Relieve1,25.652322283333334,-100.2916093,38.751,0.0,0,0.0,100.0,-1,0.001,,,,,,4443,1.02,0.0,34.698944
2026-07-13T10:47:34.316860,Raspberry_Relieve1,25.652322283333334,-100.2916093,38.75,0.0,0,0.0,100.0,-1,0.001,,,,,,4444,0.98,0.0,34.698944
2026-07-13T10:47:35.316975,Raspberry_Relieve1,25.652322283333334,-100.2916093,38.749,0.0,0,0.0,100.0,-1,0.001,,,,,,4445,0.92,0.0,34.698944
2026-07-13T10:47:36.317085,Raspberry_Relieve1,25.652322283333334,-100.2916093,38.75,0.0,0,0.0,100.0,-1,0.001,,,,,,4446,1.02,0.0,34.698944
2026-07-13T10:47:37.317209,Raspberry_Relieve1,25.652322283333334,-100.2916093,38.75,0.0,0,0.0,100.0,-1,0.001,,,,,,4448,1.77,0.0,34.698944
2026-07-13T10:47:38.390362,Raspberry_Relieve1,25.652322283333334,-100.2916093,38.75,0.0,0,0.0,100.0,-1,0.001,,,,,,4448,0.34,0.0,34.698944
2026-07-13T10:47:39.390547,Raspberry_Relieve1,25.652322283333334,-100.2916093,38.75,0.0,0,0.0,100.0,-1,0.001,,,,,,4449,1.06,0.0,34.698944
2026-07-13T10:47:40.390661,Raspberry_Relieve1,25.652322283333334,-100.2916093,38.749,0.0,0,0.0,100.0,-1,0.001,,,,,,4450,0.94,0.0,34.698944
2026-07-13T10:47:41.390794,Raspberry_Relieve1,25.652322283333334,-100.2916093,38.749,0.0,0,0.0,100.0,-1,0.001,,,,,,4451,0.95,0.0,34.698944
2026-07-13T10:47:42.390906,Raspberry_Relieve1,25.652322283333334,-100.2916093,38.748,0.0,0,0.0,100.0,-1,0.001,,,,,,4452,0.98,0.0,34.698944
2026-07-13T10:47:43.391030,Raspberry_Relieve1,25.652322283333334,-100.2916093,38.749,0.0,0,0.0,100.0,-1,0.001,,,,,,4453,1.02,0.0,34.698944
2026-07-13T10:47:44.391139,Raspberry_Relieve1,25.652322283333334,-100.2916093,38.748,0.0,0,0.0,100.0,-1,0.001,,,,,,4454,1.0,0.0,34.698944
2026-07-13T10:47:45.391302,Raspberry_Relieve1,25.652322283333334,-100.2916093,38.748,0.0,0,0.0,100.0,-1,0.001,,,,,,4455,0.99,0.0,34.698944
2026-07-13T10:47:46.391408,Raspberry_Relieve1,25.652322283333334,-100.2916093,38.749,0.0,0,0.0,100.0,-1,0.001,,,,,,4456,1.01,0.0,34.698944
2026-07-13T10:47:47.391563,Raspberry_Relieve1,25.652322283333334,-100.2916093,38.748,0.0,0,0.0,100.0,-1,0.001,,,,,,4457,1.12,0.0,34.698944
2026-07-13T10:47:48.391666,Raspberry_Relieve1,25.652322283333334,-100.2916093,38.749,0.0,0,0.0,100.0,-1,0.001,,,,,,4458,0.98,0.0,34.698944
2026-07-13T10:47:49.391781,Raspberry_Relieve1,25.652322283333334,-100.2916093,38.75,0.0,0,0.0,100.0,-1,0.001,,,,,,4459,1.0,0.0,34.698944
2026-07-13T10:47:50.391944,Raspberry_Relieve1,25.652322283333334,-100.2916093,38.749,0.0,0,0.0,100.0,-1,0.001,,,,,,4460,0.99,0.0,34.698944
2026-07-13T10:47:51.392036,Raspberry_Relieve1,25.652322283333334,-100.2916093,38.75,0.0,0,0.0,100.0,-1,0.001,,,,,,4461,1.02,0.0,34.698944
2026-07-13T10:47:52.392142,Raspberry_Relieve1,25.652322283333334,-100.2916093,38.749,0.0,0,0.0,100.0,-1,0.001,,,,,,4462,0.91,0.0,34.698944
2026-07-13T10:47:53.392263,Raspberry_Relieve1,25.652322283333334,-100.2916093,38.749,0.0,0,0.0,100.0,-1,0.001,,,,,,4463,1.06,0.0,34.698944
2026-07-13T10:47:54.392376,Raspberry_Relieve1,25.652322283333334,-100.2916093,38.75,0.0,0,0.0,100.0,-1,0.001,,,,,,4464,1.03,0.0,34.698944
2026-07-13T10:47:55.392479,Raspberry_Relieve1,25.652322283333334,-100.2916093,38.75,0.0,0,0.0,100.0,-1,0.001,,,,,,4465,1.0,0.0,34.698944
2026-07-13T10:47:56.392653,Raspberry_Relieve1,25.652322283333334,-100.2916093,38.747,0.0,0,0.0,100.0,-1,0.001,,,,,,4466,0.96,0.0,34.698944
2026-07-13T10:47:57.392765,Raspberry_Relieve1,25.652322283333334,-100.2916093,38.75,0.0,0,0.0,100.0,-1,0.001,,,,,,4467,0.93,0.0,34.698944
2026-07-13T10:47:58.392900,Raspberry_Relieve1,25.652322283333334,-100.2916093,38.749,0.0,0,0.0,100.0,-1,0.001,,,,,,4468,1.09,0.0,34.698944
2026-07-13T10:47:59.393016,Raspberry_Relieve1,25.652322283333334,-100.2916093,38.748,0.0,0,0.0,100.0,-1,0.001,,,,,,4469,1.02,0.0,34.698944
2026-07-13T10:48:00.393249,Raspberry_Relieve1,25.652322283333334,-100.2916093,38.748,0.0,0,0.0,100.0,-1,0.001,,,,,,4470,0.9,0.0,34.698944
2026-07-13T10:48:01.393297,Raspberry_Relieve1,25.652322283333334,-100.2916093,38.747,0.0,0,0.0,100.0,-1,0.001,,,,,,4471,0.97,0.0,34.698944
2026-07-13T10:48:02.393390,Raspberry_Relieve1,25.652322283333334,-100.2916093,38.747,0.0,0,0.0,100.0,-1,0.001,,,,,,4472,1.13,0.0,34.698944
2026-07-13T10:48:03.393478,Raspberry_Relieve1,25.652322283333334,-100.2916093,38.747,0.0,0,0.0,100.0,-1,0.001,,,,,,4473,0.9,0.0,34.698944
2026-07-13T10:48:04.393559,Raspberry_Relieve1,25.652322283333334,-100.2916093,38.747,0.0,0,0.0,100.0,-1,0.001,,,,,,4474,1.01,0.0,34.698944
2026-07-13T10:48:05.393652,Raspberry_Relieve1,25.652322283333334,-100.2916093,38.748,0.0,0,0.0,100.0,-1,0.001,,,,,,4475,1.07,0.0,34.698944
2026-07-13T10:48:06.393779,Raspberry_Relieve1,25.652322283333334,-100.2916093,38.749,0.0,0,0.0,100.0,-1,0.001,,,,,,4476,1.0,0.0,34.698944
2026-07-13T10:48:07.393887,Raspberry_Relieve1,25.652322283333334,-100.2916093,38.749,0.0,0,0.0,100.0,-1,0.001,,,,,,4477,1.02,0.0,34.698944
2026-07-13T10:48:08.394005,Raspberry_Relieve1,25.652322283333334,-100.2916093,38.748,0.0,0,0.0,100.0,-1,0.001,,,,,,4478,0.98,0.0,34.698944
2026-07-13T10:48:09.394120,Raspberry_Relieve1,25.652322283333334,-100.2916093,38.745,0.277,11,10.73,100.0,-1,0.001,,,,,,4479,0.91,0.001364,34.700307
2026-07-13T10:48:10.394338,Raspberry_Relieve1,25.652322283333334,-100.2916093,38.747,0.0,0,10.73,100.0,-1,0.001,,,,,,4480,1.11,0.003305,34.703612
2026-07-13T10:48:11.394454,Raspberry_Relieve1,25.652322283333334,-100.2916093,38.747,0.0,0,10.73,100.0,-1,0.001,,,,,,4481,0.99,0.002946,34.706559
2026-07-13T10:48:12.394644,Raspberry_Relieve1,25.652322283333334,-100.2916093,38.747,0.0,0,10.73,100.0,-1,0.001,,,,,,4482,1.01,0.003021,34.709579
2026-07-13T10:48:13.394755,Raspberry_Relieve1,25.652322283333334,-100.2916093,38.748,0.0,0,10.73,100.0,-1,0.001,,,,,,4483,1.01,0.003004,34.712583
2026-07-13T10:48:14.394868,Raspberry_Relieve1,25.652322283333334,-100.2916093,38.747,0.0,0,10.73,100.0,-1,0.001,,,,,,4484,0.99,0.002948,34.715531
2026-07-13T10:48:15.394987,Raspberry_Relieve1,25.652322283333334,-100.2916093,38.748,0.0,0,10.73,100.0,-1,0.001,,,,,,4485,0.93,0.002764,34.718295
2026-07-13T10:48:16.395096,Raspberry_Relieve1,25.652322283333334,-100.2916093,38.747,0.0,0,10.73,100.0,-1,0.001,,,,,,4486,0.99,0.002953,34.721248
2026-07-13T10:48:17.395210,Raspberry_Relieve1,25.652322283333334,-100.2916093,38.748,0.0,0,10.73,100.0,-1,0.001,,,,,,4487,0.99,0.002941,34.72419
2026-07-13T10:48:18.395312,Raspberry_Relieve1,25.652322283333334,-100.2916093,38.748,0.0,0,10.73,100.0,-1,0.001,,,,,,4488,1.09,0.003254,34.727443
2026-07-13T10:48:19.395416,Raspberry_Relieve1,25.652322283333334,-100.2916093,38.749,0.0,0,10.73,100.0,-1,0.001,,,,,,4489,0.95,0.002844,34.730287
2026-07-13T10:48:20.395534,Raspberry_Relieve1,25.652322283333334,-100.2916093,38.748,0.0,0,10.73,100.0,-1,0.001,,,,,,4490,1.07,0.003181,34.733468
2026-07-13T10:48:21.395647,Raspberry_Relieve1,25.652322283333334,-100.2916093,38.749,0.0,0,10.73,100.0,-1,0.001,,,,,,4491,0.99,0.002943,34.736412
2026-07-13T10:48:22.395750,Raspberry_Relieve1,25.652322283333334,-100.2916093,38.747,0.0,0,10.73,100.0,-1,0.001,,,,,,4492,0.92,0.002746,34.739157
2026-07-13T10:48:23.395864,Raspberry_Relieve1,25.652322283333334,-100.2916093,38.748,0.0,0,10.73,100.0,-1,0.001,,,,,,4493,1.1,0.003274,34.742432
2026-07-13T10:48:24.395986,Raspberry_Relieve1,25.652322283333334,-100.2916093,38.748,0.0,0,10.73,100.0,-1,0.001,,,,,,4494,0.95,0.002819,34.745251
2026-07-13T10:48:25.396095,Raspberry_Relieve1,25.652322283333334,-100.2916093,38.75,0.0,0,10.73,100.0,-1,0.001,,,,,,4495,1.03,0.00306,34.74831
2026-07-13T10:48:26.396203,Raspberry_Relieve1,25.652322283333334,-100.2916093,38.748,0.0,0,10.73,100.0,-1,0.001,,,,,,4496,0.98,0.002933,34.751243
2026-07-13T10:48:27.396327,Raspberry_Relieve1,25.652322283333334,-100.2916093,38.749,0.0,0,10.73,100.0,-1,0.001,,,,,,4497,1.08,0.003207,34.75445
2026-07-13T10:48:28.396430,Raspberry_Relieve1,25.652322283333334,-100.2916093,38.748,0.0,0,10.73,100.0,-1,0.001,,,,,,4498,0.89,0.002644,34.757094
2026-07-13T10:48:29.396542,Raspberry_Relieve1,25.652322283333334,-100.2916093,38.748,0.0,0,10.73,100.0,-1,0.001,,,,,,4499,1.08,0.003217,34.760311
2026-07-13T10:48:30.396654,Raspberry_Relieve1,25.652322283333334,-100.2916093,38.748,0.0,0,10.73,100.0,-1,0.001,,,,,,4500,0.98,0.002919,34.76323
2026-07-13T10:48:31.396775,Raspberry_Relieve1,25.652322283333334,-100.2916093,38.748,0.0,0,10.73,100.0,-1,0.001,,,,,,4501,0.92,0.002742,34.765972
2026-07-13T10:48:32.396886,Raspberry_Relieve1,25.652322283333334,-100.2916093,38.749,0.0,0,10.73,100.0,-1,0.001,,,,,,4502,1.06,0.003159,34.769131
2026-07-13T10:48:33.397000,Raspberry_Relieve1,25.652322283333334,-100.2916093,38.75,0.0,0,10.73,100.0,-1,0.001,,,,,,4503,0.97,0.002877,34.772008
2026-07-13T10:48:34.397113,Raspberry_Relieve1,25.652322283333334,-100.2916093,38.749,0.0,0,10.73,100.0,-1,0.001,,,,,,4504,1.07,0.003189,34.775198
2026-07-13T10:48:35.397227,Raspberry_Relieve1,25.652322283333334,-100.2916093,38.75,0.0,0,10.73,100.0,-1,0.001,,,,,,4505,1.05,0.003137,34.778335
2026-07-13T10:48:36.397338,Raspberry_Relieve1,25.652322283333334,-100.2916093,38.75,0.0,0,10.73,100.0,-1,0.001,,,,,,4506,0.84,0.002512,34.780847
2026-07-13T10:48:37.397478,Raspberry_Relieve1,25.652322283333334,-100.2916093,38.75,0.0,0,10.73,100.0,-1,0.001,,,,,,4507,1.09,0.003259,34.784106
2026-07-13T10:48:38.397586,Raspberry_Relieve1,25.652322283333334,-100.2916093,38.748,0.0,0,10.73,100.0,-1,0.001,,,,,,4508,0.99,0.00295,34.787056
2026-07-13T10:48:39.397688,Raspberry_Relieve1,25.652322283333334,-100.2916093,38.749,0.0,0,10.73,100.0,-1,0.001,,,,,,4509,0.94,0.00279,34.789847
2026-07-13T10:48:40.397797,Raspberry_Relieve1,25.652322283333334,-100.2916093,38.75,0.0,0,10.73,100.0,-1,0.001,,,,,,4510,1.04,0.003092,34.792939
2026-07-13T10:48:41.397904,Raspberry_Relieve1,25.652322283333334,-100.2916093,38.749,0.0,0,10.73,100.0,-1,0.001,,,,,,4511,1.01,0.003019,34.795958
2026-07-13T10:48:42.398116,Raspberry_Relieve1,25.652322283333334,-100.2916093,38.749,0.0,0,10.73,100.0,-1,0.001,,,,,,4512,0.93,0.002776,34.798734
2026-07-13T10:48:43.398221,Raspberry_Relieve1,25.652322283333334,-100.2916093,38.749,0.0,0,10.73,100.0,-1,0.001,,,,,,4513,1.2,0.003582,34.802316
2026-07-13T10:48:44.398327,Raspberry_Relieve1,25.652322283333334,-100.2916093,38.748,0.0,0,10.73,100.0,-1,0.001,,,,,,4514,0.96,0.002872,34.805188
2026-07-13T10:48:45.398426,Raspberry_Relieve1,25.652322283333334,-100.2916093,38.749,0.0,0,10.73,100.0,-1,0.001,,,,,,4515,0.94,0.002804,34.807992
2026-07-13T10:48:46.398533,Raspberry_Relieve1,25.652322283333334,-100.2916093,38.748,0.0,0,10.73,100.0,-1,0.001,,,,,,4516,0.89,0.002668,34.81066
2026-07-13T10:48:47.398639,Raspberry_Relieve1,25.652322283333334,-100.2916093,38.749,0.0,0,10.73,100.0,-1,0.001,,,,,,4517,1.11,0.003296,34.813956
2026-07-13T10:48:48.398871,Raspberry_Relieve1,25.652322283333334,-100.2916093,38.748,0.0,0,10.73,100.0,-1,0.001,,,,,,4518,0.98,0.002915,34.816871
2026-07-13T10:48:49.398946,Raspberry_Relieve1,25.652322283333334,-100.2916093,38.748,0.0,0,10.73,100.0,-1,0.001,,,,,,4519,1.01,0.003009,34.81988
2026-07-13T10:48:50.399058,Raspberry_Relieve1,25.652322283333334,-100.2916093,38.748,0.0,0,10.73,100.0,-1,0.001,,,,,,4520,1.03,0.003062,34.822942
2026-07-13T10:48:51.399171,Raspberry_Relieve1,25.652322283333334,-100.2916093,38.748,0.0,0,10.73,100.0,-1,0.001,,,,,,4521,0.99,0.002947,34.82589
2026-07-13T10:48:52.399398,Raspberry_Relieve1,25.652322283333334,-100.2916093,38.747,0.0,0,10.73,100.0,-1,0.001,,,,,,4522,0.97,0.002904,34.828794
2026-07-13T10:48:53.399619,Raspberry_Relieve1,25.652322283333334,-100.2916093,38.747,0.0,0,10.73,100.0,-1,0.001,,,,,,4523,0.99,0.002949,34.831743
2026-07-13T10:48:54.399721,Raspberry_Relieve1,25.652322283333334,-100.2916093,38.748,0.0,0,10.73,100.0,-1,0.001,,,,,,4524,1.05,0.003139,34.834882
2026-07-13T10:48:55.399824,Raspberry_Relieve1,25.652322283333334,-100.2916093,38.747,0.0,0,10.73,100.0,-1,0.001,,,,,,4525,1.0,0.00298,34.837862
2026-07-13T10:48:56.400026,Raspberry_Relieve1,25.652322283333334,-100.2916093,38.748,0.0,0,10.73,100.0,-1,0.001,,,,,,4526,0.94,0.002805,34.840667
2026-07-13T10:48:57.400134,Raspberry_Relieve1,25.652322283333334,-100.2916093,38.747,0.0,0,10.73,100.0,-1,0.001,,,,,,4527,0.94,0.002792,34.843459
2026-07-13T10:48:58.400236,Raspberry_Relieve1,25.652322283333334,-100.2916093,38.747,0.0,0,10.73,100.0,-1,0.001,,,,,,4528,1.02,0.003038,34.846497
2026-07-13T10:48:59.400343,Raspberry_Relieve1,25.652322283333334,-100.2916093,38.748,0.0,0,10.73,100.0,-1,0.001,,,,,,4529,1.07,0.003195,34.849692
2026-07-13T10:49:00.400562,Raspberry_Relieve1,25.652322283333334,-100.2916093,38.748,0.0,0,10.73,100.0,-1,0.001,,,,,,4530,1.01,0.003017,34.852709
2026-07-13T10:49:01.400631,Raspberry_Relieve1,25.652322283333334,-100.2916093,38.749,0.0,0,10.73,100.0,-1,0.001,,,,,,4531,0.96,0.002857,34.855566
2026-07-13T10:49:02.400719,Raspberry_Relieve1,25.652322283333334,-100.2916093,38.746,0.0,0,10.73,100.0,-1,0.001,,,,,,4532,1.01,0.003005,34.858571
2026-07-13T10:49:03.400801,Raspberry_Relieve1,25.652322283333334,-100.2916093,38.747,0.0,0,10.73,100.0,-1,0.001,,,,,,4533,1.01,0.003025,34.861596
2026-07-13T10:49:04.400894,Raspberry_Relieve1,25.652322283333334,-100.2916093,38.747,0.0,0,10.73,100.0,-1,0.001,,,,,,4534,0.9,0.002694,34.86429
2026-07-13T10:49:05.400975,Raspberry_Relieve1,25.652322283333334,-100.2916093,38.746,0.0,0,10.73,100.0,-1,0.001,,,,,,4535,0.99,0.002965,34.867256
2026-07-13T10:49:06.401106,Raspberry_Relieve1,25.652322283333334,-100.2916093,38.746,0.0,0,10.73,100.0,-1,0.001,,,,,,4536,1.13,0.003367,34.870622
2026-07-13T10:49:07.401216,Raspberry_Relieve1,25.652322283333334,-100.2916093,38.749,0.0,0,10.73,100.0,-1,0.001,,,,,,4537,0.91,0.002699,34.873321
2026-07-13T10:49:08.401320,Raspberry_Relieve1,25.652322283333334,-100.2916093,38.747,0.0,0,10.73,100.0,-1,0.001,,,,,,4538,1.05,0.003123,34.876444
2026-07-13T10:49:09.401430,Raspberry_Relieve1,25.652322283333334,-100.2916093,38.748,0.0,0,10.73,100.0,-1,0.001,,,,,,4539,0.99,0.002959,34.879403
2026-07-13T10:49:10.401543,Raspberry_Relieve1,25.652322283333334,-100.2916093,38.747,0.0,0,10.73,100.0,-1,0.001,,,,,,4540,0.94,0.002803,34.882206
2026-07-13T10:49:11.401663,Raspberry_Relieve1,25.652322283333334,-100.2916093,38.746,0.0,0,10.73,100.0,-1,0.001,,,,,,4541,1.08,0.003224,34.885431
2026-07-13T10:49:12.401825,Raspberry_Relieve1,25.652322283333334,-100.2916093,38.747,0.0,0,10.73,100.0,-1,0.001,,,,,,4542,0.96,0.002854,34.888284
2026-07-13T10:49:13.401934,Raspberry_Relieve1,25.652322283333334,-100.2916093,38.748,0.0,0,10.73,100.0,-1,0.001,,,,,,4543,1.04,0.003092,34.891377
2026-07-13T10:49:14.402042,Raspberry_Relieve1,25.652322283333334,-100.2916093,38.747,0.0,0,10.73,100.0,-1,0.001,,,,,,4544,1.06,0.003146,34.894523
2026-07-13T10:49:15.402146,Raspberry_Relieve1,25.652322283333334,-100.2916093,38.747,0.0,0,10.73,100.0,-1,0.001,,,,,,4545,0.95,0.002818,34.897341
2026-07-13T10:49:16.402261,Raspberry_Relieve1,25.652322283333334,-100.2916093,38.747,0.0,0,10.73,100.0,-1,0.001,,,,,,4546,0.94,0.002801,34.900142
2026-07-13T10:49:17.402366,Raspberry_Relieve1,25.652322283333334,-100.2916093,38.747,0.0,0,10.73,100.0,-1,0.001,,,,,,4547,1.07,0.003187,34.90333
2026-07-13T10:49:18.402489,Raspberry_Relieve1,25.652322283333334,-100.2916093,38.746,0.0,0,10.73,100.0,-1,0.001,,,,,,4548,0.93,0.002763,34.906093
2026-07-13T10:49:19.402606,Raspberry_Relieve1,25.652322283333334,-100.2916093,38.745,0.0,0,10.73,100.0,-1,0.001,,,,,,4549,1.12,0.003337,34.90943
2026-07-13T10:49:20.402701,Raspberry_Relieve1,25.652322283333334,-100.2916093,38.745,0.0,0,10.73,100.0,-1,0.001,,,,,,4550,1.0,0.002984,34.912415
2026-07-13T10:49:21.402814,Raspberry_Relieve1,25.652322283333334,-100.2916093,38.747,0.0,0,10.73,100.0,-1,0.001,,,,,,4551,0.87,0.002601,34.915016
2026-07-13T10:49:22.402917,Raspberry_Relieve1,25.652322283333334,-100.2916093,38.746,0.0,0,10.73,100.0,-1,0.001,,,,,,4552,1.0,0.002993,34.918008
2026-07-13T10:49:23.403030,Raspberry_Relieve1,25.652322283333334,-100.2916093,38.747,0.0,0,10.73,100.0,-1,0.001,,,,,,4553,1.06,0.003167,34.921176
2026-07-13T10:49:24.403137,Raspberry_Relieve1,25.652322283333334,-100.2916093,38.745,0.0,0,10.73,100.0,-1,0.001,,,,,,4554,1.02,0.003049,34.924225
2026-07-13T10:49:25.403239,Raspberry_Relieve1,25.652322283333334,-100.2916093,38.747,0.0,0,10.73,100.0,-1,0.001,,,,,,4555,1.01,0.002997,34.927222
2026-07-13T10:49:26.403357,Raspberry_Relieve1,25.652322283333334,-100.2916093,38.745,0.0,0,10.73,100.0,-1,0.001,,,,,,4556,0.92,0.002748,34.92997
2026-07-13T10:49:27.403476,Raspberry_Relieve1,25.652322283333334,-100.2916093,38.745,0.0,0,10.73,100.0,-1,0.001,,,,,,4557,1.04,0.003101,34.93307
2026-07-13T10:49:28.403576,Raspberry_Relieve1,25.652322283333334,-100.2916093,38.746,0.0,0,10.73,100.0,-1,0.001,,,,,,4558,1.03,0.003064,34.936134
2026-07-13T10:49:29.403685,Raspberry_Relieve1,25.652322283333334,-100.2916093,38.746,0.0,0,10.73,100.0,-1,0.001,,,,,,4559,1.05,0.003132,34.939267
2026-07-13T10:49:30.403794,Raspberry_Relieve1,25.652322283333334,-100.2916093,38.746,0.0,0,10.73,100.0,-1,0.001,,,,,,4560,1.02,0.003026,34.942293
2026-07-13T10:49:31.403939,Raspberry_Relieve1,25.652322283333334,-100.2916093,38.747,0.0,0,10.73,100.0,-1,0.001,,,,,,4561,0.91,0.002699,34.944993
2026-07-13T10:49:32.404021,Raspberry_Relieve1,25.652322283333334,-100.2916093,38.748,0.0,0,10.73,100.0,-1,0.001,,,,,,4562,1.05,0.003134,34.948127
2026-07-13T10:49:33.404134,Raspberry_Relieve1,25.652322283333334,-100.2916093,38.749,0.0,0,10.73,100.0,-1,0.001,,,,,,4563,0.89,0.002656,34.950783
2026-07-13T10:49:34.404237,Raspberry_Relieve1,25.652322283333334,-100.2916093,38.747,0.0,0,10.73,100.0,-1,0.001,,,,,,4564,1.15,0.003436,34.954219
2026-07-13T10:49:35.404357,Raspberry_Relieve1,25.652322283333334,-100.2916093,38.748,0.0,0,10.73,100.0,-1,0.001,,,,,,4565,0.92,0.002747,34.956966
2026-07-13T10:49:36.404465,Raspberry_Relieve1,25.652322283333334,-100.2916093,38.749,0.0,0,10.73,100.0,-1,0.001,,,,,,4566,1.07,0.003204,34.960169
2026-07-13T10:49:37.404576,Raspberry_Relieve1,25.652322283333334,-100.2916093,38.748,0.0,0,10.73,100.0,-1,0.001,,,,,,4567,0.84,0.002518,34.962687
2026-07-13T10:49:38.404706,Raspberry_Relieve1,25.652322283333334,-100.2916093,38.749,0.0,0,10.73,100.0,-1,0.001,,,,,,4568,1.11,0.003307,34.965995
2026-07-13T10:49:39.404809,Raspberry_Relieve1,25.652322283333334,-100.2916093,38.748,0.0,0,10.73,100.0,-1,0.001,,,,,,4569,0.94,0.002806,34.9688
2026-07-13T10:49:40.404925,Raspberry_Relieve1,25.652322283333334,-100.2916093,38.748,0.0,0,10.73,100.0,-1,0.001,,,,,,4570,1.06,0.003156,34.971957
2026-07-13T10:49:41.405038,Raspberry_Relieve1,25.652322283333334,-100.2916093,38.748,0.0,0,10.73,100.0,-1,0.001,,,,,,4571,1.05,0.003129,34.975085
2026-07-13T10:49:42.405144,Raspberry_Relieve1,25.652322283333334,-100.2916093,38.747,0.0,0,10.73,100.0,-1,0.001,,,,,,4572,0.87,0.002599,34.977684
2026-07-13T10:49:43.405258,Raspberry_Relieve1,25.652322283333334,-100.2916093,38.748,0.0,0,10.73,100.0,-1,0.001,,,,,,4573,1.09,0.003235,34.980919
2026-07-13T10:49:44.405379,Raspberry_Relieve1,25.652322283333334,-100.2916093,38.749,0.0,0,10.73,100.0,-1,0.001,,,,,,4574,0.97,0.002906,34.983826
2026-07-13T10:49:45.405480,Raspberry_Relieve1,25.652322283333334,-100.2916093,38.747,0.0,0,10.73,100.0,-1,0.001,,,,,,4575,0.98,0.002915,34.986741
2026-07-13T10:49:46.405594,Raspberry_Relieve1,25.652322283333334,-100.2916093,38.747,0.0,0,10.73,100.0,-1,0.001,,,,,,4576,1.09,0.003241,34.989982
2026-07-13T10:49:47.405766,Raspberry_Relieve1,25.652322283333334,-100.2916093,38.747,0.0,0,10.73,100.0,-1,0.001,,,,,,4577,0.86,0.002566,34.992548
2026-07-13T10:49:48.405862,Raspberry_Relieve1,25.652322283333334,-100.2916093,38.747,0.0,0,10.73,100.0,-1,0.001,,,,,,4578,1.07,0.00318,34.995728
2026-07-13T10:49:49.405976,Raspberry_Relieve1,25.652322283333334,-100.2916093,38.747,0.0,0,10.73,100.0,-1,0.001,,,,,,4579,1.0,0.002978,34.998705
2026-07-13T10:49:50.406100,Raspberry_Relieve1,25.652322283333334,-100.2916093,38.748,0.0,0,10.73,100.0,-1,0.001,,,,,,4580,1.03,0.003083,35.001788
2026-07-13T10:49:51.406215,Raspberry_Relieve1,25.652322283333334,-100.2916093,38.747,0.0,0,10.73,100.0,-1,0.001,,,,,,4581,0.93,0.002779,35.004567
2026-07-13T10:49:52.406334,Raspberry_Relieve1,25.652322283333334,-100.2916093,38.745,0.0,0,10.73,100.0,-1,0.001,,,,,,4582,1.08,0.00322,35.007787
2026-07-13T10:49:53.406454,Raspberry_Relieve1,25.652322283333334,-100.2916093,38.747,0.0,0,10.73,100.0,-1,0.001,,,,,,4583,1.01,0.003022,35.010809
2026-07-13T10:49:54.406569,Raspberry_Relieve1,25.652322283333334,-100.2916093,38.746,0.0,0,10.73,100.0,-1,0.001,,,,,,4584,1.11,0.00331,35.014119
2026-07-13T10:49:55.406691,Raspberry_Relieve1,25.652322283333334,-100.2916093,38.747,0.0,0,10.73,100.0,-1,0.001,,,,,,4585,0.87,0.002589,35.016708
2026-07-13T10:49:56.406817,Raspberry_Relieve1,25.652322283333334,-100.2916093,38.747,0.0,0,10.73,100.0,-1,0.001,,,,,,4586,0.98,0.002912,35.01962
2026-07-13T10:49:57.406933,Raspberry_Relieve1,25.652322283333334,-100.2916093,38.747,0.0,0,10.73,100.0,-1,0.001,,,,,,4587,1.04,0.003094,35.022714
2026-07-13T10:49:58.407056,Raspberry_Relieve1,25.652322283333334,-100.2916093,38.745,0.0,0,10.73,100.0,-1,0.001,,,,,,4588,0.94,0.002811,35.025525
2026-07-13T10:49:59.407174,Raspberry_Relieve1,25.652322283333334,-100.2916093,38.746,0.0,0,10.73,100.0,-1,0.001,,,,,,4589,1.08,0.003218,35.028743
2026-07-13T10:50:00.407299,Raspberry_Relieve1,25.652322283333334,-100.2916093,38.746,0.0,0,10.73,100.0,-1,0.001,,,,,,4590,0.93,0.002784,35.031527
2026-07-13T10:50:01.407429,Raspberry_Relieve1,25.652322283333334,-100.2916093,38.746,0.0,0,10.73,100.0,-1,0.001,,,,,,4591,0.97,0.002902,35.034429
2026-07-13T10:50:02.407547,Raspberry_Relieve1,25.652322283333334,-100.2916093,38.746,0.0,0,10.73,100.0,-1,0.001,,,,,,4592,0.96,0.002849,35.037279
2026-07-13T10:50:03.407654,Raspberry_Relieve1,25.652322283333334,-100.2916093,38.745,0.0,0,10.73,100.0,-1,0.001,,,,,,4593,1.02,0.003029,35.040308
2026-07-13T10:50:04.407766,Raspberry_Relieve1,25.652322283333334,-100.2916093,38.747,0.0,0,10.73,100.0,-1,0.001,,,,,,4594,1.07,0.00319,35.043498
2026-07-13T10:50:05.407915,Raspberry_Relieve1,25.652322283333334,-100.2916093,38.747,0.0,0,10.73,100.0,-1,0.001,,,,,,4595,1.06,0.003149,35.046647
2026-07-13T10:50:06.407991,Raspberry_Relieve1,25.652322283333334,-100.2916093,38.745,0.0,0,10.73,100.0,-1,0.001,,,,,,4596,0.87,0.002601,35.049248
2026-07-13T10:50:07.408112,Raspberry_Relieve1,25.652322283333334,-100.2916093,38.746,0.0,0,10.73,100.0,-1,0.001,,,,,,4597,1.08,0.003208,35.052456
2026-07-13T10:50:08.408245,Raspberry_Relieve1,25.652322283333334,-100.2916093,38.746,0.0,0,10.73,100.0,-1,0.001,,,,,,4598,0.99,0.002947,35.055403
2026-07-13T10:50:09.408368,Raspberry_Relieve1,25.652322283333334,-100.2916093,38.745,0.0,0,10.73,100.0,-1,0.001,,,,,,4599,0.9,0.002682,35.058085
2026-07-13T10:50:10.408480,Raspberry_Relieve1,25.652322283333334,-100.2916093,38.184,2.564,98,97.9,100.0,-1,0.0,,,,,,4600,1.11,0.016685,35.074771
2026-07-13T10:50:11.408602,Raspberry_Relieve1,25.652322283333334,-100.2916093,38.737,0.499,19,19.33,100.0,-1,0.0,,,,,,4601,0.92,0.014983,35.089754
2026-07-13T10:50:12.408745,Raspberry_Relieve1,25.652322283333334,-100.2916093,38.739,0.0,0,19.33,100.0,-1,0.0,,,,,,4602,1.06,0.00571,35.095463
2026-07-13T10:50:13.408852,Raspberry_Relieve1,25.652322283333334,-100.2916093,38.739,0.0,0,19.33,100.0,-1,0.0,,,,,,4603,0.91,0.004902,35.100365
2026-07-13T10:50:14.408965,Raspberry_Relieve1,25.652322283333334,-100.2916093,38.74,0.0,0,19.33,100.0,-1,0.0,,,,,,4604,1.14,0.006102,35.106467
2026-07-13T10:50:15.409072,Raspberry_Relieve1,25.652322283333334,-100.2916093,38.741,0.0,0,19.33,100.0,-1,0.0,,,,,,4605,0.96,0.005163,35.11163
2026-07-13T10:50:16.409163,Raspberry_Relieve1,25.652322283333334,-100.2916093,38.741,0.0,0,19.33,100.0,-1,0.0,,,,,,4606,0.94,0.005045,35.116675
2026-07-13T10:50:17.409276,Raspberry_Relieve1,25.652322283333334,-100.2916093,38.741,0.0,0,19.33,100.0,-1,0.0,,,,,,4607,0.95,0.005121,35.121796
2026-07-13T10:50:18.409403,Raspberry_Relieve1,25.652322283333334,-100.2916093,38.742,0.0,0,19.33,100.0,-1,0.0,,,,,,4608,1.13,0.00608,35.127876
2026-07-13T10:50:19.409504,Raspberry_Relieve1,25.652322283333334,-100.2916093,38.741,0.0,0,19.33,100.0,-1,0.0,,,,,,4609,0.92,0.004921,35.132797
2026-07-13T10:50:20.409618,Raspberry_Relieve1,25.652322283333334,-100.2916093,37.628,7.441,280,279.99,100.0,-1,0.0,,,,,,4610,1.07,0.044278,35.177075
2026-07-13T10:50:21.409717,Raspberry_Relieve1,25.652322283333334,-100.2916093,37.921,6.506,247,246.71,100.0,-1,0.0,,,,,,4611,1.05,0.076896,35.253971
2026-07-13T10:50:22.409831,Raspberry_Relieve1,25.652322283333334,-100.2916093,38.086,5.559,212,211.72,100.0,-1,0.0,,,,,,4612,0.96,0.061131,35.315102
2026-07-13T10:50:23.409943,Raspberry_Relieve1,25.652322283333334,-100.2916093,38.634,3.496,135,135.06,100.0,-1,0.0,,,,,,4613,0.92,0.044498,35.3596
2026-07-13T10:50:24.410080,Raspberry_Relieve1,25.652322283333334,-100.2916093,38.697,0.162,6,6.27,100.0,-1,0.0,,,,,,4614,1.01,0.019889,35.379488
2026-07-13T10:50:25.410228,Raspberry_Relieve1,25.652322283333334,-100.2916093,38.703,0.0,0,6.27,100.0,-1,0.0,,,,,,4615,1.03,0.001798,35.381287
2026-07-13T10:50:26.410373,Raspberry_Relieve1,25.652322283333334,-100.2916093,38.707,0.0,0,6.27,100.0,-1,0.0,,,,,,4616,1.05,0.001834,35.383121
2026-07-13T10:50:27.410457,Raspberry_Relieve1,25.652322283333334,-100.2916093,38.711,0.0,0,6.27,100.0,-1,0.0,,,,,,4617,1.03,0.001786,35.384907
2026-07-13T10:50:28.410569,Raspberry_Relieve1,25.652322283333334,-100.2916093,38.712,0.0,0,6.27,100.0,-1,0.0,,,,,,4618,0.91,0.001591,35.386498
2026-07-13T10:50:29.410706,Raspberry_Relieve1,25.652322283333334,-100.2916093,38.714,0.0,0,6.27,100.0,-1,0.0,,,,,,4619,0.93,0.001614,35.388112
2026-07-13T10:50:30.410826,Raspberry_Relieve1,25.652322283333334,-100.2916093,38.715,0.0,0,6.27,100.0,-1,0.0,,,,,,4620,1.03,0.001796,35.389908
2026-07-13T10:50:31.410936,Raspberry_Relieve1,25.652322283333334,-100.2916093,38.716,0.0,0,6.27,100.0,-1,0.0,,,,,,4621,0.98,0.001707,35.391615
2026-07-13T10:50:32.411061,Raspberry_Relieve1,25.652322283333334,-100.2916093,38.717,0.0,0,6.27,100.0,-1,0.0,,,,,,4622,1.07,0.001871,35.393487
2026-07-13T10:50:33.411172,Raspberry_Relieve1,25.652322283333334,-100.2916093,38.718,0.0,0,6.27,100.0,-1,0.0,,,,,,4623,0.9,0.001566,35.395053
2026-07-13T10:50:34.411277,Raspberry_Relieve1,25.652322283333334,-100.2916093,38.72,0.0,0,6.27,100.0,-1,0.0,,,,,,4624,1.04,0.001812,35.396864
2026-07-13T10:50:35.411386,Raspberry_Relieve1,25.652322283333334,-100.2916093,38.721,0.0,0,6.27,100.0,-1,0.0,,,,,,4625,1.1,0.001917,35.398782
2026-07-13T10:50:36.411496,Raspberry_Relieve1,25.652322283333334,-100.2916093,38.722,0.0,0,6.27,100.0,-1,0.0,,,,,,4626,0.98,0.001711,35.400492
2026-07-13T10:50:37.411622,Raspberry_Relieve1,25.652322283333334,-100.2916093,38.723,0.0,0,6.27,100.0,-1,0.0,,,,,,4627,0.9,0.001562,35.402055
2026-07-13T10:50:38.411735,Raspberry_Relieve1,25.652322283333334,-100.2916093,38.724,0.0,0,6.27,100.0,-1,0.0,,,,,,4628,1.11,0.001939,35.403994
2026-07-13T10:50:39.411922,Raspberry_Relieve1,25.652322283333334,-100.2916093,38.725,0.0,0,6.27,100.0,-1,0.0,,,,,,4629,0.96,0.001667,35.405661
2026-07-13T10:50:40.412016,Raspberry_Relieve1,25.652322283333334,-100.2916093,38.724,0.0,0,6.27,100.0,-1,0.0,,,,,,4630,0.93,0.001626,35.407287
2026-07-13T10:50:41.412150,Raspberry_Relieve1,25.652322283333334,-100.2916093,37.331,6.817,255,254.49,100.0,-1,0.0,,,,,,4631,1.1,0.039705,35.446992
2026-07-13T10:50:42.412245,Raspberry_Relieve1,25.652322283333334,-100.2916093,38.155,5.896,225,224.96,100.0,-1,0.0,,,,,,4632,0.96,0.063902,35.510895
2026-07-13T10:50:43.412358,Raspberry_Relieve1,25.652322283333334,-100.2916093,38.7,0.362,14,14.01,100.0,-1,0.0,,,,,,4633,1.07,0.035565,35.54646
2026-07-13T10:50:44.412478,Raspberry_Relieve1,25.652322283333334,-100.2916093,38.707,0.0,0,14.01,100.0,-1,0.0,,,,,,4634,1.01,0.003912,35.550372
2026-07-13T10:50:45.412595,Raspberry_Relieve1,25.652322283333334,-100.2916093,37.547,8.624,324,323.81,100.0,-1,0.0,,,,,,4635,1.06,0.0498,35.600172
2026-07-13T10:50:46.412708,Raspberry_Relieve1,25.652322283333334,-100.2916093,38.684,0.993,38,38.41,100.0,-1,0.0,,,,,,4636,0.9,0.045232,35.645403
2026-07-13T10:50:47.412820,Raspberry_Relieve1,25.652322283333334,-100.2916093,38.692,0.0,0,38.41,100.0,-1,0.0,,,,,,4637,0.99,0.010613,35.656016
2026-07-13T10:50:48.412935,Raspberry_Relieve1,25.652322283333334,-100.2916093,38.698,0.0,0,38.41,100.0,-1,0.0,,,,,,4638,0.93,0.009962,35.665978
2026-07-13T10:50:49.413045,Raspberry_Relieve1,25.652322283333334,-100.2916093,38.701,0.0,0,38.41,100.0,-1,0.0,,,,,,4639,1.1,0.011735,35.677713
2026-07-13T10:50:50.413176,Raspberry_Relieve1,25.652322283333334,-100.2916093,38.702,0.0,0,38.41,100.0,-1,0.0,,,,,,4640,0.89,0.009502,35.687216
2026-07-13T10:50:51.413306,Raspberry_Relieve1,25.652322283333334,-100.2916093,38.704,0.0,0,38.41,100.0,-1,0.0,,,,,,4641,1.0,0.010678,35.697893
2026-07-13T10:50:52.413426,Raspberry_Relieve1,25.652322283333334,-100.2916093,38.708,0.0,0,38.41,100.0,-1,0.0,,,,,,4642,1.11,0.011873,35.709767
2026-07-13T10:50:53.413549,Raspberry_Relieve1,25.652322283333334,-100.2916093,38.709,0.0,0,38.41,100.0,-1,0.0,,,,,,4643,0.85,0.009119,35.718886
2026-07-13T10:50:54.413638,Raspberry_Relieve1,25.652322283333334,-100.2916093,38.709,0.0,0,38.41,100.0,-1,0.0,,,,,,4644,1.04,0.011149,35.730034
2026-07-13T10:50:55.413754,Raspberry_Relieve1,25.652322283333334,-100.2916093,38.711,0.0,0,38.41,100.0,-1,0.0,,,,,,4645,1.0,0.010657,35.740691
2026-07-13T10:50:56.413915,Raspberry_Relieve1,25.652322283333334,-100.2916093,38.711,0.0,0,38.41,100.0,-1,0.0,,,,,,4646,1.02,0.010903,35.751595
2026-07-13T10:50:57.414077,Raspberry_Relieve1,25.652322283333334,-100.2916093,38.712,0.0,0,38.41,100.0,-1,0.0,,,,,,4647,0.98,0.01047,35.762065
2026-07-13T10:50:58.414164,Raspberry_Relieve1,25.652322283333334,-100.2916093,38.713,0.0,0,38.41,100.0,-1,0.0,,,,,,4648,0.97,0.010364,35.772429
2026-07-13T10:50:59.414286,Raspberry_Relieve1,25.652322283333334,-100.2916093,38.715,0.0,0,38.41,100.0,-1,0.0,,,,,,4649,1.03,0.011026,35.783455
2026-07-13T10:51:00.414416,Raspberry_Relieve1,25.652322283333334,-100.2916093,38.715,0.0,0,38.41,100.0,-1,0.0,,,,,,4650,0.98,0.010484,35.793939
2026-07-13T10:51:01.414493,Raspberry_Relieve1,25.652322283333334,-100.2916093,38.716,0.0,0,38.41,100.0,-1,0.0,,,,,,4651,0.98,0.010427,35.804366
2026-07-13T10:51:02.414580,Raspberry_Relieve1,25.652322283333334,-100.2916093,38.715,0.0,0,38.41,100.0,-1,0.0,,,,,,4652,1.09,0.011596,35.815961
2026-07-13T10:51:03.414667,Raspberry_Relieve1,25.652322283333334,-100.2916093,38.718,0.0,0,38.41,100.0,-1,0.0,,,,,,4653,1.0,0.010723,35.826685
2026-07-13T10:51:04.414745,Raspberry_Relieve1,25.652322283333334,-100.2916093,38.717,0.0,0,38.41,100.0,-1,0.0,,,,,,4654,1.09,0.011596,35.838281
2026-07-13T10:51:05.414834,Raspberry_Relieve1,25.652322283333334,-100.2916093,38.718,0.0,0,38.41,100.0,-1,0.0,,,,,,4655,1.0,0.010663,35.848944
2026-07-13T10:51:06.414955,Raspberry_Relieve1,25.652322283333334,-100.2916093,38.717,0.0,0,38.41,100.0,-1,0.0,,,,,,4656,0.84,0.009013,35.857957
2026-07-13T10:51:07.415070,Raspberry_Relieve1,25.652322283333334,-100.2916093,38.72,0.0,0,38.41,100.0,-1,0.0,,,,,,4657,1.08,0.011575,35.869532
2026-07-13T10:51:08.415184,Raspberry_Relieve1,25.652322283333334,-100.2916093,38.72,0.0,0,38.41,100.0,-1,0.0,,,,,,4658,0.96,0.010229,35.879761
2026-07-13T10:51:09.415301,Raspberry_Relieve1,25.652322283333334,-100.2916093,38.721,0.0,0,38.41,100.0,-1,0.0,,,,,,4659,0.97,0.010339,35.890101
2026-07-13T10:51:10.415422,Raspberry_Relieve1,25.652322283333334,-100.2916093,38.721,0.0,0,38.41,100.0,-1,0.0,,,,,,4660,0.97,0.010347,35.900447
2026-07-13T10:51:11.415545,Raspberry_Relieve1,25.652322283333334,-100.2916093,38.723,0.0,0,38.41,100.0,-1,0.0,,,,,,4661,1.0,0.010697,35.911144
2026-07-13T10:51:12.415650,Raspberry_Relieve1,25.652322283333334,-100.2916093,38.724,0.0,0,38.41,100.0,-1,0.0,,,,,,4662,1.1,0.011737,35.922882
2026-07-13T10:51:13.415796,Raspberry_Relieve1,25.652322283333334,-100.2916093,38.722,0.0,0,38.41,100.0,-1,0.0,,,,,,4663,1.0,0.010669,35.933551
2026-07-13T10:51:14.415947,Raspberry_Relieve1,25.652322283333334,-100.2916093,38.723,0.0,0,38.41,100.0,-1,0.0,,,,,,4664,0.92,0.009842,35.943393
2026-07-13T10:51:15.416013,Raspberry_Relieve1,25.652322283333334,-100.2916093,38.724,0.0,0,38.41,100.0,-1,0.0,,,,,,4665,0.99,0.010616,35.954009
2026-07-13T10:51:16.416142,Raspberry_Relieve1,25.652322283333334,-100.2916093,38.725,0.0,0,38.41,100.0,-1,0.0,,,,,,4666,1.0,0.010633,35.964642
2026-07-13T10:51:17.416243,Raspberry_Relieve1,25.652322283333334,-100.2916093,38.726,0.0,0,38.41,100.0,-1,0.0,,,,,,4667,1.0,0.010678,35.97532
2026-07-13T10:51:18.416367,Raspberry_Relieve1,25.652322283333334,-100.2916093,38.725,0.0,0,38.41,100.0,-1,0.0,,,,,,4668,1.12,0.011993,35.987313
2026-07-13T10:51:19.416474,Raspberry_Relieve1,25.652322283333334,-100.2916093,38.725,0.0,0,38.41,100.0,-1,0.0,,,,,,4669,0.96,0.010243,35.997556
2026-07-13T10:51:20.416612,Raspberry_Relieve1,25.652322283333334,-100.2916093,38.725,0.0,0,38.41,100.0,-1,0.0,,,,,,4670,1.05,0.011154,36.008709
2026-07-13T10:51:21.416718,Raspberry_Relieve1,25.652322283333334,-100.2916093,38.726,0.0,0,38.41,100.0,-1,0.0,,,,,,4671,1.04,0.011103,36.019812
2026-07-13T10:51:22.416846,Raspberry_Relieve1,25.652322283333334,-100.2916093,38.726,0.0,0,38.41,100.0,-1,0.0,,,,,,4672,0.85,0.009038,36.02885
2026-07-13T10:51:23.416952,Raspberry_Relieve1,25.652322283333334,-100.2916093,38.725,0.0,0,38.41,100.0,-1,0.0,,,,,,4673,1.12,0.011921,36.04077
2026-07-13T10:51:24.417064,Raspberry_Relieve1,25.652322283333334,-100.2916093,38.727,0.0,0,38.41,100.0,-1,0.0,,,,,,4674,0.85,0.009068,36.049838
2026-07-13T10:51:25.417174,Raspberry_Relieve1,25.652322283333334,-100.2916093,38.724,0.0,0,38.41,100.0,-1,0.0,,,,,,4675,1.1,0.01175,36.061588
2026-07-13T10:51:26.417316,Raspberry_Relieve1,25.652322283333334,-100.2916093,38.726,0.0,0,38.41,100.0,-1,0.0,,,,,,4676,1.04,0.011052,36.072639
2026-07-13T10:51:27.417425,Raspberry_Relieve1,25.652322283333334,-100.2916093,38.727,0.0,0,38.41,100.0,-1,0.0,,,,,,4677,0.97,0.010299,36.082938
2026-07-13T10:51:28.417545,Raspberry_Relieve1,25.652322283333334,-100.2916093,38.728,0.0,0,38.41,100.0,-1,0.0,,,,,,4678,0.95,0.010141,36.093079
2026-07-13T10:51:29.417678,Raspberry_Relieve1,25.652322283333334,-100.2916093,38.727,0.0,0,38.41,100.0,-1,0.0,,,,,,4679,0.98,0.010415,36.103494
2026-07-13T10:51:30.417794,Raspberry_Relieve1,25.652322283333334,-100.2916093,38.73,0.0,0,38.41,100.0,-1,0.0,,,,,,4680,1.06,0.011278,36.114773
2026-07-13T10:51:31.417906,Raspberry_Relieve1,25.652322283333334,-100.2916093,38.73,0.0,0,38.41,100.0,-1,0.0,,,,,,4681,0.93,0.009934,36.124707
2026-07-13T10:51:32.418043,Raspberry_Relieve1,25.652322283333334,-100.2916093,38.729,0.0,0,38.41,100.0,-1,0.0,,,,,,4682,1.04,0.011118,36.135825
2026-07-13T10:51:33.418150,Raspberry_Relieve1,25.652322283333334,-100.2916093,38.73,0.0,0,38.41,100.0,-1,0.0,,,,,,4683,1.02,0.010874,36.146699
2026-07-13T10:51:34.418253,Raspberry_Relieve1,25.652322283333334,-100.2916093,38.729,0.0,0,38.41,100.0,-1,0.0,,,,,,4684,0.99,0.010565,36.157264
2026-07-13T10:51:35.418374,Raspberry_Relieve1,25.652322283333334,-100.2916093,38.728,0.0,0,38.41,100.0,-1,0.0,,,,,,4685,1.02,0.010892,36.168156
2026-07-13T10:51:36.418497,Raspberry_Relieve1,25.652322283333334,-100.2916093,38.729,0.0,0,38.41,100.0,-1,0.0,,,,,,4686,0.96,0.010283,36.178439
2026-07-13T10:51:37.418598,Raspberry_Relieve1,25.652322283333334,-100.2916093,38.729,0.0,0,38.41,100.0,-1,0.0,,,,,,4687,0.98,0.010476,36.188914
2026-07-13T10:51:38.418727,Raspberry_Relieve1,25.652322283333334,-100.2916093,38.728,0.0,0,38.41,100.0,-1,0.0,,,,,,4688,1.01,0.010789,36.199703
2026-07-13T10:51:39.418831,Raspberry_Relieve1,25.652322283333334,-100.2916093,38.729,0.0,0,38.41,100.0,-1,0.0,,,,,,4689,1.05,0.011256,36.210959
2026-07-13T10:51:40.418962,Raspberry_Relieve1,25.652322283333334,-100.2916093,38.729,0.0,0,38.41,100.0,-1,0.0,,,,,,4690,1.0,0.010664,36.221623
2026-07-13T10:51:41.419070,Raspberry_Relieve1,25.652322283333334,-100.2916093,38.731,0.0,0,38.41,100.0,-1,0.0,,,,,,4691,0.91,0.009699,36.231322
2026-07-13T10:51:42.419190,Raspberry_Relieve1,25.652322283333334,-100.2916093,38.729,0.0,0,38.41,100.0,-1,0.0,,,,,,4692,1.07,0.011374,36.242695
2026-07-13T10:51:43.419304,Raspberry_Relieve1,25.652322283333334,-100.2916093,38.73,0.0,0,38.41,100.0,-1,0.0,,,,,,4693,1.04,0.011124,36.25382
2026-07-13T10:51:44.419417,Raspberry_Relieve1,25.652322283333334,-100.2916093,38.732,0.0,0,38.41,100.0,-1,0.0,,,,,,4694,0.89,0.009459,36.263279
2026-07-13T10:51:45.419520,Raspberry_Relieve1,25.652322283333334,-100.2916093,38.731,0.0,0,38.41,100.0,-1,0.0,,,,,,4695,1.03,0.010962,36.27424
2026-07-13T10:51:46.419621,Raspberry_Relieve1,25.652322283333334,-100.2916093,38.729,0.0,0,38.41,100.0,-1,0.0,,,,,,4696,1.03,0.010977,36.285217
2026-07-13T10:51:47.419732,Raspberry_Relieve1,25.652322283333334,-100.2916093,38.731,0.0,0,38.41,100.0,-1,0.0,,,,,,4697,1.05,0.011237,36.296455
2026-07-13T10:51:48.419844,Raspberry_Relieve1,25.652322283333334,-100.2916093,38.732,0.0,0,38.41,100.0,-1,0.0,,,,,,4698,1.0,0.010632,36.307086
2026-07-13T10:51:49.420047,Raspberry_Relieve1,25.652322283333334,-100.2916093,38.73,0.0,0,38.41,100.0,-1,0.0,,,,,,4699,1.04,0.011086,36.318172
2026-07-13T10:51:50.420163,Raspberry_Relieve1,25.652322283333334,-100.2916093,38.731,0.0,0,38.41,100.0,-1,0.0,,,,,,4700,1.04,0.011145,36.329317
2026-07-13T10:51:51.420271,Raspberry_Relieve1,25.652322283333334,-100.2916093,38.729,0.0,0,38.41,100.0,-1,0.0,,,,,,4701,0.88,0.009423,36.33874
2026-07-13T10:51:52.420385,Raspberry_Relieve1,25.652322283333334,-100.2916093,38.729,0.0,0,38.41,100.0,-1,0.0,,,,,,4702,1.03,0.010968,36.349708
2026-07-13T10:51:53.420493,Raspberry_Relieve1,25.652322283333334,-100.2916093,38.732,0.0,0,38.41,100.0,-1,0.0,,,,,,4703,0.97,0.0103,36.360009
2026-07-13T10:51:54.420597,Raspberry_Relieve1,25.652322283333334,-100.2916093,38.731,0.0,0,38.41,100.0,-1,0.0,,,,,,4704,1.03,0.010953,36.370961
2026-07-13T10:51:55.420710,Raspberry_Relieve1,25.652322283333334,-100.2916093,38.73,0.0,0,38.41,100.0,-1,0.0,,,,,,4705,1.0,0.010622,36.381584
2026-07-13T10:51:56.420820,Raspberry_Relieve1,25.652322283333334,-100.2916093,38.731,0.0,0,38.41,100.0,-1,0.0,,,,,,4706,1.0,0.010705,36.392289
2026-07-13T10:51:57.420928,Raspberry_Relieve1,25.652322283333334,-100.2916093,38.732,0.0,0,38.41,100.0,-1,0.0,,,,,,4707,1.01,0.010747,36.403035
2026-07-13T10:51:58.421521,Raspberry_Relieve1,25.652322283333334,-100.2916093,38.732,0.0,0,38.41,100.0,-1,0.0,,,,,,4708,0.99,0.010512,36.413548
2026-07-13T10:51:59.421621,Raspberry_Relieve1,25.652322283333334,-100.2916093,38.732,0.0,0,38.41,100.0,-1,0.0,,,,,,4709,0.98,0.010493,36.424041
2026-07-13T10:52:00.421736,Raspberry_Relieve1,25.652322283333334,-100.2916093,38.731,0.0,0,38.41,100.0,-1,0.0,,,,,,4710,1.02,0.010932,36.434973
2026-07-13T10:52:01.421807,Raspberry_Relieve1,25.652322283333334,-100.2916093,38.732,0.0,0,38.41,100.0,-1,0.0,,,,,,4711,0.99,0.010527,36.445499
2026-07-13T10:52:02.421900,Raspberry_Relieve1,25.652322283333334,-100.2916093,38.732,0.0,0,38.41,100.0,-1,0.0,,,,,,4712,0.93,0.009903,36.455402
2026-07-13T10:52:03.421984,Raspberry_Relieve1,25.652322283333334,-100.2916093,38.733,0.0,0,38.41,100.0,-1,0.0,,,,,,4713,1.07,0.011437,36.466839
2026-07-13T10:52:04.422073,Raspberry_Relieve1,25.652322283333334,-100.2916093,38.732,0.0,0,38.41,100.0,-1,0.0,,,,,,4714,0.91,0.009762,36.476601
2026-07-13T10:52:05.422181,Raspberry_Relieve1,25.652322283333334,-100.2916093,38.731,0.0,0,38.41,100.0,-1,0.0,,,,,,4715,1.0,0.01066,36.487261
2026-07-13T10:52:06.422301,Raspberry_Relieve1,25.652322283333334,-100.2916093,38.729,0.0,0,38.41,100.0,-1,0.0,,,,,,4716,1.21,0.012914,36.500175
2026-07-13T10:52:07.422483,Raspberry_Relieve1,25.652322283333334,-100.2916093,38.732,0.0,0,38.41,100.0,-1,0.0,,,,,,4717,0.82,0.008746,36.508921
2026-07-13T10:52:08.422597,Raspberry_Relieve1,25.652322283333334,-100.2916093,38.731,0.0,0,38.41,100.0,-1,0.0,,,,,,4718,1.05,0.011227,36.520148
2026-07-13T10:52:09.422698,Raspberry_Relieve1,25.652322283333334,-100.2916093,38.733,0.0,0,38.41,100.0,-1,0.0,,,,,,4719,0.92,0.009837,36.529984
2026-07-13T10:52:10.422814,Raspberry_Relieve1,25.652322283333334,-100.2916093,38.73,0.0,0,38.41,100.0,-1,0.0,,,,,,4720,1.14,0.012195,36.54218
2026-07-13T10:52:11.422917,Raspberry_Relieve1,25.652322283333334,-100.2916093,38.733,0.0,0,38.41,100.0,-1,0.0,,,,,,4721,0.88,0.009377,36.551556
2026-07-13T10:52:12.423018,Raspberry_Relieve1,25.652322283333334,-100.2916093,38.732,0.0,0,38.41,100.0,-1,0.0,,,,,,4722,1.12,0.011917,36.563473
2026-07-13T10:52:13.423130,Raspberry_Relieve1,25.652322283333334,-100.2916093,38.733,0.0,0,38.41,100.0,-1,0.0,,,,,,4723,0.95,0.010152,36.573625
2026-07-13T10:52:14.423239,Raspberry_Relieve1,25.652322283333334,-100.2916093,38.732,0.0,0,38.41,100.0,-1,0.0,,,,,,4724,1.02,0.010856,36.58448
2026-07-13T10:52:15.423350,Raspberry_Relieve1,25.652322283333334,-100.2916093,38.732,0.0,0,38.41,100.0,-1,0.0,,,,,,4725,1.0,0.01072,36.5952
2026-07-13T10:52:16.423456,Raspberry_Relieve1,25.652322283333334,-100.2916093,38.731,0.0,0,38.41,100.0,-1,0.0,,,,,,4726,0.98,0.010409,36.605609
2026-07-13T10:52:17.423561,Raspberry_Relieve1,25.652322283333334,-100.2916093,38.73,0.0,0,38.41,100.0,-1,0.0,,,,,,4727,0.99,0.01055,36.61616
2026-07-13T10:52:18.423662,Raspberry_Relieve1,25.652322283333334,-100.2916093,38.731,0.0,0,38.41,100.0,-1,0.0,,,,,,4728,1.01,0.010746,36.626906
2026-07-13T10:52:19.423769,Raspberry_Relieve1,25.652322283333334,-100.2916093,38.731,0.0,0,38.41,100.0,-1,0.0,,,,,,4729,0.95,0.01016,36.637066
2026-07-13T10:52:20.423906,Raspberry_Relieve1,25.652322283333334,-100.2916093,36.736,13.485,495,495.38,100.0,-1,0.0,,,,,,4730,1.08,0.080179,36.717245
2026-07-13T10:52:21.423985,Raspberry_Relieve1,25.652322283333334,-100.2916093,38.567,9.371,361,361.41,100.0,-1,0.0,,,,,,4731,0.9,0.106865,36.82411
2026-07-13T10:52:22.424093,Raspberry_Relieve1,25.652322283333334,-100.2916093,38.674,0.538,21,20.81,100.0,-1,0.0,,,,,,4732,1.11,0.058992,36.883102
2026-07-13T10:52:23.424201,Raspberry_Relieve1,25.652322283333334,-100.2916093,36.567,11.376,416,415.99,100.0,-1,0.0,,,,,,4733,1.05,0.063869,36.946971
2026-07-13T10:52:24.424296,Raspberry_Relieve1,25.652322283333334,-100.2916093,38.647,2.741,106,105.93,100.0,-1,0.0,,,,,,4734,1.02,0.073857,37.020828
2026-07-13T10:52:25.424407,Raspberry_Relieve1,25.652322283333334,-100.2916093,37.759,7.862,297,296.86,100.0,-1,0.0,,,,,,4735,1.01,0.056645,37.077474
2026-07-13T10:52:26.424508,Raspberry_Relieve1,25.652322283333334,-100.2916093,38.655,0.441,17,17.05,100.0,-1,0.0,,,,,,4736,0.99,0.042971,37.120445
2026-07-13T10:52:27.424606,Raspberry_Relieve1,25.652322283333334,-100.2916093,38.664,0.0,0,17.05,100.0,-1,0.0,,,,,,4737,0.91,0.004329,37.124774
2026-07-13T10:52:28.424716,Raspberry_Relieve1,25.652322283333334,-100.2916093,36.547,12.333,451,450.73,100.0,-1,0.0,,,,,,4738,1.0,0.065287,37.190061
2026-07-13T10:52:29.424849,Raspberry_Relieve1,25.652322283333334,-100.2916093,38.595,7.558,292,291.7,100.0,-1,0.0,,,,,,4739,1.05,0.108024,37.298085
2026-07-13T10:52:30.424936,Raspberry_Relieve1,25.652322283333334,-100.2916093,38.631,0.423,16,16.34,100.0,-1,0.0,,,,,,4740,1.0,0.042855,37.340939
2026-07-13T10:52:31.425037,Raspberry_Relieve1,25.652322283333334,-100.2916093,38.642,0.0,0,16.34,100.0,-1,0.0,,,,,,4741,0.96,0.004362,37.345302
2026-07-13T10:52:32.425147,Raspberry_Relieve1,25.652322283333334,-100.2916093,38.65,0.0,0,16.34,100.0,-1,0.0,,,,,,4742,0.95,0.004318,37.34962
2026-07-13T10:52:33.425246,Raspberry_Relieve1,25.652322283333334,-100.2916093,38.655,0.0,0,16.34,100.0,-1,0.0,,,,,,4743,1.07,0.004846,37.354466
2026-07-13T10:52:34.425346,Raspberry_Relieve1,25.652322283333334,-100.2916093,36.884,11.077,409,408.56,100.0,-1,0.0,,,,,,4744,0.87,0.051382,37.405847
2026-07-13T10:52:35.425457,Raspberry_Relieve1,25.652322283333334,-100.2916093,38.606,3.335,129,128.75,100.0,-1,0.0,,,,,,4745,1.06,0.079302,37.48515
2026-07-13T10:52:36.425576,Raspberry_Relieve1,25.652322283333334,-100.2916093,38.627,0.163,6,6.3,100.0,-1,0.0,,,,,,4746,0.95,0.017812,37.502962
2026-07-13T10:52:37.425686,Raspberry_Relieve1,25.652322283333334,-100.2916093,38.635,0.0,0,6.3,100.0,-1,0.0,,,,,,4747,1.13,0.00197,37.504932
2026-07-13T10:52:38.425784,Raspberry_Relieve1,25.652322283333334,-100.2916093,38.642,0.0,0,6.3,100.0,-1,0.0,,,,,,4748,0.86,0.001509,37.506441
2026-07-13T10:52:39.425939,Raspberry_Relieve1,25.652322283333334,-100.2916093,36.496,16.304,595,595.03,100.0,-1,0.0,,,,,,4749,1.04,0.086515,37.592955
2026-07-13T10:52:40.426023,Raspberry_Relieve1,25.652322283333334,-100.2916093,36.446,18.991,692,692.15,100.0,-1,0.0,,,,,,4750,1.03,0.183491,37.776446
2026-07-13T10:52:41.426128,Raspberry_Relieve1,25.652322283333334,-100.2916093,38.56,2.355,91,90.81,100.0,-1,0.0,,,,,,4751,0.97,0.105437,37.881883
2026-07-13T10:52:42.426244,Raspberry_Relieve1,25.652322283333334,-100.2916093,38.584,0.1,4,3.86,100.0,-1,0.0,,,,,,4752,0.98,0.012861,37.894744
2026-07-13T10:52:43.426376,Raspberry_Relieve1,25.652322283333334,-100.2916093,38.596,0.0,0,3.86,100.0,-1,0.0,,,,,,4753,1.11,0.001191,37.895935
2026-07-13T10:52:44.426486,Raspberry_Relieve1,25.652322283333334,-100.2916093,38.605,0.0,0,3.86,100.0,-1,0.0,,,,,,4754,0.98,0.001051,37.896986
2026-07-13T10:52:45.426591,Raspberry_Relieve1,25.652322283333334,-100.2916093,38.612,0.0,0,3.86,100.0,-1,0.0,,,,,,4755,0.92,0.000989,37.897975
2026-07-13T10:52:46.426700,Raspberry_Relieve1,25.652322283333334,-100.2916093,38.618,0.0,0,3.86,100.0,-1,0.0,,,,,,4756,0.96,0.001033,37.899008
2026-07-13T10:52:47.426820,Raspberry_Relieve1,25.652322283333334,-100.2916093,38.622,0.0,0,3.86,100.0,-1,0.0,,,,,,4757,1.1,0.001181,37.900189
2026-07-13T10:52:48.426930,Raspberry_Relieve1,25.652322283333334,-100.2916093,36.489,14.108,515,514.79,100.0,-1,0.0,,,,,,4758,0.97,0.069785,37.969974
2026-07-13T10:52:49.427042,Raspberry_Relieve1,25.652322283333334,-100.2916093,36.431,18.851,687,686.76,100.0,-1,0.0,,,,,,4759,1.05,0.174745,38.144719
2026-07-13T10:52:50.427153,Raspberry_Relieve1,25.652322283333334,-100.2916093,36.393,19.144,697,696.71,100.0,-1,0.0,,,,,,4760,1.03,0.197928,38.342647
2026-07-13T10:52:51.427263,Raspberry_Relieve1,25.652322283333334,-100.2916093,36.359,19.165,697,696.82,100.0,-1,0.0,,,,,,4761,0.96,0.18535,38.527997
2026-07-13T10:52:52.427371,Raspberry_Relieve1,25.652322283333334,-100.2916093,36.333,19.157,696,696.03,100.0,-1,0.0,,,,,,4762,0.99,0.191824,38.719821
2026-07-13T10:52:53.427482,Raspberry_Relieve1,25.652322283333334,-100.2916093,37.562,13.355,502,501.64,100.0,-1,0.0,,,,,,4763,0.93,0.155287,38.875108
2026-07-13T10:52:54.427602,Raspberry_Relieve1,25.652322283333334,-100.2916093,38.646,-0.902,-35,-34.86,100.0,14400,0.0,,,,,,4765,1.25,0.081145,38.956253
2026-07-13T10:52:55.427713,Raspberry_Relieve1,25.652322283333334,-100.2916093,38.497,-0.492,-19,-18.94,100.0,14400,0.0,,,,,,4765,0.76,-0.005666,38.950588
2026-07-13T10:52:56.427823,Raspberry_Relieve1,25.652322283333334,-100.2916093,38.509,0.0,0,0.0,100.0,-1,0.0,,,,,,4766,0.99,-0.002606,38.947981
2026-07-13T10:52:57.427964,Raspberry_Relieve1,25.652322283333334,-100.2916093,36.369,16.63,605,604.82,100.0,-1,0.0,,,,,,4767,1.08,0.091126,39.039108
2026-07-13T10:52:58.428066,Raspberry_Relieve1,25.652322283333334,-100.2916093,36.326,18.973,689,689.21,100.0,-1,0.0,,,,,,4768,1.01,0.181162,39.22027
2026-07-13T10:52:59.428185,Raspberry_Relieve1,25.652322283333334,-100.2916093,36.296,19.131,694,694.38,100.0,-1,0.0,,,,,,4769,1.04,0.200741,39.421011
2026-07-13T10:53:00.428269,Raspberry_Relieve1,25.652322283333334,-100.2916093,38.574,0.175,7,6.75,100.0,-1,0.0,,,,,,4770,1.01,0.098676,39.519687
2026-07-13T10:53:01.428354,Raspberry_Relieve1,25.652322283333334,-100.2916093,38.54,-0.783,-30,-30.18,100.0,14400,0.0,,,,,,4771,0.84,-0.002733,39.516955
2026-07-13T10:53:02.428444,Raspberry_Relieve1,25.652322283333334,-100.2916093,38.527,-0.564,-22,-21.73,100.0,14400,0.0,,,,,,4772,1.11,-0.007983,39.508972
2026-07-13T10:53:03.428534,Raspberry_Relieve1,25.652322283333334,-100.2916093,38.491,-0.138,-5,-5.31,100.0,14400,0.0,,,,,,4773,0.87,-0.003283,39.505689
2026-07-13T10:53:04.428626,Raspberry_Relieve1,25.652322283333334,-100.2916093,38.501,0.0,0,0.0,100.0,-1,0.0,,,,,,4774,1.09,-0.000808,39.504881
2026-07-13T10:53:05.428745,Raspberry_Relieve1,25.652322283333334,-100.2916093,38.509,0.0,0,0.0,100.0,-1,0.0,,,,,,4775,0.94,0.0,39.504881
2026-07-13T10:53:06.428855,Raspberry_Relieve1,25.652322283333334,-100.2916093,38.517,0.0,0,0.0,100.0,-1,0.0,,,,,,4776,1.09,0.0,39.504881
2026-07-13T10:53:07.428964,Raspberry_Relieve1,25.652322283333334,-100.2916093,38.526,0.0,0,0.0,100.0,-1,0.0,,,,,,4777,1.01,0.0,39.504881
2026-07-13T10:53:08.429081,Raspberry_Relieve1,25.652322283333334,-100.2916093,38.531,0.0,0,0.0,100.0,-1,0.0,,,,,,4778,0.94,0.0,39.504881
2026-07-13T10:53:09.429192,Raspberry_Relieve1,25.652322283333334,-100.2916093,38.536,0.0,0,0.0,100.0,-1,0.0,,,,,,4779,1.03,0.0,39.504881
2026-07-13T10:53:10.429316,Raspberry_Relieve1,25.652322283333334,-100.2916093,38.544,0.0,0,0.0,100.0,-1,0.0,,,,,,4780,1.0,0.0,39.504881
2026-07-13T10:53:11.429436,Raspberry_Relieve1,25.652322283333334,-100.2916093,38.548,0.0,0,0.0,100.0,-1,0.0,,,,,,4781,0.92,0.0,39.504881
2026-07-13T10:53:12.429549,Raspberry_Relieve1,25.652322283333334,-100.2916093,38.551,0.0,0,0.0,100.0,-1,0.0,,,,,,4782,1.09,0.0,39.504881
2026-07-13T10:53:13.429669,Raspberry_Relieve1,25.652322283333334,-100.2916093,38.557,0.0,0,0.0,100.0,-1,0.0,,,,,,4783,0.96,0.0,39.504881
2026-07-13T10:53:14.429773,Raspberry_Relieve1,25.652322283333334,-100.2916093,38.559,0.0,0,0.0,100.0,-1,0.0,,,,,,4784,0.95,0.0,39.504881
2026-07-13T10:53:15.429886,Raspberry_Relieve1,25.652322283333334,-100.2916093,38.564,0.0,0,0.0,100.0,-1,0.0,,,,,,4785,0.97,0.0,39.504881
2026-07-13T10:53:16.430005,Raspberry_Relieve1,25.652322283333334,-100.2916093,38.568,0.0,0,0.0,100.0,-1,0.0,,,,,,4786,1.13,0.0,39.504881
2026-07-13T10:53:17.430099,Raspberry_Relieve1,25.652322283333334,-100.2916093,38.573,0.0,0,0.0,100.0,-1,0.0,,,,,,4787,0.91,0.0,39.504881
2026-07-13T10:53:18.430200,Raspberry_Relieve1,25.652322283333334,-100.2916093,38.574,0.0,0,0.0,100.0,-1,0.0,,,,,,4788,1.01,0.0,39.504881
2026-07-13T10:53:19.430301,Raspberry_Relieve1,25.652322283333334,-100.2916093,38.578,0.0,0,0.0,100.0,-1,0.0,,,,,,4789,1.07,0.0,39.504881
2026-07-13T10:53:20.430410,Raspberry_Relieve1,25.652322283333334,-100.2916093,38.581,0.0,0,0.0,100.0,-1,0.0,,,,,,4790,0.98,0.0,39.504881
2026-07-13T10:53:21.430523,Raspberry_Relieve1,25.652322283333334,-100.2916093,38.585,0.0,0,0.0,100.0,-1,0.0,,,,,,4791,0.98,0.0,39.504881
2026-07-13T10:53:22.430632,Raspberry_Relieve1,25.652322283333334,-100.2916093,38.587,0.0,0,0.0,100.0,-1,0.0,,,,,,4792,1.02,0.0,39.504881
2026-07-13T10:53:23.430797,Raspberry_Relieve1,25.652322283333334,-100.2916093,38.588,0.0,0,0.0,100.0,-1,0.0,,,,,,4793,1.04,0.0,39.504881
2026-07-13T10:53:24.430910,Raspberry_Relieve1,25.652322283333334,-100.2916093,38.591,0.0,0,0.0,100.0,-1,0.0,,,,,,4794,0.96,0.0,39.504881
2026-07-13T10:53:25.431091,Raspberry_Relieve1,25.652322283333334,-100.2916093,38.593,0.0,0,0.0,100.0,-1,0.0,,,,,,4795,1.06,0.0,39.504881
2026-07-13T10:53:26.431208,Raspberry_Relieve1,25.652322283333334,-100.2916093,38.596,0.0,0,0.0,100.0,-1,0.0,,,,,,4796,0.98,0.0,39.504881
2026-07-13T10:53:27.431313,Raspberry_Relieve1,25.652322283333334,-100.2916093,38.598,0.0,0,0.0,100.0,-1,0.0,,,,,,4797,0.98,0.0,39.504881
2026-07-13T10:53:28.431427,Raspberry_Relieve1,25.652322283333334,-100.2916093,38.6,0.0,0,0.0,100.0,-1,0.0,,,,,,4798,1.02,0.0,39.504881
2026-07-13T10:53:29.431567,Raspberry_Relieve1,25.652322283333334,-100.2916093,36.444,17.487,637,637.3,100.0,-1,0.0,,,,,,4799,1.0,0.088294,39.593176
2026-07-13T10:53:30.431649,Raspberry_Relieve1,25.652322283333334,-100.2916093,36.393,19.057,694,693.54,100.0,-1,0.0,,,,,,4800,1.01,0.186461,39.779637
2026-07-13T10:53:31.431780,Raspberry_Relieve1,25.652322283333334,-100.2916093,36.358,19.148,696,696.18,100.0,-1,0.0,,,,,,4801,1.01,0.195089,39.974726
2026-07-13T10:53:32.431961,Raspberry_Relieve1,25.652322283333334,-100.2916093,38.585,3.887,150,149.98,100.0,-1,0.0,,,,,,4802,0.88,0.103097,40.077823
2026-07-13T10:53:33.432039,Raspberry_Relieve1,25.652322283333334,-100.2916093,36.378,11.499,418,418.31,100.0,-1,0.0,,,,,,4803,1.12,0.088245,40.166068
2026-07-13T10:53:34.432148,Raspberry_Relieve1,25.652322283333334,-100.2916093,36.326,18.676,678,678.42,100.0,-1,0.0,,,,,,4804,1.01,0.15396,40.320028
2026-07-13T10:53:35.432288,Raspberry_Relieve1,25.652322283333334,-100.2916093,36.292,19.128,694,694.19,100.0,-1,0.0,,,,,,4805,0.93,0.177544,40.497572
2026-07-13T10:53:36.432380,Raspberry_Relieve1,25.652322283333334,-100.2916093,36.267,19.157,695,694.77,100.0,-1,0.0,,,,,,4806,1.03,0.19891,40.696482
2026-07-13T10:53:37.432506,Raspberry_Relieve1,25.652322283333334,-100.2916093,36.245,19.157,694,694.35,100.0,-1,0.0,,,,,,4807,1.04,0.201059,40.897541
2026-07-13T10:53:38.432608,Raspberry_Relieve1,25.652322283333334,-100.2916093,36.224,19.158,694,693.98,100.0,-1,0.0,,,,,,4808,1.02,0.196017,41.093558
2026-07-13T10:53:39.432732,Raspberry_Relieve1,25.652322283333334,-100.2916093,37.354,9.271,346,346.31,100.0,-1,0.0,,,,,,4809,0.99,0.142974,41.236532
2026-07-13T10:53:40.432838,Raspberry_Relieve1,25.652322283333334,-100.2916093,36.204,18.538,671,671.15,100.0,-1,0.0,,,,,,4810,0.87,0.123299,41.359831
2026-07-13T10:53:41.433018,Raspberry_Relieve1,25.652322283333334,-100.2916093,38.137,10.04,383,382.9,100.0,-1,0.0,,,,,,4811,1.02,0.149789,41.50962
2026-07-13T10:53:42.433130,Raspberry_Relieve1,25.652322283333334,-100.2916093,38.287,6.979,267,267.2,100.0,-1,0.0,,,,,,4812,1.07,0.096328,41.605948
2026-07-13T10:53:43.433245,Raspberry_Relieve1,25.652322283333334,-100.2916093,36.234,10.726,389,388.65,100.0,-1,0.0,,,,,,4813,0.93,0.084317,41.690265
2026-07-13T10:53:44.433339,Raspberry_Relieve1,25.652322283333334,-100.2916093,36.222,13.465,488,487.73,100.0,-1,0.0,,,,,,4814,1.09,0.132702,41.822966
2026-07-13T10:53:45.433459,Raspberry_Relieve1,25.652322283333334,-100.2916093,36.181,18.803,680,680.31,100.0,-1,0.0,,,,,,4815,1.12,0.181707,42.004673
2026-07-13T10:53:46.433571,Raspberry_Relieve1,25.652322283333334,-100.2916093,36.157,19.126,692,691.54,100.0,-1,0.0,,,,,,4816,0.79,0.150717,42.15539
2026-07-13T10:53:47.433683,Raspberry_Relieve1,25.652322283333334,-100.2916093,36.137,19.151,692,692.06,100.0,-1,0.0,,,,,,4817,1.08,0.208213,42.363603
2026-07-13T10:53:48.433795,Raspberry_Relieve1,25.652322283333334,-100.2916093,36.121,19.148,692,691.64,100.0,-1,0.0,,,,,,4818,0.99,0.18951,42.553113
2026-07-13T10:53:49.433898,Raspberry_Relieve1,25.652322283333334,-100.2916093,38.22,4.966,190,189.8,100.0,-1,0.0,,,,,,4819,1.06,0.129378,42.682491
2026-07-13T10:53:50.433997,Raspberry_Relieve1,25.652322283333334,-100.2916093,36.124,17.381,628,627.87,100.0,-1,0.0,,,,,,4820,1.02,0.11539,42.797881
2026-07-13T10:53:51.434128,Raspberry_Relieve1,25.652322283333334,-100.2916093,36.104,19.005,686,686.16,100.0,-1,0.0,,,,,,4821,0.88,0.161464,42.959346
2026-07-13T10:53:52.434235,Raspberry_Relieve1,25.652322283333334,-100.2916093,36.123,13.66,493,493.44,100.0,-1,0.0,,,,,,4822,1.02,0.167729,43.127075
2026-07-13T10:53:53.434380,Raspberry_Relieve1,25.652322283333334,-100.2916093,36.092,18.786,678,678.02,100.0,-1,0.0,,,,,,4823,1.02,0.166519,43.293593
2026-07-13T10:53:54.434488,Raspberry_Relieve1,25.652322283333334,-100.2916093,36.076,19.071,688,688.01,100.0,-1,0.0,,,,,,4824,1.04,0.198254,43.491847
2026-07-13T10:53:55.434604,Raspberry_Relieve1,25.652322283333334,-100.2916093,38.645,-0.925,-36,-35.75,100.0,14400,0.0,,,,,,4825,0.97,0.088233,43.58008
2026-07-13T10:53:56.434713,Raspberry_Relieve1,25.652322283333334,-100.2916093,38.246,-0.957,-37,-36.6,100.0,14400,0.001,,,,,,4826,0.95,-0.009521,43.570559
2026-07-13T10:53:57.434827,Raspberry_Relieve1,25.652322283333334,-100.2916093,38.265,-0.113,-4,-4.32,100.0,14400,0.001,,,,,,4828,1.35,-0.007664,43.562895
2026-07-13T10:53:58.434932,Raspberry_Relieve1,25.652322283333334,-100.2916093,38.283,0.0,0,0.0,100.0,-1,0.001,,,,,,4828,0.59,-0.000355,43.56254
2026-07-13T10:53:59.435049,Raspberry_Relieve1,25.652322283333334,-100.2916093,37.296,12.01,448,447.92,100.0,-1,0.0,,,,,,4829,1.1,0.068378,43.630918
2026-07-13T10:54:00.435120,Raspberry_Relieve1,25.652322283333334,-100.2916093,36.429,9.573,349,348.73,100.0,-1,0.0,,,,,,4830,1.03,0.114412,43.74533
2026-07-13T10:54:01.435206,Raspberry_Relieve1,25.652322283333334,-100.2916093,36.126,18.559,670,670.46,100.0,-1,0.0,,,,,,4831,0.95,0.134224,43.879554
2026-07-13T10:54:02.435284,Raspberry_Relieve1,25.652322283333334,-100.2916093,36.098,19.107,690,689.72,100.0,-1,0.0,,,,,,4832,0.93,0.175284,44.054838
2026-07-13T10:54:03.435369,Raspberry_Relieve1,25.652322283333334,-100.2916093,36.076,19.134,690,690.28,100.0,-1,0.0,,,,,,4833,1.09,0.208699,44.263537
2026-07-13T10:54:04.435448,Raspberry_Relieve1,25.652322283333334,-100.2916093,36.06,19.114,689,689.25,100.0,-1,0.0,,,,,,4834,0.87,0.167256,44.430792
2026-07-13T10:54:05.435584,Raspberry_Relieve1,25.652322283333334,-100.2916093,36.043,19.084,688,687.84,100.0,-1,0.0,,,,,,4835,1.05,0.201622,44.632414
2026-07-13T10:54:06.435695,Raspberry_Relieve1,25.652322283333334,-100.2916093,36.032,19.069,687,687.09,100.0,-1,0.0,,,,,,4836,1.08,0.205408,44.837822
2026-07-13T10:54:07.435815,Raspberry_Relieve1,25.652322283333334,-100.2916093,38.143,2.349,90,89.6,100.0,-1,0.0,,,,,,4837,1.0,0.108166,44.945987
2026-07-13T10:54:08.435963,Raspberry_Relieve1,25.652322283333334,-100.2916093,36.09,9.857,356,355.74,100.0,-1,0.0,,,,,,4838,0.89,0.054825,45.000812
2026-07-13T10:54:09.436047,Raspberry_Relieve1,25.652322283333334,-100.2916093,36.05,18.504,667,667.07,100.0,-1,0.0,,,,,,4839,1.14,0.161975,45.162788
2026-07-13T10:54:10.436152,Raspberry_Relieve1,25.652322283333334,-100.2916093,38.142,3.674,140,140.13,100.0,-1,0.0,,,,,,4840,0.94,0.105259,45.268047
2026-07-13T10:54:11.436299,Raspberry_Relieve1,25.652322283333334,-100.2916093,38.18,0.174,7,6.64,100.0,-1,0.0,,,,,,4841,0.94,0.01925,45.287297
2026-07-13T10:54:12.436399,Raspberry_Relieve1,25.652322283333334,-100.2916093,38.203,0.0,0,6.64,100.0,-1,0.0,,,,,,4842,0.97,0.001796,45.289092
2026-07-13T10:54:13.436518,Raspberry_Relieve1,25.652322283333334,-100.2916093,38.224,0.0,0,6.64,100.0,-1,0.0,,,,,,4843,1.19,0.002191,45.291283
2026-07-13T10:54:14.436614,Raspberry_Relieve1,25.652322283333334,-100.2916093,38.24,0.0,0,6.64,100.0,-1,0.0,,,,,,4844,0.87,0.001605,45.292888
2026-07-13T10:54:15.436748,Raspberry_Relieve1,25.652322283333334,-100.2916093,38.253,0.0,0,6.64,100.0,-1,0.0,,,,,,4845,1.06,0.001957,45.294845
2026-07-13T10:54:16.436853,Raspberry_Relieve1,25.652322283333334,-100.2916093,38.265,0.0,0,6.64,100.0,-1,0.0,,,,,,4846,1.0,0.001844,45.296689
2026-07-13T10:54:17.436973,Raspberry_Relieve1,25.652322283333334,-100.2916093,38.276,0.0,0,6.64,100.0,-1,0.0,,,,,,4847,1.01,0.001867,45.298556
2026-07-13T10:54:18.437089,Raspberry_Relieve1,25.652322283333334,-100.2916093,37.981,1.411,54,53.59,100.0,-1,0.0,,,,,,4848,0.97,0.008147,45.306703
2026-07-13T10:54:19.437215,Raspberry_Relieve1,25.652322283333334,-100.2916093,38.272,2.14,82,81.9,100.0,-1,0.0,,,,,,4849,0.91,0.017047,45.32375
2026-07-13T10:54:20.437327,Raspberry_Relieve1,25.652322283333334,-100.2916093,38.288,0.0,0,81.9,100.0,-1,0.0,,,,,,4850,1.04,0.023653,45.347403
2026-07-13T10:54:21.437448,Raspberry_Relieve1,25.652322283333334,-100.2916093,36.971,10.905,403,403.17,100.0,-1,0.0,,,,,,4851,0.99,0.06669,45.414093
2026-07-13T10:54:22.437554,Raspberry_Relieve1,25.652322283333334,-100.2916093,36.355,15.745,572,572.41,100.0,-1,0.0,,,,,,4852,1.01,0.136309,45.550403
2026-07-13T10:54:23.437709,Raspberry_Relieve1,25.652322283333334,-100.2916093,36.146,15.25,551,551.23,100.0,-1,0.0,,,,,,4853,1.11,0.173445,45.723848
2026-07-13T10:54:24.437852,Raspberry_Relieve1,25.652322283333334,-100.2916093,36.107,18.915,683,682.96,100.0,-1,0.0,,,,,,4854,0.95,0.163314,45.887162
2026-07-13T10:54:25.437980,Raspberry_Relieve1,25.652322283333334,-100.2916093,36.626,10.883,399,398.6,100.0,-1,0.0,,,,,,4855,1.02,0.153009,46.040171
2026-07-13T10:54:26.438084,Raspberry_Relieve1,25.652322283333334,-100.2916093,38.185,4.334,165,165.49,100.0,-1,0.0,,,,,,4856,0.99,0.077891,46.118062
2026-07-13T10:54:27.438216,Raspberry_Relieve1,25.652322283333334,-100.2916093,36.092,17.575,634,634.32,100.0,-1,0.0,,,,,,4857,0.97,0.108041,46.226103
2026-07-13T10:54:28.438319,Raspberry_Relieve1,25.652322283333334,-100.2916093,38.188,1.913,73,73.05,100.0,-1,0.0,,,,,,4858,1.04,0.102449,46.328552
2026-07-13T10:54:29.438466,Raspberry_Relieve1,25.652322283333334,-100.2916093,36.268,9.179,333,332.9,100.0,-1,0.0,,,,,,4859,1.05,0.059058,46.387609
2026-07-13T10:54:30.438563,Raspberry_Relieve1,25.652322283333334,-100.2916093,38.224,0.549,21,20.98,100.0,-1,0.0,,,,,,4860,0.95,0.046765,46.434374
2026-07-13T10:54:31.438702,Raspberry_Relieve1,25.652322283333334,-100.2916093,38.243,0.0,0,20.98,100.0,-1,0.0,,,,,,4861,0.96,0.00561,46.439984
2026-07-13T10:54:32.438793,Raspberry_Relieve1,25.652322283333334,-100.2916093,38.256,0.0,0,20.98,100.0,-1,0.0,,,,,,4862,0.91,0.00533,46.445314
2026-07-13T10:54:33.438955,Raspberry_Relieve1,25.652322283333334,-100.2916093,38.271,0.0,0,20.98,100.0,-1,0.0,,,,,,4863,1.08,0.006266,46.451581
2026-07-13T10:54:34.439090,Raspberry_Relieve1,25.652322283333334,-100.2916093,38.281,0.0,0,20.98,100.0,-1,0.0,,,,,,4864,0.95,0.005531,46.457112
2026-07-13T10:54:35.439227,Raspberry_Relieve1,25.652322283333334,-100.2916093,38.288,0.0,0,20.98,100.0,-1,0.0,,,,,,4865,1.0,0.005821,46.462933
2026-07-13T10:54:36.439323,Raspberry_Relieve1,25.652322283333334,-100.2916093,38.299,0.0,0,20.98,100.0,-1,0.0,,,,,,4866,1.05,0.006124,46.469057
2026-07-13T10:54:37.439455,Raspberry_Relieve1,25.652322283333334,-100.2916093,38.307,0.0,0,20.98,100.0,-1,0.0,,,,,,4867,0.96,0.005595,46.474652
2026-07-13T10:54:38.439563,Raspberry_Relieve1,25.652322283333334,-100.2916093,36.186,15.983,578,578.36,100.0,-1,0.0,,,,,,4868,1.05,0.087248,46.5619
2026-07-13T10:54:39.439693,Raspberry_Relieve1,25.652322283333334,-100.2916093,38.25,4.685,179,179.2,100.0,-1,0.0,,,,,,4869,1.02,0.106839,46.668739
2026-07-13T10:54:40.439795,Raspberry_Relieve1,25.652322283333334,-100.2916093,38.231,6.638,254,253.78,100.0,-1,0.0,,,,,,4870,0.98,0.058697,46.727436
2026-07-13T10:54:41.439972,Raspberry_Relieve1,25.652322283333334,-100.2916093,38.27,0.363,14,13.89,100.0,-1,0.0,,,,,,4871,0.94,0.034938,46.762374
2026-07-13T10:54:42.440035,Raspberry_Relieve1,25.652322283333334,-100.2916093,38.286,0.0,0,13.89,100.0,-1,0.0,,,,,,4872,1.2,0.004649,46.767023
2026-07-13T10:54:43.440171,Raspberry_Relieve1,25.652322283333334,-100.2916093,38.3,0.0,0,13.89,100.0,-1,0.0,,,,,,4873,0.9,0.00349,46.770513
2026-07-13T10:54:44.440272,Raspberry_Relieve1,25.652322283333334,-100.2916093,38.31,0.0,0,13.89,100.0,-1,0.0,,,,,,4874,0.87,0.003375,46.773887
2026-07-13T10:54:45.440399,Raspberry_Relieve1,25.652322283333334,-100.2916093,38.314,0.0,0,13.89,100.0,-1,0.0,,,,,,4875,1.1,0.004257,46.778144
2026-07-13T10:54:46.440510,Raspberry_Relieve1,25.652322283333334,-100.2916093,38.325,0.0,0,13.89,100.0,-1,0.0,,,,,,4876,1.0,0.003867,46.782011
2026-07-13T10:54:47.440672,Raspberry_Relieve1,25.652322283333334,-100.2916093,36.813,11.591,427,426.7,100.0,-1,0.0,,,,,,4877,0.91,0.055851,46.837862
2026-07-13T10:54:48.440781,Raspberry_Relieve1,25.652322283333334,-100.2916093,36.219,11.754,426,425.72,100.0,-1,0.0,,,,,,4878,1.07,0.127241,46.965103
2026-07-13T10:54:49.440904,Raspberry_Relieve1,25.652322283333334,-100.2916093,38.275,2.947,113,112.8,100.0,-1,0.0,,,,,,4879,1.04,0.077897,47.042999
2026-07-13T10:54:50.441004,Raspberry_Relieve1,25.652322283333334,-100.2916093,38.285,1.716,66,65.7,100.0,-1,0.0,,,,,,4880,0.93,0.022935,47.065935
2026-07-13T10:54:51.441145,Raspberry_Relieve1,25.652322283333334,-100.2916093,38.305,0.0,0,65.7,100.0,-1,0.0,,,,,,4881,1.02,0.018548,47.084482
2026-07-13T10:54:52.441242,Raspberry_Relieve1,25.652322283333334,-100.2916093,38.27,4.812,184,184.16,100.0,-1,0.0,,,,,,4882,1.01,0.034975,47.119458
2026-07-13T10:54:53.441361,Raspberry_Relieve1,25.652322283333334,-100.2916093,38.277,4.178,160,159.92,100.0,-1,0.0,,,,,,4883,0.98,0.046822,47.16628
2026-07-13T10:54:54.441469,Raspberry_Relieve1,25.652322283333334,-100.2916093,36.176,17.018,616,615.64,100.0,-1,0.0,,,,,,4884,1.04,0.11186,47.278141
2026-07-13T10:54:55.441600,Raspberry_Relieve1,25.652322283333334,-100.2916093,38.238,4.659,178,178.15,100.0,-1,0.0,,,,,,4886,1.18,0.13027,47.40841
2026-07-13T10:54:56.441713,Raspberry_Relieve1,25.652322283333334,-100.2916093,38.27,0.23,9,8.8,100.0,-1,0.0,,,,,,4886,0.89,0.023159,47.431569
2026-07-13T10:54:57.441841,Raspberry_Relieve1,25.652322283333334,-100.2916093,38.285,0.0,0,8.8,100.0,-1,0.0,,,,,,4887,0.85,0.002087,47.433656
2026-07-13T10:57:40.497768,Raspberry_Relieve1,25.652322283333334,-100.2916093,38.348,0.0,0,8.8,100.0,-1,0.0,,,,,,5051,163.7,0.400262,47.833918
2026-07-13T10:57:41.511478,Raspberry_Relieve1,25.652322283333334,-100.2916093,38.349,0.0,0,8.8,100.0,-1,0.0,,,,,,5052,0.72,0.001772,47.83569
2026-07-13T10:57:42.511621,Raspberry_Relieve1,25.652322283333334,-100.2916093,38.35,0.0,0,8.8,100.0,-1,0.0,,,,,,5053,0.84,0.002062,47.837752
2026-07-13T10:57:43.511755,Raspberry_Relieve1,25.652322283333334,-100.2916093,38.35,0.104,4,3.99,100.0,-1,0.0,,,,,,5054,1.09,0.001933,47.839685
2026-07-13T10:57:44.511873,Raspberry_Relieve1,25.652322283333334,-100.2916093,38.35,0.0,0,3.99,100.0,-1,0.0,,,,,,5055,0.94,0.001047,47.840731
2026-07-13T10:57:45.512003,Raspberry_Relieve1,25.652322283333334,-100.2916093,38.351,0.145,6,5.56,100.0,-1,0.0,,,,,,5056,1.19,0.001575,47.842307
2026-07-13T10:57:46.512161,Raspberry_Relieve1,25.652322283333334,-100.2916093,38.352,0.0,0,5.56,100.0,-1,0.0,,,,,,5057,1.08,0.001664,47.843971
2026-07-13T10:57:47.512293,Raspberry_Relieve1,25.652322283333334,-100.2916093,38.351,0.19,7,7.29,100.0,-1,0.0,,,,,,5058,0.85,0.00151,47.845481
2026-07-13T10:57:48.512405,Raspberry_Relieve1,25.652322283333334,-100.2916093,38.351,0.0,0,7.29,100.0,-1,0.0,,,,,,5059,0.97,0.001961,47.847442
2026-07-13T10:57:49.512538,Raspberry_Relieve1,25.652322283333334,-100.2916093,38.351,0.0,0,7.29,100.0,-1,0.0,,,,,,5060,1.05,0.002124,47.849566
2026-07-13T10:57:50.512647,Raspberry_Relieve1,25.652322283333334,-100.2916093,38.352,0.0,0,7.29,100.0,-1,0.0,,,,,,5061,1.04,0.00211,47.851676
2026-07-13T10:57:51.512778,Raspberry_Relieve1,25.652322283333334,-100.2916093,38.353,0.0,0,7.29,100.0,-1,0.0,,,,,,5062,0.97,0.001962,47.853638
2026-07-13T10:57:52.512896,Raspberry_Relieve1,25.652322283333334,-100.2916093,38.353,0.0,0,7.29,100.0,-1,0.0,,,,,,5063,0.82,0.001659,47.855296
2026-07-13T10:57:53.513023,Raspberry_Relieve1,25.652322283333334,-100.2916093,38.353,0.0,0,7.29,100.0,-1,0.0,,,,,,5064,1.08,0.002189,47.857486
2026-07-13T10:57:54.513139,Raspberry_Relieve1,25.652322283333334,-100.2916093,38.354,0.0,0,7.29,100.0,-1,0.0,,,,,,5065,0.98,0.001992,47.859478
2026-07-13T10:57:55.513262,Raspberry_Relieve1,25.652322283333334,-100.2916093,38.355,0.0,0,7.29,100.0,-1,0.0,,,,,,5066,0.93,0.001891,47.861369
2026-07-13T10:57:56.513378,Raspberry_Relieve1,25.652322283333334,-100.2916093,38.356,0.0,0,7.29,100.0,-1,0.0,,,,,,5066,0.93,0.00188,47.863249
2026-07-13T10:57:57.513520,Raspberry_Relieve1,25.652322283333334,-100.2916093,38.355,0.0,0,7.29,100.0,-1,0.0,,,,,,5068,1.04,0.002098,47.865348
2026-07-13T10:57:58.513703,Raspberry_Relieve1,25.652322283333334,-100.2916093,38.357,0.0,0,7.29,100.0,-1,0.0,,,,,,5069,1.08,0.002177,47.867524
2026-07-13T10:57:59.513855,Raspberry_Relieve1,25.652322283333334,-100.2916093,38.357,0.0,0,7.29,100.0,-1,0.0,,,,,,5070,1.02,0.002073,47.869598
2026-07-13T10:58:00.514005,Raspberry_Relieve1,25.652322283333334,-100.2916093,38.357,0.0,0,7.29,100.0,-1,0.0,,,,,,5071,0.88,0.001779,47.871377
2026-07-13T10:58:01.514084,Raspberry_Relieve1,25.652322283333334,-100.2916093,38.355,-0.113,-4,-4.33,100.0,14400,0.0,,,,,,5072,1.07,0.000439,47.871816
2026-07-13T10:58:02.514169,Raspberry_Relieve1,25.652322283333334,-100.2916093,38.357,-0.119,-5,-4.56,100.0,14400,0.0,,,,,,5073,1.04,-0.001286,47.87053
2026-07-13T10:58:03.514250,Raspberry_Relieve1,25.652322283333334,-100.2916093,38.357,-0.12,-5,-4.6,100.0,14400,0.0,,,,,,5074,0.94,-0.001192,47.869338
2026-07-13T10:58:04.514336,Raspberry_Relieve1,25.652322283333334,-100.2916093,38.357,-0.118,-5,-4.53,100.0,14400,0.0,,,,,,5075,0.96,-0.001214,47.868124
2026-07-13T10:58:05.514525,Raspberry_Relieve1,25.652322283333334,-100.2916093,38.357,-0.117,-5,-4.49,100.0,14400,0.0,,,,,,5076,1.07,-0.001338,47.866786
2026-07-13T10:58:06.514659,Raspberry_Relieve1,25.652322283333334,-100.2916093,38.359,-0.119,-5,-4.56,100.0,14400,0.0,,,,,,5077,1.01,-0.001269,47.865517
2026-07-13T10:58:07.514767,Raspberry_Relieve1,25.652322283333334,-100.2916093,38.361,-0.112,-4,-4.3,100.0,14400,0.0,,,,,,5078,0.92,-0.001132,47.864385
2026-07-13T10:58:08.514883,Raspberry_Relieve1,25.652322283333334,-100.2916093,38.36,-0.108,-4,-4.14,100.0,14400,0.0,,,,,,5079,1.06,-0.001241,47.863144
2026-07-13T10:58:09.515036,Raspberry_Relieve1,25.652322283333334,-100.2916093,38.359,-0.107,-4,-4.1,100.0,14400,0.0,,,,,,5080,0.97,-0.001107,47.862037
2026-07-13T10:58:10.515142,Raspberry_Relieve1,25.652322283333334,-100.2916093,38.36,-0.108,-4,-4.14,100.0,14400,0.0,,,,,,5081,1.09,-0.001243,47.860794
2026-07-13T10:58:11.515280,Raspberry_Relieve1,25.652322283333334,-100.2916093,38.362,-0.109,-4,-4.18,100.0,14400,0.0,,,,,,5081,0.85,-0.000987,47.859807
2026-07-13T10:58:12.515402,Raspberry_Relieve1,25.652322283333334,-100.2916093,38.362,-0.105,-4,-4.03,100.0,14400,0.0,,,,,,5083,1.07,-0.001222,47.858584
2026-07-13T10:58:13.515513,Raspberry_Relieve1,25.652322283333334,-100.2916093,38.361,-0.106,-4,-4.07,100.0,14400,0.0,,,,,,5084,0.98,-0.001103,47.857481
2026-07-13T10:58:14.515682,Raspberry_Relieve1,25.652322283333334,-100.2916093,38.363,-0.105,-4,-4.03,100.0,14400,0.0,,,,,,5085,1.1,-0.001234,47.856247
2026-07-13T10:58:15.515874,Raspberry_Relieve1,25.652322283333334,-100.2916093,38.362,-0.105,-4,-4.03,100.0,14400,0.0,,,,,,5086,0.94,-0.001056,47.855191
2026-07-13T10:58:16.515988,Raspberry_Relieve1,25.652322283333334,-100.2916093,38.363,-0.103,-4,-3.95,100.0,14400,0.0,,,,,,5087,0.99,-0.001094,47.854097
2026-07-13T10:58:17.516106,Raspberry_Relieve1,25.652322283333334,-100.2916093,38.361,-0.101,-4,-3.87,100.0,14400,0.001,,,,,,5088,1.01,-0.001098,47.852999
2026-07-13T10:58:18.516259,Raspberry_Relieve1,25.652322283333334,-100.2916093,38.363,-0.11,-4,-4.22,100.0,14400,0.001,,,,,,5089,1.02,-0.001149,47.85185
2026-07-13T10:58:19.516366,Raspberry_Relieve1,25.652322283333334,-100.2916093,38.363,-0.109,-4,-4.18,100.0,14400,0.001,,,,,,5090,0.99,-0.001154,47.850696
2026-07-13T10:58:20.516482,Raspberry_Relieve1,25.652322283333334,-100.2916093,38.364,-0.109,-4,-4.18,100.0,14400,0.001,,,,,,5091,1.05,-0.001222,47.849474
2026-07-13T10:58:21.516603,Raspberry_Relieve1,25.652322283333334,-100.2916093,38.364,-0.108,-4,-4.14,100.0,14400,0.001,,,,,,5092,0.88,-0.001013,47.84846
2026-07-13T10:58:22.516718,Raspberry_Relieve1,25.652322283333334,-100.2916093,38.364,-0.107,-4,-4.1,100.0,14400,0.001,,,,,,5093,1.1,-0.001265,47.847196
2026-07-13T10:58:23.516830,Raspberry_Relieve1,25.652322283333334,-100.2916093,38.364,-0.107,-4,-4.1,100.0,14400,0.001,,,,,,5094,0.92,-0.001047,47.846148
2026-07-13T10:58:24.516954,Raspberry_Relieve1,25.652322283333334,-100.2916093,38.364,-0.107,-4,-4.1,100.0,14400,0.001,,,,,,5095,1.04,-0.001183,47.844966
2026-07-13T10:58:25.517095,Raspberry_Relieve1,25.652322283333334,-100.2916093,38.364,-0.107,-4,-4.1,100.0,14400,0.001,,,,,,5095,0.9,-0.001027,47.843938
2026-07-13T10:58:26.517238,Raspberry_Relieve1,25.652322283333334,-100.2916093,38.365,-0.109,-4,-4.18,100.0,14400,0.001,,,,,,5097,1.09,-0.001253,47.842685
2026-07-13T10:58:27.517379,Raspberry_Relieve1,25.652322283333334,-100.2916093,38.365,-0.107,-4,-4.11,100.0,14400,0.001,,,,,,5098,1.01,-0.001165,47.84152
2026-07-13T10:58:28.517467,Raspberry_Relieve1,25.652322283333334,-100.2916093,38.366,-0.106,-4,-4.07,100.0,14400,0.001,,,,,,5099,0.99,-0.001129,47.840391
2026-07-13T10:58:29.517580,Raspberry_Relieve1,25.652322283333334,-100.2916093,38.365,-0.108,-4,-4.14,100.0,14400,0.001,,,,,,5099,0.93,-0.001066,47.839325
2026-07-13T10:58:30.517694,Raspberry_Relieve1,25.652322283333334,-100.2916093,38.365,-0.107,-4,-4.11,100.0,14400,0.001,,,,,,5101,1.03,-0.001181,47.838144
2026-07-13T10:58:31.517853,Raspberry_Relieve1,25.652322283333334,-100.2916093,38.366,-0.106,-4,-4.07,100.0,14400,0.001,,,,,,5102,1.06,-0.0012,47.836944
2026-07-13T10:58:32.517964,Raspberry_Relieve1,25.652322283333334,-100.2916093,38.366,-0.106,-4,-4.07,100.0,14400,0.001,,,,,,5103,0.93,-0.001047,47.835897
2026-07-13T10:58:33.518512,Raspberry_Relieve1,25.652322283333334,-100.2916093,38.367,-0.107,-4,-4.11,100.0,14400,0.001,,,,,,5104,1.08,-0.001224,47.834673
2026-07-13T10:58:34.518623,Raspberry_Relieve1,25.652322283333334,-100.2916093,38.367,-0.103,-4,-3.95,100.0,14400,0.001,,,,,,5105,0.95,-0.001067,47.833606
2026-07-13T10:58:35.518755,Raspberry_Relieve1,25.652322283333334,-100.2916093,38.366,-0.107,-4,-4.11,100.0,14341,0.001,,,,,,5106,1.05,-0.001172,47.832434
2026-07-13T10:58:36.518864,Raspberry_Relieve1,25.652322283333334,-100.2916093,38.368,-0.108,-4,-4.14,100.0,14050,0.001,,,,,,5107,1.05,-0.001206,47.831228
2026-07-13T10:58:37.518980,Raspberry_Relieve1,25.652322283333334,-100.2916093,38.368,-0.105,-4,-4.03,100.0,13787,0.001,,,,,,5107,0.84,-0.000949,47.830279
2026-07-13T10:58:38.519093,Raspberry_Relieve1,25.652322283333334,-100.2916093,38.368,-0.107,-4,-4.11,100.0,13530,0.001,,,,,,5109,1.05,-0.001184,47.829095
2026-07-13T10:58:39.519206,Raspberry_Relieve1,25.652322283333334,-100.2916093,38.369,-0.106,-4,-4.07,100.0,13292,0.001,,,,,,5110,1.06,-0.001209,47.827887
2026-07-13T10:58:40.519325,Raspberry_Relieve1,25.652322283333334,-100.2916093,38.368,-0.105,-4,-4.03,100.0,13069,0.001,,,,,,5110,0.9,-0.001013,47.826873
2026-07-13T10:58:41.519424,Raspberry_Relieve1,25.652322283333334,-100.2916093,38.369,-0.105,-4,-4.03,100.0,12854,0.001,,,,,,5112,1.09,-0.001223,47.825651
2026-07-13T10:58:42.519773,Raspberry_Relieve1,25.652322283333334,-100.2916093,38.369,-0.108,-4,-4.14,100.0,12640,0.001,,,,,,5113,1.03,-0.001164,47.824487
2026-07-13T10:58:43.519933,Raspberry_Relieve1,25.652322283333334,-100.2916093,38.369,-0.109,-4,-4.18,100.0,12432,0.001,,,,,,5114,1.0,-0.001158,47.823329
2026-07-13T10:58:44.519986,Raspberry_Relieve1,25.652322283333334,-100.2916093,38.368,-0.107,-4,-4.11,100.0,12241,0.001,,,,,,5115,0.97,-0.001122,47.822207
2026-07-13T10:58:45.520090,Raspberry_Relieve1,25.652322283333334,-100.2916093,38.369,-0.105,-4,-4.03,100.0,12066,0.001,,,,,,5116,0.99,-0.001123,47.821084
2026-07-13T10:58:46.520200,Raspberry_Relieve1,25.652322283333334,-100.2916093,38.369,-0.108,-4,-4.14,100.0,11890,0.001,,,,,,5117,0.99,-0.001126,47.819958
2026-07-13T10:58:47.520297,Raspberry_Relieve1,25.652322283333334,-100.2916093,38.369,-0.107,-4,-4.11,100.0,11722,0.001,,,,,,5118,1.02,-0.001167,47.818791
2026-07-13T10:58:48.520400,Raspberry_Relieve1,25.652322283333334,-100.2916093,38.37,-0.106,-4,-4.07,100.0,11567,0.001,,,,,,5119,1.05,-0.001189,47.817602
2026-07-13T10:58:49.520501,Raspberry_Relieve1,25.652322283333334,-100.2916093,38.37,-0.106,-4,-4.07,100.0,11417,0.001,,,,,,5119,0.85,-0.000958,47.816644
2026-07-13T10:58:50.520614,Raspberry_Relieve1,25.652322283333334,-100.2916093,38.37,-0.107,-4,-4.11,100.0,11272,0.002,,,,,,5121,1.13,-0.001288,47.815356
2026-07-13T10:58:51.520748,Raspberry_Relieve1,25.652322283333334,-100.2916093,38.37,-0.104,-4,-3.99,100.0,11141,0.002,,,,,,5121,0.87,-0.000979,47.814377
2026-07-13T10:58:52.520856,Raspberry_Relieve1,25.652322283333334,-100.2916093,38.371,-0.106,-4,-4.07,100.0,11011,0.002,,,,,,5123,1.04,-0.001159,47.813218
2026-07-13T10:58:53.520953,Raspberry_Relieve1,25.652322283333334,-100.2916093,38.371,-0.105,-4,-4.03,100.0,10886,0.002,,,,,,5124,1.01,-0.00113,47.812088
2026-07-13T10:58:54.521069,Raspberry_Relieve1,25.652322283333334,-100.2916093,38.37,-0.107,-4,-4.11,100.0,10761,0.002,,,,,,5125,1.01,-0.001143,47.810944
2026-07-13T10:58:55.521250,Raspberry_Relieve1,25.652322283333334,-100.2916093,38.371,-0.107,-4,-4.11,100.0,10642,0.002,,,,,,5126,1.04,-0.001181,47.809763
2026-07-13T10:58:56.521353,Raspberry_Relieve1,25.652322283333334,-100.2916093,38.37,-0.107,-4,-4.11,100.0,10527,0.002,,,,,,5126,0.92,-0.001049,47.808714
2026-07-13T10:58:57.521461,Raspberry_Relieve1,25.652322283333334,-100.2916093,38.372,-0.107,-4,-4.11,100.0,10416,0.002,,,,,,5128,1.11,-0.001263,47.807451
2026-07-13T10:58:58.521579,Raspberry_Relieve1,25.652322283333334,-100.2916093,38.371,-0.107,-4,-4.11,100.0,10310,0.002,,,,,,5129,0.93,-0.001056,47.806395
2026-07-13T10:58:59.521691,Raspberry_Relieve1,25.652322283333334,-100.2916093,38.371,-0.106,-4,-4.07,100.0,10210,0.002,,,,,,5130,1.12,-0.001275,47.80512
2026-07-13T10:59:00.521876,Raspberry_Relieve1,25.652322283333334,-100.2916093,38.371,-0.107,-4,-4.11,100.0,10111,0.002,,,,,,5131,0.89,-0.001016,47.804104
2026-07-13T10:59:01.521920,Raspberry_Relieve1,25.652322283333334,-100.2916093,38.37,-0.105,-4,-4.03,100.0,10019,0.002,,,,,,5132,0.96,-0.001088,47.803017
2026-07-13T10:59:02.522009,Raspberry_Relieve1,25.652322283333334,-100.2916093,38.37,-0.108,-4,-4.14,100.0,9924,0.002,,,,,,5133,1.07,-0.001217,47.801799
2026-07-13T10:59:03.522097,Raspberry_Relieve1,25.652322283333334,-100.2916093,38.371,-0.106,-4,-4.07,100.0,9838,0.002,,,,,,5134,1.04,-0.001184,47.800616
2026-07-13T10:59:04.522182,Raspberry_Relieve1,25.652322283333334,-100.2916093,38.371,-0.109,-4,-4.18,100.0,9747,0.002,,,,,,5135,1.05,-0.001202,47.799414
2026-07-13T10:59:05.522339,Raspberry_Relieve1,25.652322283333334,-100.2916093,38.371,-0.106,-4,-4.07,100.0,9667,0.002,,,,,,5136,0.9,-0.001031,47.798382
2026-07-13T10:59:06.522468,Raspberry_Relieve1,25.652322283333334,-100.2916093,38.369,-0.106,-4,-4.07,100.0,9588,0.002,,,,,,5137,1.0,-0.001133,47.797249
