timestamp,dispositivo_id,latitud,longitud,voltaje,corriente,potencia,soc,ttg_min,ah_consumidos,motor_voltaje,motor_corriente,motor_potencia,motor_rpm,motor_temp,tiempo_acumulado,delta_t_s,energia_wh,energia_acumulada_wh,,potencia(V*C)
2026-07-07T17:29:29.232,Raspberry_Relieve1,,,40.415,0.473,19,100,-1,0,,,,,,00:00:00,,,0,,19.116295
2026-07-07T17:29:30.061,Raspberry_Relieve1,,,40.417,0.471,19,100,-1,0,,,,,,00:00:00,,,0,,19.036407
2026-07-07T17:29:30.587,Raspberry_Relieve1,,,40.417,0.471,19,100,-1,0,,,,,,00:00:01,0.69,0.003625,0.003625,,19.036407
2026-07-07T17:29:31.282,Raspberry_Relieve1,,,40.396,0.587,24,100,-1,0,,,,,,00:00:01,0.52,0.003104,0.006729,,23.712452
2026-07-07T17:29:31.802,Raspberry_Relieve1,,,39.096,7.439,291,100,-1,0,,,,,,00:00:02,0.67,0.029525,0.036254,,290.835144
2026-07-07T17:29:32.450,Raspberry_Relieve1,,,39.096,7.439,291,100,-1,0,,,,,,00:00:02,0.44,0.03538,0.071635,,290.835144
2026-07-07T17:29:36.254,Raspberry_Relieve1,,,38.435,15.192,584,100,-1,0,,,,,,00:00:00,,,0,,583.90452
2026-07-07T17:29:36.760,Raspberry_Relieve1,,,38.609,14.335,553,100,-1,0,,,,,,00:00:00,,,0,,553.460015
2026-07-07T17:29:37.329,Raspberry_Relieve1,,,38.609,14.335,553,100,-1,0,,,,,,00:00:01,0.52,0.079405,0.079405,,553.460015
2026-07-07T17:29:37.843,Raspberry_Relieve1,,,38.365,15.806,606,100,-1,0,,,,,,00:00:01,0.51,0.082617,0.162022,,606.39719
2026-07-07T17:29:38.344,Raspberry_Relieve1,,,38.365,15.806,606,100,-1,0,,,,,,00:00:02,0.54,0.090862,0.252884,,606.39719
2026-07-07T17:29:38.882,Raspberry_Relieve1,,,38.209,16.789,641,100,-1,0,,,,,,00:00:02,0.58,0.100886,0.353771,,641.490901
2026-07-07T17:29:39.473,Raspberry_Relieve1,,,38.209,16.789,641,100,-1,0,,,,,,00:00:03,0.4,0.070526,0.424297,,641.490901
2026-07-08T12:33:23.089,Raspberry_Relieve1,,,39.121,12.085,473,100,-1,0,,,,,,00:00:03,0.63,0.097211,0.521507,,472.777285
2026-07-08T12:33:23.595,Raspberry_Relieve1,,,39.121,12.085,473,100,-1,0,,,,,,00:00:04,0.41,0.053677,0.575185,,472.777285
2026-07-08T12:33:24.095,Raspberry_Relieve1,,,40.247,1.663,67,100,-1,0,,,,,,00:00:04,0.63,0.047254,0.622438,,66.930761
2026-07-08T12:33:24.634,Raspberry_Relieve1,,,40.269,0.544,22,100,-1,0,,,,,,00:00:05,0.52,0.006443,0.628882,,21.906336
2026-07-08T12:33:25.162,Raspberry_Relieve1,,,40.269,0.544,22,100,-1,0,,,,,,00:00:05,0.46,0.002814,0.631696,,21.906336
2026-07-08T12:33:25.662,Raspberry_Relieve1,,,40.283,0.475,19,100,-1,0,,,,,,00:00:06,0.46,0.002617,0.634314,,19.134425
2026-07-08T12:33:26.163,Raspberry_Relieve1,,,40.283,0.475,19,100,-1,0,,,,,,00:00:06,0.58,0.003049,0.637362,,19.134425
2026-07-08T12:33:26.665,Raspberry_Relieve1,,,40.283,0.475,19,100,-1,0,,,,,,00:00:07,0.48,0.002525,0.639887,,19.134425
2026-07-08T12:33:27.165,Raspberry_Relieve1,,,40.294,0.469,19,100,-1,0,,,,,,00:00:07,0.44,0.002327,0.642214,,18.897886
2026-07-08T12:33:27.665,Raspberry_Relieve1,,,40.276,0.578,23,100,-1,0,,,,,,00:00:08,0.55,0.003215,0.645429,,23.279528
2026-07-08T12:33:28.165,Raspberry_Relieve1,,,40.276,0.578,23,100,-1,0,,,,,,00:00:08,0.48,0.003094,0.648523,,23.279528
2026-07-08T12:33:28.665,Raspberry_Relieve1,,,39.934,3.368,135,100,-1,0,,,,,,00:00:09,0.53,0.011615,0.660138,,134.497712
2026-07-08T12:33:29.165,Raspberry_Relieve1,,,39.934,3.368,135,100,-1,0,,,,,,00:00:09,0.5,0.018697,0.678835,,134.497712
2026-07-08T12:33:29.665,Raspberry_Relieve1,,,39.612,4.638,184,100,-1,0,,,,,,00:00:10,0.56,0.024633,0.703467,,183.720456
2026-07-08T12:33:30.187,Raspberry_Relieve1,,,39.612,4.638,184,100,-1,0,,,,,,00:00:10,0.41,0.020703,0.72417,,183.720456
2026-07-08T12:33:30.687,Raspberry_Relieve1,,,39.319,7.947,312,100,-1,0,,,,,,00:00:11,0.6,0.041398,0.765568,,312.468093
2026-07-08T12:33:31.198,Raspberry_Relieve1,,,39.319,7.947,312,100,-1,0,,,,,,00:00:11,0.47,0.041058,0.806626,,312.468093
2026-07-08T12:33:31.698,Raspberry_Relieve1,,,40.27,3.72,150,100,-1,0,,,,,,00:00:12,0.42,0.026866,0.833492,,149.8044
2026-07-08T12:33:32.199,Raspberry_Relieve1,,,40.27,3.72,150,100,-1,0,,,,,,00:00:12,0.66,0.027476,0.860968,,149.8044
2026-07-08T12:33:32.764,Raspberry_Relieve1,,,40.292,0.672,27,100,-1,0,,,,,,00:00:13,0.52,0.012751,0.873718,,27.076224
2026-07-08T12:33:33.267,Raspberry_Relieve1,,,40.292,0.672,27,100,-1,0,,,,,,00:00:14,0.65,0.004867,0.878586,,
2026-07-08T12:33:33.955,Raspberry_Relieve1,,,40.305,0.478,19,100,-1,0,,,,,,00:00:14,0.6,0.003825,0.882411,,
2026-07-08T12:33:34.545,Raspberry_Relieve1,,,40.305,0.478,19,100,-1,0,,,,,,00:00:15,0.5,0.002654,0.885065,,
2026-07-08T12:33:35.045,Raspberry_Relieve1,,,40.312,0.467,19,100,-1,0,,,,,,00:00:15,0.47,0.002468,0.887534,,
2026-07-08T12:33:35.545,Raspberry_Relieve1,,,40.312,0.467,19,100,-1,0,,,,,,00:00:16,0.56,0.002948,0.890482,,
2026-07-08T12:33:36.059,Raspberry_Relieve1,,,40.317,0.465,19,100,-1,0,,,,,,00:00:16,0.58,0.003059,0.89354,,
2026-07-08T12:33:36.640,Raspberry_Relieve1,,,40.027,1.888,76,100,-1,0,,,,,,00:00:17,0.49,0.006409,0.89995,,
2026-07-08T12:33:37.140,Raspberry_Relieve1,,,40.027,1.888,76,100,-1,0,,,,,,00:00:17,0.45,0.009399,0.909348,,
2026-07-08T12:33:37.640,Raspberry_Relieve1,,,39.431,6.307,249,100,-1,0,,,,,,00:00:18,0.56,0.025367,0.934715,,
2026-07-08T12:33:38.140,Raspberry_Relieve1,,,39.431,6.307,249,100,-1,0,,,,,,00:00:18,0.57,0.039634,0.97435,,
2026-07-08T12:33:38.700,Raspberry_Relieve1,,,39.048,9.732,380,100,-1,0,,,,,,00:00:19,0.43,0.037885,1.012235,,
2026-07-08T12:33:39.200,Raspberry_Relieve1,,,39.048,9.732,380,100,-1,0,,,,,,00:00:19,0.59,0.061824,1.074059,,
2026-07-08T12:33:39.730,Raspberry_Relieve1,,,40.317,3.489,141,100,-1,0,,,,,,00:00:20,0.42,0.030374,1.104432,,
2026-07-08T12:33:40.230,Raspberry_Relieve1,,,40.317,3.489,141,100,-1,0,,,,,,00:00:20,0.61,0.023771,1.128203,,
2026-07-08T12:33:40.747,Raspberry_Relieve1,,,40.317,3.489,141,100,-1,0,,,,,,00:00:21,0.52,0.020475,1.148678,,
2026-07-08T12:33:41.263,Raspberry_Relieve1,,,40.296,0.657,26,100,-1,0,,,,,,00:00:21,0.52,0.012091,1.160769,,
2026-07-08T12:33:41.793,Raspberry_Relieve1,,,40.368,0.104,4,100,-1,0,,,,,,00:00:22,0.49,0.002054,1.162823,,
2026-07-08T12:33:42.293,Raspberry_Relieve1,,,40.368,0.104,4,100,-1,0,,,,,,00:00:22,0.52,0.000579,1.163402,,
2026-07-08T12:33:42.805,Raspberry_Relieve1,,,40.38,-0.577,-23,100,14400,0.001,,,,,,00:00:23,0.49,-0.00129,1.162112,,
2026-07-08T12:33:43.305,Raspberry_Relieve1,,,40.38,-0.577,-23,100,14400,0.001,,,,,,00:00:23,0.54,-0.003455,1.158657,,
2026-07-08T12:33:43.840,Raspberry_Relieve1,,,40.386,0,0,100,14400,0.001,,,,,,00:00:24,0.42,-0.001332,1.157325,,
2026-07-08T12:33:44.340,Raspberry_Relieve1,,,40.386,0,0,100,14400,0.001,,,,,,00:00:24,0.6,0,1.157325,,
2026-07-08T12:33:44.844,Raspberry_Relieve1,,,40.391,0,0,100,-1,0.001,,,,,,00:00:25,0.43,0,1.157325,,
2026-07-08T12:33:45.344,Raspberry_Relieve1,,,40.391,0,0,100,-1,0.001,,,,,,00:00:25,0.54,0,1.157325,,
2026-07-08T12:33:45.844,Raspberry_Relieve1,,,40.397,0,0,100,-1,0.001,,,,,,00:00:26,0.53,0,1.157325,,
2026-07-08T12:33:46.349,Raspberry_Relieve1,,,40.397,0,0,100,-1,0.001,,,,,,00:00:27,0.73,0,1.157325,,
2026-07-08T12:33:47.080,Raspberry_Relieve1,,,40.4,0,0,100,-1,0.001,,,,,,00:00:27,0.44,0,1.157325,,
2026-07-08T12:33:47.580,Raspberry_Relieve1,,,40.374,1.916,77,100,-1,0,,,,,,00:00:28,0.57,0.006085,1.16341,,
2026-07-08T12:33:48.100,Raspberry_Relieve1,,,40.374,1.916,77,100,-1,0,,,,,,00:00:28,0.49,0.0104,1.173811,,
2026-07-08T12:33:48.600,Raspberry_Relieve1,,,40.337,0.554,22,100,-1,0,,,,,,00:00:29,0.6,0.008222,1.182032,,
2026-07-08T12:33:49.184,Raspberry_Relieve1,,,40.337,0.554,22,100,-1,0,,,,,,00:00:29,0.42,0.002596,1.184628,,
2026-07-08T12:33:49.685,Raspberry_Relieve1,,,40.401,0.167,7,100,-1,0,,,,,,00:00:30,0.51,0.00204,1.186668,,
2026-07-08T12:33:50.185,Raspberry_Relieve1,,,40.401,0.167,7,100,-1,0,,,,,,00:00:30,0.5,0.000981,1.187649,,
2026-07-08T12:33:50.685,Raspberry_Relieve1,,,40.407,0,7,100,-1,0,,,,,,00:00:31,0.5,0.000966,1.188614,,
2026-07-08T12:33:51.185,Raspberry_Relieve1,,,40.407,0,7,100,-1,0,,,,,,00:00:31,0.6,0.00116,1.189775,,
2026-07-08T12:33:51.707,Raspberry_Relieve1,,,40.409,0,7,100,-1,0,,,,,,00:00:32,0.48,0.000928,1.190703,,
2026-07-08T12:33:52.207,Raspberry_Relieve1,,,40.409,0,7,100,-1,0,,,,,,00:00:32,0.51,0.000987,1.19169,,
2026-07-08T12:33:52.707,Raspberry_Relieve1,,,40.416,0,7,100,-1,0,,,,,,00:00:33,0.45,0.00088,1.192569,,
2026-07-08T12:33:53.208,Raspberry_Relieve1,,,40.416,0,7,100,-1,0,,,,,,00:00:33,0.55,0.001075,1.193644,,
2026-07-08T12:33:53.708,Raspberry_Relieve1,,,40.417,0,7,100,-1,0,,,,,,00:00:34,0.44,0.000859,1.194503,,
2026-07-08T12:33:54.208,Raspberry_Relieve1,,,40.417,0,7,100,-1,0,,,,,,00:00:34,0.53,0.001034,1.195537,,
2026-07-08T12:33:54.708,Raspberry_Relieve1,,,40.422,0,7,100,-1,0,,,,,,00:00:35,0.55,0.001078,1.196615,,
2026-07-08T12:33:55.224,Raspberry_Relieve1,,,40.422,0,7,100,-1,0,,,,,,00:00:35,0.49,0.000958,1.197573,,
2026-07-08T12:33:55.724,Raspberry_Relieve1,,,40.426,0,7,100,-1,0,,,,,,00:00:36,0.49,0.000958,1.198531,,
2026-07-08T12:33:56.225,Raspberry_Relieve1,,,40.426,0,7,100,-1,0,,,,,,00:00:36,0.5,0.000974,1.199506,,
2026-07-08T12:33:56.725,Raspberry_Relieve1,,,40.428,0,7,100,-1,0,,,,,,00:00:37,0.42,0.000822,1.200327,,
2026-07-08T12:33:57.225,Raspberry_Relieve1,,,40.428,0,7,100,-1,0,,,,,,00:00:37,0.59,0.00115,1.201478,,
2026-07-08T12:33:57.725,Raspberry_Relieve1,,,40.431,0,7,100,-1,0,,,,,,00:00:38,0.54,0.001042,1.202519,,
2026-07-08T12:33:58.273,Raspberry_Relieve1,,,40.431,0,7,100,-1,0,,,,,,00:00:38,0.5,0.000976,1.203495,,
2026-07-08T12:33:58.773,Raspberry_Relieve1,,,40.432,0,7,100,-1,0,,,,,,00:00:39,0.65,0.001254,1.204749,,
2026-07-08T12:33:59.416,Raspberry_Relieve1,,,40.432,0,7,100,-1,0,,,,,,00:00:39,0.45,0.000881,1.20563,,
2026-07-08T12:33:59.916,Raspberry_Relieve1,,,40.436,0,7,100,-1,0,,,,,,00:00:40,0.64,0.001248,1.206877,,
2026-07-08T12:34:00.499,Raspberry_Relieve1,,,40.436,0,7,100,-1,0,,,,,,00:00:41,0.39,0.000758,1.207635,,
2026-07-08T12:34:00.999,Raspberry_Relieve1,,,40.438,0,7,100,-1,0,,,,,,00:00:41,0.58,0.001128,1.208763,,
2026-07-08T12:34:01.499,Raspberry_Relieve1,,,40.438,0,7,100,-1,0,,,,,,00:00:42,0.53,0.001035,1.209798,,
2026-07-08T12:34:01.999,Raspberry_Relieve1,,,40.442,0,7,100,-1,0,,,,,,00:00:42,0.43,0.000841,1.210639,,
2026-07-08T12:34:02.499,Raspberry_Relieve1,,,40.442,0,7,100,-1,0,,,,,,00:00:43,0.47,0.00091,1.21155,,
2026-07-08T12:34:02.999,Raspberry_Relieve1,,,40.444,0,7,100,-1,0,,,,,,00:00:43,0.55,0.001068,1.212617,,
2026-07-08T12:34:03.499,Raspberry_Relieve1,,,40.444,0,7,100,-1,0,,,,,,00:00:44,0.51,0.000993,1.21361,,
2026-07-08T12:34:03.999,Raspberry_Relieve1,,,40.444,0,7,100,-1,0,,,,,,00:00:44,0.46,0.000892,1.214502,,
2026-07-08T12:34:04.499,Raspberry_Relieve1,,,40.446,0,7,100,-1,0,,,,,,00:00:45,0.6,0.001163,1.215665,,
2026-07-08T12:34:05.019,Raspberry_Relieve1,,,40.446,0,7,100,-1,0,,,,,,00:00:45,0.39,0.000761,1.216426,,
2026-07-08T12:34:05.519,Raspberry_Relieve1,,,40.449,0,7,100,-1,0,,,,,,00:00:46,0.53,0.001023,1.217449,,
2026-07-08T12:34:06.019,Raspberry_Relieve1,,,40.449,0,7,100,-1,0,,,,,,00:00:46,0.52,0.001014,1.218463,,
2026-07-08T12:34:06.519,Raspberry_Relieve1,,,40.416,0.53,21,100,-1,0,,,,,,00:00:47,0.58,0.002256,1.220719,,
2026-07-08T12:34:07.029,Raspberry_Relieve1,,,40.451,0,21,100,-1,0,,,,,,00:00:47,0.39,0.002287,1.223006,,
2026-07-08T12:34:07.529,Raspberry_Relieve1,,,40.451,0,21,100,-1,0,,,,,,00:00:48,0.66,0.003861,1.226867,,
2026-07-08T12:34:08.084,Raspberry_Relieve1,,,40.451,0,21,100,-1,0,,,,,,00:00:48,0.46,0.002673,1.22954,,
2026-07-08T12:34:08.584,Raspberry_Relieve1,,,40.451,0,21,100,-1,0,,,,,,00:00:49,0.56,0.003253,1.232792,,
2026-07-08T12:34:09.096,Raspberry_Relieve1,,,40.454,0,21,100,-1,0,,,,,,00:00:49,0.41,0.002384,1.235177,,
2026-07-08T12:34:09.596,Raspberry_Relieve1,,,40.454,0,21,100,-1,0,,,,,,00:00:50,0.51,0.002982,1.238159,,
2026-07-08T12:34:10.096,Raspberry_Relieve1,,,40.457,0,21,100,-1,0,,,,,,00:00:50,0.57,0.003308,1.241467,,
2026-07-08T12:34:10.603,Raspberry_Relieve1,,,40.457,0,21,100,-1,0,,,,,,00:00:51,0.44,0.002558,1.244026,,
2026-07-08T12:34:11.104,Raspberry_Relieve1,,,40.349,0.435,18,100,-1,0,,,,,,00:00:51,0.5,0.002693,1.246718,,
2026-07-08T12:34:11.604,Raspberry_Relieve1,,,40.349,0.435,18,100,-1,0,,,,,,00:00:52,0.56,0.002776,1.249495,,
2026-07-08T12:34:12.104,Raspberry_Relieve1,,,40.371,0.651,26,100,-1,0,,,,,,00:00:52,0.47,0.002882,1.252377,,
2026-07-08T12:34:12.604,Raspberry_Relieve1,,,40.371,0.651,26,100,-1,0,,,,,,00:00:53,0.55,0.003982,1.256359,,
2026-07-08T12:34:13.104,Raspberry_Relieve1,,,40.415,1.613,65,100,-1,0,,,,,,00:00:53,0.44,0.005551,1.26191,,
2026-07-08T12:34:13.604,Raspberry_Relieve1,,,40.415,1.613,65,100,-1,0,,,,,,00:00:54,0.64,0.011515,1.273425,,
2026-07-08T12:34:14.188,Raspberry_Relieve1,,,40.391,0.541,22,100,-1,0,,,,,,00:00:54,0.5,0.006029,1.279453,,
2026-07-08T12:34:14.688,Raspberry_Relieve1,,,40.391,0.541,22,100,-1,0,,,,,,00:00:55,0.45,0.002724,1.282177,,
2026-07-08T12:34:15.188,Raspberry_Relieve1,,,40.393,0.471,19,100,-1,0,,,,,,00:00:55,0.51,0.002896,1.285074,,
2026-07-08T12:34:15.689,Raspberry_Relieve1,,,40.393,0.471,19,100,-1,0,,,,,,00:00:56,0.56,0.002968,1.288041,,
2026-07-08T12:34:16.192,Raspberry_Relieve1,,,40.396,0.468,19,100,-1,0,,,,,,00:00:56,0.4,0.002103,1.290144,,
2026-07-08T12:34:16.692,Raspberry_Relieve1,,,40.396,0.468,19,100,-1,0,,,,,,00:00:57,0.6,0.003163,1.293308,,
2026-07-08T12:34:17.192,Raspberry_Relieve1,,,40.395,0.469,19,100,-1,0,,,,,,00:00:57,0.42,0.00222,1.295528,,
2026-07-08T12:34:17.692,Raspberry_Relieve1,,,40.395,0.469,19,100,-1,0,,,,,,00:00:58,0.59,0.003105,1.298633,,
2026-07-08T12:34:18.208,Raspberry_Relieve1,,,40.395,0.469,19,100,-1,0,,,,,,00:00:58,0.45,0.002351,1.300984,,
2026-07-08T12:34:18.708,Raspberry_Relieve1,,,40.396,0.466,19,100,-1,0,,,,,,00:00:59,0.49,0.002602,1.303586,,
2026-07-08T12:34:19.208,Raspberry_Relieve1,,,40.396,0.466,19,100,-1,0,,,,,,00:00:59,0.53,0.002791,1.306377,,
2026-07-08T12:34:19.708,Raspberry_Relieve1,,,40.398,0.464,19,100,-1,0,,,,,,00:01:00,0.52,0.002751,1.309129,,
2026-07-08T12:34:20.208,Raspberry_Relieve1,,,40.285,0.93,37,100,-1,0,,,,,,00:01:00,0.52,0.00406,1.313188,,
2026-07-08T12:34:20.709,Raspberry_Relieve1,,,40.285,0.93,37,100,-1,0,,,,,,00:01:01,0.45,0.004618,1.317807,,
2026-07-08T12:34:21.209,Raspberry_Relieve1,,,39.881,4.251,170,100,-1,0,,,,,,00:01:01,0.48,0.013873,1.331679,,
2026-07-08T12:34:21.709,Raspberry_Relieve1,,,39.881,4.251,170,100,-1,0,,,,,,00:01:02,0.6,0.028381,1.360061,,
2026-07-08T12:34:22.246,Raspberry_Relieve1,,,39.682,5.623,223,100,-1,0,,,,,,00:01:02,0.56,0.030714,1.390775,,
2026-07-08T12:34:22.802,Raspberry_Relieve1,,,39.682,5.623,223,100,-1,0,,,,,,00:01:03,0.43,0.026635,1.417411,,
2026-07-08T12:34:23.302,Raspberry_Relieve1,,,39.538,7.254,287,100,-1,0,,,,,,00:01:03,0.49,0.034585,1.451996,,
2026-07-08T12:34:23.802,Raspberry_Relieve1,,,39.538,7.254,287,100,-1,0,,,,,,00:01:04,0.49,0.038943,1.490939,,
2026-07-08T12:34:24.302,Raspberry_Relieve1,,,39.506,7.1,280,100,-1,0,,,,,,00:01:04,0.55,0.043131,1.53407,,
2026-07-08T12:34:24.802,Raspberry_Relieve1,,,39.506,7.1,280,100,-1,0,,,,,,00:01:05,0.6,0.046721,1.58079,,
2026-07-08T12:34:25.369,Raspberry_Relieve1,,,39.457,7.412,292,100,-1,0,,,,,,00:01:06,0.56,0.044206,1.624996,,
2026-07-08T12:34:25.922,Raspberry_Relieve1,,,39.457,7.412,292,100,-1,0,,,,,,00:01:06,0.49,0.039597,1.664593,,
2026-07-08T12:34:26.422,Raspberry_Relieve1,,,39.47,7.135,282,100,-1,0,,,,,,00:01:07,0.52,0.041181,1.705774,,
2026-07-08T12:34:26.922,Raspberry_Relieve1,,,39.47,7.135,282,100,-1,0,,,,,,00:01:07,0.47,0.037009,1.742783,,
2026-07-08T12:34:27.422,Raspberry_Relieve1,,,38.987,9.942,388,100,-1,0,,,,,,00:01:07,0.42,0.039456,1.782239,,
2026-07-08T12:34:27.922,Raspberry_Relieve1,,,38.987,9.942,388,100,-1,0,,,,,,00:01:08,0.58,0.062823,1.845062,,
2026-07-08T12:34:28.442,Raspberry_Relieve1,,,39.06,11.247,439,100,-1,0,,,,,,00:01:08,0.45,0.05215,1.897212,,
2026-07-08T12:34:28.942,Raspberry_Relieve1,,,39.06,11.247,439,100,-1,0,,,,,,00:01:09,0.56,0.068674,1.965886,,
2026-07-08T12:34:29.442,Raspberry_Relieve1,,,39.277,9.303,365,100,-1,0,,,,,,00:01:10,0.54,0.06012,2.026006,,
2026-07-08T12:34:29.966,Raspberry_Relieve1,,,39.277,9.303,365,100,-1,0,,,,,,00:01:10,0.67,0.067731,2.093737,,
2026-07-08T12:34:30.639,Raspberry_Relieve1,,,38.858,11.698,455,100,-1,0,,,,,,00:01:11,0.4,0.04558,2.139318,,
2026-07-08T12:34:31.139,Raspberry_Relieve1,,,38.525,14.604,563,100,-1,0,,,,,,00:01:11,0.84,0.119326,2.258643,,
2026-07-08T12:34:31.879,Raspberry_Relieve1,,,38.525,14.604,563,100,-1,0,,,,,,00:01:12,0.49,0.076498,2.335142,,
2026-07-08T12:34:32.379,Raspberry_Relieve1,,,40.25,1.961,79,100,-1,0,,,,,,00:01:13,0.55,0.048998,2.38414,,
2026-07-08T12:34:32.918,Raspberry_Relieve1,,,40.25,1.961,79,100,-1,0,,,,,,00:01:13,0.45,0.009836,2.393976,,
2026-07-08T12:34:33.418,Raspberry_Relieve1,,,40.26,1.296,52,100,-1,0,,,,,,00:01:15,1.72,0.031345,2.425321,,
2026-07-08T12:34:35.088,Raspberry_Relieve1,,,39.96,3.66,146,100,-1,0,,,,,,00:01:15,0.49,0.01346,2.438781,,
2026-07-08T12:34:35.588,Raspberry_Relieve1,,,39.96,3.66,146,100,-1,0,,,,,,00:01:16,0.53,0.02138,2.460161,,
2026-07-08T12:34:36.105,Raspberry_Relieve1,,,40.274,1.144,46,100,-1,0,,,,,,00:01:16,0.44,0.011656,2.471817,,
2026-07-08T12:34:36.605,Raspberry_Relieve1,,,40.274,1.144,46,100,-1,0,,,,,,00:01:17,0.48,0.00618,2.477997,,
2026-07-08T12:34:37.105,Raspberry_Relieve1,,,39.006,7.104,277,100,-1,0,,,,,,00:01:17,0.71,0.031757,2.509755,,
2026-07-08T12:34:37.733,Raspberry_Relieve1,,,39.006,7.104,277,100,-1,0,,,,,,00:01:18,0.47,0.035955,2.545709,,
2026-07-08T12:34:38.233,Raspberry_Relieve1,,,39.185,9.991,392,100,-1,0,,,,,,00:01:18,0.52,0.048492,2.594201,,
2026-07-08T12:34:38.733,Raspberry_Relieve1,,,39.185,9.991,392,100,-1,0,,,,,,00:01:19,0.5,0.054802,2.649004,,
2026-07-08T12:34:39.233,Raspberry_Relieve1,,,39.067,10.228,400,100,-1,0,,,,,,00:01:19,0.52,0.057497,2.706501,,
2026-07-08T12:34:39.754,Raspberry_Relieve1,,,39.067,10.228,400,100,-1,0,,,,,,00:01:20,0.48,0.053613,2.760114,,
2026-07-08T12:34:40.262,Raspberry_Relieve1,,,38.783,12.372,480,100,-1,0,,,,,,00:01:20,0.56,0.068555,2.828669,,
2026-07-08T12:34:40.808,Raspberry_Relieve1,,,38.783,12.372,480,100,-1,0,,,,,,00:01:21,0.54,0.071356,2.900025,,
2026-07-08T12:34:41.332,Raspberry_Relieve1,,,39.437,8.207,324,100,-1,0,,,,,,00:01:21,0.45,0.050428,2.950454,,
2026-07-08T12:34:41.832,Raspberry_Relieve1,,,39.437,8.207,324,100,-1,0,,,,,,00:01:22,0.56,0.050632,3.001086,,
2026-07-08T12:34:42.353,Raspberry_Relieve1,,,39.437,8.207,324,100,-1,0,,,,,,00:01:22,0.47,0.042272,3.043359,,
2026-07-08T12:34:42.853,Raspberry_Relieve1,,,40.224,0.967,39,100,-1,0,,,,,,00:01:23,0.56,0.028045,3.071403,,
2026-07-08T12:34:43.364,Raspberry_Relieve1,,,40.239,0.498,20,100,-1,0,,,,,,00:01:23,0.47,0.003888,3.075292,,
2026-07-08T12:34:43.864,Raspberry_Relieve1,,,40.239,0.498,20,100,-1,0,,,,,,00:01:24,0.52,0.002899,3.078191,,
2026-07-08T12:34:44.364,Raspberry_Relieve1,,,40.249,0.465,19,100,-1,0,,,,,,00:01:25,0.56,0.003054,3.081245,,
2026-07-08T12:34:44.917,Raspberry_Relieve1,,,40.249,0.465,19,100,-1,0,,,,,,00:01:25,0.49,0.002591,3.083836,,
2026-07-08T12:34:45.417,Raspberry_Relieve1,,,40.256,0.465,19,100,-1,0,,,,,,00:01:25,0.43,0.002292,3.086128,,
2026-07-08T12:34:45.917,Raspberry_Relieve1,,,40.256,0.465,19,100,-1,0,,,,,,00:01:26,0.69,0.003622,3.08975,,
2026-07-08T12:34:46.544,Raspberry_Relieve1,,,40.08,1.213,49,100,-1,0,,,,,,00:01:27,0.44,0.004191,3.093941,,
2026-07-08T12:34:47.044,Raspberry_Relieve1,,,38.903,10.056,391,100,-1,0,,,,,,00:01:27,0.5,0.030666,3.124607,,
2026-07-08T12:34:47.544,Raspberry_Relieve1,,,38.903,10.056,391,100,-1,0,,,,,,00:01:28,0.54,0.058806,3.183413,,
2026-07-08T12:34:48.044,Raspberry_Relieve1,,,39.146,9.379,367,100,-1,0,,,,,,00:01:28,0.52,0.055223,3.238636,,
2026-07-08T12:34:48.567,Raspberry_Relieve1,,,39.146,9.379,367,100,-1,0,,,,,,00:01:29,0.48,0.048702,3.287338,,
2026-07-08T12:34:49.067,Raspberry_Relieve1,,,39.075,9.497,371,100,-1,0,,,,,,00:01:29,0.46,0.046868,3.334206,,
2026-07-08T12:34:49.567,Raspberry_Relieve1,,,39.075,9.497,371,100,-1,0,,,,,,00:01:30,0.58,0.06025,3.394457,,
2026-07-08T12:34:50.073,Raspberry_Relieve1,,,38.91,10.142,395,100,-1,0,,,,,,00:01:30,0.49,0.051832,3.446288,,
2026-07-08T12:34:50.573,Raspberry_Relieve1,,,38.91,10.142,395,100,-1,0,,,,,,00:01:31,0.51,0.055832,3.50212,,
2026-07-08T12:34:51.073,Raspberry_Relieve1,,,39.412,6.652,262,100,-1,0,,,,,,00:01:31,0.55,0.050215,3.552336,,
2026-07-08T12:34:51.605,Raspberry_Relieve1,,,39.412,6.652,262,100,-1,0,,,,,,00:01:32,0.45,0.032487,3.584822,,
2026-07-08T12:34:52.105,Raspberry_Relieve1,,,39.231,7.808,306,100,-1,0,,,,,,00:01:32,0.47,0.036914,3.621737,,
2026-07-08T12:34:52.605,Raspberry_Relieve1,,,39.231,7.808,306,100,-1,0,,,,,,00:01:33,0.6,0.050866,3.672603,,
2026-07-08T12:34:53.128,Raspberry_Relieve1,,,38.774,11.034,428,100,-1,0,,,,,,00:01:33,0.47,0.04777,3.720373,,
2026-07-08T12:34:53.628,Raspberry_Relieve1,,,38.774,11.034,428,100,-1,0,,,,,,00:01:34,0.61,0.072925,3.793297,,
2026-07-08T12:34:54.222,Raspberry_Relieve1,,,38.964,10.678,416,100,-1,0,,,,,,00:01:34,0.51,0.060031,3.853328,,
2026-07-08T12:34:54.728,Raspberry_Relieve1,,,38.964,10.678,416,100,-1,0,,,,,,00:01:35,0.49,0.056537,3.909866,,
2026-07-08T12:34:55.228,Raspberry_Relieve1,,,40.184,2.497,100,100,-1,0,,,,,,00:01:35,0.52,0.037451,3.947317,,
2026-07-08T12:34:55.728,Raspberry_Relieve1,,,40.184,2.497,100,100,-1,0,,,,,,00:01:36,0.54,0.014992,3.962309,,
2026-07-08T12:34:56.326,Raspberry_Relieve1,,,40.184,2.497,100,100,-1,0,,,,,,00:01:36,0.51,0.014266,3.976575,,
2026-07-08T12:34:56.826,Raspberry_Relieve1,,,40.188,0.594,24,100,-1,0,,,,,,00:01:37,0.54,0.009215,3.98579,,
2026-07-08T12:34:57.326,Raspberry_Relieve1,,,40.2,0.471,19,100,-1,0,,,,,,00:01:37,0.44,0.002649,3.988438,,
2026-07-08T12:34:57.826,Raspberry_Relieve1,,,40.2,0.471,19,100,-1,0,,,,,,00:01:38,0.59,0.003126,3.991564,,
2026-07-08T12:34:58.353,Raspberry_Relieve1,,,40.099,0.912,37,100,-1,0,,,,,,00:01:38,0.51,0.004001,3.995565,,
2026-07-08T12:34:58.865,Raspberry_Relieve1,,,40.099,0.912,37,100,-1,0,,,,,,00:01:39,0.53,0.005397,4.000962,,
2026-07-08T12:34:59.388,Raspberry_Relieve1,,,39.817,3.777,150,100,-1,0,,,,,,00:01:39,0.44,0.011486,4.012448,,
2026-07-08T12:34:59.888,Raspberry_Relieve1,,,39.817,3.777,150,100,-1,0,,,,,,00:01:40,0.62,0.02588,4.038328,,
2026-07-08T12:35:00.509,Raspberry_Relieve1,,,39.437,6.738,266,100,-1,0,,,,,,00:01:41,0.49,0.02849,4.066818,,
2026-07-08T12:35:01.009,Raspberry_Relieve1,,,38.986,7.968,311,100,-1,0,,,,,,00:01:41,0.66,0.052614,4.119432,,
2026-07-08T12:35:01.617,Raspberry_Relieve1,,,38.986,7.968,311,100,-1,0,,,,,,00:01:42,0.51,0.044222,4.163654,,
2026-07-08T12:35:02.117,Raspberry_Relieve1,,,38.883,10.926,425,100,-1,0,,,,,,00:01:42,0.43,0.04441,4.208064,,
2026-07-08T12:35:02.617,Raspberry_Relieve1,,,38.883,10.926,425,100,-1,0,,,,,,00:01:43,0.59,0.06955,4.277615,,
2026-07-08T12:35:03.155,Raspberry_Relieve1,,,38.908,11.052,430,100,-1,0,,,,,,00:01:43,0.46,0.054622,4.332237,,
2026-07-08T12:35:03.655,Raspberry_Relieve1,,,38.908,11.052,430,100,-1,0,,,,,,00:01:44,0.48,0.057356,4.389593,,
2026-07-08T12:35:04.155,Raspberry_Relieve1,,,38.842,10.826,420,100,-1,0,,,,,,00:01:44,0.5,0.059433,4.449026,,
2026-07-08T12:35:04.655,Raspberry_Relieve1,,,38.842,10.826,420,100,-1,0,,,,,,00:01:45,0.46,0.0532,4.502226,,
2026-07-08T12:35:05.155,Raspberry_Relieve1,,,38.735,10.05,389,100,-1,0,,,,,,00:01:45,0.66,0.074554,4.57678,,
2026-07-08T12:35:05.717,Raspberry_Relieve1,,,38.735,10.05,389,100,-1,0,,,,,,00:01:46,0.54,0.058079,4.634859,,
2026-07-08T12:35:06.235,Raspberry_Relieve1,,,38.576,12.091,466,100,-1,0,,,,,,00:01:46,0.47,0.055903,4.690762,,
2026-07-08T12:35:06.736,Raspberry_Relieve1,,,38.576,12.091,466,100,-1,0,,,,,,00:01:47,0.54,0.069423,4.760185,,
2026-07-08T12:35:07.247,Raspberry_Relieve1,,,38.841,11.589,450,100,-1,0,,,,,,00:01:47,0.4,0.051513,4.811698,,
2026-07-08T12:35:07.747,Raspberry_Relieve1,,,38.841,11.589,450,100,-1,0,,,,,,00:01:48,0.64,0.08052,4.892218,,
2026-07-08T12:35:08.297,Raspberry_Relieve1,,,40.115,2.461,99,100,-1,0,,,,,,00:01:48,0.42,0.032005,4.924223,,
2026-07-08T12:35:08.797,Raspberry_Relieve1,,,40.115,2.461,99,100,-1,0,,,,,,00:01:49,0.71,0.019602,4.943825,,
2026-07-08T12:35:09.425,Raspberry_Relieve1,,,39.223,5.54,217,100,-1,0,,,,,,00:01:50,0.54,0.023862,4.967687,,
2026-07-08T12:35:09.987,Raspberry_Relieve1,,,40.142,0.849,34,100,-1,0,,,,,,00:01:50,0.53,0.018397,4.986084,,
2026-07-08T12:35:10.504,Raspberry_Relieve1,,,40.142,0.849,34,100,-1,0,,,,,,00:01:51,0.46,0.00439,4.990474,,
2026-07-08T12:35:11.005,Raspberry_Relieve1,,,40.143,1.357,54,100,-1,0,,,,,,00:01:51,0.74,0.009065,4.999539,,
2026-07-08T12:35:11.707,Raspberry_Relieve1,,,40.143,1.357,54,100,-1,0,,,,,,00:01:52,0.51,0.007609,5.007148,,
2026-07-08T12:35:12.212,Raspberry_Relieve1,,,40.161,0.517,21,100,-1,0,,,,,,00:01:52,0.49,0.005074,5.012223,,
2026-07-08T12:35:12.718,Raspberry_Relieve1,,,40.161,0.517,21,100,-1,0,,,,,,00:01:53,0.54,0.003142,5.015365,,
2026-07-08T12:35:13.237,Raspberry_Relieve1,,,40.161,0.517,21,100,-1,0,,,,,,00:01:53,0.5,0.002933,5.018298,,
2026-07-08T12:35:13.798,Raspberry_Relieve1,,,40.168,0.469,19,100,-1,0,,,,,,00:01:54,0.5,0.002789,5.021088,,
2026-07-08T12:35:14.298,Raspberry_Relieve1,,,40.162,0.531,21,100,-1,0,,,,,,00:01:54,0.56,0.003112,5.0242,,
2026-07-08T12:35:14.798,Raspberry_Relieve1,,,40.162,0.531,21,100,-1,0,,,,,,00:01:55,0.39,0.00227,5.02647,,
2026-07-08T12:35:15.298,Raspberry_Relieve1,,,40.028,1.145,46,100,-1,0,,,,,,00:01:55,0.63,0.005882,5.032351,,
2026-07-08T12:35:15.827,Raspberry_Relieve1,,,40.028,1.145,46,100,-1,0,,,,,,00:01:56,0.47,0.006062,5.038413,,
2026-07-08T12:35:16.327,Raspberry_Relieve1,,,40.186,1.501,60,100,-1,0,,,,,,00:01:56,0.43,0.006321,5.044735,,
2026-07-08T12:35:16.827,Raspberry_Relieve1,,,40.186,1.501,60,100,-1,0,,,,,,00:01:57,0.63,0.010471,5.055206,,
2026-07-08T12:35:17.354,Raspberry_Relieve1,,,39.842,2.318,92,100,-1,0,,,,,,00:01:57,0.44,0.009296,5.064502,,
2026-07-08T12:35:17.854,Raspberry_Relieve1,,,39.842,2.318,92,100,-1,0,,,,,,00:01:58,0.47,0.0119,5.076401,,
2026-07-08T12:35:18.354,Raspberry_Relieve1,,,40.019,1.694,68,100,-1,0,,,,,,00:01:58,0.59,0.013164,5.089565,,
2026-07-08T12:35:18.862,Raspberry_Relieve1,,,40.019,1.694,68,100,-1,0,,,,,,00:01:59,0.61,0.011544,5.101109,,
2026-07-08T12:35:19.464,Raspberry_Relieve1,,,39.661,4.292,170,100,-1,0,,,,,,00:02:00,0.47,0.01542,5.116529,,
2026-07-08T12:35:19.964,Raspberry_Relieve1,,,40.201,2.126,85,100,-1,0,,,,,,00:02:00,0.52,0.018502,5.135031,,
2026-07-08T12:35:20.465,Raspberry_Relieve1,,,40.201,2.126,85,100,-1,0,,,,,,00:02:01,0.58,0.013702,5.148733,,
2026-07-08T12:35:21.047,Raspberry_Relieve1,,,40.25,0.177,7,100,-1,0,,,,,,00:02:01,0.53,0.006788,5.155521,,
2026-07-08T12:35:21.565,Raspberry_Relieve1,,,40.25,0.177,7,100,-1,0,,,,,,00:02:02,0.49,0.000957,5.156479,,
2026-07-08T12:35:22.065,Raspberry_Relieve1,,,40.172,1.201,48,100,-1,0,,,,,,00:02:02,0.49,0.003774,5.160252,,
2026-07-08T12:35:22.568,Raspberry_Relieve1,,,40.172,1.201,48,100,-1,0,,,,,,00:02:03,0.57,0.007613,5.167865,,
2026-07-08T12:35:23.131,Raspberry_Relieve1,,,40.199,0.535,22,100,-1,0,,,,,,00:02:03,0.52,0.005066,5.172931,,
2026-07-08T12:35:23.653,Raspberry_Relieve1,,,40.199,0.535,22,100,-1,0,,,,,,00:02:04,0.5,0.003047,5.175978,,
2026-07-08T12:35:24.153,Raspberry_Relieve1,,,39.56,3.664,145,100,-1,0,,,,,,00:02:04,0.43,0.009871,5.185849,,
2026-07-08T12:35:24.653,Raspberry_Relieve1,,,39.56,3.664,145,100,-1,0,,,,,,00:02:05,0.59,0.023933,5.209782,,
2026-07-08T12:35:25.171,Raspberry_Relieve1,,,39.003,8.631,337,100,-1,0,,,,,,00:02:05,0.45,0.030238,5.24002,,
2026-07-08T12:35:25.671,Raspberry_Relieve1,,,39.003,8.631,337,100,-1,0,,,,,,00:02:06,0.58,0.054752,5.294771,,
2026-07-08T12:35:26.205,Raspberry_Relieve1,,,38.66,11.277,436,100,-1,0,,,,,,00:02:06,0.55,0.059381,5.354152,,
2026-07-08T12:35:26.784,Raspberry_Relieve1,,,38.66,11.277,436,100,-1,0,,,,,,00:02:07,0.7,0.084448,5.4386,,
2026-07-08T12:35:27.459,Raspberry_Relieve1,,,38.785,10.981,426,100,-1,0,,,,,,00:02:08,0.48,0.057333,5.495934,,
2026-07-08T12:35:27.959,Raspberry_Relieve1,,,38.591,12.59,486,100,-1,0,,,,,,00:02:08,0.58,0.073685,5.569618,,
2026-07-08T12:35:28.504,Raspberry_Relieve1,,,38.591,12.59,486,100,-1,0,,,,,,00:02:09,0.53,0.071133,5.640751,,
2026-07-08T12:35:29.032,Raspberry_Relieve1,,,38.42,14.266,548,100,-1,0,,,,,,00:02:09,0.39,0.055393,5.696144,,
2026-07-08T12:35:29.532,Raspberry_Relieve1,,,38.42,14.266,548,100,-1,0,,,,,,00:02:10,0.55,0.083803,5.779948,,
2026-07-08T12:35:30.032,Raspberry_Relieve1,,,38.42,13.468,517,100,-1,0,,,,,,00:02:10,0.52,0.07711,5.857058,,
2026-07-08T12:35:30.532,Raspberry_Relieve1,,,38.42,13.468,517,100,-1,0,,,,,,00:02:11,0.53,0.07608,5.933138,,
2026-07-08T12:35:31.044,Raspberry_Relieve1,,,38.458,13.569,522,100,-1,0,,,,,,00:02:11,0.43,0.062308,5.995446,,
2026-07-08T12:35:31.544,Raspberry_Relieve1,,,38.458,13.569,522,100,-1,0,,,,,,00:02:12,0.6,0.086371,6.081817,,
2026-07-08T12:35:32.047,Raspberry_Relieve1,,,38.54,12.898,497,100,-1,0,,,,,,00:02:12,0.43,0.061082,6.1429,,
2026-07-08T12:35:32.547,Raspberry_Relieve1,,,38.54,12.898,497,100,-1,0,,,,,,00:02:13,0.53,0.073436,6.216335,,
2026-07-08T12:35:33.047,Raspberry_Relieve1,,,39.39,6.749,266,100,-1,0,,,,,,00:02:13,0.51,0.054007,6.270342,,
2026-07-08T12:35:33.547,Raspberry_Relieve1,,,39.39,6.749,266,100,-1,0,,,,,,00:02:14,0.51,0.037957,6.308299,,
2026-07-08T12:35:34.054,Raspberry_Relieve1,,,40.083,2.312,93,100,-1,0,,,,,,00:02:14,0.55,0.027575,6.335874,,
2026-07-08T12:35:34.602,Raspberry_Relieve1,,,40.083,2.312,93,100,-1,0,,,,,,00:02:15,0.52,0.013336,6.349211,,
2026-07-08T12:35:35.157,Raspberry_Relieve1,,,40.149,0.177,7,100,-1,0,,,,,,00:02:15,0.58,0.008005,6.357216,,
2026-07-08T12:35:35.720,Raspberry_Relieve1,,,40.149,0.177,7,100,-1,0,,,,,,00:02:16,0.49,0.000959,6.358175,,
2026-07-08T12:35:36.220,Raspberry_Relieve1,,,39.639,3.305,131,100,-1,0,,,,,,00:02:19,3.01,0.05761,6.415785,,
2026-07-08T12:35:42.924,Raspberry_Relieve1,,,40.22,0,131,100,-1,0,,,,,,00:02:23,4.68,0.170243,6.586028,,
2026-07-08T12:35:43.886,Raspberry_Relieve1,,,40.223,0,131,100,-1,0,,,,,,00:02:24,0.57,0.020682,6.60671,,
2026-07-08T12:35:44.477,Raspberry_Relieve1,,,40.223,0,131,100,-1,0,,,,,,00:02:25,0.58,0.020978,6.627688,,
2026-07-08T12:35:45.014,Raspberry_Relieve1,,,40.228,0,131,100,-1,0,,,,,,00:02:25,0.42,0.015232,6.64292,,
2026-07-08T12:35:45.514,Raspberry_Relieve1,,,40.228,0,131,100,-1,0,,,,,,00:02:26,0.5,0.018202,6.661122,,
2026-07-08T12:35:46.014,Raspberry_Relieve1,,,40.231,0,131,100,-1,0,,,,,,00:02:26,0.48,0.017499,6.678621,,
2026-07-08T12:35:46.514,Raspberry_Relieve1,,,40.231,0,131,100,-1,0,,,,,,00:02:27,0.55,0.019998,6.698619,,
2026-07-08T12:35:47.014,Raspberry_Relieve1,,,40.238,0,131,100,-1,0,,,,,,00:02:27,0.42,0.01542,6.71404,,
2026-07-08T12:35:47.514,Raspberry_Relieve1,,,40.238,0,131,100,-1,0,,,,,,00:02:28,0.58,0.021032,6.735071,,
2026-07-08T12:35:48.015,Raspberry_Relieve1,,,40.243,0,131,100,-1,0,,,,,,00:02:28,0.45,0.016304,6.751375,,
2026-07-08T12:35:48.515,Raspberry_Relieve1,,,40.243,0,131,100,-1,0,,,,,,00:02:29,0.55,0.019936,6.771311,,
2026-07-08T12:35:49.015,Raspberry_Relieve1,,,40.247,0,131,100,-1,0,,,,,,00:02:29,0.5,0.018343,6.789655,,
2026-07-08T12:35:49.515,Raspberry_Relieve1,,,40.247,0,131,100,-1,0,,,,,,00:02:30,0.58,0.020988,6.810643,,
2026-07-08T12:35:50.037,Raspberry_Relieve1,,,40.251,0,131,100,-1,0,,,,,,00:02:30,0.39,0.014231,6.824873,,
2026-07-08T12:35:50.537,Raspberry_Relieve1,,,40.251,0,131,100,-1,0,,,,,,00:02:31,0.5,0.018089,6.842962,,
2026-07-08T12:35:51.037,Raspberry_Relieve1,,,40.255,0,131,100,-1,0,,,,,,00:02:31,0.59,0.021519,6.864481,,
2026-07-08T12:35:51.537,Raspberry_Relieve1,,,40.255,0,131,100,-1,0,,,,,,00:02:32,0.49,0.017941,6.882422,,
2026-07-08T12:35:52.038,Raspberry_Relieve1,,,40.26,0,131,100,-1,0,,,,,,00:02:32,0.41,0.014869,6.897291,,
2026-07-08T12:35:52.538,Raspberry_Relieve1,,,40.26,0,131,100,-1,0,,,,,,00:02:33,0.52,0.018942,6.916234,,
2026-07-08T12:40:06.858,Raspberry_Relieve1,,,40.38,0,0,100,-1,0,,,,,,00:00:00,,,0,,
2026-07-08T12:40:07.358,Raspberry_Relieve1,,,40.38,0,0,100,-1,0,,,,,,00:00:00,,,0,,
2026-07-08T12:40:07.858,Raspberry_Relieve1,,,40.379,0,0,100,-1,0,,,,,,00:00:01,0.57,0,0,,
2026-07-08T12:40:08.358,Raspberry_Relieve1,,,40.379,0,0,100,-1,0,,,,,,00:00:01,0.58,0,0,,
2026-07-08T12:40:08.905,Raspberry_Relieve1,,,40.379,0,0,100,-1,0,,,,,,00:00:02,0.45,0,0,,
2026-07-08T12:40:09.405,Raspberry_Relieve1,,,40.38,0,0,100,-1,0,,,,,,00:00:02,0.58,0,0,,
2026-07-08T12:40:09.936,Raspberry_Relieve1,,,40.38,0,0,100,-1,0,,,,,,00:00:03,0.38,0,0,,
2026-07-08T12:40:10.436,Raspberry_Relieve1,,,40.379,0,0,100,-1,0,,,,,,00:00:03,0.65,0,0,,
2026-07-08T12:40:10.970,Raspberry_Relieve1,,,40.379,0,0,100,-1,0,,,,,,00:00:04,0.41,0,0,,
2026-07-08T12:40:11.470,Raspberry_Relieve1,,,40.38,0,0,100,-1,0,,,,,,00:00:04,0.54,0,0,,
2026-07-08T12:40:11.970,Raspberry_Relieve1,,,40.38,0,0,100,-1,0,,,,,,00:00:05,0.5,0,0,,
2026-07-08T12:40:12.470,Raspberry_Relieve1,,,40.379,0,0,100,-1,0,,,,,,00:00:05,0.42,0,0,,
2026-07-08T12:40:12.970,Raspberry_Relieve1,,,40.379,0,0,100,-1,0,,,,,,00:00:06,0.57,0,0,,
2026-07-08T12:40:13.470,Raspberry_Relieve1,,,40.379,0,0,100,-1,0,,,,,,00:00:06,0.45,0,0,,
2026-07-08T12:40:13.971,Raspberry_Relieve1,,,40.379,0,0,100,-1,0,,,,,,00:00:07,0.64,0,0,,
2026-07-08T12:40:14.474,Raspberry_Relieve1,,,40.379,0,0,100,-1,0,,,,,,00:00:07,0.36,0,0,,
2026-07-08T12:40:14.974,Raspberry_Relieve1,,,40.379,0,0,100,-1,0,,,,,,00:00:08,0.51,0,0,,
2026-07-08T12:40:15.475,Raspberry_Relieve1,,,40.378,0,0,100,-1,0,,,,,,00:00:08,0.49,0,0,,
2026-07-08T12:40:15.975,Raspberry_Relieve1,,,40.378,0,0,100,-1,0,,,,,,00:00:09,0.68,0,0,,
2026-07-08T12:40:16.525,Raspberry_Relieve1,,,40.379,0,0,100,-1,0,,,,,,00:00:09,0.35,0,0,,
2026-07-08T12:40:17.025,Raspberry_Relieve1,,,40.379,0,0,100,-1,0,,,,,,00:00:10,0.51,0,0,,
2026-07-08T12:40:17.541,Raspberry_Relieve1,,,40.379,0,0,100,-1,0,,,,,,00:00:10,0.5,0,0,,
2026-07-08T12:40:18.041,Raspberry_Relieve1,,,40.379,0,0,100,-1,0,,,,,,00:00:11,0.59,0,0,,
2026-07-08T12:40:18.541,Raspberry_Relieve1,,,40.378,0,0,100,-1,0,,,,,,00:00:11,0.49,0,0,,
2026-07-08T12:40:19.041,Raspberry_Relieve1,,,40.378,0,0,100,-1,0,,,,,,00:00:12,0.54,0,0,,
2026-07-08T12:40:19.541,Raspberry_Relieve1,,,40.378,0,0,100,-1,0,,,,,,00:00:12,0.37,0,0,,
2026-07-08T12:40:20.041,Raspberry_Relieve1,,,40.378,0,0,100,-1,0,,,,,,00:00:13,0.66,0,0,,
2026-07-08T12:40:20.545,Raspberry_Relieve1,,,40.379,0,0,100,-1,0,,,,,,00:00:13,0.47,0,0,,
2026-07-08T12:40:21.045,Raspberry_Relieve1,,,40.379,0,0,100,-1,0,,,,,,00:00:14,0.37,0,0,,
2026-07-08T12:40:21.545,Raspberry_Relieve1,,,40.379,0,0,100,-1,0,,,,,,00:00:14,0.55,0,0,,
2026-07-08T12:40:22.045,Raspberry_Relieve1,,,40.379,0,0,100,-1,0,,,,,,00:00:15,0.45,0,0,,
2026-07-08T12:40:22.546,Raspberry_Relieve1,,,40.379,0,0,100,-1,0,,,,,,00:00:15,0.51,0,0,,
2026-07-08T12:40:23.046,Raspberry_Relieve1,,,40.379,0,0,100,-1,0,,,,,,00:00:16,0.58,0,0,,
2026-07-08T12:40:28.047,Raspberry_Relieve1,,,40.379,0,0,100,-1,0,,,,,,00:00:00,,,0,,
2026-07-08T12:40:28.547,Raspberry_Relieve1,,,40.378,0,0,100,-1,0,,,,,,00:00:00,,,0,,
2026-07-08T12:40:29.047,Raspberry_Relieve1,,,40.378,0,0,100,-1,0,,,,,,00:00:01,0.6,0,0,,
2026-07-08T12:40:29.581,Raspberry_Relieve1,,,40.379,0,0,100,-1,0,,,,,,00:00:01,0.45,0,0,,
2026-07-08T12:40:30.081,Raspberry_Relieve1,,,40.379,0,0,100,-1,0,,,,,,00:00:01,0.42,0,0,,
2026-07-08T12:40:30.582,Raspberry_Relieve1,,,40.379,0,0,100,-1,0,,,,,,00:00:02,0.6,0,0,,
2026-07-08T12:40:31.082,Raspberry_Relieve1,,,40.379,0,0,100,-1,0,,,,,,00:00:03,0.52,0,0,,
2026-07-08T12:40:31.582,Raspberry_Relieve1,,,40.379,0,0,100,-1,0,,,,,,00:00:03,0.39,0,0,,
2026-07-08T12:40:32.082,Raspberry_Relieve1,,,40.379,0,0,100,-1,0,,,,,,00:00:03,0.56,0,0,,
2026-07-08T12:40:32.582,Raspberry_Relieve1,,,40.38,0,0,100,-1,0,,,,,,00:00:04,0.52,0,0,,
2026-07-08T12:40:33.082,Raspberry_Relieve1,,,40.38,0,0,100,-1,0,,,,,,00:00:05,0.51,0,0,,
2026-07-08T12:40:33.582,Raspberry_Relieve1,,,40.379,0,0,100,-1,0,,,,,,00:00:05,0.43,0,0,,
2026-07-08T12:40:34.082,Raspberry_Relieve1,,,40.379,0,0,100,-1,0,,,,,,00:00:05,0.5,0,0,,
2026-07-08T12:40:34.640,Raspberry_Relieve1,,,40.379,0,0,100,-1,0,,,,,,00:00:06,0.56,0,0,,
2026-07-08T12:40:35.140,Raspberry_Relieve1,,,40.379,0,0,100,-1,0,,,,,,00:00:07,0.7,0,0,,
2026-07-08T12:40:35.731,Raspberry_Relieve1,,,40.38,0,0,100,-1,0,,,,,,00:00:07,0.46,0,0,,
2026-07-08T12:40:36.232,Raspberry_Relieve1,,,40.38,0,0,100,-1,0,,,,,,00:00:08,0.61,0,0,,
2026-07-08T12:40:36.840,Raspberry_Relieve1,,,40.381,0,0,100,-1,0,,,,,,00:00:08,0.45,0,0,,
2026-07-08T12:40:37.340,Raspberry_Relieve1,,,40.382,0.182,7,100,-1,0,,,,,,00:00:09,0.6,0.000587,0.000587,,
2026-07-08T12:40:37.884,Raspberry_Relieve1,,,40.382,0.182,7,100,-1,0,,,,,,00:00:09,0.5,0.000965,0.001552,,
2026-07-08T12:40:38.384,Raspberry_Relieve1,,,40.37,0,7,100,-1,0,,,,,,00:00:10,0.51,0.001001,0.002553,,
2026-07-08T12:40:38.884,Raspberry_Relieve1,,,40.37,0,7,100,-1,0,,,,,,00:00:10,0.39,0.000764,0.003318,,
2026-07-08T12:40:39.384,Raspberry_Relieve1,,,40.37,0,7,100,-1,0,,,,,,00:00:11,0.59,0.001139,0.004457,,
2026-07-08T12:40:39.884,Raspberry_Relieve1,,,40.37,0,7,100,-1,0,,,,,,00:00:11,0.46,0.000897,0.005354,,
2026-07-08T12:40:40.384,Raspberry_Relieve1,,,40.371,0,7,100,-1,0,,,,,,00:00:12,0.57,0.001111,0.006465,,
2026-07-08T12:40:40.885,Raspberry_Relieve1,,,40.371,0,7,100,-1,0,,,,,,00:00:12,0.38,0.000736,0.007202,,
2026-07-08T12:40:41.385,Raspberry_Relieve1,,,40.371,0,7,100,-1,0,,,,,,00:00:13,0.48,0.000933,0.008135,,
2026-07-08T12:40:41.885,Raspberry_Relieve1,,,40.371,0,7,100,-1,0,,,,,,00:00:13,0.61,0.001182,0.009317,,
2026-07-08T12:40:42.385,Raspberry_Relieve1,,,40.378,0,7,100,-1,0,,,,,,00:00:14,0.6,0.001176,0.010494,,
2026-07-08T12:40:42.962,Raspberry_Relieve1,,,40.378,0,7,100,-1,0,,,,,,00:00:14,0.39,0.000765,0.011258,,
2026-07-08T12:40:43.462,Raspberry_Relieve1,,,40.378,0,7,100,-1,0,,,,,,00:00:15,0.54,0.001042,0.0123,,
2026-07-08T12:40:43.962,Raspberry_Relieve1,,,40.378,0,7,100,-1,0,,,,,,00:00:15,0.48,0.000942,0.013243,,
2026-07-08T12:40:44.462,Raspberry_Relieve1,,,40.378,0,7,100,-1,0,,,,,,00:00:16,0.49,0.00095,0.014193,,
2026-07-08T12:40:44.962,Raspberry_Relieve1,,,40.378,0,7,100,-1,0,,,,,,00:00:16,0.5,0.000967,0.01516,,
2026-07-08T12:40:45.462,Raspberry_Relieve1,,,40.38,0,7,100,-1,0,,,,,,00:00:17,0.55,0.001062,0.016221,,
2026-07-08T12:40:45.962,Raspberry_Relieve1,,,40.38,0,7,100,-1,0,,,,,,00:00:17,0.53,0.001023,0.017244,,
2026-07-08T12:40:46.462,Raspberry_Relieve1,,,40.379,0,7,100,-1,0,,,,,,00:00:18,0.41,0.000806,0.01805,,
2026-07-08T12:40:46.963,Raspberry_Relieve1,,,40.379,0,7,100,-1,0,,,,,,00:00:18,0.53,0.001034,0.019084,,
2026-07-08T12:40:47.463,Raspberry_Relieve1,,,40.378,0,7,100,-1,0,,,,,,00:00:19,0.53,0.001028,0.020113,,
2026-07-08T12:40:47.963,Raspberry_Relieve1,,,40.378,0,7,100,-1,0,,,,,,00:00:19,0.55,0.001062,0.021175,,
2026-07-08T12:40:48.465,Raspberry_Relieve1,,,40.379,0,7,100,-1,0,,,,,,00:00:20,0.47,0.00091,0.022085,,
2026-07-08T12:40:48.965,Raspberry_Relieve1,,,40.379,0,7,100,-1,0,,,,,,00:00:20,0.42,0.000823,0.022908,,
2026-07-08T12:40:49.465,Raspberry_Relieve1,,,40.379,0,7,100,-1,0,,,,,,00:00:21,0.54,0.001047,0.023955,,
2026-07-08T12:40:49.965,Raspberry_Relieve1,,,40.379,0,7,100,-1,0,,,,,,00:00:21,0.5,0.00098,0.024935,,
2026-07-08T12:40:50.465,Raspberry_Relieve1,,,40.377,0,7,100,-1,0,,,,,,00:00:22,0.54,0.001049,0.025983,,
2026-07-08T12:40:50.965,Raspberry_Relieve1,,,40.377,0,7,100,-1,0,,,,,,00:00:22,0.42,0.000823,0.026806,,
2026-07-08T12:40:51.465,Raspberry_Relieve1,,,40.378,0,7,100,-1,0,,,,,,00:00:23,0.56,0.001095,0.027901,,
2026-07-08T12:40:51.965,Raspberry_Relieve1,,,40.378,0,7,100,-1,0,,,,,,00:00:23,0.49,0.000956,0.028857,,
2026-07-08T12:40:52.466,Raspberry_Relieve1,,,40.379,0,7,100,-1,0,,,,,,00:00:24,0.49,0.000951,0.029808,,
2026-07-08T12:40:52.966,Raspberry_Relieve1,,,40.379,0,7,100,-1,0,,,,,,00:00:24,0.5,0.000981,0.030789,,
2026-07-08T12:40:53.466,Raspberry_Relieve1,,,40.379,0,7,100,-1,0,,,,,,00:00:25,0.51,0.00099,0.031778,,
2026-07-08T12:40:53.966,Raspberry_Relieve1,,,40.379,0,7,100,-1,0,,,,,,00:00:25,0.5,0.000966,0.032745,,
2026-07-08T12:40:54.466,Raspberry_Relieve1,,,40.38,0,7,100,-1,0,,,,,,00:00:26,0.67,0.001295,0.03404,,
2026-07-08T12:40:55.070,Raspberry_Relieve1,,,40.38,0,7,100,-1,0,,,,,,00:00:26,0.42,0.000809,0.034849,,
2026-07-08T12:40:55.570,Raspberry_Relieve1,,,40.378,0,7,100,-1,0,,,,,,00:00:27,0.68,0.001319,0.036168,,
2026-07-08T12:40:56.164,Raspberry_Relieve1,,,40.378,0,7,100,-1,0,,,,,,00:00:28,0.44,0.000858,0.037026,,
2026-07-08T12:40:56.664,Raspberry_Relieve1,,,40.378,0,7,100,-1,0,,,,,,00:00:28,0.6,0.001166,0.038191,,
2026-07-08T12:40:57.212,Raspberry_Relieve1,,,40.378,0,7,100,-1,0,,,,,,00:00:29,0.42,0.000817,0.039009,,
2026-07-08T12:40:57.712,Raspberry_Relieve1,,,40.379,0,7,100,-1,0,,,,,,00:00:29,0.57,0.001101,0.04011,,
2026-07-08T12:40:58.212,Raspberry_Relieve1,,,40.379,0,7,100,-1,0,,,,,,00:00:30,0.51,0.000998,0.041108,,
2026-07-08T12:40:58.725,Raspberry_Relieve1,,,40.378,0,7,100,-1,0,,,,,,00:00:30,0.44,0.000862,0.04197,,
2026-07-08T12:40:59.225,Raspberry_Relieve1,,,40.378,0,7,100,-1,0,,,,,,00:00:31,0.55,0.001061,0.043031,,
2026-07-08T12:40:59.854,Raspberry_Relieve1,,,40.38,0,7,100,-1,0,,,,,,00:00:31,0.58,0.001134,0.044165,,
2026-07-08T12:41:00.354,Raspberry_Relieve1,,,40.38,0,7,100,-1,0,,,,,,00:00:32,0.6,0.001171,0.045336,,
2026-07-08T12:41:00.875,Raspberry_Relieve1,,,40.38,0,7,100,-1,0,,,,,,00:00:32,0.46,0.000896,0.046232,,
2026-07-08T12:41:01.375,Raspberry_Relieve1,,,40.38,0,7,100,-1,0,,,,,,00:00:33,0.59,0.001149,0.04738,,
2026-07-08T12:41:01.929,Raspberry_Relieve1,,,40.38,0,7,100,-1,0,,,,,,00:00:33,0.36,0.000705,0.048086,,
2026-07-08T12:41:02.429,Raspberry_Relieve1,,,40.38,0,7,100,-1,0,,,,,,00:00:34,0.59,0.001145,0.049231,,
2026-07-08T12:41:02.929,Raspberry_Relieve1,,,40.38,0,7,100,-1,0,,,,,,00:00:34,0.48,0.000938,0.050169,,
2026-07-08T12:41:03.429,Raspberry_Relieve1,,,40.379,0,7,100,-1,0,,,,,,00:00:35,0.53,0.001033,0.051201,,
2026-07-08T12:41:03.930,Raspberry_Relieve1,,,40.379,0,7,100,-1,0,,,,,,00:00:35,0.48,0.000934,0.052135,,
2026-07-08T12:41:04.430,Raspberry_Relieve1,,,40.38,0,7,100,-1,0,,,,,,00:00:36,0.42,0.000812,0.052947,,
2026-07-08T12:41:04.930,Raspberry_Relieve1,,,40.38,0,7,100,-1,0,,,,,,00:00:36,0.6,0.001171,0.054117,,
2026-07-08T12:41:05.430,Raspberry_Relieve1,,,40.379,0,7,100,-1,0,,,,,,00:00:37,0.45,0.000874,0.054991,,
2026-07-08T12:41:05.930,Raspberry_Relieve1,,,40.379,0,7,100,-1,0,,,,,,00:00:37,0.5,0.000966,0.055957,,
2026-07-08T12:41:06.430,Raspberry_Relieve1,,,40.38,0,7,100,-1,0,,,,,,00:00:38,0.52,0.001013,0.05697,,
2026-07-08T12:41:06.930,Raspberry_Relieve1,,,40.38,0,7,100,-1,0,,,,,,00:00:38,0.44,0.000851,0.057821,,
2026-07-08T12:41:07.430,Raspberry_Relieve1,,,40.379,0,7,100,-1,0,,,,,,00:00:39,0.52,0.001021,0.058842,,
2026-07-08T12:41:07.931,Raspberry_Relieve1,,,40.379,0,7,100,-1,0,,,,,,00:00:39,0.47,0.000909,0.059751,,
2026-07-08T12:41:08.431,Raspberry_Relieve1,,,40.379,0,7,100,-1,0,,,,,,00:00:40,0.58,0.001134,0.060885,,
2026-07-08T12:41:08.931,Raspberry_Relieve1,,,40.379,0,7,100,-1,0,,,,,,00:00:40,0.47,0.000921,0.061805,,
2026-07-08T12:41:09.431,Raspberry_Relieve1,,,40.38,0,7,100,-1,0,,,,,,00:00:41,0.53,0.001023,0.062828,,
2026-07-08T12:41:09.931,Raspberry_Relieve1,,,40.38,0,7,100,-1,0,,,,,,00:00:41,0.5,0.000978,0.063806,,
2026-07-08T12:41:10.431,Raspberry_Relieve1,,,40.379,0,7,100,-1,0,,,,,,00:00:42,0.4,0.000772,0.064578,,
2026-07-08T12:41:10.931,Raspberry_Relieve1,,,40.379,0,7,100,-1,0,,,,,,00:00:42,0.58,0.001137,0.065715,,
2026-07-08T12:41:11.431,Raspberry_Relieve1,,,40.379,0,7,100,-1,0,,,,,,00:00:43,0.42,0.000814,0.066529,,
2026-07-08T12:41:11.931,Raspberry_Relieve1,,,40.379,0,7,100,-1,0,,,,,,00:00:43,0.68,0.001313,0.067842,,
2026-07-08T12:41:12.465,Raspberry_Relieve1,,,40.377,0,7,100,-1,0,,,,,,00:00:44,0.39,0.000755,0.068597,,
2026-07-08T12:41:12.965,Raspberry_Relieve1,,,40.377,0,7,100,-1,0,,,,,,00:00:45,0.69,0.001344,0.06994,,
2026-07-08T12:41:13.525,Raspberry_Relieve1,,,40.377,0,7,100,-1,0,,,,,,00:00:45,0.44,0.000857,0.070797,,
2026-07-08T12:41:14.025,Raspberry_Relieve1,,,40.377,0,7,100,-1,0,,,,,,00:00:46,0.6,0.00117,0.071967,,
2026-07-08T12:41:14.571,Raspberry_Relieve1,,,40.378,0,7,100,-1,0,,,,,,00:00:46,0.48,0.000933,0.0729,,
2026-07-08T12:41:15.071,Raspberry_Relieve1,,,40.378,0,7,100,-1,0,,,,,,00:00:46,0.39,0.000754,0.073654,,
2026-07-08T12:41:15.572,Raspberry_Relieve1,,,40.379,0,7,100,-1,0,,,,,,00:00:47,0.55,0.001072,0.074726,,
2026-07-08T12:41:16.072,Raspberry_Relieve1,,,40.379,0,7,100,-1,0,,,,,,00:00:48,0.55,0.001077,0.075803,,
2026-07-08T12:41:16.572,Raspberry_Relieve1,,,40.378,0,7,100,-1,0,,,,,,00:00:48,0.46,0.000902,0.076705,,
2026-07-08T12:41:17.072,Raspberry_Relieve1,,,40.378,0,7,100,-1,0,,,,,,00:00:49,0.56,0.001096,0.077801,,
2026-07-08T12:41:17.573,Raspberry_Relieve1,,,40.379,0,7,100,-1,0,,,,,,00:00:49,0.42,0.00082,0.078621,,
2026-07-08T12:41:18.073,Raspberry_Relieve1,,,40.379,0,7,100,-1,0,,,,,,00:00:49,0.44,0.000864,0.079485,,
2026-07-08T12:41:18.573,Raspberry_Relieve1,,,40.378,0,7,100,-1,0,,,,,,00:00:50,0.52,0.001012,0.080497,,
2026-07-08T12:41:19.073,Raspberry_Relieve1,,,40.378,0,7,100,-1,0,,,,,,00:00:51,0.71,0.001372,0.081869,,
2026-07-08T12:41:19.669,Raspberry_Relieve1,,,40.378,0,7,100,-1,0,,,,,,00:00:51,0.47,0.000906,0.082776,,
2026-07-08T12:41:20.170,Raspberry_Relieve1,,,40.378,0,7,100,-1,0,,,,,,00:00:52,0.74,0.001438,0.084213,,
2026-07-08T12:41:20.874,Raspberry_Relieve1,,,40.378,0,7,100,-1,0,,,,,,00:00:52,0.4,0.000778,0.084992,,
2026-07-08T12:41:21.374,Raspberry_Relieve1,,,40.378,0,7,100,-1,0,,,,,,00:00:53,0.53,0.001037,0.086029,,
2026-07-08T12:41:21.874,Raspberry_Relieve1,,,40.378,0,7,100,-1,0,,,,,,00:00:53,0.5,0.000978,0.087006,,
2026-07-08T12:41:22.374,Raspberry_Relieve1,,,40.379,0,7,100,-1,0,,,,,,00:00:54,0.43,0.000845,0.087851,,
2026-07-08T12:41:22.874,Raspberry_Relieve1,,,40.379,0,7,100,-1,0,,,,,,00:00:54,0.56,0.001081,0.088933,,
2026-07-08T12:41:23.375,Raspberry_Relieve1,,,40.378,0,7,100,-1,0,,,,,,00:00:55,0.53,0.001029,0.089962,,
2026-07-08T12:41:23.875,Raspberry_Relieve1,,,40.378,0,7,100,-1,0,,,,,,00:00:55,0.41,0.000795,0.090756,,
2026-07-08T12:41:24.375,Raspberry_Relieve1,,,40.322,2.214,89,100,-1,0,,,,,,00:00:56,0.59,0.007889,0.098645,,
2026-07-08T12:41:24.875,Raspberry_Relieve1,,,40.322,2.214,89,100,-1,0,,,,,,00:00:56,0.45,0.01103,0.109676,,
2026-07-08T12:41:25.375,Raspberry_Relieve1,,,40.309,0.575,23,100,-1,0,,,,,,00:00:57,0.54,0.008401,0.118077,,
2026-07-08T12:41:25.875,Raspberry_Relieve1,,,40.309,0.575,23,100,-1,0,,,,,,00:00:57,0.5,0.003192,0.121268,,
2026-07-08T12:41:26.375,Raspberry_Relieve1,,,40.308,0.472,19,100,-1,0,,,,,,00:00:58,0.49,0.00288,0.124148,,
2026-07-08T12:41:26.875,Raspberry_Relieve1,,,40.308,0.472,19,100,-1,0,,,,,,00:00:58,0.5,0.002615,0.126763,,
2026-07-08T12:41:27.376,Raspberry_Relieve1,,,40.304,0.481,19,100,-1,0,,,,,,00:00:59,0.48,0.002557,0.12932,,
2026-07-08T12:41:27.876,Raspberry_Relieve1,,,40.304,0.481,19,100,-1,0,,,,,,00:00:59,0.5,0.002659,0.131979,,
2026-07-08T12:41:28.376,Raspberry_Relieve1,,,40.186,1.332,54,100,-1,0,,,,,,00:01:00,0.49,0.004943,0.136922,,
2026-07-08T12:41:28.876,Raspberry_Relieve1,,,40.186,1.332,54,100,-1,0,,,,,,00:01:00,0.44,0.006636,0.143558,,
2026-07-08T12:41:29.376,Raspberry_Relieve1,,,40.036,2.475,99,100,-1,0,,,,,,00:01:01,0.63,0.013426,0.156984,,
2026-07-08T12:41:29.876,Raspberry_Relieve1,,,40.036,2.475,99,100,-1,0,,,,,,00:01:01,0.38,0.010566,0.16755,,
2026-07-08T12:41:30.376,Raspberry_Relieve1,,,39.963,2.926,117,100,-1,0,,,,,,00:01:02,0.59,0.017705,0.185255,,
2026-07-08T12:41:30.877,Raspberry_Relieve1,,,39.963,2.926,117,100,-1,0,,,,,,00:01:02,0.46,0.014965,0.200219,,
2026-07-08T12:41:31.377,Raspberry_Relieve1,,,39.863,3.599,143,100,-1,0,,,,,,00:01:03,0.48,0.017221,0.21744,,
2026-07-08T12:41:31.877,Raspberry_Relieve1,,,39.863,3.599,143,100,-1,0,,,,,,00:01:03,0.45,0.017778,0.235219,,
2026-07-08T12:41:32.377,Raspberry_Relieve1,,,39.912,3.502,140,100,-1,0,,,,,,00:01:04,0.51,0.020181,0.2554,,
2026-07-08T12:41:32.877,Raspberry_Relieve1,,,39.912,3.502,140,100,-1,0,,,,,,00:01:04,0.63,0.024605,0.280005,,
2026-07-08T12:41:33.377,Raspberry_Relieve1,,,39.901,3.385,135,100,-1,0,,,,,,00:01:05,0.42,0.015991,0.295996,,
2026-07-08T12:41:33.878,Raspberry_Relieve1,,,39.901,3.385,135,100,-1,0,,,,,,00:01:05,0.46,0.017211,0.313206,,
2026-07-08T12:41:34.378,Raspberry_Relieve1,,,39.931,3.258,130,100,-1,0,,,,,,00:01:06,0.51,0.018687,0.331893,,
2026-07-08T12:41:34.878,Raspberry_Relieve1,,,39.931,3.258,130,100,-1,0,,,,,,00:01:06,0.56,0.020214,0.352107,,
2026-07-08T12:41:35.378,Raspberry_Relieve1,,,39.909,3.371,135,100,-1,0,,,,,,00:01:07,0.43,0.016008,0.368115,,
2026-07-08T12:41:35.878,Raspberry_Relieve1,,,39.909,3.371,135,100,-1,0,,,,,,00:01:07,0.57,0.021285,0.389399,,
2026-07-08T12:41:36.378,Raspberry_Relieve1,,,39.908,3.339,133,100,-1,0,,,,,,00:01:08,0.5,0.018567,0.407966,,
2026-07-08T12:41:36.878,Raspberry_Relieve1,,,39.908,3.339,133,100,-1,0,,,,,,00:01:08,0.47,0.017286,0.425252,,
2026-07-08T12:41:37.378,Raspberry_Relieve1,,,39.864,3.673,146,100,-1,0,,,,,,00:01:09,0.52,0.020092,0.445344,,
2026-07-08T12:41:37.878,Raspberry_Relieve1,,,39.864,3.673,146,100,-1,0,,,,,,00:01:09,0.54,0.021896,0.467239,,
2026-07-08T12:41:38.378,Raspberry_Relieve1,,,39.843,3.748,149,100,-1,0,,,,,,00:01:10,0.44,0.01804,0.48528,,
2026-07-08T12:41:38.879,Raspberry_Relieve1,,,39.843,3.748,149,100,-1,0,,,,,,00:01:10,0.56,0.023287,0.508567,,
2026-07-08T12:41:39.379,Raspberry_Relieve1,,,39.849,3.663,146,100,-1,0,,,,,,00:01:11,0.5,0.020543,0.52911,,
2026-07-08T12:41:39.879,Raspberry_Relieve1,,,39.849,3.663,146,100,-1,0,,,,,,00:01:11,0.5,0.020251,0.549361,,
2026-07-08T12:41:40.379,Raspberry_Relieve1,,,39.866,3.623,144,100,-1,0,,,,,,00:01:12,0.55,0.022166,0.571527,,
2026-07-08T12:41:40.886,Raspberry_Relieve1,,,39.866,3.623,144,100,-1,0,,,,,,00:01:12,0.39,0.015449,0.586976,,
2026-07-08T12:41:41.386,Raspberry_Relieve1,,,39.936,3.123,125,100,-1,0,,,,,,00:01:13,0.58,0.021843,0.608818,,
2026-07-08T12:41:41.886,Raspberry_Relieve1,,,39.936,3.123,125,100,-1,0,,,,,,00:01:13,0.49,0.016862,0.62568,,
2026-07-08T12:41:42.386,Raspberry_Relieve1,,,39.901,3.154,126,100,-1,0,,,,,,00:01:14,0.49,0.016938,0.642618,,
2026-07-08T12:41:42.886,Raspberry_Relieve1,,,39.901,3.154,126,100,-1,0,,,,,,00:01:14,0.43,0.014954,0.657572,,
2026-07-08T12:41:43.387,Raspberry_Relieve1,,,39.879,3.245,129,100,-1,0,,,,,,00:01:15,0.59,0.020968,0.67854,,
2026-07-08T12:41:43.887,Raspberry_Relieve1,,,39.879,3.245,129,100,-1,0,,,,,,00:01:15,0.41,0.014717,0.693257,,
2026-07-08T12:41:44.387,Raspberry_Relieve1,,,39.867,3.399,136,100,-1,0,,,,,,00:01:16,0.59,0.021826,0.715082,,
2026-07-08T12:41:44.887,Raspberry_Relieve1,,,39.867,3.399,136,100,-1,0,,,,,,00:01:16,0.47,0.01791,0.732993,,
2026-07-08T12:41:45.387,Raspberry_Relieve1,,,39.76,3.879,154,100,-1,0,,,,,,00:01:17,0.52,0.021109,0.754102,,
2026-07-08T12:41:45.887,Raspberry_Relieve1,,,39.76,3.879,154,100,-1,0,,,,,,00:01:17,0.39,0.016804,0.770906,,
2026-07-08T12:41:46.387,Raspberry_Relieve1,,,39.676,4.742,188,100,-1,0,,,,,,00:01:18,0.57,0.02705,0.797956,,
2026-07-08T12:41:46.889,Raspberry_Relieve1,,,39.676,4.742,188,100,-1,0,,,,,,00:01:18,0.52,0.026937,0.824894,,
2026-07-08T12:41:47.389,Raspberry_Relieve1,,,39.663,4.741,188,100,-1,0,,,,,,00:01:19,0.48,0.024878,0.849772,,
2026-07-08T12:41:47.889,Raspberry_Relieve1,,,39.663,4.741,188,100,-1,0,,,,,,00:01:19,0.45,0.023654,0.873425,,
2026-07-08T12:41:48.389,Raspberry_Relieve1,,,39.691,4.626,184,100,-1,0,,,,,,00:01:20,0.56,0.028933,0.902359,,
2026-07-08T12:41:48.889,Raspberry_Relieve1,,,39.691,4.626,184,100,-1,0,,,,,,00:01:20,0.5,0.025729,0.928088,,
2026-07-08T12:41:49.390,Raspberry_Relieve1,,,39.663,4.721,187,100,-1,0,,,,,,00:01:21,0.41,0.02105,0.949138,,
2026-07-08T12:41:49.890,Raspberry_Relieve1,,,39.663,4.721,187,100,-1,0,,,,,,00:01:21,0.6,0.031353,0.980491,,
2026-07-08T12:41:50.390,Raspberry_Relieve1,,,39.626,4.961,197,100,-1,0,,,,,,00:01:22,0.47,0.02516,1.00565,,
2026-07-08T12:41:50.890,Raspberry_Relieve1,,,39.626,4.961,197,100,-1,0,,,,,,00:01:22,0.51,0.028072,1.033722,,
2026-07-08T12:41:51.390,Raspberry_Relieve1,,,39.617,4.926,195,100,-1,0,,,,,,00:01:23,0.42,0.022806,1.056528,,
2026-07-08T12:41:51.890,Raspberry_Relieve1,,,39.617,4.926,195,100,-1,0,,,,,,00:01:23,0.53,0.0285,1.085028,,
2026-07-08T12:41:52.390,Raspberry_Relieve1,,,39.906,3.575,143,100,-1,0,,,,,,00:01:24,0.57,0.026752,1.11178,,
2026-07-08T12:41:52.890,Raspberry_Relieve1,,,39.906,3.575,143,100,-1,0,,,,,,00:01:24,0.54,0.021486,1.133266,,
2026-07-08T12:41:53.390,Raspberry_Relieve1,,,40.263,0,143,100,-1,0,,,,,,00:01:25,0.43,0.017106,1.150372,,
2026-07-08T12:41:53.891,Raspberry_Relieve1,,,40.263,0,143,100,-1,0,,,,,,00:01:25,0.5,0.019692,1.170064,,
2026-07-08T12:41:54.391,Raspberry_Relieve1,,,40.27,0,143,100,-1,0,,,,,,00:01:26,0.52,0.020784,1.190848,,
2026-07-08T12:41:54.891,Raspberry_Relieve1,,,40.27,0,143,100,-1,0,,,,,,00:01:26,0.49,0.019311,1.210159,,
2026-07-08T12:41:55.391,Raspberry_Relieve1,,,40.275,0,143,100,-1,0,,,,,,00:01:27,0.46,0.018376,1.228535,,
2026-07-08T12:41:55.891,Raspberry_Relieve1,,,40.275,0,143,100,-1,0,,,,,,00:01:27,0.6,0.023784,1.252319,,
2026-07-08T12:41:56.391,Raspberry_Relieve1,,,40.062,0.863,35,100,-1,0,,,,,,00:01:28,0.47,0.011738,1.264057,,
2026-07-08T12:41:56.891,Raspberry_Relieve1,,,40.062,0.863,35,100,-1,0,,,,,,00:01:28,0.49,0.004762,1.26882,,
2026-07-08T12:41:57.391,Raspberry_Relieve1,,,40.265,0.482,19,100,-1,0,,,,,,00:01:29,0.49,0.003654,1.272474,,
2026-07-08T12:41:57.891,Raspberry_Relieve1,,,40.265,0.482,19,100,-1,0,,,,,,00:01:29,0.48,0.00254,1.275015,,
2026-07-08T12:41:58.391,Raspberry_Relieve1,,,40.248,0.254,10,100,-1,0,,,,,,00:01:30,0.52,0.002105,1.277119,,
2026-07-08T12:41:58.892,Raspberry_Relieve1,,,40.248,0.254,10,100,-1,0,,,,,,00:01:30,0.51,0.001414,1.278533,,
2026-07-08T12:41:59.392,Raspberry_Relieve1,,,40.252,0.275,11,100,-1,0,,,,,,00:01:31,0.48,0.001408,1.279941,,
2026-07-08T12:41:59.892,Raspberry_Relieve1,,,40.252,0.275,11,100,-1,0,,,,,,00:01:31,0.46,0.001417,1.281358,,
2026-07-08T12:42:00.392,Raspberry_Relieve1,,,40.254,0.254,10,100,-1,0,,,,,,00:01:32,0.48,0.001406,1.282764,,
2026-07-08T12:42:00.892,Raspberry_Relieve1,,,40.254,0.254,10,100,-1,0,,,,,,00:01:32,0.49,0.00136,1.284125,,
2026-07-08T12:42:01.392,Raspberry_Relieve1,,,40.255,0.249,10,100,-1,0,,,,,,00:01:33,0.49,0.001355,1.28548,,
2026-07-08T12:42:01.892,Raspberry_Relieve1,,,40.255,0.249,10,100,-1,0,,,,,,00:01:33,0.54,0.001509,1.286989,,
2026-07-08T12:42:02.392,Raspberry_Relieve1,,,40.258,0.254,10,100,-1,0,,,,,,00:01:34,0.55,0.001534,1.288523,,
2026-07-08T12:42:02.892,Raspberry_Relieve1,,,40.258,0.254,10,100,-1,0,,,,,,00:01:34,0.51,0.00143,1.289953,,
2026-07-08T12:42:03.392,Raspberry_Relieve1,,,40.295,-0.204,-8,100,14400,0,,,,,,00:01:35,0.51,0.000142,1.290095,,
2026-07-08T12:42:03.892,Raspberry_Relieve1,,,40.295,-0.204,-8,100,14400,0,,,,,,00:01:35,0.4,-0.000892,1.289203,,
2026-07-08T12:42:04.393,Raspberry_Relieve1,,,40.297,0,0,100,-1,0,,,,,,00:01:36,0.75,-0.000833,1.28837,,
2026-07-08T12:42:05.023,Raspberry_Relieve1,,,40.297,0,0,100,-1,0,,,,,,00:01:36,0.39,0,1.28837,,
2026-07-08T12:42:05.523,Raspberry_Relieve1,,,40.3,0,0,100,-1,0,,,,,,00:01:37,0.48,0,1.28837,,
2026-07-08T12:42:06.023,Raspberry_Relieve1,,,40.3,0,0,100,-1,0,,,,,,00:01:37,0.53,0,1.28837,,
2026-07-08T12:42:06.523,Raspberry_Relieve1,,,40.127,1.01,41,100,-1,0,,,,,,00:01:38,0.66,0.003771,1.292141,,
2026-07-08T12:42:07.079,Raspberry_Relieve1,,,40.127,1.01,41,100,-1,0,,,,,,00:01:39,0.46,0.005187,1.297328,,
2026-07-08T12:42:07.579,Raspberry_Relieve1,,,40.103,1.077,43,100,-1,0,,,,,,00:01:39,0.5,0.005853,1.303181,,
2026-07-08T12:42:08.079,Raspberry_Relieve1,,,40.103,1.077,43,100,-1,0,,,,,,00:01:40,0.55,0.006581,1.309762,,
2026-07-08T12:42:08.580,Raspberry_Relieve1,,,40.235,0.817,33,100,-1,0,,,,,,00:01:40,0.46,0.00489,1.314652,,
2026-07-08T12:42:09.080,Raspberry_Relieve1,,,40.235,0.817,33,100,-1,0,,,,,,00:01:40,0.42,0.003864,1.318516,,
2026-07-08T12:42:09.580,Raspberry_Relieve1,,,40.236,0.485,20,100,-1,0,,,,,,00:01:41,0.58,0.004278,1.322794,,
2026-07-08T12:42:10.080,Raspberry_Relieve1,,,40.236,0.485,20,100,-1,0,,,,,,00:01:41,0.45,0.002495,1.325289,,
2026-07-08T12:42:10.581,Raspberry_Relieve1,,,40.238,0.467,19,100,-1,0,,,,,,00:01:42,0.45,0.002452,1.327741,,
2026-07-08T12:42:11.081,Raspberry_Relieve1,,,40.238,0.467,19,100,-1,0,,,,,,00:01:43,0.58,0.003063,1.330804,,
2026-07-08T12:42:11.581,Raspberry_Relieve1,,,40.24,0.465,19,100,-1,0,,,,,,00:01:43,0.45,0.002379,1.333183,,
2026-07-08T12:42:12.081,Raspberry_Relieve1,,,40.24,0.465,19,100,-1,0,,,,,,00:01:44,0.55,0.002927,1.33611,,
2026-07-08T12:42:12.581,Raspberry_Relieve1,,,40.24,0.464,19,100,-1,0,,,,,,00:01:44,0.49,0.00256,1.33867,,
2026-07-08T12:42:13.081,Raspberry_Relieve1,,,40.24,0.464,19,100,-1,0,,,,,,00:01:44,0.48,0.002528,1.341198,,
2026-07-08T12:42:13.581,Raspberry_Relieve1,,,40.242,0.465,19,100,-1,0,,,,,,00:01:45,0.47,0.002505,1.343703,,
2026-07-08T12:42:14.081,Raspberry_Relieve1,,,40.242,0.465,19,100,-1,0,,,,,,00:01:45,0.47,0.002507,1.34621,,
2026-07-08T12:42:14.581,Raspberry_Relieve1,,,40.244,0.46,19,100,-1,0,,,,,,00:01:46,0.59,0.003113,1.349323,,
2026-07-08T12:42:15.082,Raspberry_Relieve1,,,40.244,0.46,19,100,-1,0,,,,,,00:01:46,0.43,0.002254,1.351577,,
2026-07-08T12:42:15.582,Raspberry_Relieve1,,,40.243,0.466,19,100,-1,0,,,,,,00:01:47,0.48,0.002541,1.354118,,
2026-07-08T12:42:16.082,Raspberry_Relieve1,,,40.243,0.466,19,100,-1,0,,,,,,00:01:47,0.5,0.002614,1.356732,,
2026-07-08T12:42:16.582,Raspberry_Relieve1,,,38.725,5.21,202,100,-1,0,,,,,,00:01:48,0.52,0.015898,1.37263,,
2026-07-08T12:42:17.082,Raspberry_Relieve1,,,38.725,5.21,202,100,-1,0,,,,,,00:01:48,0.49,0.027386,1.400015,,
2026-07-08T12:42:17.582,Raspberry_Relieve1,,,38.725,5.21,202,100,-1,0,,,,,,00:01:49,0.72,0.040401,1.440416,,
2026-07-08T12:42:18.173,Raspberry_Relieve1,,,40.615,-1.491,-61,100,13342,0.001,,,,,,00:01:50,0.36,0.007147,1.447564,,
2026-07-08T12:42:18.673,Raspberry_Relieve1,,,40.615,-1.491,-61,100,13342,0.001,,,,,,00:01:50,0.52,-0.008877,1.438687,,
2026-07-08T12:42:19.173,Raspberry_Relieve1,,,40.35,1.555,63,100,-1,0,,,,,,00:01:51,0.56,0.000156,1.438843,,
2026-07-08T12:42:19.673,Raspberry_Relieve1,,,40.35,1.555,63,100,-1,0,,,,,,00:01:51,0.47,0.008225,1.447068,,
2026-07-08T12:42:20.173,Raspberry_Relieve1,,,39.244,9.364,367,100,-1,0,,,,,,00:01:52,0.62,0.037052,1.48412,,
2026-07-08T12:42:20.704,Raspberry_Relieve1,,,39.244,9.364,367,100,-1,0,,,,,,00:01:52,0.44,0.044408,1.528528,,
2026-07-08T12:42:21.204,Raspberry_Relieve1,,,39.826,2.667,106,100,-1,0,,,,,,00:01:53,0.72,0.047292,1.57582,,
2026-07-08T12:42:21.881,Raspberry_Relieve1,,,39.826,2.667,106,100,-1,0,,,,,,00:01:53,0.55,0.01614,1.59196,,
2026-07-08T12:42:22.419,Raspberry_Relieve1,,,39.465,5.857,231,100,-1,0,,,,,,00:01:54,0.5,0.023586,1.615545,,
2026-07-08T12:42:22.919,Raspberry_Relieve1,,,39.465,5.857,231,100,-1,0,,,,,,00:01:54,0.38,0.024171,1.639716,,
2026-07-08T12:42:23.419,Raspberry_Relieve1,,,39.863,3.859,154,100,-1,0,,,,,,00:01:55,0.51,0.027355,1.667071,,
2026-07-08T12:42:23.919,Raspberry_Relieve1,,,39.863,3.859,154,100,-1,0,,,,,,00:01:55,0.62,0.026488,1.693559,,
2026-07-08T12:42:24.443,Raspberry_Relieve1,,,38.118,15.244,581,100,-1,0,,,,,,00:01:56,0.42,0.042831,1.73639,,
2026-07-08T12:42:24.943,Raspberry_Relieve1,,,38.118,15.244,581,100,-1,0,,,,,,00:01:56,0.6,0.096539,1.832929,,
2026-07-08T12:42:25.444,Raspberry_Relieve1,,,38.685,10.312,399,100,-1,0,,,,,,00:01:57,0.42,0.056547,1.889476,,
2026-07-08T12:42:25.944,Raspberry_Relieve1,,,38.685,10.312,399,100,-1,0,,,,,,00:01:57,0.62,0.069192,1.958668,,
2026-07-08T12:42:26.480,Raspberry_Relieve1,,,39.299,6.869,270,100,-1,0,,,,,,00:01:58,0.46,0.042586,2.001254,,
2026-07-08T12:42:26.981,Raspberry_Relieve1,,,39.299,6.869,270,100,-1,0,,,,,,00:01:58,0.5,0.037655,2.038909,,
2026-07-08T12:42:27.481,Raspberry_Relieve1,,,39.871,7.167,286,100,-1,0,,,,,,00:01:59,0.49,0.037955,2.076864,,
2026-07-08T12:42:27.981,Raspberry_Relieve1,,,39.871,7.167,286,100,-1,0,,,,,,00:01:59,0.47,0.037299,2.114163,,
2026-07-08T12:42:28.481,Raspberry_Relieve1,,,40.135,0.871,35,100,-1,0,,,,,,00:02:00,0.46,0.020406,2.13457,,
2026-07-08T12:42:28.981,Raspberry_Relieve1,,,40.135,0.871,35,100,-1,0,,,,,,00:02:00,0.56,0.005441,2.14001,,
2026-07-08T12:42:29.481,Raspberry_Relieve1,,,40.147,0.488,20,100,-1,0,,,,,,00:02:01,0.45,0.003401,2.143412,,
2026-07-08T12:42:29.981,Raspberry_Relieve1,,,40.147,0.488,20,100,-1,0,,,,,,00:02:01,0.63,0.003488,2.1469,,
2026-07-08T12:42:30.513,Raspberry_Relieve1,,,40.155,0.469,19,100,-1,0,,,,,,00:02:02,0.58,0.003169,2.150068,,
2026-07-08T12:42:31.074,Raspberry_Relieve1,,,40.155,0.469,19,100,-1,0,,,,,,00:02:03,0.45,0.002383,2.152452,,
2026-07-08T12:42:31.574,Raspberry_Relieve1,,,40.163,0.462,19,100,-1,0,,,,,,00:02:03,0.62,0.003269,2.155721,,
2026-07-08T12:42:32.154,Raspberry_Relieve1,,,40.166,0.46,18,100,-1,0,,,,,,00:02:03,0.38,0.001937,2.157658,,
2026-07-08T12:42:32.654,Raspberry_Relieve1,,,40.166,0.46,18,100,-1,0,,,,,,00:02:04,0.69,0.003451,2.161109,,
2026-07-08T12:42:33.220,Raspberry_Relieve1,,,40.17,0.46,18,100,-1,0,,,,,,00:02:05,0.54,0.002708,2.163817,,
2026-07-08T12:42:33.754,Raspberry_Relieve1,,,40.17,0.46,18,100,-1,0,,,,,,00:02:05,0.41,0.00203,2.165847,,
2026-07-08T12:42:34.254,Raspberry_Relieve1,,,40.176,0.46,18,100,-1,0,,,,,,00:02:06,0.53,0.002633,2.16848,,
2026-07-08T12:42:34.754,Raspberry_Relieve1,,,40.176,0.46,18,100,-1,0,,,,,,00:02:06,0.5,0.002516,2.170996,,
2026-07-08T12:42:35.254,Raspberry_Relieve1,,,40.176,0.46,18,100,-1,0,,,,,,00:02:07,0.61,0.003075,2.17407,,
2026-07-08T12:42:35.808,Raspberry_Relieve1,,,40.178,0.459,18,100,-1,0,,,,,,00:02:07,0.39,0.001943,2.176013,,
2026-07-08T12:42:36.308,Raspberry_Relieve1,,,40.141,0.628,25,100,-1,0,,,,,,00:02:08,0.5,0.002965,2.178978,,
2026-07-08T12:42:36.832,Raspberry_Relieve1,,,40.141,0.628,25,100,-1,0,,,,,,00:02:08,0.53,0.003702,2.18268,,
2026-07-08T12:42:37.332,Raspberry_Relieve1,,,40.182,0.474,19,100,-1,0,,,,,,00:02:09,0.64,0.003898,2.186578,,
2026-07-08T12:42:37.868,Raspberry_Relieve1,,,40.182,0.474,19,100,-1,0,,,,,,00:02:09,0.45,0.002355,2.188933,,
2026-07-08T12:42:38.369,Raspberry_Relieve1,,,40.181,0.493,20,100,-1,0,,,,,,00:02:10,0.61,0.003328,2.192261,,
2026-07-08T12:42:38.922,Raspberry_Relieve1,,,40.181,0.493,20,100,-1,0,,,,,,00:02:10,0.44,0.002428,2.194689,,
2026-07-08T12:42:39.422,Raspberry_Relieve1,,,40.08,1.105,44,100,-1,0,,,,,,00:02:11,0.44,0.003936,2.198624,,
2026-07-08T12:42:39.922,Raspberry_Relieve1,,,40.08,1.105,44,100,-1,0,,,,,,00:02:11,0.57,0.006956,2.20558,,
2026-07-08T12:42:40.422,Raspberry_Relieve1,,,39.86,2.436,97,100,-1,0,,,,,,00:02:12,0.53,0.010358,2.215938,,
2026-07-08T12:42:40.923,Raspberry_Relieve1,,,39.86,2.436,97,100,-1,0,,,,,,00:02:12,0.4,0.010873,2.226811,,
2026-07-08T12:42:41.423,Raspberry_Relieve1,,,39.45,5.39,213,100,-1,0,,,,,,00:02:13,0.49,0.021218,2.248029,,
2026-07-08T12:42:41.923,Raspberry_Relieve1,,,39.45,5.39,213,100,-1,0,,,,,,00:02:13,0.58,0.034046,2.282075,,
2026-07-08T12:42:42.423,Raspberry_Relieve1,,,39.978,2.159,86,100,-1,0,,,,,,00:02:14,0.47,0.019458,2.301533,,
2026-07-08T12:42:42.923,Raspberry_Relieve1,,,39.978,2.159,86,100,-1,0,,,,,,00:02:14,0.48,0.011377,2.312909,,
2026-07-08T12:42:43.423,Raspberry_Relieve1,,,39.952,2.181,87,100,-1,0,,,,,,00:02:15,0.5,0.011977,2.324886,,
2026-07-08T12:42:43.923,Raspberry_Relieve1,,,39.952,2.181,87,100,-1,0,,,,,,00:02:15,0.56,0.013511,2.338397,,
2026-07-08T12:42:44.423,Raspberry_Relieve1,,,39.867,4.797,191,100,-1,0,,,,,,00:02:16,0.49,0.018924,2.357322,,
2026-07-08T12:42:44.923,Raspberry_Relieve1,,,39.867,4.797,191,100,-1,0,,,,,,00:02:16,0.5,0.026312,2.383634,,
2026-07-08T12:42:45.423,Raspberry_Relieve1,,,38.355,13.515,518,100,-1,0,,,,,,00:02:17,0.76,0.074696,2.45833,,
2026-07-08T12:42:46.145,Raspberry_Relieve1,,,37.99,17.199,653,100,-1,0,,,,,,00:02:18,0.42,0.067533,2.525864,,
2026-07-08T12:42:46.645,Raspberry_Relieve1,,,37.99,17.199,653,100,-1,0,,,,,,00:02:18,0.49,0.088084,2.613947,,
2026-07-08T12:42:47.145,Raspberry_Relieve1,,,37.938,14.657,556,100,-1,0,,,,,,00:02:19,0.56,0.09386,2.707807,,
2026-07-08T12:42:47.645,Raspberry_Relieve1,,,37.938,14.657,556,100,-1,0,,,,,,00:02:19,0.49,0.075378,2.783186,,
2026-07-08T12:42:48.145,Raspberry_Relieve1,,,38.355,16.106,618,100,-1,0,,,,,,00:02:20,0.54,0.088622,2.871808,,
2026-07-08T12:42:48.645,Raspberry_Relieve1,,,38.355,16.106,618,100,-1,0,,,,,,00:02:20,0.43,0.073691,2.945499,,
2026-07-08T12:42:49.145,Raspberry_Relieve1,,,39.27,7.262,285,100,-1,0,,,,,,00:02:21,0.56,0.070571,3.01607,,
2026-07-08T12:42:49.645,Raspberry_Relieve1,,,39.27,7.262,285,100,-1,0,,,,,,00:02:21,0.5,0.039623,3.055692,,
2026-07-08T12:42:50.145,Raspberry_Relieve1,,,39.203,7.176,281,100,-1,0,,,,,,00:02:22,0.48,0.037889,3.093582,,
2026-07-08T12:42:50.646,Raspberry_Relieve1,,,39.203,7.176,281,100,-1,0,,,,,,00:02:22,0.48,0.037844,3.131426,,
2026-07-08T12:42:51.146,Raspberry_Relieve1,,,39.077,8.176,319,100,-1,0,,,,,,00:02:23,0.47,0.039214,3.17064,,
2026-07-08T12:42:51.646,Raspberry_Relieve1,,,39.077,8.176,319,100,-1,0,,,,,,00:02:23,0.53,0.046925,3.217565,,
2026-07-08T12:42:52.146,Raspberry_Relieve1,,,38.209,14.306,547,100,-1,0,,,,,,00:02:24,0.52,0.062015,3.27958,,
2026-07-08T12:42:52.646,Raspberry_Relieve1,,,38.209,14.306,547,100,-1,0,,,,,,00:02:24,0.67,0.10221,3.381789,,
2026-07-08T12:42:53.258,Raspberry_Relieve1,,,37.673,17.859,673,100,-1,0,,,,,,00:02:25,0.39,0.066545,3.448335,,
2026-07-08T12:42:53.758,Raspberry_Relieve1,,,37.673,17.859,673,100,-1,0,,,,,,00:02:25,0.64,0.119541,3.567875,,
2026-07-08T12:42:54.300,Raspberry_Relieve1,,,37.616,18.929,712,100,-1,0,,,,,,00:02:26,0.41,0.079282,3.647158,,
2026-07-08T12:42:54.800,Raspberry_Relieve1,,,37.616,18.929,712,100,-1,0,,,,,,00:02:26,0.52,0.10204,3.749197,,
2026-07-08T12:42:55.354,Raspberry_Relieve1,,,38.577,13.288,513,100,-1,0,,,,,,00:02:27,0.61,0.104332,3.853529,,
2026-07-08T12:42:55.854,Raspberry_Relieve1,,,38.577,13.288,513,100,-1,0,,,,,,00:02:27,0.45,0.064477,3.918006,,
2026-07-08T12:42:56.354,Raspberry_Relieve1,,,38.461,11.775,453,100,-1,0,,,,,,00:02:28,0.44,0.059081,3.977088,,
2026-07-08T12:42:56.854,Raspberry_Relieve1,,,38.461,11.775,453,100,-1,0,,,,,,00:02:28,0.54,0.067367,4.044454,,
2026-07-08T12:42:57.354,Raspberry_Relieve1,,,38.302,12.548,481,100,-1,0,,,,,,00:02:29,0.73,0.09463,4.139084,,
2026-07-08T12:42:57.994,Raspberry_Relieve1,,,38.302,12.548,481,100,-1,0,,,,,,00:02:29,0.43,0.057138,4.196222,,
2026-07-08T12:42:58.494,Raspberry_Relieve1,,,38.337,12.963,497,100,-1,0,,,,,,00:02:30,0.52,0.069971,4.266193,,
2026-07-08T12:42:58.994,Raspberry_Relieve1,,,38.337,12.963,497,100,-1,0,,,,,,00:02:30,0.47,0.064783,4.330976,,
2026-07-08T12:42:59.494,Raspberry_Relieve1,,,38.716,11.053,428,100,-1,0,,,,,,00:02:31,0.54,0.0695,4.400476,,
2026-07-08T12:42:59.994,Raspberry_Relieve1,,,38.716,11.053,428,100,-1,0,,,,,,00:02:31,0.48,0.057034,4.45751,,
2026-07-08T12:43:00.494,Raspberry_Relieve1,,,39.671,4.709,187,100,-1,0,,,,,,00:02:32,0.58,0.049366,4.506876,,
2026-07-08T12:43:01.011,Raspberry_Relieve1,,,39.671,4.709,187,100,-1,0,,,,,,00:02:32,0.38,0.0197,4.526576,,
2026-07-08T12:43:01.511,Raspberry_Relieve1,,,39.603,3.018,120,100,-1,0,,,,,,00:02:33,0.52,0.022176,4.548752,,
2026-07-08T12:43:02.012,Raspberry_Relieve1,,,39.603,3.018,120,100,-1,0,,,,,,00:02:33,0.55,0.018474,4.567227,,
2026-07-08T12:43:02.512,Raspberry_Relieve1,,,39.675,2.782,110,100,-1,0,,,,,,00:02:34,0.5,0.015876,4.583102,,
2026-07-08T12:43:03.085,Raspberry_Relieve1,,,39.224,5.041,198,100,-1,0,,,,,,00:02:39,5.15,0.220231,4.803333,,
2026-07-08T12:43:08.110,Raspberry_Relieve1,,,38.587,11.616,448,100,-1,0,,,,,,00:02:40,0.53,0.047577,4.850911,,
2026-07-08T12:43:08.632,Raspberry_Relieve1,,,38.587,11.616,448,100,-1,0,,,,,,00:02:40,0.55,0.068355,4.919265,,
2026-07-08T12:43:09.194,Raspberry_Relieve1,,,38.584,11.609,448,100,-1,0,,,,,,00:02:41,0.56,0.069755,4.98902,,
2026-07-08T12:43:09.742,Raspberry_Relieve1,,,38.584,11.609,448,100,-1,0,,,,,,00:02:41,0.49,0.060596,5.049616,,
2026-07-08T12:43:10.242,Raspberry_Relieve1,,,39.422,4.491,177,100,-1,0,,,,,,00:02:42,0.54,0.046986,5.096602,,
2026-07-08T12:43:10.779,Raspberry_Relieve1,,,39.422,4.491,177,100,-1,0,,,,,,00:02:42,0.45,0.02216,5.118762,,
2026-07-08T12:43:11.279,Raspberry_Relieve1,,,39.921,1.026,41,100,-1,0,,,,,,00:02:43,0.53,0.016097,5.134858,,
2026-07-08T12:43:11.779,Raspberry_Relieve1,,,39.921,1.026,41,100,-1,0,,,,,,00:02:43,0.55,0.00625,5.141108,,
2026-07-08T12:43:12.451,Raspberry_Relieve1,,,39.959,0.494,20,100,-1,0,,,,,,00:02:44,0.62,0.00529,5.146399,,
2026-07-08T12:43:12.951,Raspberry_Relieve1,,,39.959,0.494,20,100,-1,0,,,,,,00:02:45,0.62,0.003421,5.14982,,
2026-07-08T12:43:13.541,Raspberry_Relieve1,,,40.03,0.123,5,100,-1,0,,,,,,00:02:45,0.73,0.002525,5.152345,,
2026-07-08T12:43:14.268,Raspberry_Relieve1,,,40.042,0,5,100,-1,0,,,,,,00:02:46,0.69,0.000956,5.153301,,
2026-07-08T12:43:14.978,Raspberry_Relieve1,,,40.042,0,5,100,-1,0,,,,,,00:02:49,3.03,0.004206,5.157507,,
2026-07-08T12:43:17.989,Raspberry_Relieve1,,,40.068,0,5,100,-1,0,,,,,,00:02:49,0.46,0.000637,5.158144,,
2026-07-08T12:43:18.489,Raspberry_Relieve1,,,40.074,0,5,100,-1,0,,,,,,00:02:50,0.62,0.000854,5.158998,,
2026-07-08T12:43:19.064,Raspberry_Relieve1,,,40.081,0,5,100,-1,0,,,,,,00:02:51,0.65,0.000897,5.159896,,
2026-07-08T12:43:19.698,Raspberry_Relieve1,,,40.081,0,5,100,-1,0,,,,,,00:02:51,0.49,0.000683,5.160579,,
2026-07-08T12:43:20.198,Raspberry_Relieve1,,,40.086,0,5,100,-1,0,,,,,,00:02:52,0.55,0.000757,5.161336,,
2026-07-08T12:43:20.738,Raspberry_Relieve1,,,40.086,0,5,100,-1,0,,,,,,00:02:52,0.61,0.000842,5.162178,,
2026-07-08T12:43:21.349,Raspberry_Relieve1,,,40.092,0,5,100,-1,0,,,,,,00:02:53,0.52,0.000722,5.1629,,
2026-07-08T12:43:21.864,Raspberry_Relieve1,,,40.092,0,5,100,-1,0,,,,,,00:02:53,0.46,0.000642,5.163543,,
2026-07-08T12:43:22.364,Raspberry_Relieve1,,,40.097,0,5,100,-1,0,,,,,,00:02:54,0.51,0.000703,5.164246,,
2026-07-08T12:43:22.865,Raspberry_Relieve1,,,40.097,0,5,100,-1,0,,,,,,00:02:54,0.56,0.00078,5.165025,,
2026-07-08T12:43:23.398,Raspberry_Relieve1,,,40.102,0,5,100,-1,0,,,,,,00:02:55,0.45,0.000625,5.16565,,
2026-07-08T12:43:23.898,Raspberry_Relieve1,,,40.102,0,5,100,-1,0,,,,,,00:02:55,0.62,0.000866,5.166517,,
2026-07-08T12:43:24.483,Raspberry_Relieve1,,,40.106,0,5,100,-1,0,,,,,,00:02:56,0.52,0.000726,5.167242,,
2026-07-08T12:43:24.988,Raspberry_Relieve1,,,40.106,0,5,100,-1,0,,,,,,00:02:56,0.46,0.000635,5.167877,,
2026-07-08T12:43:25.488,Raspberry_Relieve1,,,40.111,0,5,100,-1,0,,,,,,00:02:57,0.57,0.000789,5.168667,,
2026-07-08T12:43:26.029,Raspberry_Relieve1,,,40.114,0,5,100,-1,0,,,,,,00:02:57,0.51,0.000702,5.169369,,
2026-07-08T12:43:26.529,Raspberry_Relieve1,,,40.114,0,5,100,-1,0,,,,,,00:02:58,0.5,0.000697,5.170066,,
2026-07-08T12:43:27.029,Raspberry_Relieve1,,,40.119,0,5,100,-1,0,,,,,,00:02:59,0.51,0.000711,5.170776,,
2026-07-08T12:43:27.543,Raspberry_Relieve1,,,40.119,0,5,100,-1,0,,,,,,00:02:59,0.48,0.000667,5.171444,,
2026-07-08T12:43:28.043,Raspberry_Relieve1,,,40.126,0,5,100,-1,0,,,,,,00:02:59,0.5,0.000699,5.172143,,
2026-07-08T12:43:28.543,Raspberry_Relieve1,,,40.126,0,5,100,-1,0,,,,,,00:03:00,0.52,0.000726,5.172869,,
2026-07-08T12:43:29.047,Raspberry_Relieve1,,,40.128,0,5,100,-1,0,,,,,,00:03:01,0.52,0.000721,5.17359,,
2026-07-08T12:43:29.563,Raspberry_Relieve1,,,40.128,0,5,100,-1,0,,,,,,00:03:01,0.5,0.000696,5.174286,,
2026-07-08T12:43:30.064,Raspberry_Relieve1,,,40.132,0,5,100,-1,0,,,,,,00:03:02,0.5,0.00069,5.174975,,
2026-07-08T12:43:30.576,Raspberry_Relieve1,,,40.132,0,5,100,-1,0,,,,,,00:03:02,0.53,0.00074,5.175715,,
2026-07-08T12:43:31.089,Raspberry_Relieve1,,,40.136,0,5,100,-1,0,,,,,,00:03:03,0.55,0.000763,5.176478,,
2026-07-08T12:43:31.651,Raspberry_Relieve1,,,40.136,0,5,100,-1,0,,,,,,00:03:03,0.73,0.00101,5.177488,,
2026-07-08T12:43:32.372,Raspberry_Relieve1,,,40.137,0,5,100,-1,0,,,,,,00:03:04,0.55,0.000766,5.178254,,
2026-07-08T12:43:33.011,Raspberry_Relieve1,,,40.141,0,5,100,-1,0,,,,,,00:03:04,0.59,0.000822,5.179076,,
2026-07-08T12:43:33.511,Raspberry_Relieve1,,,40.141,0,5,100,-1,0,,,,,,00:03:05,0.54,0.000748,5.179825,,
2026-07-08T12:43:34.070,Raspberry_Relieve1,,,40.145,0,5,100,-1,0,,,,,,00:03:05,0.45,0.000631,5.180456,,
2026-07-08T12:43:34.570,Raspberry_Relieve1,,,40.145,0,5,100,-1,0,,,,,,00:03:06,0.56,0.000774,5.18123,,
2026-07-08T12:43:35.070,Raspberry_Relieve1,,,40.147,0,5,100,-1,0,,,,,,00:03:07,0.61,0.000844,5.182074,,
2026-07-08T12:43:35.669,Raspberry_Relieve1,,,40.147,0,5,100,-1,0,,,,,,00:03:07,0.5,0.000701,5.182775,,
2026-07-08T12:43:36.191,Raspberry_Relieve1,,,40.153,0,5,100,-1,0,,,,,,00:03:08,0.53,0.000734,5.183509,,
2026-07-08T12:43:36.713,Raspberry_Relieve1,,,40.153,0,5,100,-1,0,,,,,,00:03:08,0.51,0.000711,5.18422,,
2026-07-08T12:43:37.224,Raspberry_Relieve1,,,40.156,0,5,100,-1,0,,,,,,00:03:09,0.51,0.000713,5.184934,,
2026-07-08T12:43:37.770,Raspberry_Relieve1,,,40.156,0,5,100,-1,0,,,,,,00:03:09,0.68,0.000951,5.185884,,
2026-07-08T12:43:38.411,Raspberry_Relieve1,,,40.157,0,5,100,-1,0,,,,,,00:03:10,0.54,0.000748,5.186632,,
2026-07-08T12:43:38.956,Raspberry_Relieve1,,,40.157,0,5,100,-1,0,,,,,,00:03:11,0.95,0.001316,5.187948,,
2026-07-08T12:43:39.904,Raspberry_Relieve1,,,40.162,0,5,100,-1,0,,,,,,00:03:11,0.54,0.000751,5.188698,,
2026-07-08T12:43:40.439,Raspberry_Relieve1,,,40.162,0,5,100,-1,0,,,,,,00:03:12,0.43,0.000601,5.189299,,
2026-07-08T12:43:40.939,Raspberry_Relieve1,,,40.162,0,5,100,-1,0,,,,,,00:03:12,0.49,0.000681,5.18998,,
2026-07-08T12:43:41.439,Raspberry_Relieve1,,,40.165,0,5,100,-1,0,,,,,,00:03:13,0.56,0.000776,5.190756,,
2026-07-08T12:43:41.940,Raspberry_Relieve1,,,40.165,0,5,100,-1,0,,,,,,00:03:13,0.5,0.000697,5.191453,,
2026-07-08T12:43:42.440,Raspberry_Relieve1,,,40.167,0,5,100,-1,0,,,,,,00:03:14,0.53,0.000743,5.192195,,
2026-07-08T12:43:42.957,Raspberry_Relieve1,,,40.167,0,5,100,-1,0,,,,,,00:03:14,0.44,0.000608,5.192803,,
2026-07-08T12:43:43.457,Raspberry_Relieve1,,,40.17,0,5,100,-1,0,,,,,,00:03:15,0.5,0.000698,5.193502,,
2026-07-08T12:43:43.958,Raspberry_Relieve1,,,40.17,0,5,100,-1,0,,,,,,00:03:15,0.5,0.000694,5.194195,,
2026-07-08T12:43:44.458,Raspberry_Relieve1,,,40.173,0,5,100,-1,0,,,,,,00:03:16,0.52,0.000724,5.194919,,
2026-07-08T12:43:44.958,Raspberry_Relieve1,,,40.173,0,5,100,-1,0,,,,,,00:03:16,0.53,0.00073,5.19565,,
2026-07-08T12:43:45.458,Raspberry_Relieve1,,,40.173,0,5,100,-1,0,,,,,,00:03:17,0.46,0.000643,5.196293,,
2026-07-08T12:43:45.958,Raspberry_Relieve1,,,40.173,0,5,100,-1,0,,,,,,00:03:17,0.5,0.000697,5.19699,,
2026-07-08T12:43:46.458,Raspberry_Relieve1,,,40.176,0,5,100,-1,0,,,,,,00:03:18,0.55,0.000762,5.197753,,
2026-07-08T12:43:46.973,Raspberry_Relieve1,,,40.176,0,5,100,-1,0,,,,,,00:03:18,0.52,0.000717,5.19847,,
2026-07-08T12:43:47.474,Raspberry_Relieve1,,,40.177,0,5,100,-1,0,,,,,,00:03:19,0.54,0.000747,5.199217,,
2026-07-08T12:43:48.014,Raspberry_Relieve1,,,40.179,0,5,100,-1,0,,,,,,00:03:19,0.49,0.000681,5.199898,,
2026-07-08T12:43:48.514,Raspberry_Relieve1,,,40.179,0,5,100,-1,0,,,,,,00:03:20,0.54,0.000749,5.200647,,
2026-07-08T12:43:49.059,Raspberry_Relieve1,,,40.183,0,5,100,-1,0,,,,,,00:03:20,0.48,0.000661,5.201308,,
2026-07-08T12:43:49.563,Raspberry_Relieve1,,,40.183,0,5,100,-1,0,,,,,,00:03:21,0.62,0.00086,5.202168,,
2026-07-08T12:43:50.203,Raspberry_Relieve1,,,40.183,0,5,100,-1,0,,,,,,00:03:22,0.52,0.000728,5.202896,,
2026-07-08T12:43:50.703,Raspberry_Relieve1,,,40.183,0,5,100,-1,0,,,,,,00:03:22,0.54,0.000754,5.20365,,
2026-07-08T12:43:51.209,Raspberry_Relieve1,,,40.187,0,5,100,-1,0,,,,,,00:03:23,0.49,0.00068,5.20433,,
2026-07-08T12:43:51.711,Raspberry_Relieve1,,,40.187,0,5,100,-1,0,,,,,,00:03:23,0.58,0.000806,5.205136,,
2026-07-08T12:43:52.273,Raspberry_Relieve1,,,40.189,0,5,100,-1,0,,,,,,00:03:24,0.56,0.00078,5.205916,,
2026-07-08T12:43:52.843,Raspberry_Relieve1,,,40.189,0,5,100,-1,0,,,,,,00:03:24,0.52,0.000724,5.20664,,
2026-07-08T12:43:53.359,Raspberry_Relieve1,,,40.19,0,5,100,-1,0,,,,,,00:03:25,0.48,0.000673,5.207313,,
2026-07-08T12:43:53.859,Raspberry_Relieve1,,,40.19,0,5,100,-1,0,,,,,,00:03:25,0.48,0.000668,5.207981,,
2026-07-08T12:43:54.359,Raspberry_Relieve1,,,40.191,0,5,100,-1,0,,,,,,00:03:26,0.6,0.000828,5.208809,,
2026-07-08T12:43:54.923,Raspberry_Relieve1,,,40.191,0,5,100,-1,0,,,,,,00:03:26,0.61,0.000841,5.20965,,
2026-07-08T12:43:55.527,Raspberry_Relieve1,,,40.192,0,5,100,-1,0,,,,,,00:03:27,0.47,0.000659,5.210309,,
2026-07-08T12:43:56.027,Raspberry_Relieve1,,,40.194,0,5,100,-1,0,,,,,,00:03:28,0.55,0.00076,5.211069,,
2026-07-08T12:43:56.553,Raspberry_Relieve1,,,40.194,0,5,100,-1,0,,,,,,00:03:28,0.44,0.000607,5.211676,,
2026-07-08T12:43:57.053,Raspberry_Relieve1,,,40.194,0,5,100,-1,0,,,,,,00:03:29,0.63,0.000878,5.212554,,
2026-07-08T12:43:58.632,Raspberry_Relieve1,,,40.196,0,5,100,-1,0,,,,,,00:03:30,1.53,0.00213,5.214684,,
2026-07-08T12:43:59.146,Raspberry_Relieve1,,,40.198,0,5,100,-1,0,,,,,,00:03:31,0.47,0.000658,5.215342,,
2026-07-08T12:43:59.646,Raspberry_Relieve1,,,40.198,0,5,100,-1,0,,,,,,00:03:31,0.53,0.000741,5.216083,,
2026-07-08T12:44:00.159,Raspberry_Relieve1,,,40.199,0,5,100,-1,0,,,,,,00:03:32,0.45,0.00062,5.216702,,
2026-07-08T12:44:00.659,Raspberry_Relieve1,,,40.199,0,5,100,-1,0,,,,,,00:03:32,0.71,0.00098,5.217682,,
2026-07-08T12:44:01.307,Raspberry_Relieve1,,,40.2,0,5,100,-1,0,,,,,,00:03:33,0.51,0.000712,5.218394,,
2026-07-08T12:44:01.819,Raspberry_Relieve1,,,40.2,0,5,100,-1,0,,,,,,00:03:33,0.49,0.000677,5.219072,,
2026-07-08T12:44:02.319,Raspberry_Relieve1,,,40.201,0,5,100,-1,0,,,,,,00:03:34,0.45,0.000626,5.219698,,
2026-07-08T12:44:02.819,Raspberry_Relieve1,,,40.201,0,5,100,-1,0,,,,,,00:03:34,0.48,0.000661,5.220359,,
2026-07-08T12:44:03.319,Raspberry_Relieve1,,,40.202,0,5,100,-1,0,,,,,,00:03:35,0.51,0.000711,5.22107,,
2026-07-08T12:44:03.819,Raspberry_Relieve1,,,40.202,0,5,100,-1,0,,,,,,00:03:35,0.49,0.000685,5.221755,,
2026-07-08T12:44:04.319,Raspberry_Relieve1,,,40.204,0,5,100,-1,0,,,,,,00:03:36,0.5,0.000699,5.222454,,
2026-07-08T12:44:04.819,Raspberry_Relieve1,,,40.204,0,5,100,-1,0,,,,,,00:03:36,0.53,0.000735,5.22319,,
2026-07-08T12:44:05.319,Raspberry_Relieve1,,,40.205,0,5,100,-1,0,,,,,,00:03:37,0.54,0.000743,5.223933,,
2026-07-08T12:44:05.819,Raspberry_Relieve1,,,40.205,0,5,100,-1,0,,,,,,00:03:37,0.51,0.000713,5.224646,,
2026-07-08T12:44:06.329,Raspberry_Relieve1,,,40.206,0,5,100,-1,0,,,,,,00:03:38,0.45,0.000629,5.225275,,
2026-07-08T12:44:06.829,Raspberry_Relieve1,,,40.206,0,5,100,-1,0,,,,,,00:03:38,0.5,0.000692,5.225967,,
2026-07-08T12:44:07.329,Raspberry_Relieve1,,,40.207,0,5,100,-1,0,,,,,,00:03:39,0.5,0.000692,5.226659,,
2026-07-08T12:44:07.829,Raspberry_Relieve1,,,40.207,0,5,100,-1,0,,,,,,00:03:39,0.5,0.00069,5.227349,,
2026-07-08T12:44:08.329,Raspberry_Relieve1,,,40.207,0,5,100,-1,0,,,,,,00:03:40,0.55,0.000765,5.228114,,
2026-07-08T12:44:08.830,Raspberry_Relieve1,,,40.207,0,5,100,-1,0,,,,,,00:03:40,0.53,0.000742,5.228857,,
2026-07-08T12:44:09.353,Raspberry_Relieve1,,,40.21,0,5,100,-1,0,,,,,,00:03:41,0.55,0.000767,5.229624,,
2026-07-08T12:44:09.921,Raspberry_Relieve1,,,40.21,0,5,100,-1,0,,,,,,00:03:41,0.53,0.000743,5.230367,,
2026-07-08T12:44:10.437,Raspberry_Relieve1,,,40.21,0,5,100,-1,0,,,,,,00:03:42,0.45,0.000623,5.23099,,
2026-07-08T12:44:10.937,Raspberry_Relieve1,,,40.21,0,5,100,-1,0,,,,,,00:03:42,0.51,0.00071,5.2317,,
2026-07-08T12:44:11.437,Raspberry_Relieve1,,,40.212,0,5,100,-1,0,,,,,,00:03:43,0.6,0.000832,5.232532,,
2026-07-08T12:44:12.003,Raspberry_Relieve1,,,40.212,0,5,100,-1,0,,,,,,00:03:43,0.49,0.000683,5.233216,,
2026-07-08T12:44:12.504,Raspberry_Relieve1,,,40.212,0,5,100,-1,0,,,,,,00:03:44,0.56,0.000776,5.233992,,
2026-07-08T12:44:13.051,Raspberry_Relieve1,,,40.213,0,5,100,-1,0,,,,,,00:03:44,0.44,0.000617,5.234608,,
2026-07-08T12:44:13.551,Raspberry_Relieve1,,,40.213,0,5,100,-1,0,,,,,,00:03:45,0.68,0.000938,5.235547,,
2026-07-08T12:44:14.173,Raspberry_Relieve1,,,40.213,0,5,100,-1,0,,,,,,00:03:46,0.45,0.000627,5.236173,,
2026-07-08T12:44:14.673,Raspberry_Relieve1,,,40.213,0,5,100,-1,0,,,,,,00:03:46,0.66,0.000922,5.237096,,
2026-07-08T12:44:15.286,Raspberry_Relieve1,,,40.216,0,5,100,-1,0,,,,,,00:03:47,0.66,0.000917,5.238013,,
2026-07-08T12:44:15.953,Raspberry_Relieve1,,,40.215,0,5,100,-1,0,,,,,,00:03:47,0.41,0.000575,5.238588,,
2026-07-08T12:44:16.453,Raspberry_Relieve1,,,40.215,0,5,100,-1,0,,,,,,00:03:48,0.59,0.000818,5.239406,,
2026-07-08T12:44:16.967,Raspberry_Relieve1,,,40.218,0,5,100,-1,0,,,,,,00:03:48,0.45,0.000623,5.24003,,
2026-07-08T12:44:17.467,Raspberry_Relieve1,,,40.218,0,5,100,-1,0,,,,,,00:03:49,0.59,0.000821,5.24085,,
2026-07-08T12:44:18.003,Raspberry_Relieve1,,,40.218,0,5,100,-1,0,,,,,,00:03:49,0.46,0.00064,5.24149,,
2026-07-08T12:44:18.503,Raspberry_Relieve1,,,40.218,0,5,100,-1,0,,,,,,00:03:50,0.67,0.000926,5.242416,,
2026-07-08T12:44:19.121,Raspberry_Relieve1,,,40.219,0,5,100,-1,0,,,,,,00:03:51,0.52,0.000728,5.243144,,
2026-07-08T12:44:19.661,Raspberry_Relieve1,,,40.219,0,5,100,-1,0,,,,,,00:03:51,0.49,0.000687,5.243831,,
2026-07-08T12:44:20.161,Raspberry_Relieve1,,,40.22,0,5,100,-1,0,,,,,,00:03:52,0.53,0.000739,5.244569,,
2026-07-08T12:44:20.681,Raspberry_Relieve1,,,40.22,0,5,100,-1,0,,,,,,00:03:52,0.51,0.000702,5.245271,,
2026-07-08T12:44:21.181,Raspberry_Relieve1,,,40.222,0,5,100,-1,0,,,,,,00:03:53,0.53,0.000739,5.246011,,
2026-07-08T12:44:21.721,Raspberry_Relieve1,,,40.222,0,5,100,-1,0,,,,,,00:03:53,0.5,0.000698,5.246709,,
2026-07-08T12:44:22.221,Raspberry_Relieve1,,,40.22,0,5,100,-1,0,,,,,,00:03:54,0.51,0.000714,5.247423,,
2026-07-08T12:44:22.726,Raspberry_Relieve1,,,40.22,0,5,100,-1,0,,,,,,00:03:55,1.55,0.002149,5.249572,,
2026-07-08T12:44:24.267,Raspberry_Relieve1,,,40.223,0,5,100,-1,0,,,,,,00:03:56,0.43,0.000595,5.250167,,
2026-07-08T12:44:24.767,Raspberry_Relieve1,,,40.223,0,5,100,-1,0,,,,,,00:03:56,0.53,0.000738,5.250905,,
2026-07-08T12:44:25.267,Raspberry_Relieve1,,,40.223,0,5,100,-1,0,,,,,,00:03:57,0.53,0.000731,5.251636,,
2026-07-08T12:44:25.768,Raspberry_Relieve1,,,40.223,0,5,100,-1,0,,,,,,00:03:57,0.43,0.000601,5.252236,,
2026-07-08T12:44:26.268,Raspberry_Relieve1,,,40.223,0,5,100,-1,0,,,,,,00:03:58,0.56,0.000777,5.253013,,
2026-07-08T12:44:26.768,Raspberry_Relieve1,,,40.223,0,5,100,-1,0,,,,,,00:03:58,0.52,0.000729,5.253742,,
2026-07-08T12:44:27.273,Raspberry_Relieve1,,,40.224,0,5,100,-1,0,,,,,,00:03:59,0.41,0.000572,5.254314,,
2026-07-08T12:44:27.773,Raspberry_Relieve1,,,40.224,0,5,100,-1,0,,,,,,00:03:59,0.6,0.000833,5.255147,,
2026-07-08T12:44:28.280,Raspberry_Relieve1,,,40.225,0,5,100,-1,0,,,,,,00:04:00,1.05,0.001459,5.256607,,
2026-07-08T12:44:29.332,Raspberry_Relieve1,,,40.225,0,5,100,-1,0,,,,,,00:04:01,0.51,0.000715,5.257321,,
2026-07-08T12:44:29.850,Raspberry_Relieve1,,,40.225,0,5,100,-1,0,,,,,,00:04:01,0.52,0.000722,5.258043,,
2026-07-08T12:44:30.377,Raspberry_Relieve1,,,40.226,0,5,100,-1,0,,,,,,00:04:02,0.45,0.000622,5.258665,,
2026-07-08T12:44:30.877,Raspberry_Relieve1,,,40.226,0,5,100,-1,0,,,,,,00:04:03,0.93,0.001292,5.259957,,
2026-07-08T12:44:31.743,Raspberry_Relieve1,,,40.227,0,5,100,-1,0,,,,,,00:04:03,0.46,0.000634,5.260591,,
2026-07-08T12:44:32.243,Raspberry_Relieve1,,,40.229,0,5,100,-1,0,,,,,,00:04:04,0.46,0.000639,5.26123,,
2026-07-08T12:44:32.744,Raspberry_Relieve1,,,40.229,0,5,100,-1,0,,,,,,00:04:04,0.59,0.000822,5.262052,,
2026-07-08T12:44:33.261,Raspberry_Relieve1,,,40.23,0,5,100,-1,0,,,,,,00:04:05,0.44,0.000607,5.262658,,
2026-07-08T12:44:33.761,Raspberry_Relieve1,,,40.23,0,5,100,-1,0,,,,,,00:04:05,0.54,0.000756,5.263414,,
2026-07-08T12:44:34.261,Raspberry_Relieve1,,,40.229,0,5,100,-1,0,,,,,,00:04:06,0.56,0.000784,5.264198,,
2026-07-08T12:44:34.797,Raspberry_Relieve1,,,40.229,0,5,100,-1,0,,,,,,00:04:06,0.44,0.000607,5.264805,,
2026-07-08T12:44:35.297,Raspberry_Relieve1,,,40.229,0,5,100,-1,0,,,,,,00:04:07,0.6,0.00083,5.265635,,
2026-07-08T12:44:35.833,Raspberry_Relieve1,,,40.229,0,5,100,-1,0,,,,,,00:04:07,0.5,0.000694,5.266329,,
2026-07-08T12:44:36.336,Raspberry_Relieve1,,,40.23,0,5,100,-1,0,,,,,,00:04:08,0.47,0.000646,5.266975,,
2026-07-08T12:44:36.837,Raspberry_Relieve1,,,40.23,0,5,100,-1,0,,,,,,00:04:08,0.53,0.000743,5.267718,,
2026-07-08T12:44:37.337,Raspberry_Relieve1,,,40.23,0,5,100,-1,0,,,,,,00:04:09,0.41,0.000568,5.268286,,
2026-07-08T12:44:37.837,Raspberry_Relieve1,,,40.23,0,5,100,-1,0,,,,,,00:04:09,0.61,0.000842,5.269128,,
2026-07-08T12:44:38.347,Raspberry_Relieve1,,,40.23,0,5,100,-1,0,,,,,,00:04:10,0.51,0.000714,5.269842,,
2026-07-08T12:44:38.863,Raspberry_Relieve1,,,40.23,0,5,100,-1,0,,,,,,00:04:10,0.42,0.000581,5.270423,,
2026-07-08T12:44:39.363,Raspberry_Relieve1,,,40.231,0,5,100,-1,0,,,,,,00:04:11,0.71,0.000983,5.271406,,
2026-07-08T12:44:40.006,Raspberry_Relieve1,,,40.23,0,5,100,-1,0,,,,,,00:04:11,0.49,0.000679,5.272085,,
2026-07-08T12:44:40.506,Raspberry_Relieve1,,,40.23,0,5,100,-1,0,,,,,,00:04:12,0.6,0.000831,5.272916,,
2026-07-08T12:44:41.123,Raspberry_Relieve1,,,40.232,0,5,100,-1,0,,,,,,00:04:13,0.73,0.001008,5.273924,,
2026-07-08T12:44:41.801,Raspberry_Relieve1,,,40.232,0,5,100,-1,0,,,,,,00:04:13,0.46,0.000638,5.274562,,
2026-07-08T12:44:42.301,Raspberry_Relieve1,,,40.231,0,5,100,-1,0,,,,,,00:04:14,0.46,0.000633,5.275195,,
2026-07-08T12:44:42.801,Raspberry_Relieve1,,,40.231,0,5,100,-1,0,,,,,,00:04:14,0.61,0.000854,5.276049,,
2026-07-08T12:44:43.337,Raspberry_Relieve1,,,40.232,0,5,100,-1,0,,,,,,00:04:15,0.57,0.000788,5.276837,,
2026-07-08T12:44:43.897,Raspberry_Relieve1,,,40.233,0,5,100,-1,0,,,,,,00:04:15,0.45,0.000624,5.277461,,
2026-07-08T12:44:44.397,Raspberry_Relieve1,,,40.233,0,5,100,-1,0,,,,,,00:04:16,0.58,0.000804,5.278265,,
2026-07-08T12:44:44.937,Raspberry_Relieve1,,,40.232,0,5,100,-1,0,,,,,,00:04:16,0.44,0.000608,5.278872,,
2026-07-08T12:44:45.437,Raspberry_Relieve1,,,40.232,0,5,100,-1,0,,,,,,00:04:17,0.57,0.000788,5.27966,,
2026-07-08T12:44:45.937,Raspberry_Relieve1,,,40.232,0,5,100,-1,0,,,,,,00:04:17,0.49,0.000678,5.280338,,
2026-07-08T12:44:46.437,Raspberry_Relieve1,,,40.232,0,5,100,-1,0,,,,,,00:04:18,0.5,0.000688,5.281026,,
2026-07-08T12:44:46.937,Raspberry_Relieve1,,,40.234,0,5,100,-1,0,,,,,,00:04:18,0.43,0.000597,5.281623,,
2026-07-08T12:44:47.437,Raspberry_Relieve1,,,40.234,0,5,100,-1,0,,,,,,00:04:19,0.62,0.000865,5.282488,,
2026-07-08T12:44:47.970,Raspberry_Relieve1,,,40.234,0,5,100,-1,0,,,,,,00:04:19,0.52,0.000722,5.28321,,
2026-07-08T12:44:48.496,Raspberry_Relieve1,,,40.234,0,5,100,-1,0,,,,,,00:04:20,0.51,0.00071,5.28392,,
2026-07-08T12:44:48.998,Raspberry_Relieve1,,,40.235,0,5,100,-1,0,,,,,,00:04:20,0.42,0.000581,5.284501,,
2026-07-08T12:44:49.498,Raspberry_Relieve1,,,40.235,0,5,100,-1,0,,,,,,00:04:21,0.49,0.000685,5.285186,,
2026-07-08T12:44:49.998,Raspberry_Relieve1,,,40.234,0,5,100,-1,0,,,,,,00:04:21,0.55,0.000764,5.28595,,
2026-07-08T12:44:50.498,Raspberry_Relieve1,,,40.234,0,5,100,-1,0,,,,,,00:04:22,0.57,0.000795,5.286746,,
2026-07-08T12:44:51.034,Raspberry_Relieve1,,,40.236,0,5,100,-1,0,,,,,,00:04:22,0.43,0.000602,5.287347,,
2026-07-08T12:44:51.534,Raspberry_Relieve1,,,40.236,0,5,100,-1,0,,,,,,00:04:23,0.5,0.000688,5.288035,,
2026-07-08T12:44:52.034,Raspberry_Relieve1,,,40.235,0,5,100,-1,0,,,,,,00:04:24,0.57,0.000786,5.288822,,
2026-07-08T12:44:52.534,Raspberry_Relieve1,,,40.235,0,5,100,-1,0,,,,,,00:04:24,0.54,0.000754,5.289575,,
2026-07-08T12:44:53.073,Raspberry_Relieve1,,,40.238,0,5,100,-1,0,,,,,,00:04:24,0.44,0.00061,5.290185,,
2026-07-08T12:44:53.573,Raspberry_Relieve1,,,40.238,0,5,100,-1,0,,,,,,00:04:25,0.55,0.000762,5.290947,,
2026-07-08T12:44:54.073,Raspberry_Relieve1,,,40.236,0,5,100,-1,0,,,,,,00:04:26,0.56,0.000777,5.291724,,
2026-07-08T12:44:54.623,Raspberry_Relieve1,,,40.236,0,5,100,-1,0,,,,,,00:04:26,0.48,0.00066,5.292384,,
2026-07-08T12:44:55.123,Raspberry_Relieve1,,,40.236,0,5,100,-1,0,,,,,,00:04:27,0.5,0.000693,5.293077,,
2026-07-08T12:44:55.623,Raspberry_Relieve1,,,40.236,0,5,100,-1,0,,,,,,00:04:27,0.57,0.000789,5.293866,,
2026-07-08T12:44:56.159,Raspberry_Relieve1,,,40.237,0,5,100,-1,0,,,,,,00:04:28,0.49,0.000682,5.294549,,
2026-07-08T12:44:56.659,Raspberry_Relieve1,,,40.237,0,5,100,-1,0,,,,,,00:04:28,0.58,0.000806,5.295355,,
2026-07-08T12:44:57.237,Raspberry_Relieve1,,,40.237,0,5,100,-1,0,,,,,,00:04:29,0.45,0.000621,5.295976,,
2026-07-08T12:44:57.737,Raspberry_Relieve1,,,40.237,0,5,100,-1,0,,,,,,00:04:29,0.53,0.000734,5.29671,,
2026-07-08T12:44:58.237,Raspberry_Relieve1,,,40.238,0,5,100,-1,0,,,,,,00:04:30,0.55,0.000765,5.297475,,
2026-07-08T12:44:58.763,Raspberry_Relieve1,,,40.238,0,5,100,-1,0,,,,,,00:04:30,0.49,0.000674,5.298149,,
2026-07-08T12:44:59.263,Raspberry_Relieve1,,,40.238,0,5,100,-1,0,,,,,,00:04:31,0.55,0.000762,5.298912,,
2026-07-08T12:44:59.790,Raspberry_Relieve1,,,40.238,0,5,100,-1,0,,,,,,00:04:31,0.51,0.000713,5.299625,,
2026-07-08T12:45:00.302,Raspberry_Relieve1,,,40.239,0,5,100,-1,0,,,,,,00:04:32,0.42,0.000578,5.300203,,
2026-07-08T12:45:00.802,Raspberry_Relieve1,,,40.239,0,5,100,-1,0,,,,,,00:04:32,0.62,0.00086,5.301063,,
2026-07-08T12:45:01.340,Raspberry_Relieve1,,,40.24,0,5,100,-1,0,,,,,,00:04:33,0.44,0.000614,5.301677,,
2026-07-08T12:45:01.840,Raspberry_Relieve1,,,40.24,0,5,100,-1,0,,,,,,00:04:33,0.67,0.000928,5.302605,,
2026-07-08T12:45:02.468,Raspberry_Relieve1,,,40.24,0,5,100,-1,0,,,,,,00:04:34,0.48,0.000663,5.303268,,
2026-07-08T12:45:02.968,Raspberry_Relieve1,,,40.238,0,5,100,-1,0,,,,,,00:04:34,0.56,0.000783,5.304052,,
2026-07-08T12:45:03.497,Raspberry_Relieve1,,,40.238,0,5,100,-1,0,,,,,,00:04:35,0.44,0.000607,5.304658,,
2026-07-08T12:45:03.997,Raspberry_Relieve1,,,40.239,0,5,100,-1,0,,,,,,00:04:36,0.62,0.000867,5.305525,,
2026-07-08T12:45:04.571,Raspberry_Relieve1,,,40.239,0,5,100,-1,0,,,,,,00:04:36,0.56,0.000778,5.306303,,
2026-07-08T12:45:05.270,Raspberry_Relieve1,,,40.24,0,5,100,-1,0,,,,,,00:04:37,0.61,0.000848,5.307151,,
2026-07-08T12:45:05.770,Raspberry_Relieve1,,,40.24,0,5,100,-1,0,,,,,,00:04:37,0.63,0.00088,5.308031,,
2026-07-08T12:45:06.363,Raspberry_Relieve1,,,40.239,0,5,100,-1,0,,,,,,00:04:38,0.48,0.000673,5.308704,,
2026-07-08T12:45:06.863,Raspberry_Relieve1,,,40.24,0,5,100,-1,0,,,,,,00:04:38,0.55,0.000761,5.309464,,
2026-07-08T12:45:07.391,Raspberry_Relieve1,,,40.24,0,5,100,-1,0,,,,,,00:04:39,0.61,0.000843,5.310307,,
2026-07-08T12:45:08.002,Raspberry_Relieve1,,,40.241,0,5,100,-1,0,,,,,,00:04:39,0.44,0.000616,5.310924,,
2026-07-08T12:45:08.503,Raspberry_Relieve1,,,40.241,0,5,100,-1,0,,,,,,00:04:40,0.58,0.000808,5.311732,,
2026-07-08T12:45:09.023,Raspberry_Relieve1,,,40.24,0,5,100,-1,0,,,,,,00:04:41,0.62,0.000861,5.312592,,
2026-07-08T12:45:09.643,Raspberry_Relieve1,,,40.24,0,5,100,-1,0,,,,,,00:04:41,0.68,0.00095,5.313542,,
2026-07-08T12:45:10.329,Raspberry_Relieve1,,,40.241,0,5,100,-1,0,,,,,,00:04:42,0.47,0.00065,5.314192,,
2026-07-08T12:45:10.829,Raspberry_Relieve1,,,40.241,0,5,100,-1,0,,,,,,00:04:42,0.57,0.000797,5.31499,,
2026-07-08T12:45:11.397,Raspberry_Relieve1,,,40.241,0,5,100,-1,0,,,,,,00:04:43,0.53,0.000743,5.315733,,
2026-07-08T12:45:11.993,Raspberry_Relieve1,,,40.241,0,5,100,-1,0,,,,,,00:04:43,0.53,0.000731,5.316464,,
2026-07-08T12:45:12.493,Raspberry_Relieve1,,,40.241,0,5,100,-1,0,,,,,,00:04:44,0.56,0.000777,5.317241,,
2026-07-08T12:45:13.027,Raspberry_Relieve1,,,40.24,0,5,100,-1,0,,,,,,00:04:45,0.58,0.0008,5.318041,,
2026-07-08T12:45:13.573,Raspberry_Relieve1,,,40.24,0,5,100,-1,0,,,,,,00:04:45,0.48,0.000662,5.318703,,
2026-07-08T12:45:14.073,Raspberry_Relieve1,,,40.239,0,5,100,-1,0,,,,,,00:04:45,0.48,0.000667,5.31937,,
2026-07-08T12:45:14.573,Raspberry_Relieve1,,,40.239,0,5,100,-1,0,,,,,,00:04:46,0.85,0.001176,5.320546,,
2026-07-08T12:45:15.384,Raspberry_Relieve1,,,40.242,0,5,100,-1,0,,,,,,00:04:47,0.51,0.000707,5.321254,,
2026-07-08T12:45:15.884,Raspberry_Relieve1,,,40.24,0,5,100,-1,0,,,,,,00:04:47,0.57,0.000797,5.32205,,
2026-07-08T12:45:16.452,Raspberry_Relieve1,,,40.24,0,5,100,-1,0,,,,,,00:04:48,0.49,0.000681,5.322731,,
2026-07-08T12:45:16.952,Raspberry_Relieve1,,,40.24,0,5,100,-1,0,,,,,,00:04:48,0.55,0.00076,5.323491,,
2026-07-08T12:45:17.510,Raspberry_Relieve1,,,40.24,0,5,100,-1,0,,,,,,00:04:49,0.51,0.000705,5.324196,,
2026-07-08T12:45:18.010,Raspberry_Relieve1,,,40.24,0,5,100,-1,0,,,,,,00:04:49,0.4,0.000558,5.324754,,
2026-07-08T12:45:18.510,Raspberry_Relieve1,,,40.24,0,5,100,-1,0,,,,,,00:04:50,0.62,0.00086,5.325614,,
2026-07-08T12:45:19.021,Raspberry_Relieve1,,,40.241,0,5,100,-1,0,,,,,,00:04:51,0.58,0.000805,5.326419,,
2026-07-08T12:45:19.600,Raspberry_Relieve1,,,40.241,0,5,100,-1,0,,,,,,00:04:51,0.47,0.000652,5.327071,,
2026-07-08T12:45:20.101,Raspberry_Relieve1,,,40.242,0,5,100,-1,0,,,,,,00:04:52,0.53,0.000733,5.327804,,
2026-07-08T12:45:20.601,Raspberry_Relieve1,,,40.242,0,5,100,-1,0,,,,,,00:04:52,0.66,0.00091,5.328714,,
2026-07-08T12:45:21.256,Raspberry_Relieve1,,,40.241,0,5,100,-1,0,,,,,,00:04:53,0.48,0.000673,5.329386,,
2026-07-08T12:45:21.756,Raspberry_Relieve1,,,40.241,0,5,100,-1,0,,,,,,00:04:53,0.53,0.000732,5.330118,,
2026-07-08T12:45:22.260,Raspberry_Relieve1,,,40.243,0,5,100,-1,0,,,,,,00:04:54,0.63,0.000873,5.330991,,
2026-07-08T12:45:22.892,Raspberry_Relieve1,,,40.242,0,5,100,-1,0,,,,,,00:04:54,0.51,0.000702,5.331694,,
2026-07-08T12:45:23.398,Raspberry_Relieve1,,,40.242,0,5,100,-1,0,,,,,,00:04:55,0.52,0.000719,5.332412,,
2026-07-08T12:45:23.932,Raspberry_Relieve1,,,40.243,0,5,100,-1,0,,,,,,00:04:55,0.53,0.000735,5.333147,,
2026-07-08T12:45:24.443,Raspberry_Relieve1,,,40.243,0,5,100,-1,0,,,,,,00:04:56,0.53,0.000743,5.33389,,
2026-07-08T12:45:25.002,Raspberry_Relieve1,,,40.242,0,5,100,-1,0,,,,,,00:04:56,0.46,0.000633,5.334523,,
2026-07-08T12:45:25.502,Raspberry_Relieve1,,,40.242,0,5,100,-1,0,,,,,,00:04:57,0.52,0.000718,5.335241,,
2026-07-08T12:45:26.002,Raspberry_Relieve1,,,40.241,0,5,100,-1,0,,,,,,00:04:57,0.57,0.000795,5.336036,,
2026-07-08T12:45:26.523,Raspberry_Relieve1,,,40.241,0,5,100,-1,0,,,,,,00:04:58,0.4,0.000555,5.336591,,
2026-07-08T12:45:27.023,Raspberry_Relieve1,,,40.242,0,5,100,-1,0,,,,,,00:04:58,0.58,0.000812,5.337403,,
2026-07-08T12:45:27.523,Raspberry_Relieve1,,,40.242,0,5,100,-1,0,,,,,,00:04:59,0.52,0.000719,5.338122,,
2026-07-08T12:45:28.023,Raspberry_Relieve1,,,40.243,0,5,100,-1,0,,,,,,00:05:00,0.57,0.000789,5.338911,,
2026-07-08T12:45:28.593,Raspberry_Relieve1,,,40.243,0,5,100,-1,0,,,,,,00:05:00,0.52,0.000719,5.33963,,
2026-07-08T12:45:29.110,Raspberry_Relieve1,,,40.243,0,5,100,-1,0,,,,,,00:05:01,0.45,0.00063,5.34026,,
2026-07-08T12:45:29.610,Raspberry_Relieve1,,,40.243,0,5,100,-1,0,,,,,,00:05:01,0.59,0.000824,5.341084,,
2026-07-08T12:45:30.162,Raspberry_Relieve1,,,40.242,0,5,100,-1,0,,,,,,00:05:02,0.5,0.0007,5.341784,,
2026-07-08T12:45:30.663,Raspberry_Relieve1,,,40.242,0,5,100,-1,0,,,,,,00:05:02,0.59,0.000816,5.3426,,
2026-07-08T12:45:31.253,Raspberry_Relieve1,,,40.244,0,5,100,-1,0,,,,,,00:05:03,0.48,0.000673,5.343273,,
2026-07-08T12:45:31.753,Raspberry_Relieve1,,,40.244,0,5,100,-1,0,,,,,,00:05:03,0.43,0.000596,5.343869,,
2026-07-08T12:45:32.253,Raspberry_Relieve1,,,40.243,0,5,100,-1,0,,,,,,00:05:04,0.6,0.000831,5.3447,,
2026-07-08T12:45:32.762,Raspberry_Relieve1,,,40.243,0,5,100,-1,0,,,,,,00:05:04,0.49,0.000674,5.345374,,
2026-07-08T12:45:33.295,Raspberry_Relieve1,,,40.243,0,5,100,-1,0,,,,,,00:05:05,0.53,0.000741,5.346115,,
2026-07-08T12:45:33.796,Raspberry_Relieve1,,,40.243,0,5,100,-1,0,,,,,,00:05:05,0.53,0.000734,5.346849,,
2026-07-08T12:45:34.443,Raspberry_Relieve1,,,40.243,0,5,100,-1,0,,,,,,00:05:06,0.61,0.000851,5.3477,,
2026-07-08T12:45:34.943,Raspberry_Relieve1,,,40.243,0,5,100,-1,0,,,,,,00:05:06,0.57,0.00079,5.34849,,
2026-07-08T12:45:35.512,Raspberry_Relieve1,,,40.243,0,5,100,-1,0,,,,,,00:05:07,0.49,0.000679,5.349168,,
2026-07-08T12:45:36.012,Raspberry_Relieve1,,,40.245,0,5,100,-1,0,,,,,,00:05:08,0.55,0.00076,5.349929,,
2026-07-08T12:45:36.523,Raspberry_Relieve1,,,40.245,0,5,100,-1,0,,,,,,00:05:08,0.6,0.00084,5.350769,,
2026-07-08T12:45:37.132,Raspberry_Relieve1,,,40.245,0,5,100,-1,0,,,,,,00:05:08,0.39,0.000547,5.351316,,
2026-07-08T12:45:37.632,Raspberry_Relieve1,,,40.245,0,5,100,-1,0,,,,,,00:05:09,0.63,0.000874,5.35219,,
2026-07-08T12:45:38.173,Raspberry_Relieve1,,,40.246,0,5,100,-1,0,,,,,,00:05:10,0.75,0.001035,5.353225,,
2026-07-08T12:45:38.900,Raspberry_Relieve1,,,40.247,0,5,100,-1,0,,,,,,00:05:10,0.43,0.000595,5.35382,,
2026-07-08T12:45:39.400,Raspberry_Relieve1,,,40.247,0,5,100,-1,0,,,,,,00:05:11,0.59,0.000813,5.354633,,
2026-07-08T12:45:39.927,Raspberry_Relieve1,,,40.244,0,5,100,-1,0,,,,,,00:05:11,0.55,0.000758,5.355391,,
2026-07-08T12:45:40.468,Raspberry_Relieve1,,,40.244,0,5,100,-1,0,,,,,,00:05:12,0.48,0.000671,5.356061,,
2026-07-08T12:45:40.968,Raspberry_Relieve1,,,40.243,0,5,100,-1,0,,,,,,00:05:12,0.53,0.000736,5.356797,,
2026-07-08T12:45:41.472,Raspberry_Relieve1,,,40.243,0,5,100,-1,0,,,,,,00:05:13,0.48,0.000666,5.357463,,
2026-07-08T12:45:42.033,Raspberry_Relieve1,,,40.245,0,5,100,-1,0,,,,,,00:05:15,1.82,0.002521,5.359984,,
2026-07-08T12:45:43.770,Raspberry_Relieve1,,,40.244,0,5,100,-1,0,,,,,,00:05:15,0.4,0.000553,5.360537,,
2026-07-08T12:45:44.270,Raspberry_Relieve1,,,40.242,0,5,100,-1,0,,,,,,00:05:16,0.51,0.00071,5.361246,,
2026-07-08T12:45:44.823,Raspberry_Relieve1,,,40.246,0,5,100,-1,0,,,,,,00:05:16,0.55,0.000769,5.362015,,
2026-07-08T12:45:45.323,Raspberry_Relieve1,,,40.246,0,5,100,-1,0,,,,,,00:05:17,0.55,0.000768,5.362783,,
2026-07-08T12:45:45.823,Raspberry_Relieve1,,,40.245,0,5,100,-1,0,,,,,,00:05:17,0.39,0.000539,5.363322,,
2026-07-08T12:45:46.323,Raspberry_Relieve1,,,40.245,0,5,100,-1,0,,,,,,00:05:18,0.6,0.000838,5.36416,,
2026-07-08T12:45:46.823,Raspberry_Relieve1,,,40.247,0,5,100,-1,0,,,,,,00:05:18,0.39,0.00054,5.3647,,
2026-07-08T12:45:47.323,Raspberry_Relieve1,,,40.247,0,5,100,-1,0,,,,,,00:05:19,0.63,0.000881,5.365581,,
2026-07-08T12:45:47.823,Raspberry_Relieve1,,,40.246,0,5,100,-1,0,,,,,,00:05:19,0.39,0.000547,5.366129,,
2026-07-08T12:45:48.324,Raspberry_Relieve1,,,40.246,0,5,100,-1,0,,,,,,00:05:20,0.57,0.000788,5.366916,,
2026-07-08T12:45:48.824,Raspberry_Relieve1,,,40.246,0,5,100,-1,0,,,,,,00:05:20,0.45,0.000619,5.367535,,
2026-07-08T12:45:49.324,Raspberry_Relieve1,,,40.246,0,5,100,-1,0,,,,,,00:05:21,0.58,0.0008,5.368336,,
2026-07-08T12:45:49.824,Raspberry_Relieve1,,,40.246,0,5,100,-1,0,,,,,,00:05:21,0.39,0.000535,5.368871,,
2026-07-08T12:45:50.324,Raspberry_Relieve1,,,40.246,0,5,100,-1,0,,,,,,00:05:22,0.64,0.000892,5.369763,,
2026-07-08T12:45:50.824,Raspberry_Relieve1,,,40.248,0,5,100,-1,0,,,,,,00:05:22,0.42,0.000585,5.370348,,
2026-07-08T12:45:51.324,Raspberry_Relieve1,,,40.248,0,5,100,-1,0,,,,,,00:05:23,0.43,0.000601,5.370948,,
2026-07-08T12:45:51.824,Raspberry_Relieve1,,,40.247,0,5,100,-1,0,,,,,,00:05:23,0.56,0.000782,5.371731,,
2026-07-08T12:45:52.324,Raspberry_Relieve1,,,40.247,0,5,100,-1,0,,,,,,00:05:24,0.59,0.000816,5.372547,,
2026-07-08T12:45:52.842,Raspberry_Relieve1,,,40.248,0,5,100,-1,0,,,,,,00:05:24,0.46,0.000637,5.373184,,
2026-07-08T12:45:53.342,Raspberry_Relieve1,,,40.248,0,5,100,-1,0,,,,,,00:05:25,0.47,0.00065,5.373835,,
2026-07-08T12:45:53.842,Raspberry_Relieve1,,,40.247,0,5,100,-1,0,,,,,,00:05:25,0.46,0.000645,5.37448,,
2026-07-08T12:45:54.342,Raspberry_Relieve1,,,40.247,0,5,100,-1,0,,,,,,00:05:26,0.58,0.000804,5.375283,,
2026-07-08T12:45:54.842,Raspberry_Relieve1,,,40.246,0,5,100,-1,0,,,,,,00:05:26,0.46,0.000635,5.375919,,
2026-07-08T12:45:55.342,Raspberry_Relieve1,,,40.246,0,5,100,-1,0,,,,,,00:05:27,0.51,0.000704,5.376623,,
2026-07-08T12:45:55.842,Raspberry_Relieve1,,,40.246,0,5,100,-1,0,,,,,,00:05:27,0.51,0.000711,5.377333,,
2026-07-08T12:45:56.343,Raspberry_Relieve1,,,40.246,0,5,100,-1,0,,,,,,00:05:28,0.51,0.000709,5.378042,,
2026-07-08T12:45:56.843,Raspberry_Relieve1,,,40.246,0,5,100,-1,0,,,,,,00:05:28,0.47,0.000659,5.378701,,
2026-07-08T12:45:57.343,Raspberry_Relieve1,,,40.246,0,5,100,-1,0,,,,,,00:05:29,0.45,0.000626,5.379327,,
2026-07-08T12:45:57.843,Raspberry_Relieve1,,,40.246,0,5,100,-1,0,,,,,,00:05:29,0.57,0.000786,5.380113,,
2026-07-08T12:45:58.343,Raspberry_Relieve1,,,40.246,0,5,100,-1,0,,,,,,00:05:30,0.49,0.000676,5.380789,,
2026-07-08T12:45:58.843,Raspberry_Relieve1,,,40.248,0,5,100,-1,0,,,,,,00:05:30,0.5,0.0007,5.381489,,
2026-07-08T12:45:59.343,Raspberry_Relieve1,,,40.248,0,5,100,-1,0,,,,,,00:05:31,0.51,0.000714,5.382203,,
2026-07-08T12:45:59.843,Raspberry_Relieve1,,,40.247,0,5,100,-1,0,,,,,,00:05:31,0.46,0.000642,5.382845,,
2026-07-08T12:46:00.343,Raspberry_Relieve1,,,40.247,0,5,100,-1,0,,,,,,00:05:32,0.53,0.000738,5.383584,,
2026-07-08T12:46:00.844,Raspberry_Relieve1,,,40.246,0,5,100,-1,0,,,,,,00:05:32,0.42,0.000583,5.384167,,
2026-07-08T14:33:41.133,Raspberry_Relieve1,,,40.05,0,0,100,-1,0,,,,,,00:00:00,,,0,,
2026-07-08T14:33:41.633,Raspberry_Relieve1,,,40.05,0,0,100,-1,0,,,,,,00:00:00,,,0,,
2026-07-08T14:33:42.133,Raspberry_Relieve1,,,40.05,0,0,100,-1,0,,,,,,00:00:01,0.51,0,0,,
2026-07-08T14:33:42.633,Raspberry_Relieve1,,,40.049,0,0,100,-1,0,,,,,,00:00:01,0.51,0,0,,
2026-07-08T14:33:43.134,Raspberry_Relieve1,,,40.049,0,0,100,-1,0,,,,,,00:00:02,0.51,0,0,,
2026-07-08T14:33:43.634,Raspberry_Relieve1,,,40.051,0,0,100,-1,0,,,,,,00:00:02,0.46,0,0,,
2026-07-08T14:33:44.134,Raspberry_Relieve1,,,40.051,0,0,100,-1,0,,,,,,00:00:02,0.49,0,0,,
2026-07-08T14:33:44.634,Raspberry_Relieve1,,,40.049,0,0,100,-1,0,,,,,,00:00:03,0.53,0,0,,
2026-07-08T14:33:45.134,Raspberry_Relieve1,,,40.049,0,0,100,-1,0,,,,,,00:00:04,0.49,0,0,,
2026-07-08T14:33:45.634,Raspberry_Relieve1,,,40.05,0,0,100,-1,0,,,,,,00:00:04,0.48,0,0,,
2026-07-08T14:33:46.134,Raspberry_Relieve1,,,40.05,0,0,100,-1,0,,,,,,00:00:04,0.47,0,0,,
2026-07-08T14:33:46.634,Raspberry_Relieve1,,,40.05,0,0,100,-1,0,,,,,,00:00:05,0.56,0,0,,
2026-07-08T14:33:47.134,Raspberry_Relieve1,,,40.05,0,0,100,-1,0,,,,,,00:00:06,0.51,0,0,,
2026-07-08T14:33:47.635,Raspberry_Relieve1,,,40.049,0,0,100,-1,0,,,,,,00:00:06,0.55,0,0,,
2026-07-08T14:33:48.135,Raspberry_Relieve1,,,40.049,0,0,100,-1,0,,,,,,00:00:07,0.43,0,0,,
2026-07-08T14:33:48.635,Raspberry_Relieve1,,,40.049,0,0,100,-1,0,,,,,,00:00:07,0.48,0,0,,
2026-07-08T14:33:49.135,Raspberry_Relieve1,,,40.049,0,0,100,-1,0,,,,,,00:00:07,0.46,0,0,,
2026-07-08T14:33:49.635,Raspberry_Relieve1,,,40.048,0,0,100,-1,0,,,,,,00:00:08,0.53,0,0,,
2026-07-08T14:33:50.135,Raspberry_Relieve1,,,40.048,0,0,100,-1,0,,,,,,00:00:08,0.47,0,0,,
2026-07-08T14:33:50.635,Raspberry_Relieve1,,,40.051,0,0,100,-1,0,,,,,,00:00:09,0.57,0,0,,
2026-07-08T14:33:51.135,Raspberry_Relieve1,,,40.051,0,0,100,-1,0,,,,,,00:00:10,0.48,0,0,,
2026-07-08T14:33:51.636,Raspberry_Relieve1,,,40.049,0,0,100,-1,0,,,,,,00:00:10,0.51,0,0,,
2026-07-08T14:33:52.136,Raspberry_Relieve1,,,40.049,0,0,100,-1,0,,,,,,00:00:10,0.43,0,0,,
2026-07-08T14:33:52.636,Raspberry_Relieve1,,,40.05,0,0,100,-1,0,,,,,,00:00:11,0.57,0,0,,
2026-07-08T14:33:53.136,Raspberry_Relieve1,,,40.05,0,0,100,-1,0,,,,,,00:00:12,0.53,0,0,,
2026-07-08T14:33:53.636,Raspberry_Relieve1,,,40.049,0,0,100,-1,0,,,,,,00:00:12,0.43,0,0,,
2026-07-08T14:33:54.136,Raspberry_Relieve1,,,40.049,0,0,100,-1,0,,,,,,00:00:13,0.55,0,0,,
2026-07-08T14:33:54.636,Raspberry_Relieve1,,,40.05,0,0,100,-1,0,,,,,,00:00:13,0.43,0,0,,
2026-07-08T14:33:55.136,Raspberry_Relieve1,,,40.05,0,0,100,-1,0,,,,,,00:00:14,0.56,0,0,,
2026-07-08T14:33:55.637,Raspberry_Relieve1,,,40.051,0,0,100,-1,0,,,,,,00:00:14,0.44,0,0,,
2026-07-08T14:33:56.137,Raspberry_Relieve1,,,40.051,0,0,100,-1,0,,,,,,00:00:14,0.5,0,0,,
2026-07-08T14:33:56.637,Raspberry_Relieve1,,,40.05,0,0,100,-1,0,,,,,,00:00:15,0.59,0,0,,
2026-07-08T14:33:57.137,Raspberry_Relieve1,,,40.05,0,0,100,-1,0,,,,,,00:00:15,0.41,0,0,,
2026-07-08T14:33:57.637,Raspberry_Relieve1,,,40.049,0,0,100,-1,0,,,,,,00:00:16,0.53,0,0,,
2026-07-08T14:33:58.137,Raspberry_Relieve1,,,40.049,0,0,100,-1,0,,,,,,00:00:16,0.48,0,0,,
2026-07-08T14:33:58.637,Raspberry_Relieve1,,,40.051,0,0,100,-1,0,,,,,,00:00:17,0.5,0,0,,
2026-07-08T14:33:59.137,Raspberry_Relieve1,,,40.051,0,0,100,-1,0,,,,,,00:00:18,0.54,0,0,,
2026-07-08T14:33:59.638,Raspberry_Relieve1,,,40.049,0,0,100,-1,0,,,,,,00:00:18,0.46,0,0,,
2026-07-08T14:34:00.138,Raspberry_Relieve1,,,40.049,0,0,100,-1,0,,,,,,00:00:19,0.54,0,0,,
2026-07-08T14:34:00.638,Raspberry_Relieve1,,,40.051,0,0,100,-1,0,,,,,,00:00:19,0.42,0,0,,
2026-07-08T14:34:01.138,Raspberry_Relieve1,,,40.051,0,0,100,-1,0,,,,,,00:00:19,0.48,0,0,,
2026-07-08T14:34:01.638,Raspberry_Relieve1,,,40.049,0,0,100,-1,0,,,,,,00:00:20,0.52,0,0,,
2026-07-08T14:34:02.138,Raspberry_Relieve1,,,40.049,0,0,100,-1,0,,,,,,00:00:21,0.6,0,0,,
2026-07-08T14:34:02.638,Raspberry_Relieve1,,,40.049,0,0,100,-1,0,,,,,,00:00:21,0.44,0,0,,
2026-07-08T14:34:03.138,Raspberry_Relieve1,,,40.049,0,0,100,-1,0,,,,,,00:00:22,0.53,0,0,,
2026-07-08T14:34:03.638,Raspberry_Relieve1,,,40.049,0,0,100,-1,0,,,,,,00:00:22,0.49,0,0,,
2026-07-08T14:34:04.138,Raspberry_Relieve1,,,40.049,0,0,100,-1,0,,,,,,00:00:22,0.45,0,0,,
2026-07-08T14:34:04.638,Raspberry_Relieve1,,,40.049,0,0,100,-1,0,,,,,,00:00:23,0.55,0,0,,
2026-07-08T14:34:05.139,Raspberry_Relieve1,,,40.049,0,0,100,-1,0,,,,,,00:00:24,0.53,0,0,,
2026-07-08T14:34:05.639,Raspberry_Relieve1,,,40.049,0,0,100,-1,0,,,,,,00:00:24,0.41,0,0,,
2026-07-08T14:34:06.139,Raspberry_Relieve1,,,40.049,0,0,100,-1,0,,,,,,00:00:25,0.61,0,0,,
2026-07-08T14:34:06.639,Raspberry_Relieve1,,,40.051,0,0,100,-1,0,,,,,,00:00:25,0.45,0,0,,
2026-07-08T14:34:07.139,Raspberry_Relieve1,,,40.051,0,0,100,-1,0,,,,,,00:00:26,0.53,0,0,,
2026-07-08T14:34:07.639,Raspberry_Relieve1,,,40.05,0,0,100,-1,0,,,,,,00:00:26,0.44,0,0,,
2026-07-08T14:34:08.139,Raspberry_Relieve1,,,40.05,0,0,100,-1,0,,,,,,00:00:26,0.49,0,0,,
2026-07-08T14:34:08.639,Raspberry_Relieve1,,,40.05,0,0,100,-1,0,,,,,,00:00:27,0.54,0,0,,
2026-07-08T14:34:09.139,Raspberry_Relieve1,,,40.05,0,0,100,-1,0,,,,,,00:00:28,0.53,0,0,,
2026-07-08T14:34:09.640,Raspberry_Relieve1,,,40.051,0,0,100,-1,0,,,,,,00:00:28,0.5,0,0,,
2026-07-08T14:34:10.140,Raspberry_Relieve1,,,40.051,0,0,100,-1,0,,,,,,00:00:29,0.48,0,0,,
2026-07-08T14:34:10.640,Raspberry_Relieve1,,,40.051,0,0,100,-1,0,,,,,,00:00:29,0.52,0,0,,
2026-07-08T14:34:11.140,Raspberry_Relieve1,,,40.051,0,0,100,-1,0,,,,,,00:00:29,0.43,0,0,,
2026-07-08T14:34:11.640,Raspberry_Relieve1,,,40.05,0,0,100,-1,0,,,,,,00:00:30,0.55,0,0,,
2026-07-08T14:34:12.140,Raspberry_Relieve1,,,40.05,0,0,100,-1,0,,,,,,00:00:31,0.57,0,0,,
2026-07-08T14:34:12.640,Raspberry_Relieve1,,,40.048,0,0,100,-1,0,,,,,,00:00:31,0.44,0,0,,
2026-07-08T14:34:13.141,Raspberry_Relieve1,,,40.048,0,0,100,-1,0,,,,,,00:00:31,0.45,0,0,,
2026-07-08T14:34:13.641,Raspberry_Relieve1,,,40.049,0,0,100,-1,0,,,,,,00:00:32,0.49,0,0,,
2026-07-08T14:34:14.141,Raspberry_Relieve1,,,40.049,0,0,100,-1,0,,,,,,00:00:33,0.59,0,0,,
2026-07-08T14:34:14.641,Raspberry_Relieve1,,,40.049,0,0,100,-1,0,,,,,,00:00:33,0.58,0,0,,
2026-07-08T14:34:15.141,Raspberry_Relieve1,,,40.049,0,0,100,-1,0,,,,,,00:00:34,0.39,0,0,,
2026-07-08T14:34:15.641,Raspberry_Relieve1,,,40.049,0,0,100,-1,0,,,,,,00:00:34,0.46,0,0,,
2026-07-08T14:34:16.141,Raspberry_Relieve1,,,40.049,0,0,100,-1,0,,,,,,00:00:34,0.51,0,0,,
2026-07-08T14:34:16.641,Raspberry_Relieve1,,,40.049,0,0,100,-1,0,,,,,,00:00:35,0.54,0,0,,
2026-07-08T14:34:17.141,Raspberry_Relieve1,,,40.049,0,0,100,-1,0,,,,,,00:00:36,0.49,0,0,,
2026-07-08T14:34:17.641,Raspberry_Relieve1,,,40.049,0,0,100,-1,0,,,,,,00:00:36,0.5,0,0,,
2026-07-08T14:34:18.142,Raspberry_Relieve1,,,40.049,0,0,100,-1,0,,,,,,00:00:37,0.6,0,0,,
2026-07-08T14:34:18.642,Raspberry_Relieve1,,,40.049,0,0,100,-1,0,,,,,,00:00:37,0.4,0,0,,
2026-07-08T14:34:19.142,Raspberry_Relieve1,,,40.049,0,0,100,-1,0,,,,,,00:00:37,0.46,0,0,,
2026-07-08T14:34:19.642,Raspberry_Relieve1,,,40.052,0,0,100,-1,0,,,,,,00:00:38,0.59,0,0,,
2026-07-08T14:34:20.142,Raspberry_Relieve1,,,40.052,0,0,100,-1,0,,,,,,00:00:39,0.49,0,0,,
2026-07-08T14:34:20.642,Raspberry_Relieve1,,,40.05,0,0,100,-1,0,,,,,,00:00:39,0.47,0,0,,
2026-07-08T14:34:21.142,Raspberry_Relieve1,,,40.05,0,0,100,-1,0,,,,,,00:00:40,0.52,0,0,,
2026-07-08T14:34:21.642,Raspberry_Relieve1,,,40.05,0,0,100,-1,0,,,,,,00:00:40,0.49,0,0,,
2026-07-08T14:34:22.143,Raspberry_Relieve1,,,40.05,0,0,100,-1,0,,,,,,00:00:40,0.44,0,0,,
2026-07-08T14:34:22.643,Raspberry_Relieve1,,,40.049,0,0,100,-1,0,,,,,,00:00:41,0.52,0,0,,
2026-07-08T14:34:23.143,Raspberry_Relieve1,,,40.049,0,0,100,-1,0,,,,,,00:00:41,0.48,0,0,,
2026-07-08T14:34:23.643,Raspberry_Relieve1,,,40.049,0,0,100,-1,0,,,,,,00:00:42,0.56,0,0,,
2026-07-08T14:34:24.143,Raspberry_Relieve1,,,40.049,0,0,100,-1,0,,,,,,00:00:43,0.48,0,0,,
2026-07-08T14:34:24.643,Raspberry_Relieve1,,,40.05,0,0,100,-1,0,,,,,,00:00:43,0.46,0,0,,
2026-07-08T14:34:25.143,Raspberry_Relieve1,,,40.05,0,0,100,-1,0,,,,,,00:00:44,0.61,0,0,,
2026-07-08T14:34:25.644,Raspberry_Relieve1,,,40.05,0,0,100,-1,0,,,,,,00:00:44,0.47,0,0,,
2026-07-08T14:34:26.144,Raspberry_Relieve1,,,40.048,0,0,100,-1,0,,,,,,00:00:45,0.45,0,0,,
2026-07-08T14:34:26.644,Raspberry_Relieve1,,,40.048,0,0,100,-1,0,,,,,,00:00:45,0.48,0,0,,
2026-07-08T14:34:27.144,Raspberry_Relieve1,,,40.048,0,0,100,-1,0,,,,,,00:00:46,0.57,0,0,,
2026-07-08T14:34:27.644,Raspberry_Relieve1,,,40.048,0,0,100,-1,0,,,,,,00:00:46,0.47,0,0,,
2026-07-08T14:34:28.144,Raspberry_Relieve1,,,40.049,0,0,100,-1,0,,,,,,00:00:46,0.43,0,0,,
2026-07-08T14:34:28.644,Raspberry_Relieve1,,,40.049,0,0,100,-1,0,,,,,,00:00:47,0.57,0,0,,
2026-07-08T14:34:29.144,Raspberry_Relieve1,,,40.051,0,0,100,-1,0,,,,,,00:00:48,0.5,0,0,,
2026-07-08T14:34:29.644,Raspberry_Relieve1,,,40.051,0,0,100,-1,0,,,,,,00:00:48,0.49,0,0,,
2026-07-08T14:34:30.145,Raspberry_Relieve1,,,40.049,0,0,100,-1,0,,,,,,00:00:49,0.5,0,0,,
2026-07-08T14:34:30.645,Raspberry_Relieve1,,,40.049,0,0,100,-1,0,,,,,,00:00:49,0.47,0,0,,
2026-07-08T14:34:31.145,Raspberry_Relieve1,,,40.048,0,0,100,-1,0,,,,,,00:00:50,0.52,0,0,,
2026-07-08T14:34:31.645,Raspberry_Relieve1,,,40.048,0,0,100,-1,0,,,,,,00:00:50,0.5,0,0,,
2026-07-08T14:34:32.145,Raspberry_Relieve1,,,40.048,0,0,100,-1,0,,,,,,00:00:50,0.46,0,0,,
2026-07-08T14:34:32.645,Raspberry_Relieve1,,,40.048,0,0,100,-1,0,,,,,,00:00:51,0.48,0,0,,
2026-07-08T14:34:33.145,Raspberry_Relieve1,,,40.048,0,0,100,-1,0,,,,,,00:00:52,0.57,0,0,,
2026-07-08T14:34:33.645,Raspberry_Relieve1,,,40.048,0,0,100,-1,0,,,,,,00:00:52,0.46,0,0,,
2026-07-08T14:34:34.145,Raspberry_Relieve1,,,40.048,0,0,100,-1,0,,,,,,00:00:52,0.48,0,0,,
2026-07-08T14:34:34.646,Raspberry_Relieve1,,,40.048,0,0,100,-1,0,,,,,,00:00:53,0.55,0,0,,
2026-07-08T14:34:35.146,Raspberry_Relieve1,,,40.048,0,0,100,-1,0,,,,,,00:00:53,0.45,0,0,,
2026-07-08T14:34:35.646,Raspberry_Relieve1,,,40.048,0,0,100,-1,0,,,,,,00:00:54,0.57,0,0,,
2026-07-08T14:34:36.146,Raspberry_Relieve1,,,40.046,0,0,100,-1,0,,,,,,00:00:55,0.52,0,0,,
2026-07-08T14:34:36.646,Raspberry_Relieve1,,,40.046,0,0,100,-1,0,,,,,,00:00:55,0.42,0,0,,
2026-07-08T14:34:37.146,Raspberry_Relieve1,,,40.047,0,0,100,-1,0,,,,,,00:00:56,0.55,0,0,,
2026-07-08T14:34:37.646,Raspberry_Relieve1,,,40.047,0,0,100,-1,0,,,,,,00:00:56,0.48,0,0,,
2026-07-08T14:34:38.146,Raspberry_Relieve1,,,40.048,0,0,100,-1,0,,,,,,00:00:57,0.54,0,0,,
2026-07-08T14:34:38.646,Raspberry_Relieve1,,,40.048,0,0,100,-1,0,,,,,,00:00:57,0.43,0,0,,
2026-07-08T14:34:39.147,Raspberry_Relieve1,,,40.048,0,0,100,-1,0,,,,,,00:00:58,0.52,0,0,,
2026-07-08T14:34:39.647,Raspberry_Relieve1,,,40.048,0,0,100,-1,0,,,,,,00:00:58,0.51,0,0,,
2026-07-08T14:34:40.147,Raspberry_Relieve1,,,40.048,0,0,100,-1,0,,,,,,00:00:59,0.54,0,0,,
2026-07-08T14:34:40.647,Raspberry_Relieve1,,,40.048,0,0,100,-1,0,,,,,,00:00:59,0.51,0,0,,
2026-07-08T14:34:41.147,Raspberry_Relieve1,,,40.048,0,0,100,-1,0,,,,,,00:01:00,0.48,0,0,,
2026-07-08T14:34:41.647,Raspberry_Relieve1,,,40.048,0,0,100,-1,0,,,,,,00:01:00,0.44,0,0,,
2026-07-08T14:34:42.147,Raspberry_Relieve1,,,40.048,0,0,100,-1,0,,,,,,00:01:00,0.5,0,0,,
2026-07-08T14:34:42.647,Raspberry_Relieve1,,,40.048,0,0,100,-1,0,,,,,,00:01:01,0.53,0,0,,
2026-07-08T14:34:43.148,Raspberry_Relieve1,,,40.049,0,0,100,-1,0,,,,,,00:01:02,0.52,0,0,,
2026-07-08T14:34:43.648,Raspberry_Relieve1,,,40.049,0,0,100,-1,0,,,,,,00:01:02,0.5,0,0,,
2026-07-08T14:34:44.148,Raspberry_Relieve1,,,40.049,0,0,100,-1,0,,,,,,00:01:03,0.51,0,0,,
2026-07-08T14:34:44.648,Raspberry_Relieve1,,,40.049,0,0,100,-1,0,,,,,,00:01:03,0.47,0,0,,
2026-07-08T14:34:45.148,Raspberry_Relieve1,,,40.049,0,0,100,-1,0,,,,,,00:01:03,0.49,0,0,,
2026-07-08T14:34:45.648,Raspberry_Relieve1,,,40.049,0,0,100,-1,0,,,,,,00:01:04,0.56,0,0,,
2026-07-08T14:34:46.148,Raspberry_Relieve1,,,40.047,0,0,100,-1,0,,,,,,00:01:04,0.41,0,0,,
2026-07-08T14:34:46.648,Raspberry_Relieve1,,,40.047,0,0,100,-1,0,,,,,,00:01:05,0.55,0,0,,
2026-07-08T14:34:47.148,Raspberry_Relieve1,,,40.048,0,0,100,-1,0,,,,,,00:01:05,0.45,0,0,,
2026-07-08T14:34:47.649,Raspberry_Relieve1,,,40.048,0,0,100,-1,0,,,,,,00:01:06,0.57,0,0,,
2026-07-08T14:34:48.149,Raspberry_Relieve1,,,40.049,0,0,100,-1,0,,,,,,00:01:07,0.5,0,0,,
2026-07-08T14:34:48.649,Raspberry_Relieve1,,,40.049,0,0,100,-1,0,,,,,,00:01:07,0.45,0,0,,
2026-07-08T14:34:49.149,Raspberry_Relieve1,,,40.048,0,0,100,-1,0,,,,,,00:01:08,0.53,0,0,,
2026-07-08T14:34:49.649,Raspberry_Relieve1,,,40.048,0,0,100,-1,0,,,,,,00:01:08,0.47,0,0,,
2026-07-08T14:34:50.149,Raspberry_Relieve1,,,40.047,0,0,100,-1,0,,,,,,00:01:08,0.49,0,0,,
2026-07-08T14:34:50.649,Raspberry_Relieve1,,,40.047,0,0,100,-1,0,,,,,,00:01:09,0.55,0,0,,
2026-07-08T14:34:51.149,Raspberry_Relieve1,,,40.048,0,0,100,-1,0,,,,,,00:01:09,0.43,0,0,,
2026-07-08T14:34:51.649,Raspberry_Relieve1,,,40.048,0,0,100,-1,0,,,,,,00:01:10,0.5,0,0,,
2026-07-08T14:34:52.150,Raspberry_Relieve1,,,40.047,0,0,100,-1,0,,,,,,00:01:11,0.56,0,0,,
2026-07-08T14:34:52.650,Raspberry_Relieve1,,,40.047,0,0,100,-1,0,,,,,,00:01:11,0.44,0,0,,
2026-07-08T14:34:53.150,Raspberry_Relieve1,,,40.049,0,0,100,-1,0,,,,,,00:01:12,0.56,0,0,,
2026-07-08T14:34:53.650,Raspberry_Relieve1,,,40.049,0,0,100,-1,0,,,,,,00:01:12,0.48,0,0,,
2026-07-08T14:34:54.150,Raspberry_Relieve1,,,40.048,0,0,100,-1,0,,,,,,00:01:13,0.52,0,0,,
2026-07-08T14:34:54.650,Raspberry_Relieve1,,,40.048,0,0,100,-1,0,,,,,,00:01:13,0.47,0,0,,
2026-07-08T14:34:55.150,Raspberry_Relieve1,,,40.049,0,0,100,-1,0,,,,,,00:01:14,0.49,0,0,,
2026-07-08T14:34:55.650,Raspberry_Relieve1,,,40.049,0,0,100,-1,0,,,,,,00:01:14,0.53,0,0,,
2026-07-08T14:34:56.150,Raspberry_Relieve1,,,40.049,0,0,100,-1,0,,,,,,00:01:15,0.51,0,0,,
2026-07-08T14:34:56.650,Raspberry_Relieve1,,,40.049,0,0,100,-1,0,,,,,,00:01:15,0.55,0,0,,
2026-07-08T14:34:57.151,Raspberry_Relieve1,,,40.048,0,0,100,-1,0,,,,,,00:01:16,0.45,0,0,,
2026-07-08T14:34:57.651,Raspberry_Relieve1,,,40.048,0,0,100,-1,0,,,,,,00:01:16,0.52,0,0,,
2026-07-08T14:34:58.151,Raspberry_Relieve1,,,40.048,0,0,100,-1,0,,,,,,00:01:17,0.47,0,0,,
2026-07-08T14:34:58.651,Raspberry_Relieve1,,,40.048,0,0,100,-1,0,,,,,,00:01:17,0.5,0,0,,
2026-07-08T14:34:59.151,Raspberry_Relieve1,,,40.049,0,0,100,-1,0,,,,,,00:01:18,0.58,0,0,,
2026-07-08T14:34:59.651,Raspberry_Relieve1,,,40.049,0,0,100,-1,0,,,,,,00:01:18,0.43,0,0,,
2026-07-08T14:35:00.151,Raspberry_Relieve1,,,40.049,0,0,100,-1,0,,,,,,00:01:19,0.49,0,0,,
2026-07-08T14:35:00.651,Raspberry_Relieve1,,,40.049,0,0,100,-1,0,,,,,,00:01:19,0.5,0,0,,
2026-07-08T14:35:01.151,Raspberry_Relieve1,,,40.045,0,0,100,-1,0,,,,,,00:01:20,0.51,0,0,,
2026-07-08T14:35:01.652,Raspberry_Relieve1,,,40.045,0,0,100,-1,0,,,,,,00:01:20,0.49,0,0,,
2026-07-08T14:35:02.152,Raspberry_Relieve1,,,40.048,0,0,100,-1,0,,,,,,00:01:21,0.49,0,0,,
2026-07-08T14:35:02.652,Raspberry_Relieve1,,,40.048,0,0,100,-1,0,,,,,,00:01:21,0.57,0,0,,
2026-07-08T14:35:03.152,Raspberry_Relieve1,,,40.048,0,0,100,-1,0,,,,,,00:01:22,0.47,0,0,,
2026-07-08T14:35:03.652,Raspberry_Relieve1,,,40.048,0,0,100,-1,0,,,,,,00:01:22,0.51,0,0,,
2026-07-08T14:35:04.152,Raspberry_Relieve1,,,40.048,0,0,100,-1,0,,,,,,00:01:23,0.51,0,0,,
2026-07-08T14:35:04.652,Raspberry_Relieve1,,,40.048,0,0,100,-1,0,,,,,,00:01:23,0.41,0,0,,
2026-07-08T14:35:05.152,Raspberry_Relieve1,,,40.046,0,0,100,-1,0,,,,,,00:01:23,0.49,0,0,,
2026-07-08T14:35:05.653,Raspberry_Relieve1,,,40.046,0,0,100,-1,0,,,,,,00:01:24,0.57,0,0,,
2026-07-08T14:35:06.153,Raspberry_Relieve1,,,40.046,0,0,100,-1,0,,,,,,00:01:24,0.45,0,0,,
2026-07-08T14:35:06.653,Raspberry_Relieve1,,,40.046,0,0,100,-1,0,,,,,,00:01:25,0.55,0,0,,
2026-07-08T14:35:07.153,Raspberry_Relieve1,,,40.048,0,0,100,-1,0,,,,,,00:01:25,0.45,0,0,,
2026-07-08T14:35:07.653,Raspberry_Relieve1,,,40.048,0,0,100,-1,0,,,,,,00:01:26,0.49,0,0,,
2026-07-08T14:35:08.153,Raspberry_Relieve1,,,40.046,0,0,100,-1,0,,,,,,00:01:27,0.6,0,0,,
2026-07-08T14:35:08.653,Raspberry_Relieve1,,,40.046,0,0,100,-1,0,,,,,,00:01:27,0.45,0,0,,
2026-07-08T14:35:09.153,Raspberry_Relieve1,,,40.048,0,0,100,-1,0,,,,,,00:01:28,0.54,0,0,,
2026-07-08T14:35:09.654,Raspberry_Relieve1,,,40.048,0,0,100,-1,0,,,,,,00:01:28,0.48,0,0,,
2026-07-08T14:35:10.154,Raspberry_Relieve1,,,40.048,0,0,100,-1,0,,,,,,00:01:29,0.5,0,0,,
2026-07-08T14:35:10.654,Raspberry_Relieve1,,,40.048,0,0,100,-1,0,,,,,,00:01:29,0.47,0,0,,
2026-07-08T14:35:11.154,Raspberry_Relieve1,,,40.047,0,0,100,-1,0,,,,,,00:01:30,0.52,0,0,,
2026-07-08T14:35:11.654,Raspberry_Relieve1,,,40.047,0,0,100,-1,0,,,,,,00:01:30,0.43,0,0,,
2026-07-08T14:35:12.154,Raspberry_Relieve1,,,40.049,0,0,100,-1,0,,,,,,00:01:31,0.56,0,0,,
2026-07-08T14:35:12.655,Raspberry_Relieve1,,,40.049,0,0,100,-1,0,,,,,,00:01:31,0.5,0,0,,
2026-07-08T14:35:13.155,Raspberry_Relieve1,,,40.047,0,0,100,-1,0,,,,,,00:01:32,0.53,0,0,,
2026-07-08T14:35:13.655,Raspberry_Relieve1,,,40.047,0,0,100,-1,0,,,,,,00:01:32,0.43,0,0,,
2026-07-08T14:35:14.155,Raspberry_Relieve1,,,40.048,0,0,100,-1,0,,,,,,00:01:33,0.55,0,0,,
2026-07-08T14:35:14.655,Raspberry_Relieve1,,,40.048,0,0,100,-1,0,,,,,,00:01:33,0.52,0,0,,
2026-07-08T14:35:15.155,Raspberry_Relieve1,,,40.047,0,0,100,-1,0,,,,,,00:01:33,0.43,0,0,,
2026-07-08T14:35:15.655,Raspberry_Relieve1,,,40.047,0,0,100,-1,0,,,,,,00:01:34,0.49,0,0,,
2026-07-08T14:35:16.155,Raspberry_Relieve1,,,40.046,0,0,100,-1,0,,,,,,00:01:34,0.51,0,0,,
2026-07-08T14:35:16.656,Raspberry_Relieve1,,,40.046,0,0,100,-1,0,,,,,,00:01:35,0.54,0,0,,
2026-07-08T14:35:17.156,Raspberry_Relieve1,,,40.047,0,0,100,-1,0,,,,,,00:01:36,0.51,0,0,,
2026-07-08T14:35:17.656,Raspberry_Relieve1,,,40.047,0,0,100,-1,0,,,,,,00:01:36,0.48,0,0,,
2026-07-08T14:35:18.156,Raspberry_Relieve1,,,40.045,0,0,100,-1,0,,,,,,00:01:36,0.47,0,0,,
2026-07-08T14:35:18.656,Raspberry_Relieve1,,,40.045,0,0,100,-1,0,,,,,,00:01:37,0.57,0,0,,
2026-07-08T14:35:19.156,Raspberry_Relieve1,,,40.047,0,0,100,-1,0,,,,,,00:01:38,0.48,0,0,,
2026-07-08T14:35:19.656,Raspberry_Relieve1,,,40.047,0,0,100,-1,0,,,,,,00:01:38,0.52,0,0,,
2026-07-08T14:35:20.156,Raspberry_Relieve1,,,40.048,0,0,100,-1,0,,,,,,00:01:39,0.45,0,0,,
2026-07-08T14:35:20.656,Raspberry_Relieve1,,,40.048,0,0,100,-1,0,,,,,,00:01:39,0.53,0,0,,
2026-07-08T14:35:21.157,Raspberry_Relieve1,,,40.048,0,0,100,-1,0,,,,,,00:01:40,0.51,0,0,,
2026-07-08T14:35:21.657,Raspberry_Relieve1,,,40.048,0,0,100,-1,0,,,,,,00:01:40,0.48,0,0,,
2026-07-08T14:35:22.157,Raspberry_Relieve1,,,40.045,0,0,100,-1,0,,,,,,00:01:41,0.52,0,0,,
2026-07-08T14:35:22.657,Raspberry_Relieve1,,,40.045,0,0,100,-1,0,,,,,,00:01:41,0.47,0,0,,
2026-07-08T14:35:23.157,Raspberry_Relieve1,,,40.045,0,0,100,-1,0,,,,,,00:01:41,0.47,0,0,,
2026-07-08T14:35:23.657,Raspberry_Relieve1,,,40.045,0,0,100,-1,0,,,,,,00:01:42,0.57,0,0,,
2026-07-08T14:35:24.158,Raspberry_Relieve1,,,40.045,0,0,100,-1,0,,,,,,00:01:43,0.46,0,0,,
2026-07-08T14:35:24.658,Raspberry_Relieve1,,,40.045,0,0,100,-1,0,,,,,,00:01:43,0.56,0,0,,
2026-07-08T14:35:25.158,Raspberry_Relieve1,,,40.047,0,0,100,-1,0,,,,,,00:01:43,0.4,0,0,,
2026-07-08T14:35:25.658,Raspberry_Relieve1,,,40.047,0,0,100,-1,0,,,,,,00:01:44,0.51,0,0,,
2026-07-08T14:35:26.158,Raspberry_Relieve1,,,40.046,0,0,100,-1,0,,,,,,00:01:45,0.63,0,0,,
2026-07-08T14:35:26.658,Raspberry_Relieve1,,,40.046,0,0,100,-1,0,,,,,,00:01:45,0.41,0,0,,
2026-07-08T14:35:27.158,Raspberry_Relieve1,,,40.046,0,0,100,-1,0,,,,,,00:01:46,0.51,0,0,,
2026-07-08T14:35:27.658,Raspberry_Relieve1,,,40.046,0,0,100,-1,0,,,,,,00:01:46,0.5,0,0,,
2026-07-08T14:35:28.159,Raspberry_Relieve1,,,40.047,0,0,100,-1,0,,,,,,00:01:47,0.48,0,0,,
2026-07-08T14:35:28.659,Raspberry_Relieve1,,,40.047,0,0,100,-1,0,,,,,,00:01:47,0.53,0,0,,
2026-07-08T14:35:29.159,Raspberry_Relieve1,,,40.046,0,0,100,-1,0,,,,,,00:01:48,0.51,0,0,,
2026-07-08T14:35:29.659,Raspberry_Relieve1,,,40.046,0,0,100,-1,0,,,,,,00:01:48,0.49,0,0,,
2026-07-08T14:35:30.159,Raspberry_Relieve1,,,40.047,0,0,100,-1,0,,,,,,00:01:48,0.44,0,0,,
2026-07-08T14:35:30.659,Raspberry_Relieve1,,,40.047,0,0,100,-1,0,,,,,,00:01:49,0.55,0,0,,
2026-07-08T14:35:31.159,Raspberry_Relieve1,,,40.045,0,0,100,-1,0,,,,,,00:01:50,0.48,0,0,,
2026-07-08T14:35:31.660,Raspberry_Relieve1,,,40.045,0,0,100,-1,0,,,,,,00:01:50,0.51,0,0,,
2026-07-08T14:35:32.160,Raspberry_Relieve1,,,40.046,0,0,100,-1,0,,,,,,00:01:51,0.52,0,0,,
2026-07-08T14:35:32.660,Raspberry_Relieve1,,,40.046,0,0,100,-1,0,,,,,,00:01:51,0.47,0,0,,
2026-07-08T14:35:33.160,Raspberry_Relieve1,,,40.045,0,0,100,-1,0,,,,,,00:01:52,0.52,0,0,,
2026-07-08T14:35:33.660,Raspberry_Relieve1,,,40.045,0,0,100,-1,0,,,,,,00:01:52,0.53,0,0,,
2026-07-08T14:35:34.160,Raspberry_Relieve1,,,40.046,0,0,100,-1,0,,,,,,00:01:53,0.55,0,0,,
2026-07-08T14:35:34.660,Raspberry_Relieve1,,,40.046,0,0,100,-1,0,,,,,,00:01:53,0.37,0,0,,
2026-07-08T14:35:35.160,Raspberry_Relieve1,,,40.046,0,0,100,-1,0,,,,,,00:01:54,0.53,0,0,,
2026-07-08T14:35:35.661,Raspberry_Relieve1,,,40.046,0,0,100,-1,0,,,,,,00:01:54,0.53,0,0,,
2026-07-08T14:35:36.161,Raspberry_Relieve1,,,40.045,0,0,100,-1,0,,,,,,00:01:55,0.52,0,0,,
2026-07-08T14:35:36.661,Raspberry_Relieve1,,,40.045,0,0,100,-1,0,,,,,,00:01:55,0.51,0,0,,
2026-07-08T14:35:37.161,Raspberry_Relieve1,,,40.046,0,0,100,-1,0,,,,,,00:01:56,0.48,0,0,,
2026-07-08T14:35:37.661,Raspberry_Relieve1,,,40.046,0,0,100,-1,0,,,,,,00:01:56,0.47,0,0,,
2026-07-08T14:35:38.161,Raspberry_Relieve1,,,40.047,0,0,100,-1,0,,,,,,00:01:57,0.53,0,0,,
2026-07-08T14:35:38.662,Raspberry_Relieve1,,,40.047,0,0,100,-1,0,,,,,,00:01:57,0.45,0,0,,
2026-07-08T14:35:39.162,Raspberry_Relieve1,,,40.046,0,0,100,-1,0,,,,,,00:01:57,0.49,0,0,,
2026-07-08T14:35:39.662,Raspberry_Relieve1,,,40.046,0,0,100,-1,0,,,,,,00:01:58,0.5,0,0,,
2026-07-08T14:35:40.162,Raspberry_Relieve1,,,40.046,0,0,100,-1,0,,,,,,00:01:59,0.57,0,0,,
2026-07-08T14:35:40.662,Raspberry_Relieve1,,,40.046,0,0,100,-1,0,,,,,,00:01:59,0.48,0,0,,
2026-07-08T14:35:41.162,Raspberry_Relieve1,,,40.046,0,0,100,-1,0,,,,,,00:02:00,0.54,0,0,,
2026-07-08T14:35:41.662,Raspberry_Relieve1,,,40.046,0,0,100,-1,0,,,,,,00:02:00,0.47,0,0,,
2026-07-08T14:35:42.162,Raspberry_Relieve1,,,40.046,0,0,100,-1,0,,,,,,00:02:01,0.53,0,0,,
2026-07-08T14:35:42.663,Raspberry_Relieve1,,,40.046,0,0,100,-1,0,,,,,,00:02:01,0.5,0,0,,
2026-07-08T14:35:43.163,Raspberry_Relieve1,,,40.045,0,0,100,-1,0,,,,,,00:02:02,0.54,0,0,,
2026-07-08T14:35:43.663,Raspberry_Relieve1,,,40.045,0,0,100,-1,0,,,,,,00:02:02,0.41,0,0,,
2026-07-08T14:35:44.163,Raspberry_Relieve1,,,40.047,0,0,100,-1,0,,,,,,00:02:03,1.33,0,0,,
2026-07-08T14:35:45.371,Raspberry_Relieve1,,,40.048,0,0,100,-1,0,,,,,,00:02:04,0.41,0,0,,
2026-07-08T14:35:45.872,Raspberry_Relieve1,,,40.048,0,0,100,-1,0,,,,,,00:02:04,0.48,0,0,,
2026-07-08T14:35:46.372,Raspberry_Relieve1,,,40.045,0,0,100,-1,0,,,,,,00:02:05,0.49,0,0,,
2026-07-08T14:35:46.872,Raspberry_Relieve1,,,40.045,0,0,100,-1,0,,,,,,00:02:05,0.5,0,0,,
2026-07-08T14:35:47.372,Raspberry_Relieve1,,,40.046,0,0,100,-1,0,,,,,,00:02:06,0.49,0,0,,
2026-07-08T14:35:47.872,Raspberry_Relieve1,,,40.046,0,0,100,-1,0,,,,,,00:02:06,0.51,0,0,,
2026-07-08T14:35:48.372,Raspberry_Relieve1,,,40.046,0,0,100,-1,0,,,,,,00:02:07,0.52,0,0,,
2026-07-08T14:35:48.872,Raspberry_Relieve1,,,40.046,0,0,100,-1,0,,,,,,00:02:07,0.48,0,0,,
2026-07-08T14:35:49.372,Raspberry_Relieve1,,,40.046,0,0,100,-1,0,,,,,,00:02:08,0.45,0,0,,
2026-07-08T14:35:49.873,Raspberry_Relieve1,,,40.046,0,0,100,-1,0,,,,,,00:02:08,0.55,0,0,,
2026-07-08T14:35:50.373,Raspberry_Relieve1,,,39.926,3.125,125,100,-1,0,,,,,,00:02:09,0.51,0.008854,0.008854,,
2026-07-08T14:35:50.873,Raspberry_Relieve1,,,39.926,3.125,125,100,-1,0,,,,,,00:02:09,0.53,0.018533,0.027387,,
2026-07-08T14:35:51.373,Raspberry_Relieve1,,,40.038,0.175,7,100,-1,0,,,,,,00:02:10,0.52,0.009593,0.03698,,
2026-07-08T14:35:51.873,Raspberry_Relieve1,,,40.038,0.175,7,100,-1,0,,,,,,00:02:10,0.45,0.000883,0.037863,,
2026-07-08T14:35:52.373,Raspberry_Relieve1,,,40.04,0,7,100,-1,0,,,,,,00:02:11,0.42,0.000819,0.038681,,
2026-07-08T14:35:52.873,Raspberry_Relieve1,,,40.04,0,7,100,-1,0,,,,,,00:02:11,0.59,0.001155,0.039836,,
2026-07-08T14:35:53.373,Raspberry_Relieve1,,,40.041,0,7,100,-1,0,,,,,,00:02:12,0.42,0.000817,0.040653,,
2026-07-08T14:35:53.874,Raspberry_Relieve1,,,40.041,0,7,100,-1,0,,,,,,00:02:12,0.53,0.001027,0.04168,,
2026-07-08T14:35:54.374,Raspberry_Relieve1,,,40.042,0,7,100,-1,0,,,,,,00:02:13,0.54,0.001049,0.042729,,
2026-07-08T14:35:54.874,Raspberry_Relieve1,,,40.042,0,7,100,-1,0,,,,,,00:02:13,0.46,0.000902,0.043631,,
2026-07-08T14:35:55.374,Raspberry_Relieve1,,,40.042,0,7,100,-1,0,,,,,,00:02:14,0.46,0.000889,0.04452,,
2026-07-08T14:35:55.874,Raspberry_Relieve1,,,40.042,0,7,100,-1,0,,,,,,00:02:14,0.5,0.000975,0.045494,,
2026-07-08T14:35:56.374,Raspberry_Relieve1,,,40.043,0,7,100,-1,0,,,,,,00:02:15,0.57,0.001108,0.046602,,
2026-07-08T14:35:56.874,Raspberry_Relieve1,,,40.043,0,7,100,-1,0,,,,,,00:02:15,0.45,0.000872,0.047473,,
2026-07-08T14:35:57.374,Raspberry_Relieve1,,,40.042,0,7,100,-1,0,,,,,,00:02:16,0.59,0.001152,0.048626,,
2026-07-08T14:35:57.874,Raspberry_Relieve1,,,40.042,0,7,100,-1,0,,,,,,00:02:16,0.51,0.000984,0.04961,,
2026-07-08T14:35:58.374,Raspberry_Relieve1,,,40.042,0,7,100,-1,0,,,,,,00:02:17,0.48,0.000927,0.050537,,
2026-07-08T14:35:58.875,Raspberry_Relieve1,,,40.042,0,7,100,-1,0,,,,,,00:02:17,0.46,0.000897,0.051434,,
2026-07-08T14:35:59.375,Raspberry_Relieve1,,,40.042,0,7,100,-1,0,,,,,,00:02:18,0.47,0.000907,0.052341,,
2026-07-08T14:35:59.875,Raspberry_Relieve1,,,40.042,0,7,100,-1,0,,,,,,00:02:18,0.5,0.00097,0.053311,,
2026-07-08T14:36:00.375,Raspberry_Relieve1,,,40.041,0,7,100,-1,0,,,,,,00:02:19,0.54,0.001041,0.054352,,
2026-07-08T14:36:00.875,Raspberry_Relieve1,,,40.041,0,7,100,-1,0,,,,,,00:02:19,0.46,0.000894,0.055246,,
2026-07-08T14:36:01.375,Raspberry_Relieve1,,,40.041,0,7,100,-1,0,,,,,,00:02:20,0.52,0.001008,0.056254,,
2026-07-08T14:36:01.875,Raspberry_Relieve1,,,40.041,0,7,100,-1,0,,,,,,00:02:20,0.46,0.000893,0.057147,,
2026-07-08T14:36:02.375,Raspberry_Relieve1,,,40.041,0,7,100,-1,0,,,,,,00:02:21,0.58,0.00112,0.058267,,
2026-07-08T14:36:02.875,Raspberry_Relieve1,,,40.041,0,7,100,-1,0,,,,,,00:02:21,0.43,0.000832,0.059099,,
2026-07-08T14:36:03.375,Raspberry_Relieve1,,,40.042,0,7,100,-1,0,,,,,,00:02:22,0.57,0.001102,0.060201,,
2026-07-08T14:36:03.876,Raspberry_Relieve1,,,40.042,0,7,100,-1,0,,,,,,00:02:22,0.58,0.001119,0.061319,,
2026-07-08T14:36:04.376,Raspberry_Relieve1,,,40.04,0,7,100,-1,0,,,,,,00:02:23,0.37,0.000728,0.062048,,
2026-07-08T14:36:04.876,Raspberry_Relieve1,,,40.04,0,7,100,-1,0,,,,,,00:02:23,0.55,0.001071,0.063119,,
2026-07-08T14:36:05.376,Raspberry_Relieve1,,,40.04,0,7,100,-1,0,,,,,,00:02:24,0.5,0.000972,0.064091,,
2026-07-08T14:36:05.876,Raspberry_Relieve1,,,40.04,0,7,100,-1,0,,,,,,00:02:24,0.5,0.000977,0.065069,,
2026-07-08T14:36:06.376,Raspberry_Relieve1,,,40.04,0,7,100,-1,0,,,,,,00:02:25,0.5,0.000969,0.066038,,
2026-07-08T14:36:06.876,Raspberry_Relieve1,,,40.04,0,7,100,-1,0,,,,,,00:02:25,0.44,0.000856,0.066894,,
2026-07-08T14:36:07.376,Raspberry_Relieve1,,,40.041,0,7,100,-1,0,,,,,,00:02:26,0.51,0.000995,0.067889,,
2026-07-08T14:36:07.876,Raspberry_Relieve1,,,40.041,0,7,100,-1,0,,,,,,00:02:26,0.55,0.001073,0.068962,,
2026-07-08T14:36:08.376,Raspberry_Relieve1,,,40.041,0,7,100,-1,0,,,,,,00:02:27,0.53,0.001027,0.069989,,
2026-07-08T14:36:08.877,Raspberry_Relieve1,,,40.041,0,7,100,-1,0,,,,,,00:02:27,0.42,0.000815,0.070804,,
2026-07-08T14:36:09.377,Raspberry_Relieve1,,,40.042,0,7,100,-1,0,,,,,,00:02:28,0.58,0.001135,0.071939,,
2026-07-08T14:36:09.877,Raspberry_Relieve1,,,40.042,0,7,100,-1,0,,,,,,00:02:28,0.47,0.000908,0.072847,,
2026-07-08T14:36:10.377,Raspberry_Relieve1,,,40.042,0,7,100,-1,0,,,,,,00:02:29,0.5,0.00097,0.073817,,
2026-07-08T14:36:10.877,Raspberry_Relieve1,,,40.042,0,7,100,-1,0,,,,,,00:02:29,0.5,0.000981,0.074798,,
2026-07-08T14:36:11.377,Raspberry_Relieve1,,,40.029,0,7,100,-1,0,,,,,,00:02:30,0.45,0.000866,0.075664,,
2026-07-08T14:36:11.877,Raspberry_Relieve1,,,40.029,0,7,100,-1,0,,,,,,00:02:30,0.6,0.00116,0.076823,,
2026-07-08T14:36:12.377,Raspberry_Relieve1,,,40.04,0,7,100,-1,0,,,,,,00:02:31,0.47,0.00092,0.077743,,
2026-07-08T14:36:12.877,Raspberry_Relieve1,,,40.04,0,7,100,-1,0,,,,,,00:02:31,0.48,0.000929,0.078672,,
2026-07-08T14:36:13.378,Raspberry_Relieve1,,,40.035,0,7,100,-1,0,,,,,,00:02:32,0.51,0.000998,0.07967,,
2026-07-08T14:36:13.878,Raspberry_Relieve1,,,40.035,0,7,100,-1,0,,,,,,00:02:32,0.48,0.000931,0.0806,,
2026-07-08T14:36:14.378,Raspberry_Relieve1,,,40.038,0,7,100,-1,0,,,,,,00:02:33,0.46,0.000892,0.081493,,
2026-07-08T14:36:14.878,Raspberry_Relieve1,,,40.038,0,7,100,-1,0,,,,,,00:02:33,0.53,0.001036,0.082529,,
2026-07-08T14:36:15.378,Raspberry_Relieve1,,,40.039,0,7,100,-1,0,,,,,,00:02:34,0.55,0.00106,0.083589,,
2026-07-08T14:36:15.878,Raspberry_Relieve1,,,40.039,0,7,100,-1,0,,,,,,00:02:34,0.52,0.001013,0.084602,,
2026-07-08T14:36:16.378,Raspberry_Relieve1,,,40.041,0,7,100,-1,0,,,,,,00:02:35,0.39,0.000761,0.085363,,
2026-07-08T14:36:16.878,Raspberry_Relieve1,,,40.041,0,7,100,-1,0,,,,,,00:02:35,0.51,0.000998,0.086361,,
2026-07-08T14:36:17.379,Raspberry_Relieve1,,,40.043,0,7,100,-1,0,,,,,,00:02:36,0.56,0.001096,0.087458,,
2026-07-08T14:36:17.879,Raspberry_Relieve1,,,40.043,0,7,100,-1,0,,,,,,00:02:36,0.48,0.000939,0.088397,,
2026-07-08T14:36:18.379,Raspberry_Relieve1,,,40.044,0,7,100,-1,0,,,,,,00:02:37,0.5,0.000978,0.089376,,
2026-07-08T14:36:18.879,Raspberry_Relieve1,,,40.044,0,7,100,-1,0,,,,,,00:02:37,0.53,0.001034,0.090409,,
2026-07-08T14:36:19.379,Raspberry_Relieve1,,,40.044,0,7,100,-1,0,,,,,,00:02:38,0.41,0.000789,0.091198,,
2026-07-08T14:36:19.879,Raspberry_Relieve1,,,40.044,0,7,100,-1,0,,,,,,00:02:38,0.55,0.001067,0.092265,,
2026-07-08T14:36:20.379,Raspberry_Relieve1,,,40.045,0,7,100,-1,0,,,,,,00:02:39,0.52,0.001006,0.093271,,
2026-07-08T14:36:20.879,Raspberry_Relieve1,,,40.045,0,7,100,-1,0,,,,,,00:02:39,0.48,0.000925,0.094196,,
2026-07-08T14:36:21.379,Raspberry_Relieve1,,,40.044,0,7,100,-1,0,,,,,,00:02:40,0.54,0.001049,0.095245,,
2026-07-08T14:36:21.880,Raspberry_Relieve1,,,40.044,0,7,100,-1,0,,,,,,00:02:40,0.46,0.000891,0.096136,,
2026-07-08T14:36:22.380,Raspberry_Relieve1,,,40.043,0,7,100,-1,0,,,,,,00:02:41,0.47,0.000904,0.097041,,
2026-07-08T14:36:22.880,Raspberry_Relieve1,,,40.043,0,7,100,-1,0,,,,,,00:02:41,0.57,0.001102,0.098143,,
2026-07-08T14:36:23.380,Raspberry_Relieve1,,,40.043,0,7,100,-1,0,,,,,,00:02:42,0.5,0.000966,0.099108,,
2026-07-08T14:36:23.880,Raspberry_Relieve1,,,40.043,0,7,100,-1,0,,,,,,00:02:42,0.46,0.00089,0.099998,,
2026-07-08T14:36:24.380,Raspberry_Relieve1,,,40.043,0,7,100,-1,0,,,,,,00:02:43,0.56,0.001082,0.10108,,
2026-07-08T14:36:24.880,Raspberry_Relieve1,,,40.043,0,7,100,-1,0,,,,,,00:02:43,0.49,0.000959,0.102039,,
2026-07-08T14:36:25.380,Raspberry_Relieve1,,,40.043,0,7,100,-1,0,,,,,,00:02:44,0.44,0.000859,0.102898,,
2026-07-08T14:36:25.880,Raspberry_Relieve1,,,40.043,0,7,100,-1,0,,,,,,00:02:44,0.49,0.000957,0.103855,,
2026-07-08T14:36:26.381,Raspberry_Relieve1,,,40.044,0,7,100,-1,0,,,,,,00:02:45,0.5,0.000969,0.104825,,
2026-07-08T14:36:26.881,Raspberry_Relieve1,,,40.044,0,7,100,-1,0,,,,,,00:02:45,0.58,0.00113,0.105954,,
2026-07-08T14:36:27.381,Raspberry_Relieve1,,,40.043,0,7,100,-1,0,,,,,,00:02:46,0.46,0.000899,0.106854,,
2026-07-08T14:36:27.881,Raspberry_Relieve1,,,40.043,0,7,100,-1,0,,,,,,00:02:46,0.53,0.001022,0.107875,,
2026-07-08T14:36:28.381,Raspberry_Relieve1,,,40.043,0,7,100,-1,0,,,,,,00:02:47,0.45,0.000868,0.108744,,
2026-07-08T14:36:28.881,Raspberry_Relieve1,,,40.043,0,7,100,-1,0,,,,,,00:02:47,0.69,0.001345,0.110089,,
2026-07-08T14:36:29.418,Raspberry_Relieve1,,,40.044,0,7,100,-1,0,,,,,,00:02:48,0.33,0.000649,0.110738,,
2026-07-08T14:36:29.918,Raspberry_Relieve1,,,40.043,0,7,100,-1,0,,,,,,00:02:48,0.57,0.001114,0.111851,,
2026-07-08T14:36:30.418,Raspberry_Relieve1,,,40.043,0,7,100,-1,0,,,,,,00:02:49,0.49,0.000944,0.112795,,
2026-07-08T14:36:30.918,Raspberry_Relieve1,,,40.042,0,7,100,-1,0,,,,,,00:02:49,0.49,0.000947,0.113742,,
2026-07-08T14:36:31.418,Raspberry_Relieve1,,,40.042,0,7,100,-1,0,,,,,,00:02:50,0.45,0.000883,0.114624,,
2026-07-08T14:36:31.918,Raspberry_Relieve1,,,40.041,0,7,100,-1,0,,,,,,00:02:50,0.57,0.001103,0.115727,,
2026-07-08T14:36:32.418,Raspberry_Relieve1,,,40.041,0,7,100,-1,0,,,,,,00:02:51,0.48,0.000938,0.116666,,
2026-07-08T14:36:32.918,Raspberry_Relieve1,,,40.042,0,7,100,-1,0,,,,,,00:02:51,0.5,0.000975,0.117641,,
2026-07-08T14:36:33.419,Raspberry_Relieve1,,,40.042,0,7,100,-1,0,,,,,,00:02:52,0.54,0.001048,0.118689,,
2026-07-08T14:36:33.919,Raspberry_Relieve1,,,40.042,0,7,100,-1,0,,,,,,00:02:52,0.41,0.000795,0.119484,,
2026-07-08T14:36:34.419,Raspberry_Relieve1,,,40.042,0,7,100,-1,0,,,,,,00:02:53,0.56,0.001097,0.120581,,
2026-07-08T14:36:34.919,Raspberry_Relieve1,,,40.042,0,7,100,-1,0,,,,,,00:02:53,0.47,0.000911,0.121492,,
2026-07-08T14:36:35.419,Raspberry_Relieve1,,,40.042,0,7,100,-1,0,,,,,,00:02:54,0.47,0.00092,0.122412,,
2026-07-08T14:36:35.919,Raspberry_Relieve1,,,40.042,0,7,100,-1,0,,,,,,00:02:54,0.57,0.001107,0.123519,,
2026-07-08T14:36:36.419,Raspberry_Relieve1,,,40.042,0,7,100,-1,0,,,,,,00:02:55,0.5,0.000968,0.124487,,
2026-07-08T14:36:36.919,Raspberry_Relieve1,,,40.042,0,7,100,-1,0,,,,,,00:02:55,0.5,0.000964,0.125451,,
2026-07-08T14:36:37.419,Raspberry_Relieve1,,,40.042,0,7,100,-1,0,,,,,,00:02:56,0.44,0.000854,0.126305,,
2026-07-08T14:36:37.920,Raspberry_Relieve1,,,40.043,0,7,100,-1,0,,,,,,00:02:56,0.5,0.000966,0.127271,,
2026-07-08T14:36:38.420,Raspberry_Relieve1,,,40.043,0,7,100,-1,0,,,,,,00:02:57,0.5,0.000973,0.128244,,
2026-07-08T14:36:38.920,Raspberry_Relieve1,,,40.043,0,7,100,-1,0,,,,,,00:02:57,0.54,0.001052,0.129296,,
2026-07-08T14:36:39.420,Raspberry_Relieve1,,,40.043,0,7,100,-1,0,,,,,,00:02:58,0.54,0.001042,0.130337,,
2026-07-08T14:36:39.920,Raspberry_Relieve1,,,40.043,0,7,100,-1,0,,,,,,00:02:58,0.43,0.000828,0.131165,,
2026-07-08T14:36:40.420,Raspberry_Relieve1,,,40.043,0,7,100,-1,0,,,,,,00:02:59,0.57,0.001117,0.132283,,
2026-07-08T14:36:40.920,Raspberry_Relieve1,,,40.042,0,7,100,-1,0,,,,,,00:02:59,0.48,0.000938,0.133221,,
2026-07-08T14:36:41.420,Raspberry_Relieve1,,,40.042,0,7,100,-1,0,,,,,,00:03:00,0.5,0.000972,0.134193,,
2026-07-08T14:36:41.921,Raspberry_Relieve1,,,40.044,0,7,100,-1,0,,,,,,00:03:00,0.57,0.001114,0.135307,,
2026-07-08T14:36:42.421,Raspberry_Relieve1,,,40.044,0,7,100,-1,0,,,,,,00:03:01,0.39,0.000768,0.136075,,
2026-07-08T14:36:42.921,Raspberry_Relieve1,,,40.043,0,7,100,-1,0,,,,,,00:03:01,0.46,0.000903,0.136978,,
2026-07-08T14:36:43.421,Raspberry_Relieve1,,,40.043,0,7,100,-1,0,,,,,,00:03:02,0.56,0.001084,0.138062,,
2026-07-08T14:36:43.921,Raspberry_Relieve1,,,40.042,0,7,100,-1,0,,,,,,00:03:02,0.52,0.001006,0.139069,,
2026-07-08T14:36:44.421,Raspberry_Relieve1,,,40.042,0,7,100,-1,0,,,,,,00:03:03,0.52,0.001002,0.140071,,
2026-07-08T14:36:44.921,Raspberry_Relieve1,,,40.042,0,7,100,-1,0,,,,,,00:03:03,0.52,0.001015,0.141086,,
2026-07-08T14:36:45.421,Raspberry_Relieve1,,,40.042,0,7,100,-1,0,,,,,,00:03:04,0.46,0.000903,0.14199,,
2026-07-08T14:36:45.921,Raspberry_Relieve1,,,40.042,0,7,100,-1,0,,,,,,00:03:04,0.46,0.000901,0.142891,,
2026-07-08T14:36:46.421,Raspberry_Relieve1,,,40.042,0,7,100,-1,0,,,,,,00:03:05,0.48,0.000933,0.143824,,
2026-07-08T14:36:46.922,Raspberry_Relieve1,,,40.043,0,7,100,-1,0,,,,,,00:03:05,0.56,0.001084,0.144908,,
2026-07-08T14:36:47.422,Raspberry_Relieve1,,,40.043,0,7,100,-1,0,,,,,,00:03:06,0.44,0.000853,0.145761,,
2026-07-08T14:36:47.922,Raspberry_Relieve1,,,39.876,3.084,123,100,-1,0,,,,,,00:03:06,0.54,0.009786,0.155547,,
2026-07-08T14:36:48.422,Raspberry_Relieve1,,,39.876,3.084,123,100,-1,0,,,,,,00:03:07,0.43,0.014838,0.170385,,
2026-07-08T14:36:48.922,Raspberry_Relieve1,,,39.945,0.69,28,100,-1,0,,,,,,00:03:07,0.58,0.012269,0.182654,,
2026-07-08T14:36:49.422,Raspberry_Relieve1,,,39.945,0.69,28,100,-1,0,,,,,,00:03:08,0.48,0.003731,0.186385,,
2026-07-08T14:36:49.922,Raspberry_Relieve1,,,39.966,0.482,19,100,-1,0,,,,,,00:03:08,0.45,0.002934,0.189319,,
2026-07-08T14:36:50.422,Raspberry_Relieve1,,,39.966,0.482,19,100,-1,0,,,,,,00:03:09,0.59,0.003092,0.19241,,
2026-07-08T14:36:50.922,Raspberry_Relieve1,,,39.967,0.465,19,100,-1,0,,,,,,00:03:09,0.43,0.002275,0.194686,,
2026-07-08T14:36:51.423,Raspberry_Relieve1,,,39.967,0.465,19,100,-1,0,,,,,,00:03:10,0.48,0.002543,0.197228,,
2026-07-08T14:36:51.923,Raspberry_Relieve1,,,39.965,0.467,19,100,-1,0,,,,,,00:03:10,0.54,0.002866,0.200094,,
2026-07-08T14:36:52.423,Raspberry_Relieve1,,,39.965,0.467,19,100,-1,0,,,,,,00:03:11,0.46,0.00243,0.202525,,
2026-07-08T14:36:52.923,Raspberry_Relieve1,,,39.966,0.466,19,100,-1,0,,,,,,00:03:11,0.51,0.002672,0.205197,,
2026-07-08T14:36:53.423,Raspberry_Relieve1,,,39.966,0.466,19,100,-1,0,,,,,,00:03:12,0.55,0.00288,0.208076,,
2026-07-08T14:36:53.923,Raspberry_Relieve1,,,39.966,0.461,18,100,-1,0,,,,,,00:03:12,0.65,0.003342,0.211418,,
2026-07-08T14:36:54.498,Raspberry_Relieve1,,,39.966,0.461,18,100,-1,0,,,,,,00:03:13,0.44,0.002193,0.213611,,
2026-07-08T14:36:54.998,Raspberry_Relieve1,,,39.965,0.464,19,100,-1,0,,,,,,00:03:13,0.47,0.002434,0.216045,,
2026-07-08T14:36:55.498,Raspberry_Relieve1,,,39.965,0.464,19,100,-1,0,,,,,,00:03:14,0.52,0.002765,0.21881,,
2026-07-08T14:36:55.998,Raspberry_Relieve1,,,39.965,0.461,18,100,-1,0,,,,,,00:03:14,0.5,0.002567,0.221377,,
2026-07-08T14:36:56.498,Raspberry_Relieve1,,,39.965,0.461,18,100,-1,0,,,,,,00:03:15,0.45,0.002226,0.223602,,
2026-07-08T14:36:56.998,Raspberry_Relieve1,,,39.964,0.466,19,100,-1,0,,,,,,00:03:15,0.57,0.002904,0.226506,,
2026-07-08T14:36:57.499,Raspberry_Relieve1,,,39.964,0.466,19,100,-1,0,,,,,,00:03:16,0.42,0.002233,0.228739,,
2026-07-08T14:36:57.999,Raspberry_Relieve1,,,39.964,0.469,19,100,-1,0,,,,,,00:03:16,0.56,0.002937,0.231675,,
2026-07-08T14:36:58.499,Raspberry_Relieve1,,,39.964,0.469,19,100,-1,0,,,,,,00:03:17,0.53,0.002779,0.234454,,
2026-07-08T14:36:58.999,Raspberry_Relieve1,,,39.964,0.462,18,100,-1,0,,,,,,00:03:17,0.52,0.002692,0.237146,,
2026-07-08T14:36:59.499,Raspberry_Relieve1,,,39.964,0.462,18,100,-1,0,,,,,,00:03:18,0.46,0.0023,0.239446,,
2026-07-08T14:36:59.999,Raspberry_Relieve1,,,39.963,0.467,19,100,-1,0,,,,,,00:03:18,0.5,0.002568,0.242014,,
2026-07-08T14:37:00.499,Raspberry_Relieve1,,,39.963,0.467,19,100,-1,0,,,,,,00:03:19,0.5,0.002619,0.244633,,
2026-07-08T14:37:00.999,Raspberry_Relieve1,,,39.962,0.468,19,100,-1,0,,,,,,00:03:19,0.44,0.00233,0.246962,,
2026-07-08T14:37:01.499,Raspberry_Relieve1,,,39.962,0.468,19,100,-1,0,,,,,,00:03:20,0.55,0.002921,0.249883,,
2026-07-08T14:37:01.999,Raspberry_Relieve1,,,39.963,0.464,19,100,-1,0,,,,,,00:03:20,0.52,0.00273,0.252614,,
2026-07-08T14:37:02.500,Raspberry_Relieve1,,,39.963,0.464,19,100,-1,0,,,,,,00:03:21,0.47,0.002496,0.255109,,
2026-07-08T14:37:02.999,Raspberry_Relieve1,,,39.963,0.464,19,100,-1,0,,,,,,00:03:21,0.44,0.002341,0.257451,,
2026-07-08T14:37:03.500,Raspberry_Relieve1,,,39.962,0.46,18,100,-1,0,,,,,,00:03:22,0.49,0.002542,0.259992,,
2026-07-08T14:37:03.999,Raspberry_Relieve1,,,39.934,0.578,23,100,-1,0,,,,,,00:03:22,0.57,0.003251,0.263244,,
2026-07-08T14:37:04.500,Raspberry_Relieve1,,,39.934,0.578,23,100,-1,0,,,,,,00:03:23,0.5,0.003199,0.266442,,
2026-07-08T14:37:05.000,Raspberry_Relieve1,,,39.958,0.693,28,100,-1,0,,,,,,00:03:23,0.46,0.003269,0.269711,,
2026-07-08T14:37:05.500,Raspberry_Relieve1,,,39.958,0.693,28,100,-1,0,,,,,,00:03:24,0.54,0.004199,0.27391,,
2026-07-08T14:37:06.000,Raspberry_Relieve1,,,38.803,7.912,307,100,-1,0,,,,,,00:03:24,0.44,0.020357,0.294267,,
2026-07-08T14:37:06.500,Raspberry_Relieve1,,,38.803,7.912,307,100,-1,0,,,,,,00:03:25,0.51,0.043148,0.337415,,
2026-07-08T14:37:07.001,Raspberry_Relieve1,,,38.177,12.561,480,100,-1,0,,,,,,00:03:25,0.58,0.062989,0.400404,,
2026-07-08T14:37:07.501,Raspberry_Relieve1,,,38.177,12.561,480,100,-1,0,,,,,,00:03:26,0.43,0.057165,0.457568,,
2026-07-08T14:37:08.001,Raspberry_Relieve1,,,38.977,7.778,303,100,-1,0,,,,,,00:03:26,0.55,0.059978,0.517546,,
2026-07-08T14:37:08.501,Raspberry_Relieve1,,,38.977,7.778,303,100,-1,0,,,,,,00:03:27,0.45,0.0378,0.555346,,
2026-07-08T14:37:09.001,Raspberry_Relieve1,,,39.337,3.518,138,100,-1,0,,,,,,00:03:27,0.5,0.030425,0.585771,,
2026-07-08T14:37:09.501,Raspberry_Relieve1,,,39.337,3.518,138,100,-1,0,,,,,,00:03:28,0.54,0.020712,0.606482,,
2026-07-08T14:37:10.001,Raspberry_Relieve1,,,38.91,7.77,302,100,-1,0,,,,,,00:03:28,0.52,0.031718,0.638201,,
2026-07-08T14:37:10.501,Raspberry_Relieve1,,,38.91,7.77,302,100,-1,0,,,,,,00:03:29,0.5,0.041679,0.679879,,
2026-07-08T14:37:11.002,Raspberry_Relieve1,,,39.122,6.389,250,100,-1,0,,,,,,00:03:29,0.5,0.038637,0.718517,,
2026-07-08T14:37:11.502,Raspberry_Relieve1,,,39.122,6.389,250,100,-1,0,,,,,,00:03:30,0.49,0.034266,0.752782,,
2026-07-08T14:37:12.002,Raspberry_Relieve1,,,38.866,7.498,291,100,-1,0,,,,,,00:03:30,0.48,0.036411,0.789193,,
2026-07-08T14:37:12.502,Raspberry_Relieve1,,,38.866,7.498,291,100,-1,0,,,,,,00:03:31,0.5,0.040414,0.829607,,
2026-07-08T14:37:13.002,Raspberry_Relieve1,,,37.796,14.238,538,100,-1,0,,,,,,00:03:31,0.46,0.05239,0.881997,,
2026-07-08T14:37:13.502,Raspberry_Relieve1,,,37.796,14.238,538,100,-1,0,,,,,,00:03:32,0.56,0.083289,0.965286,,
2026-07-08T14:37:14.002,Raspberry_Relieve1,,,38.21,13.654,522,100,-1,0,,,,,,00:03:32,0.57,0.083804,1.04909,,
2026-07-08T14:37:14.503,Raspberry_Relieve1,,,38.21,13.654,522,100,-1,0,,,,,,00:03:33,0.5,0.072881,1.121971,,
2026-07-08T14:37:15.003,Raspberry_Relieve1,,,38.687,8.339,323,100,-1,0,,,,,,00:03:33,0.37,0.043558,1.165529,,
2026-07-08T14:37:15.503,Raspberry_Relieve1,,,38.687,8.339,323,100,-1,0,,,,,,00:03:34,0.57,0.050845,1.216374,,
2026-07-08T14:37:16.003,Raspberry_Relieve1,,,37.721,16.489,622,100,-1,0,,,,,,00:03:34,0.47,0.061552,1.277925,,
2026-07-08T14:37:16.503,Raspberry_Relieve1,,,37.721,16.489,622,100,-1,0,,,,,,00:03:35,0.47,0.081482,1.359408,,
2026-07-08T14:37:17.003,Raspberry_Relieve1,,,37.943,13.924,528,100,-1,0,,,,,,00:03:35,0.48,0.076846,1.436254,,
2026-07-08T14:37:17.503,Raspberry_Relieve1,,,37.943,13.924,528,100,-1,0,,,,,,00:03:36,0.51,0.07493,1.511184,,
2026-07-08T14:37:18.003,Raspberry_Relieve1,,,37.266,18.21,679,100,-1,0,,,,,,00:03:36,0.57,0.095004,1.606188,,
2026-07-08T14:37:18.503,Raspberry_Relieve1,,,37.266,18.21,679,100,-1,0,,,,,,00:03:37,0.48,0.090714,1.696902,,
2026-07-08T14:37:19.004,Raspberry_Relieve1,,,37.224,19.029,708,100,-1,0,,,,,,00:03:37,0.49,0.094964,1.791866,,
2026-07-08T14:37:19.504,Raspberry_Relieve1,,,37.224,19.029,708,100,-1,0,,,,,,00:03:38,0.45,0.088603,1.880469,,
2026-07-08T14:37:20.004,Raspberry_Relieve1,,,37.445,18.015,675,100,-1,0,,,,,,00:03:38,0.56,0.108242,1.988711,,
2026-07-08T14:37:20.504,Raspberry_Relieve1,,,37.445,18.015,675,100,-1,0,,,,,,00:03:39,0.53,0.09846,2.087171,,
2026-07-08T14:37:21.004,Raspberry_Relieve1,,,39.002,6.775,264,100,-1,0,,,,,,00:03:39,0.49,0.064435,2.151606,,
2026-07-08T14:37:21.504,Raspberry_Relieve1,,,39.002,6.775,264,100,-1,0,,,,,,00:03:40,0.45,0.032746,2.184352,,
2026-07-08T14:37:22.004,Raspberry_Relieve1,,,38.939,5.941,231,100,-1,0,,,,,,00:03:40,0.54,0.037158,2.22151,,
2026-07-08T14:37:22.505,Raspberry_Relieve1,,,38.939,5.941,231,100,-1,0,,,,,,00:03:41,0.55,0.035043,2.256553,,
2026-07-08T14:37:23.005,Raspberry_Relieve1,,,39.438,4.438,175,100,-1,0,,,,,,00:03:41,0.41,0.022861,2.279414,,
2026-07-08T14:37:23.505,Raspberry_Relieve1,,,39.438,4.438,175,100,-1,0,,,,,,00:03:42,0.54,0.026428,2.305843,,
2026-07-08T14:37:24.005,Raspberry_Relieve1,,,39.712,0.7,28,100,-1,0,,,,,,00:03:42,0.45,0.012771,2.318613,,
2026-07-08T14:37:24.505,Raspberry_Relieve1,,,39.712,0.7,28,100,-1,0,,,,,,00:03:43,0.5,0.003915,2.322529,,
2026-07-08T14:37:25.005,Raspberry_Relieve1,,,39.727,0.477,19,100,-1,0,,,,,,00:03:43,0.58,0.003805,2.326334,,
2026-07-08T14:37:25.505,Raspberry_Relieve1,,,39.727,0.477,19,100,-1,0,,,,,,00:03:44,0.45,0.00237,2.328704,,
2026-07-08T14:37:26.005,Raspberry_Relieve1,,,39.804,0.159,6,100,-1,0,,,,,,00:03:44,0.53,0.001845,2.330549,,
2026-07-08T14:37:26.506,Raspberry_Relieve1,,,39.804,0.159,6,100,-1,0,,,,,,00:03:45,0.44,0.000732,2.331281,,
2026-07-08T14:37:27.006,Raspberry_Relieve1,,,40.118,-2.098,-84,100,14400,0.001,,,,,,00:03:45,0.5,-0.005386,2.325895,,
2026-07-08T14:37:27.506,Raspberry_Relieve1,,,40.118,-2.098,-84,100,14400,0.001,,,,,,00:03:46,0.55,-0.012765,2.31313,,
2026-07-08T14:37:28.006,Raspberry_Relieve1,,,39.829,-0.15,-6,100,14400,0.001,,,,,,00:03:46,0.49,-0.006166,2.306965,,
2026-07-08T14:37:28.506,Raspberry_Relieve1,,,39.829,-0.15,-6,100,14400,0.001,,,,,,00:03:47,0.52,-0.000868,2.306097,,
2026-07-08T14:37:29.006,Raspberry_Relieve1,,,39.835,0,0,100,-1,0.001,,,,,,00:03:47,0.49,-0.00041,2.305687,,
2026-07-08T14:37:29.507,Raspberry_Relieve1,,,39.835,0,0,100,-1,0.001,,,,,,00:03:48,0.48,0,2.305687,,
2026-07-08T14:37:30.007,Raspberry_Relieve1,,,39.64,4.276,170,100,-1,0,,,,,,00:03:48,0.53,0.012468,2.318155,,
2026-07-08T14:37:30.507,Raspberry_Relieve1,,,39.64,4.276,170,100,-1,0,,,,,,00:03:49,0.51,0.023874,2.342028,,
2026-07-08T14:37:31.007,Raspberry_Relieve1,,,39.64,4.276,170,100,-1,0,,,,,,00:03:49,0.5,0.023717,2.365746,,
2026-07-08T14:37:31.507,Raspberry_Relieve1,,,39.769,0.696,28,100,-1,0,,,,,,00:03:50,0.43,0.011784,2.37753,,
2026-07-08T14:37:32.007,Raspberry_Relieve1,,,40.281,-2.445,-98,100,14400,0.001,,,,,,00:03:50,0.58,-0.005662,2.371868,,
2026-07-08T14:37:32.507,Raspberry_Relieve1,,,40.281,-2.445,-98,100,14400,0.001,,,,,,00:03:51,0.49,-0.013463,2.358405,,
2026-07-08T14:37:33.008,Raspberry_Relieve1,,,39.059,4.883,191,100,-1,0,,,,,,00:03:51,0.48,0.00623,2.364635,,
2026-07-08T14:37:33.508,Raspberry_Relieve1,,,39.059,4.883,191,100,-1,0,,,,,,00:03:52,0.5,0.02673,2.391365,,
2026-07-08T14:37:34.008,Raspberry_Relieve1,,,39.86,-0.744,-30,100,14400,0,,,,,,00:03:52,0.49,0.010881,2.402246,,
2026-07-08T14:37:34.508,Raspberry_Relieve1,,,39.86,-0.744,-30,100,14400,0,,,,,,00:03:53,0.5,-0.004172,2.398073,,
2026-07-08T14:37:35.008,Raspberry_Relieve1,,,39.845,1.673,67,100,-1,0,,,,,,00:03:53,0.55,0.002813,2.400887,,
2026-07-08T14:37:35.508,Raspberry_Relieve1,,,39.845,1.673,67,100,-1,0,,,,,,00:03:54,0.5,0.009361,2.410248,,
2026-07-08T14:37:36.008,Raspberry_Relieve1,,,39.845,1.673,67,100,-1,0,,,,,,00:03:54,0.46,0.008472,2.41872,,
2026-07-08T14:37:36.508,Raspberry_Relieve1,,,39.787,0.542,22,100,-1,0,,,,,,00:03:55,0.49,0.00606,2.42478,,
2026-07-08T14:37:37.009,Raspberry_Relieve1,,,39.791,0.471,19,100,-1,0,,,,,,00:03:55,0.52,0.002966,2.427746,,
2026-07-08T14:37:37.509,Raspberry_Relieve1,,,39.791,0.471,19,100,-1,0,,,,,,00:03:56,0.49,0.002584,2.430331,,
2026-07-08T14:37:38.009,Raspberry_Relieve1,,,39.861,0.101,4,100,-1,0,,,,,,00:03:56,0.55,0.001772,2.432102,,
2026-07-08T14:37:38.509,Raspberry_Relieve1,,,39.861,0.101,4,100,-1,0,,,,,,00:03:57,0.44,0.000486,2.432588,,
2026-07-08T14:37:39.009,Raspberry_Relieve1,,,40.457,-2.282,-92,100,14400,0.001,,,,,,00:03:57,0.49,-0.005994,2.426594,,
2026-07-08T14:37:39.509,Raspberry_Relieve1,,,40.457,-2.282,-92,100,14400,0.001,,,,,,00:03:58,0.54,-0.013714,2.41288,,
2026-07-08T14:37:40.009,Raspberry_Relieve1,,,39.727,2.148,85,100,-1,0,,,,,,00:03:58,0.44,-0.000427,2.412453,,
2026-07-08T14:37:40.509,Raspberry_Relieve1,,,39.727,2.148,85,100,-1,0,,,,,,00:03:59,0.56,0.01322,2.425673,,
2026-07-08T14:37:41.009,Raspberry_Relieve1,,,39.87,0.122,5,100,-1,0,,,,,,00:03:59,0.44,0.005483,2.431156,,
2026-07-08T14:37:41.510,Raspberry_Relieve1,,,39.87,0.122,5,100,-1,0,,,,,,00:04:00,0.58,0.000799,2.431955,,
2026-07-08T14:37:42.010,Raspberry_Relieve1,,,39.838,0.158,6,100,-1,0,,,,,,00:04:00,0.46,0.0007,2.432656,,
2026-07-08T14:37:42.510,Raspberry_Relieve1,,,39.838,0.158,6,100,-1,0,,,,,,00:04:01,0.52,0.00086,2.433516,,
2026-07-08T14:37:43.010,Raspberry_Relieve1,,,39.815,0.579,23,100,-1,0,,,,,,00:04:01,0.5,0.002024,2.43554,,
2026-07-08T14:37:43.510,Raspberry_Relieve1,,,39.815,0.579,23,100,-1,0,,,,,,00:04:02,0.51,0.003262,2.438802,,
2026-07-08T14:37:44.010,Raspberry_Relieve1,,,39.88,0,23,100,-1,0,,,,,,00:04:02,0.47,0.003014,2.441815,,
2026-07-08T14:37:44.510,Raspberry_Relieve1,,,39.88,0,23,100,-1,0,,,,,,00:04:03,0.47,0.002987,2.444803,,
2026-07-08T14:37:45.010,Raspberry_Relieve1,,,39.745,1.147,46,100,-1,0,,,,,,00:04:03,0.49,0.004724,2.449526,,
2026-07-08T14:37:45.511,Raspberry_Relieve1,,,39.745,1.147,46,100,-1,0,,,,,,00:04:04,0.56,0.007121,2.456648,,
2026-07-08T14:37:46.011,Raspberry_Relieve1,,,39.815,0.479,19,100,-1,0,,,,,,00:04:04,0.58,0.005227,2.461875,,
2026-07-08T14:37:46.511,Raspberry_Relieve1,,,39.815,0.479,19,100,-1,0,,,,,,00:04:05,0.39,0.002065,2.46394,,
2026-07-08T14:37:47.011,Raspberry_Relieve1,,,39.884,0,19,100,-1,0,,,,,,00:04:05,0.52,0.002768,2.466708,,
2026-07-08T14:37:47.511,Raspberry_Relieve1,,,39.884,0,19,100,-1,0,,,,,,00:04:06,0.5,0.002639,2.469347,,
2026-07-08T14:37:48.011,Raspberry_Relieve1,,,39.887,0,19,100,-1,0,,,,,,00:04:06,0.49,0.002572,2.471919,,
2026-07-08T14:37:48.511,Raspberry_Relieve1,,,39.887,0,19,100,-1,0,,,,,,00:04:07,0.48,0.002511,2.47443,,
2026-07-08T14:37:49.012,Raspberry_Relieve1,,,39.894,0,19,100,-1,0,,,,,,00:04:07,0.53,0.00278,2.477211,,
2026-07-08T14:37:49.512,Raspberry_Relieve1,,,39.894,0,19,100,-1,0,,,,,,00:04:08,0.57,0.003002,2.480212,,
2026-07-08T14:37:50.012,Raspberry_Relieve1,,,39.898,-0.528,-21,100,14400,0,,,,,,00:04:08,0.44,-0.000123,2.480089,,
2026-07-08T14:37:50.512,Raspberry_Relieve1,,,39.898,-0.528,-21,100,14400,0,,,,,,00:04:09,0.49,-0.002853,2.477236,,
2026-07-08T14:37:51.012,Raspberry_Relieve1,,,39.9,0,0,100,-1,0,,,,,,00:04:09,0.54,-0.001568,2.475668,,
2026-07-08T14:37:51.512,Raspberry_Relieve1,,,39.9,0,0,100,-1,0,,,,,,00:04:10,0.5,0,2.475668,,
2026-07-08T14:37:52.012,Raspberry_Relieve1,,,39.902,0,0,100,-1,0,,,,,,00:04:10,0.48,0,2.475668,,
2026-07-08T14:37:52.512,Raspberry_Relieve1,,,39.902,0,0,100,-1,0,,,,,,00:04:11,0.5,0,2.475668,,
2026-07-08T14:37:53.013,Raspberry_Relieve1,,,39.905,0,0,100,-1,0,,,,,,00:04:11,0.5,0,2.475668,,
2026-07-08T14:37:53.513,Raspberry_Relieve1,,,39.905,0,0,100,-1,0,,,,,,00:04:12,0.46,0,2.475668,,
2026-07-08T14:37:54.013,Raspberry_Relieve1,,,39.754,2.947,117,100,-1,0,,,,,,00:04:12,0.56,0.009104,2.484773,,
2026-07-08T14:37:54.513,Raspberry_Relieve1,,,39.754,2.947,117,100,-1,0,,,,,,00:04:13,0.41,0.013396,2.498169,,
2026-07-08T14:37:55.013,Raspberry_Relieve1,,,39.754,2.947,117,100,-1,0,,,,,,00:04:13,0.58,0.018729,2.516898,,
2026-07-08T14:37:55.513,Raspberry_Relieve1,,,39.831,0.593,24,100,-1,0,,,,,,00:04:14,0.49,0.009649,2.526547,,
2026-07-08T14:37:56.014,Raspberry_Relieve1,,,39.837,0.471,19,100,-1,0,,,,,,00:04:14,0.48,0.002863,2.52941,,
2026-07-08T14:37:56.514,Raspberry_Relieve1,,,39.837,0.471,19,100,-1,0,,,,,,00:04:15,0.51,0.002716,2.532126,,
2026-07-08T14:37:57.014,Raspberry_Relieve1,,,39.808,0.48,19,100,-1,0,,,,,,00:04:15,0.46,0.002403,2.534529,,
2026-07-08T14:37:57.514,Raspberry_Relieve1,,,39.808,0.48,19,100,-1,0,,,,,,00:04:16,0.55,0.002893,2.537423,,
2026-07-08T14:37:58.014,Raspberry_Relieve1,,,39.808,0.48,19,100,-1,0,,,,,,00:04:16,0.49,0.002566,2.539988,,
2026-07-08T14:37:58.514,Raspberry_Relieve1,,,39.804,0.69,27,100,-1,0,,,,,,00:04:17,0.52,0.00331,2.543299,,
2026-07-08T14:37:59.014,Raspberry_Relieve1,,,39.838,0.488,19,100,-1,0,,,,,,00:04:17,0.56,0.003594,2.546893,,
2026-07-08T14:37:59.514,Raspberry_Relieve1,,,39.838,0.488,19,100,-1,0,,,,,,00:04:18,0.48,0.002531,2.549424,,
2026-07-08T14:38:00.015,Raspberry_Relieve1,,,39.838,0.488,19,100,-1,0,,,,,,00:04:18,0.45,0.002394,2.551818,,
2026-07-08T14:38:00.515,Raspberry_Relieve1,,,39.84,0.474,19,100,-1,0,,,,,,00:04:19,0.46,0.002423,2.554241,,
2026-07-08T14:38:01.015,Raspberry_Relieve1,,,39.839,0.474,19,100,-1,0,,,,,,00:04:19,0.47,0.002469,2.556711,,
2026-07-08T14:38:01.515,Raspberry_Relieve1,,,39.839,0.474,19,100,-1,0,,,,,,00:04:20,0.5,0.002652,2.559363,,
2026-07-08T14:38:02.015,Raspberry_Relieve1,,,39.842,0.469,19,100,-1,0,,,,,,00:04:20,0.5,0.002627,2.56199,,
2026-07-08T14:38:02.515,Raspberry_Relieve1,,,39.842,0.469,19,100,-1,0,,,,,,00:04:21,0.56,0.002954,2.564945,,
2026-07-08T14:38:03.015,Raspberry_Relieve1,,,39.842,0.469,19,100,-1,0,,,,,,00:04:21,0.45,0.002383,2.567328,,
2026-07-08T14:38:03.515,Raspberry_Relieve1,,,39.841,0.471,19,100,-1,0,,,,,,00:04:22,0.56,0.002965,2.570293,,
2026-07-08T14:38:04.015,Raspberry_Relieve1,,,39.911,0,19,100,-1,0,,,,,,00:04:22,0.45,0.002383,2.572676,,
2026-07-08T14:38:04.515,Raspberry_Relieve1,,,39.911,0,19,100,-1,0,,,,,,00:04:23,0.54,0.002835,2.575511,,
2026-07-08T14:38:05.015,Raspberry_Relieve1,,,39.914,0,19,100,-1,0,,,,,,00:04:23,0.53,0.002778,2.578289,,
2026-07-08T14:38:05.516,Raspberry_Relieve1,,,39.914,0,19,100,-1,0,,,,,,00:04:24,0.41,0.002179,2.580469,,
2026-07-08T14:38:06.016,Raspberry_Relieve1,,,39.736,0.699,28,100,-1,0,,,,,,00:04:24,0.57,0.003717,2.584186,,
2026-07-08T14:38:06.516,Raspberry_Relieve1,,,39.736,0.699,28,100,-1,0,,,,,,00:04:25,0.58,0.00453,2.588715,,
2026-07-08T14:38:07.016,Raspberry_Relieve1,,,39.621,2.459,97,100,-1,0,,,,,,00:04:25,0.43,0.00744,2.596155,,
2026-07-08T14:38:07.516,Raspberry_Relieve1,,,39.621,2.459,97,100,-1,0,,,,,,00:04:26,0.5,0.013561,2.609716,,
2026-07-08T14:38:08.016,Raspberry_Relieve1,,,39.63,2.054,81,100,-1,0,,,,,,00:04:26,0.44,0.010796,2.620513,,
2026-07-08T14:38:08.516,Raspberry_Relieve1,,,39.63,2.054,81,100,-1,0,,,,,,00:04:27,0.51,0.011444,2.631957,,
2026-07-08T14:38:09.016,Raspberry_Relieve1,,,39.632,2.023,80,100,-1,0,,,,,,00:04:27,0.58,0.012981,2.644938,,
2026-07-08T14:38:09.516,Raspberry_Relieve1,,,39.632,2.023,80,100,-1,0,,,,,,00:04:28,0.48,0.01067,2.655607,,
2026-07-08T14:38:10.017,Raspberry_Relieve1,,,39.654,1.84,73,100,-1,0,,,,,,00:04:28,0.43,0.009055,2.664662,,
2026-07-08T14:38:10.517,Raspberry_Relieve1,,,39.654,1.84,73,100,-1,0,,,,,,00:04:29,0.57,0.011496,2.676159,,
2026-07-08T14:38:11.017,Raspberry_Relieve1,,,39.676,1.685,67,100,-1,0,,,,,,00:04:29,0.49,0.009443,2.685602,,
2026-07-08T14:38:11.517,Raspberry_Relieve1,,,39.676,1.685,67,100,-1,0,,,,,,00:04:30,0.51,0.009544,2.695145,,
2026-07-08T14:38:12.017,Raspberry_Relieve1,,,39.691,1.564,62,100,-1,0,,,,,,00:04:30,0.5,0.008881,2.704026,,
2026-07-08T14:38:12.517,Raspberry_Relieve1,,,39.691,1.564,62,100,-1,0,,,,,,00:04:31,0.46,0.007937,2.711964,,
2026-07-08T14:38:13.017,Raspberry_Relieve1,,,39.223,4.708,185,100,-1,0,,,,,,00:04:31,0.57,0.019391,2.731355,,
2026-07-08T14:38:13.518,Raspberry_Relieve1,,,39.223,4.708,185,100,-1,0,,,,,,00:04:32,0.48,0.024737,2.756092,,
2026-07-08T14:38:14.018,Raspberry_Relieve1,,,38.671,8.238,319,100,-1,0,,,,,,00:04:32,0.5,0.03467,2.790762,,
2026-07-08T14:38:14.518,Raspberry_Relieve1,,,38.671,8.238,319,100,-1,0,,,,,,00:04:33,0.52,0.046075,2.836837,,
2026-07-08T14:38:15.018,Raspberry_Relieve1,,,38.829,7.874,306,100,-1,0,,,,,,00:04:33,0.47,0.040956,2.877793,,
2026-07-08T14:38:15.518,Raspberry_Relieve1,,,38.829,7.874,306,100,-1,0,,,,,,00:04:34,0.45,0.038461,2.916254,,
2026-07-08T14:38:16.018,Raspberry_Relieve1,,,38.86,7.166,278,100,-1,0,,,,,,00:04:34,0.5,0.040531,2.956785,,
2026-07-08T14:38:16.518,Raspberry_Relieve1,,,38.86,7.166,278,100,-1,0,,,,,,00:04:35,0.56,0.043043,2.999828,,
2026-07-08T14:38:17.018,Raspberry_Relieve1,,,39.033,6.088,238,100,-1,0,,,,,,00:04:35,0.56,0.039967,3.039795,,
2026-07-08T14:38:17.518,Raspberry_Relieve1,,,39.033,6.088,238,100,-1,0,,,,,,00:04:36,0.38,0.025333,3.065127,,
2026-07-08T14:38:18.019,Raspberry_Relieve1,,,39.265,4.333,170,100,-1,0,,,,,,00:04:36,0.51,0.028948,3.094075,,
2026-07-08T14:38:18.519,Raspberry_Relieve1,,,39.265,4.333,170,100,-1,0,,,,,,00:04:37,0.57,0.026791,3.120867,,
2026-07-08T14:38:19.019,Raspberry_Relieve1,,,39.082,5.081,199,100,-1,0,,,,,,00:04:37,0.47,0.024297,3.145164,,
2026-07-08T14:38:19.519,Raspberry_Relieve1,,,39.082,5.081,199,100,-1,0,,,,,,00:04:38,0.5,0.027896,3.173059,,
2026-07-08T14:38:20.019,Raspberry_Relieve1,,,39.154,4.989,195,100,-1,0,,,,,,00:04:39,0.73,0.039847,3.212907,,
2026-07-08T14:38:20.627,Raspberry_Relieve1,,,39.154,4.989,195,100,-1,0,,,,,,00:04:39,0.34,0.01855,3.231456,,
2026-07-08T14:38:21.128,Raspberry_Relieve1,,,39.187,4.741,186,100,-1,0,,,,,,00:04:40,0.54,0.028442,3.259898,,
2026-07-08T14:38:21.628,Raspberry_Relieve1,,,39.187,4.741,186,100,-1,0,,,,,,00:04:40,0.5,0.025684,3.285582,,
2026-07-08T14:38:22.128,Raspberry_Relieve1,,,39.182,4.748,186,100,-1,0,,,,,,00:04:41,0.5,0.026027,3.311609,,
2026-07-08T14:38:22.628,Raspberry_Relieve1,,,39.182,4.748,186,100,-1,0,,,,,,00:04:41,0.49,0.025535,3.337145,,
2026-07-08T14:38:23.128,Raspberry_Relieve1,,,39.17,4.786,187,100,-1,0,,,,,,00:04:42,0.6,0.031256,3.368401,,
2026-07-08T14:38:23.628,Raspberry_Relieve1,,,39.17,4.786,187,100,-1,0,,,,,,00:04:42,0.35,0.018129,3.38653,,
2026-07-08T14:38:24.128,Raspberry_Relieve1,,,39.014,5.792,226,100,-1,0,,,,,,00:04:43,0.56,0.032061,3.418591,,
2026-07-08T14:38:24.628,Raspberry_Relieve1,,,39.014,5.792,226,100,-1,0,,,,,,00:04:43,0.5,0.03159,3.450181,,
2026-07-08T14:38:25.129,Raspberry_Relieve1,,,39.233,4.51,177,100,-1,0,,,,,,00:04:43,0.45,0.02517,3.475351,,
2026-07-08T14:38:25.629,Raspberry_Relieve1,,,39.233,4.51,177,100,-1,0,,,,,,00:04:44,0.55,0.027278,3.502629,,
2026-07-08T14:38:26.129,Raspberry_Relieve1,,,39.824,0.303,12,100,-1,0,,,,,,00:04:45,0.51,0.013465,3.516093,,
2026-07-08T14:38:26.629,Raspberry_Relieve1,,,39.824,0.303,12,100,-1,0,,,,,,00:04:45,0.45,0.001496,3.517589,,
2026-07-08T14:38:27.129,Raspberry_Relieve1,,,39.383,4.525,178,100,-1,0,,,,,,00:04:45,0.48,0.01266,3.53025,,
2026-07-08T14:38:27.629,Raspberry_Relieve1,,,39.383,4.525,178,100,-1,0,,,,,,00:04:46,0.5,0.02492,3.55517,,
2026-07-08T14:38:28.129,Raspberry_Relieve1,,,39.317,3.491,137,100,-1,0,,,,,,00:04:47,0.57,0.024857,3.580027,,
2026-07-08T14:38:28.629,Raspberry_Relieve1,,,39.317,3.491,137,100,-1,0,,,,,,00:04:47,0.45,0.017204,3.597231,,
2026-07-08T14:38:29.129,Raspberry_Relieve1,,,39.747,2.263,90,100,-1,0,,,,,,00:04:47,0.49,0.015367,3.612598,,
2026-07-08T14:38:29.630,Raspberry_Relieve1,,,39.747,2.263,90,100,-1,0,,,,,,00:04:48,0.52,0.012959,3.625557,,
2026-07-08T14:38:30.130,Raspberry_Relieve1,,,39.76,0.579,23,100,-1,0,,,,,,00:04:49,0.52,0.00818,3.633737,,
2026-07-08T14:38:30.630,Raspberry_Relieve1,,,39.76,0.579,23,100,-1,0,,,,,,00:04:49,0.44,0.002815,3.636553,,
2026-07-08T14:38:31.130,Raspberry_Relieve1,,,39.765,0.478,19,100,-1,0,,,,,,00:04:50,0.58,0.00336,3.639913,,
2026-07-08T14:38:31.630,Raspberry_Relieve1,,,39.765,0.478,19,100,-1,0,,,,,,00:04:50,0.47,0.002476,3.642389,,
2026-07-08T14:38:32.130,Raspberry_Relieve1,,,39.116,3.028,118,100,-1,0,,,,,,00:04:50,0.49,0.009304,3.651693,,
2026-07-08T14:38:32.630,Raspberry_Relieve1,,,39.116,3.028,118,100,-1,0,,,,,,00:04:51,0.48,0.015576,3.66727,,
2026-07-08T14:38:33.130,Raspberry_Relieve1,,,40.194,-0.599,-24,100,14400,0,,,,,,00:04:52,0.55,0.007203,3.674472,,
2026-07-08T14:38:33.630,Raspberry_Relieve1,,,40.194,-0.599,-24,100,14400,0,,,,,,00:04:52,0.5,-0.003335,3.671137,,
2026-07-08T14:38:34.131,Raspberry_Relieve1,,,39.82,2.855,114,100,-1,0,,,,,,00:04:52,0.48,0.006028,3.677165,,
2026-07-08T14:38:34.631,Raspberry_Relieve1,,,39.82,2.855,114,100,-1,0,,,,,,00:04:53,0.55,0.017417,3.694583,,
2026-07-08T14:38:35.131,Raspberry_Relieve1,,,39.774,0.617,25,100,-1,0,,,,,,00:04:53,0.43,0.008233,3.702816,,
2026-07-08T14:38:35.631,Raspberry_Relieve1,,,39.774,0.617,25,100,-1,0,,,,,,00:04:54,0.52,0.003615,3.706431,,
2026-07-08T14:38:36.131,Raspberry_Relieve1,,,39.44,2.353,93,100,-1,0,,,,,,00:04:54,0.49,0.007976,3.714407,,
2026-07-08T14:38:36.631,Raspberry_Relieve1,,,39.44,2.353,93,100,-1,0,,,,,,00:04:55,0.5,0.012809,3.727216,,
2026-07-08T14:38:37.131,Raspberry_Relieve1,,,40.534,-2.092,-85,100,14400,0.001,,,,,,00:04:56,0.56,0.000619,3.727835,,
2026-07-08T14:38:37.631,Raspberry_Relieve1,,,40.534,-2.092,-85,100,14400,0.001,,,,,,00:04:56,0.48,-0.0114,3.716436,,
2026-07-08T14:38:38.132,Raspberry_Relieve1,,,39.853,-0.265,-11,100,14400,0.001,,,,,,00:04:57,0.51,-0.006825,3.70961,,
2026-07-08T14:38:38.632,Raspberry_Relieve1,,,39.853,-0.265,-11,100,14400,0.001,,,,,,00:04:57,0.45,-0.001379,3.708231,,
2026-07-08T14:38:39.132,Raspberry_Relieve1,,,39.856,0,0,100,-1,0.001,,,,,,00:04:57,0.47,-0.00072,3.707511,,
2026-07-08T14:38:39.632,Raspberry_Relieve1,,,39.856,0,0,100,-1,0.001,,,,,,00:04:58,0.5,0,3.707511,,
2026-07-08T14:38:40.132,Raspberry_Relieve1,,,39.079,5.466,214,100,-1,0,,,,,,00:04:59,0.57,0.016817,3.724328,,
2026-07-08T14:38:40.632,Raspberry_Relieve1,,,39.079,5.466,214,100,-1,0,,,,,,00:04:59,0.5,0.029427,3.753756,,
2026-07-08T14:38:41.132,Raspberry_Relieve1,,,39.877,1.273,51,100,-1,0,,,,,,00:04:59,0.43,0.015988,3.769744,,
2026-07-08T14:38:41.632,Raspberry_Relieve1,,,39.877,1.273,51,100,-1,0,,,,,,00:05:00,0.56,0.007904,3.777648,,
2026-07-08T14:38:42.132,Raspberry_Relieve1,,,39.955,-1.335,-53,100,14400,0,,,,,,00:05:00,0.49,-0.000136,3.777512,,
2026-07-08T14:38:42.633,Raspberry_Relieve1,,,39.955,-1.335,-53,100,14400,0,,,,,,00:05:01,0.53,-0.007738,3.769773,,
2026-07-08T14:38:43.133,Raspberry_Relieve1,,,39.789,1.787,71,100,-1,0,,,,,,00:05:02,0.52,0.001305,3.771078,,
2026-07-08T14:38:43.633,Raspberry_Relieve1,,,39.789,1.787,71,100,-1,0,,,,,,00:05:02,0.43,0.008421,3.779499,,
2026-07-08T14:38:44.133,Raspberry_Relieve1,,,39.336,3.525,139,100,-1,0,,,,,,00:05:02,0.48,0.013976,3.793475,,
2026-07-08T14:38:44.633,Raspberry_Relieve1,,,39.336,3.525,139,100,-1,0,,,,,,00:05:03,0.55,0.021275,3.81475,,
2026-07-08T14:38:45.133,Raspberry_Relieve1,,,39.377,3.202,126,100,-1,0,,,,,,00:05:04,0.5,0.018586,3.833336,,
2026-07-08T14:38:45.633,Raspberry_Relieve1,,,39.377,3.202,126,100,-1,0,,,,,,00:05:04,0.51,0.017905,3.851241,,
2026-07-08T14:38:46.133,Raspberry_Relieve1,,,39.513,2.788,110,100,-1,0,,,,,,00:05:05,0.49,0.016192,3.867434,,
2026-07-08T14:38:46.634,Raspberry_Relieve1,,,39.513,2.788,110,100,-1,0,,,,,,00:05:05,0.48,0.014758,3.882192,,
2026-07-08T14:38:47.134,Raspberry_Relieve1,,,39.386,2.955,116,100,-1,0,,,,,,00:05:06,0.53,0.016655,3.898847,,
2026-07-08T14:38:47.634,Raspberry_Relieve1,,,39.386,2.955,116,100,-1,0,,,,,,00:05:06,0.44,0.014202,3.913049,,
2026-07-08T14:38:48.134,Raspberry_Relieve1,,,39.188,4.425,173,100,-1,0,,,,,,00:05:07,0.55,0.02215,3.935199,,
2026-07-08T14:38:48.634,Raspberry_Relieve1,,,39.188,4.425,173,100,-1,0,,,,,,00:05:07,0.45,0.021683,3.956883,,
2026-07-08T14:38:49.134,Raspberry_Relieve1,,,39.208,4.289,168,100,-1,0,,,,,,00:05:08,0.53,0.025333,3.982216,,
2026-07-08T14:38:49.634,Raspberry_Relieve1,,,39.208,4.289,168,100,-1,0,,,,,,00:05:08,0.46,0.021294,4.00351,,
2026-07-08T14:38:50.135,Raspberry_Relieve1,,,39.264,4.572,179,100,-1,0,,,,,,00:05:09,0.58,0.027992,4.031502,,
2026-07-08T14:38:50.635,Raspberry_Relieve1,,,39.264,4.572,179,100,-1,0,,,,,,00:05:09,0.5,0.024621,4.056123,,
2026-07-08T14:38:51.135,Raspberry_Relieve1,,,39.42,3.045,120,100,-1,0,,,,,,00:05:09,0.43,0.017945,4.074068,,
2026-07-08T14:38:51.635,Raspberry_Relieve1,,,39.42,3.045,120,100,-1,0,,,,,,00:05:10,0.55,0.018192,4.09226,,
2026-07-08T14:38:52.135,Raspberry_Relieve1,,,39.752,1.197,48,100,-1,0,,,,,,00:05:10,0.48,0.011188,4.103448,,
2026-07-08T14:38:52.635,Raspberry_Relieve1,,,39.752,1.197,48,100,-1,0,,,,,,00:05:11,0.67,0.008966,4.112414,,
2026-07-08T14:38:53.179,Raspberry_Relieve1,,,39.751,0.624,25,100,-1,0,,,,,,00:05:12,0.39,0.003986,4.1164,,
2026-07-08T14:38:53.679,Raspberry_Relieve1,,,39.751,0.589,23,100,-1,0,,,,,,00:05:12,0.45,0.002979,4.11938,,
2026-07-08T14:38:54.179,Raspberry_Relieve1,,,39.751,0.589,23,100,-1,0,,,,,,00:05:13,0.5,0.003211,4.12259,,
2026-07-08T14:38:54.679,Raspberry_Relieve1,,,39.659,0.937,37,100,-1,0,,,,,,00:05:13,0.56,0.004646,4.127236,,
2026-07-08T14:38:55.179,Raspberry_Relieve1,,,39.659,0.937,37,100,-1,0,,,,,,00:05:14,0.46,0.004682,4.131918,,
2026-07-08T14:38:55.679,Raspberry_Relieve1,,,39.395,3.255,128,100,-1,0,,,,,,00:05:14,0.55,0.012514,4.144432,,
2026-07-08T14:38:56.179,Raspberry_Relieve1,,,39.395,3.255,128,100,-1,0,,,,,,00:05:15,0.49,0.017265,4.161697,,
2026-07-08T14:38:56.679,Raspberry_Relieve1,,,39.308,3.931,155,100,-1,0,,,,,,00:05:15,0.52,0.020532,4.182228,,
2026-07-08T14:38:57.179,Raspberry_Relieve1,,,39.308,3.931,155,100,-1,0,,,,,,00:05:16,0.49,0.020888,4.203116,,
2026-07-08T14:38:57.680,Raspberry_Relieve1,,,39.23,4.289,168,100,-1,0,,,,,,00:05:16,0.46,0.020442,4.223557,,
2026-07-08T14:38:58.180,Raspberry_Relieve1,,,39.23,4.289,168,100,-1,0,,,,,,00:05:17,0.54,0.025234,4.248792,,
2026-07-08T14:38:58.680,Raspberry_Relieve1,,,39.224,4.346,170,100,-1,0,,,,,,00:05:17,0.45,0.02092,4.269712,,
2026-07-08T14:38:59.180,Raspberry_Relieve1,,,39.224,4.346,170,100,-1,0,,,,,,00:05:18,0.55,0.026098,4.29581,,
2026-07-08T14:38:59.680,Raspberry_Relieve1,,,39.3,3.877,152,100,-1,0,,,,,,00:05:18,0.52,0.023285,4.319095,,
2026-07-08T14:39:00.180,Raspberry_Relieve1,,,39.3,3.877,152,100,-1,0,,,,,,00:05:19,0.51,0.02167,4.340765,,
2026-07-08T14:39:00.681,Raspberry_Relieve1,,,39.351,3.632,143,100,-1,0,,,,,,00:05:19,0.47,0.019392,4.360156,,
2026-07-08T14:39:01.181,Raspberry_Relieve1,,,39.351,3.632,143,100,-1,0,,,,,,00:05:20,0.47,0.018576,4.378733,,
2026-07-08T14:39:01.681,Raspberry_Relieve1,,,39.421,3.074,121,100,-1,0,,,,,,00:05:20,0.52,0.01922,4.397953,,
2026-07-08T14:39:02.181,Raspberry_Relieve1,,,39.421,3.074,121,100,-1,0,,,,,,00:05:20,0.44,0.014748,4.412701,,
2026-07-08T14:39:02.681,Raspberry_Relieve1,,,39.44,2.751,108,100,-1,0,,,,,,00:05:21,0.55,0.017373,4.430074,,
2026-07-08T14:39:03.181,Raspberry_Relieve1,,,39.44,2.751,108,100,-1,0,,,,,,00:05:22,0.5,0.015002,4.445076,,
2026-07-08T14:39:03.681,Raspberry_Relieve1,,,39.471,2.638,104,100,-1,0,,,,,,00:05:22,0.5,0.014821,4.459897,,
2026-07-08T14:39:04.181,Raspberry_Relieve1,,,39.471,2.638,104,100,-1,0,,,,,,00:05:22,0.45,0.012987,4.472883,,
2026-07-08T14:39:04.681,Raspberry_Relieve1,,,39.508,1.906,75,100,-1,0,,,,,,00:05:23,0.52,0.012809,4.485693,,
2026-07-08T14:39:05.181,Raspberry_Relieve1,,,39.508,1.906,75,100,-1,0,,,,,,00:05:24,0.55,0.01154,4.497233,,
2026-07-08T14:39:05.681,Raspberry_Relieve1,,,39.675,1.029,41,100,-1,0,,,,,,00:05:24,0.53,0.008526,4.50576,,
2026-07-08T14:39:06.181,Raspberry_Relieve1,,,39.675,1.029,41,100,-1,0,,,,,,00:05:25,0.45,0.005122,4.510881,,
2026-07-08T14:39:06.682,Raspberry_Relieve1,,,39.544,2.009,79,100,-1,0,,,,,,00:05:25,0.52,0.008673,4.519555,,
2026-07-08T14:39:07.182,Raspberry_Relieve1,,,39.544,2.009,79,100,-1,0,,,,,,00:05:26,0.5,0.010869,4.530424,,
2026-07-08T14:39:07.682,Raspberry_Relieve1,,,39.826,0.201,8,100,-1,0,,,,,,00:05:26,0.47,0.005678,4.536102,,
2026-07-08T14:39:08.182,Raspberry_Relieve1,,,39.826,0.201,8,100,-1,0,,,,,,00:05:27,0.53,0.001187,4.537289,,
2026-07-08T14:39:08.682,Raspberry_Relieve1,,,39.832,0,8,100,-1,0,,,,,,00:05:27,0.44,0.000973,4.538261,,
2026-07-08T14:39:09.182,Raspberry_Relieve1,,,39.832,0,8,100,-1,0,,,,,,00:05:28,0.59,0.001304,4.539566,,
2026-07-08T14:39:09.682,Raspberry_Relieve1,,,39.838,-0.186,-7,100,14400,0,,,,,,00:05:28,0.46,0.000064,4.53963,,
2026-07-08T14:39:10.182,Raspberry_Relieve1,,,39.838,-0.186,-7,100,14400,0,,,,,,00:05:29,0.47,-0.000917,4.538713,,
2026-07-08T14:39:10.682,Raspberry_Relieve1,,,39.841,0,0,100,-1,0,,,,,,00:05:29,0.53,-0.000519,4.538194,,
2026-07-08T14:39:11.183,Raspberry_Relieve1,,,39.841,0,0,100,-1,0,,,,,,00:05:30,0.52,0,4.538194,,
2026-07-08T14:39:11.683,Raspberry_Relieve1,,,39.845,0,0,100,-1,0,,,,,,00:05:30,0.49,0,4.538194,,
2026-07-08T14:39:12.183,Raspberry_Relieve1,,,39.845,0,0,100,-1,0,,,,,,00:05:31,0.5,0,4.538194,,
2026-07-08T14:39:12.683,Raspberry_Relieve1,,,39.849,0,0,100,-1,0,,,,,,00:05:31,0.51,0,4.538194,,
2026-07-08T14:39:13.183,Raspberry_Relieve1,,,39.849,0,0,100,-1,0,,,,,,00:05:32,0.48,0,4.538194,,
2026-07-08T14:39:13.683,Raspberry_Relieve1,,,39.852,0,0,100,-1,0,,,,,,00:05:32,0.51,0,4.538194,,
2026-07-08T14:39:14.183,Raspberry_Relieve1,,,39.852,0,0,100,-1,0,,,,,,00:05:33,0.44,0,4.538194,,
2026-07-08T14:39:14.683,Raspberry_Relieve1,,,39.738,0.462,18,100,-1,0,,,,,,00:05:33,0.57,0.00142,4.539614,,
2026-07-08T14:39:15.183,Raspberry_Relieve1,,,39.738,0.462,18,100,-1,0,,,,,,00:05:34,0.54,0.002689,4.542303,,
2026-07-08T14:39:15.684,Raspberry_Relieve1,,,39.802,1.394,55,100,-1,0,,,,,,00:05:34,0.46,0.004672,4.546975,,
2026-07-08T14:39:16.184,Raspberry_Relieve1,,,39.802,1.394,55,100,-1,0,,,,,,00:05:35,0.45,0.006845,4.55382,,
2026-07-08T14:39:16.684,Raspberry_Relieve1,,,39.782,0.531,21,100,-1,0,,,,,,00:05:35,0.54,0.005697,4.559517,,
2026-07-08T14:39:17.184,Raspberry_Relieve1,,,39.782,0.531,21,100,-1,0,,,,,,00:05:36,0.45,0.002643,4.56216,,
2026-07-08T14:39:17.684,Raspberry_Relieve1,,,39.784,0.471,19,100,-1,0,,,,,,00:05:36,0.49,0.002726,4.564886,,
2026-07-08T14:39:18.184,Raspberry_Relieve1,,,39.784,0.471,19,100,-1,0,,,,,,00:05:36,0.49,0.002583,4.567469,,
2026-07-08T14:39:18.684,Raspberry_Relieve1,,,39.772,0.532,21,100,-1,0,,,,,,00:05:37,0.51,0.00285,4.570318,,
2026-07-08T14:39:19.184,Raspberry_Relieve1,,,39.772,0.532,21,100,-1,0,,,,,,00:05:38,0.65,0.003797,4.574115,,
2026-07-08T14:39:19.684,Raspberry_Relieve1,,,40.167,-1.156,-46,100,14400,0,,,,,,00:05:38,0.41,-0.001419,4.572696,,
2026-07-08T14:39:20.184,Raspberry_Relieve1,,,40.167,-1.156,-46,100,14400,0,,,,,,00:05:39,0.5,-0.006331,4.566365,,
2026-07-08T14:39:20.685,Raspberry_Relieve1,,,39.484,1.294,51,100,-1,0,,,,,,00:05:39,0.45,0.00031,4.566675,,
2026-07-08T14:39:21.185,Raspberry_Relieve1,,,39.484,1.294,51,100,-1,0,,,,,,00:05:40,0.59,0.008422,4.575097,,
2026-07-08T14:39:21.685,Raspberry_Relieve1,,,39.802,1.312,52,100,-1,0,,,,,,00:05:40,0.51,0.007286,4.582383,,
2026-07-08T14:39:22.185,Raspberry_Relieve1,,,39.802,1.312,52,100,-1,0,,,,,,00:05:41,0.45,0.006431,4.588814,,
2026-07-08T14:39:22.685,Raspberry_Relieve1,,,40.362,-2.512,-101,100,14162,0.001,,,,,,00:05:41,0.46,-0.00313,4.585684,,
2026-07-08T14:39:23.185,Raspberry_Relieve1,,,40.362,-2.512,-101,100,14162,0.001,,,,,,00:05:42,0.55,-0.015496,4.570188,,
2026-07-08T14:39:23.685,Raspberry_Relieve1,,,39.812,2.197,87,100,-1,0,,,,,,00:05:42,0.62,-0.001199,4.56899,,
2026-07-08T14:39:24.188,Raspberry_Relieve1,,,39.812,2.197,87,100,-1,0,,,,,,00:05:43,0.36,0.00863,4.57762,,
2026-07-08T14:39:24.688,Raspberry_Relieve1,,,38.381,5.582,214,100,-1,0,,,,,,00:05:43,0.62,0.025727,4.603347,,
2026-07-08T14:39:25.189,Raspberry_Relieve1,,,38.381,5.582,214,100,-1,0,,,,,,00:05:44,0.41,0.024407,4.627754,,
2026-07-08T14:39:25.689,Raspberry_Relieve1,,,38.988,4.007,156,100,-1,0,,,,,,00:05:44,0.44,0.022618,4.650372,,
2026-07-08T14:39:26.189,Raspberry_Relieve1,,,38.988,4.007,156,100,-1,0,,,,,,00:05:45,0.59,0.02561,4.675981,,
2026-07-08T14:39:26.689,Raspberry_Relieve1,,,38.862,4.622,180,100,-1,0,,,,,,00:05:45,0.47,0.021994,4.697975,,
2026-07-08T14:39:27.189,Raspberry_Relieve1,,,38.862,4.622,180,100,-1,0,,,,,,00:05:46,0.52,0.02599,4.723965,,
2026-07-08T14:39:27.689,Raspberry_Relieve1,,,38.67,4.888,189,100,-1,0,,,,,,00:05:46,0.43,0.02217,4.746135,,
2026-07-08T14:39:28.189,Raspberry_Relieve1,,,38.67,4.888,189,100,-1,0,,,,,,00:05:47,0.5,0.026486,4.772621,,
2026-07-08T14:39:28.690,Raspberry_Relieve1,,,40.192,1.378,55,100,-1,0,,,,,,00:05:47,0.52,0.017557,4.790178,,
2026-07-08T14:39:29.190,Raspberry_Relieve1,,,40.192,1.378,55,100,-1,0,,,,,,00:05:48,0.51,0.007751,4.797929,,
2026-07-08T14:39:29.690,Raspberry_Relieve1,,,39.34,2.205,87,100,-1,0,,,,,,00:05:48,0.55,0.010855,4.808784,,
2026-07-08T14:39:30.190,Raspberry_Relieve1,,,39.34,2.205,87,100,-1,0,,,,,,00:05:49,0.48,0.011662,4.820446,,
2026-07-08T14:39:30.690,Raspberry_Relieve1,,,38.755,3.956,153,100,-1,0,,,,,,00:05:49,0.47,0.01556,4.836006,,
2026-07-08T14:39:31.190,Raspberry_Relieve1,,,38.755,3.956,153,100,-1,0,,,,,,00:05:50,0.53,0.022426,4.858433,,
2026-07-08T14:39:31.691,Raspberry_Relieve1,,,40.026,-1.1,-44,100,14400,0,,,,,,00:05:50,0.49,0.007448,4.86588,,
2026-07-08T14:39:32.191,Raspberry_Relieve1,,,40.026,-1.1,-44,100,14400,0,,,,,,00:05:51,0.52,-0.006385,4.859495,,
2026-07-08T14:39:32.691,Raspberry_Relieve1,,,39.822,3.09,123,100,-1,0,,,,,,00:05:51,0.43,0.004667,4.864162,,
2026-07-08T14:39:33.191,Raspberry_Relieve1,,,39.822,3.09,123,100,-1,0,,,,,,00:05:52,0.57,0.019488,4.88365,,
2026-07-08T14:39:33.691,Raspberry_Relieve1,,,38.301,5.203,199,100,-1,0,,,,,,00:05:52,0.52,0.02332,4.90697,,
2026-07-08T14:39:34.191,Raspberry_Relieve1,,,38.301,5.203,199,100,-1,0,,,,,,00:05:53,0.49,0.027097,4.934067,,
2026-07-08T14:39:34.691,Raspberry_Relieve1,,,39.432,2.392,94,100,-1,0,,,,,,00:05:53,0.48,0.019678,4.953746,,
2026-07-08T14:39:35.191,Raspberry_Relieve1,,,39.432,2.392,94,100,-1,0,,,,,,00:05:54,0.46,0.011956,4.965701,,
2026-07-08T14:39:35.691,Raspberry_Relieve1,,,40.355,-1.234,-50,100,14400,0,,,,,,00:05:54,0.52,0.003153,4.968854,,
2026-07-08T14:39:36.191,Raspberry_Relieve1,,,40.355,-1.234,-50,100,14400,0,,,,,,00:05:55,0.55,-0.007588,4.961266,,
2026-07-08T14:39:36.692,Raspberry_Relieve1,,,39.786,0.735,29,100,-1,0,,,,,,00:05:55,0.47,-0.001371,4.959895,,
2026-07-08T14:39:37.192,Raspberry_Relieve1,,,39.786,0.735,29,100,-1,0,,,,,,00:05:56,0.47,0.00381,4.963706,,
2026-07-08T14:39:37.692,Raspberry_Relieve1,,,39.789,0.48,19,100,-1,0,,,,,,00:05:56,0.47,0.003114,4.966819,,
2026-07-08T14:39:38.192,Raspberry_Relieve1,,,39.789,0.48,19,100,-1,0,,,,,,00:05:57,0.54,0.002867,4.969686,,
2026-07-08T14:39:38.692,Raspberry_Relieve1,,,39.789,0.48,19,100,-1,0,,,,,,00:05:57,0.5,0.002641,4.972327,,
2026-07-08T14:39:39.192,Raspberry_Relieve1,,,39.791,0.46,18,100,-1,0,,,,,,00:05:58,0.53,0.00273,4.975057,,
2026-07-08T14:39:39.692,Raspberry_Relieve1,,,39.793,0.471,19,100,-1,0,,,,,,00:05:58,0.51,0.002609,4.977666,,
2026-07-08T14:39:40.192,Raspberry_Relieve1,,,39.793,0.471,19,100,-1,0,,,,,,00:05:59,0.45,0.002397,4.980063,,
2026-07-08T14:39:40.692,Raspberry_Relieve1,,,39.793,0.458,18,100,-1,0,,,,,,00:05:59,0.53,0.002741,4.982803,,
2026-07-08T14:39:41.193,Raspberry_Relieve1,,,39.793,0.458,18,100,-1,0,,,,,,00:06:00,0.43,0.002169,4.984973,,
2026-07-08T14:39:41.693,Raspberry_Relieve1,,,39.793,0.46,18,100,-1,0,,,,,,00:06:00,0.5,0.002477,4.987449,,
2026-07-08T14:39:42.193,Raspberry_Relieve1,,,39.793,0.46,18,100,-1,0,,,,,,00:06:01,0.51,0.00257,4.990019,,
2026-07-08T14:39:42.693,Raspberry_Relieve1,,,39.796,0.461,18,100,-1,0,,,,,,00:06:01,0.67,0.003338,4.993357,,
2026-07-08T14:39:43.195,Raspberry_Relieve1,,,39.796,0.461,18,100,-1,0,,,,,,00:06:02,0.4,0.002012,4.995369,,
2026-07-08T14:39:43.696,Raspberry_Relieve1,,,39.797,0.458,18,100,-1,0,,,,,,00:06:02,0.49,0.00245,4.99782,,
2026-07-08T14:39:44.196,Raspberry_Relieve1,,,39.797,0.458,18,100,-1,0,,,,,,00:06:03,0.5,0.002518,5.000338,,
2026-07-08T14:39:44.696,Raspberry_Relieve1,,,39.798,0.466,19,100,-1,0,,,,,,00:06:03,0.56,0.002866,5.003204,,
2026-07-08T14:39:45.196,Raspberry_Relieve1,,,39.798,0.466,19,100,-1,0,,,,,,00:06:04,0.43,0.002269,5.005473,,
2026-07-08T14:39:45.696,Raspberry_Relieve1,,,39.732,0.945,38,100,-1,0,,,,,,00:06:04,0.49,0.00386,5.009333,,
2026-07-08T14:39:46.196,Raspberry_Relieve1,,,39.732,0.945,38,100,-1,0,,,,,,00:06:05,0.46,0.004888,5.014221,,
2026-07-08T14:39:46.696,Raspberry_Relieve1,,,39.732,0.945,38,100,-1,0,,,,,,00:06:05,0.57,0.006023,5.020244,,
2026-07-08T14:39:47.196,Raspberry_Relieve1,,,39.761,0.851,34,100,-1,0,,,,,,00:06:06,0.47,0.004719,5.024963,,
2026-07-08T14:39:47.696,Raspberry_Relieve1,,,39.264,3.626,142,100,-1,0,,,,,,00:06:06,0.49,0.01209,5.037053,,
2026-07-08T14:39:48.197,Raspberry_Relieve1,,,39.264,3.626,142,100,-1,0,,,,,,00:06:07,0.5,0.019597,5.05665,,
2026-07-08T14:39:48.697,Raspberry_Relieve1,,,39.3,4.095,161,100,-1,0,,,,,,00:06:07,0.52,0.022036,5.078686,,
2026-07-08T14:39:49.197,Raspberry_Relieve1,,,39.3,4.095,161,100,-1,0,,,,,,00:06:08,0.5,0.022568,5.101254,,
2026-07-08T14:39:49.697,Raspberry_Relieve1,,,38.879,6.069,236,100,-1,0,,,,,,00:06:08,0.44,0.024336,5.12559,,
2026-07-08T14:39:50.197,Raspberry_Relieve1,,,38.879,6.069,236,100,-1,0,,,,,,00:06:09,0.54,0.035376,5.160966,,
2026-07-08T14:39:50.697,Raspberry_Relieve1,,,39.099,5.933,232,100,-1,0,,,,,,00:06:09,0.5,0.032422,5.193388,,
2026-07-08T14:39:51.197,Raspberry_Relieve1,,,39.099,5.933,232,100,-1,0,,,,,,00:06:10,0.5,0.032387,5.225775,,
2026-07-08T14:39:51.697,Raspberry_Relieve1,,,38.181,10.259,392,100,-1,0,,,,,,00:06:10,0.45,0.038645,5.26442,,
2026-07-08T14:39:52.197,Raspberry_Relieve1,,,38.181,10.259,392,100,-1,0,,,,,,00:06:11,0.6,0.06572,5.330139,,
2026-07-08T14:39:52.698,Raspberry_Relieve1,,,39.015,7.14,279,100,-1,0,,,,,,00:06:11,0.48,0.044349,5.374488,,
2026-07-08T14:39:53.198,Raspberry_Relieve1,,,39.015,7.14,279,100,-1,0,,,,,,00:06:12,0.5,0.038546,5.413034,,
2026-07-08T14:39:53.698,Raspberry_Relieve1,,,39.177,4.545,178,100,-1,0,,,,,,00:06:12,0.51,0.032335,5.445369,,
2026-07-08T14:39:54.198,Raspberry_Relieve1,,,39.177,4.545,178,100,-1,0,,,,,,00:06:13,0.5,0.024656,5.470025,,
2026-07-08T14:39:54.698,Raspberry_Relieve1,,,38.832,6.295,244,100,-1,0,,,,,,00:06:13,0.43,0.025219,5.495244,,
2026-07-08T14:39:55.198,Raspberry_Relieve1,,,38.832,6.295,244,100,-1,0,,,,,,00:06:14,0.57,0.038366,5.53361,,
2026-07-08T14:39:55.698,Raspberry_Relieve1,,,38.467,8.955,344,100,-1,0,,,,,,00:06:14,0.44,0.035703,5.569314,,
2026-07-08T14:39:56.198,Raspberry_Relieve1,,,38.467,8.955,344,100,-1,0,,,,,,00:06:15,0.54,0.051833,5.621147,,
2026-07-08T14:39:56.698,Raspberry_Relieve1,,,39.215,6.698,263,100,-1,0,,,,,,00:06:15,0.53,0.044905,5.666052,,
2026-07-08T14:39:57.199,Raspberry_Relieve1,,,39.215,6.698,263,100,-1,0,,,,,,00:06:16,0.47,0.034295,5.700347,,
2026-07-08T14:39:57.699,Raspberry_Relieve1,,,39.24,4.08,160,100,-1,0,,,,,,00:06:16,0.45,0.026226,5.726572,,
2026-07-08T14:39:58.199,Raspberry_Relieve1,,,39.24,4.08,160,100,-1,0,,,,,,00:06:17,0.49,0.021969,5.748541,,
2026-07-08T14:39:58.699,Raspberry_Relieve1,,,38.64,6.753,261,100,-1,0,,,,,,00:06:17,0.65,0.03785,5.786392,,
2026-07-08T14:39:59.199,Raspberry_Relieve1,,,38.64,6.753,261,100,-1,0,,,,,,00:06:18,0.34,0.024791,5.811182,,
2026-07-08T14:39:59.699,Raspberry_Relieve1,,,38.242,10.672,408,100,-1,0,,,,,,00:06:18,0.56,0.052459,5.863642,,
2026-07-08T14:40:00.199,Raspberry_Relieve1,,,38.242,10.672,408,100,-1,0,,,,,,00:06:19,0.59,0.066398,5.93004,,
2026-07-08T14:40:00.699,Raspberry_Relieve1,,,38.255,11.094,424,100,-1,0,,,,,,00:06:19,0.41,0.047932,5.977972,,
2026-07-08T14:40:01.200,Raspberry_Relieve1,,,38.255,11.094,424,100,-1,0,,,,,,00:06:20,0.52,0.060824,6.038796,,
2026-07-08T14:40:01.700,Raspberry_Relieve1,,,38.577,8.686,335,100,-1,0,,,,,,00:06:20,0.57,0.059997,6.098792,,
2026-07-08T14:40:02.200,Raspberry_Relieve1,,,38.577,8.686,335,100,-1,0,,,,,,00:06:21,0.37,0.034607,6.133399,,
2026-07-08T14:40:02.700,Raspberry_Relieve1,,,39.075,5.742,224,100,-1,0,,,,,,00:06:21,0.48,0.037587,6.170986,,
2026-07-08T14:40:03.200,Raspberry_Relieve1,,,39.075,5.742,224,100,-1,0,,,,,,00:06:22,0.72,0.044501,6.215487,,
2026-07-08T14:40:03.782,Raspberry_Relieve1,,,39.088,4.585,179,100,-1,0,,,,,,00:06:22,0.49,0.027272,6.242759,,
2026-07-08T14:40:04.283,Raspberry_Relieve1,,,39.088,4.585,179,100,-1,0,,,,,,00:06:23,0.38,0.019006,6.261766,,
2026-07-08T14:40:04.783,Raspberry_Relieve1,,,39.618,1.861,74,100,-1,0,,,,,,00:06:23,0.56,0.01982,6.281585,,
2026-07-08T14:40:05.283,Raspberry_Relieve1,,,39.618,1.861,74,100,-1,0,,,,,,00:06:24,0.44,0.009138,6.290723,,
2026-07-08T14:40:05.783,Raspberry_Relieve1,,,39.244,3.616,142,100,-1,0,,,,,,00:06:24,0.6,0.017896,6.30862,,
2026-07-08T14:40:06.283,Raspberry_Relieve1,,,39.244,3.616,142,100,-1,0,,,,,,00:06:25,0.45,0.017835,6.326454,,
2026-07-08T14:40:06.783,Raspberry_Relieve1,,,39.54,2.582,102,100,-1,0,,,,,,00:06:25,0.45,0.015289,6.341744,,
2026-07-08T14:40:07.283,Raspberry_Relieve1,,,39.54,2.582,102,100,-1,0,,,,,,00:06:26,0.54,0.015388,6.357131,,
2026-07-08T14:40:07.784,Raspberry_Relieve1,,,39.643,0.875,35,100,-1,0,,,,,,00:06:26,0.52,0.009959,6.36709,,
2026-07-08T14:40:08.284,Raspberry_Relieve1,,,39.643,0.875,35,100,-1,0,,,,,,00:06:27,0.76,0.00742,6.37451,,
2026-07-08T14:40:08.969,Raspberry_Relieve1,,,39.579,1.036,41,100,-1,0,,,,,,00:06:27,0.52,0.00548,6.37999,,
2026-07-08T14:40:09.469,Raspberry_Relieve1,,,39.579,1.036,41,100,-1,0,,,,,,00:06:28,0.34,0.00385,6.383841,,
2026-07-08T14:40:09.969,Raspberry_Relieve1,,,39.458,1.888,75,100,-1,0,,,,,,00:06:28,0.5,0.008074,6.391915,,
2026-07-08T14:40:10.469,Raspberry_Relieve1,,,39.458,1.888,75,100,-1,0,,,,,,00:06:29,0.56,0.011597,6.403512,,
2026-07-08T14:40:10.970,Raspberry_Relieve1,,,39.535,1.733,69,100,-1,0,,,,,,00:06:29,0.49,0.009856,6.413368,,
2026-07-08T14:40:11.470,Raspberry_Relieve1,,,39.535,1.733,69,100,-1,0,,,,,,00:06:30,0.43,0.008182,6.42155,,
2026-07-08T14:40:11.970,Raspberry_Relieve1,,,39.429,2.442,96,100,-1,0,,,,,,00:06:30,0.58,0.013331,6.434881,,
2026-07-08T14:40:12.470,Raspberry_Relieve1,,,39.429,2.442,96,100,-1,0,,,,,,00:06:31,0.51,0.013732,6.448612,,
2026-07-08T14:40:12.970,Raspberry_Relieve1,,,39.509,2.06,81,100,-1,0,,,,,,00:06:31,0.47,0.011448,6.46006,,
2026-07-08T14:40:13.470,Raspberry_Relieve1,,,39.509,2.06,81,100,-1,0,,,,,,00:06:32,0.51,0.011511,6.471571,,
2026-07-08T14:40:13.970,Raspberry_Relieve1,,,39.361,2.714,107,100,-1,0,,,,,,00:06:32,0.44,0.011529,6.4831,,
2026-07-08T14:40:14.470,Raspberry_Relieve1,,,39.361,2.714,107,100,-1,0,,,,,,00:06:33,0.59,0.017411,6.500511,,
2026-07-08T14:40:14.971,Raspberry_Relieve1,,,39.308,3.043,120,100,-1,0,,,,,,00:06:33,0.51,0.016121,6.516632,,
2026-07-08T14:40:15.471,Raspberry_Relieve1,,,39.308,3.043,120,100,-1,0,,,,,,00:06:34,0.65,0.021738,6.538371,,
2026-07-08T14:40:16.046,Raspberry_Relieve1,,,39.205,3.74,147,100,-1,0,,,,,,00:06:34,0.45,0.016722,6.555093,,
2026-07-08T14:40:16.546,Raspberry_Relieve1,,,39.219,3.875,152,100,-1,0,,,,,,00:06:35,0.43,0.017877,6.57297,,
2026-07-08T14:40:17.046,Raspberry_Relieve1,,,39.219,3.875,152,100,-1,0,,,,,,00:06:35,0.45,0.019092,6.592062,,
2026-07-08T14:40:17.546,Raspberry_Relieve1,,,39.272,3.644,143,100,-1,0,,,,,,00:06:36,0.51,0.020816,6.612878,,
2026-07-08T14:40:18.046,Raspberry_Relieve1,,,39.272,3.644,143,100,-1,0,,,,,,00:06:36,0.56,0.022343,6.635221,,
2026-07-08T14:40:18.546,Raspberry_Relieve1,,,39.236,3.459,136,100,-1,0,,,,,,00:06:37,0.5,0.01945,6.654671,,
2026-07-08T14:40:19.046,Raspberry_Relieve1,,,39.236,3.459,136,100,-1,0,,,,,,00:06:37,0.43,0.016271,6.670942,,
2026-07-08T14:40:19.546,Raspberry_Relieve1,,,39.437,2.811,111,100,-1,0,,,,,,00:06:38,0.49,0.016918,6.687861,,
2026-07-08T14:40:20.047,Raspberry_Relieve1,,,39.437,2.811,111,100,-1,0,,,,,,00:06:38,0.57,0.017537,6.705397,,
2026-07-08T14:40:20.547,Raspberry_Relieve1,,,39.315,3.056,120,100,-1,0,,,,,,00:06:39,0.49,0.015685,6.721082,,
2026-07-08T14:40:21.047,Raspberry_Relieve1,,,39.315,3.056,120,100,-1,0,,,,,,00:06:39,0.48,0.015905,6.736987,,
2026-07-08T14:40:21.547,Raspberry_Relieve1,,,39.344,3.103,122,100,-1,0,,,,,,00:06:40,0.93,0.031302,6.768289,,
2026-07-08T14:40:22.344,Raspberry_Relieve1,,,39.344,3.103,122,100,-1,0,,,,,,00:06:41,0.31,0.010669,6.778958,,
2026-07-08T14:40:22.844,Raspberry_Relieve1,,,39.263,3.605,142,100,-1,0,,,,,,00:06:41,0.57,0.020947,6.799905,,
2026-07-08T14:40:23.344,Raspberry_Relieve1,,,39.263,3.605,142,100,-1,0,,,,,,00:06:42,0.48,0.018973,6.818878,,
2026-07-08T14:40:23.844,Raspberry_Relieve1,,,39.272,3.561,140,100,-1,0,,,,,,00:06:42,0.51,0.019908,6.838785,,
2026-07-08T14:40:24.344,Raspberry_Relieve1,,,39.272,3.561,140,100,-1,0,,,,,,00:06:43,0.51,0.019784,6.858569,,
2026-07-08T14:40:24.844,Raspberry_Relieve1,,,39.176,4.073,160,100,-1,0,,,,,,00:06:43,0.51,0.021138,6.879707,,
2026-07-08T14:40:25.344,Raspberry_Relieve1,,,39.176,4.073,160,100,-1,0,,,,,,00:06:44,0.46,0.020531,6.900238,,
2026-07-08T14:40:25.844,Raspberry_Relieve1,,,39.116,4.392,172,100,-1,0,,,,,,00:06:44,0.52,0.023956,6.924194,,
2026-07-08T14:40:26.344,Raspberry_Relieve1,,,39.116,4.392,172,100,-1,0,,,,,,00:06:45,0.53,0.025135,6.94933,,
2026-07-08T14:40:26.845,Raspberry_Relieve1,,,39.114,4.388,172,100,-1,0,,,,,,00:06:45,0.44,0.02089,6.97022,,
2026-07-08T14:40:27.345,Raspberry_Relieve1,,,39.114,4.388,172,100,-1,0,,,,,,00:06:46,0.58,0.027768,6.997988,,
2026-07-08T14:40:27.845,Raspberry_Relieve1,,,39.06,4.72,184,100,-1,0,,,,,,00:06:46,0.52,0.025759,7.023747,,
2026-07-08T14:40:28.345,Raspberry_Relieve1,,,39.06,4.72,184,100,-1,0,,,,,,00:06:47,0.39,0.019918,7.043665,,
2026-07-08T14:40:28.845,Raspberry_Relieve1,,,39.06,4.699,184,100,-1,0,,,,,,00:06:47,0.57,0.029274,7.072938,,
2026-07-08T14:40:29.345,Raspberry_Relieve1,,,39.06,4.699,184,100,-1,0,,,,,,00:06:48,0.44,0.022337,7.095276,,
2026-07-08T14:40:29.845,Raspberry_Relieve1,,,39.057,4.805,188,100,-1,0,,,,,,00:06:48,0.59,0.030274,7.125549,,
2026-07-08T14:40:30.345,Raspberry_Relieve1,,,39.057,4.805,188,100,-1,0,,,,,,00:06:49,0.55,0.028678,7.154228,,
2026-07-08T14:40:30.845,Raspberry_Relieve1,,,39.017,5.088,198,100,-1,0,,,,,,00:06:49,0.42,0.022396,7.176624,,
2026-07-08T14:40:31.346,Raspberry_Relieve1,,,39.017,5.088,198,100,-1,0,,,,,,00:06:50,0.49,0.02721,7.203833,,
2026-07-08T14:40:31.846,Raspberry_Relieve1,,,39.031,5.046,197,100,-1,0,,,,,,00:06:50,0.51,0.02778,7.231613,,
2026-07-08T14:40:32.346,Raspberry_Relieve1,,,39.031,5.046,197,100,-1,0,,,,,,00:06:51,0.46,0.025162,7.256775,,
2026-07-08T14:40:32.846,Raspberry_Relieve1,,,39.027,5.012,196,100,-1,0,,,,,,00:06:51,0.55,0.02981,7.286585,,
2026-07-08T14:40:33.346,Raspberry_Relieve1,,,39.027,5.012,196,100,-1,0,,,,,,00:06:52,0.49,0.026558,7.313143,,
2026-07-08T14:40:33.846,Raspberry_Relieve1,,,39.025,4.957,193,100,-1,0,,,,,,00:06:52,0.49,0.026346,7.33949,,
2026-07-08T14:40:34.346,Raspberry_Relieve1,,,39.025,4.957,193,100,-1,0,,,,,,00:06:53,0.52,0.027809,7.367298,,
2026-07-08T14:40:34.846,Raspberry_Relieve1,,,39.051,4.816,188,100,-1,0,,,,,,00:06:53,0.51,0.026726,7.394025,,
2026-07-08T14:40:35.346,Raspberry_Relieve1,,,39.051,4.816,188,100,-1,0,,,,,,00:06:54,0.52,0.027157,7.421182,,
2026-07-08T14:40:35.847,Raspberry_Relieve1,,,39.147,4.309,169,100,-1,0,,,,,,00:06:54,0.45,0.022515,7.443697,,
2026-07-08T14:40:36.347,Raspberry_Relieve1,,,39.147,4.309,169,100,-1,0,,,,,,00:06:55,0.53,0.02477,7.468468,,
2026-07-08T14:40:36.847,Raspberry_Relieve1,,,39.092,4.46,174,100,-1,0,,,,,,00:06:55,0.45,0.021524,7.489992,,
2026-07-08T14:40:37.347,Raspberry_Relieve1,,,39.092,4.46,174,100,-1,0,,,,,,00:06:56,0.57,0.027618,7.517611,,
2026-07-08T14:40:37.847,Raspberry_Relieve1,,,39.085,4.507,176,100,-1,0,,,,,,00:06:56,0.49,0.02403,7.54164,,
2026-07-08T14:40:38.347,Raspberry_Relieve1,,,39.085,4.507,176,100,-1,0,,,,,,00:06:57,0.42,0.020426,7.562067,,
2026-07-08T14:40:38.847,Raspberry_Relieve1,,,39.054,4.699,184,100,-1,0,,,,,,00:06:57,0.57,0.028419,7.590486,,
2026-07-08T14:40:39.347,Raspberry_Relieve1,,,39.054,4.699,184,100,-1,0,,,,,,00:06:58,0.53,0.02711,7.617596,,
2026-07-08T14:40:39.847,Raspberry_Relieve1,,,39.066,4.644,181,100,-1,0,,,,,,00:06:58,0.47,0.023749,7.641344,,
2026-07-08T14:40:40.348,Raspberry_Relieve1,,,39.066,4.644,181,100,-1,0,,,,,,00:06:59,0.43,0.021684,7.663028,,
2026-07-08T14:40:40.848,Raspberry_Relieve1,,,39.041,4.71,184,100,-1,0,,,,,,00:06:59,0.5,0.025208,7.688236,,
2026-07-08T14:40:41.348,Raspberry_Relieve1,,,39.041,4.71,184,100,-1,0,,,,,,00:07:00,0.52,0.026399,7.714634,,
2026-07-08T14:40:41.848,Raspberry_Relieve1,,,39.019,4.773,186,100,-1,0,,,,,,00:07:00,0.55,0.028311,7.742946,,
2026-07-08T14:40:42.348,Raspberry_Relieve1,,,39.019,4.773,186,100,-1,0,,,,,,00:07:01,0.52,0.026684,7.76963,,
2026-07-08T14:40:42.848,Raspberry_Relieve1,,,39.035,4.738,185,100,-1,0,,,,,,00:07:01,0.48,0.024521,7.794151,,
2026-07-08T14:40:43.348,Raspberry_Relieve1,,,39.035,4.738,185,100,-1,0,,,,,,00:07:02,0.49,0.025253,7.819403,,
2026-07-08T14:40:43.848,Raspberry_Relieve1,,,39.02,4.843,189,100,-1,0,,,,,,00:07:02,0.53,0.027757,7.84716,,
2026-07-08T14:40:44.348,Raspberry_Relieve1,,,39.02,4.843,189,100,-1,0,,,,,,00:07:06,3.54,0.185749,8.032908,,
2026-07-08T14:40:47.810,Raspberry_Relieve1,,,39.019,4.85,189,100,-1,0,,,,,,00:07:06,0.52,0.027224,8.060133,,
2026-07-08T14:40:48.324,Raspberry_Relieve1,,,39.684,0.433,17,100,-1,0,,,,,,00:07:07,0.45,0.012916,8.073049,,
2026-07-08T14:40:48.824,Raspberry_Relieve1,,,39.694,0.54,21,100,-1,0,,,,,,00:07:07,0.46,0.00244,8.075489,,
2026-07-08T14:40:49.324,Raspberry_Relieve1,,,39.694,0.54,21,100,-1,0,,,,,,00:07:08,0.47,0.002732,8.078221,,
2026-07-08T14:40:49.824,Raspberry_Relieve1,,,39.694,0.54,21,100,-1,0,,,,,,00:07:08,0.53,0.003098,8.081319,,
2026-07-08T14:40:50.324,Raspberry_Relieve1,,,39.631,0.459,18,100,-1,0,,,,,,00:07:09,0.45,0.002455,8.083774,,
2026-07-08T14:40:50.824,Raspberry_Relieve1,,,39.638,0.453,18,100,-1,0,,,,,,00:07:09,0.56,0.0028,8.086574,,
2026-07-08T14:40:51.324,Raspberry_Relieve1,,,39.638,0.453,18,100,-1,0,,,,,,00:07:10,0.54,0.002694,8.089268,,
2026-07-08T14:40:51.825,Raspberry_Relieve1,,,39.638,0.453,18,100,-1,0,,,,,,00:07:10,0.39,0.001973,8.09124,,
2026-07-08T14:40:52.325,Raspberry_Relieve1,,,39.646,0.453,18,100,-1,0,,,,,,00:07:11,0.53,0.002632,8.093872,,
2026-07-08T14:40:52.825,Raspberry_Relieve1,,,39.646,0.456,18,100,-1,0,,,,,,00:07:11,0.46,0.002323,8.096195,,
2026-07-08T14:40:53.325,Raspberry_Relieve1,,,39.646,0.456,18,100,-1,0,,,,,,00:07:12,0.51,0.002528,8.098723,,
2026-07-08T14:40:53.825,Raspberry_Relieve1,,,39.646,0.456,18,100,-1,0,,,,,,00:07:12,0.53,0.002666,8.101389,,
2026-07-08T14:40:54.325,Raspberry_Relieve1,,,39.651,0.465,18,100,-1,0,,,,,,00:07:13,0.48,0.002422,8.103811,,
2026-07-08T14:40:54.825,Raspberry_Relieve1,,,39.659,0.458,18,100,-1,0,,,,,,00:07:13,0.46,0.002311,8.106122,,
2026-07-08T14:40:55.325,Raspberry_Relieve1,,,39.659,0.458,18,100,-1,0,,,,,,00:07:14,0.57,0.002849,8.108971,,
2026-07-08T14:40:55.825,Raspberry_Relieve1,,,39.658,0.463,18,100,-1,0,,,,,,00:07:14,0.44,0.00219,8.11116,,
2026-07-08T14:40:56.326,Raspberry_Relieve1,,,39.658,0.463,18,100,-1,0,,,,,,00:07:15,0.58,0.002903,8.114063,,
2026-07-08T14:40:56.826,Raspberry_Relieve1,,,39.662,0.465,18,100,-1,0,,,,,,00:07:15,0.46,0.002289,8.116352,,
2026-07-08T14:40:57.326,Raspberry_Relieve1,,,39.662,0.465,18,100,-1,0,,,,,,00:07:16,0.54,0.00269,8.119042,,
2026-07-08T14:40:57.826,Raspberry_Relieve1,,,39.664,0.481,19,100,-1,0,,,,,,00:07:16,0.48,0.002444,8.121486,,
2026-07-08T14:40:58.326,Raspberry_Relieve1,,,39.664,0.481,19,100,-1,0,,,,,,00:07:17,0.52,0.002734,8.12422,,
2026-07-08T14:40:58.826,Raspberry_Relieve1,,,39.667,0.484,19,100,-1,0,,,,,,00:07:17,0.49,0.0026,8.12682,,
2026-07-08T14:40:59.326,Raspberry_Relieve1,,,39.667,0.484,19,100,-1,0,,,,,,00:07:18,0.48,0.002514,8.129334,,
2026-07-08T14:40:59.826,Raspberry_Relieve1,,,39.668,0.479,19,100,-1,0,,,,,,00:07:18,0.55,0.002909,8.132243,,
2026-07-08T14:41:00.326,Raspberry_Relieve1,,,39.668,0.479,19,100,-1,0,,,,,,00:07:19,0.49,0.002593,8.134836,,
2026-07-08T14:41:00.827,Raspberry_Relieve1,,,39.657,0.542,21,100,-1,0,,,,,,00:07:19,0.48,0.002681,8.137517,,
2026-07-08T14:41:01.327,Raspberry_Relieve1,,,39.657,0.542,21,100,-1,0,,,,,,00:07:20,0.5,0.002921,8.140437,,
2026-07-08T14:41:01.827,Raspberry_Relieve1,,,39.679,0.468,19,100,-1,0,,,,,,00:07:20,0.46,0.002573,8.14301,,
2026-07-08T14:41:02.327,Raspberry_Relieve1,,,39.679,0.468,19,100,-1,0,,,,,,00:07:21,0.51,0.002688,8.145698,,
2026-07-08T14:41:02.827,Raspberry_Relieve1,,,39.646,0.589,23,100,-1,0,,,,,,00:07:21,0.46,0.002708,8.148406,,
2026-07-08T14:41:03.327,Raspberry_Relieve1,,,39.646,0.589,23,100,-1,0,,,,,,00:07:22,0.55,0.003527,8.151934,,
2026-07-08T14:41:03.827,Raspberry_Relieve1,,,39.673,0.567,22,100,-1,0,,,,,,00:07:22,0.48,0.003012,8.154945,,
2026-07-08T14:41:04.327,Raspberry_Relieve1,,,39.673,0.567,22,100,-1,0,,,,,,00:07:23,0.53,0.003208,8.158154,,
2026-07-08T14:41:04.827,Raspberry_Relieve1,,,39.663,0.6,24,100,-1,0,,,,,,00:07:23,0.44,0.002801,8.160955,,
2026-07-08T14:41:05.327,Raspberry_Relieve1,,,39.663,0.6,24,100,-1,0,,,,,,00:07:24,0.49,0.003237,8.164191,,
2026-07-08T14:41:05.827,Raspberry_Relieve1,,,39.664,0.585,23,100,-1,0,,,,,,00:07:24,0.61,0.004008,8.1682,,
2026-07-08T14:41:06.328,Raspberry_Relieve1,,,39.664,0.585,23,100,-1,0,,,,,,00:07:25,0.49,0.003137,8.171337,,
2026-07-08T14:41:06.828,Raspberry_Relieve1,,,39.622,0.81,32,100,-1,0,,,,,,00:07:25,0.47,0.003575,8.174912,,
2026-07-08T14:41:07.328,Raspberry_Relieve1,,,39.622,0.81,32,100,-1,0,,,,,,00:07:26,0.52,0.004632,8.179544,,
2026-07-08T14:41:07.828,Raspberry_Relieve1,,,39.654,0.749,30,100,-1,0,,,,,,00:07:26,0.42,0.003608,8.183153,,
2026-07-08T14:41:08.328,Raspberry_Relieve1,,,39.654,0.749,30,100,-1,0,,,,,,00:07:27,0.52,0.004319,8.187472,,
2026-07-08T14:41:08.828,Raspberry_Relieve1,,,39.64,0.813,32,100,-1,0,,,,,,00:07:27,0.58,0.004971,8.192443,,
2026-07-08T14:41:09.328,Raspberry_Relieve1,,,39.64,0.813,32,100,-1,0,,,,,,00:07:28,0.43,0.003856,8.196299,,
2026-07-08T14:41:09.828,Raspberry_Relieve1,,,39.71,0.257,10,100,-1,0,,,,,,00:07:28,0.54,0.003155,8.199454,,
2026-07-08T14:41:10.328,Raspberry_Relieve1,,,39.71,0.257,10,100,-1,0,,,,,,00:07:29,0.46,0.00128,8.200735,,
2026-07-08T14:41:10.829,Raspberry_Relieve1,,,39.658,0.818,32,100,-1,0,,,,,,00:07:29,0.5,0.002911,8.203645,,
2026-07-08T14:41:11.329,Raspberry_Relieve1,,,39.658,0.818,32,100,-1,0,,,,,,00:07:30,0.59,0.005258,8.208903,,
2026-07-08T14:41:11.829,Raspberry_Relieve1,,,39.658,0.818,32,100,-1,0,,,,,,00:07:30,0.43,0.003864,8.212767,,
2026-07-08T14:41:12.329,Raspberry_Relieve1,,,39.697,0.541,21,100,-1,0,,,,,,00:07:31,0.51,0.003781,8.216549,,
2026-07-08T14:41:12.829,Raspberry_Relieve1,,,39.7,0.455,18,100,-1,0,,,,,,00:07:31,0.51,0.002778,8.219326,,
2026-07-08T14:41:13.329,Raspberry_Relieve1,,,39.7,0.455,18,100,-1,0,,,,,,00:07:32,0.51,0.002568,8.221894,,
2026-07-08T14:41:13.829,Raspberry_Relieve1,,,39.682,0.588,23,100,-1,0,,,,,,00:07:32,0.49,0.002773,8.224667,,
2026-07-08T14:41:14.329,Raspberry_Relieve1,,,39.682,0.588,23,100,-1,0,,,,,,00:07:33,0.5,0.003199,8.227866,,
2026-07-08T14:41:14.830,Raspberry_Relieve1,,,39.696,0.498,20,100,-1,0,,,,,,00:07:33,0.43,0.002566,8.230432,,
2026-07-08T14:41:15.330,Raspberry_Relieve1,,,39.696,0.498,20,100,-1,0,,,,,,00:07:34,0.56,0.003094,8.233526,,
2026-07-08T14:41:15.830,Raspberry_Relieve1,,,39.696,0.498,20,100,-1,0,,,,,,00:07:34,0.51,0.002825,8.236351,,
2026-07-08T14:41:16.330,Raspberry_Relieve1,,,39.689,0.54,21,100,-1,0,,,,,,00:07:35,0.49,0.002767,8.239118,,
2026-07-08T14:41:16.830,Raspberry_Relieve1,,,39.69,0.559,22,100,-1,0,,,,,,00:07:35,0.48,0.002879,8.241997,,
2026-07-08T14:41:17.330,Raspberry_Relieve1,,,39.69,0.559,22,100,-1,0,,,,,,00:07:36,0.53,0.003238,8.245235,,
2026-07-08T14:41:17.830,Raspberry_Relieve1,,,39.698,0.511,20,100,-1,0,,,,,,00:07:36,0.42,0.002434,8.247668,,
2026-07-08T14:41:18.331,Raspberry_Relieve1,,,39.698,0.511,20,100,-1,0,,,,,,00:07:37,0.54,0.002988,8.250656,,
2026-07-08T14:41:18.831,Raspberry_Relieve1,,,39.698,0.511,20,100,-1,0,,,,,,00:07:37,0.57,0.003184,8.253841,,
2026-07-08T14:41:19.336,Raspberry_Relieve1,,,39.699,0.503,20,100,-1,0,,,,,,00:07:38,0.42,0.002351,8.256192,,
2026-07-08T14:41:19.836,Raspberry_Relieve1,,,39.708,0.469,19,100,-1,0,,,,,,00:07:38,0.57,0.003106,8.259298,,
2026-07-08T14:41:20.336,Raspberry_Relieve1,,,39.708,0.469,19,100,-1,0,,,,,,00:07:39,0.51,0.002701,8.262,,
2026-07-08T14:41:20.836,Raspberry_Relieve1,,,39.711,0.45,18,100,-1,0,,,,,,00:07:39,0.48,0.002443,8.264442,,
2026-07-08T14:41:21.336,Raspberry_Relieve1,,,39.711,0.45,18,100,-1,0,,,,,,00:07:40,0.45,0.00224,8.266683,,
2026-07-08T14:41:21.837,Raspberry_Relieve1,,,39.703,0.494,20,100,-1,0,,,,,,00:07:40,0.54,0.002846,8.269529,,
2026-07-08T14:41:22.337,Raspberry_Relieve1,,,39.703,0.494,20,100,-1,0,,,,,,00:07:41,0.52,0.002894,8.272423,,
2026-07-08T14:41:22.837,Raspberry_Relieve1,,,39.69,0.601,24,100,-1,0,,,,,,00:07:41,0.5,0.003074,8.275498,,
2026-07-08T14:41:23.337,Raspberry_Relieve1,,,39.69,0.601,24,100,-1,0,,,,,,00:07:42,0.43,0.002838,8.278336,,
2026-07-08T14:41:23.837,Raspberry_Relieve1,,,39.685,0.642,25,100,-1,0,,,,,,00:07:42,0.55,0.003742,8.282078,,
2026-07-08T14:41:24.337,Raspberry_Relieve1,,,39.685,0.642,25,100,-1,0,,,,,,00:07:43,0.51,0.003535,8.285612,,
2026-07-08T14:41:24.837,Raspberry_Relieve1,,,39.715,0.514,20,100,-1,0,,,,,,00:07:43,0.44,0.002765,8.288378,,
2026-07-08T14:41:25.337,Raspberry_Relieve1,,,39.715,0.514,20,100,-1,0,,,,,,00:07:44,0.55,0.003068,8.291446,,
2026-07-08T14:41:25.838,Raspberry_Relieve1,,,39.715,0.514,20,100,-1,0,,,,,,00:07:44,0.51,0.002858,8.294304,,
2026-07-08T14:41:26.338,Raspberry_Relieve1,,,39.717,0.454,18,100,-1,0,,,,,,00:07:45,0.44,0.002314,8.296618,,
2026-07-08T14:41:26.838,Raspberry_Relieve1,,,39.67,0.725,29,100,-1,0,,,,,,00:07:45,0.55,0.003615,8.300233,,
2026-07-08T14:41:27.338,Raspberry_Relieve1,,,39.67,0.725,29,100,-1,0,,,,,,00:07:46,0.54,0.004334,8.304567,,
2026-07-08T14:41:27.838,Raspberry_Relieve1,,,39.692,0.68,27,100,-1,0,,,,,,00:07:46,0.48,0.003724,8.308291,,
2026-07-08T14:41:28.338,Raspberry_Relieve1,,,39.692,0.68,27,100,-1,0,,,,,,00:07:47,0.43,0.003231,8.311522,,
2026-07-08T14:41:28.838,Raspberry_Relieve1,,,39.694,0.663,26,100,-1,0,,,,,,00:07:47,0.5,0.003678,8.315201,,
2026-07-08T14:41:29.338,Raspberry_Relieve1,,,39.694,0.663,26,100,-1,0,,,,,,00:07:48,0.49,0.003544,8.318745,,
2026-07-08T14:41:29.839,Raspberry_Relieve1,,,39.682,0.723,29,100,-1,0,,,,,,00:07:48,0.54,0.004118,8.322863,,
2026-07-08T14:41:30.339,Raspberry_Relieve1,,,39.682,0.723,29,100,-1,0,,,,,,00:07:49,0.54,0.004311,8.327174,,
2026-07-08T14:41:30.839,Raspberry_Relieve1,,,40.398,-2.198,-89,100,14400,0.001,,,,,,00:07:49,0.47,-0.003891,8.323283,,
2026-07-08T14:41:31.339,Raspberry_Relieve1,,,40.398,-2.198,-89,100,14400,0.001,,,,,,00:07:50,0.48,-0.011794,8.311489,,
2026-07-08T14:41:31.839,Raspberry_Relieve1,,,39.79,-0.307,-12,100,14400,0.001,,,,,,00:07:50,0.53,-0.00742,8.304069,,
2026-07-08T14:41:32.339,Raspberry_Relieve1,,,39.79,-0.307,-12,100,14400,0.001,,,,,,00:07:51,0.54,-0.001789,8.302281,,
2026-07-08T14:41:32.839,Raspberry_Relieve1,,,38.086,6.336,241,100,-1,0,,,,,,00:07:51,0.5,0.015859,8.31814,,
2026-07-08T14:41:33.339,Raspberry_Relieve1,,,38.086,6.336,241,100,-1,0,,,,,,00:07:52,0.44,0.029125,8.347265,,
2026-07-08T14:41:33.840,Raspberry_Relieve1,,,39.727,1.666,66,100,-1,0,,,,,,00:07:52,0.54,0.02293,8.370196,,
2026-07-08T14:41:34.340,Raspberry_Relieve1,,,39.727,1.666,66,100,-1,0,,,,,,00:07:53,0.5,0.009099,8.379295,,
2026-07-08T14:41:34.840,Raspberry_Relieve1,,,39.193,1.72,67,100,-1,0,,,,,,00:07:53,0.5,0.009291,8.388585,,
2026-07-08T14:41:35.340,Raspberry_Relieve1,,,39.193,1.72,67,100,-1,0,,,,,,00:07:54,0.5,0.009374,8.397959,,
2026-07-08T14:41:35.840,Raspberry_Relieve1,,,38.991,2.3,90,100,-1,0,,,,,,00:07:54,0.48,0.010431,8.40839,,
2026-07-08T14:41:36.340,Raspberry_Relieve1,,,38.991,2.3,90,100,-1,0,,,,,,00:07:55,0.51,0.012866,8.421256,,
2026-07-08T14:41:36.840,Raspberry_Relieve1,,,39.261,1.748,69,100,-1,0,,,,,,00:07:55,0.5,0.011139,8.432395,,
2026-07-08T14:41:37.340,Raspberry_Relieve1,,,39.261,1.748,69,100,-1,0,,,,,,00:07:56,0.51,0.009733,8.442128,,
2026-07-08T14:41:37.840,Raspberry_Relieve1,,,40.215,-1.709,-69,100,14400,0,,,,,,00:07:56,0.47,0,8.442128,,
2026-07-08T14:41:38.341,Raspberry_Relieve1,,,40.215,-1.709,-69,100,14400,0,,,,,,00:07:57,0.5,-0.00953,8.432598,,
2026-07-08T14:41:38.841,Raspberry_Relieve1,,,38.47,5.072,195,100,-1,0,,,,,,00:07:57,0.52,0.009089,8.441687,,
2026-07-08T14:41:39.341,Raspberry_Relieve1,,,38.47,5.072,195,100,-1,0,,,,,,00:07:58,0.52,0.028143,8.46983,,
2026-07-08T14:41:39.841,Raspberry_Relieve1,,,38.787,3.986,155,100,-1,0,,,,,,00:07:58,0.5,0.024182,8.494012,,
2026-07-08T14:41:40.341,Raspberry_Relieve1,,,38.787,3.986,155,100,-1,0,,,,,,00:07:59,0.48,0.020769,8.514781,,
2026-07-08T14:41:40.841,Raspberry_Relieve1,,,39.896,2.095,84,100,-1,0,,,,,,00:07:59,0.49,0.016226,8.531007,,
2026-07-08T14:41:41.341,Raspberry_Relieve1,,,39.71,0.603,24,100,-1,0,,,,,,00:08:00,0.56,0.008352,8.539358,,
2026-07-08T14:41:41.841,Raspberry_Relieve1,,,39.71,0.603,24,100,-1,0,,,,,,00:08:00,0.41,0.002718,8.542076,,
2026-07-08T14:41:42.342,Raspberry_Relieve1,,,39.71,0.603,24,100,-1,0,,,,,,00:08:01,0.52,0.003471,8.545547,,
2026-07-08T14:41:42.842,Raspberry_Relieve1,,,39.713,0.465,18,100,-1,0,,,,,,00:08:01,0.51,0.002975,8.548522,,
2026-07-08T14:41:43.342,Raspberry_Relieve1,,,39.713,0.465,18,100,-1,0,,,,,,00:08:02,0.59,0.002929,8.551452,,
2026-07-08T14:41:43.842,Raspberry_Relieve1,,,39.713,0.455,18,100,-1,0,,,,,,00:08:02,0.44,0.00218,8.553631,,
2026-07-08T14:41:44.342,Raspberry_Relieve1,,,39.713,0.455,18,100,-1,0,,,,,,00:08:03,0.5,0.002516,8.556148,,
2026-07-08T14:41:44.842,Raspberry_Relieve1,,,39.718,0.452,18,100,-1,0,,,,,,00:08:03,0.51,0.002565,8.558713,,
2026-07-08T14:41:45.342,Raspberry_Relieve1,,,39.719,0.453,18,100,-1,0,,,,,,00:08:04,0.44,0.002183,8.560896,,
2026-07-08T14:41:45.842,Raspberry_Relieve1,,,39.719,0.453,18,100,-1,0,,,,,,00:08:04,0.6,0.003021,8.563917,,
2026-07-08T14:41:46.342,Raspberry_Relieve1,,,39.719,0.453,18,100,-1,0,,,,,,00:08:05,0.42,0.002104,8.566021,,
2026-07-08T14:41:46.843,Raspberry_Relieve1,,,39.793,-0.787,-31,100,14400,0,,,,,,00:08:05,0.5,-0.000895,8.565126,,
2026-07-08T14:41:47.343,Raspberry_Relieve1,,,39.795,1.448,58,100,-1,0,,,,,,00:08:06,0.53,0.001995,8.567121,,
2026-07-08T14:41:47.843,Raspberry_Relieve1,,,39.795,1.448,58,100,-1,0,,,,,,00:08:06,0.53,0.008523,8.575644,,
2026-07-08T14:41:48.343,Raspberry_Relieve1,,,39.718,0.514,20,100,-1,0,,,,,,00:08:07,0.46,0.004941,8.580585,,
2026-07-08T14:41:48.843,Raspberry_Relieve1,,,39.718,0.514,20,100,-1,0,,,,,,00:08:07,0.48,0.002674,8.583259,,
2026-07-08T14:41:49.343,Raspberry_Relieve1,,,39.721,0.454,18,100,-1,0,,,,,,00:08:08,0.52,0.002732,8.585991,,
2026-07-08T14:41:49.843,Raspberry_Relieve1,,,39.721,0.454,18,100,-1,0,,,,,,00:08:08,0.52,0.002606,8.588597,,
2026-07-08T14:41:50.343,Raspberry_Relieve1,,,39.781,0.219,9,100,-1,0,,,,,,00:08:09,0.44,0.001661,8.590258,,
2026-07-08T14:41:50.843,Raspberry_Relieve1,,,39.781,0.219,9,100,-1,0,,,,,,00:08:09,0.54,0.001346,8.591604,,
2026-07-08T14:41:51.344,Raspberry_Relieve1,,,39.85,-1.408,-56,100,14400,0,,,,,,00:08:10,0.51,-0.003358,8.588246,,
2026-07-08T14:41:51.844,Raspberry_Relieve1,,,39.85,-1.408,-56,100,14400,0,,,,,,00:08:10,0.53,-0.008179,8.580067,,
2026-07-08T14:41:52.344,Raspberry_Relieve1,,,39.519,4.424,175,100,-1,0,,,,,,00:08:11,0.42,0.007015,8.587082,,
2026-07-08T14:41:52.844,Raspberry_Relieve1,,,39.519,4.424,175,100,-1,0,,,,,,00:08:11,0.55,0.026576,8.613658,,
2026-07-08T14:41:53.344,Raspberry_Relieve1,,,39.519,4.424,175,100,-1,0,,,,,,00:08:12,0.5,0.024512,8.638171,,
2026-07-08T14:41:53.844,Raspberry_Relieve1,,,39.722,0.68,27,100,-1,0,,,,,,00:08:12,0.49,0.013669,8.65184,,
2026-07-08T14:41:54.344,Raspberry_Relieve1,,,39.721,0.463,18,100,-1,0,,,,,,00:08:13,0.5,0.003148,8.654988,,
2026-07-08T14:41:54.844,Raspberry_Relieve1,,,39.721,0.463,18,100,-1,0,,,,,,00:08:13,0.53,0.002638,8.657626,,
2026-07-08T14:41:55.344,Raspberry_Relieve1,,,39.608,-0.455,-18,100,14400,0,,,,,,00:08:14,0.42,0,8.657626,,
2026-07-08T14:41:55.845,Raspberry_Relieve1,,,39.608,-0.455,-18,100,14400,0,,,,,,00:08:14,0.57,-0.002864,8.654762,,
2026-07-08T14:41:56.345,Raspberry_Relieve1,,,39.718,1.215,48,100,-1,0,,,,,,00:08:15,0.42,0.001771,8.656533,,
2026-07-08T14:41:56.845,Raspberry_Relieve1,,,39.718,1.215,48,100,-1,0,,,,,,00:08:15,0.56,0.007449,8.663982,,
2026-07-08T14:41:57.345,Raspberry_Relieve1,,,39.84,-0.94,-37,100,14400,0,,,,,,00:08:16,0.48,0.000741,8.664723,,
2026-07-08T14:41:57.845,Raspberry_Relieve1,,,39.84,-0.94,-37,100,14400,0,,,,,,00:08:16,0.49,-0.00505,8.659673,,
2026-07-08T14:41:58.345,Raspberry_Relieve1,,,39.716,0.946,38,100,-1,0,,,,,,00:08:17,0.47,0.000065,8.659738,,
2026-07-08T14:41:58.845,Raspberry_Relieve1,,,39.716,0.946,38,100,-1,0,,,,,,00:08:17,0.52,0.005462,8.6652,,
2026-07-08T14:41:59.345,Raspberry_Relieve1,,,39.721,0.479,19,100,-1,0,,,,,,00:08:18,0.55,0.004349,8.669549,,
2026-07-08T14:41:59.845,Raspberry_Relieve1,,,39.721,0.479,19,100,-1,0,,,,,,00:08:18,0.41,0.002184,8.671733,,
2026-07-08T14:42:00.346,Raspberry_Relieve1,,,39.724,0.449,18,100,-1,0,,,,,,00:08:19,0.58,0.003004,8.674737,,
2026-07-08T14:42:00.846,Raspberry_Relieve1,,,39.724,0.449,18,100,-1,0,,,,,,00:08:19,0.51,0.002546,8.677284,,
2026-07-08T14:42:01.346,Raspberry_Relieve1,,,40.389,-2.544,-103,100,13973,0.001,,,,,,00:08:20,0.47,-0.005593,8.671691,,
2026-07-08T14:42:01.917,Raspberry_Relieve1,,,40.389,-2.544,-103,100,13973,0.001,,,,,,00:08:20,0.55,-0.015842,8.655849,,
2026-07-08T14:42:02.417,Raspberry_Relieve1,,,39.795,-0.239,-10,100,13095,0.001,,,,,,00:08:21,0.51,-0.00797,8.647878,,
2026-07-08T14:42:02.917,Raspberry_Relieve1,,,39.795,-0.239,-10,100,13095,0.001,,,,,,00:08:21,0.43,-0.001201,8.646677,,
2026-07-08T14:42:03.417,Raspberry_Relieve1,,,39.795,0,0,100,-1,0.001,,,,,,00:08:22,0.57,-0.00079,8.645887,,
2026-07-08T14:42:03.917,Raspberry_Relieve1,,,39.795,0,0,100,-1,0.001,,,,,,00:08:22,0.42,0,8.645887,,
2026-07-08T14:42:04.417,Raspberry_Relieve1,,,39.795,0,0,100,-1,0.001,,,,,,00:08:23,0.56,0,8.645887,,
2026-07-08T14:42:04.917,Raspberry_Relieve1,,,39.795,0,0,100,-1,0.001,,,,,,00:08:23,0.46,0,8.645887,,
2026-07-08T14:42:05.417,Raspberry_Relieve1,,,39.797,0,0,100,-1,0.001,,,,,,00:08:24,0.56,0,8.645887,,
2026-07-08T14:42:05.917,Raspberry_Relieve1,,,39.797,0,0,100,-1,0.001,,,,,,00:08:24,0.44,0,8.645887,,
2026-07-08T14:42:06.417,Raspberry_Relieve1,,,39.77,1.409,56,100,-1,0,,,,,,00:08:25,0.57,0.004455,8.650342,,
2026-07-08T14:42:06.917,Raspberry_Relieve1,,,39.77,1.409,56,100,-1,0,,,,,,00:08:25,0.51,0.007868,8.65821,,
2026-07-08T14:42:07.418,Raspberry_Relieve1,,,39.726,0.507,20,100,-1,0,,,,,,00:08:26,0.43,0.004578,8.662788,,
2026-07-08T14:42:07.918,Raspberry_Relieve1,,,39.726,0.507,20,100,-1,0,,,,,,00:08:26,0.57,0.003186,8.665974,,
2026-07-08T14:42:08.418,Raspberry_Relieve1,,,39.725,0.45,18,100,-1,0,,,,,,00:08:27,0.5,0.002661,8.668635,,
2026-07-08T14:42:08.918,Raspberry_Relieve1,,,39.725,0.45,18,100,-1,0,,,,,,00:08:27,0.49,0.002448,8.671083,,
2026-07-08T14:42:09.418,Raspberry_Relieve1,,,39.728,0.447,18,100,-1,0,,,,,,00:08:28,0.44,0.002178,8.67326,,
2026-07-08T14:42:09.918,Raspberry_Relieve1,,,39.728,0.447,18,100,-1,0,,,,,,00:08:28,0.56,0.0028,8.676061,,
2026-07-08T14:42:10.418,Raspberry_Relieve1,,,39.729,0.446,18,100,-1,0,,,,,,00:08:29,0.49,0.002455,8.678516,,
2026-07-08T14:42:10.918,Raspberry_Relieve1,,,39.729,0.446,18,100,-1,0,,,,,,00:08:29,0.45,0.002226,8.680742,,
2026-07-08T14:42:11.419,Raspberry_Relieve1,,,39.73,0.443,18,100,-1,0,,,,,,00:08:30,0.51,0.002536,8.683278,,
2026-07-08T14:42:11.919,Raspberry_Relieve1,,,39.73,0.443,18,100,-1,0,,,,,,00:08:30,0.6,0.002999,8.686276,,
2026-07-08T14:42:12.419,Raspberry_Relieve1,,,39.73,0.444,18,100,-1,0,,,,,,00:08:31,0.45,0.002275,8.688551,,
2026-07-08T14:42:12.919,Raspberry_Relieve1,,,39.73,0.444,18,100,-1,0,,,,,,00:08:31,0.44,0.002182,8.690733,,
2026-07-08T14:42:13.419,Raspberry_Relieve1,,,39.731,0.443,18,100,-1,0,,,,,,00:08:32,0.56,0.002811,8.693545,,
2026-07-08T14:42:13.919,Raspberry_Relieve1,,,39.731,0.443,18,100,-1,0,,,,,,00:08:32,0.49,0.002429,8.695973,,
2026-07-08T14:42:14.419,Raspberry_Relieve1,,,39.732,0.441,18,100,-1,0,,,,,,00:08:33,0.51,0.00257,8.698543,,
2026-07-08T14:42:14.919,Raspberry_Relieve1,,,39.732,0.441,18,100,-1,0,,,,,,00:08:33,0.53,0.002658,8.701201,,
2026-07-08T14:42:15.419,Raspberry_Relieve1,,,39.732,0.441,18,100,-1,0,,,,,,00:08:34,0.4,0.002016,8.703217,,
2026-07-08T14:42:15.920,Raspberry_Relieve1,,,39.731,0.445,18,100,-1,0,,,,,,00:08:34,0.59,0.002936,8.706153,,
2026-07-08T14:42:16.420,Raspberry_Relieve1,,,39.734,0.439,17,100,-1,0,,,,,,00:08:35,0.5,0.002448,8.708601,,
2026-07-08T14:42:16.920,Raspberry_Relieve1,,,39.734,0.439,17,100,-1,0,,,,,,00:08:35,0.47,0.002198,8.710798,,
2026-07-08T14:42:17.420,Raspberry_Relieve1,,,39.734,0.439,17,100,-1,0,,,,,,00:08:36,0.49,0.002304,8.713102,,
2026-07-08T14:42:17.920,Raspberry_Relieve1,,,39.733,0.444,18,100,-1,0,,,,,,00:08:36,0.51,0.002475,8.715576,,
2026-07-08T14:42:18.420,Raspberry_Relieve1,,,39.733,0.444,18,100,-1,0,,,,,,00:08:37,0.44,0.002221,8.717798,,
2026-07-08T14:42:18.920,Raspberry_Relieve1,,,39.734,0.446,18,100,-1,0,,,,,,00:08:37,0.5,0.002521,8.720319,,
2026-07-08T14:42:19.421,Raspberry_Relieve1,,,39.74,0.422,17,100,-1,0,,,,,,00:08:38,0.59,0.002871,8.723189,,
2026-07-08T14:42:19.921,Raspberry_Relieve1,,,39.74,0.422,17,100,-1,0,,,,,,00:08:38,0.49,0.002304,8.725494,,
2026-07-08T14:42:20.421,Raspberry_Relieve1,,,39.798,0,17,100,-1,0,,,,,,00:08:39,0.43,0.002007,8.727501,,
2026-07-08T14:42:20.921,Raspberry_Relieve1,,,39.798,0,17,100,-1,0,,,,,,00:08:39,0.49,0.002334,8.729835,,
2026-07-08T14:42:21.421,Raspberry_Relieve1,,,39.825,-0.137,-5,100,14400,0,,,,,,00:08:40,0.6,0.000995,8.73083,,
2026-07-08T14:42:21.921,Raspberry_Relieve1,,,39.825,-0.137,-5,100,14400,0,,,,,,00:08:40,0.48,-0.00066,8.73017,,
2026-07-08T14:42:22.421,Raspberry_Relieve1,,,39.825,-0.137,-5,100,14400,0,,,,,,00:08:41,0.49,-0.000685,8.729485,,
2026-07-08T14:42:22.921,Raspberry_Relieve1,,,39.773,0.634,25,100,-1,0,,,,,,00:08:41,0.51,0.001425,8.730909,,
2026-07-08T14:42:23.421,Raspberry_Relieve1,,,39.773,0.634,25,100,-1,0,,,,,,00:08:42,0.46,0.003224,8.734133,,
2026-07-08T14:42:23.967,Raspberry_Relieve1,,,39.734,0.454,18,100,-1,0,,,,,,00:08:42,0.56,0.003356,8.737489,,
2026-07-08T14:42:24.467,Raspberry_Relieve1,,,39.734,0.454,18,100,-1,0,,,,,,00:08:43,0.51,0.002545,8.740034,,
2026-07-08T14:42:24.968,Raspberry_Relieve1,,,39.736,0.444,18,100,-1,0,,,,,,00:08:43,0.56,0.002792,8.742826,,
2026-07-08T14:42:25.468,Raspberry_Relieve1,,,39.737,0.439,17,100,-1,0,,,,,,00:08:44,0.44,0.00213,8.744957,,
2026-07-08T14:42:25.968,Raspberry_Relieve1,,,39.737,0.439,17,100,-1,0,,,,,,00:08:45,0.65,0.003082,8.748038,,
2026-07-08T14:42:26.556,Raspberry_Relieve1,,,39.737,0.445,18,100,-1,0,,,,,,00:08:45,0.36,0.001747,8.749785,,
2026-07-08T14:42:27.056,Raspberry_Relieve1,,,39.737,0.445,18,100,-1,0,,,,,,00:08:45,0.5,0.002501,8.752286,,
2026-07-08T14:42:27.556,Raspberry_Relieve1,,,39.736,0.445,18,100,-1,0,,,,,,00:08:46,0.56,0.002798,8.755084,,
2026-07-08T14:42:28.056,Raspberry_Relieve1,,,39.736,0.445,18,100,-1,0,,,,,,00:08:46,0.45,0.002268,8.757352,,
2026-07-08T14:42:28.557,Raspberry_Relieve1,,,39.736,0.445,18,100,-1,0,,,,,,00:08:47,0.56,0.002787,8.760139,,
2026-07-08T14:42:29.057,Raspberry_Relieve1,,,39.768,0.332,13,100,-1,0,,,,,,00:08:47,0.51,0.002198,8.762336,,
2026-07-08T14:42:29.557,Raspberry_Relieve1,,,39.802,0,13,100,-1,0,,,,,,00:08:48,0.55,0.001996,8.764332,,
2026-07-08T14:42:30.057,Raspberry_Relieve1,,,39.802,0,13,100,-1,0,,,,,,00:08:48,0.38,0.001381,8.765713,,
2026-07-08T14:42:30.557,Raspberry_Relieve1,,,40.055,-1.011,-40,100,14400,0,,,,,,00:08:49,0.64,-0.002398,8.763315,,
2026-07-08T14:42:31.060,Raspberry_Relieve1,,,40.055,-1.011,-40,100,14400,0,,,,,,00:08:49,0.42,-0.004709,8.758606,,
2026-07-08T14:42:31.560,Raspberry_Relieve1,,,38.353,6.298,242,100,-1,0,,,,,,00:08:50,0.61,0.017156,8.775762,,
2026-07-08T14:42:32.070,Raspberry_Relieve1,,,38.353,6.298,242,100,-1,0,,,,,,00:08:50,0.39,0.026526,8.802288,,
2026-07-08T14:42:32.570,Raspberry_Relieve1,,,38.353,6.298,242,100,-1,0,,,,,,00:08:51,0.48,0.032007,8.834296,,
2026-07-08T14:42:33.070,Raspberry_Relieve1,,,39.728,0.821,33,100,-1,0,,,,,,00:08:51,0.51,0.019312,8.853607,,
2026-07-08T14:42:33.570,Raspberry_Relieve1,,,40.092,-0.878,-35,100,14400,0,,,,,,00:08:52,0.46,-0.000129,8.853478,,
2026-07-08T14:42:34.070,Raspberry_Relieve1,,,40.092,-0.878,-35,100,14400,0,,,,,,00:08:52,0.54,-0.005242,8.848237,,
2026-07-08T14:42:34.570,Raspberry_Relieve1,,,40.086,-1.984,-80,100,12795,0.001,,,,,,00:08:53,0.52,-0.008254,8.839983,,
2026-07-08T14:42:35.070,Raspberry_Relieve1,,,40.086,-1.984,-80,100,12795,0.001,,,,,,00:08:53,0.49,-0.010781,8.829202,,
2026-07-08T14:42:35.571,Raspberry_Relieve1,,,39.804,-0.144,-6,100,12442,0.001,,,,,,00:08:54,0.78,-0.009323,8.81988,,
2026-07-08T14:42:36.319,Raspberry_Relieve1,,,39.8,1.469,58,100,-1,0,,,,,,00:08:55,0.47,0.003414,8.823294,,
2026-07-08T14:42:36.819,Raspberry_Relieve1,,,39.8,1.469,58,100,-1,0,,,,,,00:08:55,0.53,0.008606,8.8319,,
2026-07-08T14:42:37.319,Raspberry_Relieve1,,,39.726,0.517,21,100,-1,0,,,,,,00:08:56,0.48,0.005256,8.837156,,
2026-07-08T14:42:37.820,Raspberry_Relieve1,,,39.726,0.517,21,100,-1,0,,,,,,00:08:56,0.5,0.002916,8.840072,,
2026-07-08T14:42:38.320,Raspberry_Relieve1,,,39.731,0.452,18,100,-1,0,,,,,,00:08:57,0.44,0.002394,8.842466,,
2026-07-08T14:42:38.820,Raspberry_Relieve1,,,39.731,0.452,18,100,-1,0,,,,,,00:08:57,0.54,0.002692,8.845158,,
2026-07-08T14:42:39.320,Raspberry_Relieve1,,,39.729,0.449,18,100,-1,0,,,,,,00:08:58,0.51,0.002531,8.847689,,
2026-07-08T14:42:39.820,Raspberry_Relieve1,,,39.729,0.449,18,100,-1,0,,,,,,00:08:58,0.46,0.002301,8.849991,,
2026-07-08T14:42:40.320,Raspberry_Relieve1,,,39.727,0.448,18,100,-1,0,,,,,,00:08:59,0.56,0.002789,8.85278,,
2026-07-08T14:42:40.820,Raspberry_Relieve1,,,39.727,0.448,18,100,-1,0,,,,,,00:08:59,0.5,0.002499,8.855279,,
2026-07-08T14:42:41.321,Raspberry_Relieve1,,,39.727,0.448,18,100,-1,0,,,,,,00:09:00,0.6,0.002989,8.858268,,
2026-07-08T14:42:41.821,Raspberry_Relieve1,,,39.726,0.445,18,100,-1,0,,,,,,00:09:00,0.35,0.001741,8.860009,,
2026-07-08T14:42:42.321,Raspberry_Relieve1,,,39.726,0.445,18,100,-1,0,,,,,,00:09:01,0.49,0.002431,8.86244,,
2026-07-08T14:42:42.821,Raspberry_Relieve1,,,39.724,0.447,18,100,-1,0,,,,,,00:09:01,0.51,0.002528,8.864968,,
2026-07-08T14:42:43.321,Raspberry_Relieve1,,,39.727,0.445,18,100,-1,0,,,,,,00:09:02,0.55,0.00277,8.867738,,
2026-07-08T14:42:43.821,Raspberry_Relieve1,,,39.727,0.445,18,100,-1,0,,,,,,00:09:02,0.5,0.002508,8.870246,,
2026-07-08T14:42:44.321,Raspberry_Relieve1,,,39.727,0.445,18,100,-1,0,,,,,,00:09:03,0.45,0.002254,8.872501,,
2026-07-08T14:42:44.821,Raspberry_Relieve1,,,39.727,0.443,18,100,-1,0,,,,,,00:09:03,0.58,0.002902,8.875403,,
2026-07-08T14:42:45.321,Raspberry_Relieve1,,,39.727,0.443,18,100,-1,0,,,,,,00:09:04,0.43,0.002157,8.87756,,
2026-07-08T14:42:45.822,Raspberry_Relieve1,,,39.727,0.443,18,100,-1,0,,,,,,00:09:04,0.54,0.002722,8.880282,,
2026-07-08T14:42:46.322,Raspberry_Relieve1,,,39.727,0.443,18,100,-1,0,,,,,,00:09:05,0.48,0.002413,8.882695,,
2026-07-08T14:42:46.822,Raspberry_Relieve1,,,39.729,0.442,18,100,-1,0,,,,,,00:09:05,0.53,0.002639,8.885334,,
2026-07-08T14:42:47.322,Raspberry_Relieve1,,,39.729,0.442,18,100,-1,0,,,,,,00:09:06,0.45,0.00224,8.887575,,
2026-07-08T14:42:47.822,Raspberry_Relieve1,,,39.727,0.441,18,100,-1,0,,,,,,00:09:06,0.54,0.0027,8.890275,,
2026-07-08T14:42:48.322,Raspberry_Relieve1,,,39.727,0.446,18,100,-1,0,,,,,,00:09:07,0.45,0.002248,8.892523,,
2026-07-08T14:42:48.822,Raspberry_Relieve1,,,39.727,0.446,18,100,-1,0,,,,,,00:09:07,0.48,0.0024,8.894923,,
2026-07-08T14:42:49.322,Raspberry_Relieve1,,,39.727,0.446,18,100,-1,0,,,,,,00:09:08,0.59,0.002974,8.897897,,
2026-07-08T14:42:49.823,Raspberry_Relieve1,,,39.722,0.439,17,100,-1,0,,,,,,00:09:08,0.42,0.002046,8.899944,,
2026-07-08T14:42:50.323,Raspberry_Relieve1,,,39.722,0.439,17,100,-1,0,,,,,,00:09:09,0.55,0.002615,8.902559,,
2026-07-08T14:42:50.823,Raspberry_Relieve1,,,39.715,0.444,18,100,-1,0,,,,,,00:09:09,0.46,0.002234,8.904793,,
2026-07-08T14:42:51.323,Raspberry_Relieve1,,,39.72,0.445,18,100,-1,0,,,,,,00:09:10,0.55,0.002756,8.907549,,
2026-07-08T14:42:51.823,Raspberry_Relieve1,,,39.72,0.445,18,100,-1,0,,,,,,00:09:10,0.47,0.002353,8.909903,,
2026-07-08T14:42:52.323,Raspberry_Relieve1,,,39.721,0.441,18,100,-1,0,,,,,,00:09:11,0.45,0.002236,8.912138,,
2026-07-08T14:42:52.823,Raspberry_Relieve1,,,39.721,0.441,18,100,-1,0,,,,,,00:09:11,0.58,0.00292,8.915058,,
2026-07-08T14:42:53.324,Raspberry_Relieve1,,,39.799,0.127,5,100,-1,0,,,,,,00:09:12,0.43,0.001386,8.916444,,
2026-07-08T14:42:53.824,Raspberry_Relieve1,,,39.799,0.127,5,100,-1,0,,,,,,00:09:12,0.55,0.000758,8.917201,,
2026-07-08T14:42:54.324,Raspberry_Relieve1,,,39.68,0.987,39,100,-1,0,,,,,,00:09:13,0.5,0.003052,8.920254,,
2026-07-08T14:42:54.824,Raspberry_Relieve1,,,39.68,0.987,39,100,-1,0,,,,,,00:09:13,0.46,0.004938,8.925191,,
2026-07-08T14:42:55.324,Raspberry_Relieve1,,,39.73,0.469,19,100,-1,0,,,,,,00:09:14,0.59,0.004782,8.929974,,
2026-07-08T14:42:55.824,Raspberry_Relieve1,,,39.73,0.469,19,100,-1,0,,,,,,00:09:14,0.4,0.00209,8.932064,,
2026-07-08T14:42:56.324,Raspberry_Relieve1,,,39.73,0.444,18,100,-1,0,,,,,,00:09:15,0.52,0.002666,8.93473,,
2026-07-08T14:42:56.824,Raspberry_Relieve1,,,39.73,0.444,18,100,-1,0,,,,,,00:09:15,0.54,0.002707,8.937437,,
2026-07-08T14:42:57.325,Raspberry_Relieve1,,,39.732,0.441,18,100,-1,0,,,,,,00:09:16,0.83,0.004146,8.941582,,
2026-07-08T14:42:58.080,Raspberry_Relieve1,,,39.732,0.441,18,100,-1,0,,,,,,00:09:17,0.49,0.002474,8.944057,,
2026-07-08T14:42:58.580,Raspberry_Relieve1,,,39.731,0.444,18,100,-1,0,,,,,,00:09:17,0.43,0.002144,8.9462,,
2026-07-08T14:42:59.080,Raspberry_Relieve1,,,39.731,0.444,18,100,-1,0,,,,,,00:09:17,0.46,0.00229,8.948491,,
2026-07-08T14:42:59.580,Raspberry_Relieve1,,,39.731,0.44,17,100,-1,0,,,,,,00:09:18,0.55,0.002684,8.951174,,
2026-07-08T14:43:00.080,Raspberry_Relieve1,,,39.731,0.44,17,100,-1,0,,,,,,00:09:18,0.48,0.002287,8.953461,,
2026-07-08T14:43:00.581,Raspberry_Relieve1,,,39.732,0.441,18,100,-1,0,,,,,,00:09:19,0.5,0.002423,8.955884,,
2026-07-08T14:43:01.081,Raspberry_Relieve1,,,39.732,0.441,18,100,-1,0,,,,,,00:09:19,0.52,0.002584,8.958468,,
2026-07-08T14:43:01.581,Raspberry_Relieve1,,,39.734,0.441,18,100,-1,0,,,,,,00:09:20,0.51,0.002575,8.961043,,
2026-07-08T14:43:02.081,Raspberry_Relieve1,,,39.734,0.441,18,100,-1,0,,,,,,00:09:20,0.5,0.002477,8.96352,,
2026-07-08T14:43:02.581,Raspberry_Relieve1,,,39.732,0.442,18,100,-1,0,,,,,,00:09:21,0.49,0.002442,8.965962,,
2026-07-08T14:43:03.081,Raspberry_Relieve1,,,39.732,0.442,18,100,-1,0,,,,,,00:09:21,0.5,0.002488,8.96845,,
2026-07-08T14:43:03.581,Raspberry_Relieve1,,,39.733,0.44,17,100,-1,0,,,,,,00:09:22,0.44,0.002153,8.970603,,
2026-07-08T14:43:04.081,Raspberry_Relieve1,,,39.733,0.44,17,100,-1,0,,,,,,00:09:23,0.62,0.00291,8.973513,,
2026-07-08T14:43:04.582,Raspberry_Relieve1,,,39.719,0.439,17,100,-1,0,,,,,,00:09:23,0.44,0.002078,8.97559,,
2026-07-08T14:43:05.082,Raspberry_Relieve1,,,39.719,0.439,17,100,-1,0,,,,,,00:09:23,0.48,0.002253,8.977844,,
2026-07-08T14:43:05.582,Raspberry_Relieve1,,,39.719,0.439,17,100,-1,0,,,,,,00:09:24,0.46,0.002167,8.980011,,
2026-07-08T14:43:06.082,Raspberry_Relieve1,,,39.728,0.441,18,100,-1,0,,,,,,00:09:24,0.49,0.002373,8.982384,,
2026-07-08T14:43:06.582,Raspberry_Relieve1,,,39.728,0.441,18,100,-1,0,,,,,,00:09:25,0.57,0.002853,8.985237,,
2026-07-08T14:43:07.082,Raspberry_Relieve1,,,39.731,0.438,17,100,-1,0,,,,,,00:09:25,0.53,0.002569,8.987807,,
2026-07-08T14:43:07.582,Raspberry_Relieve1,,,39.732,0.443,18,100,-1,0,,,,,,00:09:26,0.46,0.002257,8.990064,,
2026-07-08T14:43:08.082,Raspberry_Relieve1,,,39.732,0.443,18,100,-1,0,,,,,,00:09:26,0.51,0.002552,8.992616,,
2026-07-08T14:43:08.582,Raspberry_Relieve1,,,39.732,0.443,18,100,-1,0,,,,,,00:09:27,0.49,0.002436,8.995052,,
2026-07-08T14:43:09.083,Raspberry_Relieve1,,,39.733,0.439,17,100,-1,0,,,,,,00:09:27,0.46,0.002248,8.997301,,
2026-07-08T14:43:09.583,Raspberry_Relieve1,,,39.731,0.441,18,100,-1,0,,,,,,00:09:28,0.57,0.00278,9.00008,,
2026-07-08T14:43:10.083,Raspberry_Relieve1,,,39.731,0.441,18,100,-1,0,,,,,,00:09:28,0.42,0.002118,9.002198,,
2026-07-08T14:43:10.583,Raspberry_Relieve1,,,40.454,-2.466,-100,100,14400,0.001,,,,,,00:09:29,0.58,-0.006571,8.995627,,
2026-07-08T14:43:11.083,Raspberry_Relieve1,,,40.454,-2.466,-100,100,14400,0.001,,,,,,00:09:29,0.42,-0.011542,8.984085,,
2026-07-08T14:43:11.583,Raspberry_Relieve1,,,39.808,-0.262,-10,100,13387,0.001,,,,,,00:09:30,0.51,-0.007759,8.976326,,
2026-07-08T14:43:12.083,Raspberry_Relieve1,,,39.808,-0.262,-10,100,13387,0.001,,,,,,00:09:30,0.55,-0.001541,8.974785,,
2026-07-08T14:43:12.583,Raspberry_Relieve1,,,39.806,0,0,100,-1,0.001,,,,,,00:09:31,0.52,-0.000726,8.974059,,
2026-07-08T14:43:13.083,Raspberry_Relieve1,,,39.806,0,0,100,-1,0.001,,,,,,00:09:31,0.48,0,8.974059,,
2026-07-08T14:43:13.584,Raspberry_Relieve1,,,39.807,0,0,100,-1,0.001,,,,,,00:09:32,0.51,0,8.974059,,
2026-07-08T14:43:14.084,Raspberry_Relieve1,,,39.807,0,0,100,-1,0.001,,,,,,00:09:32,0.5,0,8.974059,,
2026-07-08T14:43:14.584,Raspberry_Relieve1,,,39.808,0,0,100,-1,0.001,,,,,,00:09:33,0.48,0,8.974059,,
2026-07-08T14:43:15.084,Raspberry_Relieve1,,,39.808,0,0,100,-1,0.001,,,,,,00:09:33,0.5,0,8.974059,,
2026-07-08T14:43:15.584,Raspberry_Relieve1,,,39.807,0,0,100,-1,0.001,,,,,,00:09:34,0.44,0,8.974059,,
2026-07-08T14:43:16.084,Raspberry_Relieve1,,,39.807,0,0,100,-1,0.001,,,,,,00:09:34,0.54,0,8.974059,,
2026-07-08T14:43:16.584,Raspberry_Relieve1,,,39.809,0,0,100,-1,0.001,,,,,,00:09:35,0.5,0,8.974059,,
2026-07-08T14:43:17.084,Raspberry_Relieve1,,,39.809,0,0,100,-1,0.001,,,,,,00:09:35,0.53,0,8.974059,,
2026-07-08T14:43:17.584,Raspberry_Relieve1,,,39.812,0,0,100,-1,0.001,,,,,,00:09:36,0.43,0,8.974059,,
2026-07-08T14:43:18.085,Raspberry_Relieve1,,,39.812,0,0,100,-1,0.001,,,,,,00:09:37,0.67,0,8.974059,,
2026-07-08T14:43:18.590,Raspberry_Relieve1,,,39.81,0,0,100,-1,0.001,,,,,,00:09:37,0.37,0,8.974059,,
2026-07-08T14:44:42.472,Raspberry_Relieve1,,,39.826,0,0,100,-1,0.001,,,,,,00:00:00,,,0,,
2026-07-08T14:44:42.972,Raspberry_Relieve1,,,39.826,0,0,100,-1,0.001,,,,,,00:00:00,,,0,,
2026-07-08T14:44:43.472,Raspberry_Relieve1,,,39.825,0,0,100,-1,0.001,,,,,,00:00:01,0.41,0,0,,
2026-07-08T14:44:43.972,Raspberry_Relieve1,,,39.825,0,0,100,-1,0.001,,,,,,00:00:01,0.42,0,0,,
2026-07-08T14:44:44.473,Raspberry_Relieve1,,,39.826,0,0,100,-1,0.001,,,,,,00:00:02,0.6,0,0,,
2026-07-08T14:44:44.973,Raspberry_Relieve1,,,39.826,0,0,100,-1,0.001,,,,,,00:00:02,0.41,0,0,,
2026-07-08T14:44:45.473,Raspberry_Relieve1,,,39.826,0,0,100,-1,0.001,,,,,,00:00:03,0.61,0,0,,
2026-07-08T14:44:45.973,Raspberry_Relieve1,,,39.826,0,0,100,-1,0.001,,,,,,00:00:03,0.43,0,0,,
2026-07-08T14:44:46.473,Raspberry_Relieve1,,,39.829,0,0,100,-1,0.001,,,,,,00:00:04,0.55,0,0,,
2026-07-08T14:44:46.973,Raspberry_Relieve1,,,39.829,0,0,100,-1,0.001,,,,,,00:00:04,0.47,0,0,,
2026-07-08T14:44:47.473,Raspberry_Relieve1,,,39.827,0,0,100,-1,0.001,,,,,,00:00:05,0.51,0,0,,
2026-07-08T14:44:47.973,Raspberry_Relieve1,,,39.827,0,0,100,-1,0.001,,,,,,00:00:05,0.43,0,0,,
2026-07-08T14:44:48.473,Raspberry_Relieve1,,,39.826,0,0,100,-1,0.001,,,,,,00:00:06,0.56,0,0,,
2026-07-08T14:44:48.974,Raspberry_Relieve1,,,39.826,0,0,100,-1,0.001,,,,,,00:00:06,0.5,0,0,,
2026-07-08T14:44:49.474,Raspberry_Relieve1,,,39.826,0,0,100,-1,0.001,,,,,,00:00:07,0.52,0,0,,
2026-07-08T14:44:49.974,Raspberry_Relieve1,,,39.826,0,0,100,-1,0.001,,,,,,00:00:07,0.43,0,0,,
2026-07-08T14:44:50.474,Raspberry_Relieve1,,,39.824,0,0,100,-1,0.001,,,,,,00:00:07,0.53,0,0,,
2026-07-08T14:44:50.974,Raspberry_Relieve1,,,39.824,0,0,100,-1,0.001,,,,,,00:00:08,0.51,0,0,,
2026-07-08T14:44:51.474,Raspberry_Relieve1,,,39.827,0,0,100,-1,0.001,,,,,,00:00:09,0.51,0,0,,
2026-07-08T14:44:51.974,Raspberry_Relieve1,,,39.827,0,0,100,-1,0.001,,,,,,00:00:09,0.51,0,0,,
2026-07-08T14:44:52.474,Raspberry_Relieve1,,,39.826,0,0,100,-1,0.001,,,,,,00:00:10,0.52,0,0,,
2026-07-08T14:44:52.974,Raspberry_Relieve1,,,39.826,0,0,100,-1,0.001,,,,,,00:00:10,0.51,0,0,,
2026-07-08T14:44:53.474,Raspberry_Relieve1,,,39.826,0,0,100,-1,0.001,,,,,,00:00:10,0.41,0,0,,
2026-07-08T14:44:53.974,Raspberry_Relieve1,,,39.826,0,0,100,-1,0.001,,,,,,00:00:11,0.47,0,0,,
2026-07-08T14:44:54.474,Raspberry_Relieve1,,,39.827,0,0,100,-1,0.001,,,,,,00:00:12,0.63,0,0,,
2026-07-08T14:44:54.975,Raspberry_Relieve1,,,39.829,0,0,100,-1,0.001,,,,,,00:00:12,0.49,0,0,,
2026-07-08T14:44:55.475,Raspberry_Relieve1,,,39.829,0,0,100,-1,0.001,,,,,,00:00:13,0.46,0,0,,
2026-07-08T14:44:55.975,Raspberry_Relieve1,,,39.827,0,0,100,-1,0.001,,,,,,00:00:13,0.5,0,0,,
2026-07-08T14:44:56.475,Raspberry_Relieve1,,,39.827,0,0,100,-1,0.001,,,,,,00:00:13,0.44,0,0,,
2026-07-08T14:44:56.975,Raspberry_Relieve1,,,39.829,0,0,100,-1,0.001,,,,,,00:00:14,0.48,0,0,,
2026-07-08T14:44:57.475,Raspberry_Relieve1,,,39.829,0,0,100,-1,0.001,,,,,,00:00:14,0.51,0,0,,
2026-07-08T14:44:57.975,Raspberry_Relieve1,,,39.827,0,0,100,-1,0.001,,,,,,00:00:15,0.55,0,0,,
2026-07-08T14:44:58.475,Raspberry_Relieve1,,,39.827,0,0,100,-1,0.001,,,,,,00:00:16,0.54,0,0,,
2026-07-08T14:44:58.975,Raspberry_Relieve1,,,39.828,0,0,100,-1,0.001,,,,,,00:00:16,0.42,0,0,,
2026-07-08T14:44:59.476,Raspberry_Relieve1,,,39.828,0,0,100,-1,0.001,,,,,,00:00:16,0.49,0,0,,
2026-07-08T14:44:59.976,Raspberry_Relieve1,,,39.829,0,0,100,-1,0.001,,,,,,00:00:17,0.57,0,0,,
2026-07-08T14:45:00.476,Raspberry_Relieve1,,,39.829,0,0,100,-1,0.001,,,,,,00:00:18,0.56,0,0,,
2026-07-08T14:45:00.976,Raspberry_Relieve1,,,39.828,0,0,100,-1,0.001,,,,,,00:00:18,0.46,0,0,,
2026-07-08T14:45:01.476,Raspberry_Relieve1,,,39.828,0,0,100,-1,0.001,,,,,,00:00:18,0.41,0,0,,
2026-07-08T14:45:01.976,Raspberry_Relieve1,,,39.827,0,0,100,-1,0.001,,,,,,00:00:19,0.52,0,0,,
2026-07-08T14:45:02.476,Raspberry_Relieve1,,,39.827,0,0,100,-1,0.001,,,,,,00:00:19,0.49,0,0,,
2026-07-08T14:45:02.976,Raspberry_Relieve1,,,39.828,0,0,100,-1,0.001,,,,,,00:00:20,0.6,0,0,,
2026-07-08T14:45:03.476,Raspberry_Relieve1,,,39.828,0,0,100,-1,0.001,,,,,,00:00:20,0.4,0,0,,
2026-07-08T14:45:03.976,Raspberry_Relieve1,,,39.827,0,0,100,-1,0.001,,,,,,00:00:21,0.57,0,0,,
2026-07-08T14:45:04.476,Raspberry_Relieve1,,,39.827,0,0,100,-1,0.001,,,,,,00:00:21,0.45,0,0,,
2026-07-08T14:45:04.976,Raspberry_Relieve1,,,39.829,0,0,100,-1,0.001,,,,,,00:00:22,0.62,0,0,,
2026-07-08T14:45:05.477,Raspberry_Relieve1,,,39.829,0,0,100,-1,0.001,,,,,,00:00:23,0.49,0,0,,
2026-07-08T14:45:05.977,Raspberry_Relieve1,,,39.829,0,0,100,-1,0.001,,,,,,00:00:23,0.49,0,0,,
2026-07-08T14:45:06.477,Raspberry_Relieve1,,,39.829,0,0,100,-1,0.001,,,,,,00:00:24,0.49,0,0,,
2026-07-08T14:45:06.977,Raspberry_Relieve1,,,39.828,0,0,100,-1,0.001,,,,,,00:00:24,0.45,0,0,,
2026-07-08T14:45:07.477,Raspberry_Relieve1,,,39.828,0,0,100,-1,0.001,,,,,,00:00:25,0.55,0,0,,
2026-07-08T14:45:07.977,Raspberry_Relieve1,,,39.829,0,0,100,-1,0.001,,,,,,00:00:25,0.48,0,0,,
2026-07-08T14:45:08.477,Raspberry_Relieve1,,,39.829,0,0,100,-1,0.001,,,,,,00:00:25,0.43,0,0,,
2026-07-08T14:45:08.977,Raspberry_Relieve1,,,39.829,0,0,100,-1,0.001,,,,,,00:00:26,0.56,0,0,,
2026-07-08T14:45:09.478,Raspberry_Relieve1,,,39.829,0,0,100,-1,0.001,,,,,,00:00:27,0.53,0,0,,
2026-07-08T14:45:09.978,Raspberry_Relieve1,,,39.827,0,0,100,-1,0.001,,,,,,00:00:27,0.51,0,0,,
2026-07-08T14:45:10.478,Raspberry_Relieve1,,,39.827,0,0,100,-1,0.001,,,,,,00:00:28,0.47,0,0,,
2026-07-08T14:45:10.978,Raspberry_Relieve1,,,39.828,0,0,100,-1,0.001,,,,,,00:00:28,0.46,0,0,,
2026-07-08T14:45:11.478,Raspberry_Relieve1,,,39.828,0,0,100,-1,0.001,,,,,,00:00:29,0.64,0,0,,
2026-07-08T14:45:11.978,Raspberry_Relieve1,,,39.83,0,0,100,-1,0.001,,,,,,00:00:29,0.33,0,0,,
2026-07-08T14:45:12.478,Raspberry_Relieve1,,,39.83,0,0,100,-1,0.001,,,,,,00:00:30,0.66,0,0,,
2026-07-08T14:45:12.978,Raspberry_Relieve1,,,39.828,0,0,100,-1,0.001,,,,,,00:00:30,0.4,0,0,,
2026-07-08T14:45:13.478,Raspberry_Relieve1,,,39.828,0,0,100,-1,0.001,,,,,,00:00:31,0.54,0,0,,
2026-07-08T14:45:13.979,Raspberry_Relieve1,,,39.829,0,0,100,-1,0.001,,,,,,00:00:31,0.5,0,0,,
2026-07-08T14:45:14.479,Raspberry_Relieve1,,,39.829,0,0,100,-1,0.001,,,,,,00:00:32,0.46,0,0,,
2026-07-08T14:45:14.979,Raspberry_Relieve1,,,39.829,0,0,100,-1,0.001,,,,,,00:00:32,0.52,0,0,,
2026-07-08T14:45:15.479,Raspberry_Relieve1,,,39.829,0,0,100,-1,0.001,,,,,,00:00:33,0.5,0,0,,
2026-07-08T14:45:15.979,Raspberry_Relieve1,,,39.83,0,0,100,-1,0.001,,,,,,00:00:33,0.5,0,0,,
2026-07-08T14:45:16.479,Raspberry_Relieve1,,,39.83,0,0,100,-1,0.001,,,,,,00:00:33,0.45,0,0,,
2026-07-08T14:45:16.979,Raspberry_Relieve1,,,39.829,0,0,100,-1,0.001,,,,,,00:00:34,0.54,0,0,,
2026-07-08T14:45:17.479,Raspberry_Relieve1,,,39.829,0,0,100,-1,0.001,,,,,,00:00:35,0.5,0,0,,
2026-07-08T14:45:17.979,Raspberry_Relieve1,,,39.831,0,0,100,-1,0.001,,,,,,00:00:35,0.54,0,0,,
2026-07-08T14:45:18.480,Raspberry_Relieve1,,,39.831,0,0,100,-1,0.001,,,,,,00:00:36,0.54,0,0,,
2026-07-08T14:45:18.980,Raspberry_Relieve1,,,39.83,0,0,100,-1,0.001,,,,,,00:00:36,0.45,0,0,,
2026-07-08T14:45:19.480,Raspberry_Relieve1,,,39.83,0,0,100,-1,0.001,,,,,,00:00:37,0.65,0,0,,
2026-07-08T14:45:20.008,Raspberry_Relieve1,,,39.83,0,0,100,-1,0.001,,,,,,00:00:37,0.36,0,0,,
2026-07-08T14:45:20.508,Raspberry_Relieve1,,,39.83,0,0,100,-1,0.001,,,,,,00:00:37,0.44,0,0,,
2026-07-08T14:45:21.008,Raspberry_Relieve1,,,39.829,0,0,100,-1,0.001,,,,,,00:00:38,0.6,0,0,,
2026-07-08T14:45:21.508,Raspberry_Relieve1,,,39.829,0,0,100,-1,0.001,,,,,,00:00:39,0.5,0,0,,
2026-07-08T14:45:22.008,Raspberry_Relieve1,,,39.828,0,0,100,-1,0.001,,,,,,00:00:39,0.56,0,0,,
2026-07-08T14:45:22.509,Raspberry_Relieve1,,,39.828,0,0,100,-1,0.001,,,,,,00:00:40,0.44,0,0,,
2026-07-08T14:45:23.009,Raspberry_Relieve1,,,39.828,0,0,100,-1,0.001,,,,,,00:00:40,0.48,0,0,,
2026-07-08T14:45:23.509,Raspberry_Relieve1,,,39.828,0,0,100,-1,0.001,,,,,,00:00:41,0.53,0,0,,
2026-07-08T14:45:24.009,Raspberry_Relieve1,,,39.83,0,0,100,-1,0.001,,,,,,00:00:41,0.5,0,0,,
2026-07-08T14:45:24.509,Raspberry_Relieve1,,,39.83,0,0,100,-1,0.001,,,,,,00:00:42,0.42,0,0,,
2026-07-08T14:45:25.009,Raspberry_Relieve1,,,39.831,0,0,100,-1,0.001,,,,,,00:00:42,0.45,0,0,,
2026-07-08T14:45:25.509,Raspberry_Relieve1,,,39.831,0,0,100,-1,0.001,,,,,,00:00:42,0.52,0,0,,
2026-07-08T14:45:26.010,Raspberry_Relieve1,,,39.829,0,0,100,-1,0.001,,,,,,00:00:43,0.49,0,0,,
2026-07-08T14:45:26.510,Raspberry_Relieve1,,,39.829,0,0,100,-1,0.001,,,,,,00:00:44,0.57,0,0,,
2026-07-08T14:45:27.010,Raspberry_Relieve1,,,39.83,0,0,100,-1,0.001,,,,,,00:00:44,0.52,0,0,,
2026-07-08T14:45:27.510,Raspberry_Relieve1,,,39.83,0,0,100,-1,0.001,,,,,,00:00:45,0.46,0,0,,
2026-07-08T14:45:28.010,Raspberry_Relieve1,,,39.829,0,0,100,-1,0.001,,,,,,00:00:45,0.52,0,0,,
2026-07-08T14:45:28.510,Raspberry_Relieve1,,,39.829,0,0,100,-1,0.001,,,,,,00:00:46,0.48,0,0,,
2026-07-08T14:45:29.010,Raspberry_Relieve1,,,39.829,0,0,100,-1,0.001,,,,,,00:00:46,0.55,0,0,,
2026-07-08T14:45:29.511,Raspberry_Relieve1,,,39.829,0,0,100,-1,0.001,,,,,,00:00:46,0.4,0,0,,
2026-07-08T14:45:30.011,Raspberry_Relieve1,,,39.83,0,0,100,-1,0.001,,,,,,00:00:47,0.57,0,0,,
2026-07-08T14:45:30.511,Raspberry_Relieve1,,,39.83,0,0,100,-1,0.001,,,,,,00:00:48,0.43,0,0,,
2026-07-08T14:45:31.011,Raspberry_Relieve1,,,39.83,0,0,100,-1,0.001,,,,,,00:00:48,0.48,0,0,,
2026-07-08T14:45:31.511,Raspberry_Relieve1,,,39.83,0,0,100,-1,0.001,,,,,,00:00:49,0.67,0,0,,
2026-07-08T14:45:32.011,Raspberry_Relieve1,,,39.83,0,0,100,-1,0.001,,,,,,00:00:49,0.38,0,0,,
2026-07-08T14:45:32.511,Raspberry_Relieve1,,,39.83,0,0,100,-1,0.001,,,,,,00:00:50,0.55,0,0,,
2026-07-08T14:45:33.012,Raspberry_Relieve1,,,39.829,0,0,100,-1,0.001,,,,,,00:00:50,0.6,0,0,,
2026-07-08T14:45:33.512,Raspberry_Relieve1,,,39.829,0,0,100,-1,0.001,,,,,,00:00:51,0.4,0,0,,
2026-07-08T14:45:34.012,Raspberry_Relieve1,,,39.823,0,0,100,-1,0.001,,,,,,00:00:51,0.44,0,0,,
2026-07-08T14:45:34.512,Raspberry_Relieve1,,,39.823,0,0,100,-1,0.001,,,,,,00:00:52,0.48,0,0,,
2026-07-08T14:45:35.012,Raspberry_Relieve1,,,39.827,0,0,100,-1,0.001,,,,,,00:00:52,0.51,0,0,,
2026-07-08T14:45:35.512,Raspberry_Relieve1,,,39.827,0,0,100,-1,0.001,,,,,,00:00:53,0.57,0,0,,
2026-07-08T14:45:36.012,Raspberry_Relieve1,,,39.826,0,0,100,-1,0.001,,,,,,00:00:53,0.44,0,0,,
2026-07-08T14:45:36.513,Raspberry_Relieve1,,,39.826,0,0,100,-1,0.001,,,,,,00:00:54,0.54,0,0,,
2026-07-08T14:45:37.013,Raspberry_Relieve1,,,39.826,0,0,100,-1,0.001,,,,,,00:00:54,0.48,0,0,,
2026-07-08T14:45:37.513,Raspberry_Relieve1,,,39.826,0,0,100,-1,0.001,,,,,,00:00:55,0.49,0,0,,
2026-07-08T14:45:38.013,Raspberry_Relieve1,,,39.829,0,0,100,-1,0.001,,,,,,00:00:55,0.58,0,0,,
2026-07-08T14:45:38.513,Raspberry_Relieve1,,,39.829,0,0,100,-1,0.001,,,,,,00:00:55,0.38,0,0,,
2026-07-08T14:45:39.013,Raspberry_Relieve1,,,39.829,0,0,100,-1,0.001,,,,,,00:00:56,0.6,0,0,,
2026-07-08T14:45:39.514,Raspberry_Relieve1,,,39.829,0,0,100,-1,0.001,,,,,,00:00:57,0.56,0,0,,
2026-07-08T14:45:40.014,Raspberry_Relieve1,,,39.829,0,0,100,-1,0.001,,,,,,00:00:57,0.36,0,0,,
2026-07-08T14:45:40.514,Raspberry_Relieve1,,,39.829,0,0,100,-1,0.001,,,,,,00:00:58,0.6,0,0,,
2026-07-08T14:45:41.014,Raspberry_Relieve1,,,39.83,0,0,100,-1,0.001,,,,,,00:00:58,0.45,0,0,,
2026-07-08T14:45:41.514,Raspberry_Relieve1,,,39.83,0,0,100,-1,0.001,,,,,,00:00:58,0.43,0,0,,
2026-07-08T14:45:42.014,Raspberry_Relieve1,,,39.83,0,0,100,-1,0.001,,,,,,00:00:59,0.55,0,0,,
2026-07-08T14:45:42.514,Raspberry_Relieve1,,,39.83,0,0,100,-1,0.001,,,,,,00:01:00,0.53,0,0,,
2026-07-08T14:45:43.014,Raspberry_Relieve1,,,39.83,0,0,100,-1,0.001,,,,,,00:01:00,0.5,0,0,,
2026-07-08T14:45:43.515,Raspberry_Relieve1,,,39.83,0,0,100,-1,0.001,,,,,,00:01:00,0.4,0,0,,
2026-07-08T14:45:44.015,Raspberry_Relieve1,,,39.828,0,0,100,-1,0.001,,,,,,00:01:01,0.57,0,0,,
2026-07-08T14:45:44.515,Raspberry_Relieve1,,,39.828,0,0,100,-1,0.001,,,,,,00:01:02,0.52,0,0,,
2026-07-08T14:45:45.015,Raspberry_Relieve1,,,39.829,0,0,100,-1,0.001,,,,,,00:01:02,0.45,0,0,,
2026-07-08T14:45:45.515,Raspberry_Relieve1,,,39.829,0,0,100,-1,0.001,,,,,,00:01:03,0.57,0,0,,
2026-07-08T14:45:46.015,Raspberry_Relieve1,,,39.83,0,0,100,-1,0.001,,,,,,00:01:03,0.45,0,0,,
2026-07-08T14:45:46.516,Raspberry_Relieve1,,,39.83,0,0,100,-1,0.001,,,,,,00:01:04,0.53,0,0,,
2026-07-08T14:45:47.016,Raspberry_Relieve1,,,39.831,0,0,100,-1,0.001,,,,,,00:01:04,0.42,0,0,,
2026-07-08T14:45:47.516,Raspberry_Relieve1,,,39.831,0,0,100,-1,0.001,,,,,,00:01:04,0.49,0,0,,
2026-07-08T14:45:48.016,Raspberry_Relieve1,,,39.829,0,0,100,-1,0.001,,,,,,00:01:05,0.84,0,0,,
2026-07-08T14:45:48.635,Raspberry_Relieve1,,,39.829,0,0,100,-1,0.001,,,,,,00:01:06,0.4,0,0,,
2026-07-08T14:45:49.135,Raspberry_Relieve1,,,39.83,0,0,100,-1,0.001,,,,,,00:01:06,0.44,0,0,,
2026-07-08T14:45:49.635,Raspberry_Relieve1,,,39.83,0,0,100,-1,0.001,,,,,,00:01:07,0.56,0,0,,
2026-07-08T14:45:50.135,Raspberry_Relieve1,,,39.828,0,0,100,-1,0.001,,,,,,00:01:07,0.49,0,0,,
2026-07-08T14:45:50.636,Raspberry_Relieve1,,,39.828,0,0,100,-1,0.001,,,,,,00:01:08,0.4,0,0,,
2026-07-08T14:45:51.136,Raspberry_Relieve1,,,39.831,0,0,100,-1,0.001,,,,,,00:01:08,0.61,0,0,,
2026-07-08T14:45:51.636,Raspberry_Relieve1,,,39.831,0,0,100,-1,0.001,,,,,,00:01:09,0.39,0,0,,
2026-07-08T14:45:52.136,Raspberry_Relieve1,,,39.831,0,0,100,-1,0.001,,,,,,00:01:09,0.57,0,0,,
2026-07-08T14:45:52.636,Raspberry_Relieve1,,,39.831,0,0,100,-1,0.001,,,,,,00:01:10,0.51,0,0,,
2026-07-08T14:45:53.136,Raspberry_Relieve1,,,39.829,0,0,100,-1,0.001,,,,,,00:01:10,0.52,0,0,,
2026-07-08T14:45:53.636,Raspberry_Relieve1,,,39.829,0,0,100,-1,0.001,,,,,,00:01:11,0.38,0,0,,
2026-07-08T14:45:54.137,Raspberry_Relieve1,,,39.83,0,0,100,-1,0.001,,,,,,00:01:11,0.52,0,0,,
2026-07-08T14:45:54.637,Raspberry_Relieve1,,,39.83,0,0,100,-1,0.001,,,,,,00:01:12,0.56,0,0,,
2026-07-08T14:45:55.137,Raspberry_Relieve1,,,39.83,0,0,100,-1,0.001,,,,,,00:01:12,0.48,0,0,,
2026-07-08T14:45:55.637,Raspberry_Relieve1,,,39.83,0,0,100,-1,0.001,,,,,,00:01:13,0.52,0,0,,
2026-07-08T14:45:56.137,Raspberry_Relieve1,,,39.829,0,0,100,-1,0.001,,,,,,00:01:13,0.41,0,0,,
2026-07-08T14:45:56.637,Raspberry_Relieve1,,,39.829,0,0,100,-1,0.001,,,,,,00:01:14,0.53,0,0,,
2026-07-08T14:45:57.137,Raspberry_Relieve1,,,39.829,0,0,100,-1,0.001,,,,,,00:01:14,0.6,0,0,,
2026-07-08T14:45:57.637,Raspberry_Relieve1,,,39.829,0,0,100,-1,0.001,,,,,,00:01:15,0.55,0,0,,
2026-07-08T14:45:58.138,Raspberry_Relieve1,,,39.828,0,0,100,-1,0.001,,,,,,00:01:15,0.45,0,0,,
2026-07-08T14:45:58.638,Raspberry_Relieve1,,,39.828,0,0,100,-1,0.001,,,,,,00:01:16,0.39,0,0,,
2026-07-08T14:45:59.138,Raspberry_Relieve1,,,39.83,0,0,100,-1,0.001,,,,,,00:01:16,0.52,0,0,,
2026-07-08T14:45:59.638,Raspberry_Relieve1,,,39.83,0,0,100,-1,0.001,,,,,,00:01:17,0.49,0,0,,
2026-07-08T14:46:00.138,Raspberry_Relieve1,,,39.83,0,0,100,-1,0.001,,,,,,00:01:17,0.55,0,0,,
2026-07-08T14:46:00.638,Raspberry_Relieve1,,,39.83,0,0,100,-1,0.001,,,,,,00:01:18,0.52,0,0,,
2026-07-08T14:46:01.138,Raspberry_Relieve1,,,39.828,0,0,100,-1,0.001,,,,,,00:01:18,0.46,0,0,,
2026-07-08T14:46:01.638,Raspberry_Relieve1,,,39.828,0,0,100,-1,0.001,,,,,,00:01:19,0.49,0,0,,
2026-07-08T14:46:02.138,Raspberry_Relieve1,,,39.828,0,0,100,-1,0.001,,,,,,00:01:19,0.52,0,0,,
2026-07-08T14:46:02.639,Raspberry_Relieve1,,,39.828,0,0,100,-1,0.001,,,,,,00:01:20,0.5,0,0,,
2026-07-08T14:46:03.139,Raspberry_Relieve1,,,39.829,0,0,100,-1,0.001,,,,,,00:01:20,0.5,0,0,,
2026-07-08T14:46:03.639,Raspberry_Relieve1,,,39.829,0,0,100,-1,0.001,,,,,,00:01:21,0.48,0,0,,
2026-07-08T14:46:04.139,Raspberry_Relieve1,,,39.83,0,0,100,-1,0.001,,,,,,00:01:21,0.55,0,0,,
2026-07-08T14:46:04.639,Raspberry_Relieve1,,,39.83,0,0,100,-1,0.001,,,,,,00:01:22,0.44,0,0,,
2026-07-08T14:46:05.139,Raspberry_Relieve1,,,39.828,0,0,100,-1,0.001,,,,,,00:01:22,0.58,0,0,,
2026-07-08T14:46:05.639,Raspberry_Relieve1,,,39.828,0,0,100,-1,0.001,,,,,,00:01:23,0.41,0,0,,
2026-07-08T14:46:06.139,Raspberry_Relieve1,,,39.828,0,0,100,-1,0.001,,,,,,00:01:23,0.57,0,0,,
2026-07-08T14:46:06.639,Raspberry_Relieve1,,,39.828,0,0,100,-1,0.001,,,,,,00:01:24,0.53,0,0,,
2026-07-08T14:46:07.139,Raspberry_Relieve1,,,39.825,0,0,100,-1,0.001,,,,,,00:01:24,0.42,0,0,,
2026-07-08T14:46:07.640,Raspberry_Relieve1,,,39.825,0,0,100,-1,0.001,,,,,,00:01:25,0.61,0,0,,
2026-07-08T14:46:08.140,Raspberry_Relieve1,,,39.825,0,0,100,-1,0.001,,,,,,00:01:25,0.47,0,0,,
2026-07-08T14:46:08.640,Raspberry_Relieve1,,,39.825,0,0,100,-1,0.001,,,,,,00:01:26,0.41,0,0,,
2026-07-08T14:46:09.140,Raspberry_Relieve1,,,39.827,0,0,100,-1,0.001,,,,,,00:01:26,0.6,0,0,,
2026-07-08T14:46:09.640,Raspberry_Relieve1,,,39.827,0,0,100,-1,0.001,,,,,,00:01:27,0.48,0,0,,
2026-07-08T14:46:10.140,Raspberry_Relieve1,,,39.828,0,0,100,-1,0.001,,,,,,00:01:27,0.54,0,0,,
2026-07-08T14:46:10.640,Raspberry_Relieve1,,,39.828,0,0,100,-1,0.001,,,,,,00:01:28,0.49,0,0,,
2026-07-08T14:46:11.140,Raspberry_Relieve1,,,39.828,0,0,100,-1,0.001,,,,,,00:01:28,0.4,0,0,,
2026-07-08T14:46:11.641,Raspberry_Relieve1,,,39.828,0,0,100,-1,0.001,,,,,,00:01:29,0.49,0,0,,
2026-07-08T14:46:12.141,Raspberry_Relieve1,,,39.827,0,0,100,-1,0.001,,,,,,00:01:29,0.53,0,0,,
2026-07-08T14:46:12.641,Raspberry_Relieve1,,,39.827,0,0,100,-1,0.001,,,,,,00:01:30,0.46,0,0,,
2026-07-08T14:46:13.141,Raspberry_Relieve1,,,39.829,0,0,100,-1,0.001,,,,,,00:01:30,0.66,0,0,,
2026-07-08T14:46:13.641,Raspberry_Relieve1,,,39.829,0,0,100,-1,0.001,,,,,,00:01:31,0.48,0,0,,
2026-07-08T14:46:14.141,Raspberry_Relieve1,,,39.828,0,0,100,-1,0.001,,,,,,00:01:31,0.56,0,0,,
2026-07-08T14:46:14.641,Raspberry_Relieve1,,,39.828,0,0,100,-1,0.001,,,,,,00:01:32,0.36,0,0,,
2026-07-08T14:46:15.141,Raspberry_Relieve1,,,39.829,0,0,100,-1,0.001,,,,,,00:01:32,0.54,0,0,,
2026-07-08T14:46:15.642,Raspberry_Relieve1,,,39.829,0,0,100,-1,0.001,,,,,,00:01:33,0.57,0,0,,
2026-07-08T14:46:16.142,Raspberry_Relieve1,,,39.828,0,0,100,-1,0.001,,,,,,00:01:33,0.35,0,0,,
2026-07-08T14:46:16.642,Raspberry_Relieve1,,,39.828,0,0,100,-1,0.001,,,,,,00:01:34,0.64,0,0,,
2026-07-08T14:46:17.142,Raspberry_Relieve1,,,39.829,0,0,100,-1,0.001,,,,,,00:01:34,0.48,0,0,,
2026-07-08T14:46:17.642,Raspberry_Relieve1,,,39.829,0,0,100,-1,0.001,,,,,,00:01:35,0.56,0,0,,
2026-07-08T14:46:18.142,Raspberry_Relieve1,,,39.828,0,0,100,-1,0.001,,,,,,00:01:35,0.34,0,0,,
2026-07-08T14:46:18.642,Raspberry_Relieve1,,,39.828,0,0,100,-1,0.001,,,,,,00:01:36,0.48,0,0,,
2026-07-08T14:46:19.142,Raspberry_Relieve1,,,39.83,0,0,100,-1,0.001,,,,,,00:01:36,0.59,0,0,,
2026-07-08T14:46:19.643,Raspberry_Relieve1,,,39.83,0,0,100,-1,0.001,,,,,,00:01:37,0.6,0,0,,
2026-07-08T14:46:20.143,Raspberry_Relieve1,,,39.831,0,0,100,-1,0.001,,,,,,00:01:37,0.36,0,0,,
2026-07-08T14:46:20.643,Raspberry_Relieve1,,,39.831,0,0,100,-1,0.001,,,,,,00:01:38,0.67,0,0,,
2026-07-08T14:46:21.144,Raspberry_Relieve1,,,39.831,0,0,100,-1,0.001,,,,,,00:01:38,0.37,0,0,,
2026-07-08T14:46:21.645,Raspberry_Relieve1,,,39.831,0,0,100,-1,0.001,,,,,,00:01:39,0.48,0,0,,
2026-07-08T14:46:22.145,Raspberry_Relieve1,,,39.83,0,0,100,-1,0.001,,,,,,00:01:39,0.57,0,0,,
2026-07-08T14:46:22.645,Raspberry_Relieve1,,,39.83,0,0,100,-1,0.001,,,,,,00:01:40,0.45,0,0,,
2026-07-08T14:46:23.145,Raspberry_Relieve1,,,39.829,0,0,100,-1,0.001,,,,,,00:01:40,0.48,0,0,,
2026-07-08T14:46:23.645,Raspberry_Relieve1,,,39.829,0,0,100,-1,0.001,,,,,,00:01:41,0.47,0,0,,
2026-07-08T14:46:24.145,Raspberry_Relieve1,,,39.831,0,0,100,-1,0.001,,,,,,00:01:41,0.47,0,0,,
2026-07-08T14:46:24.645,Raspberry_Relieve1,,,39.831,0,0,100,-1,0.001,,,,,,00:01:42,0.52,0,0,,
2026-07-08T14:46:25.145,Raspberry_Relieve1,,,39.829,0,0,100,-1,0.001,,,,,,00:01:42,0.53,0,0,,
2026-07-08T14:46:25.646,Raspberry_Relieve1,,,39.829,0,0,100,-1,0.001,,,,,,00:01:43,0.5,0,0,,
2026-07-08T14:46:26.146,Raspberry_Relieve1,,,39.829,0,0,100,-1,0.001,,,,,,00:01:43,0.53,0,0,,
2026-07-08T14:46:26.646,Raspberry_Relieve1,,,39.829,0,0,100,-1,0.001,,,,,,00:01:44,0.41,0,0,,
2026-07-08T14:46:27.146,Raspberry_Relieve1,,,39.83,0,0,100,-1,0.001,,,,,,00:01:44,0.5,0,0,,
2026-07-08T14:46:27.646,Raspberry_Relieve1,,,39.83,0,0,100,-1,0.001,,,,,,00:01:45,0.59,0,0,,
2026-07-08T14:46:28.146,Raspberry_Relieve1,,,39.828,0,0,100,-1,0.001,,,,,,00:01:45,0.49,0,0,,
2026-07-08T14:46:28.646,Raspberry_Relieve1,,,39.828,0,0,100,-1,0.001,,,,,,00:01:46,0.51,0,0,,
2026-07-08T14:46:29.146,Raspberry_Relieve1,,,39.829,0,0,100,-1,0.001,,,,,,00:01:46,0.43,0,0,,
2026-07-08T14:46:29.647,Raspberry_Relieve1,,,39.829,0,0,100,-1,0.001,,,,,,00:01:47,0.54,0,0,,
2026-07-08T14:46:30.147,Raspberry_Relieve1,,,39.829,0,0,100,-1,0.001,,,,,,00:01:47,0.53,0,0,,
2026-07-08T14:46:30.647,Raspberry_Relieve1,,,39.829,0,0,100,-1,0.001,,,,,,00:01:48,0.42,0,0,,
2026-07-08T14:46:31.147,Raspberry_Relieve1,,,39.83,0,0,100,-1,0.001,,,,,,00:01:48,0.59,0,0,,
2026-07-08T14:46:31.647,Raspberry_Relieve1,,,39.83,0,0,100,-1,0.001,,,,,,00:01:49,0.4,0,0,,
2026-07-08T14:46:32.147,Raspberry_Relieve1,,,39.831,0,0,100,-1,0.001,,,,,,00:01:49,0.54,0,0,,
2026-07-08T14:46:32.647,Raspberry_Relieve1,,,39.831,0,0,100,-1,0.001,,,,,,00:01:50,0.62,0,0,,
2026-07-08T14:46:33.147,Raspberry_Relieve1,,,39.831,0,0,100,-1,0.001,,,,,,00:01:50,0.42,0,0,,
2026-07-08T14:46:33.647,Raspberry_Relieve1,,,39.831,0,0,100,-1,0.001,,,,,,00:01:51,0.62,0,0,,
2026-07-08T14:46:34.147,Raspberry_Relieve1,,,39.83,0,0,100,-1,0.001,,,,,,00:01:51,0.5,0,0,,
2026-07-08T14:46:34.648,Raspberry_Relieve1,,,39.83,0,0,100,-1,0.001,,,,,,00:01:52,0.37,0,0,,
2026-07-08T14:46:35.148,Raspberry_Relieve1,,,39.83,0,0,100,-1,0.001,,,,,,00:01:52,0.55,0,0,,
2026-07-08T14:46:35.648,Raspberry_Relieve1,,,39.83,0,0,100,-1,0.001,,,,,,00:01:53,0.48,0,0,,
2026-07-08T14:46:36.148,Raspberry_Relieve1,,,39.83,0,0,100,-1,0.001,,,,,,00:01:53,0.55,0,0,,
2026-07-08T14:46:36.648,Raspberry_Relieve1,,,39.83,0,0,100,-1,0.001,,,,,,00:01:54,0.41,0,0,,
2026-07-08T14:46:37.148,Raspberry_Relieve1,,,39.831,0,0,100,-1,0.001,,,,,,00:01:54,0.52,0,0,,
2026-07-08T14:46:37.648,Raspberry_Relieve1,,,39.831,0,0,100,-1,0.001,,,,,,00:01:55,0.52,0,0,,
2026-07-08T14:46:38.149,Raspberry_Relieve1,,,39.83,0,0,100,-1,0.001,,,,,,00:01:55,0.4,0,0,,
2026-07-08T14:46:38.649,Raspberry_Relieve1,,,39.83,0,0,100,-1,0.001,,,,,,00:01:56,0.51,0,0,,
2026-07-08T14:46:39.149,Raspberry_Relieve1,,,39.83,0,0,100,-1,0.001,,,,,,00:01:56,0.52,0,0,,
2026-07-08T14:46:39.649,Raspberry_Relieve1,,,39.83,0,0,100,-1,0.001,,,,,,00:01:57,0.48,0,0,,
2026-07-08T14:46:40.149,Raspberry_Relieve1,,,39.829,0,0,100,-1,0.001,,,,,,00:01:57,0.5,0,0,,
2026-07-08T14:46:40.649,Raspberry_Relieve1,,,39.829,0,0,100,-1,0.001,,,,,,00:01:58,0.57,0,0,,
2026-07-08T14:46:41.149,Raspberry_Relieve1,,,39.65,3.473,138,100,-1,0,,,,,,00:01:58,0.51,0.009769,0.009769,,
2026-07-08T14:46:41.650,Raspberry_Relieve1,,,39.65,3.473,138,100,-1,0,,,,,,00:01:59,0.43,0.016511,0.02628,,
2026-07-08T14:46:42.150,Raspberry_Relieve1,,,39.746,0.598,24,100,-1,0,,,,,,00:01:59,0.6,0.013462,0.039742,,
2026-07-08T14:46:42.650,Raspberry_Relieve1,,,39.746,0.598,24,100,-1,0,,,,,,00:02:00,0.4,0.002643,0.042386,,
2026-07-08T14:46:43.150,Raspberry_Relieve1,,,39.746,0.598,24,100,-1,0,,,,,,00:02:00,0.58,0.003859,0.046245,,
2026-07-08T14:46:43.650,Raspberry_Relieve1,,,39.75,0.453,18,100,-1,0,,,,,,00:02:01,0.63,0.003696,0.049941,,
2026-07-08T14:46:44.150,Raspberry_Relieve1,,,39.749,0.446,18,100,-1,0,,,,,,00:02:01,0.37,0.001841,0.051782,,
2026-07-08T14:46:44.650,Raspberry_Relieve1,,,39.749,0.446,18,100,-1,0,,,,,,00:02:02,0.48,0.002415,0.054197,,
2026-07-08T14:46:45.150,Raspberry_Relieve1,,,39.747,0.443,18,100,-1,0,,,,,,00:02:02,0.58,0.002914,0.057111,,
2026-07-08T14:46:45.651,Raspberry_Relieve1,,,39.747,0.443,18,100,-1,0,,,,,,00:02:03,0.43,0.002143,0.059253,,
2026-07-08T14:46:46.151,Raspberry_Relieve1,,,39.38,2.182,86,100,-1,0,,,,,,00:02:03,0.43,0.006177,0.06543,,
2026-07-08T14:46:46.651,Raspberry_Relieve1,,,39.38,2.182,86,100,-1,0,,,,,,00:02:04,0.58,0.01392,0.07935,,
2026-07-08T14:46:47.151,Raspberry_Relieve1,,,39.274,3.478,137,100,-1,0,,,,,,00:02:04,0.49,0.015081,0.094431,,
2026-07-08T14:46:47.651,Raspberry_Relieve1,,,39.274,3.478,137,100,-1,0,,,,,,00:02:05,0.49,0.018561,0.112993,,
2026-07-08T14:46:48.151,Raspberry_Relieve1,,,39.709,1.057,42,100,-1,0,,,,,,00:02:05,0.49,0.01209,0.125083,,
2026-07-08T14:46:48.651,Raspberry_Relieve1,,,39.709,1.057,42,100,-1,0,,,,,,00:02:06,0.58,0.006748,0.131831,,
2026-07-08T14:46:49.151,Raspberry_Relieve1,,,38.827,5.097,198,100,-1,0,,,,,,00:02:06,0.39,0.012922,0.144753,,
2026-07-08T14:46:49.651,Raspberry_Relieve1,,,38.827,5.097,198,100,-1,0,,,,,,00:02:07,0.55,0.030067,0.17482,,
2026-07-08T14:46:50.152,Raspberry_Relieve1,,,38.3,10.269,393,100,-1,0,,,,,,00:02:07,0.44,0.036412,0.211232,,
2026-07-08T14:46:50.652,Raspberry_Relieve1,,,38.3,10.269,393,100,-1,0,,,,,,00:02:08,0.55,0.060336,0.271568,,
2026-07-08T14:46:51.152,Raspberry_Relieve1,,,38.002,12.181,463,100,-1,0,,,,,,00:02:08,0.65,0.077714,0.349282,,
2026-07-08T14:46:51.655,Raspberry_Relieve1,,,38.002,12.181,463,100,-1,0,,,,,,00:02:09,0.29,0.037046,0.386328,,
2026-07-08T14:46:52.155,Raspberry_Relieve1,,,39.29,7.098,279,100,-1,0,,,,,,00:02:09,0.56,0.057562,0.44389,,
2026-07-08T14:46:52.655,Raspberry_Relieve1,,,39.29,7.098,279,100,-1,0,,,,,,00:02:10,0.54,0.041561,0.485451,,
2026-07-08T14:46:53.155,Raspberry_Relieve1,,,39.674,0.873,35,100,-1,0,,,,,,00:02:10,0.5,0.021996,0.507447,,
2026-07-08T14:46:53.655,Raspberry_Relieve1,,,39.674,0.873,35,100,-1,0,,,,,,00:02:11,0.4,0.003931,0.511379,,
2026-07-08T14:46:54.155,Raspberry_Relieve1,,,39.687,0.496,20,100,-1,0,,,,,,00:02:11,0.59,0.004485,0.515864,,
2026-07-08T14:46:54.656,Raspberry_Relieve1,,,39.687,0.496,20,100,-1,0,,,,,,00:02:12,0.45,0.002481,0.518345,,
2026-07-08T14:46:55.156,Raspberry_Relieve1,,,39.692,0.469,19,100,-1,0,,,,,,00:02:12,0.58,0.003166,0.521511,,
2026-07-08T14:46:55.656,Raspberry_Relieve1,,,39.692,0.469,19,100,-1,0,,,,,,00:02:13,0.44,0.002319,0.52383,,
2026-07-08T14:46:56.156,Raspberry_Relieve1,,,39.695,0.468,19,100,-1,0,,,,,,00:02:13,0.54,0.002831,0.526661,,
2026-07-08T14:46:56.656,Raspberry_Relieve1,,,39.695,0.468,19,100,-1,0,,,,,,00:02:14,0.41,0.002147,0.528808,,
2026-07-08T14:46:57.156,Raspberry_Relieve1,,,39.7,0.465,18,100,-1,0,,,,,,00:02:14,0.5,0.002557,0.531365,,
2026-07-08T14:46:57.656,Raspberry_Relieve1,,,39.7,0.465,18,100,-1,0,,,,,,00:02:15,0.51,0.002568,0.533932,,
2026-07-08T14:46:58.156,Raspberry_Relieve1,,,39.168,3.353,131,100,-1,0,,,,,,00:02:21,6.37,0.131858,0.66579,,
2026-07-08T14:47:56.823,Raspberry_Relieve1,,,39.663,0,131,100,-1,0,,,,,,00:03:14,53.03,1.929547,2.595337,,
2026-07-08T14:47:57.357,Raspberry_Relieve1,,,39.663,0,131,100,-1,0,,,,,,00:03:14,0.37,0.013502,2.608839,,
2026-07-08T14:47:57.857,Raspberry_Relieve1,,,39.667,0,131,100,-1,0,,,,,,00:03:15,0.6,0.021966,2.630805,,
2026-07-08T14:47:58.357,Raspberry_Relieve1,,,39.667,0,131,100,-1,0,,,,,,00:03:15,0.37,0.01364,2.644445,,
2026-07-08T14:47:58.857,Raspberry_Relieve1,,,39.664,0,131,100,-1,0,,,,,,00:03:16,0.51,0.018582,2.663027,,
2026-07-08T14:47:59.357,Raspberry_Relieve1,,,39.664,0,131,100,-1,0,,,,,,00:03:16,0.5,0.018152,2.681179,,
2026-07-08T14:47:59.857,Raspberry_Relieve1,,,39.671,0,131,100,-1,0,,,,,,00:03:17,0.46,0.016633,2.697812,,
2026-07-08T14:48:00.357,Raspberry_Relieve1,,,39.671,0,131,100,-1,0,,,,,,00:03:17,0.55,0.020115,2.717927,,
2026-07-08T14:48:00.857,Raspberry_Relieve1,,,39.671,0,131,100,-1,0,,,,,,00:03:18,0.47,0.016957,2.734884,,
2026-07-08T14:48:01.357,Raspberry_Relieve1,,,39.671,0,131,100,-1,0,,,,,,00:03:18,0.55,0.020064,2.754947,,
2026-07-08T14:48:01.858,Raspberry_Relieve1,,,39.672,0,131,100,-1,0,,,,,,00:03:19,0.49,0.018002,2.772949,,
2026-07-08T14:48:02.358,Raspberry_Relieve1,,,39.672,0,131,100,-1,0,,,,,,00:03:19,0.47,0.01712,2.790069,,
2026-07-08T14:48:02.858,Raspberry_Relieve1,,,39.677,0,131,100,-1,0,,,,,,00:03:20,0.42,0.015293,2.805362,,
2026-07-08T14:48:03.358,Raspberry_Relieve1,,,39.677,0,131,100,-1,0,,,,,,00:03:20,0.66,0.024144,2.829506,,
2026-07-08T14:48:03.858,Raspberry_Relieve1,,,39.68,0,131,100,-1,0,,,,,,00:03:21,0.34,0.012511,2.842017,,
2026-07-08T14:48:04.358,Raspberry_Relieve1,,,39.68,0,131,100,-1,0,,,,,,00:03:21,0.51,0.018541,2.860558,,
2026-07-08T14:48:04.858,Raspberry_Relieve1,,,39.682,0,131,100,-1,0,,,,,,00:03:22,0.59,0.021471,2.882029,,
2026-07-08T14:48:05.358,Raspberry_Relieve1,,,39.682,0,131,100,-1,0,,,,,,00:03:22,0.4,0.014728,2.896758,,
2026-07-08T14:48:05.858,Raspberry_Relieve1,,,39.686,0,131,100,-1,0,,,,,,00:03:23,0.51,0.018592,2.91535,,
2026-07-08T14:48:06.359,Raspberry_Relieve1,,,39.686,0,131,100,-1,0,,,,,,00:03:23,0.56,0.020241,2.935591,,
2026-07-08T14:48:06.859,Raspberry_Relieve1,,,39.688,0,131,100,-1,0,,,,,,00:03:24,0.51,0.018628,2.954219,,
2026-07-08T14:48:07.359,Raspberry_Relieve1,,,39.688,0,131,100,-1,0,,,,,,00:03:24,0.42,0.015302,2.96952,,
2026-07-08T14:48:07.859,Raspberry_Relieve1,,,39.688,0,131,100,-1,0,,,,,,00:03:25,0.48,0.0175,2.987021,,
2026-07-08T14:48:08.359,Raspberry_Relieve1,,,39.688,0,131,100,-1,0,,,,,,00:03:25,0.62,0.022498,3.009518,,
2026-07-08T14:48:08.859,Raspberry_Relieve1,,,39.69,0,131,100,-1,0,,,,,,00:03:26,0.45,0.016284,3.025802,,
2026-07-08T14:48:09.359,Raspberry_Relieve1,,,39.69,0,131,100,-1,0,,,,,,00:03:26,0.49,0.017968,3.04377,,
2026-07-08T14:48:09.859,Raspberry_Relieve1,,,39.688,0,131,100,-1,0,,,,,,00:03:27,0.45,0.016523,3.060294,,
2026-07-08T14:48:10.359,Raspberry_Relieve1,,,39.688,0,131,100,-1,0,,,,,,00:03:27,0.56,0.020537,3.080831,,
2026-07-08T14:48:10.859,Raspberry_Relieve1,,,39.694,0,131,100,-1,0,,,,,,00:03:28,0.44,0.015843,3.096674,,
2026-07-08T14:48:11.359,Raspberry_Relieve1,,,39.694,0,131,100,-1,0,,,,,,00:03:28,0.56,0.020503,3.117177,,
2026-07-08T14:48:11.859,Raspberry_Relieve1,,,39.695,0,131,100,-1,0,,,,,,00:03:29,0.45,0.016253,3.133429,,
2026-07-08T14:48:12.360,Raspberry_Relieve1,,,39.695,0,131,100,-1,0,,,,,,00:03:29,0.54,0.019665,3.153094,,
2026-07-08T14:48:12.860,Raspberry_Relieve1,,,39.697,0,131,100,-1,0,,,,,,00:03:30,0.51,0.018644,3.171739,,
2026-07-08T14:48:13.360,Raspberry_Relieve1,,,39.697,0,131,100,-1,0,,,,,,00:03:30,0.45,0.016535,3.188274,,
2026-07-08T14:48:13.860,Raspberry_Relieve1,,,39.697,0,131,100,-1,0,,,,,,00:03:31,0.61,0.022204,3.210478,,
2026-07-08T14:48:14.360,Raspberry_Relieve1,,,39.697,0,131,100,-1,0,,,,,,00:03:31,0.44,0.015959,3.226436,,
2026-07-08T14:48:14.860,Raspberry_Relieve1,,,39.697,0,131,100,-1,0,,,,,,00:03:32,0.44,0.016072,3.242508,,
2026-07-08T14:48:15.360,Raspberry_Relieve1,,,39.697,0,131,100,-1,0,,,,,,00:03:32,0.65,0.023533,3.266041,,
2026-07-08T14:48:15.861,Raspberry_Relieve1,,,39.702,0,131,100,-1,0,,,,,,00:03:33,0.45,0.016338,3.282379,,
2026-07-08T14:48:16.361,Raspberry_Relieve1,,,39.702,0,131,100,-1,0,,,,,,00:03:33,0.5,0.018074,3.300453,,
2026-07-08T14:48:16.861,Raspberry_Relieve1,,,39.703,0,131,100,-1,0,,,,,,00:03:34,0.5,0.018282,3.318735,,
2026-07-08T14:48:17.361,Raspberry_Relieve1,,,39.703,0,131,100,-1,0,,,,,,00:03:34,0.52,0.019092,3.337828,,
2026-07-08T14:48:17.861,Raspberry_Relieve1,,,39.706,0,131,100,-1,0,,,,,,00:03:35,0.52,0.018979,3.356807,,
2026-07-08T14:48:18.361,Raspberry_Relieve1,,,39.706,0,131,100,-1,0,,,,,,00:03:35,0.41,0.015038,3.371844,,
2026-07-08T14:48:18.861,Raspberry_Relieve1,,,39.708,0,131,100,-1,0,,,,,,00:03:36,0.54,0.019626,3.39147,,
2026-07-08T14:48:19.361,Raspberry_Relieve1,,,39.708,0,131,100,-1,0,,,,,,00:03:36,0.48,0.017605,3.409075,,
2026-07-08T14:48:19.862,Raspberry_Relieve1,,,39.709,0,131,100,-1,0,,,,,,00:03:37,0.52,0.018867,3.427942,,
2026-07-08T14:48:20.362,Raspberry_Relieve1,,,39.709,0,131,100,-1,0,,,,,,00:03:37,0.47,0.016925,3.444867,,
2026-07-08T14:48:20.862,Raspberry_Relieve1,,,39.711,0,131,100,-1,0,,,,,,00:03:38,0.55,0.019922,3.464788,,
2026-07-08T14:48:21.362,Raspberry_Relieve1,,,39.711,0,131,100,-1,0,,,,,,00:03:38,0.46,0.016649,3.481437,,
2026-07-08T14:48:21.862,Raspberry_Relieve1,,,39.712,0,131,100,-1,0,,,,,,00:03:39,0.44,0.015888,3.497325,,
2026-07-08T14:48:22.362,Raspberry_Relieve1,,,39.712,0,131,100,-1,0,,,,,,00:03:39,0.53,0.019168,3.516494,,
2026-07-08T14:48:22.862,Raspberry_Relieve1,,,39.711,0,131,100,-1,0,,,,,,00:03:40,0.53,0.019119,3.535613,,
2026-07-08T14:48:23.362,Raspberry_Relieve1,,,39.711,0,131,100,-1,0,,,,,,00:03:40,0.46,0.01672,3.552332,,
2026-07-08T14:48:23.863,Raspberry_Relieve1,,,39.713,0,131,100,-1,0,,,,,,00:03:41,0.58,0.021003,3.573335,,
2026-07-08T14:48:24.363,Raspberry_Relieve1,,,39.713,0,131,100,-1,0,,,,,,00:03:41,0.49,0.017943,3.591278,,
2026-07-08T14:48:24.863,Raspberry_Relieve1,,,39.715,0,131,100,-1,0,,,,,,00:03:42,0.47,0.017113,3.608391,,
2026-07-08T14:48:25.363,Raspberry_Relieve1,,,39.715,0,131,100,-1,0,,,,,,00:03:42,0.49,0.017706,3.626097,,
2026-07-08T14:48:25.863,Raspberry_Relieve1,,,39.715,0,131,100,-1,0,,,,,,00:03:43,0.53,0.0192,3.645298,,
2026-07-08T14:48:26.363,Raspberry_Relieve1,,,39.715,0,131,100,-1,0,,,,,,00:03:43,0.43,0.015769,3.661067,,
2026-07-08T14:48:26.863,Raspberry_Relieve1,,,39.717,0,131,100,-1,0,,,,,,00:03:44,0.57,0.020773,3.68184,,
2026-07-08T14:48:27.363,Raspberry_Relieve1,,,39.717,0,131,100,-1,0,,,,,,00:03:44,0.54,0.019774,3.701614,,
2026-07-08T14:48:27.864,Raspberry_Relieve1,,,39.717,0,131,100,-1,0,,,,,,00:03:45,0.46,0.016561,3.718175,,
2026-07-08T14:48:28.364,Raspberry_Relieve1,,,39.717,0,131,100,-1,0,,,,,,00:03:45,0.51,0.018491,3.736665,,
2026-07-08T14:48:28.864,Raspberry_Relieve1,,,39.719,0,131,100,-1,0,,,,,,00:03:46,0.44,0.015974,3.752639,,
2026-07-08T14:48:29.364,Raspberry_Relieve1,,,39.719,0,131,100,-1,0,,,,,,00:03:46,0.5,0.018026,3.770665,,
2026-07-08T14:48:29.864,Raspberry_Relieve1,,,39.718,0,131,100,-1,0,,,,,,00:03:47,0.59,0.02139,3.792055,,
2026-07-08T14:48:30.364,Raspberry_Relieve1,,,39.718,0,131,100,-1,0,,,,,,00:03:47,0.46,0.016863,3.808918,,
2026-07-08T14:48:30.864,Raspberry_Relieve1,,,39.719,0,131,100,-1,0,,,,,,00:03:48,0.52,0.018899,3.827818,,
2026-07-08T14:48:31.364,Raspberry_Relieve1,,,39.719,0,131,100,-1,0,,,,,,00:03:48,0.42,0.015295,3.843113,,
2026-07-08T14:48:31.865,Raspberry_Relieve1,,,39.72,0,131,100,-1,0,,,,,,00:03:49,0.56,0.020404,3.863517,,
2026-07-08T14:48:32.365,Raspberry_Relieve1,,,39.72,0,131,100,-1,0,,,,,,00:03:49,0.43,0.015784,3.879301,,
2026-07-08T14:48:32.865,Raspberry_Relieve1,,,39.721,0,131,100,-1,0,,,,,,00:03:50,0.6,0.022,3.901301,,
2026-07-08T14:48:33.365,Raspberry_Relieve1,,,39.721,0,131,100,-1,0,,,,,,00:03:50,0.49,0.018004,3.919305,,
2026-07-08T14:48:33.865,Raspberry_Relieve1,,,39.724,0,131,100,-1,0,,,,,,00:03:51,0.56,0.020235,3.93954,,
2026-07-08T14:48:34.365,Raspberry_Relieve1,,,39.724,0,131,100,-1,0,,,,,,00:03:51,0.41,0.014776,3.954316,,
2026-07-08T14:48:34.865,Raspberry_Relieve1,,,39.724,0,131,100,-1,0,,,,,,00:03:52,0.52,0.018867,3.973184,,
2026-07-08T14:48:35.365,Raspberry_Relieve1,,,39.724,0,131,100,-1,0,,,,,,00:03:52,0.51,0.018476,3.99166,,
2026-07-08T14:48:35.866,Raspberry_Relieve1,,,39.725,0,131,100,-1,0,,,,,,00:03:53,0.48,0.017443,4.009103,,
2026-07-08T14:48:36.366,Raspberry_Relieve1,,,39.725,0,131,100,-1,0,,,,,,00:03:53,0.44,0.01603,4.025133,,
2026-07-08T14:48:36.866,Raspberry_Relieve1,,,39.725,0,131,100,-1,0,,,,,,00:03:54,0.61,0.022113,4.047246,,
2026-07-08T14:48:37.366,Raspberry_Relieve1,,,39.725,0,131,100,-1,0,,,,,,00:03:54,0.41,0.014882,4.062128,,
2026-07-08T14:48:37.866,Raspberry_Relieve1,,,39.559,3.187,126,100,-1,0,,,,,,00:03:55,0.58,0.02085,4.082978,,
2026-07-08T14:48:38.366,Raspberry_Relieve1,,,39.559,3.187,126,100,-1,0,,,,,,00:03:55,0.41,0.014511,4.097489,,
2026-07-08T14:48:38.866,Raspberry_Relieve1,,,39.652,0.601,24,100,-1,0,,,,,,00:03:56,0.59,0.012213,4.109702,,
2026-07-08T14:48:39.366,Raspberry_Relieve1,,,39.652,0.601,24,100,-1,0,,,,,,00:03:57,1.46,0.00973,4.119432,,
2026-07-08T14:48:40.716,Raspberry_Relieve1,,,39.655,0.47,19,100,-1,0,,,,,,00:03:58,0.36,0.002163,4.121595,,
2026-07-08T14:48:41.216,Raspberry_Relieve1,,,39.657,0.46,18,100,-1,0,,,,,,00:03:58,0.55,0.00285,4.124445,,
2026-07-08T14:48:41.716,Raspberry_Relieve1,,,39.657,0.46,18,100,-1,0,,,,,,00:03:59,0.45,0.002245,4.12669,,
2026-07-08T14:48:42.216,Raspberry_Relieve1,,,39.653,0.461,18,100,-1,0,,,,,,00:03:59,0.43,0.002153,4.128842,,
2026-07-08T14:48:42.717,Raspberry_Relieve1,,,39.653,0.461,18,100,-1,0,,,,,,00:04:00,0.57,0.002831,4.131673,,
2026-07-08T14:48:43.217,Raspberry_Relieve1,,,39.654,0.461,18,100,-1,0,,,,,,00:04:00,0.42,0.002091,4.133764,,
2026-07-08T14:48:43.717,Raspberry_Relieve1,,,39.655,0.458,18,100,-1,0,,,,,,00:04:01,0.6,0.002992,4.136756,,
2026-07-08T14:48:44.217,Raspberry_Relieve1,,,39.655,0.458,18,100,-1,0,,,,,,00:04:01,0.46,0.002292,4.139048,,
2026-07-08T14:48:44.717,Raspberry_Relieve1,,,39.657,0.458,18,100,-1,0,,,,,,00:04:02,0.58,0.002884,4.141933,,
2026-07-08T14:48:45.217,Raspberry_Relieve1,,,39.657,0.458,18,100,-1,0,,,,,,00:04:02,0.38,0.001899,4.143832,,
2026-07-08T14:48:45.717,Raspberry_Relieve1,,,39.658,0.455,18,100,-1,0,,,,,,00:04:03,0.65,0.003253,4.147085,,
2026-07-08T14:48:46.218,Raspberry_Relieve1,,,39.658,0.455,18,100,-1,0,,,,,,00:04:03,0.36,0.00182,4.148905,,
2026-07-08T14:48:46.718,Raspberry_Relieve1,,,39.658,0.459,18,100,-1,0,,,,,,00:04:04,0.71,0.003526,4.152431,,
2026-07-08T14:48:47.223,Raspberry_Relieve1,,,39.658,0.459,18,100,-1,0,,,,,,00:04:04,0.36,0.001792,4.154224,,
2026-07-08T14:48:47.724,Raspberry_Relieve1,,,39.659,0.457,18,100,-1,0,,,,,,00:04:05,0.56,0.002778,4.157002,,
2026-07-08T14:48:48.224,Raspberry_Relieve1,,,39.659,0.457,18,100,-1,0,,,,,,00:04:05,0.43,0.00217,4.159172,,
2026-07-08T14:48:48.724,Raspberry_Relieve1,,,39.66,0.458,18,100,-1,0,,,,,,00:04:06,0.44,0.002213,4.161385,,
2026-07-08T14:48:49.224,Raspberry_Relieve1,,,39.66,0.458,18,100,-1,0,,,,,,00:04:06,0.55,0.002761,4.164147,,
2026-07-08T14:48:49.724,Raspberry_Relieve1,,,39.66,0.459,18,100,-1,0,,,,,,00:04:07,0.5,0.002516,4.166663,,
2026-07-08T14:48:50.224,Raspberry_Relieve1,,,39.66,0.459,18,100,-1,0,,,,,,00:04:07,0.53,0.002669,4.169332,,
2026-07-08T14:48:50.724,Raspberry_Relieve1,,,39.659,0.455,18,100,-1,0,,,,,,00:04:08,0.49,0.002455,4.171786,,
2026-07-08T14:48:51.224,Raspberry_Relieve1,,,39.659,0.455,18,100,-1,0,,,,,,00:04:09,1.28,0.006419,4.178205,,
2026-07-08T14:48:52.551,Raspberry_Relieve1,,,39.66,0.457,18,100,-1,0,,,,,,00:04:10,0.54,0.002722,4.180927,,
2026-07-08T14:48:53.051,Raspberry_Relieve1,,,39.662,0.453,18,100,-1,0,,,,,,00:04:10,0.55,0.002748,4.183674,,
2026-07-08T14:48:53.551,Raspberry_Relieve1,,,39.662,0.453,18,100,-1,0,,,,,,00:04:11,0.44,0.002224,4.185899,,
2026-07-08T14:48:54.051,Raspberry_Relieve1,,,39.66,0.455,18,100,-1,0,,,,,,00:04:11,0.42,0.002076,4.187975,,
2026-07-08T14:48:54.551,Raspberry_Relieve1,,,39.66,0.455,18,100,-1,0,,,,,,00:04:12,0.6,0.003012,4.190987,,
2026-07-08T14:48:55.051,Raspberry_Relieve1,,,39.661,0.455,18,100,-1,0,,,,,,00:04:12,0.42,0.002086,4.193073,,
2026-07-08T14:48:55.551,Raspberry_Relieve1,,,39.662,0.456,18,100,-1,0,,,,,,00:04:13,0.49,0.002431,4.195504,,
2026-07-08T14:48:56.051,Raspberry_Relieve1,,,39.662,0.456,18,100,-1,0,,,,,,00:04:13,0.51,0.002562,4.198066,,
2026-07-08T14:48:56.552,Raspberry_Relieve1,,,39.662,0.456,18,100,-1,0,,,,,,00:04:14,0.58,0.002924,4.20099,,
2026-07-08T14:48:57.052,Raspberry_Relieve1,,,39.66,0.457,18,100,-1,0,,,,,,00:04:14,0.48,0.002401,4.203391,,
2026-07-08T14:48:57.552,Raspberry_Relieve1,,,39.66,0.457,18,100,-1,0,,,,,,00:04:15,0.54,0.002685,4.206076,,
2026-07-08T14:48:58.052,Raspberry_Relieve1,,,39.661,0.453,18,100,-1,0,,,,,,00:04:15,0.49,0.002472,4.208548,,
2026-07-08T14:48:58.552,Raspberry_Relieve1,,,39.405,1.475,58,100,-1,0,,,,,,00:04:16,0.47,0.004937,4.213485,,
2026-07-08T14:48:59.052,Raspberry_Relieve1,,,39.405,1.475,58,100,-1,0,,,,,,00:04:16,0.51,0.008289,4.221773,,
2026-07-08T14:48:59.552,Raspberry_Relieve1,,,39.444,3.464,137,100,-1,0,,,,,,00:04:17,0.43,0.011724,4.233497,,
2026-07-08T14:49:00.052,Raspberry_Relieve1,,,39.444,3.464,137,100,-1,0,,,,,,00:04:17,0.52,0.01994,4.253438,,
2026-07-08T14:49:00.552,Raspberry_Relieve1,,,38.365,6.34,243,100,-1,0,,,,,,00:04:18,0.5,0.026317,4.279755,,
2026-07-08T14:49:01.052,Raspberry_Relieve1,,,38.365,6.34,243,100,-1,0,,,,,,00:04:18,0.49,0.032875,4.31263,,
2026-07-08T14:49:01.553,Raspberry_Relieve1,,,39.637,1.005,40,100,-1,0,,,,,,00:04:19,0.52,0.020326,4.332956,,
2026-07-08T14:49:02.053,Raspberry_Relieve1,,,39.637,1.005,40,100,-1,0,,,,,,00:04:19,0.43,0.00483,4.337786,,
2026-07-08T14:49:02.553,Raspberry_Relieve1,,,39.637,1.005,40,100,-1,0,,,,,,00:04:20,0.57,0.006379,4.344165,,
2026-07-08T14:49:03.053,Raspberry_Relieve1,,,39.644,0.49,19,100,-1,0,,,,,,00:04:20,0.55,0.004469,4.348634,,
2026-07-08T14:49:03.553,Raspberry_Relieve1,,,39.073,4.301,168,100,-1,0,,,,,,00:04:21,0.49,0.012707,4.361341,,
2026-07-08T14:49:04.053,Raspberry_Relieve1,,,39.073,4.301,168,100,-1,0,,,,,,00:04:21,0.45,0.020977,4.382318,,
2026-07-08T14:49:04.553,Raspberry_Relieve1,,,38.273,10.147,388,100,-1,0,,,,,,00:04:22,0.54,0.041586,4.423904,,
2026-07-08T14:49:05.053,Raspberry_Relieve1,,,38.273,10.147,388,100,-1,0,,,,,,00:04:22,0.55,0.059606,4.483511,,
2026-07-08T14:49:05.553,Raspberry_Relieve1,,,38.346,9.919,380,100,-1,0,,,,,,00:04:23,0.39,0.041769,4.52528,,
2026-07-08T14:49:06.053,Raspberry_Relieve1,,,38.346,9.919,380,100,-1,0,,,,,,00:04:23,0.57,0.059744,4.585023,,
2026-07-08T14:49:06.553,Raspberry_Relieve1,,,39.506,4.996,197,100,-1,0,,,,,,00:04:24,0.41,0.032525,4.617549,,
2026-07-08T14:49:07.054,Raspberry_Relieve1,,,39.506,4.996,197,100,-1,0,,,,,,00:04:24,0.62,0.033825,4.651374,,
2026-07-08T14:49:07.554,Raspberry_Relieve1,,,39.038,6.96,272,100,-1,0,,,,,,00:04:25,0.44,0.028795,4.680168,,
2026-07-08T14:49:08.054,Raspberry_Relieve1,,,39.038,6.96,272,100,-1,0,,,,,,00:04:25,0.44,0.033132,4.7133,,
2026-07-08T14:49:08.554,Raspberry_Relieve1,,,39.038,6.96,272,100,-1,0,,,,,,00:04:26,0.5,0.037694,4.750994,,
2026-07-08T14:49:09.054,Raspberry_Relieve1,,,39.582,0.844,33,100,-1,0,,,,,,00:04:26,0.51,0.021549,4.772542,,
2026-07-08T14:49:09.554,Raspberry_Relieve1,,,39.59,0.477,19,100,-1,0,,,,,,00:04:27,0.56,0.004031,4.776573,,
2026-07-08T14:49:10.054,Raspberry_Relieve1,,,39.59,0.477,19,100,-1,0,,,,,,00:04:27,0.48,0.00253,4.779103,,
2026-07-08T14:49:10.554,Raspberry_Relieve1,,,39.598,0.451,18,100,-1,0,,,,,,00:04:28,0.48,0.00248,4.781584,,
2026-07-08T14:49:11.054,Raspberry_Relieve1,,,39.598,0.451,18,100,-1,0,,,,,,00:04:28,0.63,0.003135,4.784719,,
2026-07-08T14:49:11.555,Raspberry_Relieve1,,,38.355,7.754,297,100,-1,0,,,,,,00:04:29,0.39,0.016865,4.801584,,
2026-07-08T14:49:12.055,Raspberry_Relieve1,,,38.355,7.754,297,100,-1,0,,,,,,00:04:29,0.51,0.042308,4.843893,,
2026-07-08T14:49:12.555,Raspberry_Relieve1,,,38.046,11.961,455,100,-1,0,,,,,,00:04:30,0.51,0.052981,4.896874,,
2026-07-08T14:49:13.055,Raspberry_Relieve1,,,38.046,11.961,455,100,-1,0,,,,,,00:04:30,0.55,0.069681,4.966555,,
2026-07-08T14:49:13.555,Raspberry_Relieve1,,,38.299,10.358,397,100,-1,0,,,,,,00:04:31,0.48,0.057028,5.023583,,
2026-07-08T14:49:14.055,Raspberry_Relieve1,,,38.299,10.358,397,100,-1,0,,,,,,00:04:31,0.51,0.055702,5.079285,,
2026-07-08T14:49:14.556,Raspberry_Relieve1,,,38.074,10.831,412,100,-1,0,,,,,,00:04:32,0.41,0.045997,5.125282,,
2026-07-08T14:49:15.056,Raspberry_Relieve1,,,38.074,10.831,412,100,-1,0,,,,,,00:04:32,0.51,0.05838,5.183662,,
2026-07-08T14:49:15.556,Raspberry_Relieve1,,,39.598,3.982,158,100,-1,0,,,,,,00:04:33,0.58,0.046114,5.229776,,
2026-07-08T14:49:16.056,Raspberry_Relieve1,,,39.598,3.982,158,100,-1,0,,,,,,00:04:33,0.45,0.019957,5.249734,,
2026-07-08T14:49:16.556,Raspberry_Relieve1,,,38.81,7.145,277,100,-1,0,,,,,,00:04:34,0.45,0.026937,5.27667,,
2026-07-08T14:49:17.056,Raspberry_Relieve1,,,38.81,7.145,277,100,-1,0,,,,,,00:04:34,0.59,0.045281,5.321952,,
2026-07-08T14:49:17.556,Raspberry_Relieve1,,,38.46,8.085,311,100,-1,0,,,,,,00:04:35,0.42,0.033959,5.355911,,
2026-07-08T14:49:18.056,Raspberry_Relieve1,,,38.46,8.085,311,100,-1,0,,,,,,00:04:35,0.59,0.050773,5.406684,,
2026-07-08T14:49:18.556,Raspberry_Relieve1,,,38.551,7.827,302,100,-1,0,,,,,,00:04:36,0.49,0.041293,5.447977,,
2026-07-08T14:49:19.057,Raspberry_Relieve1,,,38.551,7.827,302,100,-1,0,,,,,,00:04:36,0.43,0.035711,5.483688,,
2026-07-08T14:49:19.557,Raspberry_Relieve1,,,38.459,8.651,333,100,-1,0,,,,,,00:04:37,0.6,0.053059,5.536748,,
2026-07-08T14:49:20.057,Raspberry_Relieve1,,,38.459,8.651,333,100,-1,0,,,,,,00:04:37,0.48,0.044654,5.581402,,
2026-07-08T14:49:20.557,Raspberry_Relieve1,,,38.445,8.33,320,100,-1,0,,,,,,00:04:38,0.49,0.044467,5.625868,,
2026-07-08T14:49:21.057,Raspberry_Relieve1,,,38.445,8.33,320,100,-1,0,,,,,,00:04:38,0.51,0.045627,5.671496,,
2026-07-08T14:49:21.557,Raspberry_Relieve1,,,39.062,3.089,121,100,-1,0,,,,,,00:04:39,0.47,0.028502,5.699998,,
2026-07-08T14:49:22.057,Raspberry_Relieve1,,,39.062,3.089,121,100,-1,0,,,,,,00:04:39,0.45,0.015183,5.715181,,
2026-07-08T14:49:22.557,Raspberry_Relieve1,,,39.555,0.394,16,100,-1,0,,,,,,00:04:40,0.5,0.009501,5.724681,,
2026-07-08T14:49:23.057,Raspberry_Relieve1,,,39.555,0.394,16,100,-1,0,,,,,,00:04:40,0.65,0.002907,5.727588,,
2026-07-08T14:49:23.558,Raspberry_Relieve1,,,39.569,0,16,100,-1,0,,,,,,00:04:41,0.46,0.002038,5.729626,,
2026-07-08T14:49:24.058,Raspberry_Relieve1,,,39.569,0,16,100,-1,0,,,,,,00:04:41,0.39,0.001739,5.731365,,
2026-07-08T14:49:24.558,Raspberry_Relieve1,,,39.812,-0.929,-37,100,14400,0,,,,,,00:04:42,0.58,-0.001704,5.729661,,
2026-07-08T14:49:25.058,Raspberry_Relieve1,,,39.812,-0.929,-37,100,14400,0,,,,,,00:04:42,0.49,-0.005077,5.724584,,
2026-07-08T14:50:17.087,Raspberry_Relieve1,,,39.681,0,0,100,-1,0,,,,,,00:05:35,53.05,-0.272631,5.451953,,
2026-07-08T14:50:18.479,Raspberry_Relieve1,,,39.679,0,0,100,-1,0,,,,,,00:05:36,0.34,0,5.451953,,
2026-07-08T14:50:18.979,Raspberry_Relieve1,,,39.679,0,0,100,-1,0,,,,,,00:05:36,0.59,0,5.451953,,
2026-07-08T14:50:19.480,Raspberry_Relieve1,,,39.675,0,0,100,-1,0,,,,,,00:05:37,0.41,0,5.451953,,
2026-07-08T14:50:19.980,Raspberry_Relieve1,,,39.675,0,0,100,-1,0,,,,,,00:05:37,0.55,0,5.451953,,
2026-07-08T14:50:20.480,Raspberry_Relieve1,,,39.68,0,0,100,-1,0,,,,,,00:05:38,0.48,0,5.451953,,
2026-07-08T14:50:20.980,Raspberry_Relieve1,,,39.68,0,0,100,-1,0,,,,,,00:05:38,0.53,0,5.451953,,
2026-07-08T14:50:21.480,Raspberry_Relieve1,,,39.68,0,0,100,-1,0,,,,,,00:05:39,0.49,0,5.451953,,
2026-07-08T14:50:21.980,Raspberry_Relieve1,,,39.68,0,0,100,-1,0,,,,,,00:05:39,0.5,0,5.451953,,
2026-07-08T14:50:22.480,Raspberry_Relieve1,,,39.682,0,0,100,-1,0,,,,,,00:05:40,0.56,0,5.451953,,
2026-07-08T14:50:22.980,Raspberry_Relieve1,,,39.682,0,0,100,-1,0,,,,,,00:05:40,0.41,0,5.451953,,
2026-07-08T14:50:23.480,Raspberry_Relieve1,,,39.684,0,0,100,-1,0,,,,,,00:05:40,0.46,0,5.451953,,
2026-07-08T14:50:23.980,Raspberry_Relieve1,,,39.684,0,0,100,-1,0,,,,,,00:05:41,0.58,0,5.451953,,
2026-07-08T14:50:24.480,Raspberry_Relieve1,,,39.684,0,0,100,-1,0,,,,,,00:05:42,0.52,0,5.451953,,
2026-07-08T14:50:24.981,Raspberry_Relieve1,,,39.684,0,0,100,-1,0,,,,,,00:05:42,0.47,0,5.451953,,
2026-07-08T14:50:25.481,Raspberry_Relieve1,,,39.687,0,0,100,-1,0,,,,,,00:05:43,0.5,0,5.451953,,
2026-07-08T14:50:25.981,Raspberry_Relieve1,,,39.687,0,0,100,-1,0,,,,,,00:05:43,0.52,0,5.451953,,
2026-07-08T14:50:26.481,Raspberry_Relieve1,,,39.686,0,0,100,-1,0,,,,,,00:05:44,0.51,0,5.451953,,
2026-07-08T14:50:26.981,Raspberry_Relieve1,,,39.686,0,0,100,-1,0,,,,,,00:05:44,0.47,0,5.451953,,
2026-07-08T14:50:27.481,Raspberry_Relieve1,,,39.687,0,0,100,-1,0,,,,,,00:05:45,0.43,0,5.451953,,
2026-07-08T14:50:27.982,Raspberry_Relieve1,,,39.687,0,0,100,-1,0,,,,,,00:05:45,0.55,0,5.451953,,
2026-07-08T14:50:28.482,Raspberry_Relieve1,,,39.687,0,0,100,-1,0,,,,,,00:05:46,0.46,0,5.451953,,
2026-07-08T14:50:28.982,Raspberry_Relieve1,,,39.687,0,0,100,-1,0,,,,,,00:05:46,0.48,0,5.451953,,
2026-07-08T14:50:29.482,Raspberry_Relieve1,,,39.688,0,0,100,-1,0,,,,,,00:05:47,0.59,0,5.451953,,
2026-07-08T14:50:29.982,Raspberry_Relieve1,,,39.688,0,0,100,-1,0,,,,,,00:05:47,0.51,0,5.451953,,
2026-07-08T14:50:30.644,Raspberry_Relieve1,,,39.687,0,0,100,-1,0,,,,,,00:05:48,0.64,0,5.451953,,
2026-07-08T14:50:31.145,Raspberry_Relieve1,,,39.687,0,0,100,-1,0,,,,,,00:05:48,0.48,0,5.451953,,
2026-07-08T14:50:31.645,Raspberry_Relieve1,,,39.688,0,0,100,-1,0,,,,,,00:05:49,0.55,0,5.451953,,
2026-07-08T14:50:32.191,Raspberry_Relieve1,,,39.688,0,0,100,-1,0,,,,,,00:05:49,0.53,0,5.451953,,
2026-07-08T14:50:32.766,Raspberry_Relieve1,,,39.688,0,0,100,-1,0,,,,,,00:05:50,0.5,0,5.451953,,
2026-07-08T14:50:33.266,Raspberry_Relieve1,,,39.688,0,0,100,-1,0,,,,,,00:05:50,0.48,0,5.451953,,
2026-07-08T14:50:33.766,Raspberry_Relieve1,,,39.691,0,0,100,-1,0,,,,,,00:05:51,0.57,0,5.451953,,
2026-07-08T14:50:34.266,Raspberry_Relieve1,,,39.691,0,0,100,-1,0,,,,,,00:05:51,0.43,0,5.451953,,
2026-07-08T14:50:34.766,Raspberry_Relieve1,,,39.689,0,0,100,-1,0,,,,,,00:05:52,0.61,0,5.451953,,
2026-07-08T14:50:35.266,Raspberry_Relieve1,,,39.689,0,0,100,-1,0,,,,,,00:05:52,0.37,0,5.451953,,
2026-07-08T14:50:35.766,Raspberry_Relieve1,,,39.692,0,0,100,-1,0,,,,,,00:05:53,0.58,0,5.451953,,
2026-07-08T14:50:36.266,Raspberry_Relieve1,,,39.692,0,0,100,-1,0,,,,,,00:05:53,0.5,0,5.451953,,
2026-07-08T14:50:36.766,Raspberry_Relieve1,,,39.691,0,0,100,-1,0,,,,,,00:05:54,0.52,0,5.451953,,
2026-07-08T14:50:37.266,Raspberry_Relieve1,,,39.691,0,0,100,-1,0,,,,,,00:05:54,0.48,0,5.451953,,
2026-07-08T14:50:37.767,Raspberry_Relieve1,,,39.693,0,0,100,-1,0,,,,,,00:05:55,0.5,0,5.451953,,
2026-07-08T14:50:38.267,Raspberry_Relieve1,,,39.693,0,0,100,-1,0,,,,,,00:05:55,0.48,0,5.451953,,
2026-07-08T14:50:38.767,Raspberry_Relieve1,,,39.694,0,0,100,-1,0,,,,,,00:05:56,0.51,0,5.451953,,
2026-07-08T14:50:39.267,Raspberry_Relieve1,,,39.694,0,0,100,-1,0,,,,,,00:05:56,0.54,0,5.451953,,
2026-07-08T14:50:39.767,Raspberry_Relieve1,,,39.693,0,0,100,-1,0,,,,,,00:05:57,0.43,0,5.451953,,
2026-07-08T14:50:40.267,Raspberry_Relieve1,,,39.693,0,0,100,-1,0,,,,,,00:05:57,0.51,0,5.451953,,
2026-07-08T14:50:40.767,Raspberry_Relieve1,,,39.694,0,0,100,-1,0,,,,,,00:05:58,0.53,0,5.451953,,
2026-07-08T14:50:41.268,Raspberry_Relieve1,,,39.694,0,0,100,-1,0,,,,,,00:05:58,0.5,0,5.451953,,
2026-07-08T14:50:41.768,Raspberry_Relieve1,,,39.694,0,0,100,-1,0,,,,,,00:05:59,0.5,0,5.451953,,
2026-07-08T14:50:42.268,Raspberry_Relieve1,,,39.694,0,0,100,-1,0,,,,,,00:05:59,0.48,0,5.451953,,
2026-07-08T14:50:42.768,Raspberry_Relieve1,,,39.694,0,0,100,-1,0,,,,,,00:06:00,0.51,0,5.451953,,
2026-07-08T14:50:43.268,Raspberry_Relieve1,,,39.694,0,0,100,-1,0,,,,,,00:06:00,0.56,0,5.451953,,
2026-07-08T14:50:43.768,Raspberry_Relieve1,,,39.696,0,0,100,-1,0,,,,,,00:06:01,0.51,0,5.451953,,
2026-07-08T14:50:44.268,Raspberry_Relieve1,,,39.696,0,0,100,-1,0,,,,,,00:06:01,0.41,0,5.451953,,
2026-07-08T14:50:44.792,Raspberry_Relieve1,,,39.695,0,0,100,-1,0,,,,,,00:06:02,0.57,0,5.451953,,
2026-07-08T14:50:45.292,Raspberry_Relieve1,,,39.695,0,0,100,-1,0,,,,,,00:06:02,0.43,0,5.451953,,
2026-07-08T14:50:45.792,Raspberry_Relieve1,,,39.697,0,0,100,-1,0,,,,,,00:06:03,0.56,0,5.451953,,
2026-07-08T14:50:46.292,Raspberry_Relieve1,,,39.697,0,0,100,-1,0,,,,,,00:06:03,0.62,0,5.451953,,
2026-07-08T14:50:46.809,Raspberry_Relieve1,,,39.695,0,0,100,-1,0,,,,,,00:06:04,0.41,0,5.451953,,
2026-07-08T14:50:47.309,Raspberry_Relieve1,,,39.695,0,0,100,-1,0,,,,,,00:06:05,0.62,0,5.451953,,
2026-07-08T14:50:47.828,Raspberry_Relieve1,,,39.696,0,0,100,-1,0,,,,,,00:06:05,0.41,0,5.451953,,
2026-07-08T14:50:48.328,Raspberry_Relieve1,,,39.697,0,0,100,-1,0,,,,,,00:06:06,0.58,0,5.451953,,
2026-07-08T14:50:48.828,Raspberry_Relieve1,,,39.697,0,0,100,-1,0,,,,,,00:06:06,0.44,0,5.451953,,
2026-07-08T14:50:49.328,Raspberry_Relieve1,,,39.697,0,0,100,-1,0,,,,,,00:06:06,0.39,0,5.451953,,
2026-07-08T14:50:49.829,Raspberry_Relieve1,,,39.697,0,0,100,-1,0,,,,,,00:06:07,0.58,0,5.451953,,
2026-07-08T14:50:50.329,Raspberry_Relieve1,,,39.697,0,0,100,-1,0,,,,,,00:06:07,0.5,0,5.451953,,
2026-07-08T14:50:50.829,Raspberry_Relieve1,,,39.697,0,0,100,-1,0,,,,,,00:06:08,0.52,0,5.451953,,
2026-07-08T14:50:51.329,Raspberry_Relieve1,,,39.697,0,0,100,-1,0,,,,,,00:06:09,1.04,0,5.451953,,
2026-07-08T14:50:52.408,Raspberry_Relieve1,,,39.698,0,0,100,-1,0,,,,,,00:06:09,0.51,0,5.451953,,
2026-07-08T14:50:52.908,Raspberry_Relieve1,,,39.698,0,0,100,-1,0,,,,,,00:06:10,0.45,0,5.451953,,
2026-07-08T14:50:53.408,Raspberry_Relieve1,,,39.697,0,0,100,-1,0,,,,,,00:06:11,0.58,0,5.451953,,
2026-07-08T14:50:53.908,Raspberry_Relieve1,,,39.697,0,0,100,-1,0,,,,,,00:06:11,0.42,0,5.451953,,
2026-07-08T14:50:54.408,Raspberry_Relieve1,,,39.699,0,0,100,-1,0,,,,,,00:06:11,0.56,0,5.451953,,
2026-07-08T14:50:54.909,Raspberry_Relieve1,,,39.699,0,0,100,-1,0,,,,,,00:06:12,0.52,0,5.451953,,
2026-07-08T14:50:55.409,Raspberry_Relieve1,,,39.7,0,0,100,-1,0,,,,,,00:06:12,0.47,0,5.451953,,
2026-07-08T14:50:55.909,Raspberry_Relieve1,,,39.7,0,0,100,-1,0,,,,,,00:06:13,0.45,0,5.451953,,
2026-07-08T14:50:56.409,Raspberry_Relieve1,,,39.699,0,0,100,-1,0,,,,,,00:06:13,0.54,0,5.451953,,
2026-07-08T14:50:56.909,Raspberry_Relieve1,,,39.699,0,0,100,-1,0,,,,,,00:06:14,0.46,0,5.451953,,
2026-07-08T14:50:57.409,Raspberry_Relieve1,,,39.701,0,0,100,-1,0,,,,,,00:06:14,0.49,0,5.451953,,
2026-07-08T14:50:57.909,Raspberry_Relieve1,,,39.701,0,0,100,-1,0,,,,,,00:06:15,0.54,0,5.451953,,
2026-07-08T14:50:58.410,Raspberry_Relieve1,,,39.7,0,0,100,-1,0,,,,,,00:06:15,0.52,0,5.451953,,
2026-07-08T14:50:58.910,Raspberry_Relieve1,,,39.7,0,0,100,-1,0,,,,,,00:06:16,0.49,0,5.451953,,
2026-07-08T14:50:59.410,Raspberry_Relieve1,,,39.7,0,0,100,-1,0,,,,,,00:06:17,0.53,0,5.451953,,
2026-07-08T14:50:59.910,Raspberry_Relieve1,,,39.7,0,0,100,-1,0,,,,,,00:06:17,0.48,0,5.451953,,
2026-07-08T14:51:00.410,Raspberry_Relieve1,,,39.7,0,0,100,-1,0,,,,,,00:06:17,0.48,0,5.451953,,
2026-07-08T14:51:00.910,Raspberry_Relieve1,,,39.7,0,0,100,-1,0,,,,,,00:06:18,0.48,0,5.451953,,
2026-07-08T14:51:01.410,Raspberry_Relieve1,,,39.702,0,0,100,-1,0,,,,,,00:06:18,0.54,0,5.451953,,
2026-07-08T14:51:01.910,Raspberry_Relieve1,,,39.702,0,0,100,-1,0,,,,,,00:06:19,0.51,0,5.451953,,
2026-07-08T14:51:02.411,Raspberry_Relieve1,,,39.702,0,0,100,-1,0,,,,,,00:06:19,0.44,0,5.451953,,
2026-07-08T14:51:02.911,Raspberry_Relieve1,,,39.702,0,0,100,-1,0,,,,,,00:06:20,0.54,0,5.451953,,
2026-07-08T14:51:03.411,Raspberry_Relieve1,,,39.702,0,0,100,-1,0,,,,,,00:06:20,0.45,0,5.451953,,
2026-07-08T14:51:03.911,Raspberry_Relieve1,,,39.702,0,0,100,-1,0,,,,,,00:06:21,0.58,0,5.451953,,
2026-07-08T14:51:04.411,Raspberry_Relieve1,,,39.704,0,0,100,-1,0,,,,,,00:06:21,0.44,0,5.451953,,
2026-07-08T14:51:04.911,Raspberry_Relieve1,,,39.704,0,0,100,-1,0,,,,,,00:06:22,0.53,0,5.451953,,
2026-07-08T14:51:05.411,Raspberry_Relieve1,,,39.703,0,0,100,-1,0,,,,,,00:06:23,0.53,0,5.451953,,
2026-07-08T14:51:05.911,Raspberry_Relieve1,,,39.703,0,0,100,-1,0,,,,,,00:06:23,0.58,0,5.451953,,
2026-07-08T14:51:06.412,Raspberry_Relieve1,,,39.703,0,0,100,-1,0,,,,,,00:06:24,0.41,0,5.451953,,
2026-07-08T14:51:06.912,Raspberry_Relieve1,,,39.703,0,0,100,-1,0,,,,,,00:06:24,0.61,0,5.451953,,
2026-07-08T14:51:07.426,Raspberry_Relieve1,,,39.703,0,0,100,-1,0,,,,,,00:06:25,0.41,0,5.451953,,
2026-07-08T14:51:07.927,Raspberry_Relieve1,,,39.703,0,0,100,-1,0,,,,,,00:06:25,0.42,0,5.451953,,
2026-07-08T14:51:08.427,Raspberry_Relieve1,,,39.704,0,0,100,-1,0,,,,,,00:06:25,0.53,0,5.451953,,
2026-07-08T14:51:08.927,Raspberry_Relieve1,,,39.704,0,0,100,-1,0,,,,,,00:06:26,0.53,0,5.451953,,
2026-07-08T14:51:09.427,Raspberry_Relieve1,,,39.705,0,0,100,-1,0,,,,,,00:06:27,0.54,0,5.451953,,
2026-07-08T14:51:09.927,Raspberry_Relieve1,,,39.705,0,0,100,-1,0,,,,,,00:06:27,0.45,0,5.451953,,
2026-07-08T14:51:10.427,Raspberry_Relieve1,,,39.706,0,0,100,-1,0,,,,,,00:06:27,0.5,0,5.451953,,
2026-07-08T14:51:10.927,Raspberry_Relieve1,,,39.706,0,0,100,-1,0,,,,,,00:06:28,0.46,0,5.451953,,
2026-07-08T14:51:11.427,Raspberry_Relieve1,,,39.704,0,0,100,-1,0,,,,,,00:06:28,0.5,0,5.451953,,
2026-07-08T14:51:11.928,Raspberry_Relieve1,,,39.704,0,0,100,-1,0,,,,,,00:06:29,0.54,0,5.451953,,
2026-07-08T14:51:12.428,Raspberry_Relieve1,,,39.704,0,0,100,-1,0,,,,,,00:06:30,0.52,0,5.451953,,
2026-07-08T14:51:12.928,Raspberry_Relieve1,,,39.704,0,0,100,-1,0,,,,,,00:06:30,0.49,0,5.451953,,
2026-07-08T14:51:13.428,Raspberry_Relieve1,,,39.706,0,0,100,-1,0,,,,,,00:06:30,0.44,0,5.451953,,
2026-07-08T14:51:13.928,Raspberry_Relieve1,,,39.706,0,0,100,-1,0,,,,,,00:06:31,0.53,0,5.451953,,
2026-07-08T14:51:14.428,Raspberry_Relieve1,,,39.704,0,0,100,-1,0,,,,,,00:06:32,0.53,0,5.451953,,
2026-07-08T14:51:14.929,Raspberry_Relieve1,,,39.704,0,0,100,-1,0,,,,,,00:06:32,0.5,0,5.451953,,
2026-07-08T14:51:15.429,Raspberry_Relieve1,,,39.706,0,0,100,-1,0,,,,,,00:06:33,0.51,0,5.451953,,
2026-07-08T14:51:15.929,Raspberry_Relieve1,,,39.706,0,0,100,-1,0,,,,,,00:06:33,0.53,0,5.451953,,
2026-07-08T14:51:16.429,Raspberry_Relieve1,,,39.705,0,0,100,-1,0,,,,,,00:06:33,0.45,0,5.451953,,
2026-07-08T14:51:16.929,Raspberry_Relieve1,,,39.705,0,0,100,-1,0,,,,,,00:06:34,0.52,0,5.451953,,
2026-07-08T14:51:17.429,Raspberry_Relieve1,,,39.705,0,0,100,-1,0,,,,,,00:06:35,0.5,0,5.451953,,
2026-07-08T14:51:17.929,Raspberry_Relieve1,,,39.705,0,0,100,-1,0,,,,,,00:06:35,0.44,0,5.451953,,
2026-07-08T14:51:18.429,Raspberry_Relieve1,,,39.705,0,0,100,-1,0,,,,,,00:06:36,0.58,0,5.451953,,
2026-07-08T14:51:18.929,Raspberry_Relieve1,,,39.705,0,0,100,-1,0,,,,,,00:06:36,0.5,0,5.451953,,
2026-07-08T14:51:19.430,Raspberry_Relieve1,,,39.705,0,0,100,-1,0,,,,,,00:06:36,0.46,0,5.451953,,
2026-07-08T14:51:19.930,Raspberry_Relieve1,,,39.705,0,0,100,-1,0,,,,,,00:06:37,0.51,0,5.451953,,
2026-07-08T14:51:20.430,Raspberry_Relieve1,,,39.705,0,0,100,-1,0,,,,,,00:06:38,0.51,0,5.451953,,
2026-07-08T14:51:20.930,Raspberry_Relieve1,,,39.705,0,0,100,-1,0,,,,,,00:06:38,0.5,0,5.451953,,
2026-07-08T14:51:21.430,Raspberry_Relieve1,,,39.704,0,0,100,-1,0,,,,,,00:06:39,0.52,0,5.451953,,
2026-07-08T14:51:21.930,Raspberry_Relieve1,,,39.704,0,0,100,-1,0,,,,,,00:06:39,0.48,0,5.451953,,
2026-07-08T14:51:22.430,Raspberry_Relieve1,,,39.705,0,0,100,-1,0,,,,,,00:06:40,0.54,0,5.451953,,
2026-07-08T14:51:22.931,Raspberry_Relieve1,,,39.705,0,0,100,-1,0,,,,,,00:06:40,0.41,0,5.451953,,
2026-07-08T14:51:23.431,Raspberry_Relieve1,,,39.705,0,0,100,-1,0,,,,,,00:06:40,0.5,0,5.451953,,
2026-07-08T14:51:23.931,Raspberry_Relieve1,,,39.705,0,0,100,-1,0,,,,,,00:06:41,0.5,0,5.451953,,
2026-07-08T14:51:24.431,Raspberry_Relieve1,,,39.706,0,0,100,-1,0,,,,,,00:06:42,0.56,0,5.451953,,
2026-07-08T14:51:24.931,Raspberry_Relieve1,,,39.706,0,0,100,-1,0,,,,,,00:06:42,0.44,0,5.451953,,
2026-07-08T14:51:25.431,Raspberry_Relieve1,,,39.707,0,0,100,-1,0,,,,,,00:06:43,0.55,0,5.451953,,
2026-07-08T14:51:25.931,Raspberry_Relieve1,,,39.707,0,0,100,-1,0,,,,,,00:06:43,0.54,0,5.451953,,
2026-07-08T14:51:26.431,Raspberry_Relieve1,,,39.705,0,0,100,-1,0,,,,,,00:06:43,0.41,0,5.451953,,
2026-07-08T14:51:26.932,Raspberry_Relieve1,,,39.705,0,0,100,-1,0,,,,,,00:06:44,0.49,0,5.451953,,
2026-07-08T14:51:27.432,Raspberry_Relieve1,,,39.707,0,0,100,-1,0,,,,,,00:06:45,0.58,0,5.451953,,
2026-07-08T14:51:27.932,Raspberry_Relieve1,,,39.707,0,0,100,-1,0,,,,,,00:06:45,0.5,0,5.451953,,
2026-07-08T14:51:28.432,Raspberry_Relieve1,,,39.707,0,0,100,-1,0,,,,,,00:06:46,0.52,0,5.451953,,
2026-07-08T14:51:28.932,Raspberry_Relieve1,,,39.707,0,0,100,-1,0,,,,,,00:06:46,0.55,0,5.451953,,
2026-07-08T14:51:29.432,Raspberry_Relieve1,,,39.707,0,0,100,-1,0,,,,,,00:06:46,0.36,0,5.451953,,
2026-07-08T14:51:29.932,Raspberry_Relieve1,,,39.707,0,0,100,-1,0,,,,,,00:06:47,0.61,0,5.451953,,
2026-07-08T14:51:30.432,Raspberry_Relieve1,,,39.707,0,0,100,-1,0,,,,,,00:06:47,0.44,0,5.451953,,
2026-07-08T14:51:30.932,Raspberry_Relieve1,,,39.707,0,0,100,-1,0,,,,,,00:06:48,0.53,0,5.451953,,
2026-07-08T14:51:31.433,Raspberry_Relieve1,,,39.707,0,0,100,-1,0,,,,,,00:06:48,0.43,0,5.451953,,
2026-07-08T14:51:31.933,Raspberry_Relieve1,,,39.707,0,0,100,-1,0,,,,,,00:06:49,0.49,0,5.451953,,
2026-07-08T14:51:32.433,Raspberry_Relieve1,,,39.707,0,0,100,-1,0,,,,,,00:06:50,0.57,0,5.451953,,
2026-07-08T14:51:32.933,Raspberry_Relieve1,,,39.707,0,0,100,-1,0,,,,,,00:06:50,0.51,0,5.451953,,
2026-07-08T14:51:33.433,Raspberry_Relieve1,,,39.706,0,0,100,-1,0,,,,,,00:06:50,0.42,0,5.451953,,
2026-07-08T14:51:33.933,Raspberry_Relieve1,,,39.706,0,0,100,-1,0,,,,,,00:06:51,0.57,0,5.451953,,
2026-07-08T14:51:34.433,Raspberry_Relieve1,,,39.704,0,0,100,-1,0,,,,,,00:06:51,0.43,0,5.451953,,
2026-07-08T14:51:34.933,Raspberry_Relieve1,,,39.704,0,0,100,-1,0,,,,,,00:06:52,0.5,0,5.451953,,
2026-07-08T14:51:35.433,Raspberry_Relieve1,,,39.706,0,0,100,-1,0,,,,,,00:06:52,0.5,0,5.451953,,
2026-07-08T14:51:35.934,Raspberry_Relieve1,,,39.706,0,0,100,-1,0,,,,,,00:06:53,0.53,0,5.451953,,
2026-07-08T14:51:36.434,Raspberry_Relieve1,,,39.707,0,0,100,-1,0,,,,,,00:06:53,0.47,0,5.451953,,
2026-07-08T14:51:36.934,Raspberry_Relieve1,,,39.707,0,0,100,-1,0,,,,,,00:06:54,0.49,0,5.451953,,
2026-07-08T14:51:37.434,Raspberry_Relieve1,,,39.707,0,0,100,-1,0,,,,,,00:06:54,0.52,0,5.451953,,
2026-07-08T14:51:37.934,Raspberry_Relieve1,,,39.707,0,0,100,-1,0,,,,,,00:06:55,0.47,0,5.451953,,
2026-07-08T14:51:38.434,Raspberry_Relieve1,,,39.703,0,0,100,-1,0,,,,,,00:06:56,0.57,0,5.451953,,
2026-07-08T14:51:38.934,Raspberry_Relieve1,,,39.703,0,0,100,-1,0,,,,,,00:06:56,0.48,0,5.451953,,
2026-07-08T14:51:39.435,Raspberry_Relieve1,,,39.695,0,0,100,-1,0,,,,,,00:06:56,0.46,0,5.451953,,
2026-07-08T14:51:39.935,Raspberry_Relieve1,,,39.695,0,0,100,-1,0,,,,,,00:06:57,0.5,0,5.451953,,
2026-07-08T14:51:40.435,Raspberry_Relieve1,,,39.703,0,0,100,-1,0,,,,,,00:06:57,0.49,0,5.451953,,
2026-07-08T14:51:40.935,Raspberry_Relieve1,,,39.703,0,0,100,-1,0,,,,,,00:06:58,0.61,0,5.451953,,
2026-07-08T14:51:41.435,Raspberry_Relieve1,,,39.707,0,0,100,-1,0,,,,,,00:06:59,0.45,0,5.451953,,
2026-07-08T14:51:41.935,Raspberry_Relieve1,,,39.707,0,0,100,-1,0,,,,,,00:06:59,0.44,0,5.451953,,
2026-07-08T14:51:42.435,Raspberry_Relieve1,,,39.705,0,0,100,-1,0,,,,,,00:06:59,0.52,0,5.451953,,
2026-07-08T14:51:42.936,Raspberry_Relieve1,,,39.705,0,0,100,-1,0,,,,,,00:07:00,0.52,0,5.451953,,
2026-07-08T14:51:43.436,Raspberry_Relieve1,,,39.707,0,0,100,-1,0,,,,,,00:07:01,0.52,0,5.451953,,
2026-07-08T14:51:43.936,Raspberry_Relieve1,,,39.707,0,0,100,-1,0,,,,,,00:07:01,0.44,0,5.451953,,
2026-07-08T14:51:44.436,Raspberry_Relieve1,,,39.708,0,0,100,-1,0,,,,,,00:07:02,0.56,0,5.451953,,
2026-07-08T14:51:44.936,Raspberry_Relieve1,,,39.708,0,0,100,-1,0,,,,,,00:07:02,0.56,0,5.451953,,
2026-07-08T14:51:45.436,Raspberry_Relieve1,,,37.874,7.052,267,100,-1,0,,,,,,00:07:03,0.47,0.017355,5.469308,,
2026-07-08T14:51:45.936,Raspberry_Relieve1,,,37.874,7.052,267,100,-1,0,,,,,,00:07:03,0.49,0.036708,5.506016,,
2026-07-08T14:51:46.436,Raspberry_Relieve1,,,37.874,7.052,267,100,-1,0,,,,,,00:07:04,0.52,0.038373,5.544389,,
2026-07-08T14:51:46.936,Raspberry_Relieve1,,,39.67,0.785,31,100,-1,0,,,,,,00:07:04,0.48,0.019891,5.56428,,
2026-07-08T14:51:47.437,Raspberry_Relieve1,,,39.698,0,31,100,-1,0,,,,,,00:07:05,0.48,0.004119,5.568399,,
2026-07-08T14:51:47.937,Raspberry_Relieve1,,,39.698,0,31,100,-1,0,,,,,,00:07:05,0.5,0.00433,5.572729,,
2026-07-08T14:51:48.437,Raspberry_Relieve1,,,39.7,0,31,100,-1,0,,,,,,00:07:05,0.45,0.003887,5.576616,,
2026-07-08T14:51:48.937,Raspberry_Relieve1,,,39.7,0,31,100,-1,0,,,,,,00:07:06,0.5,0.004291,5.580906,,
2026-07-08T14:51:49.437,Raspberry_Relieve1,,,39.703,0,31,100,-1,0,,,,,,00:07:07,0.57,0.0049,5.585806,,
2026-07-08T14:51:49.937,Raspberry_Relieve1,,,39.703,0,31,100,-1,0,,,,,,00:07:07,0.51,0.0044,5.590206,,
2026-07-08T14:51:50.437,Raspberry_Relieve1,,,39.702,0,31,100,-1,0,,,,,,00:07:08,0.51,0.004387,5.594593,,
2026-07-08T14:51:50.937,Raspberry_Relieve1,,,39.702,0,31,100,-1,0,,,,,,00:07:08,0.46,0.003923,5.598516,,
2026-07-08T14:51:51.438,Raspberry_Relieve1,,,39.704,0,31,100,-1,0,,,,,,00:07:09,0.51,0.004409,5.602925,,
2026-07-08T14:51:51.938,Raspberry_Relieve1,,,39.704,0,31,100,-1,0,,,,,,00:07:09,0.51,0.004373,5.607298,,
2026-07-08T14:51:52.438,Raspberry_Relieve1,,,39.704,0,31,100,-1,0,,,,,,00:07:09,0.47,0.004069,5.611367,,
2026-07-08T14:51:52.938,Raspberry_Relieve1,,,39.704,0,31,100,-1,0,,,,,,00:07:10,0.5,0.004345,5.615712,,
2026-07-08T14:51:53.438,Raspberry_Relieve1,,,39.706,0,31,100,-1,0,,,,,,00:07:10,0.47,0.004068,5.61978,,
2026-07-08T14:51:53.938,Raspberry_Relieve1,,,39.706,0,31,100,-1,0,,,,,,00:07:11,0.56,0.00479,5.624569,,
2026-07-08T14:51:54.438,Raspberry_Relieve1,,,39.704,0,31,100,-1,0,,,,,,00:07:12,0.49,0.004253,5.628822,,
2026-07-08T14:51:54.938,Raspberry_Relieve1,,,39.704,0,31,100,-1,0,,,,,,00:07:12,0.49,0.004201,5.633023,,
2026-07-08T14:51:55.439,Raspberry_Relieve1,,,39.596,1.897,75,100,-1,0,,,,,,00:07:13,0.51,0.007545,5.640568,,
2026-07-08T14:51:55.939,Raspberry_Relieve1,,,39.596,1.897,75,100,-1,0,,,,,,00:07:13,0.42,0.008845,5.649412,,
2026-07-08T14:51:56.439,Raspberry_Relieve1,,,39.632,0.523,21,100,-1,0,,,,,,00:07:14,0.59,0.007872,5.657284,,
2026-07-08T14:51:56.939,Raspberry_Relieve1,,,39.632,0.523,21,100,-1,0,,,,,,00:07:14,0.42,0.00247,5.659754,,
2026-07-08T14:51:57.439,Raspberry_Relieve1,,,39.635,0.448,18,100,-1,0,,,,,,00:07:15,0.57,0.003112,5.662865,,
2026-07-08T14:51:57.939,Raspberry_Relieve1,,,39.635,0.448,18,100,-1,0,,,,,,00:07:15,0.43,0.00217,5.665035,,
2026-07-08T14:51:58.439,Raspberry_Relieve1,,,39.635,0.448,18,100,-1,0,,,,,,00:07:16,0.57,0.002832,5.667868,,
2026-07-08T14:51:58.940,Raspberry_Relieve1,,,39.635,0.444,18,100,-1,0,,,,,,00:07:16,0.42,0.002107,5.669975,,
2026-07-08T14:51:59.440,Raspberry_Relieve1,,,39.634,0.442,18,100,-1,0,,,,,,00:07:17,0.55,0.002765,5.67274,,
2026-07-08T14:51:59.940,Raspberry_Relieve1,,,39.634,0.442,18,100,-1,0,,,,,,00:07:17,0.55,0.002767,5.675507,,
2026-07-08T14:52:00.440,Raspberry_Relieve1,,,39.633,0.44,17,100,-1,0,,,,,,00:07:17,0.41,0.002004,5.677511,,
2026-07-08T14:52:00.940,Raspberry_Relieve1,,,39.633,0.44,17,100,-1,0,,,,,,00:07:18,0.53,0.00252,5.68003,,
2026-07-08T14:52:01.440,Raspberry_Relieve1,,,39.63,0.44,17,100,-1,0,,,,,,00:07:18,0.44,0.002099,5.682129,,
2026-07-08T14:52:01.940,Raspberry_Relieve1,,,39.63,0.44,17,100,-1,0,,,,,,00:07:19,0.58,0.002722,5.684851,,
2026-07-08T14:52:02.440,Raspberry_Relieve1,,,39.433,1.183,47,100,-1,0,,,,,,00:07:20,0.47,0.004215,5.689065,,
2026-07-08T14:52:02.940,Raspberry_Relieve1,,,39.433,1.183,47,100,-1,0,,,,,,00:07:20,0.54,0.007037,5.696102,,
2026-07-08T14:52:03.440,Raspberry_Relieve1,,,38.605,6.993,270,100,-1,0,,,,,,00:07:21,0.47,0.02089,5.716992,,
2026-07-08T14:52:03.941,Raspberry_Relieve1,,,38.605,6.993,270,100,-1,0,,,,,,00:07:21,0.42,0.031388,5.74838,,
2026-07-08T14:52:04.441,Raspberry_Relieve1,,,38.487,8.727,336,100,-1,0,,,,,,00:07:22,0.6,0.050457,5.798836,,
2026-07-08T14:52:04.941,Raspberry_Relieve1,,,38.487,8.727,336,100,-1,0,,,,,,00:07:22,0.42,0.039044,5.837881,,
2026-07-08T14:52:05.441,Raspberry_Relieve1,,,38.284,9.909,379,100,-1,0,,,,,,00:07:23,0.62,0.061572,5.899453,,
2026-07-08T14:52:05.941,Raspberry_Relieve1,,,38.284,9.909,379,100,-1,0,,,,,,00:07:23,0.55,0.057656,5.957109,,
2026-07-08T14:52:06.441,Raspberry_Relieve1,,,38.147,10.855,414,100,-1,0,,,,,,00:07:24,0.43,0.047799,6.004908,,
2026-07-08T14:52:06.941,Raspberry_Relieve1,,,38.147,10.855,414,100,-1,0,,,,,,00:07:24,0.41,0.047052,6.05196,,
2026-07-08T14:52:07.441,Raspberry_Relieve1,,,38.224,10.453,400,100,-1,0,,,,,,00:07:25,0.54,0.061546,6.113506,,
2026-07-08T14:52:07.941,Raspberry_Relieve1,,,38.224,10.453,400,100,-1,0,,,,,,00:07:25,0.51,0.05653,6.170036,,
2026-07-08T14:52:08.441,Raspberry_Relieve1,,,38.127,10.842,413,100,-1,0,,,,,,00:07:25,0.48,0.054722,6.224759,,
2026-07-08T14:52:08.942,Raspberry_Relieve1,,,38.127,10.842,413,100,-1,0,,,,,,00:07:26,0.51,0.059012,6.283771,,
2026-07-08T14:52:09.442,Raspberry_Relieve1,,,38.092,11.091,422,100,-1,0,,,,,,00:07:27,0.52,0.060422,6.344193,,
2026-07-08T14:52:09.942,Raspberry_Relieve1,,,38.092,11.091,422,100,-1,0,,,,,,00:07:27,0.49,0.057464,6.401657,,
2026-07-08T14:52:10.442,Raspberry_Relieve1,,,38.109,10.936,417,100,-1,0,,,,,,00:07:27,0.47,0.055227,6.456883,,
2026-07-08T14:52:10.942,Raspberry_Relieve1,,,38.109,10.936,417,100,-1,0,,,,,,00:07:28,0.46,0.053065,6.509949,,
2026-07-08T14:52:11.442,Raspberry_Relieve1,,,38.322,9.778,375,100,-1,0,,,,,,00:07:29,0.59,0.06502,6.574968,,
2026-07-08T14:52:11.942,Raspberry_Relieve1,,,38.322,9.778,375,100,-1,0,,,,,,00:07:29,0.49,0.051225,6.626193,,
2026-07-08T14:52:12.443,Raspberry_Relieve1,,,38.91,5.423,211,100,-1,0,,,,,,00:07:30,0.5,0.040642,6.666835,,
2026-07-08T14:52:12.943,Raspberry_Relieve1,,,38.91,5.423,211,100,-1,0,,,,,,00:07:30,0.46,0.027149,6.693985,,
2026-07-08T14:52:13.443,Raspberry_Relieve1,,,38.959,4.245,165,100,-1,0,,,,,,00:07:31,0.58,0.030044,6.724029,,
2026-07-08T14:52:13.943,Raspberry_Relieve1,,,38.959,4.245,165,100,-1,0,,,,,,00:07:31,0.46,0.020948,6.744977,,
2026-07-08T14:52:14.443,Raspberry_Relieve1,,,39.154,3.169,124,100,-1,0,,,,,,00:07:32,0.56,0.022663,6.767641,,
2026-07-08T14:52:14.943,Raspberry_Relieve1,,,39.154,3.169,124,100,-1,0,,,,,,00:07:32,0.41,0.014243,6.781883,,
2026-07-08T14:52:15.443,Raspberry_Relieve1,,,39.148,2.893,113,100,-1,0,,,,,,00:07:33,0.52,0.016955,6.798838,,
2026-07-08T14:52:15.943,Raspberry_Relieve1,,,39.148,2.893,113,100,-1,0,,,,,,00:07:33,0.52,0.016198,6.815036,,
2026-07-08T14:52:16.443,Raspberry_Relieve1,,,39.264,2.174,85,100,-1,0,,,,,,00:07:34,0.49,0.013411,6.828448,,
2026-07-08T14:52:16.944,Raspberry_Relieve1,,,39.264,2.174,85,100,-1,0,,,,,,00:07:34,0.46,0.010755,6.839202,,
2026-07-08T14:52:17.444,Raspberry_Relieve1,,,39.238,2.29,90,100,-1,0,,,,,,00:07:35,0.52,0.012598,6.8518,,
2026-07-08T14:52:17.944,Raspberry_Relieve1,,,39.238,2.29,90,100,-1,0,,,,,,00:07:35,0.51,0.012709,6.864509,,
2026-07-08T14:52:18.444,Raspberry_Relieve1,,,39.496,0.617,24,100,-1,0,,,,,,00:07:36,0.65,0.010287,6.874797,,
2026-07-08T14:52:18.974,Raspberry_Relieve1,,,39.496,0.617,24,100,-1,0,,,,,,00:07:36,0.35,0.002305,6.877102,,
2026-07-08T14:52:19.474,Raspberry_Relieve1,,,39.496,0.617,24,100,-1,0,,,,,,00:07:36,0.48,0.00323,6.880332,,
2026-07-08T14:52:19.974,Raspberry_Relieve1,,,39.504,0.449,18,100,-1,0,,,,,,00:07:37,0.56,0.003251,6.883583,,
2026-07-08T14:52:20.474,Raspberry_Relieve1,,,39.501,0.444,18,100,-1,0,,,,,,00:07:37,0.44,0.002178,6.885761,,
2026-07-08T14:52:20.974,Raspberry_Relieve1,,,39.501,0.444,18,100,-1,0,,,,,,00:07:38,0.59,0.002941,6.888702,,
2026-07-08T14:52:21.474,Raspberry_Relieve1,,,39.512,0.44,17,100,-1,0,,,,,,00:07:39,0.46,0.00223,6.890933,,
2026-07-08T14:52:21.974,Raspberry_Relieve1,,,39.512,0.44,17,100,-1,0,,,,,,00:07:39,0.61,0.002882,6.893814,,
2026-07-08T14:52:22.475,Raspberry_Relieve1,,,39.202,1.595,63,100,-1,0,,,,,,00:07:40,0.43,0.00476,6.898574,,
2026-07-08T14:52:22.975,Raspberry_Relieve1,,,39.202,1.595,63,100,-1,0,,,,,,00:07:40,0.46,0.008074,6.906648,,
2026-07-08T14:52:23.475,Raspberry_Relieve1,,,38.277,8.447,323,100,-1,0,,,,,,00:07:41,0.48,0.025772,6.93242,,
2026-07-08T14:52:23.975,Raspberry_Relieve1,,,38.277,8.447,323,100,-1,0,,,,,,00:07:41,0.51,0.04591,6.97833,,
2026-07-08T14:52:24.475,Raspberry_Relieve1,,,38.07,10.504,400,100,-1,0,,,,,,00:07:41,0.45,0.045348,7.023678,,
2026-07-08T14:52:24.975,Raspberry_Relieve1,,,38.07,10.504,400,100,-1,0,,,,,,00:07:42,0.57,0.063754,7.087432,,
2026-07-08T14:52:25.475,Raspberry_Relieve1,,,38.132,10.493,400,100,-1,0,,,,,,00:07:43,0.46,0.05099,7.138422,,
2026-07-08T14:52:25.975,Raspberry_Relieve1,,,38.132,10.493,400,100,-1,0,,,,,,00:07:43,0.55,0.061434,7.199856,,
2026-07-08T14:52:26.475,Raspberry_Relieve1,,,38.179,9.895,378,100,-1,0,,,,,,00:07:44,0.51,0.054986,7.254843,,
2026-07-08T14:52:26.975,Raspberry_Relieve1,,,38.179,9.895,378,100,-1,0,,,,,,00:07:44,0.47,0.049823,7.304665,,
2026-07-08T14:52:27.476,Raspberry_Relieve1,,,38.209,9.448,361,100,-1,0,,,,,,00:07:45,0.52,0.053092,7.357757,,
2026-07-08T14:52:27.976,Raspberry_Relieve1,,,38.209,9.448,361,100,-1,0,,,,,,00:07:45,0.5,0.050249,7.408007,,
2026-07-08T14:52:28.476,Raspberry_Relieve1,,,38.349,8.57,329,100,-1,0,,,,,,00:07:46,0.44,0.042639,7.450646,,
2026-07-08T14:52:28.976,Raspberry_Relieve1,,,38.349,8.57,329,100,-1,0,,,,,,00:07:46,0.55,0.050309,7.500955,,
2026-07-08T14:52:29.476,Raspberry_Relieve1,,,38.328,8.744,335,100,-1,0,,,,,,00:07:47,0.44,0.040788,7.541743,,
2026-07-08T14:52:29.976,Raspberry_Relieve1,,,38.328,8.744,335,100,-1,0,,,,,,00:07:47,0.54,0.049942,7.591685,,
2026-07-08T14:52:30.476,Raspberry_Relieve1,,,39.168,4.25,166,100,-1,0,,,,,,00:07:48,0.52,0.036449,7.628134,,
2026-07-08T14:52:30.976,Raspberry_Relieve1,,,39.168,4.25,166,100,-1,0,,,,,,00:07:48,0.49,0.022464,7.650598,,
2026-07-08T14:52:31.476,Raspberry_Relieve1,,,39.494,-0.413,-16,100,14400,0,,,,,,00:07:49,0.49,0.010303,7.660901,,
2026-07-08T14:52:31.976,Raspberry_Relieve1,,,39.494,-0.413,-16,100,14400,0,,,,,,00:07:49,0.53,-0.002363,7.658538,,
2026-07-08T14:52:32.477,Raspberry_Relieve1,,,39.327,3.29,129,100,-1,0,,,,,,00:07:50,0.55,0.008698,7.667236,,
2026-07-08T14:52:32.977,Raspberry_Relieve1,,,39.327,3.29,129,100,-1,0,,,,,,00:07:50,0.45,0.01604,7.683275,,
2026-07-08T14:52:33.477,Raspberry_Relieve1,,,40.111,-2.368,-95,100,14400,0.001,,,,,,00:07:51,0.43,0.002041,7.685317,,
2026-07-08T14:52:33.977,Raspberry_Relieve1,,,40.111,-2.368,-95,100,14400,0.001,,,,,,00:07:51,0.48,-0.012786,7.672531,,
2026-07-08T14:52:34.477,Raspberry_Relieve1,,,38.606,3.299,127,100,-1,0,,,,,,00:07:52,0.62,0.002772,7.675303,,
2026-07-08T14:52:34.977,Raspberry_Relieve1,,,38.606,3.299,127,100,-1,0,,,,,,00:07:52,0.37,0.013216,7.688519,,
2026-07-08T14:52:35.477,Raspberry_Relieve1,,,40.029,-1.174,-47,100,14400,0,,,,,,00:07:53,0.57,0.006351,7.694871,,
2026-07-08T14:52:35.977,Raspberry_Relieve1,,,40.029,-1.174,-47,100,14400,0,,,,,,00:07:53,0.44,-0.005809,7.689062,,
2026-07-08T14:52:36.478,Raspberry_Relieve1,,,37.982,5.599,213,100,-1,0,,,,,,00:07:54,0.55,0.012648,7.70171,,
2026-07-08T14:52:36.978,Raspberry_Relieve1,,,37.982,5.599,213,100,-1,0,,,,,,00:07:54,0.5,0.029362,7.731072,,
2026-07-08T14:52:37.478,Raspberry_Relieve1,,,40.105,-1.896,-76,100,14400,0.001,,,,,,00:07:55,0.52,0.009918,7.74099,,
2026-07-08T14:52:37.978,Raspberry_Relieve1,,,40.105,-1.896,-76,100,14400,0.001,,,,,,00:07:55,0.46,-0.009762,7.731229,,
2026-07-08T14:52:38.478,Raspberry_Relieve1,,,37.595,7.206,271,100,-1,0,,,,,,00:07:56,0.51,0.013692,7.744921,,
2026-07-08T14:52:38.978,Raspberry_Relieve1,,,37.595,7.206,271,100,-1,0,,,,,,00:07:56,0.52,0.038993,7.783914,,
2026-07-08T14:52:39.478,Raspberry_Relieve1,,,38.33,6.869,263,100,-1,0,,,,,,00:07:57,0.48,0.035733,7.819647,,
2026-07-08T14:52:39.978,Raspberry_Relieve1,,,38.33,6.869,263,100,-1,0,,,,,,00:07:57,0.53,0.038858,7.858505,,
2026-07-08T14:52:40.478,Raspberry_Relieve1,,,38.182,9.445,361,100,-1,0,,,,,,00:07:57,0.42,0.03672,7.895225,,
2026-07-08T14:52:40.978,Raspberry_Relieve1,,,38.182,9.445,361,100,-1,0,,,,,,00:07:58,0.5,0.050504,7.945729,,
2026-07-08T14:52:41.479,Raspberry_Relieve1,,,38.259,9.188,352,100,-1,0,,,,,,00:07:59,0.51,0.050399,7.996128,,
2026-07-08T14:52:41.979,Raspberry_Relieve1,,,38.259,9.188,352,100,-1,0,,,,,,00:07:59,0.53,0.051357,8.047485,,
2026-07-08T14:52:42.479,Raspberry_Relieve1,,,38.36,8.676,333,100,-1,0,,,,,,00:08:00,0.5,0.047929,8.095414,,
2026-07-08T14:52:42.979,Raspberry_Relieve1,,,38.36,8.676,333,100,-1,0,,,,,,00:08:00,0.45,0.04196,8.137374,,
2026-07-08T14:52:43.479,Raspberry_Relieve1,,,38.063,9.779,372,100,-1,0,,,,,,00:08:01,0.56,0.055152,8.192526,,
2026-07-08T14:52:43.979,Raspberry_Relieve1,,,38.063,9.779,372,100,-1,0,,,,,,00:08:01,0.5,0.051337,8.243863,,
2026-07-08T14:52:44.479,Raspberry_Relieve1,,,37.964,10.502,399,100,-1,0,,,,,,00:08:02,0.52,0.055997,8.29986,,
2026-07-08T14:52:44.979,Raspberry_Relieve1,,,37.964,10.502,399,100,-1,0,,,,,,00:08:02,0.43,0.047646,8.347506,,
2026-07-08T14:52:45.480,Raspberry_Relieve1,,,38.024,10.057,382,100,-1,0,,,,,,00:08:03,0.53,0.057832,8.405338,,
2026-07-08T14:52:45.980,Raspberry_Relieve1,,,38.024,10.057,382,100,-1,0,,,,,,00:08:03,0.45,0.047565,8.452903,,
2026-07-08T14:52:46.480,Raspberry_Relieve1,,,38.045,10.009,381,100,-1,0,,,,,,00:08:04,0.51,0.054314,8.507217,,
2026-07-08T14:52:46.980,Raspberry_Relieve1,,,38.045,10.009,381,100,-1,0,,,,,,00:08:04,0.57,0.060161,8.567378,,
2026-07-08T14:52:47.480,Raspberry_Relieve1,,,38,10.294,391,100,-1,0,,,,,,00:08:05,0.49,0.052902,8.620279,,
2026-07-08T14:52:47.980,Raspberry_Relieve1,,,38,10.294,391,100,-1,0,,,,,,00:08:05,0.52,0.056523,8.676802,,
2026-07-08T14:52:48.480,Raspberry_Relieve1,,,38.006,10.565,402,100,-1,0,,,,,,00:08:06,0.5,0.054671,8.731473,,
2026-07-08T14:52:48.980,Raspberry_Relieve1,,,38.006,10.565,402,100,-1,0,,,,,,00:08:06,0.48,0.05322,8.784693,,
2026-07-08T14:52:49.480,Raspberry_Relieve1,,,38.059,9.963,379,100,-1,0,,,,,,00:08:07,0.5,0.054753,8.839446,,
2026-07-08T14:52:49.981,Raspberry_Relieve1,,,38.059,9.963,379,100,-1,0,,,,,,00:08:07,0.45,0.047083,8.886529,,
2026-07-08T14:52:50.481,Raspberry_Relieve1,,,37.711,10.249,387,100,-1,0,,,,,,00:08:08,0.54,0.057475,8.944004,,
2026-07-08T14:52:50.981,Raspberry_Relieve1,,,37.711,10.249,387,100,-1,0,,,,,,00:08:08,0.53,0.056785,9.000789,,
2026-07-08T14:52:51.481,Raspberry_Relieve1,,,38.005,9.852,374,100,-1,0,,,,,,00:08:09,0.48,0.051234,9.052022,,
2026-07-08T14:52:51.981,Raspberry_Relieve1,,,38.005,9.852,374,100,-1,0,,,,,,00:08:09,0.48,0.049351,9.101373,,
2026-07-08T14:52:52.481,Raspberry_Relieve1,,,37.76,11.416,431,100,-1,0,,,,,,00:08:10,0.52,0.057721,9.159095,,
2026-07-08T14:52:52.981,Raspberry_Relieve1,,,37.76,11.416,431,100,-1,0,,,,,,00:08:10,0.52,0.062277,9.221372,,
2026-07-08T14:52:53.481,Raspberry_Relieve1,,,37.885,11.051,419,100,-1,0,,,,,,00:08:11,0.43,0.051341,9.272713,,
2026-07-08T14:52:53.981,Raspberry_Relieve1,,,37.885,11.051,419,100,-1,0,,,,,,00:08:11,0.52,0.060246,9.332959,,
2026-07-08T14:52:54.481,Raspberry_Relieve1,,,38.168,9.67,369,100,-1,0,,,,,,00:08:12,0.55,0.060115,9.393074,,
2026-07-08T14:52:54.982,Raspberry_Relieve1,,,38.168,9.67,369,100,-1,0,,,,,,00:08:12,0.42,0.042943,9.436017,,
2026-07-08T14:52:55.482,Raspberry_Relieve1,,,38.99,3.214,125,100,-1,0,,,,,,00:08:13,0.55,0.037673,9.47369,,
2026-07-08T14:52:55.982,Raspberry_Relieve1,,,38.99,3.214,125,100,-1,0,,,,,,00:08:13,0.52,0.018027,9.491717,,
2026-07-08T14:52:56.482,Raspberry_Relieve1,,,39.379,0,125,100,-1,0,,,,,,00:08:14,0.5,0.017475,9.509192,,
2026-07-08T14:52:56.982,Raspberry_Relieve1,,,39.379,0,125,100,-1,0,,,,,,00:08:14,0.45,0.015495,9.524688,,
2026-07-08T14:52:57.482,Raspberry_Relieve1,,,37.986,6.608,251,100,-1,0,,,,,,00:08:15,0.53,0.027715,9.552402,,
2026-07-08T14:52:57.982,Raspberry_Relieve1,,,37.986,6.608,251,100,-1,0,,,,,,00:08:15,0.44,0.030987,9.58339,,
2026-07-08T14:52:58.482,Raspberry_Relieve1,,,39.332,0.825,32,100,-1,0,,,,,,00:08:15,0.5,0.019457,9.602847,,
2026-07-08T14:52:58.982,Raspberry_Relieve1,,,39.332,0.825,32,100,-1,0,,,,,,00:08:16,0.64,0.005722,9.608569,,
2026-07-08T14:52:59.483,Raspberry_Relieve1,,,39.345,0.467,18,100,-1,0,,,,,,00:08:17,0.43,0.003013,9.611582,,
2026-07-08T14:52:59.983,Raspberry_Relieve1,,,39.345,0.467,18,100,-1,0,,,,,,00:08:17,0.49,0.002474,9.614056,,
2026-07-08T14:53:00.483,Raspberry_Relieve1,,,39.353,0.444,17,100,-1,0,,,,,,00:08:18,0.49,0.002365,9.616421,,
2026-07-08T14:53:00.983,Raspberry_Relieve1,,,39.353,0.444,17,100,-1,0,,,,,,00:08:18,0.53,0.002509,9.61893,,
2026-07-08T14:53:01.483,Raspberry_Relieve1,,,39.353,0.444,17,100,-1,0,,,,,,00:08:19,0.5,0.002357,9.621287,,
2026-07-08T14:53:01.983,Raspberry_Relieve1,,,39.364,0.438,17,100,-1,0,,,,,,00:08:19,0.47,0.002212,9.623499,,
2026-07-08T14:53:02.483,Raspberry_Relieve1,,,39.364,0.438,17,100,-1,0,,,,,,00:08:20,0.49,0.002337,9.625835,,
2026-07-08T14:53:02.983,Raspberry_Relieve1,,,39.37,0.439,17,100,-1,0,,,,,,00:08:20,0.54,0.002534,9.62837,,
2026-07-08T14:53:03.483,Raspberry_Relieve1,,,38.97,1.979,77,100,-1,0,,,,,,00:08:20,0.42,0.005471,9.633841,,
2026-07-08T14:53:03.984,Raspberry_Relieve1,,,38.97,1.979,77,100,-1,0,,,,,,00:08:21,0.56,0.012008,9.645849,,
2026-07-08T14:53:04.484,Raspberry_Relieve1,,,38.57,6.44,248,100,-1,0,,,,,,00:08:22,0.46,0.020699,9.666548,,
2026-07-08T14:53:04.984,Raspberry_Relieve1,,,38.57,6.44,248,100,-1,0,,,,,,00:08:22,0.55,0.037609,9.704156,,
2026-07-08T14:53:05.484,Raspberry_Relieve1,,,38.348,7.068,271,100,-1,0,,,,,,00:08:23,0.45,0.032278,9.736435,,
2026-07-08T14:53:05.984,Raspberry_Relieve1,,,38.348,7.068,271,100,-1,0,,,,,,00:08:23,0.54,0.040564,9.776999,,
2026-07-08T14:53:06.484,Raspberry_Relieve1,,,38.224,8.849,338,100,-1,0,,,,,,00:08:24,0.51,0.043449,9.820448,,
2026-07-08T14:53:06.984,Raspberry_Relieve1,,,38.224,8.849,338,100,-1,0,,,,,,00:08:24,0.49,0.045628,9.866076,,
2026-07-08T14:53:07.484,Raspberry_Relieve1,,,37.926,10.381,394,100,-1,0,,,,,,00:08:25,0.5,0.05087,9.916946,,
2026-07-08T14:53:07.984,Raspberry_Relieve1,,,37.926,10.381,394,100,-1,0,,,,,,00:08:25,0.53,0.057714,9.974659,,
2026-07-08T14:53:08.484,Raspberry_Relieve1,,,38.034,10.183,387,100,-1,0,,,,,,00:08:26,0.49,0.05282,10.027479,,
2026-07-08T14:53:08.985,Raspberry_Relieve1,,,38.034,10.183,387,100,-1,0,,,,,,00:08:26,0.43,0.046205,10.073684,,
2026-07-08T14:53:09.485,Raspberry_Relieve1,,,37.618,12.149,457,100,-1,0,,,,,,00:08:27,0.57,0.067089,10.140773,,
2026-07-08T14:53:09.985,Raspberry_Relieve1,,,37.618,12.149,457,100,-1,0,,,,,,00:08:27,0.48,0.060753,10.201526,,
2026-07-08T14:53:10.485,Raspberry_Relieve1,,,37.609,13.392,504,100,-1,0,,,,,,00:08:28,0.56,0.074696,10.276222,,
2026-07-08T14:53:10.985,Raspberry_Relieve1,,,37.609,13.392,504,100,-1,0,,,,,,00:08:28,0.44,0.062215,10.338437,,
2026-07-08T14:53:11.485,Raspberry_Relieve1,,,37.525,13.747,516,100,-1,0,,,,,,00:08:29,0.51,0.072254,10.410691,,
2026-07-08T14:53:11.985,Raspberry_Relieve1,,,37.525,13.747,516,100,-1,0,,,,,,00:08:29,0.49,0.069549,10.48024,,
2026-07-08T14:53:12.485,Raspberry_Relieve1,,,38.634,10.744,415,100,-1,0,,,,,,00:08:29,0.46,0.05939,10.539631,,
2026-07-08T14:53:12.985,Raspberry_Relieve1,,,38.634,10.744,415,100,-1,0,,,,,,00:08:30,0.58,0.066447,10.606077,,
2026-07-08T14:53:13.486,Raspberry_Relieve1,,,38.49,6.089,234,100,-1,0,,,,,,00:08:31,0.48,0.0429,10.648978,,
2026-07-08T14:53:13.986,Raspberry_Relieve1,,,38.49,6.089,234,100,-1,0,,,,,,00:08:31,0.52,0.033807,10.682785,,
2026-07-08T14:53:14.486,Raspberry_Relieve1,,,38.418,6.389,245,100,-1,0,,,,,,00:08:31,0.43,0.028286,10.711071,,
2026-07-08T14:53:14.986,Raspberry_Relieve1,,,38.418,6.389,245,100,-1,0,,,,,,00:08:32,0.52,0.035139,10.74621,,
2026-07-08T14:53:34.603,Raspberry_Relieve1,,,38.541,5.552,214,100,-1,0,,,,,,00:08:52,19.78,1.261196,12.007406,,
2026-07-08T14:53:35.113,Raspberry_Relieve1,,,38.575,5.353,207,100,-1,0,,,,,,00:08:52,0.3,0.017668,12.025074,,
2026-07-08T14:53:35.613,Raspberry_Relieve1,,,38.575,5.353,207,100,-1,0,,,,,,00:08:53,0.57,0.032617,12.05769,,
2026-07-08T14:53:36.113,Raspberry_Relieve1,,,38.575,5.353,207,100,-1,0,,,,,,00:08:53,0.43,0.024703,12.082393,,
2026-07-08T14:53:36.616,Raspberry_Relieve1,,,39.266,0.825,32,100,-1,0,,,,,,00:08:54,0.59,0.019606,12.101999,,
2026-07-08T14:53:37.116,Raspberry_Relieve1,,,39.266,0.825,32,100,-1,0,,,,,,00:08:54,0.44,0.003915,12.105915,,
2026-07-08T14:53:37.616,Raspberry_Relieve1,,,39.27,0.456,18,100,-1,0,,,,,,00:08:55,0.53,0.003696,12.10961,,
2026-07-08T14:53:38.116,Raspberry_Relieve1,,,39.286,0.43,17,100,-1,0,,,,,,00:08:55,0.43,0.002087,12.111697,,
2026-07-08T14:53:38.617,Raspberry_Relieve1,,,39.286,0.43,17,100,-1,0,,,,,,00:08:56,0.58,0.002729,12.114426,,
2026-07-08T14:53:39.117,Raspberry_Relieve1,,,39.299,0.434,17,100,-1,0,,,,,,00:08:56,0.49,0.002293,12.116719,,
2026-07-08T14:53:39.617,Raspberry_Relieve1,,,39.299,0.434,17,100,-1,0,,,,,,00:08:57,0.43,0.00205,12.118769,,
2026-07-08T14:53:40.117,Raspberry_Relieve1,,,39.299,0.434,17,100,-1,0,,,,,,00:08:57,0.55,0.002585,12.121354,,
2026-07-08T14:53:40.617,Raspberry_Relieve1,,,39.297,0.433,17,100,-1,0,,,,,,00:08:58,0.5,0.002344,12.123698,,
2026-07-08T14:53:41.117,Raspberry_Relieve1,,,39.297,0.433,17,100,-1,0,,,,,,00:08:58,0.45,0.002134,12.125833,,
2026-07-08T14:53:41.617,Raspberry_Relieve1,,,39.309,0.436,17,100,-1,0,,,,,,00:08:59,0.6,0.00282,12.128653,,
2026-07-08T14:53:42.117,Raspberry_Relieve1,,,39.309,0.436,17,100,-1,0,,,,,,00:08:59,0.49,0.002296,12.130949,,
2026-07-08T14:53:42.617,Raspberry_Relieve1,,,39.319,0.439,17,100,-1,0,,,,,,00:09:00,0.44,0.00206,12.133009,,
2026-07-08T14:53:43.117,Raspberry_Relieve1,,,39.329,0.448,18,100,-1,0,,,,,,00:09:00,0.49,0.002403,12.135412,,
2026-07-08T14:53:43.617,Raspberry_Relieve1,,,39.329,0.448,18,100,-1,0,,,,,,00:09:01,0.57,0.00286,12.138272,,
2026-07-08T14:53:44.118,Raspberry_Relieve1,,,38.112,8.342,318,100,-1,0,,,,,,00:09:01,0.49,0.023049,12.161321,,
2026-07-08T14:53:44.618,Raspberry_Relieve1,,,38.112,8.342,318,100,-1,0,,,,,,00:09:02,0.48,0.042354,12.203675,,
2026-07-08T14:53:45.118,Raspberry_Relieve1,,,38.11,9.477,361,100,-1,0,,,,,,00:09:02,0.48,0.045297,12.248972,,
2026-07-08T14:53:45.618,Raspberry_Relieve1,,,38.11,9.477,361,100,-1,0,,,,,,00:09:03,0.59,0.059434,12.308406,,
2026-07-08T14:53:46.118,Raspberry_Relieve1,,,39.222,3.28,129,100,-1,0,,,,,,00:09:03,0.38,0.025569,12.333975,,
2026-07-08T14:53:46.618,Raspberry_Relieve1,,,39.222,3.28,129,100,-1,0,,,,,,00:09:04,0.49,0.017388,12.351363,,
2026-07-08T14:53:47.118,Raspberry_Relieve1,,,39.374,-0.935,-37,100,14400,0,,,,,,00:09:04,0.61,0.007819,12.359183,,
2026-07-08T14:53:47.618,Raspberry_Relieve1,,,39.374,-0.935,-37,100,14400,0,,,,,,00:09:05,0.48,-0.004896,12.354287,,
2026-07-08T14:53:48.118,Raspberry_Relieve1,,,39.203,3.315,130,100,-1,0,,,,,,00:09:05,0.46,0.005938,12.360225,,
2026-07-08T14:53:48.618,Raspberry_Relieve1,,,39.203,3.315,130,100,-1,0,,,,,,00:09:06,0.45,0.016214,12.376439,,
2026-07-08T14:53:49.118,Raspberry_Relieve1,,,39.387,-0.837,-33,100,14400,0,,,,,,00:09:06,0.5,0.006749,12.383188,,
2026-07-08T14:53:49.619,Raspberry_Relieve1,,,39.387,-0.837,-33,100,14400,0,,,,,,00:09:07,0.6,-0.005514,12.377674,,
2026-07-08T14:53:50.119,Raspberry_Relieve1,,,39.246,3.582,141,100,-1,0,,,,,,00:09:07,0.48,0.007215,12.384889,,
2026-07-08T14:53:50.619,Raspberry_Relieve1,,,39.246,3.582,141,100,-1,0,,,,,,00:09:08,0.46,0.0182,12.403089,,
2026-07-08T14:53:51.119,Raspberry_Relieve1,,,39.326,0.61,24,100,-1,0,,,,,,00:09:08,0.45,0.010315,12.413404,,
2026-07-08T14:53:51.619,Raspberry_Relieve1,,,39.326,0.61,24,100,-1,0,,,,,,00:09:09,0.65,0.004349,12.417753,,
2026-07-08T14:53:52.119,Raspberry_Relieve1,,,39.326,0.61,24,100,-1,0,,,,,,00:09:09,0.45,0.002976,12.420729,,
2026-07-08T14:53:52.619,Raspberry_Relieve1,,,39.334,0.448,18,100,-1,0,,,,,,00:09:10,0.53,0.003082,12.423811,,
2026-07-08T14:53:53.119,Raspberry_Relieve1,,,39.415,-1.088,-43,100,14400,0,,,,,,00:09:10,0.47,-0.001644,12.422167,,
2026-07-08T14:53:53.620,Raspberry_Relieve1,,,39.415,-1.088,-43,100,14400,0,,,,,,00:09:11,0.52,-0.006239,12.415928,,
2026-07-08T14:53:54.120,Raspberry_Relieve1,,,39.41,1.509,59,100,-1,0,,,,,,00:09:11,0.52,0.00116,12.417087,,
2026-07-08T14:53:54.620,Raspberry_Relieve1,,,39.41,1.509,59,100,-1,0,,,,,,00:09:12,0.48,0.007926,12.425014,,
2026-07-08T14:53:55.120,Raspberry_Relieve1,,,39.346,0.503,20,100,-1,0,,,,,,00:09:12,0.4,0.004376,12.42939,,
2026-07-08T14:53:55.620,Raspberry_Relieve1,,,39.346,0.503,20,100,-1,0,,,,,,00:09:13,0.57,0.003147,12.432537,,
2026-07-08T14:53:56.120,Raspberry_Relieve1,,,39.349,0.44,17,100,-1,0,,,,,,00:09:13,0.51,0.002599,12.435136,,
2026-07-08T14:53:56.620,Raspberry_Relieve1,,,39.349,0.44,17,100,-1,0,,,,,,00:09:14,0.48,0.002259,12.437395,,
2026-07-08T14:53:57.120,Raspberry_Relieve1,,,39.349,0.44,17,100,-1,0,,,,,,00:09:14,0.53,0.002512,12.439907,,
2026-07-08T14:53:57.620,Raspberry_Relieve1,,,39.356,0.445,18,100,-1,0,,,,,,00:09:15,0.41,0.002017,12.441924,,
2026-07-08T14:53:58.120,Raspberry_Relieve1,,,39.36,0.436,17,100,-1,0,,,,,,00:09:15,0.58,0.002825,12.444749,,
2026-07-08T14:53:58.621,Raspberry_Relieve1,,,39.36,0.436,17,100,-1,0,,,,,,00:09:16,0.48,0.002244,12.446993,,
2026-07-08T14:53:59.121,Raspberry_Relieve1,,,39.433,-0.836,-33,100,14400,0,,,,,,00:09:16,0.62,-0.001383,12.445609,,
2026-07-08T14:53:59.621,Raspberry_Relieve1,,,39.433,-0.836,-33,100,14400,0,,,,,,00:09:17,0.33,-0.003021,12.442589,,
2026-07-08T14:54:00.121,Raspberry_Relieve1,,,37.545,7.19,270,100,-1,0,,,,,,00:09:17,0.54,0.017883,12.460471,,
2026-07-08T14:54:00.621,Raspberry_Relieve1,,,37.545,7.19,270,100,-1,0,,,,,,00:09:18,0.51,0.037961,12.498432,,
2026-07-08T14:54:01.121,Raspberry_Relieve1,,,39.363,0.92,36,100,-1,0,,,,,,00:09:18,0.54,0.023037,12.521468,,
2026-07-08T14:54:01.621,Raspberry_Relieve1,,,39.363,0.92,36,100,-1,0,,,,,,00:09:19,0.54,0.005403,12.526871,,
2026-07-08T14:54:02.122,Raspberry_Relieve1,,,39.369,0.467,18,100,-1,0,,,,,,00:09:19,0.37,0.002764,12.529635,,
2026-07-08T14:54:02.622,Raspberry_Relieve1,,,39.369,0.467,18,100,-1,0,,,,,,00:09:20,0.6,0.002995,12.532631,,
2026-07-08T14:54:03.122,Raspberry_Relieve1,,,39.369,0.467,18,100,-1,0,,,,,,00:09:20,0.4,0.001987,12.534618,,
2026-07-08T14:54:03.622,Raspberry_Relieve1,,,39.368,0.435,17,100,-1,0,,,,,,00:09:21,0.62,0.003023,12.537641,,
2026-07-08T14:54:04.122,Raspberry_Relieve1,,,39.378,0.437,17,100,-1,0,,,,,,00:09:21,0.45,0.002145,12.539786,,
2026-07-08T14:54:04.622,Raspberry_Relieve1,,,39.378,0.437,17,100,-1,0,,,,,,00:09:22,0.47,0.002219,12.542005,,
2026-07-08T14:54:05.122,Raspberry_Relieve1,,,39.367,0.431,17,100,-1,0,,,,,,00:09:22,0.57,0.002672,12.544677,,
2026-07-08T14:54:05.622,Raspberry_Relieve1,,,39.367,0.431,17,100,-1,0,,,,,,00:09:23,0.47,0.002231,12.546908,,
2026-07-08T14:54:06.123,Raspberry_Relieve1,,,39.377,0.436,17,100,-1,0,,,,,,00:09:23,0.51,0.002424,12.549332,,
2026-07-08T14:54:06.623,Raspberry_Relieve1,,,39.377,0.436,17,100,-1,0,,,,,,00:09:24,0.4,0.001887,12.551218,,
2026-07-08T14:54:07.123,Raspberry_Relieve1,,,39.377,0.436,17,100,-1,0,,,,,,00:09:24,0.51,0.00242,12.553638,,
2026-07-08T14:54:07.623,Raspberry_Relieve1,,,39.378,0.434,17,100,-1,0,,,,,,00:09:25,0.48,0.002262,12.5559,,
2026-07-08T14:54:08.123,Raspberry_Relieve1,,,39.378,0.436,17,100,-1,0,,,,,,00:09:25,0.52,0.002461,12.558361,,
2026-07-08T14:54:08.623,Raspberry_Relieve1,,,39.378,0.436,17,100,-1,0,,,,,,00:09:26,0.56,0.002663,12.561024,,
2026-07-08T14:54:09.123,Raspberry_Relieve1,,,39.076,1.585,62,100,-1,0,,,,,,00:09:26,0.5,0.005519,12.566543,,
2026-07-08T14:54:09.623,Raspberry_Relieve1,,,39.076,1.585,62,100,-1,0,,,,,,00:09:27,0.53,0.009169,12.575712,,
2026-07-08T14:54:10.124,Raspberry_Relieve1,,,38.456,6.747,259,100,-1,0,,,,,,00:09:27,0.59,0.026243,12.601955,,
2026-07-08T14:54:10.624,Raspberry_Relieve1,,,38.456,6.747,259,100,-1,0,,,,,,00:09:28,0.35,0.02487,12.626825,,
2026-07-08T14:54:11.124,Raspberry_Relieve1,,,38.322,8.113,311,100,-1,0,,,,,,00:09:28,0.51,0.040021,12.666846,,
2026-07-08T14:54:11.624,Raspberry_Relieve1,,,38.322,8.113,311,100,-1,0,,,,,,00:09:29,0.44,0.037756,12.704602,,
2026-07-08T14:54:12.124,Raspberry_Relieve1,,,38.204,8.609,329,100,-1,0,,,,,,00:09:29,0.59,0.052398,12.757,,
2026-07-08T14:54:12.624,Raspberry_Relieve1,,,38.204,8.609,329,100,-1,0,,,,,,00:09:30,0.47,0.04313,12.80013,,
2026-07-08T14:54:13.124,Raspberry_Relieve1,,,38.431,7.935,305,100,-1,0,,,,,,00:09:30,0.54,0.047199,12.847329,,
2026-07-08T14:54:13.625,Raspberry_Relieve1,,,38.431,7.935,305,100,-1,0,,,,,,00:09:31,0.5,0.042021,12.88935,,
2026-07-08T14:54:14.125,Raspberry_Relieve1,,,38.997,3.916,153,100,-1,0,,,,,,00:09:31,0.43,0.027072,12.916422,,
2026-07-08T14:54:14.625,Raspberry_Relieve1,,,38.997,3.916,153,100,-1,0,,,,,,00:09:32,0.5,0.021399,12.937821,,
2026-07-08T14:54:15.125,Raspberry_Relieve1,,,38.997,3.916,153,100,-1,0,,,,,,00:09:32,0.49,0.020641,12.958462,,
2026-07-08T14:54:15.625,Raspberry_Relieve1,,,39.34,0.669,26,100,-1,0,,,,,,00:09:33,0.57,0.014265,12.972727,,
2026-07-08T14:54:16.125,Raspberry_Relieve1,,,39.34,0.669,26,100,-1,0,,,,,,00:09:33,0.5,0.003644,12.976371,,
2026-07-08T14:54:16.625,Raspberry_Relieve1,,,39.344,0.458,18,100,-1,0,,,,,,00:09:34,0.51,0.003146,12.979518,,
2026-07-08T14:54:17.125,Raspberry_Relieve1,,,39.344,0.458,18,100,-1,0,,,,,,00:09:34,0.48,0.002384,12.981901,,
2026-07-08T14:54:17.626,Raspberry_Relieve1,,,39.357,0.451,18,100,-1,0,,,,,,00:09:35,0.45,0.002231,12.984133,,
2026-07-08T14:54:18.126,Raspberry_Relieve1,,,39.357,0.451,18,100,-1,0,,,,,,00:09:35,0.5,0.002486,12.986619,,
2026-07-08T14:54:18.626,Raspberry_Relieve1,,,39.362,0.454,18,100,-1,0,,,,,,00:09:36,0.56,0.002806,12.989424,,
2026-07-08T14:54:19.126,Raspberry_Relieve1,,,39.37,0.451,18,100,-1,0,,,,,,00:09:36,0.49,0.00243,12.991854,,
2026-07-08T14:54:19.626,Raspberry_Relieve1,,,39.37,0.451,18,100,-1,0,,,,,,00:09:37,0.44,0.00219,12.994044,,
2026-07-08T14:54:20.126,Raspberry_Relieve1,,,39.37,0.451,18,100,-1,0,,,,,,00:09:37,0.57,0.002846,12.99689,,
2026-07-08T14:54:20.626,Raspberry_Relieve1,,,39.373,0.447,18,100,-1,0,,,,,,00:09:38,0.57,0.002841,12.999732,,
2026-07-08T14:54:21.126,Raspberry_Relieve1,,,39.373,0.447,18,100,-1,0,,,,,,00:09:38,0.45,0.002228,13.00196,,
2026-07-08T14:54:21.626,Raspberry_Relieve1,,,39.373,0.446,18,100,-1,0,,,,,,00:09:39,0.42,0.002099,13.004059,,
2026-07-08T14:54:22.127,Raspberry_Relieve1,,,39.203,2.005,79,100,-1,0,,,,,,00:09:39,0.6,0.00811,13.012169,,
2026-07-08T14:54:22.627,Raspberry_Relieve1,,,39.203,2.005,79,100,-1,0,,,,,,00:09:40,0.48,0.0105,13.022669,,
2026-07-08T14:54:23.127,Raspberry_Relieve1,,,39.123,2.118,83,100,-1,0,,,,,,00:09:40,0.5,0.011191,13.03386,,
2026-07-08T14:54:23.627,Raspberry_Relieve1,,,39.123,2.118,83,100,-1,0,,,,,,00:09:41,0.42,0.00978,13.04364,,
2026-07-08T14:54:24.127,Raspberry_Relieve1,,,38.916,3.532,137,100,-1,0,,,,,,00:09:41,0.51,0.015645,13.059285,,
2026-07-08T14:54:24.627,Raspberry_Relieve1,,,38.916,3.532,137,100,-1,0,,,,,,00:09:42,0.6,0.022763,13.082048,,
2026-07-08T14:54:25.127,Raspberry_Relieve1,,,38.91,4.191,163,100,-1,0,,,,,,00:09:42,0.4,0.01662,13.098668,,
2026-07-08T14:54:25.627,Raspberry_Relieve1,,,38.91,4.191,163,100,-1,0,,,,,,00:09:43,0.59,0.026714,13.125383,,
2026-07-08T14:54:26.128,Raspberry_Relieve1,,,38.692,4.639,180,100,-1,0,,,,,,00:09:43,0.55,0.02598,13.151363,,
2026-07-08T14:54:26.628,Raspberry_Relieve1,,,38.692,4.639,180,100,-1,0,,,,,,00:09:44,0.37,0.018353,13.169716,,
2026-07-08T14:54:27.128,Raspberry_Relieve1,,,38.75,5.221,202,100,-1,0,,,,,,00:09:44,0.5,0.026398,13.196114,,
2026-07-08T14:54:27.628,Raspberry_Relieve1,,,38.75,5.221,202,100,-1,0,,,,,,00:09:45,0.58,0.032506,13.22862,,
2026-07-08T14:54:28.128,Raspberry_Relieve1,,,38.665,6.297,243,100,-1,0,,,,,,00:09:45,0.49,0.030028,13.258648,,
2026-07-08T14:54:28.628,Raspberry_Relieve1,,,38.665,6.297,243,100,-1,0,,,,,,00:09:46,0.58,0.038882,13.297529,,
2026-07-08T14:54:29.128,Raspberry_Relieve1,,,38.563,6.277,242,100,-1,0,,,,,,00:09:46,0.36,0.024087,13.321617,,
2026-07-08T14:54:29.629,Raspberry_Relieve1,,,38.563,6.277,242,100,-1,0,,,,,,00:09:47,0.58,0.039209,13.360825,,
2026-07-08T14:54:30.129,Raspberry_Relieve1,,,38.557,6.239,241,100,-1,0,,,,,,00:09:47,0.53,0.035494,13.396319,,
2026-07-08T14:54:30.629,Raspberry_Relieve1,,,38.557,6.239,241,100,-1,0,,,,,,00:09:48,0.39,0.026136,13.422455,,
2026-07-08T14:54:31.129,Raspberry_Relieve1,,,38.54,6.712,259,100,-1,0,,,,,,00:09:48,0.58,0.040223,13.462678,,
2026-07-08T14:54:31.629,Raspberry_Relieve1,,,38.54,6.712,259,100,-1,0,,,,,,00:09:49,0.42,0.030336,13.493015,,
2026-07-08T14:54:32.129,Raspberry_Relieve1,,,38.285,7.996,306,100,-1,0,,,,,,00:09:49,0.56,0.044276,13.537291,,
2026-07-08T14:54:32.629,Raspberry_Relieve1,,,38.285,7.996,306,100,-1,0,,,,,,00:09:50,0.57,0.048149,13.585439,,
2026-07-08T14:54:33.129,Raspberry_Relieve1,,,38.3,8.168,313,100,-1,0,,,,,,00:09:50,0.48,0.041475,13.626914,,
2026-07-08T14:54:33.630,Raspberry_Relieve1,,,38.3,8.168,313,100,-1,0,,,,,,00:09:51,0.54,0.047004,13.673918,,
2026-07-08T14:54:34.130,Raspberry_Relieve1,,,38.291,8.321,319,100,-1,0,,,,,,00:09:51,0.36,0.031643,13.705562,,
2026-07-08T14:54:34.630,Raspberry_Relieve1,,,38.291,8.321,319,100,-1,0,,,,,,00:09:52,0.66,0.058793,13.764355,,
2026-07-08T14:54:35.130,Raspberry_Relieve1,,,38.367,7.674,294,100,-1,0,,,,,,00:09:52,0.42,0.035354,13.799708,,
2026-07-08T14:54:35.630,Raspberry_Relieve1,,,38.367,7.674,294,100,-1,0,,,,,,00:09:53,0.41,0.033264,13.832972,,
2026-07-08T14:54:36.130,Raspberry_Relieve1,,,38.38,7.102,273,100,-1,0,,,,,,00:09:53,0.57,0.044787,13.877759,,
2026-07-08T14:54:36.630,Raspberry_Relieve1,,,38.38,7.102,273,100,-1,0,,,,,,00:09:54,0.49,0.036809,13.914568,,
2026-07-08T14:54:37.131,Raspberry_Relieve1,,,37.854,9.017,341,100,-1,0,,,,,,00:09:54,0.45,0.038089,13.952657,,
2026-07-08T14:54:37.631,Raspberry_Relieve1,,,37.854,9.017,341,100,-1,0,,,,,,00:09:55,0.61,0.058015,14.010671,,
2026-07-08T14:54:38.131,Raspberry_Relieve1,,,38.478,7.155,275,100,-1,0,,,,,,00:09:55,0.45,0.038508,14.049179,,
2026-07-08T14:54:38.631,Raspberry_Relieve1,,,38.478,7.155,275,100,-1,0,,,,,,00:09:56,0.51,0.038816,14.087995,,
2026-07-08T14:54:39.131,Raspberry_Relieve1,,,38.395,6.842,263,100,-1,0,,,,,,00:09:56,0.43,0.031879,14.119874,,
2026-07-08T14:54:39.631,Raspberry_Relieve1,,,38.395,6.842,263,100,-1,0,,,,,,00:09:57,0.56,0.040552,14.160425,,
2026-07-08T14:54:40.131,Raspberry_Relieve1,,,38.318,7.637,293,100,-1,0,,,,,,00:09:57,0.46,0.035591,14.196016,,
2026-07-08T14:54:40.631,Raspberry_Relieve1,,,38.318,7.637,293,100,-1,0,,,,,,00:09:58,0.53,0.043096,14.239112,,
2026-07-08T14:54:41.132,Raspberry_Relieve1,,,38.497,6.874,265,100,-1,0,,,,,,00:09:58,0.55,0.042814,14.281926,,
2026-07-08T14:54:41.632,Raspberry_Relieve1,,,38.497,6.874,265,100,-1,0,,,,,,00:09:59,0.47,0.034901,14.316827,,
2026-07-08T14:54:42.132,Raspberry_Relieve1,,,38.36,7.045,270,100,-1,0,,,,,,00:09:59,0.56,0.041467,14.358294,,
2026-07-08T14:54:42.632,Raspberry_Relieve1,,,38.36,7.045,270,100,-1,0,,,,,,00:10:00,0.45,0.033446,14.39174,,
2026-07-08T14:54:43.132,Raspberry_Relieve1,,,39.236,2.486,98,100,-1,0,,,,,,00:10:00,0.45,0.022838,14.414577,,
2026-07-08T14:54:43.632,Raspberry_Relieve1,,,39.236,2.486,98,100,-1,0,,,,,,00:10:01,0.6,0.016435,14.431012,,
2026-07-08T14:54:44.132,Raspberry_Relieve1,,,39.323,-0.663,-26,100,14400,0,,,,,,00:10:01,0.38,0.003846,14.434859,,
2026-07-08T14:54:44.632,Raspberry_Relieve1,,,39.323,-0.663,-26,100,14400,0,,,,,,00:10:02,0.54,-0.003923,14.430936,,
2026-07-08T14:54:45.133,Raspberry_Relieve1,,,39.336,0,0,100,-1,0,,,,,,00:10:02,0.63,-0.002261,14.428674,,
2026-07-08T14:54:45.633,Raspberry_Relieve1,,,39.336,0,0,100,-1,0,,,,,,00:10:03,0.38,0,14.428674,,
2026-07-08T14:54:46.133,Raspberry_Relieve1,,,39.17,4.226,166,100,-1,0,,,,,,00:10:03,0.55,0.012652,14.441326,,
2026-07-08T14:54:46.633,Raspberry_Relieve1,,,39.17,4.226,166,100,-1,0,,,,,,00:10:04,0.39,0.017951,14.459277,,
2026-07-08T14:54:47.133,Raspberry_Relieve1,,,39.282,0.676,27,100,-1,0,,,,,,00:10:04,0.55,0.014742,14.474019,,
2026-07-08T14:54:47.633,Raspberry_Relieve1,,,39.282,0.676,27,100,-1,0,,,,,,00:10:05,0.45,0.003343,14.477362,,
2026-07-08T14:54:48.133,Raspberry_Relieve1,,,39.293,0.456,18,100,-1,0,,,,,,00:10:05,0.58,0.003606,14.480968,,
2026-07-08T14:54:48.633,Raspberry_Relieve1,,,39.293,0.456,18,100,-1,0,,,,,,00:10:06,0.51,0.002534,14.483502,,
2026-07-08T14:54:49.133,Raspberry_Relieve1,,,39.462,-1.638,-65,100,14400,0,,,,,,00:10:06,0.42,-0.002737,14.480765,,
2026-07-08T14:54:49.634,Raspberry_Relieve1,,,39.462,-1.638,-65,100,14400,0,,,,,,00:10:07,0.58,-0.010462,14.470303,,
2026-07-08T14:54:50.134,Raspberry_Relieve1,,,38.341,5.857,225,100,-1,0,,,,,,00:10:07,0.42,0.009338,14.479641,,
2026-07-08T14:54:50.634,Raspberry_Relieve1,,,38.341,5.857,225,100,-1,0,,,,,,00:10:08,0.63,0.039481,14.519121,,
2026-07-08T14:54:51.134,Raspberry_Relieve1,,,39.3,0.764,30,100,-1,0,,,,,,00:10:08,0.46,0.016346,14.535467,,
2026-07-08T14:54:51.634,Raspberry_Relieve1,,,39.3,0.764,30,100,-1,0,,,,,,00:10:09,0.52,0.00434,14.539807,,
2026-07-08T14:54:52.134,Raspberry_Relieve1,,,39.395,0.118,5,100,-1,0,,,,,,00:10:09,0.42,0.002033,14.54184,,
2026-07-08T14:54:52.634,Raspberry_Relieve1,,,39.395,0.118,5,100,-1,0,,,,,,00:10:10,0.56,0.000784,14.542624,,
2026-07-08T14:54:53.134,Raspberry_Relieve1,,,39.382,-0.604,-24,100,14400,0,,,,,,00:10:10,0.42,-0.001113,14.541511,,
2026-07-08T14:54:53.635,Raspberry_Relieve1,,,39.382,-0.604,-24,100,14400,0,,,,,,00:10:11,0.57,-0.003778,14.537733,,
2026-07-08T14:54:54.135,Raspberry_Relieve1,,,39.373,1.377,54,100,-1,0,,,,,,00:10:11,0.43,0.001771,14.539504,,
2026-07-08T14:54:54.635,Raspberry_Relieve1,,,39.373,1.377,54,100,-1,0,,,,,,00:10:12,0.5,0.007463,14.546967,,
2026-07-08T14:54:55.135,Raspberry_Relieve1,,,39.317,0.511,20,100,-1,0,,,,,,00:10:12,0.5,0.005166,14.552132,,
2026-07-08T14:54:55.635,Raspberry_Relieve1,,,39.317,0.511,20,100,-1,0,,,,,,00:10:13,0.5,0.002787,14.55492,,
2026-07-08T14:54:56.135,Raspberry_Relieve1,,,39.417,-1.29,-51,100,14400,0,,,,,,00:10:13,0.51,-0.002177,14.552743,,
2026-07-08T14:54:56.635,Raspberry_Relieve1,,,39.417,-1.29,-51,100,14400,0,,,,,,00:10:14,0.57,-0.008077,14.544666,,
2026-07-08T14:54:57.135,Raspberry_Relieve1,,,38.983,4.725,184,100,-1,0,,,,,,00:10:14,0.54,0.009904,14.55457,,
2026-07-08T14:54:57.635,Raspberry_Relieve1,,,38.983,4.725,184,100,-1,0,,,,,,00:10:15,0.38,0.019249,14.573819,,
2026-07-08T14:54:58.136,Raspberry_Relieve1,,,39.325,0.687,27,100,-1,0,,,,,,00:10:15,0.58,0.017063,14.590882,,
2026-07-08T14:54:58.636,Raspberry_Relieve1,,,39.325,0.687,27,100,-1,0,,,,,,00:10:16,0.66,0.004954,14.595836,,
2026-07-08T14:54:59.163,Raspberry_Relieve1,,,39.955,-2.448,-98,100,14400,0.001,,,,,,00:10:16,0.34,-0.003339,14.592497,,
2026-07-08T14:54:59.663,Raspberry_Relieve1,,,39.955,-2.448,-98,100,14400,0.001,,,,,,00:10:17,0.48,-0.012959,14.579539,,
2026-07-08T14:55:00.163,Raspberry_Relieve1,,,38.551,3.185,123,100,-1,0,,,,,,00:10:17,0.59,0.002039,14.581577,,
2026-07-08T14:55:00.663,Raspberry_Relieve1,,,38.551,3.185,123,100,-1,0,,,,,,00:10:18,0.39,0.013422,14.595,,
2026-07-08T14:55:01.163,Raspberry_Relieve1,,,39.336,1.126,44,100,-1,0,,,,,,00:10:18,0.55,0.012748,14.607748,,
2026-07-08T14:55:01.664,Raspberry_Relieve1,,,39.336,1.126,44,100,-1,0,,,,,,00:10:19,0.5,0.006131,14.613879,,
2026-07-08T14:55:02.164,Raspberry_Relieve1,,,38.879,2.391,93,100,-1,0,,,,,,00:10:19,0.5,0.00957,14.623448,,
2026-07-08T14:55:02.664,Raspberry_Relieve1,,,38.879,2.391,93,100,-1,0,,,,,,00:10:20,0.54,0.01405,14.637499,,
2026-07-08T14:55:03.164,Raspberry_Relieve1,,,38.359,7.462,286,100,-1,0,,,,,,00:10:20,0.46,0.024142,14.66164,,
2026-07-08T14:55:03.664,Raspberry_Relieve1,,,38.359,7.462,286,100,-1,0,,,,,,00:10:21,0.49,0.038873,14.700513,,
2026-07-08T14:55:04.164,Raspberry_Relieve1,,,38.261,8.459,324,100,-1,0,,,,,,00:10:21,0.58,0.049493,14.750006,,
2026-07-08T14:55:04.664,Raspberry_Relieve1,,,38.261,8.459,324,100,-1,0,,,,,,00:10:22,0.37,0.033044,14.783049,,
2026-07-08T14:55:05.164,Raspberry_Relieve1,,,38.305,8.577,329,100,-1,0,,,,,,00:10:22,0.61,0.055474,14.838523,,
2026-07-08T14:55:05.664,Raspberry_Relieve1,,,38.305,8.577,329,100,-1,0,,,,,,00:10:23,0.45,0.040801,14.879324,,
2026-07-08T14:55:06.164,Raspberry_Relieve1,,,37.786,11.122,420,100,-1,0,,,,,,00:10:23,0.5,0.052142,14.931466,,
2026-07-08T14:55:06.664,Raspberry_Relieve1,,,37.786,11.122,420,100,-1,0,,,,,,00:10:24,0.63,0.07372,15.005185,,
2026-07-08T14:55:07.165,Raspberry_Relieve1,,,37.701,11.975,451,100,-1,0,,,,,,00:10:24,0.42,0.050729,15.055915,,
2026-07-08T14:55:07.665,Raspberry_Relieve1,,,37.701,11.975,451,100,-1,0,,,,,,00:10:25,0.44,0.055407,15.111321,,
2026-07-08T14:55:08.165,Raspberry_Relieve1,,,37.642,12.772,481,100,-1,0,,,,,,00:10:25,0.51,0.066227,15.177548,,
2026-07-08T14:55:08.665,Raspberry_Relieve1,,,37.642,12.772,481,100,-1,0,,,,,,00:10:26,0.66,0.088711,15.266259,,
2026-07-08T14:55:09.185,Raspberry_Relieve1,,,37.528,13.422,504,100,-1,0,,,,,,00:10:26,0.37,0.050322,15.316581,,
2026-07-08T14:55:09.685,Raspberry_Relieve1,,,37.528,13.422,504,100,-1,0,,,,,,00:10:27,0.43,0.059614,15.376195,,
2026-07-08T14:55:10.185,Raspberry_Relieve1,,,37.504,13.514,507,100,-1,0,,,,,,00:10:27,0.64,0.089692,15.465887,,
2026-07-08T14:55:10.685,Raspberry_Relieve1,,,37.504,13.514,507,100,-1,0,,,,,,00:10:28,0.38,0.053264,15.519152,,
2026-07-08T14:55:11.186,Raspberry_Relieve1,,,37.79,12.007,454,100,-1,0,,,,,,00:10:28,0.49,0.065219,15.58437,,
2026-07-08T14:55:11.686,Raspberry_Relieve1,,,37.79,12.007,454,100,-1,0,,,,,,00:10:29,0.64,0.081289,15.665659,,
2026-07-08T14:55:12.186,Raspberry_Relieve1,,,37.952,10.261,389,100,-1,0,,,,,,00:10:29,0.35,0.04078,15.706439,,
2026-07-08T14:55:12.686,Raspberry_Relieve1,,,37.952,10.261,389,100,-1,0,,,,,,00:10:30,0.6,0.065373,15.771812,,
2026-07-08T14:55:13.186,Raspberry_Relieve1,,,38.679,5.981,231,100,-1,0,,,,,,00:10:30,0.39,0.033806,15.805618,,
2026-07-08T14:55:13.686,Raspberry_Relieve1,,,38.679,5.981,231,100,-1,0,,,,,,00:10:31,0.58,0.036897,15.842514,,
2026-07-08T14:55:14.186,Raspberry_Relieve1,,,39.181,2.153,84,100,-1,0,,,,,,00:10:31,0.49,0.02165,15.864164,,
2026-07-08T14:55:14.686,Raspberry_Relieve1,,,39.181,2.153,84,100,-1,0,,,,,,00:10:32,0.54,0.012716,15.876881,,
2026-07-08T14:55:15.187,Raspberry_Relieve1,,,39.181,2.153,84,100,-1,0,,,,,,00:10:32,0.44,0.010324,15.887205,,
2026-07-08T14:55:15.687,Raspberry_Relieve1,,,39.197,0.556,22,100,-1,0,,,,,,00:10:33,0.6,0.008867,15.896071,,
2026-07-08T14:55:16.187,Raspberry_Relieve1,,,39.213,0.453,18,100,-1,0,,,,,,00:10:33,0.36,0.002025,15.898096,,
2026-07-08T14:55:16.687,Raspberry_Relieve1,,,39.213,0.453,18,100,-1,0,,,,,,00:10:34,0.58,0.002879,15.900975,,
2026-07-08T14:55:17.187,Raspberry_Relieve1,,,39.222,0.449,18,100,-1,0,,,,,,00:10:34,0.52,0.002612,15.903588,,
2026-07-08T14:55:17.687,Raspberry_Relieve1,,,39.222,0.449,18,100,-1,0,,,,,,00:10:35,0.38,0.001877,15.905464,,
2026-07-08T14:55:18.187,Raspberry_Relieve1,,,39.222,0.449,18,100,-1,0,,,,,,00:10:35,0.53,0.002638,15.908103,,
2026-07-08T14:55:18.687,Raspberry_Relieve1,,,39.233,0.448,18,100,-1,0,,,,,,00:10:36,0.48,0.002394,15.910496,,
2026-07-08T14:55:19.188,Raspberry_Relieve1,,,39.308,-0.765,-30,100,14400,0,,,,,,00:10:36,0.52,-0.000872,15.909624,,
2026-07-08T14:55:19.688,Raspberry_Relieve1,,,39.308,-0.765,-30,100,14400,0,,,,,,00:10:37,0.55,-0.004616,15.905008,,
2026-07-08T14:55:20.188,Raspberry_Relieve1,,,39.149,3.285,129,100,-1,0,,,,,,00:10:37,0.46,0.006265,15.911273,,
2026-07-08T14:55:20.688,Raspberry_Relieve1,,,39.149,3.285,129,100,-1,0,,,,,,00:10:38,0.57,0.020439,15.931712,,
2026-07-08T14:55:21.188,Raspberry_Relieve1,,,39.149,3.285,129,100,-1,0,,,,,,00:10:38,0.41,0.014761,15.946473,,
2026-07-08T14:55:21.688,Raspberry_Relieve1,,,39.251,0.587,23,100,-1,0,,,,,,00:10:39,0.6,0.012685,15.959159,,
2026-07-08T14:55:22.244,Raspberry_Relieve1,,,39.251,0.587,23,100,-1,0,,,,,,00:10:39,0.55,0.003499,15.962658,,
2026-07-08T14:55:22.744,Raspberry_Relieve1,,,39.258,0.454,18,100,-1,0,,,,,,00:10:40,0.45,0.002578,15.965236,,
2026-07-08T14:55:23.245,Raspberry_Relieve1,,,39.258,0.454,18,100,-1,0,,,,,,00:10:40,0.55,0.002737,15.967972,,
2026-07-08T14:55:23.745,Raspberry_Relieve1,,,39.266,0.443,17,100,-1,0,,,,,,00:10:41,0.4,0.001939,15.969911,,
2026-07-08T14:55:24.245,Raspberry_Relieve1,,,39.269,0.447,18,100,-1,0,,,,,,00:10:41,0.5,0.00245,15.972361,,
2026-07-08T14:55:24.745,Raspberry_Relieve1,,,39.269,0.447,18,100,-1,0,,,,,,00:10:42,0.56,0.002802,15.975163,,
2026-07-08T14:55:25.245,Raspberry_Relieve1,,,39.269,0.447,18,100,-1,0,,,,,,00:10:42,0.62,0.003119,15.978282,,
2026-07-08T14:55:25.745,Raspberry_Relieve1,,,39.273,0.446,18,100,-1,0,,,,,,00:10:43,0.35,0.00174,15.980021,,
2026-07-08T14:55:26.246,Raspberry_Relieve1,,,39.273,0.446,18,100,-1,0,,,,,,00:10:43,0.69,0.003438,15.98346,,
2026-07-08T14:55:26.765,Raspberry_Relieve1,,,39.276,0.444,17,100,-1,0,,,,,,00:10:44,0.36,0.001746,15.985206,,
2026-07-08T14:55:27.265,Raspberry_Relieve1,,,39.276,0.444,17,100,-1,0,,,,,,00:10:44,0.49,0.002321,15.987527,,
2026-07-08T14:55:27.765,Raspberry_Relieve1,,,39.282,0.447,18,100,-1,0,,,,,,00:10:45,0.64,0.003121,15.990648,,
2026-07-08T14:55:28.265,Raspberry_Relieve1,,,39.288,0.445,17,100,-1,0,,,,,,00:10:45,0.39,0.001902,15.992551,,
2026-07-08T14:55:28.766,Raspberry_Relieve1,,,39.288,0.445,17,100,-1,0,,,,,,00:10:46,0.51,0.002427,15.994977,,
2026-07-08T14:55:29.266,Raspberry_Relieve1,,,39.288,0.445,17,100,-1,0,,,,,,00:10:46,0.4,0.001898,15.996875,,
2026-07-08T14:55:29.766,Raspberry_Relieve1,,,39.293,0.443,17,100,-1,0,,,,,,00:10:47,0.63,0.002959,15.999835,,
2026-07-08T14:55:30.266,Raspberry_Relieve1,,,39.297,0.444,17,100,-1,0,,,,,,00:10:47,0.37,0.00173,16.001564,,
2026-07-08T14:55:30.766,Raspberry_Relieve1,,,39.297,0.444,17,100,-1,0,,,,,,00:10:48,0.69,0.003248,16.004812,,
2026-07-08T14:55:31.266,Raspberry_Relieve1,,,39.302,0.441,17,100,-1,0,,,,,,00:10:48,0.33,0.001558,16.00637,,
2026-07-08T14:55:31.766,Raspberry_Relieve1,,,39.302,0.441,17,100,-1,0,,,,,,00:10:49,0.59,0.002796,16.009166,,
2026-07-08T14:55:32.266,Raspberry_Relieve1,,,39.302,0.445,17,100,-1,0,,,,,,00:10:49,0.42,0.002005,16.011171,,
2026-07-08T14:55:32.767,Raspberry_Relieve1,,,39.302,0.445,17,100,-1,0,,,,,,00:10:50,0.49,0.002322,16.013492,,
2026-07-08T14:55:33.267,Raspberry_Relieve1,,,39.307,0.442,17,100,-1,0,,,,,,00:10:50,0.54,0.002546,16.016039,,
2026-07-08T14:55:33.767,Raspberry_Relieve1,,,39.307,0.442,17,100,-1,0,,,,,,00:10:51,0.43,0.002053,16.018091,,
2026-07-08T14:55:34.267,Raspberry_Relieve1,,,39.311,0.443,17,100,-1,0,,,,,,00:10:51,0.58,0.002721,16.020813,,
2026-07-08T14:55:34.767,Raspberry_Relieve1,,,39.311,0.443,17,100,-1,0,,,,,,00:10:52,0.43,0.002016,16.022829,,
2026-07-08T14:55:35.267,Raspberry_Relieve1,,,39.314,0.443,17,100,-1,0,,,,,,00:10:52,0.6,0.002833,16.025662,,
2026-07-08T14:55:35.767,Raspberry_Relieve1,,,39.314,0.443,17,100,-1,0,,,,,,00:10:53,0.47,0.002222,16.027884,,
2026-07-08T14:55:36.267,Raspberry_Relieve1,,,39.045,2.076,81,100,-1,0,,,,,,00:10:53,0.5,0.006777,16.034662,,
2026-07-08T14:55:36.768,Raspberry_Relieve1,,,39.045,2.076,81,100,-1,0,,,,,,00:10:54,0.5,0.01121,16.045872,,
2026-07-08T14:55:37.268,Raspberry_Relieve1,,,38.826,3.898,151,100,-1,0,,,,,,00:10:54,0.42,0.013396,16.059268,,
2026-07-08T14:55:37.768,Raspberry_Relieve1,,,38.826,3.898,151,100,-1,0,,,,,,00:10:55,0.67,0.027999,16.087267,,
2026-07-08T14:55:38.268,Raspberry_Relieve1,,,38.51,6.574,253,100,-1,0,,,,,,00:10:55,0.34,0.019266,16.106533,,
2026-07-08T14:55:38.768,Raspberry_Relieve1,,,38.51,6.574,253,100,-1,0,,,,,,00:10:56,0.58,0.040506,16.147039,,
2026-07-08T14:55:39.268,Raspberry_Relieve1,,,38.505,7.204,277,100,-1,0,,,,,,00:10:56,0.53,0.039107,16.186146,,
2026-07-08T14:55:39.768,Raspberry_Relieve1,,,38.505,7.204,277,100,-1,0,,,,,,00:10:57,0.38,0.028999,16.215144,,
2026-07-08T14:55:40.268,Raspberry_Relieve1,,,38.326,7.812,299,100,-1,0,,,,,,00:10:57,0.54,0.04323,16.258374,,
2026-07-08T14:55:40.769,Raspberry_Relieve1,,,38.326,7.812,299,100,-1,0,,,,,,00:10:58,0.58,0.048462,16.306836,,
2026-07-08T14:55:41.269,Raspberry_Relieve1,,,38.237,8.367,320,100,-1,0,,,,,,00:10:58,0.48,0.040981,16.347818,,
2026-07-08T14:55:41.769,Raspberry_Relieve1,,,38.237,8.367,320,100,-1,0,,,,,,00:10:59,0.42,0.037084,16.384902,,
2026-07-08T14:55:42.269,Raspberry_Relieve1,,,38.265,8.293,317,100,-1,0,,,,,,00:10:59,0.55,0.049064,16.433966,,
2026-07-08T14:55:42.769,Raspberry_Relieve1,,,38.265,8.293,317,100,-1,0,,,,,,00:11:00,0.45,0.039284,16.47325,,
2026-07-08T14:55:43.269,Raspberry_Relieve1,,,38.216,8.283,317,100,-1,0,,,,,,00:11:00,0.55,0.048315,16.521564,,
2026-07-08T14:55:43.770,Raspberry_Relieve1,,,38.269,8.192,313,100,-1,0,,,,,,00:11:01,0.55,0.048046,16.56961,,
2026-07-08T14:55:44.271,Raspberry_Relieve1,,,38.269,8.192,313,100,-1,0,,,,,,00:11:01,0.49,0.042833,16.612443,,
2026-07-08T14:55:44.771,Raspberry_Relieve1,,,38.373,7.179,275,100,-1,0,,,,,,00:11:02,0.46,0.037323,16.649767,,
2026-07-08T14:55:45.271,Raspberry_Relieve1,,,38.373,7.179,275,100,-1,0,,,,,,00:11:02,0.52,0.039551,16.689318,,
2026-07-08T14:55:45.771,Raspberry_Relieve1,,,39.432,0,275,100,-1,0,,,,,,00:11:03,0.52,0.040032,16.72935,,
2026-07-08T14:55:46.271,Raspberry_Relieve1,,,39.432,0,275,100,-1,0,,,,,,00:11:03,0.5,0.038533,16.767883,,
2026-07-08T14:55:46.772,Raspberry_Relieve1,,,39.304,-0.461,-18,100,14400,0,,,,,,00:11:04,0.49,0.017655,16.785538,,
2026-07-08T14:55:47.272,Raspberry_Relieve1,,,39.304,-0.461,-18,100,14400,0,,,,,,00:11:04,0.5,-0.002515,16.783023,,
2026-07-08T14:55:47.772,Raspberry_Relieve1,,,39.183,2.739,107,100,-1,0,,,,,,00:11:05,0.46,0.005679,16.788702,,
2026-07-08T14:55:48.272,Raspberry_Relieve1,,,39.183,2.739,107,100,-1,0,,,,,,00:11:05,0.57,0.016837,16.805539,,
2026-07-08T14:55:48.772,Raspberry_Relieve1,,,39.824,-1.985,-79,100,14400,0.001,,,,,,00:11:06,0.4,0.001554,16.807093,,
2026-07-08T14:55:49.272,Raspberry_Relieve1,,,39.824,-1.985,-79,100,14400,0.001,,,,,,00:11:06,0.55,-0.012154,16.794939,,
2026-07-08T14:55:49.772,Raspberry_Relieve1,,,38.986,1.149,45,100,-1,0,,,,,,00:11:07,0.45,-0.002116,16.792823,,
2026-07-08T14:55:50.272,Raspberry_Relieve1,,,38.986,1.149,45,100,-1,0,,,,,,00:11:07,0.59,0.007378,16.800201,,
2026-07-08T14:55:50.772,Raspberry_Relieve1,,,39.274,1.295,51,100,-1,0,,,,,,00:11:08,0.45,0.006053,16.806254,,
2026-07-08T14:55:51.273,Raspberry_Relieve1,,,39.274,1.295,51,100,-1,0,,,,,,00:11:08,0.55,0.0078,16.814054,,
2026-07-08T14:55:51.773,Raspberry_Relieve1,,,39.274,1.295,51,100,-1,0,,,,,,00:11:09,0.44,0.00617,16.820224,,
2026-07-08T14:55:52.273,Raspberry_Relieve1,,,39.265,0.497,20,100,-1,0,,,,,,00:11:09,0.56,0.00557,16.825794,,
2026-07-08T14:55:52.773,Raspberry_Relieve1,,,39.265,0.497,20,100,-1,0,,,,,,00:11:10,0.52,0.002888,16.828682,,
2026-07-08T14:55:53.273,Raspberry_Relieve1,,,39.273,0.445,17,100,-1,0,,,,,,00:11:10,0.38,0.001966,16.830648,,
2026-07-08T14:55:53.773,Raspberry_Relieve1,,,39.273,0.445,17,100,-1,0,,,,,,00:11:11,0.55,0.002591,16.833238,,
2026-07-08T14:55:54.273,Raspberry_Relieve1,,,39.276,0.445,17,100,-1,0,,,,,,00:11:11,0.57,0.002697,16.835935,,
2026-07-08T14:55:54.773,Raspberry_Relieve1,,,39.281,0.445,17,100,-1,0,,,,,,00:11:12,0.37,0.001758,16.837693,,
2026-07-08T14:55:55.273,Raspberry_Relieve1,,,39.281,0.445,17,100,-1,0,,,,,,00:11:12,0.58,0.002716,16.840409,,
2026-07-08T14:55:55.774,Raspberry_Relieve1,,,38.848,2.357,92,100,-1,0,,,,,,00:11:13,0.43,0.006523,16.846932,,
2026-07-08T14:55:56.274,Raspberry_Relieve1,,,38.848,2.357,92,100,-1,0,,,,,,00:11:13,0.52,0.013183,16.860115,,
2026-07-08T14:55:56.774,Raspberry_Relieve1,,,39.284,0.552,22,100,-1,0,,,,,,00:11:14,0.6,0.009527,16.869642,,
2026-07-08T14:55:57.274,Raspberry_Relieve1,,,39.284,0.552,22,100,-1,0,,,,,,00:11:14,0.49,0.003004,16.872646,,
2026-07-08T14:55:57.774,Raspberry_Relieve1,,,39.289,0.445,17,100,-1,0,,,,,,00:11:15,0.5,0.002702,16.875347,,
2026-07-08T14:55:58.274,Raspberry_Relieve1,,,39.289,0.445,17,100,-1,0,,,,,,00:11:15,0.41,0.001938,16.877285,,
2026-07-08T14:55:58.774,Raspberry_Relieve1,,,39.293,0.442,17,100,-1,0,,,,,,00:11:16,0.47,0.002213,16.879498,,
2026-07-08T14:55:59.274,Raspberry_Relieve1,,,39.293,0.442,17,100,-1,0,,,,,,00:11:16,0.63,0.00298,16.882478,,
2026-07-08T14:55:59.774,Raspberry_Relieve1,,,39.363,-0.806,-32,100,14400,0,,,,,,00:11:17,0.38,-0.000799,16.881679,,
2026-07-08T14:56:00.275,Raspberry_Relieve1,,,39.363,-0.806,-32,100,14400,0,,,,,,00:11:17,0.7,-0.006212,16.875467,,
2026-07-08T14:56:00.775,Raspberry_Relieve1,,,39.358,1.58,62,100,-1,0,,,,,,00:11:18,0.35,0.001471,16.876938,,
2026-07-08T14:56:01.275,Raspberry_Relieve1,,,39.358,1.58,62,100,-1,0,,,,,,00:11:18,0.43,0.007401,16.884339,,
2026-07-08T14:56:01.775,Raspberry_Relieve1,,,39.297,0.51,20,100,-1,0,,,,,,00:11:19,0.65,0.007382,16.891722,,
2026-07-08T14:56:02.275,Raspberry_Relieve1,,,39.297,0.51,20,100,-1,0,,,,,,00:11:19,0.44,0.002431,16.894152,,
2026-07-08T14:56:02.775,Raspberry_Relieve1,,,39.3,0.449,18,100,-1,0,,,,,,00:11:20,0.55,0.002924,16.897076,,
2026-07-08T14:56:03.275,Raspberry_Relieve1,,,39.3,0.449,18,100,-1,0,,,,,,00:11:20,0.4,0.001988,16.899064,,
2026-07-08T14:56:03.775,Raspberry_Relieve1,,,39.305,0.44,17,100,-1,0,,,,,,00:11:21,0.47,0.002301,16.901366,,
2026-07-08T14:56:04.275,Raspberry_Relieve1,,,39.305,0.44,17,100,-1,0,,,,,,00:11:21,0.49,0.002326,16.903692,,
2026-07-08T14:56:04.775,Raspberry_Relieve1,,,39.306,0.441,17,100,-1,0,,,,,,00:11:22,0.51,0.002403,16.906095,,
2026-07-08T14:56:05.275,Raspberry_Relieve1,,,39.306,0.441,17,100,-1,0,,,,,,00:11:22,0.59,0.002796,16.908891,,
2026-07-08T14:56:05.775,Raspberry_Relieve1,,,39.309,0.441,17,100,-1,0,,,,,,00:11:23,0.4,0.001872,16.910763,,
2026-07-08T14:56:06.276,Raspberry_Relieve1,,,39.309,0.441,17,100,-1,0,,,,,,00:11:23,0.55,0.002611,16.913374,,
2026-07-08T14:56:06.776,Raspberry_Relieve1,,,39.682,-1.048,-42,100,14400,0,,,,,,00:11:24,0.66,-0.002287,16.911087,,
2026-07-08T14:56:07.276,Raspberry_Relieve1,,,39.682,-1.048,-42,100,14400,0,,,,,,00:11:24,0.5,-0.005841,16.905246,,
2026-07-08T14:56:07.776,Raspberry_Relieve1,,,39.381,-0.417,-16,100,14400,0,,,,,,00:11:25,0.4,-0.003218,16.902028,,
2026-07-08T14:56:08.276,Raspberry_Relieve1,,,39.381,-0.417,-16,100,14400,0,,,,,,00:11:25,0.44,-0.001974,16.900054,,
2026-07-08T14:56:08.776,Raspberry_Relieve1,,,39.283,2.204,87,100,-1,0,,,,,,00:11:26,0.52,0.005089,16.905143,,
2026-07-08T14:56:09.276,Raspberry_Relieve1,,,39.283,2.204,87,100,-1,0,,,,,,00:11:26,0.44,0.01074,16.915883,,
2026-07-08T14:56:09.776,Raspberry_Relieve1,,,39.313,0.543,21,100,-1,0,,,,,,00:11:27,0.6,0.008963,16.924846,,
2026-07-08T14:56:10.276,Raspberry_Relieve1,,,39.313,0.543,21,100,-1,0,,,,,,00:11:27,0.4,0.002354,16.9272,,
2026-07-08T14:56:10.777,Raspberry_Relieve1,,,39.313,0.543,21,100,-1,0,,,,,,00:11:28,0.5,0.002914,16.930114,,
2026-07-08T14:56:11.277,Raspberry_Relieve1,,,39.316,0.447,18,100,-1,0,,,,,,00:11:28,0.5,0.002701,16.932815,,
2026-07-08T14:56:11.777,Raspberry_Relieve1,,,39.316,0.447,18,100,-1,0,,,,,,00:11:29,0.5,0.00248,16.935294,,
2026-07-08T14:56:12.277,Raspberry_Relieve1,,,39.319,0.439,17,100,-1,0,,,,,,00:11:29,0.6,0.002909,16.938203,,
2026-07-08T14:56:12.777,Raspberry_Relieve1,,,39.321,0.44,17,100,-1,0,,,,,,00:11:30,0.41,0.001949,16.940152,,
2026-07-08T14:56:13.277,Raspberry_Relieve1,,,39.321,0.44,17,100,-1,0,,,,,,00:11:30,0.56,0.002623,16.942775,,
2026-07-08T14:56:13.777,Raspberry_Relieve1,,,39.323,0.441,17,100,-1,0,,,,,,00:11:31,0.52,0.002472,16.945247,,
2026-07-08T14:56:14.277,Raspberry_Relieve1,,,39.323,0.441,17,100,-1,0,,,,,,00:11:31,0.48,0.002286,16.947533,,
2026-07-08T14:56:14.777,Raspberry_Relieve1,,,39.501,-0.277,-11,100,14400,0,,,,,,00:11:32,0.52,0.000433,16.947965,,
2026-07-08T14:56:15.277,Raspberry_Relieve1,,,39.501,-0.277,-11,100,14400,0,,,,,,00:11:32,0.5,-0.001525,16.94644,,
2026-07-08T14:56:15.778,Raspberry_Relieve1,,,39.393,-0.519,-20,100,14400,0,,,,,,00:11:33,0.4,-0.001736,16.944704,,
2026-07-08T14:56:16.278,Raspberry_Relieve1,,,39.393,-0.519,-20,100,14400,0,,,,,,00:11:33,0.49,-0.002738,16.941966,,
2026-07-08T14:56:16.778,Raspberry_Relieve1,,,39.198,4.303,169,100,-1,0,,,,,,00:11:34,0.51,0.010636,16.952601,,
2026-07-08T14:56:17.278,Raspberry_Relieve1,,,39.198,4.303,169,100,-1,0,,,,,,00:11:34,0.5,0.023294,16.975896,,
2026-07-08T14:56:17.778,Raspberry_Relieve1,,,39.198,4.303,169,100,-1,0,,,,,,00:11:35,0.54,0.025444,17.001339,,
2026-07-08T14:56:18.278,Raspberry_Relieve1,,,39.324,0.673,26,100,-1,0,,,,,,00:11:35,0.53,0.014257,17.015596,,
2026-07-08T14:56:18.778,Raspberry_Relieve1,,,39.324,0.673,26,100,-1,0,,,,,,00:11:36,0.43,0.003121,17.018718,,
2026-07-08T14:56:19.278,Raspberry_Relieve1,,,39.328,0.454,18,100,-1,0,,,,,,00:11:36,0.59,0.003598,17.022316,,
2026-07-08T14:56:19.778,Raspberry_Relieve1,,,39.331,0.435,17,100,-1,0,,,,,,00:11:37,0.44,0.002128,17.024444,,
2026-07-08T14:56:20.279,Raspberry_Relieve1,,,39.331,0.435,17,100,-1,0,,,,,,00:11:37,0.47,0.002214,17.026658,,
2026-07-08T14:56:20.779,Raspberry_Relieve1,,,39.332,0.441,17,100,-1,0,,,,,,00:11:38,0.61,0.002876,17.029534,,
2026-07-08T14:56:21.279,Raspberry_Relieve1,,,39.332,0.441,17,100,-1,0,,,,,,00:11:38,0.51,0.002427,17.03196,,
2026-07-08T14:56:21.779,Raspberry_Relieve1,,,39.335,0.435,17,100,-1,0,,,,,,00:11:39,0.5,0.002365,17.034325,,
2026-07-08T14:56:22.279,Raspberry_Relieve1,,,39.335,0.435,17,100,-1,0,,,,,,00:11:39,0.41,0.001915,17.03624,,
2026-07-08T14:56:22.779,Raspberry_Relieve1,,,39.423,0,17,100,-1,0,,,,,,00:11:40,0.56,0.002654,17.038894,,
2026-07-08T14:56:23.279,Raspberry_Relieve1,,,39.423,0,17,100,-1,0,,,,,,00:11:40,0.42,0.001985,17.040879,,
2026-07-08T14:56:23.779,Raspberry_Relieve1,,,38.353,3.712,142,100,-1,0,,,,,,00:11:41,0.65,0.014436,17.055315,,
2026-07-08T14:56:24.279,Raspberry_Relieve1,,,38.353,3.712,142,100,-1,0,,,,,,00:11:41,0.33,0.013065,17.06838,,
2026-07-08T14:56:24.780,Raspberry_Relieve1,,,39.332,0.815,32,100,-1,0,,,,,,00:11:42,0.62,0.014942,17.083322,,
2026-07-08T14:56:25.280,Raspberry_Relieve1,,,39.332,0.815,32,100,-1,0,,,,,,00:11:42,0.38,0.003372,17.086694,,
2026-07-08T14:56:25.780,Raspberry_Relieve1,,,39.35,0.373,15,100,-1,0,,,,,,00:11:43,0.59,0.003857,17.090551,,
2026-07-08T14:56:26.280,Raspberry_Relieve1,,,39.35,0.373,15,100,-1,0,,,,,,00:11:43,0.44,0.00184,17.092391,,
2026-07-08T14:56:26.780,Raspberry_Relieve1,,,39.445,-0.308,-12,100,14400,0,,,,,,00:11:44,0.6,0.000249,17.092639,,
2026-07-08T14:56:27.280,Raspberry_Relieve1,,,39.445,-0.308,-12,100,14400,0,,,,,,00:11:44,0.37,-0.001227,17.091412,,
2026-07-08T14:56:27.780,Raspberry_Relieve1,,,39.401,0,0,100,-1,0,,,,,,00:11:45,0.58,-0.000969,17.090444,,
2026-07-08T14:56:28.280,Raspberry_Relieve1,,,39.401,0,0,100,-1,0,,,,,,00:11:45,0.43,0,17.090444,,
2026-07-08T14:56:28.780,Raspberry_Relieve1,,,39.009,1.64,64,100,-1,0,,,,,,00:11:46,0.57,0.005054,17.095498,,
2026-07-08T14:56:29.281,Raspberry_Relieve1,,,39.009,1.64,64,100,-1,0,,,,,,00:11:46,0.43,0.007723,17.103221,,
2026-07-08T14:56:29.781,Raspberry_Relieve1,,,39.221,1.172,46,100,-1,0,,,,,,00:11:47,0.63,0.009678,17.112899,,
2026-07-08T14:56:30.281,Raspberry_Relieve1,,,39.221,1.172,46,100,-1,0,,,,,,00:11:47,0.46,0.005925,17.118824,,
2026-07-08T14:56:30.781,Raspberry_Relieve1,,,39.199,0.843,33,100,-1,0,,,,,,00:11:48,0.45,0.004974,17.123798,,
2026-07-08T14:56:31.281,Raspberry_Relieve1,,,39.199,0.843,33,100,-1,0,,,,,,00:11:48,0.56,0.005168,17.128966,,
2026-07-08T14:56:31.781,Raspberry_Relieve1,,,39.514,-0.649,-26,100,14400,0,,,,,,00:11:49,0.4,0.000388,17.129354,,
2026-07-08T14:56:32.281,Raspberry_Relieve1,,,39.514,-0.649,-26,100,14400,0,,,,,,00:11:49,0.57,-0.004093,17.125261,,
2026-07-08T14:56:32.781,Raspberry_Relieve1,,,39.446,-0.386,-15,100,14400,0,,,,,,00:11:50,0.44,-0.00249,17.122771,,
2026-07-08T14:56:33.282,Raspberry_Relieve1,,,39.446,-0.386,-15,100,14400,0,,,,,,00:11:50,0.56,-0.002344,17.120427,,
2026-07-08T14:56:33.782,Raspberry_Relieve1,,,39.333,1.647,65,100,-1,0,,,,,,00:11:51,0.42,0.002891,17.123318,,
2026-07-08T14:56:34.282,Raspberry_Relieve1,,,39.333,1.647,65,100,-1,0,,,,,,00:11:51,0.62,0.011257,17.134575,,
2026-07-08T14:56:34.782,Raspberry_Relieve1,,,39.305,0.812,32,100,-1,0,,,,,,00:11:52,0.45,0.006056,17.140631,,
2026-07-08T14:56:35.282,Raspberry_Relieve1,,,39.305,0.812,32,100,-1,0,,,,,,00:11:52,0.44,0.003933,17.144564,,
2026-07-08T14:56:35.782,Raspberry_Relieve1,,,39.346,0.449,18,100,-1,0,,,,,,00:11:53,0.6,0.004134,17.148698,,
2026-07-08T14:56:36.282,Raspberry_Relieve1,,,39.346,0.449,18,100,-1,0,,,,,,00:11:53,0.5,0.002521,17.151219,,
2026-07-08T14:56:36.782,Raspberry_Relieve1,,,39.346,0.44,17,100,-1,0,,,,,,00:11:54,0.39,0.001894,17.153113,,
2026-07-08T14:56:37.283,Raspberry_Relieve1,,,39.346,0.44,17,100,-1,0,,,,,,00:11:54,0.6,0.002818,17.155931,,
2026-07-08T14:56:37.783,Raspberry_Relieve1,,,39.418,0,17,100,-1,0,,,,,,00:11:55,0.4,0.001901,17.157831,,
2026-07-08T14:56:38.283,Raspberry_Relieve1,,,39.418,0,17,100,-1,0,,,,,,00:11:55,0.59,0.002791,17.160622,,
2026-07-08T14:56:38.783,Raspberry_Relieve1,,,39.141,1.271,50,100,-1,0,,,,,,00:11:56,0.41,0.003826,17.164448,,
2026-07-08T14:56:39.283,Raspberry_Relieve1,,,39.141,1.271,50,100,-1,0,,,,,,00:11:56,0.6,0.008272,17.17272,,
2026-07-08T14:56:39.783,Raspberry_Relieve1,,,39.35,0.461,18,100,-1,0,,,,,,00:11:57,0.48,0.004543,17.177263,,
2026-07-08T14:56:40.283,Raspberry_Relieve1,,,39.35,0.461,18,100,-1,0,,,,,,00:11:57,0.47,0.002328,17.17959,,
2026-07-08T14:56:40.783,Raspberry_Relieve1,,,39.078,1.118,44,100,-1,0,,,,,,00:11:58,0.47,0.004039,17.183629,,
2026-07-08T14:56:41.283,Raspberry_Relieve1,,,39.078,1.118,44,100,-1,0,,,,,,00:11:58,0.59,0.007207,17.190837,,
2026-07-08T14:56:41.784,Raspberry_Relieve1,,,39.078,1.118,44,100,-1,0,,,,,,00:11:59,0.42,0.005177,17.196014,,
2026-07-08T14:56:42.284,Raspberry_Relieve1,,,39.353,0.447,18,100,-1,0,,,,,,00:11:59,0.57,0.00489,17.200904,,
2026-07-08T14:56:42.784,Raspberry_Relieve1,,,39.412,0,18,100,-1,0,,,,,,00:12:00,0.41,0.002066,17.20297,,
2026-07-08T14:56:43.284,Raspberry_Relieve1,,,39.412,0,18,100,-1,0,,,,,,00:12:00,0.57,0.002836,17.205807,,
2026-07-08T14:56:43.784,Raspberry_Relieve1,,,39.28,0.835,33,100,-1,0,,,,,,00:12:01,0.49,0.003445,17.209251,,
2026-07-08T14:56:44.284,Raspberry_Relieve1,,,39.28,0.835,33,100,-1,0,,,,,,00:12:01,0.46,0.004221,17.213472,,
2026-07-08T14:56:44.784,Raspberry_Relieve1,,,39.28,0.835,33,100,-1,0,,,,,,00:12:02,0.56,0.005166,17.218638,,
2026-07-08T14:56:45.285,Raspberry_Relieve1,,,39.361,0.596,23,100,-1,0,,,,,,00:12:02,0.53,0.004099,17.222737,,
2026-07-08T14:56:45.785,Raspberry_Relieve1,,,39.361,0.596,23,100,-1,0,,,,,,00:12:03,0.47,0.003016,17.225753,,
2026-07-08T14:56:46.285,Raspberry_Relieve1,,,39.321,0.728,29,100,-1,0,,,,,,00:12:03,0.51,0.003693,17.229446,,
2026-07-08T14:56:46.785,Raspberry_Relieve1,,,39.414,0.196,8,100,-1,0,,,,,,00:12:04,0.41,0.002109,17.231555,,
2026-07-08T14:56:47.285,Raspberry_Relieve1,,,39.414,0.196,8,100,-1,0,,,,,,00:12:04,0.59,0.001315,17.232871,,
2026-07-08T14:56:47.785,Raspberry_Relieve1,,,39.432,0.129,5,100,-1,0,,,,,,00:12:05,0.48,0.000862,17.233732,,
2026-07-08T14:56:48.285,Raspberry_Relieve1,,,39.432,0.129,5,100,-1,0,,,,,,00:12:05,0.43,0.000604,17.234336,,
2026-07-08T14:56:48.785,Raspberry_Relieve1,,,39.412,0.342,13,100,-1,0,,,,,,00:12:06,0.57,0.001422,17.235758,,
2026-07-08T14:56:49.286,Raspberry_Relieve1,,,39.412,0.342,13,100,-1,0,,,,,,00:12:06,0.5,0.00181,17.237568,,
2026-07-08T14:56:49.786,Raspberry_Relieve1,,,39.412,0.342,13,100,-1,0,,,,,,00:12:07,0.42,0.001516,17.239084,,
2026-07-08T14:56:50.286,Raspberry_Relieve1,,,39.335,0.917,36,100,-1,0,,,,,,00:12:07,0.58,0.003951,17.243036,,
2026-07-08T14:56:50.786,Raspberry_Relieve1,,,39.394,0.31,12,100,-1,0,,,,,,00:12:08,0.45,0.002967,17.246003,,
2026-07-08T14:56:51.286,Raspberry_Relieve1,,,39.394,0.31,12,100,-1,0,,,,,,00:12:08,0.48,0.001606,17.247609,,
2026-07-08T14:56:51.786,Raspberry_Relieve1,,,39.67,-0.524,-21,100,14400,0,,,,,,00:12:09,0.59,-0.000743,17.246866,,
2026-07-08T14:56:52.286,Raspberry_Relieve1,,,39.67,-0.524,-21,100,14400,0,,,,,,00:12:09,0.55,-0.003219,17.243647,,
2026-07-08T14:56:52.787,Raspberry_Relieve1,,,37.553,6.727,253,100,-1,0,,,,,,00:12:10,0.39,0.012594,17.256241,,
2026-07-08T14:56:53.287,Raspberry_Relieve1,,,37.553,6.727,253,100,-1,0,,,,,,00:12:10,0.46,0.032393,17.288634,,
2026-07-08T14:56:53.787,Raspberry_Relieve1,,,39.348,0.883,35,100,-1,0,,,,,,00:12:11,0.5,0.019979,17.308613,,
2026-07-08T14:56:54.287,Raspberry_Relieve1,,,39.348,0.883,35,100,-1,0,,,,,,00:12:11,0.62,0.005998,17.314611,,
2026-07-08T14:56:54.787,Raspberry_Relieve1,,,39.783,-2.314,-92,100,14400,0.001,,,,,,00:12:12,0.46,-0.003673,17.310938,,
2026-07-08T14:56:55.287,Raspberry_Relieve1,,,39.783,-2.314,-92,100,14400,0.001,,,,,,00:12:12,0.44,-0.011195,17.299743,,
2026-07-08T14:56:55.787,Raspberry_Relieve1,,,39.28,3.453,136,100,-1,0,,,,,,00:12:13,0.58,0.003542,17.303285,,
2026-07-08T14:56:56.288,Raspberry_Relieve1,,,39.28,3.453,136,100,-1,0,,,,,,00:12:13,0.47,0.017824,17.321109,,
2026-07-08T14:56:56.788,Raspberry_Relieve1,,,39.348,0.614,24,100,-1,0,,,,,,00:12:14,0.59,0.01305,17.33416,,
2026-07-08T14:56:57.288,Raspberry_Relieve1,,,39.348,0.614,24,100,-1,0,,,,,,00:12:14,0.36,0.002379,17.336539,,
2026-07-08T14:56:57.788,Raspberry_Relieve1,,,37.652,5.962,224,100,-1,0,,,,,,00:12:15,0.72,0.024863,17.361402,,
2026-07-08T14:56:58.295,Raspberry_Relieve1,,,37.652,5.962,224,100,-1,0,,,,,,00:12:15,0.36,0.022686,17.384087,,
2026-07-08T14:56:58.795,Raspberry_Relieve1,,,39.342,0.841,33,100,-1,0,,,,,,00:12:16,0.42,0.014847,17.398935,,
2026-07-08T14:56:59.295,Raspberry_Relieve1,,,39.342,0.841,33,100,-1,0,,,,,,00:12:16,0.5,0.004589,17.403523,,
2026-07-08T14:56:59.795,Raspberry_Relieve1,,,39.964,-1.977,-79,100,14400,0.001,,,,,,00:12:17,0.59,-0.003747,17.399776,,
2026-07-08T14:57:00.295,Raspberry_Relieve1,,,39.964,-1.977,-79,100,14400,0.001,,,,,,00:12:17,0.56,-0.012299,17.387477,,
2026-07-08T14:57:00.796,Raspberry_Relieve1,,,39.402,2.686,106,100,-1,0,,,,,,00:12:18,0.34,0.00127,17.388747,,
2026-07-08T14:57:01.296,Raspberry_Relieve1,,,39.402,2.686,106,100,-1,0,,,,,,00:12:18,0.5,0.01485,17.403597,,
2026-07-08T14:57:01.796,Raspberry_Relieve1,,,39.402,2.686,106,100,-1,0,,,,,,00:12:19,0.5,0.014667,17.418264,,
2026-07-08T14:57:02.296,Raspberry_Relieve1,,,39.348,0.581,23,100,-1,0,,,,,,00:12:19,0.51,0.009222,17.427486,,
2026-07-08T14:57:02.796,Raspberry_Relieve1,,,38.566,2.151,83,100,-1,0,,,,,,00:12:20,0.56,0.008246,17.435732,,
2026-07-08T14:57:03.296,Raspberry_Relieve1,,,38.566,2.151,83,100,-1,0,,,,,,00:12:20,0.42,0.009632,17.445364,,
2026-07-08T14:57:03.796,Raspberry_Relieve1,,,39.345,1.002,39,100,-1,0,,,,,,00:12:21,0.56,0.009501,17.454864,,
2026-07-08T14:57:04.296,Raspberry_Relieve1,,,39.345,1.002,39,100,-1,0,,,,,,00:12:21,0.53,0.005762,17.460626,,
2026-07-08T14:57:04.797,Raspberry_Relieve1,,,39.628,-0.631,-25,100,14400,0,,,,,,00:12:22,0.53,0.001028,17.461654,,
2026-07-08T14:57:05.297,Raspberry_Relieve1,,,39.628,-0.631,-25,100,14400,0,,,,,,00:12:22,0.49,-0.003437,17.458217,,
2026-07-08T14:57:05.797,Raspberry_Relieve1,,,38.848,4.62,179,100,-1,0,,,,,,00:12:23,0.4,0.008463,17.466681,,
2026-07-08T14:57:06.297,Raspberry_Relieve1,,,38.848,4.62,179,100,-1,0,,,,,,00:12:23,0.67,0.033493,17.500174,,
2026-07-08T14:57:06.797,Raspberry_Relieve1,,,39.347,0.683,27,100,-1,0,,,,,,00:12:24,0.41,0.011829,17.512002,,
2026-07-08T14:57:07.297,Raspberry_Relieve1,,,39.347,0.683,27,100,-1,0,,,,,,00:12:24,0.45,0.003347,17.51535,,
2026-07-08T14:57:07.797,Raspberry_Relieve1,,,39.347,0.683,27,100,-1,0,,,,,,00:12:25,0.59,0.004459,17.519809,,
2026-07-08T14:57:08.297,Raspberry_Relieve1,,,39.35,0.459,18,100,-1,0,,,,,,00:12:25,0.46,0.002852,17.522661,,
2026-07-08T14:57:08.797,Raspberry_Relieve1,,,39.416,0.178,7,100,-1,0,,,,,,00:12:26,0.46,0.001605,17.524266,,
2026-07-08T14:57:09.298,Raspberry_Relieve1,,,39.416,0.178,7,100,-1,0,,,,,,00:12:26,0.53,0.001024,17.525289,,
2026-07-08T14:57:09.798,Raspberry_Relieve1,,,38.696,2.391,93,100,-1,0,,,,,,00:12:27,0.42,0.005852,17.531141,,
2026-07-08T14:57:10.298,Raspberry_Relieve1,,,38.696,2.391,93,100,-1,0,,,,,,00:12:27,0.58,0.015077,17.546217,,
2026-07-08T14:57:10.798,Raspberry_Relieve1,,,39.356,1.142,45,100,-1,0,,,,,,00:12:28,0.52,0.009967,17.556185,,
2026-07-08T14:57:11.298,Raspberry_Relieve1,,,39.356,1.142,45,100,-1,0,,,,,,00:12:28,0.4,0.004986,17.561171,,
2026-07-08T14:57:11.798,Raspberry_Relieve1,,,38.043,5.311,202,100,-1,0,,,,,,00:12:29,0.6,0.020692,17.581863,,
2026-07-08T14:57:12.298,Raspberry_Relieve1,,,38.043,5.311,202,100,-1,0,,,,,,00:12:29,0.6,0.033532,17.615395,,
2026-07-08T14:57:12.803,Raspberry_Relieve1,,,39.373,0.616,24,100,-1,0,,,,,,00:12:30,0.36,0.011451,17.626846,,
2026-07-08T14:57:13.304,Raspberry_Relieve1,,,39.373,0.616,24,100,-1,0,,,,,,00:12:30,0.54,0.003582,17.630428,,
2026-07-08T14:57:13.804,Raspberry_Relieve1,,,39.373,0.616,24,100,-1,0,,,,,,00:12:31,0.42,0.002825,17.633253,,
2026-07-08T14:57:14.304,Raspberry_Relieve1,,,39.669,-0.726,-29,100,14400,0,,,,,,00:12:31,0.56,-0.000386,17.632867,,
2026-07-08T14:57:14.804,Raspberry_Relieve1,,,38.269,5.796,222,100,-1,0,,,,,,00:12:32,0.61,0.016424,17.649291,,
2026-07-08T14:57:15.304,Raspberry_Relieve1,,,38.269,5.796,222,100,-1,0,,,,,,00:12:33,0.59,0.036588,17.685879,,
2026-07-08T14:57:15.853,Raspberry_Relieve1,,,38.269,5.796,222,100,-1,0,,,,,,00:12:33,0.37,0.022866,17.708745,,
2026-07-08T14:57:16.354,Raspberry_Relieve1,,,39.345,0.759,30,100,-1,0,,,,,,00:12:33,0.46,0.016085,17.72483,,
2026-07-08T14:57:16.854,Raspberry_Relieve1,,,39.776,-2.356,-94,100,14400,0.001,,,,,,00:12:34,0.47,-0.004204,17.720626,,
2026-07-08T14:57:17.354,Raspberry_Relieve1,,,39.776,-2.356,-94,100,14400,0.001,,,,,,00:12:34,0.57,-0.014896,17.70573,,
2026-07-08T14:57:17.854,Raspberry_Relieve1,,,39.418,-0.166,-7,100,14400,0.001,,,,,,00:12:35,0.4,-0.005661,17.700069,,
2026-07-08T14:57:18.354,Raspberry_Relieve1,,,39.418,-0.166,-7,100,14400,0.001,,,,,,00:12:35,0.58,-0.001127,17.698942,,
2026-07-08T14:57:18.854,Raspberry_Relieve1,,,39.419,0,0,100,-1,0.001,,,,,,00:12:36,0.5,-0.000482,17.69846,,
2026-07-08T14:57:19.354,Raspberry_Relieve1,,,39.419,0,0,100,-1,0.001,,,,,,00:12:36,0.49,0,17.69846,,
2026-07-08T14:57:19.854,Raspberry_Relieve1,,,39.421,0,0,100,-1,0.001,,,,,,00:12:37,0.43,0,17.69846,,
2026-07-08T14:57:20.355,Raspberry_Relieve1,,,39.421,0,0,100,-1,0.001,,,,,,00:12:37,0.58,0,17.69846,,
2026-07-08T14:57:20.855,Raspberry_Relieve1,,,39.409,0,0,100,-1,0.001,,,,,,00:12:38,0.46,0,17.69846,,
2026-07-08T14:57:21.355,Raspberry_Relieve1,,,39.409,0,0,100,-1,0.001,,,,,,00:12:38,0.5,0,17.69846,,
2026-07-08T14:57:21.855,Raspberry_Relieve1,,,39.409,0,0,100,-1,0.001,,,,,,00:12:39,0.55,0,17.69846,,
2026-07-08T14:57:22.355,Raspberry_Relieve1,,,39.409,0,0,100,-1,0.001,,,,,,00:12:39,0.41,0,17.69846,,
2026-07-08T14:57:22.855,Raspberry_Relieve1,,,39.406,0.102,4,100,-1,0.001,,,,,,00:12:40,0.62,0.000344,17.698804,,
2026-07-08T14:57:23.355,Raspberry_Relieve1,,,39.406,0.102,4,100,-1,0.001,,,,,,00:12:40,0.38,0.000421,17.699225,,
2026-07-08T14:57:23.855,Raspberry_Relieve1,,,39.409,0,4,100,-1,0.001,,,,,,00:12:41,0.62,0.000692,17.699917,,
2026-07-08T14:57:24.356,Raspberry_Relieve1,,,39.409,0,4,100,-1,0.001,,,,,,00:12:41,0.39,0.000438,17.700355,,
2026-07-08T14:57:24.856,Raspberry_Relieve1,,,39.268,0.956,38,100,-1,0,,,,,,00:12:42,0.58,0.003406,17.703762,,
2026-07-08T14:57:25.356,Raspberry_Relieve1,,,39.268,0.956,38,100,-1,0,,,,,,00:12:42,0.42,0.00439,17.708152,,
2026-07-08T14:57:25.856,Raspberry_Relieve1,,,39.121,2.069,81,100,-1,0,,,,,,00:12:43,0.59,0.009692,17.717844,,
2026-07-08T14:57:26.356,Raspberry_Relieve1,,,39.121,2.069,81,100,-1,0,,,,,,00:12:43,0.5,0.011175,17.729019,,
2026-07-08T14:57:26.856,Raspberry_Relieve1,,,39.063,2.643,103,100,-1,0,,,,,,00:12:44,0.41,0.010503,17.739522,,
2026-07-08T14:57:27.356,Raspberry_Relieve1,,,39.063,2.643,103,100,-1,0,,,,,,00:12:44,0.51,0.014635,17.754157,,
2026-07-08T14:57:27.856,Raspberry_Relieve1,,,39.089,2.537,99,100,-1,0,,,,,,00:12:45,0.63,0.017577,17.771734,,
2026-07-08T14:57:28.356,Raspberry_Relieve1,,,39.089,2.537,99,100,-1,0,,,,,,00:12:45,0.46,0.012613,17.784347,,
2026-07-08T14:57:28.857,Raspberry_Relieve1,,,39.04,2.713,106,100,-1,0,,,,,,00:12:46,0.43,0.012345,17.796692,,
2026-07-08T14:57:29.357,Raspberry_Relieve1,,,39.04,2.713,106,100,-1,0,,,,,,00:12:46,0.48,0.014017,17.81071,,
2026-07-08T14:57:29.857,Raspberry_Relieve1,,,39.02,2.969,116,100,-1,0,,,,,,00:12:47,0.52,0.016113,17.826822,,
2026-07-08T14:57:30.357,Raspberry_Relieve1,,,39.02,2.969,116,100,-1,0,,,,,,00:12:47,0.56,0.018067,17.844889,,
2026-07-08T14:57:30.857,Raspberry_Relieve1,,,39.018,2.89,113,100,-1,0,,,,,,00:12:48,0.5,0.015864,17.860753,,
2026-07-08T14:57:31.357,Raspberry_Relieve1,,,39.018,2.89,113,100,-1,0,,,,,,00:12:48,0.44,0.013733,17.874486,,
2026-07-08T14:57:31.857,Raspberry_Relieve1,,,39.017,2.929,114,100,-1,0,,,,,,00:12:49,0.52,0.016349,17.890835,,
2026-07-08T14:57:32.357,Raspberry_Relieve1,,,39.017,2.929,114,100,-1,0,,,,,,00:12:49,0.56,0.017749,17.908584,,
2026-07-08T14:57:32.858,Raspberry_Relieve1,,,38.984,3.06,119,100,-1,0,,,,,,00:12:50,0.45,0.014622,17.923206,,
2026-07-08T14:57:33.358,Raspberry_Relieve1,,,38.984,3.06,119,100,-1,0,,,,,,00:12:50,0.47,0.015451,17.938657,,
2026-07-08T14:57:33.858,Raspberry_Relieve1,,,39.033,2.83,110,100,-1,0,,,,,,00:12:51,0.6,0.019009,17.957666,,
2026-07-08T14:57:34.358,Raspberry_Relieve1,,,39.033,2.83,110,100,-1,0,,,,,,00:12:51,0.46,0.014082,17.971748,,
2026-07-08T14:57:34.858,Raspberry_Relieve1,,,38.99,3.006,117,100,-1,0,,,,,,00:12:52,0.49,0.0156,17.987348,,
2026-07-08T14:57:35.358,Raspberry_Relieve1,,,38.99,3.006,117,100,-1,0,,,,,,00:12:52,0.47,0.015179,18.002528,,
2026-07-08T14:57:35.858,Raspberry_Relieve1,,,38.927,3.368,131,100,-1,0,,,,,,00:12:53,0.45,0.01534,18.017867,,
2026-07-08T14:57:36.358,Raspberry_Relieve1,,,38.927,3.368,131,100,-1,0,,,,,,00:12:53,0.51,0.018713,18.03658,,
2026-07-08T14:57:36.858,Raspberry_Relieve1,,,38.852,3.928,153,100,-1,0,,,,,,00:12:54,0.5,0.019843,18.056423,,
2026-07-08T14:57:37.359,Raspberry_Relieve1,,,38.852,3.928,153,100,-1,0,,,,,,00:12:54,0.57,0.024228,18.080651,,
2026-07-08T14:57:37.859,Raspberry_Relieve1,,,38.889,3.908,152,100,-1,0,,,,,,00:12:55,0.43,0.018059,18.098711,,
2026-07-08T14:57:38.359,Raspberry_Relieve1,,,38.889,3.908,152,100,-1,0,,,,,,00:12:55,0.52,0.022136,18.120847,,
2026-07-08T14:57:38.859,Raspberry_Relieve1,,,38.719,4.514,175,100,-1,0,,,,,,00:12:56,0.5,0.022685,18.143532,,
2026-07-08T14:57:39.359,Raspberry_Relieve1,,,38.719,4.514,175,100,-1,0,,,,,,00:12:56,0.5,0.024065,18.167597,,
2026-07-08T14:57:39.859,Raspberry_Relieve1,,,38.726,4.812,186,100,-1,0,,,,,,00:12:57,0.57,0.028556,18.196152,,
2026-07-08T14:57:40.359,Raspberry_Relieve1,,,38.726,4.812,186,100,-1,0,,,,,,00:12:57,0.41,0.021358,18.21751,,
2026-07-08T14:57:40.859,Raspberry_Relieve1,,,38.58,5.747,222,100,-1,0,,,,,,00:12:58,0.59,0.033514,18.251025,,
2026-07-08T14:57:41.359,Raspberry_Relieve1,,,38.58,5.747,222,100,-1,0,,,,,,00:12:58,0.41,0.025253,18.276278,,
2026-07-08T14:57:41.860,Raspberry_Relieve1,,,38.641,5.603,217,100,-1,0,,,,,,00:12:59,0.52,0.031666,18.307943,,
2026-07-08T14:57:42.360,Raspberry_Relieve1,,,38.641,5.603,217,100,-1,0,,,,,,00:12:59,0.57,0.034119,18.342063,,
2026-07-08T14:57:42.860,Raspberry_Relieve1,,,38.659,5.259,203,100,-1,0,,,,,,00:13:00,0.51,0.029857,18.371919,,
2026-07-08T14:57:43.360,Raspberry_Relieve1,,,38.659,5.259,203,100,-1,0,,,,,,00:13:00,0.45,0.025197,18.397116,,
2026-07-08T14:57:43.860,Raspberry_Relieve1,,,38.683,5.156,199,100,-1,0,,,,,,00:13:01,0.57,0.031751,18.428867,,
2026-07-08T14:57:44.360,Raspberry_Relieve1,,,38.683,5.156,199,100,-1,0,,,,,,00:13:01,0.48,0.0263,18.455168,,
2026-07-08T14:57:44.860,Raspberry_Relieve1,,,38.738,4.874,189,100,-1,0,,,,,,00:13:02,0.45,0.024511,18.479679,,
2026-07-08T14:57:45.360,Raspberry_Relieve1,,,38.738,4.874,189,100,-1,0,,,,,,00:13:02,0.46,0.02397,18.503649,,
2026-07-08T14:57:45.860,Raspberry_Relieve1,,,39.03,2.78,108,100,-1,0,,,,,,00:13:03,0.58,0.023858,18.527507,,
2026-07-08T14:57:46.361,Raspberry_Relieve1,,,39.03,2.78,108,100,-1,0,,,,,,00:13:03,0.55,0.016473,18.54398,,
2026-07-08T14:57:46.861,Raspberry_Relieve1,,,38.789,4.357,169,100,-1,0,,,,,,00:13:04,0.39,0.014965,18.558945,,
2026-07-08T14:57:47.361,Raspberry_Relieve1,,,38.789,4.357,169,100,-1,0,,,,,,00:13:04,0.57,0.026878,18.585823,,
2026-07-08T14:57:47.861,Raspberry_Relieve1,,,39.072,2.551,100,100,-1,0,,,,,,00:13:05,0.48,0.017801,18.603624,,
2026-07-08T14:57:48.361,Raspberry_Relieve1,,,39.072,2.551,100,100,-1,0,,,,,,00:13:05,0.51,0.014281,18.617905,,
2026-07-08T14:57:48.861,Raspberry_Relieve1,,,38.973,2.417,94,100,-1,0,,,,,,00:13:06,0.49,0.013069,18.630975,,
2026-07-08T14:57:49.361,Raspberry_Relieve1,,,38.973,2.417,94,100,-1,0,,,,,,00:13:06,0.48,0.012643,18.643617,,
2026-07-08T14:57:49.861,Raspberry_Relieve1,,,38.536,5.501,212,100,-1,0,,,,,,00:13:07,0.46,0.019413,18.66303,,
2026-07-08T14:57:50.362,Raspberry_Relieve1,,,38.536,5.501,212,100,-1,0,,,,,,00:13:07,0.52,0.030524,18.693554,,
2026-07-08T14:57:50.862,Raspberry_Relieve1,,,38.614,5.709,220,100,-1,0,,,,,,00:13:08,0.49,0.029626,18.72318,,
2026-07-08T14:57:51.362,Raspberry_Relieve1,,,38.614,5.709,220,100,-1,0,,,,,,00:13:08,0.53,0.032308,18.755488,,
2026-07-08T14:57:51.862,Raspberry_Relieve1,,,38.808,4.394,171,100,-1,0,,,,,,00:13:09,0.49,0.026623,18.782111,,
2026-07-08T14:57:52.362,Raspberry_Relieve1,,,38.808,4.394,171,100,-1,0,,,,,,00:13:09,0.55,0.026082,18.808193,,
2026-07-08T14:57:52.862,Raspberry_Relieve1,,,38.96,3.315,129,100,-1,0,,,,,,00:13:10,0.47,0.019381,18.827574,,
2026-07-08T14:57:53.362,Raspberry_Relieve1,,,38.96,3.315,129,100,-1,0,,,,,,00:13:10,0.57,0.020459,18.848033,,
2026-07-08T14:57:53.862,Raspberry_Relieve1,,,39.272,0.763,30,100,-1,0,,,,,,00:13:11,0.46,0.010166,18.858199,,
2026-07-08T14:57:54.363,Raspberry_Relieve1,,,39.272,0.763,30,100,-1,0,,,,,,00:13:11,0.5,0.00417,18.862369,,
2026-07-08T14:57:54.863,Raspberry_Relieve1,,,39.26,0.341,13,100,-1,0,,,,,,00:13:12,0.51,0.003059,18.865429,,
2026-07-08T14:57:55.363,Raspberry_Relieve1,,,39.26,0.341,13,100,-1,0,,,,,,00:13:12,0.4,0.001443,18.866872,,
2026-07-08T14:57:55.863,Raspberry_Relieve1,,,38.716,2.712,105,100,-1,0,,,,,,00:13:13,0.56,0.009152,18.876024,,
2026-07-08T14:57:56.363,Raspberry_Relieve1,,,38.716,2.712,105,100,-1,0,,,,,,00:13:13,0.5,0.014475,18.890499,,
2026-07-08T14:57:56.863,Raspberry_Relieve1,,,38.716,2.712,105,100,-1,0,,,,,,00:13:14,0.56,0.016448,18.906947,,
2026-07-08T14:57:57.363,Raspberry_Relieve1,,,39.267,0.59,23,100,-1,0,,,,,,00:13:14,0.47,0.008422,18.915369,,
2026-07-08T14:57:57.863,Raspberry_Relieve1,,,39.888,-2.371,-95,100,14400,0.001,,,,,,00:13:15,0.53,-0.005332,18.910037,,
2026-07-08T14:57:58.364,Raspberry_Relieve1,,,39.888,-2.371,-95,100,14400,0.001,,,,,,00:13:15,0.43,-0.011332,18.898705,,
2026-07-08T14:57:58.864,Raspberry_Relieve1,,,38.709,5.008,194,100,-1,0,,,,,,00:13:16,0.45,0.006254,18.90496,,
2026-07-08T14:57:59.364,Raspberry_Relieve1,,,38.709,5.008,194,100,-1,0,,,,,,00:13:16,0.59,0.031702,18.936662,,
2026-07-08T14:57:59.864,Raspberry_Relieve1,,,39.271,0.698,27,100,-1,0,,,,,,00:13:17,0.44,0.013356,18.950017,,
2026-07-08T14:58:00.364,Raspberry_Relieve1,,,39.271,0.698,27,100,-1,0,,,,,,00:13:17,0.47,0.003546,18.953563,,
2026-07-08T14:58:00.864,Raspberry_Relieve1,,,39.344,-0.884,-35,100,14400,0,,,,,,00:13:18,0.54,-0.000604,18.952959,,
2026-07-08T14:58:01.364,Raspberry_Relieve1,,,39.344,-0.884,-35,100,14400,0,,,,,,00:13:18,0.51,-0.004931,18.948028,,
2026-07-08T14:58:01.864,Raspberry_Relieve1,,,39.354,1.255,49,100,-1,0,,,,,,00:13:19,0.53,0.001025,18.949054,,
2026-07-08T14:58:02.364,Raspberry_Relieve1,,,39.354,1.255,49,100,-1,0,,,,,,00:13:19,0.58,0.007889,18.956943,,
2026-07-08T14:58:02.865,Raspberry_Relieve1,,,39.142,1.159,45,100,-1,0,,,,,,00:13:20,0.39,0.005119,18.962063,,
2026-07-08T14:58:03.365,Raspberry_Relieve1,,,39.142,1.159,45,100,-1,0,,,,,,00:13:20,0.54,0.006754,18.968817,,
2026-07-08T14:58:03.865,Raspberry_Relieve1,,,38.747,5.028,195,100,-1,0,,,,,,00:13:21,0.54,0.017838,18.986655,,
2026-07-08T14:58:04.365,Raspberry_Relieve1,,,38.747,5.028,195,100,-1,0,,,,,,00:13:21,0.47,0.025223,19.011878,,
2026-07-08T14:58:04.865,Raspberry_Relieve1,,,37.937,6.359,241,100,-1,0,,,,,,00:13:22,0.47,0.028721,19.040599,,
2026-07-08T14:58:05.365,Raspberry_Relieve1,,,37.937,6.359,241,100,-1,0,,,,,,00:13:22,0.44,0.029176,19.069776,,
2026-07-08T14:58:05.865,Raspberry_Relieve1,,,39.296,2.328,91,100,-1,0,,,,,,00:13:23,0.6,0.027475,19.097251,,
2026-07-08T14:58:06.365,Raspberry_Relieve1,,,39.296,2.328,91,100,-1,0,,,,,,00:13:23,0.41,0.010406,19.107657,,
2026-07-08T14:58:06.865,Raspberry_Relieve1,,,38.665,5.953,230,100,-1,0,,,,,,00:13:24,0.62,0.027672,19.135329,,
2026-07-08T14:58:07.366,Raspberry_Relieve1,,,38.665,5.953,230,100,-1,0,,,,,,00:13:24,0.46,0.029222,19.164552,,
2026-07-08T14:58:07.866,Raspberry_Relieve1,,,37.755,6.865,259,100,-1,0,,,,,,00:13:25,0.49,0.033199,19.197751,,
2026-07-08T14:58:08.366,Raspberry_Relieve1,,,37.755,6.865,259,100,-1,0,,,,,,00:13:25,0.49,0.035503,19.233254,,
2026-07-08T14:58:08.866,Raspberry_Relieve1,,,38.994,3.737,146,100,-1,0,,,,,,00:13:26,0.42,0.023872,19.257126,,
2026-07-08T14:58:09.366,Raspberry_Relieve1,,,38.994,3.737,146,100,-1,0,,,,,,00:13:26,0.56,0.022658,19.279783,,
2026-07-08T14:58:09.866,Raspberry_Relieve1,,,38.506,6.682,257,100,-1,0,,,,,,00:13:27,0.44,0.024652,19.304435,,
2026-07-08T14:58:10.366,Raspberry_Relieve1,,,38.506,6.682,257,100,-1,0,,,,,,00:13:27,0.57,0.040381,19.344816,,
2026-07-08T14:58:10.866,Raspberry_Relieve1,,,38.415,3.837,147,100,-1,0,,,,,,00:13:28,0.58,0.032656,19.377472,,
2026-07-08T14:58:11.366,Raspberry_Relieve1,,,38.415,3.837,147,100,-1,0,,,,,,00:13:28,0.45,0.01819,19.395662,,
2026-07-08T14:58:11.867,Raspberry_Relieve1,,,39.228,1.293,51,100,-1,0,,,,,,00:13:29,0.49,0.013501,19.409163,,
2026-07-08T14:58:12.367,Raspberry_Relieve1,,,39.228,1.293,51,100,-1,0,,,,,,00:13:29,0.49,0.006934,19.416097,,
2026-07-08T14:58:12.867,Raspberry_Relieve1,,,38.968,2.453,96,100,-1,0,,,,,,00:13:30,0.44,0.008994,19.425091,,
2026-07-08T14:58:13.367,Raspberry_Relieve1,,,38.968,2.453,96,100,-1,0,,,,,,00:13:30,0.55,0.014745,19.439836,,
2026-07-08T14:58:13.867,Raspberry_Relieve1,,,39.101,1.491,58,100,-1,0,,,,,,00:13:31,0.48,0.010294,19.450131,,
2026-07-08T14:58:14.367,Raspberry_Relieve1,,,39.101,1.491,58,100,-1,0,,,,,,00:13:31,0.57,0.009226,19.459357,,
2026-07-08T14:58:14.867,Raspberry_Relieve1,,,38.883,2.837,110,100,-1,0,,,,,,00:13:32,0.49,0.011495,19.470852,,
2026-07-08T14:58:15.367,Raspberry_Relieve1,,,38.883,2.837,110,100,-1,0,,,,,,00:13:33,0.59,0.01799,19.488842,,
2026-07-08T14:58:15.867,Raspberry_Relieve1,,,38.94,2.653,103,100,-1,0,,,,,,00:13:33,0.43,0.012683,19.501525,,
2026-07-08T14:58:16.368,Raspberry_Relieve1,,,38.94,2.653,103,100,-1,0,,,,,,00:13:33,0.45,0.012883,19.514408,,
2026-07-08T14:58:16.868,Raspberry_Relieve1,,,38.961,2.662,104,100,-1,0,,,,,,00:13:34,0.53,0.015223,19.529631,,
2026-07-08T14:58:17.368,Raspberry_Relieve1,,,38.961,2.662,104,100,-1,0,,,,,,00:13:34,0.41,0.011799,19.54143,,
2026-07-08T14:58:17.868,Raspberry_Relieve1,,,38.971,2.653,103,100,-1,0,,,,,,00:13:35,0.5,0.014391,19.555821,,
2026-07-08T14:58:18.368,Raspberry_Relieve1,,,38.971,2.653,103,100,-1,0,,,,,,00:13:35,0.56,0.015972,19.571794,,
2026-07-08T14:58:18.868,Raspberry_Relieve1,,,38.934,2.73,106,100,-1,0,,,,,,00:13:36,0.5,0.014623,19.586417,,
2026-07-08T14:58:19.368,Raspberry_Relieve1,,,38.934,2.73,106,100,-1,0,,,,,,00:13:36,0.45,0.01323,19.599647,,
2026-07-08T14:58:19.868,Raspberry_Relieve1,,,39.122,1.884,74,100,-1,0,,,,,,00:13:37,0.66,0.016464,19.61611,,
2026-07-08T14:58:20.368,Raspberry_Relieve1,,,39.122,1.884,74,100,-1,0,,,,,,00:13:37,0.42,0.008731,19.624842,,
2026-07-08T14:58:20.869,Raspberry_Relieve1,,,38.663,3.644,141,100,-1,0,,,,,,00:13:38,0.42,0.012395,19.637236,,
2026-07-08T14:58:21.369,Raspberry_Relieve1,,,38.663,3.644,141,100,-1,0,,,,,,00:13:38,0.47,0.018495,19.655731,,
2026-07-08T14:58:21.869,Raspberry_Relieve1,,,38.699,4.842,187,100,-1,0,,,,,,00:13:39,0.55,0.025071,19.680803,,
2026-07-08T14:58:22.369,Raspberry_Relieve1,,,38.699,4.842,187,100,-1,0,,,,,,00:13:39,0.54,0.028271,19.709074,,
2026-07-08T14:58:22.869,Raspberry_Relieve1,,,38.912,3.309,129,100,-1,0,,,,,,00:13:40,0.43,0.018662,19.727736,,
2026-07-08T14:58:23.369,Raspberry_Relieve1,,,38.912,3.309,129,100,-1,0,,,,,,00:13:40,0.58,0.020869,19.748605,,
2026-07-08T14:58:23.869,Raspberry_Relieve1,,,38.884,3.299,128,100,-1,0,,,,,,00:13:41,0.41,0.014616,19.763221,,
2026-07-08T14:58:24.370,Raspberry_Relieve1,,,38.884,3.299,128,100,-1,0,,,,,,00:13:41,0.59,0.021084,19.784305,,
2026-07-08T14:58:24.870,Raspberry_Relieve1,,,38.98,1.721,67,100,-1,0,,,,,,00:13:43,1.44,0.038906,19.823211,,
2026-07-08T14:58:26.189,Raspberry_Relieve1,,,38.15,7.885,301,100,-1,0,,,,,,00:13:43,0.29,0.014595,19.837806,,
2026-07-08T14:58:26.689,Raspberry_Relieve1,,,38.233,8.221,314,100,-1,0,,,,,,00:13:44,0.57,0.049,19.886807,,
2026-07-08T14:58:27.190,Raspberry_Relieve1,,,38.233,8.221,314,100,-1,0,,,,,,00:13:44,0.43,0.037223,19.92403,,
2026-07-08T14:58:27.690,Raspberry_Relieve1,,,38.165,8.355,319,100,-1,0,,,,,,00:13:45,0.51,0.04455,19.96858,,
2026-07-08T14:58:28.190,Raspberry_Relieve1,,,38.165,8.355,319,100,-1,0,,,,,,00:13:45,0.62,0.05459,20.02317,,
2026-07-08T14:58:28.690,Raspberry_Relieve1,,,38.958,4.624,180,100,-1,0,,,,,,00:13:46,0.42,0.029442,20.052612,,
2026-07-08T14:58:29.190,Raspberry_Relieve1,,,38.958,4.624,180,100,-1,0,,,,,,00:13:46,0.55,0.027517,20.080129,,
2026-07-08T14:58:29.690,Raspberry_Relieve1,,,39.244,0.945,37,100,-1,0,,,,,,00:13:47,0.49,0.014664,20.094793,,
2026-07-08T14:58:30.190,Raspberry_Relieve1,,,39.244,0.945,37,100,-1,0,,,,,,00:13:47,0.46,0.004763,20.099556,,
2026-07-08T14:58:30.691,Raspberry_Relieve1,,,39.15,0.613,24,100,-1,0,,,,,,00:13:48,0.53,0.004484,20.10404,,
2026-07-08T14:58:31.191,Raspberry_Relieve1,,,39.15,0.613,24,100,-1,0,,,,,,00:13:48,0.52,0.003459,20.107499,,
2026-07-08T14:58:31.691,Raspberry_Relieve1,,,39.15,0.613,24,100,-1,0,,,,,,00:13:49,0.49,0.003234,20.110733,,
2026-07-08T14:58:32.191,Raspberry_Relieve1,,,39.149,0.932,36,100,-1,0,,,,,,00:13:49,0.48,0.004038,20.114771,,
2026-07-08T14:58:32.691,Raspberry_Relieve1,,,39.149,0.932,36,100,-1,0,,,,,,00:13:50,0.44,0.004378,20.119149,,
2026-07-08T14:58:33.191,Raspberry_Relieve1,,,39.257,0.357,14,100,-1,0,,,,,,00:13:50,0.57,0.003954,20.123104,,
2026-07-08T14:58:33.691,Raspberry_Relieve1,,,39.23,0.466,18,100,-1,0,,,,,,00:13:51,0.58,0.002598,20.125701,,
2026-07-08T14:58:34.192,Raspberry_Relieve1,,,39.23,0.466,18,100,-1,0,,,,,,00:13:52,0.95,0.004726,20.130428,,
2026-07-08T14:58:35.155,Raspberry_Relieve1,,,39.257,0.48,19,100,-1,0,,,,,,00:13:52,0.54,0.002769,20.133197,,
2026-07-08T14:58:35.655,Raspberry_Relieve1,,,38.539,3.318,128,100,-1,0,,,,,,00:13:53,0.39,0.007991,20.141188,,
2026-07-08T14:58:36.155,Raspberry_Relieve1,,,38.539,3.318,128,100,-1,0,,,,,,00:13:53,0.49,0.017407,20.158595,,
2026-07-08T14:58:36.655,Raspberry_Relieve1,,,38.539,3.318,128,100,-1,0,,,,,,00:13:54,0.54,0.01936,20.177955,,
2026-07-08T14:58:37.156,Raspberry_Relieve1,,,39.228,0.644,25,100,-1,0,,,,,,00:13:54,0.4,0.008581,20.186536,,
2026-07-08T14:58:37.656,Raspberry_Relieve1,,,39.67,-1.324,-53,100,14400,0,,,,,,00:13:55,0.51,-0.001992,20.184544,,
2026-07-08T14:58:38.156,Raspberry_Relieve1,,,39.67,-1.324,-53,100,14400,0,,,,,,00:13:55,0.63,-0.00929,20.175253,,
2026-07-08T14:58:38.656,Raspberry_Relieve1,,,38.96,4.237,165,100,-1,0,,,,,,00:13:56,0.42,0.006583,20.181836,,
2026-07-08T14:58:39.156,Raspberry_Relieve1,,,38.96,4.237,165,100,-1,0,,,,,,00:13:56,0.53,0.024128,20.205964,,
2026-07-08T14:58:39.656,Raspberry_Relieve1,,,38.96,4.237,165,100,-1,0,,,,,,00:13:57,0.42,0.019164,20.225128,,
2026-07-08T14:58:40.156,Raspberry_Relieve1,,,39.257,0.585,23,100,-1,0,,,,,,00:13:57,0.49,0.012717,20.237845,,
2026-07-08T14:58:40.656,Raspberry_Relieve1,,,37.633,6,226,100,-1,0,,,,,,00:13:58,0.57,0.019698,20.257543,,
2026-07-08T14:58:41.157,Raspberry_Relieve1,,,37.633,6,226,100,-1,0,,,,,,00:13:58,0.51,0.032005,20.289548,,
2026-07-08T14:58:41.657,Raspberry_Relieve1,,,37.633,6,226,100,-1,0,,,,,,00:13:59,0.42,0.026415,20.315963,,
2026-07-08T14:58:42.157,Raspberry_Relieve1,,,39.24,0.887,35,100,-1,0,,,,,,00:13:59,0.57,0.020667,20.336629,,
2026-07-08T14:58:42.657,Raspberry_Relieve1,,,39.245,0.471,18,100,-1,0,,,,,,00:14:00,0.49,0.003605,20.340234,,
2026-07-08T14:58:43.157,Raspberry_Relieve1,,,39.245,0.471,18,100,-1,0,,,,,,00:14:00,0.52,0.002598,20.342831,,
2026-07-08T14:58:43.657,Raspberry_Relieve1,,,39.245,0.471,18,100,-1,0,,,,,,00:14:01,0.42,0.002075,20.344907,,
2026-07-08T14:58:44.157,Raspberry_Relieve1,,,39.247,0.444,17,100,-1,0,,,,,,00:14:01,0.51,0.002493,20.347399,,
2026-07-08T14:58:44.657,Raspberry_Relieve1,,,39.247,0.444,17,100,-1,0,,,,,,00:14:02,0.5,0.002359,20.349759,,
2026-07-08T14:58:45.158,Raspberry_Relieve1,,,39.246,0.439,17,100,-1,0,,,,,,00:14:02,0.6,0.002841,20.352599,,
2026-07-08T14:58:45.658,Raspberry_Relieve1,,,39.246,0.439,17,100,-1,0,,,,,,00:14:03,0.47,0.002239,20.354838,,
2026-07-08T14:58:46.158,Raspberry_Relieve1,,,39.249,0.445,17,100,-1,0,,,,,,00:14:03,0.48,0.002264,20.357103,,
2026-07-08T14:58:46.658,Raspberry_Relieve1,,,39.254,0.444,17,100,-1,0,,,,,,00:14:04,0.54,0.002533,20.359636,,
2026-07-08T14:58:47.158,Raspberry_Relieve1,,,39.254,0.444,17,100,-1,0,,,,,,00:14:04,0.4,0.001886,20.361522,,
2026-07-08T14:58:47.658,Raspberry_Relieve1,,,39.251,0.442,17,100,-1,0,,,,,,00:14:05,0.6,0.002837,20.364359,,
2026-07-08T14:58:48.158,Raspberry_Relieve1,,,39.251,0.442,17,100,-1,0,,,,,,00:14:05,0.4,0.001899,20.366258,,
2026-07-08T14:58:48.658,Raspberry_Relieve1,,,39.26,0.445,17,100,-1,0,,,,,,00:14:06,0.5,0.002376,20.368635,,
2026-07-08T14:58:49.158,Raspberry_Relieve1,,,39.26,0.445,17,100,-1,0,,,,,,00:14:06,0.56,0.002656,20.37129,,
2026-07-08T14:58:49.659,Raspberry_Relieve1,,,39.257,0.442,17,100,-1,0,,,,,,00:14:07,0.5,0.002352,20.373642,,
2026-07-08T14:58:50.159,Raspberry_Relieve1,,,39.257,0.442,17,100,-1,0,,,,,,00:14:07,0.44,0.0021,20.375742,,
2026-07-08T14:58:50.659,Raspberry_Relieve1,,,39.257,0.442,17,100,-1,0,,,,,,00:14:08,0.59,0.002765,20.378507,,
2026-07-08T14:58:51.159,Raspberry_Relieve1,,,39.262,0.446,18,100,-1,0,,,,,,00:14:08,0.44,0.002118,20.380626,,
2026-07-08T14:58:51.659,Raspberry_Relieve1,,,39.263,0.444,17,100,-1,0,,,,,,00:14:09,0.62,0.00299,20.383616,,
2026-07-08T14:58:52.159,Raspberry_Relieve1,,,39.263,0.444,17,100,-1,0,,,,,,00:14:09,0.43,0.002032,20.385648,,
2026-07-08T14:58:52.659,Raspberry_Relieve1,,,39.268,0.447,18,100,-1,0,,,,,,00:14:10,0.51,0.002498,20.388146,,
2026-07-08T14:58:53.160,Raspberry_Relieve1,,,39.268,0.447,18,100,-1,0,,,,,,00:14:10,0.4,0.002022,20.390169,,
2026-07-08T14:58:53.660,Raspberry_Relieve1,,,39.269,0.446,18,100,-1,0,,,,,,00:14:11,0.59,0.002926,20.393094,,
2026-07-08T14:58:54.160,Raspberry_Relieve1,,,39.269,0.446,18,100,-1,0,,,,,,00:14:11,0.43,0.002163,20.395258,,
2026-07-08T14:58:54.660,Raspberry_Relieve1,,,39.269,0.446,18,100,-1,0,,,,,,00:14:12,0.63,0.003163,20.39842,,
2026-07-08T14:58:55.160,Raspberry_Relieve1,,,39.271,0.446,18,100,-1,0,,,,,,00:14:12,0.35,0.001764,20.400185,,
2026-07-08T14:58:55.660,Raspberry_Relieve1,,,39.271,0.452,18,100,-1,0,,,,,,00:14:13,0.51,0.002548,20.402732,,
2026-07-08T14:58:56.160,Raspberry_Relieve1,,,39.271,0.452,18,100,-1,0,,,,,,00:14:13,0.5,0.00251,20.405243,,
2026-07-08T14:58:56.660,Raspberry_Relieve1,,,39.271,0.452,18,100,-1,0,,,,,,00:14:14,0.53,0.002668,20.407911,,
2026-07-08T14:58:57.161,Raspberry_Relieve1,,,39.272,0.455,18,100,-1,0,,,,,,00:14:14,0.48,0.002418,20.410329,,
2026-07-08T14:58:57.661,Raspberry_Relieve1,,,39.313,0.3,12,100,-1,0,,,,,,00:14:15,0.56,0.002352,20.412682,,
2026-07-08T14:58:58.161,Raspberry_Relieve1,,,39.313,0.3,12,100,-1,0,,,,,,00:14:15,0.48,0.001587,20.414268,,
2026-07-08T14:58:58.661,Raspberry_Relieve1,,,38.908,1.405,55,100,-1,0,,,,,,00:14:16,0.58,0.005387,20.419655,,
2026-07-08T14:58:59.161,Raspberry_Relieve1,,,38.908,1.405,55,100,-1,0,,,,,,00:14:16,0.43,0.006506,20.426161,,
2026-07-08T14:58:59.661,Raspberry_Relieve1,,,39.279,0.489,19,100,-1,0,,,,,,00:14:17,0.5,0.005124,20.431285,,
2026-07-08T14:59:00.161,Raspberry_Relieve1,,,39.279,0.489,19,100,-1,0,,,,,,00:14:17,0.59,0.003129,20.434414,,
2026-07-08T14:59:00.661,Raspberry_Relieve1,,,39.278,0.459,18,100,-1,0,,,,,,00:14:18,0.4,0.002031,20.436444,,
2026-07-08T14:59:01.161,Raspberry_Relieve1,,,39.278,0.459,18,100,-1,0,,,,,,00:14:18,0.52,0.002575,20.43902,,
2026-07-08T14:59:01.662,Raspberry_Relieve1,,,39.278,0.459,18,100,-1,0,,,,,,00:14:19,0.42,0.002121,20.441141,,
2026-07-08T14:59:02.162,Raspberry_Relieve1,,,39.28,0.455,18,100,-1,0,,,,,,00:14:19,0.6,0.002986,20.444127,,
2026-07-08T14:59:02.662,Raspberry_Relieve1,,,39.28,0.455,18,100,-1,0,,,,,,00:14:20,0.42,0.002082,20.446209,,
2026-07-08T14:59:03.162,Raspberry_Relieve1,,,39.254,0.446,17,100,-1,0,,,,,,00:14:20,0.49,0.002362,20.448571,,
2026-07-08T14:59:03.662,Raspberry_Relieve1,,,39.254,0.446,17,100,-1,0,,,,,,00:14:21,0.52,0.002433,20.451004,,
2026-07-08T14:59:04.162,Raspberry_Relieve1,,,39.266,0.455,18,100,-1,0,,,,,,00:14:21,0.49,0.002386,20.45339,,
2026-07-08T14:59:04.662,Raspberry_Relieve1,,,39.266,0.455,18,100,-1,0,,,,,,00:14:22,0.48,0.002405,20.455796,,
2026-07-08T14:59:05.162,Raspberry_Relieve1,,,39.281,0.449,18,100,-1,0,,,,,,00:14:22,0.65,0.003234,20.45903,,
2026-07-08T14:59:05.662,Raspberry_Relieve1,,,39.281,0.449,18,100,-1,0,,,,,,00:14:23,0.37,0.001849,20.460879,,
2026-07-08T14:59:06.163,Raspberry_Relieve1,,,39.28,0.447,18,100,-1,0,,,,,,00:14:23,0.59,0.002949,20.463829,,
2026-07-08T14:59:06.663,Raspberry_Relieve1,,,39.283,0.451,18,100,-1,0,,,,,,00:14:24,0.42,0.002079,20.465908,,
2026-07-08T14:59:07.163,Raspberry_Relieve1,,,39.283,0.451,18,100,-1,0,,,,,,00:14:24,0.6,0.003001,20.468909,,
2026-07-08T14:59:07.663,Raspberry_Relieve1,,,39.283,0.451,18,100,-1,0,,,,,,00:14:25,0.5,0.002492,20.471401,,
2026-07-08T14:59:08.163,Raspberry_Relieve1,,,39.286,0.441,17,100,-1,0,,,,,,00:14:25,0.41,0.001977,20.473378,,
2026-07-08T14:59:08.663,Raspberry_Relieve1,,,39.341,0.222,9,100,-1,0,,,,,,00:14:26,0.59,0.002143,20.475522,,
2026-07-08T14:59:09.163,Raspberry_Relieve1,,,39.341,0.222,9,100,-1,0,,,,,,00:14:26,0.49,0.001213,20.476734,,
2026-07-08T14:59:09.663,Raspberry_Relieve1,,,39.888,-2.256,-90,100,14400,0.001,,,,,,00:14:27,0.48,-0.005394,20.47134,,
2026-07-08T14:59:10.163,Raspberry_Relieve1,,,39.888,-2.256,-90,100,14400,0.001,,,,,,00:14:27,0.43,-0.010726,20.460614,,
2026-07-08T14:59:10.664,Raspberry_Relieve1,,,38.792,2.075,80,100,-1,0,,,,,,00:14:28,0.59,-0.000822,20.459792,,
2026-07-08T14:59:11.164,Raspberry_Relieve1,,,38.792,2.075,80,100,-1,0,,,,,,00:14:28,0.54,0.011915,20.471708,,
2026-07-08T14:59:11.664,Raspberry_Relieve1,,,38.067,5.381,205,100,-1,0,,,,,,00:14:29,0.48,0.018809,20.490517,,
2026-07-08T14:59:12.164,Raspberry_Relieve1,,,38.067,5.381,205,100,-1,0,,,,,,00:14:29,0.48,0.027314,20.517831,,
2026-07-08T14:59:12.664,Raspberry_Relieve1,,,39.4,-1.107,-44,100,14400,0,,,,,,00:14:30,0.57,0.012815,20.530645,,
2026-07-08T14:59:13.164,Raspberry_Relieve1,,,39.4,-1.107,-44,100,14400,0,,,,,,00:14:30,0.45,-0.00549,20.525155,,
2026-07-08T14:59:13.664,Raspberry_Relieve1,,,39.353,0,0,100,-1,0,,,,,,00:14:31,0.48,-0.002964,20.522191,,
2026-07-08T14:59:14.164,Raspberry_Relieve1,,,39.353,0,0,100,-1,0,,,,,,00:14:31,0.52,0,20.522191,,
2026-07-08T14:59:14.665,Raspberry_Relieve1,,,39.199,3.032,119,100,-1,0,,,,,,00:14:32,0.41,0.006748,20.52894,,
2026-07-08T14:59:15.165,Raspberry_Relieve1,,,39.199,3.032,119,100,-1,0,,,,,,00:14:32,0.58,0.019246,20.548185,,
2026-07-08T14:59:15.665,Raspberry_Relieve1,,,39.199,3.032,119,100,-1,0,,,,,,00:14:33,0.51,0.016791,20.564976,,
2026-07-08T14:59:16.165,Raspberry_Relieve1,,,39.284,0.574,23,100,-1,0,,,,,,00:14:33,0.53,0.010523,20.575499,,
2026-07-08T14:59:16.665,Raspberry_Relieve1,,,39.487,-1.761,-70,100,14400,0,,,,,,00:14:34,0.45,-0.002965,20.572534,,
2026-07-08T14:59:17.165,Raspberry_Relieve1,,,39.487,-1.761,-70,100,14400,0,,,,,,00:14:34,0.52,-0.010179,20.562355,,
2026-07-08T14:59:17.665,Raspberry_Relieve1,,,38.873,4.582,178,100,-1,0,,,,,,00:14:35,0.42,0.006365,20.568719,,
2026-07-08T14:59:18.166,Raspberry_Relieve1,,,38.873,4.582,178,100,-1,0,,,,,,00:14:35,0.57,0.028138,20.596857,,
2026-07-08T14:59:18.666,Raspberry_Relieve1,,,39.287,0.691,27,100,-1,0,,,,,,00:14:36,0.53,0.014985,20.611843,,
2026-07-08T14:59:19.166,Raspberry_Relieve1,,,39.287,0.691,27,100,-1,0,,,,,,00:14:36,0.47,0.003531,20.615374,,
2026-07-08T14:59:19.666,Raspberry_Relieve1,,,39.29,0.524,21,100,-1,0,,,,,,00:14:37,0.45,0.002986,20.618359,,
2026-07-08T14:59:20.166,Raspberry_Relieve1,,,39.29,0.524,21,100,-1,0,,,,,,00:14:37,0.48,0.002805,20.621164,,
2026-07-08T14:59:20.666,Raspberry_Relieve1,,,39.35,0,21,100,-1,0,,,,,,00:14:38,0.59,0.003444,20.624608,,
2026-07-08T14:59:21.166,Raspberry_Relieve1,,,39.35,0,21,100,-1,0,,,,,,00:14:38,0.44,0.00259,20.627198,,
2026-07-08T14:59:21.667,Raspberry_Relieve1,,,39.355,0.555,22,100,-1,0,,,,,,00:14:39,0.48,0.002876,20.630074,,
2026-07-08T14:59:22.167,Raspberry_Relieve1,,,39.355,0.555,22,100,-1,0,,,,,,00:14:39,0.47,0.002842,20.632917,,
2026-07-08T14:59:22.667,Raspberry_Relieve1,,,39.291,0.461,18,100,-1,0,,,,,,00:14:40,0.54,0.002985,20.635902,,
2026-07-08T14:59:23.167,Raspberry_Relieve1,,,39.291,0.461,18,100,-1,0,,,,,,00:14:40,0.54,0.002676,20.638578,,
2026-07-08T14:59:23.667,Raspberry_Relieve1,,,39.291,0.461,18,100,-1,0,,,,,,00:14:41,0.47,0.002337,20.640915,,
2026-07-08T14:59:24.167,Raspberry_Relieve1,,,39.291,0.456,18,100,-1,0,,,,,,00:14:41,0.45,0.002267,20.643182,,
2026-07-08T14:59:24.667,Raspberry_Relieve1,,,39.296,0.448,18,100,-1,0,,,,,,00:14:42,0.51,0.002547,20.645728,,
2026-07-08T14:59:25.167,Raspberry_Relieve1,,,39.296,0.448,18,100,-1,0,,,,,,00:14:42,0.64,0.003197,20.648925,,
2026-07-08T14:59:25.668,Raspberry_Relieve1,,,39.294,0.455,18,100,-1,0,,,,,,00:14:43,0.36,0.001788,20.650713,,
2026-07-08T14:59:26.168,Raspberry_Relieve1,,,39.294,0.455,18,100,-1,0,,,,,,00:14:43,0.59,0.002936,20.65365,,
2026-07-08T14:59:26.668,Raspberry_Relieve1,,,39.294,0.455,18,100,-1,0,,,,,,00:14:44,0.46,0.002312,20.655962,,
2026-07-08T14:59:27.168,Raspberry_Relieve1,,,39.295,0.442,17,100,-1,0,,,,,,00:14:44,0.46,0.002256,20.658218,,
2026-07-08T14:59:27.668,Raspberry_Relieve1,,,39.295,0.442,17,100,-1,0,,,,,,00:14:45,0.59,0.002783,20.661001,,
2026-07-08T14:59:28.168,Raspberry_Relieve1,,,39.297,0.442,17,100,-1,0,,,,,,00:14:45,0.47,0.002214,20.663215,,
2026-07-08T14:59:28.668,Raspberry_Relieve1,,,39.297,0.442,17,100,-1,0,,,,,,00:14:46,0.52,0.002451,20.665666,,
2026-07-08T14:59:29.168,Raspberry_Relieve1,,,39.296,0.444,17,100,-1,0,,,,,,00:14:47,1.55,0.007341,20.673007,,
2026-07-08T14:59:30.603,Raspberry_Relieve1,,,39.298,0.445,17,100,-1,0,,,,,,00:14:48,0.39,0.001835,20.674842,,
2026-07-08T14:59:31.104,Raspberry_Relieve1,,,39.298,0.44,17,100,-1,0,,,,,,00:14:48,0.45,0.002129,20.676971,,
2026-07-08T14:59:31.604,Raspberry_Relieve1,,,39.298,0.44,17,100,-1,0,,,,,,00:14:49,0.46,0.002184,20.679155,,
2026-07-08T14:59:32.104,Raspberry_Relieve1,,,39.298,0.44,17,100,-1,0,,,,,,00:14:49,0.58,0.002753,20.681908,,
2026-07-08T14:59:32.604,Raspberry_Relieve1,,,39.301,0.44,17,100,-1,0,,,,,,00:14:50,0.45,0.002137,20.684045,,
2026-07-08T14:59:33.104,Raspberry_Relieve1,,,39.301,0.44,17,100,-1,0,,,,,,00:14:50,0.48,0.002288,20.686332,,
2026-07-08T14:59:33.604,Raspberry_Relieve1,,,39.36,0,17,100,-1,0,,,,,,00:14:51,0.53,0.002511,20.688843,,
2026-07-08T14:59:34.104,Raspberry_Relieve1,,,39.36,0,17,100,-1,0,,,,,,00:14:51,0.6,0.002811,20.691654,,
2026-07-08T14:59:34.604,Raspberry_Relieve1,,,39.363,0,17,100,-1,0,,,,,,00:14:52,0.35,0.00166,20.693314,,
2026-07-08T14:59:35.105,Raspberry_Relieve1,,,39.363,0,17,100,-1,0,,,,,,00:14:52,0.57,0.002707,20.696021,,
2026-07-08T14:59:35.605,Raspberry_Relieve1,,,39.362,0,17,100,-1,0,,,,,,00:14:53,0.43,0.002038,20.698059,,
2026-07-08T14:59:36.105,Raspberry_Relieve1,,,39.362,0,17,100,-1,0,,,,,,00:14:53,0.53,0.00252,20.700579,,
2026-07-08T14:59:36.605,Raspberry_Relieve1,,,39.365,0,17,100,-1,0,,,,,,00:14:54,0.47,0.002198,20.702776,,
2026-07-08T14:59:37.105,Raspberry_Relieve1,,,39.365,0,17,100,-1,0,,,,,,00:14:54,0.59,0.002763,20.705539,,
2026-07-08T14:59:37.605,Raspberry_Relieve1,,,39.378,0,17,100,-1,0,,,,,,00:14:55,0.47,0.002201,20.70774,,
2026-07-08T14:59:38.105,Raspberry_Relieve1,,,39.378,0,17,100,-1,0,,,,,,00:14:55,0.53,0.00252,20.71026,,
2026-07-08T14:59:38.605,Raspberry_Relieve1,,,39.397,-0.252,-10,100,14400,0,,,,,,00:14:56,0.45,0.000442,20.710702,,
2026-07-08T14:59:39.106,Raspberry_Relieve1,,,39.397,-0.252,-10,100,14400,0,,,,,,00:14:56,0.52,-0.00144,20.709261,,
2026-07-08T14:59:39.606,Raspberry_Relieve1,,,39.337,0,0,100,-1,0,,,,,,00:14:57,0.51,-0.000714,20.708548,,
2026-07-08T14:59:40.106,Raspberry_Relieve1,,,39.337,0,0,100,-1,0,,,,,,00:14:57,0.57,0,20.708548,,
2026-07-08T14:59:40.606,Raspberry_Relieve1,,,39.35,0.202,8,100,-1,0,,,,,,00:14:58,0.4,0.000448,20.708996,,
2026-07-08T14:59:41.106,Raspberry_Relieve1,,,39.35,0.202,8,100,-1,0,,,,,,00:14:58,0.52,0.001156,20.710151,,
2026-07-08T14:59:41.606,Raspberry_Relieve1,,,39.35,0.143,6,100,-1,0,,,,,,00:14:59,0.52,0.001018,20.711169,,
2026-07-08T14:59:42.106,Raspberry_Relieve1,,,39.35,0.143,6,100,-1,0,,,,,,00:14:59,0.42,0.000698,20.711867,,
2026-07-08T14:59:42.606,Raspberry_Relieve1,,,39.35,0.135,5,100,-1,0,,,,,,00:15:00,0.64,0.000984,20.712851,,
2026-07-08T14:59:43.106,Raspberry_Relieve1,,,39.35,0.135,5,100,-1,0,,,,,,00:15:00,0.39,0.000541,20.713393,,
2026-07-08T14:59:43.607,Raspberry_Relieve1,,,39.36,0.123,5,100,-1,0,,,,,,00:15:01,0.44,0.000614,20.714006,,
2026-07-08T14:59:44.107,Raspberry_Relieve1,,,39.36,0.123,5,100,-1,0,,,,,,00:15:01,0.61,0.000847,20.714853,,
2026-07-08T14:59:44.607,Raspberry_Relieve1,,,39.266,0.603,24,100,-1,0,,,,,,00:15:02,0.65,0.002599,20.717451,,
2026-07-08T14:59:45.146,Raspberry_Relieve1,,,39.266,0.603,24,100,-1,0,,,,,,00:15:02,0.37,0.002443,20.719894,,
2026-07-08T14:59:45.646,Raspberry_Relieve1,,,38.234,4.644,178,100,-1,0,,,,,,00:15:03,0.52,0.014693,20.734587,,
2026-07-08T14:59:46.146,Raspberry_Relieve1,,,38.234,4.644,178,100,-1,0,,,,,,00:15:03,0.52,0.025607,20.760193,,
2026-07-08T14:59:46.646,Raspberry_Relieve1,,,38.155,5.009,191,100,-1,0,,,,,,00:15:04,0.62,0.031856,20.79205,,
2026-07-08T14:59:47.156,Raspberry_Relieve1,,,38.155,5.009,191,100,-1,0,,,,,,00:15:04,0.34,0.017965,20.810015,,
2026-07-08T14:59:47.656,Raspberry_Relieve1,,,39.294,0.797,31,100,-1,0,,,,,,00:15:05,0.53,0.016492,20.826507,,
2026-07-08T14:59:48.161,Raspberry_Relieve1,,,39.294,0.797,31,100,-1,0,,,,,,00:15:05,0.47,0.004032,20.830539,,
2026-07-08T14:59:48.661,Raspberry_Relieve1,,,39.294,0.797,31,100,-1,0,,,,,,00:15:06,0.44,0.003789,20.834329,,
2026-07-08T14:59:49.161,Raspberry_Relieve1,,,39.295,0.471,18,100,-1,0,,,,,,00:15:06,0.59,0.003991,20.83832,,
2026-07-08T14:59:49.661,Raspberry_Relieve1,,,39.379,0,18,100,-1,0,,,,,,00:15:07,0.47,0.002372,20.840692,,
2026-07-08T14:59:50.162,Raspberry_Relieve1,,,39.379,0,18,100,-1,0,,,,,,00:15:07,0.55,0.002754,20.843446,,
2026-07-08T14:59:50.662,Raspberry_Relieve1,,,39.268,0.97,38,100,-1,0,,,,,,00:15:08,0.39,0.003001,20.846447,,
2026-07-08T14:59:51.162,Raspberry_Relieve1,,,39.268,0.97,38,100,-1,0,,,,,,00:15:08,0.51,0.005336,20.851784,,
2026-07-08T14:59:51.662,Raspberry_Relieve1,,,39.357,0.214,8,100,-1,0,,,,,,00:15:09,0.5,0.003201,20.854985,,
2026-07-08T14:59:52.162,Raspberry_Relieve1,,,39.357,0.214,8,100,-1,0,,,,,,00:15:09,0.6,0.001327,20.856311,,
2026-07-08T14:59:52.662,Raspberry_Relieve1,,,38.945,3.193,124,100,-1,0,,,,,,00:15:10,0.49,0.008908,20.86522,,
2026-07-08T14:59:53.162,Raspberry_Relieve1,,,38.945,3.193,124,100,-1,0,,,,,,00:15:10,0.47,0.01622,20.881439,,
2026-07-08T14:59:53.662,Raspberry_Relieve1,,,39.162,1.535,60,100,-1,0,,,,,,00:15:11,0.51,0.013072,20.894512,,
2026-07-08T14:59:54.162,Raspberry_Relieve1,,,39.162,1.535,60,100,-1,0,,,,,,00:15:11,0.52,0.008651,20.903163,,
2026-07-08T14:59:54.663,Raspberry_Relieve1,,,38.881,1.965,76,100,-1,0,,,,,,00:15:12,0.41,0.007774,20.910938,,
2026-07-08T14:59:55.163,Raspberry_Relieve1,,,38.881,1.965,76,100,-1,0,,,,,,00:15:12,0.54,0.011498,20.922435,,
2026-07-08T14:59:55.663,Raspberry_Relieve1,,,39.4,0.342,13,100,-1,0,,,,,,00:15:13,0.54,0.00662,20.929056,,
2026-07-08T14:59:56.163,Raspberry_Relieve1,,,39.4,0.342,13,100,-1,0,,,,,,00:15:13,0.43,0.001541,20.930597,,
2026-07-08T14:59:56.663,Raspberry_Relieve1,,,39.624,-1.725,-68,100,14400,0,,,,,,00:15:14,0.6,-0.004598,20.926,,
2026-07-08T14:59:57.163,Raspberry_Relieve1,,,39.624,-1.725,-68,100,14400,0,,,,,,00:15:14,0.47,-0.00896,20.917039,,
2026-07-08T14:59:57.663,Raspberry_Relieve1,,,39.167,4.277,167,100,-1,0,,,,,,00:15:15,0.43,0.005854,20.922894,,
2026-07-08T14:59:58.163,Raspberry_Relieve1,,,39.167,4.277,167,100,-1,0,,,,,,00:15:15,0.57,0.026233,20.949126,,
2026-07-08T14:59:58.664,Raspberry_Relieve1,,,39.287,0.674,26,100,-1,0,,,,,,00:15:16,0.51,0.013681,20.962807,,
2026-07-08T14:59:59.164,Raspberry_Relieve1,,,39.287,0.674,26,100,-1,0,,,,,,00:15:16,0.47,0.003372,20.966179,,
2026-07-08T14:59:59.664,Raspberry_Relieve1,,,39.393,-1.34,-53,100,14400,0,,,,,,00:15:17,0.52,-0.001955,20.964225,,
2026-07-08T15:00:00.164,Raspberry_Relieve1,,,39.393,-1.34,-53,100,14400,0,,,,,,00:15:17,0.45,-0.006669,20.957555,,
2026-07-08T15:00:00.664,Raspberry_Relieve1,,,39.187,3.253,127,100,-1,0,,,,,,00:15:18,0.5,0.005189,20.962744,,
2026-07-08T15:00:01.164,Raspberry_Relieve1,,,39.187,3.253,127,100,-1,0,,,,,,00:15:18,0.45,0.015801,20.978545,,
2026-07-08T15:00:01.664,Raspberry_Relieve1,,,39.187,3.253,127,100,-1,0,,,,,,00:15:19,0.58,0.020476,20.999021,,
2026-07-08T15:00:02.164,Raspberry_Relieve1,,,39.284,0.585,23,100,-1,0,,,,,,00:15:19,0.45,0.009309,21.00833,,
2026-07-08T15:00:02.664,Raspberry_Relieve1,,,39.287,0.454,18,100,-1,0,,,,,,00:15:20,0.65,0.003697,21.012026,,
2026-07-08T15:00:03.164,Raspberry_Relieve1,,,39.287,0.454,18,100,-1,0,,,,,,00:15:20,0.43,0.002142,21.014168,,
2026-07-08T15:00:03.665,Raspberry_Relieve1,,,39.375,0,18,100,-1,0,,,,,,00:15:21,0.49,0.002447,21.016615,,
2026-07-08T15:00:04.165,Raspberry_Relieve1,,,39.375,0,18,100,-1,0,,,,,,00:15:21,0.54,0.002707,21.019322,,
2026-07-08T15:00:04.665,Raspberry_Relieve1,,,39.375,0,18,100,-1,0,,,,,,00:15:22,0.44,0.002213,21.021535,,
2026-07-08T15:00:05.165,Raspberry_Relieve1,,,39.349,0.339,13,100,-1,0,,,,,,00:15:22,0.52,0.002234,21.02377,,
2026-07-08T15:00:05.665,Raspberry_Relieve1,,,39.355,0,13,100,-1,0,,,,,,00:15:23,0.5,0.001816,21.025585,,
2026-07-08T15:00:06.165,Raspberry_Relieve1,,,39.355,0,13,100,-1,0,,,,,,00:15:23,0.42,0.00152,21.027106,,
2026-07-08T15:00:06.665,Raspberry_Relieve1,,,39.358,0,13,100,-1,0,,,,,,00:15:24,0.57,0.002068,21.029173,,
2026-07-08T15:00:07.165,Raspberry_Relieve1,,,39.358,0,13,100,-1,0,,,,,,00:15:24,0.53,0.001904,21.031077,,
2026-07-08T15:00:07.665,Raspberry_Relieve1,,,39.446,-0.35,-14,100,14400,0,,,,,,00:15:25,0.39,-0.000054,21.031023,,
2026-07-08T15:00:08.166,Raspberry_Relieve1,,,39.446,-0.35,-14,100,14400,0,,,,,,00:15:25,0.64,-0.002473,21.02855,,
2026-07-08T15:00:08.666,Raspberry_Relieve1,,,39.362,0,0,100,-1,0,,,,,,00:15:26,0.46,-0.000895,21.027656,,
2026-07-08T15:00:09.166,Raspberry_Relieve1,,,39.362,0,0,100,-1,0,,,,,,00:15:26,0.41,0,21.027656,,
2026-07-08T15:00:09.666,Raspberry_Relieve1,,,39.364,0,0,100,-1,0,,,,,,00:15:27,0.6,0,21.027656,,
2026-07-08T15:00:10.166,Raspberry_Relieve1,,,39.364,0,0,100,-1,0,,,,,,00:15:27,0.4,0,21.027656,,
2026-07-08T15:00:10.666,Raspberry_Relieve1,,,39.365,0,0,100,-1,0,,,,,,00:15:28,0.51,0,21.027656,,
2026-07-08T15:00:11.166,Raspberry_Relieve1,,,39.365,0,0,100,-1,0,,,,,,00:15:28,0.6,0,21.027656,,
2026-07-08T15:00:11.666,Raspberry_Relieve1,,,39.366,0,0,100,-1,0,,,,,,00:15:29,0.55,0,21.027656,,
2026-07-08T15:00:12.167,Raspberry_Relieve1,,,39.366,0,0,100,-1,0,,,,,,00:15:29,0.36,0,21.027656,,
2026-07-08T15:00:12.667,Raspberry_Relieve1,,,39.368,0,0,100,-1,0,,,,,,00:15:30,0.56,0,21.027656,,
2026-07-08T15:00:13.167,Raspberry_Relieve1,,,39.368,0,0,100,-1,0,,,,,,00:15:30,0.51,0,21.027656,,
2026-07-08T15:00:13.667,Raspberry_Relieve1,,,39.368,0,0,100,-1,0,,,,,,00:15:31,0.49,0,21.027656,,
2026-07-08T15:00:14.167,Raspberry_Relieve1,,,39.368,0,0,100,-1,0,,,,,,00:15:31,0.5,0,21.027656,,
2026-07-08T15:00:14.667,Raspberry_Relieve1,,,39.368,0,0,100,-1,0,,,,,,00:15:32,0.54,0,21.027656,,
2026-07-08T15:00:15.167,Raspberry_Relieve1,,,39.368,0,0,100,-1,0,,,,,,00:15:32,0.46,0,21.027656,,
2026-07-08T15:00:15.667,Raspberry_Relieve1,,,39.369,0,0,100,-1,0,,,,,,00:15:33,0.51,0,21.027656,,
2026-07-08T15:00:16.168,Raspberry_Relieve1,,,39.369,0,0,100,-1,0,,,,,,00:15:33,0.45,0,21.027656,,
2026-07-08T15:00:16.668,Raspberry_Relieve1,,,39.37,0,0,100,-1,0,,,,,,00:15:34,0.46,0,21.027656,,
2026-07-08T15:00:17.168,Raspberry_Relieve1,,,39.37,0,0,100,-1,0,,,,,,00:15:34,0.51,0,21.027656,,
2026-07-08T15:00:17.668,Raspberry_Relieve1,,,39.371,0,0,100,-1,0,,,,,,00:15:35,0.49,0,21.027656,,
2026-07-08T15:00:18.168,Raspberry_Relieve1,,,39.371,0,0,100,-1,0,,,,,,00:15:35,0.55,0,21.027656,,
2026-07-08T15:00:18.668,Raspberry_Relieve1,,,39.372,0,0,100,-1,0,,,,,,00:15:36,0.53,0,21.027656,,
2026-07-08T15:00:19.168,Raspberry_Relieve1,,,39.372,0,0,100,-1,0,,,,,,00:15:36,0.53,0,21.027656,,
2026-07-08T15:00:19.668,Raspberry_Relieve1,,,39.373,0,0,100,-1,0,,,,,,00:15:37,0.45,0,21.027656,,
2026-07-08T15:00:20.168,Raspberry_Relieve1,,,39.373,0,0,100,-1,0,,,,,,00:15:37,0.55,0,21.027656,,
2026-07-08T15:00:20.669,Raspberry_Relieve1,,,39.375,0,0,100,-1,0,,,,,,00:15:38,0.4,0,21.027656,,
2026-07-08T15:00:21.169,Raspberry_Relieve1,,,39.375,0,0,100,-1,0,,,,,,00:15:38,0.52,0,21.027656,,
2026-07-08T15:00:21.669,Raspberry_Relieve1,,,39.376,0,0,100,-1,0,,,,,,00:15:39,0.55,0,21.027656,,
2026-07-08T15:00:22.169,Raspberry_Relieve1,,,39.376,0,0,100,-1,0,,,,,,00:15:39,0.44,0,21.027656,,
2026-07-08T15:00:22.669,Raspberry_Relieve1,,,39.375,0,0,100,-1,0,,,,,,00:15:40,0.61,0,21.027656,,
2026-07-08T15:00:23.169,Raspberry_Relieve1,,,39.375,0,0,100,-1,0,,,,,,00:15:40,0.39,0,21.027656,,
2026-07-08T15:00:23.669,Raspberry_Relieve1,,,39.377,0,0,100,-1,0,,,,,,00:15:41,0.55,0,21.027656,,
2026-07-08T15:00:24.169,Raspberry_Relieve1,,,39.377,0,0,100,-1,0,,,,,,00:15:41,0.44,0,21.027656,,
2026-07-08T15:00:24.670,Raspberry_Relieve1,,,39.379,0,0,100,-1,0,,,,,,00:15:42,0.65,0,21.027656,,
2026-07-08T15:00:25.170,Raspberry_Relieve1,,,39.379,0,0,100,-1,0,,,,,,00:15:42,0.47,0,21.027656,,
2026-07-08T15:00:25.670,Raspberry_Relieve1,,,39.378,0,0,100,-1,0,,,,,,00:15:43,0.61,0,21.027656,,
2026-07-08T15:00:26.191,Raspberry_Relieve1,,,39.378,0,0,100,-1,0,,,,,,00:15:43,0.39,0,21.027656,,
2026-07-08T15:00:26.691,Raspberry_Relieve1,,,39.377,0,0,100,-1,0,,,,,,00:15:44,0.5,0,21.027656,,
2026-07-08T15:00:27.191,Raspberry_Relieve1,,,39.377,0,0,100,-1,0,,,,,,00:15:44,0.63,0,21.027656,,
2026-07-08T15:00:27.722,Raspberry_Relieve1,,,39.379,0,0,100,-1,0,,,,,,00:15:45,0.36,0,21.027656,,
2026-07-08T15:00:28.222,Raspberry_Relieve1,,,39.379,0,0,100,-1,0,,,,,,00:15:45,0.51,0,21.027656,,
2026-07-08T15:00:28.722,Raspberry_Relieve1,,,39.379,0,0,100,-1,0,,,,,,00:15:46,0.42,0,21.027656,,
2026-07-08T15:00:29.222,Raspberry_Relieve1,,,39.379,0,0,100,-1,0,,,,,,00:15:46,0.56,0,21.027656,,
2026-07-08T15:00:29.723,Raspberry_Relieve1,,,39.379,0,0,100,-1,0,,,,,,00:15:47,0.49,0,21.027656,,
2026-07-08T15:00:30.223,Raspberry_Relieve1,,,39.379,0,0,100,-1,0,,,,,,00:15:47,0.54,0,21.027656,,
2026-07-08T15:00:30.723,Raspberry_Relieve1,,,39.38,0,0,100,-1,0,,,,,,00:15:48,0.47,0,21.027656,,
2026-07-08T15:00:31.223,Raspberry_Relieve1,,,39.38,0,0,100,-1,0,,,,,,00:15:48,0.57,0,21.027656,,
2026-07-08T15:00:31.723,Raspberry_Relieve1,,,39.379,0,0,100,-1,0,,,,,,00:15:49,0.41,0,21.027656,,
2026-07-08T15:00:32.223,Raspberry_Relieve1,,,39.379,0,0,100,-1,0,,,,,,00:15:49,0.45,0,21.027656,,
2026-07-08T15:00:32.723,Raspberry_Relieve1,,,39.38,0,0,100,-1,0,,,,,,00:15:50,0.66,0,21.027656,,
2026-07-08T15:00:33.223,Raspberry_Relieve1,,,39.38,0,0,100,-1,0,,,,,,00:15:50,0.46,0,21.027656,,
2026-07-08T15:00:33.724,Raspberry_Relieve1,,,39.383,0,0,100,-1,0,,,,,,00:15:51,0.46,0,21.027656,,
2026-07-08T15:00:34.224,Raspberry_Relieve1,,,39.383,0,0,100,-1,0,,,,,,00:15:51,0.52,0,21.027656,,
2026-07-08T15:00:34.724,Raspberry_Relieve1,,,39.382,0,0,100,-1,0,,,,,,00:15:52,0.4,0,21.027656,,
2026-07-08T15:00:35.224,Raspberry_Relieve1,,,39.382,0,0,100,-1,0,,,,,,00:15:52,0.51,0,21.027656,,
2026-07-08T15:00:35.724,Raspberry_Relieve1,,,39.382,0,0,100,-1,0,,,,,,00:15:53,0.48,0,21.027656,,
2026-07-08T15:00:36.224,Raspberry_Relieve1,,,39.382,0,0,100,-1,0,,,,,,00:15:53,0.56,0,21.027656,,
2026-07-08T15:00:36.724,Raspberry_Relieve1,,,39.383,0,0,100,-1,0,,,,,,00:15:54,0.53,0,21.027656,,
2026-07-08T15:00:37.224,Raspberry_Relieve1,,,39.383,0,0,100,-1,0,,,,,,00:15:54,0.41,0,21.027656,,
2026-07-08T15:00:37.724,Raspberry_Relieve1,,,39.382,0,0,100,-1,0,,,,,,00:15:55,0.63,0,21.027656,,
2026-07-08T15:00:38.225,Raspberry_Relieve1,,,39.382,0,0,100,-1,0,,,,,,00:15:55,0.39,0,21.027656,,
2026-07-08T15:00:38.725,Raspberry_Relieve1,,,39.382,0,0,100,-1,0,,,,,,00:15:56,0.47,0,21.027656,,
2026-07-08T15:00:39.225,Raspberry_Relieve1,,,39.382,0,0,100,-1,0,,,,,,00:15:56,0.74,0,21.027656,,
2026-07-08T15:00:39.993,Raspberry_Relieve1,,,39.383,0,0,100,-1,0,,,,,,00:15:57,0.62,0,21.027656,,
2026-07-08T15:00:40.493,Raspberry_Relieve1,,,39.386,0,0,100,-1,0,,,,,,00:15:57,0.42,0,21.027656,,
2026-07-08T15:00:40.993,Raspberry_Relieve1,,,39.386,0,0,100,-1,0,,,,,,00:15:58,0.5,0,21.027656,,
2026-07-08T15:00:41.493,Raspberry_Relieve1,,,39.385,0,0,100,-1,0,,,,,,00:15:59,0.54,0,21.027656,,
2026-07-08T15:00:41.993,Raspberry_Relieve1,,,39.385,0,0,100,-1,0,,,,,,00:15:59,0.53,0,21.027656,,
2026-07-08T15:00:42.493,Raspberry_Relieve1,,,39.385,0,0,100,-1,0,,,,,,00:16:00,0.51,0,21.027656,,
2026-07-08T15:00:42.993,Raspberry_Relieve1,,,39.385,0,0,100,-1,0,,,,,,00:16:00,0.5,0,21.027656,,
2026-07-08T15:00:43.493,Raspberry_Relieve1,,,39.384,0,0,100,-1,0,,,,,,00:16:01,0.51,0,21.027656,,
2026-07-08T15:00:43.994,Raspberry_Relieve1,,,39.384,0,0,100,-1,0,,,,,,00:16:01,0.37,0,21.027656,,
2026-07-08T15:00:44.494,Raspberry_Relieve1,,,39.385,0,0,100,-1,0,,,,,,00:16:02,0.6,0,21.027656,,
2026-07-08T15:00:44.994,Raspberry_Relieve1,,,39.385,0,0,100,-1,0,,,,,,00:16:02,0.42,0,21.027656,,
2026-07-08T15:00:45.494,Raspberry_Relieve1,,,39.387,0,0,100,-1,0,,,,,,00:16:03,0.67,0,21.027656,,
2026-07-08T15:00:45.994,Raspberry_Relieve1,,,39.387,0,0,100,-1,0,,,,,,00:16:03,0.31,0,21.027656,,
2026-07-08T15:00:46.494,Raspberry_Relieve1,,,39.386,0,0,100,-1,0,,,,,,00:16:03,0.52,0,21.027656,,
2026-07-08T15:00:46.994,Raspberry_Relieve1,,,39.386,0,0,100,-1,0,,,,,,00:16:04,0.58,0,21.027656,,
2026-07-08T15:00:47.495,Raspberry_Relieve1,,,39.387,0,0,100,-1,0,,,,,,00:16:04,0.43,0,21.027656,,
2026-07-08T15:00:47.995,Raspberry_Relieve1,,,39.387,0,0,100,-1,0,,,,,,00:16:05,0.58,0,21.027656,,
2026-07-08T15:00:48.495,Raspberry_Relieve1,,,39.387,0,0,100,-1,0,,,,,,00:16:05,0.43,0,21.027656,,
2026-07-08T15:00:48.995,Raspberry_Relieve1,,,39.387,0,0,100,-1,0,,,,,,00:16:06,0.54,0,21.027656,,
2026-07-08T15:00:49.495,Raspberry_Relieve1,,,39.388,0,0,100,-1,0,,,,,,00:16:07,0.5,0,21.027656,,
2026-07-08T15:00:49.995,Raspberry_Relieve1,,,39.388,0,0,100,-1,0,,,,,,00:16:07,0.43,0,21.027656,,
2026-07-08T15:00:50.495,Raspberry_Relieve1,,,39.387,0,0,100,-1,0,,,,,,00:16:07,0.49,0,21.027656,,
2026-07-08T15:00:50.995,Raspberry_Relieve1,,,39.387,0,0,100,-1,0,,,,,,00:16:08,0.61,0,21.027656,,
2026-07-08T15:00:51.496,Raspberry_Relieve1,,,39.387,0,0,100,-1,0,,,,,,00:16:09,0.48,0,21.027656,,
2026-07-08T15:00:51.996,Raspberry_Relieve1,,,39.387,0,0,100,-1,0,,,,,,00:16:09,0.49,0,21.027656,,
2026-07-08T15:00:52.496,Raspberry_Relieve1,,,39.387,0,0,100,-1,0,,,,,,00:16:09,0.43,0,21.027656,,
2026-07-08T15:00:52.996,Raspberry_Relieve1,,,39.387,0,0,100,-1,0,,,,,,00:16:10,0.55,0,21.027656,,
2026-07-08T15:00:53.496,Raspberry_Relieve1,,,39.387,0,0,100,-1,0,,,,,,00:16:10,0.47,0,21.027656,,
2026-07-08T15:00:53.996,Raspberry_Relieve1,,,39.387,0,0,100,-1,0,,,,,,00:16:11,0.58,0,21.027656,,
2026-07-08T15:00:54.496,Raspberry_Relieve1,,,39.388,0,0,100,-1,0,,,,,,00:16:11,0.41,0,21.027656,,
2026-07-08T15:00:54.996,Raspberry_Relieve1,,,39.388,0,0,100,-1,0,,,,,,00:16:12,0.6,0,21.027656,,
2026-07-08T15:00:55.497,Raspberry_Relieve1,,,39.392,0,0,100,-1,0,,,,,,00:16:12,0.43,0,21.027656,,
2026-07-08T15:00:55.997,Raspberry_Relieve1,,,39.392,0,0,100,-1,0,,,,,,00:16:13,0.59,0,21.027656,,
2026-07-08T15:00:56.497,Raspberry_Relieve1,,,39.389,0,0,100,-1,0,,,,,,00:16:14,0.45,0,21.027656,,
2026-07-08T15:00:56.997,Raspberry_Relieve1,,,39.389,0,0,100,-1,0,,,,,,00:16:14,0.55,0,21.027656,,
2026-07-08T15:00:57.497,Raspberry_Relieve1,,,39.39,0,0,100,-1,0,,,,,,00:16:14,0.4,0,21.027656,,
2026-07-08T15:00:57.997,Raspberry_Relieve1,,,39.39,0,0,100,-1,0,,,,,,00:16:15,0.6,0,21.027656,,
2026-07-08T15:00:58.497,Raspberry_Relieve1,,,39.389,0,0,100,-1,0,,,,,,00:16:16,0.47,0,21.027656,,
2026-07-08T15:00:58.998,Raspberry_Relieve1,,,39.389,0,0,100,-1,0,,,,,,00:16:16,0.5,0,21.027656,,
2026-07-08T15:00:59.498,Raspberry_Relieve1,,,39.39,0,0,100,-1,0,,,,,,00:16:17,0.49,0,21.027656,,
2026-07-08T15:00:59.998,Raspberry_Relieve1,,,39.39,0,0,100,-1,0,,,,,,00:16:17,0.51,0,21.027656,,
2026-07-08T15:01:00.498,Raspberry_Relieve1,,,39.39,0,0,100,-1,0,,,,,,00:16:17,0.39,0,21.027656,,
2026-07-08T15:01:00.998,Raspberry_Relieve1,,,39.39,0,0,100,-1,0,,,,,,00:16:18,0.51,0,21.027656,,
2026-07-08T15:01:01.498,Raspberry_Relieve1,,,39.39,0,0,100,-1,0,,,,,,00:16:19,0.61,0,21.027656,,
2026-07-08T15:01:01.998,Raspberry_Relieve1,,,39.39,0,0,100,-1,0,,,,,,00:16:19,0.4,0,21.027656,,
2026-07-08T15:01:02.498,Raspberry_Relieve1,,,39.39,0,0,100,-1,0,,,,,,00:16:20,0.57,0,21.027656,,
2026-07-08T15:01:02.998,Raspberry_Relieve1,,,39.39,0,0,100,-1,0,,,,,,00:16:20,0.46,0,21.027656,,
2026-07-08T15:01:03.498,Raspberry_Relieve1,,,39.389,0,0,100,-1,0,,,,,,00:16:21,0.57,0,21.027656,,
2026-07-08T15:01:03.998,Raspberry_Relieve1,,,39.389,0,0,100,-1,0,,,,,,00:16:21,0.5,0,21.027656,,
2026-07-08T15:01:04.498,Raspberry_Relieve1,,,39.39,0,0,100,-1,0,,,,,,00:16:22,0.6,0,21.027656,,
2026-07-08T15:01:04.999,Raspberry_Relieve1,,,39.39,0,0,100,-1,0,,,,,,00:16:22,0.41,0,21.027656,,
2026-07-08T15:01:05.499,Raspberry_Relieve1,,,39.392,0,0,100,-1,0,,,,,,00:16:23,0.5,0,21.027656,,
2026-07-08T15:01:06.051,Raspberry_Relieve1,,,39.392,0,0,100,-1,0,,,,,,00:16:23,0.57,0,21.027656,,
2026-07-08T15:01:06.551,Raspberry_Relieve1,,,39.392,0,0,100,-1,0,,,,,,00:16:24,0.45,0,21.027656,,
2026-07-08T15:01:07.051,Raspberry_Relieve1,,,39.392,0,0,100,-1,0,,,,,,00:16:24,0.52,0,21.027656,,
2026-07-08T15:01:07.551,Raspberry_Relieve1,,,39.392,0,0,100,-1,0,,,,,,00:16:25,0.41,0,21.027656,,
2026-07-08T15:01:08.052,Raspberry_Relieve1,,,39.392,0,0,100,-1,0,,,,,,00:16:25,0.61,0,21.027656,,
2026-07-08T15:01:08.552,Raspberry_Relieve1,,,39.392,0,0,100,-1,0,,,,,,00:16:26,0.66,0,21.027656,,
2026-07-08T15:01:09.112,Raspberry_Relieve1,,,39.392,0,0,100,-1,0,,,,,,00:16:26,0.34,0,21.027656,,
2026-07-08T15:01:09.612,Raspberry_Relieve1,,,39.27,0.451,18,100,-1,0,,,,,,00:16:27,0.68,0.0017,21.029355,,
2026-07-08T15:01:10.126,Raspberry_Relieve1,,,39.27,0.451,18,100,-1,0,,,,,,00:16:27,0.34,0.001701,21.031056,,
2026-07-08T15:01:10.626,Raspberry_Relieve1,,,39.392,0,18,100,-1,0,,,,,,00:16:28,0.51,0.002553,21.033609,,
2026-07-08T15:01:11.126,Raspberry_Relieve1,,,39.392,0,18,100,-1,0,,,,,,00:16:28,0.53,0.002641,21.03625,,
2026-07-08T15:01:11.627,Raspberry_Relieve1,,,39.391,0,18,100,-1,0,,,,,,00:16:29,0.53,0.002637,21.038886,,
2026-07-08T15:01:12.127,Raspberry_Relieve1,,,39.391,0,18,100,-1,0,,,,,,00:16:29,0.38,0.00191,21.040797,,
2026-07-08T15:01:12.627,Raspberry_Relieve1,,,39.181,4.22,165,100,-1,0,,,,,,00:16:30,0.59,0.015045,21.055842,,
2026-07-08T15:01:13.127,Raspberry_Relieve1,,,39.181,4.22,165,100,-1,0,,,,,,00:16:30,0.4,0.018137,21.073979,,
2026-07-08T15:01:13.627,Raspberry_Relieve1,,,39.321,0.66,26,100,-1,0,,,,,,00:16:31,0.58,0.015492,21.089471,,
2026-07-08T15:01:14.127,Raspberry_Relieve1,,,39.321,0.66,26,100,-1,0,,,,,,00:16:31,0.54,0.003905,21.093376,,
2026-07-08T15:01:14.627,Raspberry_Relieve1,,,39.533,-0.493,-19,100,14400,0,,,,,,00:16:32,0.38,0.000374,21.09375,,
2026-07-08T15:01:15.127,Raspberry_Relieve1,,,39.533,-0.493,-19,100,14400,0,,,,,,00:16:32,0.6,-0.003169,21.090581,,
2026-07-08T15:01:15.627,Raspberry_Relieve1,,,39.333,0.551,22,100,-1,0,,,,,,00:16:33,0.41,0.000169,21.09075,,
2026-07-08T15:01:16.128,Raspberry_Relieve1,,,39.333,0.551,22,100,-1,0,,,,,,00:16:33,0.5,0.003034,21.093784,,
2026-07-08T15:01:16.628,Raspberry_Relieve1,,,39.322,0.447,18,100,-1,0,,,,,,00:16:34,0.5,0.002766,21.09655,,
2026-07-08T15:01:17.128,Raspberry_Relieve1,,,39.322,0.447,18,100,-1,0,,,,,,00:16:34,0.51,0.00254,21.09909,,
2026-07-08T15:01:17.628,Raspberry_Relieve1,,,39.309,0.451,18,100,-1,0,,,,,,00:16:35,0.64,0.003195,21.102285,,
2026-07-08T15:01:18.128,Raspberry_Relieve1,,,39.309,0.451,18,100,-1,0,,,,,,00:16:35,0.52,0.00258,21.104865,,
2026-07-08T15:01:18.628,Raspberry_Relieve1,,,39.309,0.451,18,100,-1,0,,,,,,00:16:36,0.44,0.002188,21.107053,,
2026-07-08T15:01:19.128,Raspberry_Relieve1,,,39.309,0.437,17,100,-1,0,,,,,,00:16:36,0.41,0.001981,21.109034,,
2026-07-08T15:01:19.628,Raspberry_Relieve1,,,39.316,0.437,17,100,-1,0,,,,,,00:16:37,0.5,0.002368,21.111403,,
2026-07-08T15:01:20.129,Raspberry_Relieve1,,,39.316,0.437,17,100,-1,0,,,,,,00:16:37,0.5,0.002348,21.113751,,
2026-07-08T15:01:20.629,Raspberry_Relieve1,,,39.32,0.442,17,100,-1,0,,,,,,00:16:38,0.57,0.002676,21.116426,,
2026-07-08T15:01:21.129,Raspberry_Relieve1,,,39.32,0.442,17,100,-1,0,,,,,,00:16:38,0.43,0.00201,21.118436,,
2026-07-08T15:01:21.629,Raspberry_Relieve1,,,39.251,0.627,25,100,-1,0,,,,,,00:16:39,0.58,0.003387,21.121822,,
2026-07-08T15:01:22.129,Raspberry_Relieve1,,,39.251,0.627,25,100,-1,0,,,,,,00:16:39,0.53,0.003676,21.125498,,
2026-07-08T15:01:22.629,Raspberry_Relieve1,,,39.488,-0.182,-7,100,14400,0,,,,,,00:16:40,0.41,0.001015,21.126513,,
2026-07-08T15:01:23.129,Raspberry_Relieve1,,,39.488,-0.182,-7,100,14400,0,,,,,,00:16:40,0.61,-0.001179,21.125335,,
2026-07-08T15:01:23.629,Raspberry_Relieve1,,,39.231,0.722,28,100,-1,0,,,,,,00:16:41,0.38,0.001101,21.126435,,
2026-07-08T15:01:24.130,Raspberry_Relieve1,,,39.231,0.722,28,100,-1,0,,,,,,00:16:41,0.5,0.003869,21.130304,,
2026-07-08T15:01:24.630,Raspberry_Relieve1,,,39.504,-0.17,-7,100,14400,0,,,,,,00:16:43,1.73,0.005039,21.135343,,
2026-07-08T15:01:26.145,Raspberry_Relieve1,,,39.229,0.777,30,100,-1,0,,,,,,00:16:43,0.41,0.001311,21.136655,,
2026-07-08T15:01:26.645,Raspberry_Relieve1,,,39.229,0.777,30,100,-1,0,,,,,,00:16:44,0.51,0.00425,21.140904,,
2026-07-08T15:01:27.145,Raspberry_Relieve1,,,39.278,0.625,25,100,-1,0,,,,,,00:16:44,0.51,0.003916,21.144821,,
2026-07-08T15:01:27.645,Raspberry_Relieve1,,,39.381,0.402,16,100,-1,0,,,,,,00:16:45,0.57,0.003226,21.148047,,
2026-07-08T15:01:28.146,Raspberry_Relieve1,,,39.381,0.402,16,100,-1,0,,,,,,00:16:45,0.31,0.001395,21.149442,,
2026-07-08T15:01:28.647,Raspberry_Relieve1,,,39.247,0.662,26,100,-1,0,,,,,,00:16:46,0.57,0.003337,21.152779,,
2026-07-08T15:01:29.147,Raspberry_Relieve1,,,39.377,0.21,8,100,-1,0,,,,,,00:16:46,0.51,0.002405,21.155184,,
2026-07-08T15:01:29.647,Raspberry_Relieve1,,,39.377,0.21,8,100,-1,0,,,,,,00:16:47,0.42,0.000934,21.156119,,
2026-07-08T15:01:30.147,Raspberry_Relieve1,,,39.379,0,8,100,-1,0,,,,,,00:16:47,0.58,0.001298,21.157417,,
2026-07-08T15:01:30.647,Raspberry_Relieve1,,,39.379,0,8,100,-1,0,,,,,,00:16:48,0.46,0.001015,21.158432,,
2026-07-08T15:01:31.147,Raspberry_Relieve1,,,39.382,0,8,100,-1,0,,,,,,00:16:48,0.59,0.001318,21.15975,,
2026-07-08T15:01:31.647,Raspberry_Relieve1,,,39.382,0,8,100,-1,0,,,,,,00:16:49,0.46,0.001018,21.160767,,
2026-07-08T15:01:32.147,Raspberry_Relieve1,,,39.382,0,8,100,-1,0,,,,,,00:16:49,0.5,0.001113,21.161881,,
2026-07-08T15:01:32.648,Raspberry_Relieve1,,,39.382,0,8,100,-1,0,,,,,,00:16:50,0.44,0.000978,21.162859,,
2026-07-08T15:01:33.148,Raspberry_Relieve1,,,39.382,0,8,100,-1,0,,,,,,00:16:50,0.57,0.001259,21.164117,,
2026-07-08T15:01:33.648,Raspberry_Relieve1,,,39.382,0,8,100,-1,0,,,,,,00:16:51,0.57,0.001271,21.165388,,
2026-07-08T15:01:34.148,Raspberry_Relieve1,,,39.385,0,8,100,-1,0,,,,,,00:16:51,0.33,0.000729,21.166117,,
2026-07-08T15:01:34.648,Raspberry_Relieve1,,,39.385,0,8,100,-1,0,,,,,,00:16:52,0.59,0.001321,21.167437,,
2026-07-08T15:01:35.148,Raspberry_Relieve1,,,39.385,0,8,100,-1,0,,,,,,00:16:52,0.72,0.001592,21.16903,,
2026-07-08T15:01:35.750,Raspberry_Relieve1,,,39.385,0,8,100,-1,0,,,,,,00:16:53,0.3,0.000667,21.169697,,
2026-07-08T15:01:36.250,Raspberry_Relieve1,,,39.385,0,8,100,-1,0,,,,,,00:16:53,0.48,0.001072,21.170769,,
2026-07-08T15:01:36.751,Raspberry_Relieve1,,,39.385,0,8,100,-1,0,,,,,,00:16:54,0.57,0.001272,21.172041,,
2026-07-08T15:01:37.251,Raspberry_Relieve1,,,39.415,0.132,5,100,-1,0,,,,,,00:16:54,0.5,0.00091,21.172951,,
2026-07-08T15:01:37.751,Raspberry_Relieve1,,,39.415,0.132,5,100,-1,0,,,,,,00:16:55,0.42,0.000586,21.173538,,
2026-07-08T15:01:38.251,Raspberry_Relieve1,,,39.093,2.078,81,100,-1,0,,,,,,00:16:55,0.51,0.006035,21.179573,,
2026-07-08T15:01:38.751,Raspberry_Relieve1,,,39.093,2.078,81,100,-1,0,,,,,,00:16:56,0.52,0.01176,21.191333,,
2026-07-08T15:01:39.251,Raspberry_Relieve1,,,39.318,0.562,22,100,-1,0,,,,,,00:16:56,0.49,0.007031,21.198364,,
2026-07-08T15:01:39.751,Raspberry_Relieve1,,,39.318,0.562,22,100,-1,0,,,,,,00:16:57,0.48,0.002937,21.201301,,
2026-07-08T15:01:40.251,Raspberry_Relieve1,,,39.029,1.133,44,100,-1,0,,,,,,00:16:57,0.74,0.006799,21.208101,,
2026-07-08T15:01:40.775,Raspberry_Relieve1,,,39.029,1.133,44,100,-1,0,,,,,,00:16:58,0.31,0.003842,21.211943,,
2026-07-08T15:01:41.275,Raspberry_Relieve1,,,39.029,1.133,44,100,-1,0,,,,,,00:16:58,0.6,0.00733,21.219273,,
2026-07-08T15:01:41.775,Raspberry_Relieve1,,,39.317,0.473,19,100,-1,0,,,,,,00:16:59,0.47,0.004098,21.223372,,
2026-07-08T15:01:42.275,Raspberry_Relieve1,,,39.288,0.41,16,100,-1,0,,,,,,00:16:59,0.46,0.002252,21.225624,,
2026-07-08T15:01:42.775,Raspberry_Relieve1,,,39.288,0.41,16,100,-1,0,,,,,,00:17:00,0.47,0.002082,21.227705,,
2026-07-08T15:01:43.276,Raspberry_Relieve1,,,39.37,0.512,20,100,-1,0,,,,,,00:17:00,0.62,0.00308,21.230785,,
2026-07-08T15:01:43.776,Raspberry_Relieve1,,,39.37,0.512,20,100,-1,0,,,,,,00:17:01,0.44,0.002418,21.233203,,
2026-07-08T15:01:44.276,Raspberry_Relieve1,,,39.883,-1.461,-58,100,14400,0,,,,,,00:17:01,0.57,-0.002982,21.23022,,
2026-07-08T15:01:44.776,Raspberry_Relieve1,,,39.883,-1.461,-58,100,14400,0,,,,,,00:17:02,0.43,-0.006994,21.223226,,
2026-07-08T15:01:45.276,Raspberry_Relieve1,,,39.385,-0.29,-11,100,14400,0,,,,,,00:17:02,0.59,-0.005643,21.217583,,
2026-07-08T15:01:45.776,Raspberry_Relieve1,,,39.385,-0.29,-11,100,14400,0,,,,,,00:17:03,0.44,-0.001347,21.216236,,
2026-07-08T15:01:46.276,Raspberry_Relieve1,,,39.37,1.385,55,100,-1,0,,,,,,00:17:03,0.42,0.002562,21.218798,,
2026-07-08T15:01:46.776,Raspberry_Relieve1,,,39.37,1.385,55,100,-1,0,,,,,,00:17:04,0.51,0.007741,21.22654,,
2026-07-08T15:01:47.277,Raspberry_Relieve1,,,39.755,-1.238,-49,100,14400,0,,,,,,00:17:04,0.63,0.000523,21.227063,,
2026-07-08T15:01:47.777,Raspberry_Relieve1,,,39.755,-1.238,-49,100,14400,0,,,,,,00:17:05,0.4,-0.005462,21.221601,,
2026-07-08T15:01:48.277,Raspberry_Relieve1,,,39.118,4.06,159,100,-1,0,,,,,,00:17:05,0.42,0.006359,21.22796,,
2026-07-08T15:01:48.777,Raspberry_Relieve1,,,39.118,4.06,159,100,-1,0,,,,,,00:17:06,0.53,0.023364,21.251323,,
2026-07-08T15:01:49.277,Raspberry_Relieve1,,,39.118,4.06,159,100,-1,0,,,,,,00:17:06,0.68,0.03012,21.281444,,
2026-07-08T15:01:49.777,Raspberry_Relieve1,,,39.309,0.654,26,100,-1,0,,,,,,00:17:07,0.37,0.009437,21.290881,,
2026-07-08T15:01:50.277,Raspberry_Relieve1,,,37.564,6.11,230,100,-1,0,,,,,,00:17:07,0.44,0.015575,21.306455,,
2026-07-08T15:01:50.777,Raspberry_Relieve1,,,37.564,6.11,230,100,-1,0,,,,,,00:17:08,0.64,0.040816,21.347272,,
2026-07-08T15:01:51.278,Raspberry_Relieve1,,,39.374,0.57,22,100,-1,0,,,,,,00:17:08,0.41,0.014273,21.361545,,
2026-07-08T15:01:51.778,Raspberry_Relieve1,,,39.374,0.57,22,100,-1,0,,,,,,00:17:09,0.57,0.003475,21.365019,,
2026-07-08T15:01:52.278,Raspberry_Relieve1,,,39.184,3.393,133,100,-1,0,,,,,,00:17:09,0.4,0.008679,21.373699,,
2026-07-08T15:01:52.778,Raspberry_Relieve1,,,39.184,3.393,133,100,-1,0,,,,,,00:17:10,0.49,0.01801,21.391709,,
2026-07-08T15:01:53.278,Raspberry_Relieve1,,,39.366,0.244,10,100,-1,0,,,,,,00:17:10,0.58,0.011507,21.403216,,
2026-07-08T15:01:53.778,Raspberry_Relieve1,,,39.366,0.244,10,100,-1,0,,,,,,00:17:11,0.48,0.001337,21.404553,,
2026-07-08T15:01:54.278,Raspberry_Relieve1,,,39.366,0,10,100,-1,0,,,,,,00:17:11,0.49,0.001357,21.40591,,
2026-07-08T15:01:54.778,Raspberry_Relieve1,,,39.366,0,10,100,-1,0,,,,,,00:17:12,0.43,0.001201,21.407112,,
2026-07-08T15:01:55.278,Raspberry_Relieve1,,,39.368,0,10,100,-1,0,,,,,,00:17:12,0.51,0.001413,21.408525,,
2026-07-08T15:01:55.779,Raspberry_Relieve1,,,39.368,0,10,100,-1,0,,,,,,00:17:13,0.5,0.001382,21.409907,,
2026-07-08T15:01:56.279,Raspberry_Relieve1,,,39.378,-0.772,-30,100,14400,0,,,,,,00:17:13,0.6,-0.001672,21.408235,,
2026-07-08T15:01:56.779,Raspberry_Relieve1,,,39.378,-0.772,-30,100,14400,0,,,,,,00:17:14,0.7,-0.005811,21.402423,,
2026-07-08T15:01:57.383,Raspberry_Relieve1,,,39.374,0,0,100,-1,0,,,,,,00:17:14,0.3,-0.001233,21.40119,,
2026-07-08T15:01:57.883,Raspberry_Relieve1,,,39.374,0,0,100,-1,0,,,,,,00:17:15,0.57,0,21.40119,,
2026-07-08T15:01:58.383,Raspberry_Relieve1,,,39.375,0,0,100,-1,0,,,,,,00:17:15,0.44,0,21.40119,,
2026-07-08T15:01:58.883,Raspberry_Relieve1,,,39.375,0,0,100,-1,0,,,,,,00:17:16,0.56,0,21.40119,,
2026-07-08T15:01:59.384,Raspberry_Relieve1,,,39.22,3.079,121,100,-1,0,,,,,,00:17:16,0.56,0.009441,21.410631,,
2026-07-08T15:01:59.884,Raspberry_Relieve1,,,39.22,3.079,121,100,-1,0,,,,,,00:17:17,0.51,0.017242,21.427873,,
2026-07-08T15:02:00.384,Raspberry_Relieve1,,,39.302,0.575,23,100,-1,0,,,,,,00:17:17,0.37,0.007368,21.435241,,
2026-07-08T15:02:00.884,Raspberry_Relieve1,,,39.302,0.575,23,100,-1,0,,,,,,00:17:18,0.57,0.003649,21.43889,,
2026-07-08T15:02:01.384,Raspberry_Relieve1,,,39.305,0.45,18,100,-1,0,,,,,,00:17:18,0.5,0.002851,21.441741,,
2026-07-08T15:02:01.884,Raspberry_Relieve1,,,39.305,0.45,18,100,-1,0,,,,,,00:17:19,0.51,0.002547,21.444288,,
2026-07-08T15:02:02.384,Raspberry_Relieve1,,,39.308,0.442,17,100,-1,0,,,,,,00:17:19,0.46,0.00226,21.446548,,
2026-07-08T15:02:02.884,Raspberry_Relieve1,,,39.308,0.442,17,100,-1,0,,,,,,00:17:20,0.49,0.002317,21.448865,,
2026-07-08T15:02:03.384,Raspberry_Relieve1,,,39.307,0.433,17,100,-1,0,,,,,,00:17:20,0.47,0.002221,21.451086,,
2026-07-08T15:02:03.884,Raspberry_Relieve1,,,39.307,0.433,17,100,-1,0,,,,,,00:17:21,0.5,0.002356,21.453442,,
2026-07-08T15:02:04.384,Raspberry_Relieve1,,,39.308,0.43,17,100,-1,0,,,,,,00:17:21,0.57,0.00267,21.456112,,
2026-07-08T15:02:04.884,Raspberry_Relieve1,,,39.308,0.43,17,100,-1,0,,,,,,00:17:22,0.43,0.002013,21.458125,,
2026-07-08T15:02:05.385,Raspberry_Relieve1,,,39.306,0.437,17,100,-1,0,,,,,,00:17:22,0.58,0.002724,21.460849,,
2026-07-08T15:02:05.885,Raspberry_Relieve1,,,39.306,0.437,17,100,-1,0,,,,,,00:17:23,0.45,0.002107,21.462955,,
2026-07-08T15:02:06.385,Raspberry_Relieve1,,,39.31,0.433,17,100,-1,0,,,,,,00:17:23,0.58,0.00272,21.465675,,
2026-07-08T15:02:06.885,Raspberry_Relieve1,,,39.31,0.433,17,100,-1,0,,,,,,00:17:24,0.45,0.002129,21.467803,,
2026-07-08T15:02:07.385,Raspberry_Relieve1,,,39.31,0.434,17,100,-1,0,,,,,,00:17:24,0.6,0.00283,21.470633,,
2026-07-08T15:02:07.885,Raspberry_Relieve1,,,39.31,0.434,17,100,-1,0,,,,,,00:17:25,0.47,0.002205,21.472838,,
2026-07-08T15:02:08.385,Raspberry_Relieve1,,,39.309,0.434,17,100,-1,0,,,,,,00:17:25,0.4,0.001871,21.474709,,
2026-07-08T15:02:08.885,Raspberry_Relieve1,,,39.309,0.434,17,100,-1,0,,,,,,00:17:26,0.5,0.002371,21.47708,,
2026-07-08T15:02:09.386,Raspberry_Relieve1,,,39.945,-2.399,-96,100,14400,0.001,,,,,,00:17:26,0.54,-0.005967,21.471113,,
2026-07-08T15:02:09.886,Raspberry_Relieve1,,,39.945,-2.399,-96,100,14400,0.001,,,,,,00:17:27,0.54,-0.014409,21.456704,,
2026-07-08T15:02:10.386,Raspberry_Relieve1,,,39.376,-0.253,-10,100,13787,0.001,,,,,,00:17:27,0.4,-0.005898,21.450806,,
2026-07-08T15:02:10.886,Raspberry_Relieve1,,,39.376,-0.253,-10,100,13787,0.001,,,,,,00:17:28,0.55,-0.001527,21.449279,,
2026-07-08T15:02:11.386,Raspberry_Relieve1,,,39.375,0,0,100,-1,0.001,,,,,,00:17:28,0.47,-0.000649,21.44863,,
2026-07-08T15:02:11.886,Raspberry_Relieve1,,,39.375,0,0,100,-1,0.001,,,,,,00:17:29,0.55,0,21.44863,,
2026-07-08T15:02:12.386,Raspberry_Relieve1,,,39.376,0,0,100,-1,0.001,,,,,,00:17:29,0.46,0,21.44863,,
2026-07-08T15:02:12.886,Raspberry_Relieve1,,,39.376,0,0,100,-1,0.001,,,,,,00:17:30,0.48,0,21.44863,,
2026-07-08T15:02:13.386,Raspberry_Relieve1,,,39.376,0,0,100,-1,0.001,,,,,,00:17:30,0.52,0,21.44863,,
2026-07-08T15:02:13.886,Raspberry_Relieve1,,,39.376,0,0,100,-1,0.001,,,,,,00:17:31,0.57,0,21.44863,,
2026-07-08T15:02:14.387,Raspberry_Relieve1,,,39.378,0,0,100,-1,0.001,,,,,,00:17:31,0.42,0,21.44863,,
2026-07-08T15:02:14.887,Raspberry_Relieve1,,,39.378,0,0,100,-1,0.001,,,,,,00:17:32,0.59,0,21.44863,,
2026-07-08T15:02:15.387,Raspberry_Relieve1,,,39.377,0,0,100,-1,0.001,,,,,,00:17:32,0.5,0,21.44863,,
2026-07-08T15:02:15.887,Raspberry_Relieve1,,,39.377,0,0,100,-1,0.001,,,,,,00:17:33,0.45,0,21.44863,,
2026-07-08T15:02:16.387,Raspberry_Relieve1,,,39.378,0,0,100,-1,0.001,,,,,,00:17:33,0.47,0,21.44863,,
2026-07-08T15:02:16.887,Raspberry_Relieve1,,,39.378,0,0,100,-1,0.001,,,,,,00:17:34,0.57,0,21.44863,,
2026-07-08T15:02:17.387,Raspberry_Relieve1,,,39.378,0,0,100,-1,0.001,,,,,,00:17:34,0.49,0,21.44863,,
2026-07-08T15:02:17.887,Raspberry_Relieve1,,,39.378,0,0,100,-1,0.001,,,,,,00:17:35,0.51,0,21.44863,,
2026-07-08T15:02:18.387,Raspberry_Relieve1,,,39.381,0,0,100,-1,0.001,,,,,,00:17:35,0.42,0,21.44863,,
2026-07-08T15:02:18.888,Raspberry_Relieve1,,,39.381,0,0,100,-1,0.001,,,,,,00:17:36,0.58,0,21.44863,,
2026-07-08T15:02:19.388,Raspberry_Relieve1,,,39.38,0,0,100,-1,0.001,,,,,,00:17:36,0.52,0,21.44863,,
2026-07-08T15:02:19.888,Raspberry_Relieve1,,,39.38,0,0,100,-1,0.001,,,,,,00:17:37,0.41,0,21.44863,,
2026-07-08T15:02:20.388,Raspberry_Relieve1,,,39.381,0,0,100,-1,0.001,,,,,,00:17:37,0.63,0,21.44863,,
2026-07-08T15:02:20.888,Raspberry_Relieve1,,,39.381,0,0,100,-1,0.001,,,,,,00:17:38,0.44,0,21.44863,,
2026-07-08T15:02:21.388,Raspberry_Relieve1,,,39.38,0,0,100,-1,0.001,,,,,,00:17:38,0.51,0,21.44863,,
2026-07-08T15:02:21.888,Raspberry_Relieve1,,,39.38,0,0,100,-1,0.001,,,,,,00:17:39,0.52,0,21.44863,,
2026-07-08T15:02:22.388,Raspberry_Relieve1,,,39.382,0,0,100,-1,0.001,,,,,,00:17:39,0.47,0,21.44863,,
2026-07-08T15:02:22.888,Raspberry_Relieve1,,,39.382,0,0,100,-1,0.001,,,,,,00:17:40,0.62,0,21.44863,,
2026-07-08T15:02:23.389,Raspberry_Relieve1,,,39.383,0,0,100,-1,0.001,,,,,,00:17:40,0.4,0,21.44863,,
2026-07-08T15:02:23.889,Raspberry_Relieve1,,,39.383,0,0,100,-1,0.001,,,,,,00:17:41,0.41,0,21.44863,,
2026-07-08T15:02:24.389,Raspberry_Relieve1,,,39.382,0,0,100,-1,0.001,,,,,,00:17:41,0.58,0,21.44863,,
2026-07-08T15:02:24.889,Raspberry_Relieve1,,,39.382,0,0,100,-1,0.001,,,,,,00:17:42,0.42,0,21.44863,,
2026-07-08T15:02:25.389,Raspberry_Relieve1,,,39.383,0,0,100,-1,0.001,,,,,,00:17:42,0.59,0,21.44863,,
2026-07-08T15:02:25.889,Raspberry_Relieve1,,,39.383,0,0,100,-1,0.001,,,,,,00:17:43,0.52,0,21.44863,,
2026-07-08T15:02:26.389,Raspberry_Relieve1,,,39.382,0,0,100,-1,0.001,,,,,,00:17:43,0.5,0,21.44863,,
2026-07-08T15:02:26.889,Raspberry_Relieve1,,,39.382,0,0,100,-1,0.001,,,,,,00:17:44,0.5,0,21.44863,,
2026-07-08T15:02:27.390,Raspberry_Relieve1,,,39.382,0,0,100,-1,0.001,,,,,,00:17:44,0.52,0,21.44863,,
2026-07-08T15:02:27.890,Raspberry_Relieve1,,,39.382,0,0,100,-1,0.001,,,,,,00:17:45,0.66,0,21.44863,,
2026-07-08T15:02:28.475,Raspberry_Relieve1,,,39.382,0,0,100,-1,0.001,,,,,,00:17:46,0.43,0,21.44863,,
2026-07-08T15:02:28.975,Raspberry_Relieve1,,,39.382,0,0,100,-1,0.001,,,,,,00:17:46,0.39,0,21.44863,,
2026-07-08T15:02:29.475,Raspberry_Relieve1,,,39.384,0,0,100,-1,0.001,,,,,,00:17:47,0.55,0,21.44863,,
2026-07-08T15:02:29.975,Raspberry_Relieve1,,,39.384,0,0,100,-1,0.001,,,,,,00:17:47,0.65,0,21.44863,,
2026-07-08T15:02:30.494,Raspberry_Relieve1,,,39.383,0,0,100,-1,0.001,,,,,,00:17:48,0.35,0,21.44863,,
2026-07-08T15:02:30.994,Raspberry_Relieve1,,,39.383,0,0,100,-1,0.001,,,,,,00:17:48,0.55,0,21.44863,,
2026-07-08T15:02:31.494,Raspberry_Relieve1,,,39.384,0,0,100,-1,0.001,,,,,,00:17:49,0.5,0,21.44863,,
2026-07-08T15:02:31.994,Raspberry_Relieve1,,,39.384,0,0,100,-1,0.001,,,,,,00:17:49,0.39,0,21.44863,,
2026-07-08T15:02:32.494,Raspberry_Relieve1,,,39.383,0,0,100,-1,0.001,,,,,,00:17:49,0.52,0,21.44863,,
2026-07-08T15:02:32.994,Raspberry_Relieve1,,,39.383,0,0,100,-1,0.001,,,,,,00:17:50,0.53,0,21.44863,,
2026-07-08T15:02:33.495,Raspberry_Relieve1,,,39.384,0,0,100,-1,0.001,,,,,,00:17:51,0.54,0,21.44863,,
2026-07-08T15:02:33.995,Raspberry_Relieve1,,,39.384,0,0,100,-1,0.001,,,,,,00:17:51,0.47,0,21.44863,,
2026-07-08T15:02:34.495,Raspberry_Relieve1,,,39.386,0,0,100,-1,0.001,,,,,,00:17:52,0.54,0,21.44863,,
2026-07-08T15:02:34.995,Raspberry_Relieve1,,,39.386,0,0,100,-1,0.001,,,,,,00:17:52,0.51,0,21.44863,,
2026-07-08T15:02:35.495,Raspberry_Relieve1,,,39.385,0,0,100,-1,0.001,,,,,,00:17:53,0.45,0,21.44863,,
2026-07-08T15:02:35.995,Raspberry_Relieve1,,,39.385,0,0,100,-1,0.001,,,,,,00:17:53,0.52,0,21.44863,,
2026-07-08T15:02:36.495,Raspberry_Relieve1,,,39.385,0,0,100,-1,0.001,,,,,,00:17:54,0.49,0,21.44863,,
2026-07-08T15:02:36.995,Raspberry_Relieve1,,,39.385,0,0,100,-1,0.001,,,,,,00:17:54,0.53,0,21.44863,,
2026-07-08T15:02:37.496,Raspberry_Relieve1,,,39.385,0,0,100,-1,0.001,,,,,,00:17:54,0.4,0,21.44863,,
2026-07-08T15:02:37.996,Raspberry_Relieve1,,,39.385,0,0,100,-1,0.001,,,,,,00:17:55,0.57,0,21.44863,,
2026-07-08T15:02:38.496,Raspberry_Relieve1,,,39.386,0,0,100,-1,0.001,,,,,,00:17:56,0.49,0,21.44863,,
2026-07-08T15:02:38.996,Raspberry_Relieve1,,,39.386,0,0,100,-1,0.001,,,,,,00:17:56,0.45,0,21.44863,,
2026-07-08T15:02:39.496,Raspberry_Relieve1,,,39.386,0,0,100,-1,0.001,,,,,,00:17:56,0.5,0,21.44863,,
2026-07-08T15:02:39.996,Raspberry_Relieve1,,,39.386,0,0,100,-1,0.001,,,,,,00:17:57,0.59,0,21.44863,,
2026-07-08T15:02:40.496,Raspberry_Relieve1,,,39.386,0,0,100,-1,0.001,,,,,,00:17:58,0.5,0,21.44863,,
2026-07-08T15:02:40.996,Raspberry_Relieve1,,,39.386,0,0,100,-1,0.001,,,,,,00:17:58,0.42,0,21.44863,,
2026-07-08T15:02:41.496,Raspberry_Relieve1,,,39.388,0,0,100,-1,0.001,,,,,,00:17:59,0.58,0,21.44863,,
2026-07-08T15:02:41.997,Raspberry_Relieve1,,,39.388,0,0,100,-1,0.001,,,,,,00:17:59,0.42,0,21.44863,,
2026-07-08T15:02:42.497,Raspberry_Relieve1,,,39.388,0,0,100,-1,0.001,,,,,,00:17:59,0.51,0,21.44863,,
2026-07-08T15:02:42.997,Raspberry_Relieve1,,,39.388,0,0,100,-1,0.001,,,,,,00:18:00,0.56,0,21.44863,,
2026-07-08T15:02:43.497,Raspberry_Relieve1,,,39.386,0,0,100,-1,0.001,,,,,,00:18:01,0.56,0,21.44863,,
2026-07-08T15:02:43.997,Raspberry_Relieve1,,,39.386,0,0,100,-1,0.001,,,,,,00:18:01,0.4,0,21.44863,,
2026-07-08T15:02:44.497,Raspberry_Relieve1,,,39.388,0,0,100,-1,0.001,,,,,,00:18:02,0.52,0,21.44863,,
2026-07-08T15:02:44.997,Raspberry_Relieve1,,,39.388,0,0,100,-1,0.001,,,,,,00:18:02,0.48,0,21.44863,,
2026-07-08T15:02:45.497,Raspberry_Relieve1,,,39.387,0,0,100,-1,0.001,,,,,,00:18:03,0.55,0,21.44863,,
2026-07-08T15:02:45.998,Raspberry_Relieve1,,,39.387,0,0,100,-1,0.001,,,,,,00:18:03,0.43,0,21.44863,,
2026-07-08T15:02:46.498,Raspberry_Relieve1,,,39.387,0,0,100,-1,0.001,,,,,,00:18:04,0.56,0,21.44863,,
2026-07-08T15:02:46.998,Raspberry_Relieve1,,,39.387,0,0,100,-1,0.001,,,,,,00:18:04,0.5,0,21.44863,,
2026-07-08T15:02:47.498,Raspberry_Relieve1,,,39.386,0,0,100,-1,0.001,,,,,,00:18:04,0.46,0,21.44863,,
2026-07-08T15:02:47.998,Raspberry_Relieve1,,,39.386,0,0,100,-1,0.001,,,,,,00:18:05,0.57,0,21.44863,,
2026-07-08T15:02:48.498,Raspberry_Relieve1,,,39.388,0,0,100,-1,0.001,,,,,,00:18:06,0.5,0,21.44863,,
2026-07-08T15:02:48.998,Raspberry_Relieve1,,,39.388,0,0,100,-1,0.001,,,,,,00:18:06,0.51,0,21.44863,,
2026-07-08T15:02:49.498,Raspberry_Relieve1,,,39.388,0,0,100,-1,0.001,,,,,,00:18:07,0.49,0,21.44863,,
2026-07-08T15:02:49.998,Raspberry_Relieve1,,,39.388,0,0,100,-1,0.001,,,,,,00:18:07,0.47,0,21.44863,,
2026-07-08T15:02:50.499,Raspberry_Relieve1,,,39.388,0,0,100,-1,0.001,,,,,,00:18:07,0.46,0,21.44863,,
2026-07-08T15:02:50.999,Raspberry_Relieve1,,,39.389,0,0,100,-1,0.001,,,,,,00:18:08,0.5,0,21.44863,,
2026-07-08T15:02:51.672,Raspberry_Relieve1,,,39.389,0,0,100,-1,0.001,,,,,,00:18:09,0.75,0,21.44863,,
2026-07-08T15:02:52.173,Raspberry_Relieve1,,,39.389,0,0,100,-1,0.001,,,,,,00:18:09,0.51,0,21.44863,,
2026-07-08T15:02:52.673,Raspberry_Relieve1,,,39.389,0,0,100,-1,0.001,,,,,,00:18:10,0.51,0,21.44863,,
2026-07-08T15:02:53.173,Raspberry_Relieve1,,,39.388,0,0,100,-1,0.001,,,,,,00:18:10,0.49,0,21.44863,,
2026-07-08T15:02:53.673,Raspberry_Relieve1,,,39.388,0,0,100,-1,0.001,,,,,,00:18:11,0.47,0,21.44863,,
2026-07-08T15:02:54.173,Raspberry_Relieve1,,,39.389,0,0,100,-1,0.001,,,,,,00:18:11,0.44,0,21.44863,,
2026-07-08T15:02:54.673,Raspberry_Relieve1,,,39.389,0,0,100,-1,0.001,,,,,,00:18:12,0.56,0,21.44863,,
2026-07-08T15:02:55.173,Raspberry_Relieve1,,,39.39,0,0,100,-1,0.001,,,,,,00:18:12,0.42,0,21.44863,,
2026-07-08T15:02:55.673,Raspberry_Relieve1,,,39.39,0,0,100,-1,0.001,,,,,,00:18:13,0.62,0,21.44863,,
2026-07-08T15:02:56.174,Raspberry_Relieve1,,,39.389,0,0,100,-1,0.001,,,,,,00:18:13,0.43,0,21.44863,,
2026-07-08T15:02:56.674,Raspberry_Relieve1,,,39.389,0,0,100,-1,0.001,,,,,,00:18:14,0.52,0,21.44863,,
2026-07-08T15:02:57.174,Raspberry_Relieve1,,,39.389,0,0,100,-1,0.001,,,,,,00:18:14,0.49,0,21.44863,,
2026-07-08T15:02:57.674,Raspberry_Relieve1,,,39.389,0,0,100,-1,0.001,,,,,,00:18:15,0.51,0,21.44863,,
2026-07-08T15:02:58.174,Raspberry_Relieve1,,,39.389,0,0,100,-1,0.001,,,,,,00:18:15,0.52,0,21.44863,,
2026-07-08T15:02:58.674,Raspberry_Relieve1,,,39.389,0,0,100,-1,0.001,,,,,,00:18:16,0.49,0,21.44863,,
2026-07-08T15:02:59.174,Raspberry_Relieve1,,,39.389,0,0,100,-1,0.001,,,,,,00:18:16,0.44,0,21.44863,,
2026-07-08T15:02:59.675,Raspberry_Relieve1,,,39.389,0,0,100,-1,0.001,,,,,,00:18:17,0.59,0,21.44863,,
2026-07-08T15:03:00.175,Raspberry_Relieve1,,,39.39,0,0,100,-1,0.001,,,,,,00:18:17,0.4,0,21.44863,,
2026-07-08T15:03:00.675,Raspberry_Relieve1,,,39.39,0,0,100,-1,0.001,,,,,,00:18:18,0.5,0,21.44863,,
2026-07-08T15:03:01.175,Raspberry_Relieve1,,,39.39,0,0,100,-1,0.001,,,,,,00:18:18,0.56,0,21.44863,,
2026-07-08T15:03:01.675,Raspberry_Relieve1,,,39.39,0,0,100,-1,0.001,,,,,,00:18:19,0.56,0,21.44863,,
2026-07-08T15:03:02.175,Raspberry_Relieve1,,,39.391,0,0,100,-1,0.001,,,,,,00:18:19,0.37,0,21.44863,,
2026-07-08T15:03:02.675,Raspberry_Relieve1,,,39.391,0,0,100,-1,0.001,,,,,,00:18:20,0.59,0,21.44863,,
2026-07-08T15:03:03.175,Raspberry_Relieve1,,,39.39,0,0,100,-1,0.001,,,,,,00:18:20,0.56,0,21.44863,,
2026-07-08T15:03:03.675,Raspberry_Relieve1,,,39.39,0,0,100,-1,0.001,,,,,,00:18:21,0.35,0,21.44863,,
2026-07-08T15:03:04.175,Raspberry_Relieve1,,,39.39,0,0,100,-1,0.001,,,,,,00:18:21,0.6,0,21.44863,,
2026-07-08T15:03:04.675,Raspberry_Relieve1,,,39.39,0,0,100,-1,0.001,,,,,,00:18:22,0.52,0,21.44863,,
2026-07-08T15:03:05.176,Raspberry_Relieve1,,,39.389,0,0,100,-1,0.001,,,,,,00:18:22,0.52,0,21.44863,,
2026-07-08T15:03:05.676,Raspberry_Relieve1,,,39.389,0,0,100,-1,0.001,,,,,,00:18:23,0.43,0,21.44863,,
2026-07-08T15:03:06.176,Raspberry_Relieve1,,,39.391,0,0,100,-1,0.001,,,,,,00:18:23,0.53,0,21.44863,,
2026-07-08T15:03:06.676,Raspberry_Relieve1,,,39.391,0,0,100,-1,0.001,,,,,,00:18:24,0.46,0,21.44863,,
2026-07-08T15:03:07.176,Raspberry_Relieve1,,,39.391,0,0,100,-1,0.001,,,,,,00:18:25,0.88,0,21.44863,,
2026-07-08T15:03:07.993,Raspberry_Relieve1,,,39.392,0,0,100,-1,0.001,,,,,,00:18:25,0.51,0,21.44863,,
2026-07-08T15:03:08.493,Raspberry_Relieve1,,,39.392,0,0,100,-1,0.001,,,,,,00:18:26,0.52,0,21.44863,,
2026-07-08T15:03:08.993,Raspberry_Relieve1,,,39.392,0,0,100,-1,0.001,,,,,,00:18:26,0.37,0,21.44863,,
2026-07-08T15:03:09.494,Raspberry_Relieve1,,,39.392,0,0,100,-1,0.001,,,,,,00:18:27,0.66,0,21.44863,,
2026-07-08T15:03:09.994,Raspberry_Relieve1,,,39.391,0,0,100,-1,0.001,,,,,,00:18:27,0.34,0,21.44863,,
2026-07-08T15:03:10.494,Raspberry_Relieve1,,,39.391,0,0,100,-1,0.001,,,,,,00:18:28,0.69,0,21.44863,,
2026-07-08T15:03:10.994,Raspberry_Relieve1,,,39.392,0,0,100,-1,0.001,,,,,,00:18:28,0.31,0,21.44863,,
2026-07-08T15:03:11.494,Raspberry_Relieve1,,,39.392,0,0,100,-1,0.001,,,,,,00:18:29,0.55,0,21.44863,,
2026-07-08T15:03:11.994,Raspberry_Relieve1,,,39.392,0,0,100,-1,0.001,,,,,,00:18:29,0.53,0,21.44863,,
2026-07-08T15:03:12.494,Raspberry_Relieve1,,,39.392,0,0,100,-1,0.001,,,,,,00:18:30,0.49,0,21.44863,,
2026-07-08T15:03:12.994,Raspberry_Relieve1,,,39.392,0,0,100,-1,0.001,,,,,,00:18:30,0.52,0,21.44863,,
2026-07-08T15:03:13.494,Raspberry_Relieve1,,,39.392,0,0,100,-1,0.001,,,,,,00:18:31,0.55,0,21.44863,,
2026-07-08T15:03:13.995,Raspberry_Relieve1,,,39.39,0,0,100,-1,0.001,,,,,,00:18:31,0.37,0,21.44863,,
2026-07-08T15:03:14.495,Raspberry_Relieve1,,,39.39,0,0,100,-1,0.001,,,,,,00:18:32,0.58,0,21.44863,,
2026-07-08T15:03:14.995,Raspberry_Relieve1,,,39.392,0,0,100,-1,0.001,,,,,,00:18:32,0.48,0,21.44863,,
2026-07-08T15:03:15.495,Raspberry_Relieve1,,,39.392,0,0,100,-1,0.001,,,,,,00:18:33,0.49,0,21.44863,,
2026-07-08T15:03:15.995,Raspberry_Relieve1,,,39.393,0,0,100,-1,0.001,,,,,,00:18:33,0.62,0,21.44863,,
2026-07-08T15:03:16.495,Raspberry_Relieve1,,,39.393,0,0,100,-1,0.001,,,,,,00:18:34,0.41,0,21.44863,,
2026-07-08T15:03:16.995,Raspberry_Relieve1,,,39.392,0,0,100,-1,0.001,,,,,,00:18:34,0.52,0,21.44863,,
2026-07-08T15:03:17.495,Raspberry_Relieve1,,,39.392,0,0,100,-1,0.001,,,,,,00:18:35,0.53,0,21.44863,,
2026-07-08T15:03:17.995,Raspberry_Relieve1,,,39.394,0,0,100,-1,0.001,,,,,,00:18:35,0.45,0,21.44863,,
2026-07-08T15:03:18.496,Raspberry_Relieve1,,,39.394,0,0,100,-1,0.001,,,,,,00:18:36,0.49,0,21.44863,,
2026-07-08T15:03:18.996,Raspberry_Relieve1,,,39.392,0,0,100,-1,0.001,,,,,,00:18:36,0.42,0,21.44863,,
2026-07-08T15:03:19.496,Raspberry_Relieve1,,,39.392,0,0,100,-1,0.001,,,,,,00:18:36,0.53,0,21.44863,,
2026-07-08T15:03:19.996,Raspberry_Relieve1,,,39.391,0,0,100,-1,0.001,,,,,,00:18:37,0.48,0,21.44863,,
2026-07-08T15:03:20.496,Raspberry_Relieve1,,,39.391,0,0,100,-1,0.001,,,,,,00:18:38,0.56,0,21.44863,,
2026-07-08T15:03:20.996,Raspberry_Relieve1,,,39.393,0,0,100,-1,0.001,,,,,,00:18:38,0.51,0,21.44863,,
2026-07-08T15:03:21.496,Raspberry_Relieve1,,,39.393,0,0,100,-1,0.001,,,,,,00:18:39,0.48,0,21.44863,,
2026-07-08T15:03:21.996,Raspberry_Relieve1,,,39.392,0,0,100,-1,0.001,,,,,,00:18:39,0.44,0,21.44863,,
2026-07-08T15:03:22.496,Raspberry_Relieve1,,,39.392,0,0,100,-1,0.001,,,,,,00:18:40,0.56,0,21.44863,,
2026-07-08T15:03:22.997,Raspberry_Relieve1,,,39.391,0,0,100,-1,0.001,,,,,,00:18:40,0.44,0,21.44863,,
2026-07-08T15:03:23.497,Raspberry_Relieve1,,,39.391,0,0,100,-1,0.001,,,,,,00:18:40,0.5,0,21.44863,,
2026-07-08T15:03:23.997,Raspberry_Relieve1,,,39.391,0,0,100,-1,0.001,,,,,,00:18:41,0.51,0,21.44863,,
2026-07-08T15:03:24.497,Raspberry_Relieve1,,,39.391,0,0,100,-1,0.001,,,,,,00:18:42,0.57,0,21.44863,,
2026-07-08T15:03:24.997,Raspberry_Relieve1,,,39.391,0,0,100,-1,0.001,,,,,,00:18:42,0.53,0,21.44863,,
2026-07-08T15:03:25.497,Raspberry_Relieve1,,,39.391,0,0,100,-1,0.001,,,,,,00:18:43,0.47,0,21.44863,,
2026-07-08T15:03:25.997,Raspberry_Relieve1,,,39.393,0,0,100,-1,0.001,,,,,,00:18:43,0.44,0,21.44863,,
2026-07-08T15:03:26.497,Raspberry_Relieve1,,,39.393,0,0,100,-1,0.001,,,,,,00:18:44,0.56,0,21.44863,,
2026-07-08T15:03:26.997,Raspberry_Relieve1,,,39.394,0,0,100,-1,0.001,,,,,,00:18:44,0.47,0,21.44863,,
2026-07-08T15:03:27.498,Raspberry_Relieve1,,,39.394,0,0,100,-1,0.001,,,,,,00:18:45,0.56,0,21.44863,,
2026-07-08T15:03:27.998,Raspberry_Relieve1,,,39.393,0,0,100,-1,0.001,,,,,,00:18:45,0.4,0,21.44863,,
2026-07-08T15:03:28.498,Raspberry_Relieve1,,,39.393,0,0,100,-1,0.001,,,,,,00:18:46,0.62,0,21.44863,,
2026-07-08T15:03:28.998,Raspberry_Relieve1,,,39.393,0,0,100,-1,0.001,,,,,,00:18:46,0.4,0,21.44863,,
2026-07-08T15:03:29.498,Raspberry_Relieve1,,,39.393,0,0,100,-1,0.001,,,,,,00:18:46,0.49,0,21.44863,,
2026-07-08T15:03:29.998,Raspberry_Relieve1,,,39.392,0,0,100,-1,0.001,,,,,,00:18:47,0.51,0,21.44863,,
2026-07-08T15:03:30.498,Raspberry_Relieve1,,,39.392,0,0,100,-1,0.001,,,,,,00:18:47,0.48,0,21.44863,,
2026-07-08T15:03:30.998,Raspberry_Relieve1,,,39.393,0,0,100,-1,0.001,,,,,,00:18:48,0.6,0,21.44863,,
2026-07-08T15:03:31.499,Raspberry_Relieve1,,,39.393,0,0,100,-1,0.001,,,,,,00:18:48,0.43,0,21.44863,,
2026-07-08T15:03:31.999,Raspberry_Relieve1,,,39.392,0,0,100,-1,0.001,,,,,,00:18:49,0.6,0,21.44863,,
2026-07-08T15:03:32.499,Raspberry_Relieve1,,,39.392,0,0,100,-1,0.001,,,,,,00:18:50,0.48,0,21.44863,,
2026-07-08T15:03:32.999,Raspberry_Relieve1,,,39.393,0,0,100,-1,0.001,,,,,,00:18:50,0.39,0,21.44863,,
2026-07-08T15:03:33.499,Raspberry_Relieve1,,,39.393,0,0,100,-1,0.001,,,,,,00:18:51,0.56,0,21.44863,,
2026-07-08T15:03:33.999,Raspberry_Relieve1,,,39.393,0,0,100,-1,0.001,,,,,,00:18:51,0.43,0,21.44863,,
2026-07-08T15:03:34.499,Raspberry_Relieve1,,,39.393,0,0,100,-1,0.001,,,,,,00:18:52,0.62,0,21.44863,,
2026-07-08T15:03:34.999,Raspberry_Relieve1,,,39.393,0,0,100,-1,0.001,,,,,,00:18:52,0.53,0,21.44863,,
2026-07-08T15:03:35.499,Raspberry_Relieve1,,,39.393,0,0,100,-1,0.001,,,,,,00:18:53,0.49,0,21.44863,,
2026-07-08T15:03:35.999,Raspberry_Relieve1,,,39.394,0,0,100,-1,0.001,,,,,,00:18:53,0.51,0,21.44863,,
2026-07-08T15:03:36.500,Raspberry_Relieve1,,,39.394,0,0,100,-1,0.001,,,,,,00:18:54,0.41,0,21.44863,,
2026-07-08T15:03:36.999,Raspberry_Relieve1,,,39.392,0,0,100,-1,0.001,,,,,,00:18:54,0.52,0,21.44863,,
2026-07-08T15:03:37.500,Raspberry_Relieve1,,,39.392,0,0,100,-1,0.001,,,,,,00:18:55,0.52,0,21.44863,,
2026-07-08T15:03:37.999,Raspberry_Relieve1,,,39.392,0,0,100,-1,0.001,,,,,,00:18:55,0.54,0,21.44863,,
2026-07-08T15:03:38.500,Raspberry_Relieve1,,,39.392,0,0,100,-1,0.001,,,,,,00:18:56,0.41,0,21.44863,,
2026-07-08T15:03:39.000,Raspberry_Relieve1,,,39.393,0,0,100,-1,0.001,,,,,,00:18:56,0.47,0,21.44863,,
2026-07-08T15:03:39.500,Raspberry_Relieve1,,,39.393,0,0,100,-1,0.001,,,,,,00:18:57,0.56,0,21.44863,,
2026-07-08T15:03:40.000,Raspberry_Relieve1,,,39.394,0,0,100,-1,0.001,,,,,,00:18:57,0.48,0,21.44863,,
2026-07-08T15:03:40.500,Raspberry_Relieve1,,,39.394,0,0,100,-1,0.001,,,,,,00:18:57,0.45,0,21.44863,,
2026-07-08T15:03:41.001,Raspberry_Relieve1,,,39.394,0,0,100,-1,0.001,,,,,,00:18:58,0.58,0,21.44863,,
2026-07-08T15:03:41.501,Raspberry_Relieve1,,,39.394,0,0,100,-1,0.001,,,,,,00:18:59,0.52,0,21.44863,,
2026-07-08T15:03:42.001,Raspberry_Relieve1,,,39.393,0,0,100,-1,0.001,,,,,,00:18:59,0.48,0,21.44863,,
2026-07-08T15:03:42.501,Raspberry_Relieve1,,,39.393,0,0,100,-1,0.001,,,,,,00:18:59,0.41,0,21.44863,,
2026-07-08T15:03:43.001,Raspberry_Relieve1,,,39.393,0,0,100,-1,0.001,,,,,,00:19:00,0.6,0,21.44863,,
2026-07-08T15:03:43.501,Raspberry_Relieve1,,,39.393,0,0,100,-1,0.001,,,,,,00:19:01,0.52,0,21.44863,,
2026-07-08T15:03:44.001,Raspberry_Relieve1,,,39.393,0,0,100,-1,0.001,,,,,,00:19:01,0.43,0,21.44863,,
2026-07-08T15:03:44.501,Raspberry_Relieve1,,,39.393,0,0,100,-1,0.001,,,,,,00:19:02,0.53,0,21.44863,,
2026-07-08T15:03:45.002,Raspberry_Relieve1,,,39.394,0,0,100,-1,0.001,,,,,,00:19:02,0.44,0,21.44863,,
2026-07-08T15:03:45.502,Raspberry_Relieve1,,,39.394,0,0,100,-1,0.001,,,,,,00:19:03,0.58,0,21.44863,,
2026-07-08T15:03:46.002,Raspberry_Relieve1,,,39.392,0,0,100,-1,0.001,,,,,,00:19:03,0.51,0,21.44863,,
2026-07-08T15:03:46.502,Raspberry_Relieve1,,,39.392,0,0,100,-1,0.001,,,,,,00:19:04,0.5,0,21.44863,,
2026-07-08T15:03:47.002,Raspberry_Relieve1,,,39.394,0,0,100,-1,0.001,,,,,,00:19:04,0.48,0,21.44863,,
2026-07-08T15:03:47.502,Raspberry_Relieve1,,,39.394,0,0,100,-1,0.001,,,,,,00:19:05,0.53,0,21.44863,,
2026-07-08T15:03:48.002,Raspberry_Relieve1,,,39.393,0,0,100,-1,0.001,,,,,,00:19:05,0.45,0,21.44863,,
2026-07-08T15:03:48.502,Raspberry_Relieve1,,,39.393,0,0,100,-1,0.001,,,,,,00:19:05,0.45,0,21.44863,,
2026-07-08T15:03:49.003,Raspberry_Relieve1,,,39.394,0,0,100,-1,0.001,,,,,,00:19:06,0.57,0,21.44863,,
2026-07-08T15:03:49.503,Raspberry_Relieve1,,,39.394,0,0,100,-1,0.001,,,,,,00:19:07,0.55,0,21.44863,,
2026-07-08T15:03:50.003,Raspberry_Relieve1,,,39.394,0,0,100,-1,0.001,,,,,,00:19:07,0.38,0,21.44863,,
2026-07-08T15:03:50.503,Raspberry_Relieve1,,,39.394,0,0,100,-1,0.001,,,,,,00:19:08,0.58,0,21.44863,,
2026-07-08T15:03:51.003,Raspberry_Relieve1,,,39.395,0,0,100,-1,0.001,,,,,,00:19:08,0.47,0,21.44863,,
2026-07-08T15:03:51.503,Raspberry_Relieve1,,,39.395,0,0,100,-1,0.001,,,,,,00:19:08,0.46,0,21.44863,,
2026-07-08T15:03:52.003,Raspberry_Relieve1,,,39.393,0,0,100,-1,0.001,,,,,,00:19:09,0.56,0,21.44863,,
2026-07-08T15:03:52.503,Raspberry_Relieve1,,,39.393,0,0,100,-1,0.001,,,,,,00:19:10,0.52,0,21.44863,,
2026-07-08T15:03:53.004,Raspberry_Relieve1,,,39.394,0,0,100,-1,0.001,,,,,,00:19:10,0.42,0,21.44863,,
2026-07-08T15:03:53.504,Raspberry_Relieve1,,,39.394,0,0,100,-1,0.001,,,,,,00:19:11,0.52,0,21.44863,,
2026-07-08T15:03:54.004,Raspberry_Relieve1,,,39.393,0,0,100,-1,0.001,,,,,,00:19:11,0.53,0,21.44863,,
2026-07-08T15:03:54.504,Raspberry_Relieve1,,,39.393,0,0,100,-1,0.001,,,,,,00:19:12,0.51,0,21.44863,,
2026-07-08T15:03:55.004,Raspberry_Relieve1,,,39.392,0,0,100,-1,0.001,,,,,,00:19:12,0.41,0,21.44863,,
2026-07-08T15:03:55.504,Raspberry_Relieve1,,,39.392,0,0,100,-1,0.001,,,,,,00:19:13,0.61,0,21.44863,,
2026-07-08T15:03:56.004,Raspberry_Relieve1,,,39.393,0,0,100,-1,0.001,,,,,,00:19:13,0.52,0,21.44863,,
2026-07-08T15:03:56.505,Raspberry_Relieve1,,,39.393,0,0,100,-1,0.001,,,,,,00:19:14,0.46,0,21.44863,,
2026-07-08T15:03:57.005,Raspberry_Relieve1,,,39.395,0,0,100,-1,0.001,,,,,,00:19:14,0.5,0,21.44863,,
2026-07-08T15:03:57.505,Raspberry_Relieve1,,,39.395,0,0,100,-1,0.001,,,,,,00:19:15,0.56,0,21.44863,,
2026-07-08T15:03:58.005,Raspberry_Relieve1,,,39.394,0,0,100,-1,0.001,,,,,,00:19:15,0.38,0,21.44863,,
2026-07-08T15:03:58.505,Raspberry_Relieve1,,,39.394,0,0,100,-1,0.001,,,,,,00:19:16,0.53,0,21.44863,,
2026-07-08T15:03:59.005,Raspberry_Relieve1,,,39.394,0,0,100,-1,0.001,,,,,,00:19:16,0.51,0,21.44863,,
2026-07-08T15:03:59.505,Raspberry_Relieve1,,,39.394,0,0,100,-1,0.001,,,,,,00:19:17,0.54,0,21.44863,,
2026-07-08T15:04:00.005,Raspberry_Relieve1,,,39.394,0,0,100,-1,0.001,,,,,,00:19:17,0.49,0,21.44863,,
2026-07-08T15:04:00.505,Raspberry_Relieve1,,,39.394,0,0,100,-1,0.001,,,,,,00:19:18,0.56,0,21.44863,,
2026-07-08T15:04:01.005,Raspberry_Relieve1,,,39.395,0,0,100,-1,0.001,,,,,,00:19:18,0.43,0,21.44863,,
2026-07-08T15:04:01.506,Raspberry_Relieve1,,,39.395,0,0,100,-1,0.001,,,,,,00:19:19,0.54,0,21.44863,,
2026-07-08T15:04:02.006,Raspberry_Relieve1,,,39.393,0,0,100,-1,0.001,,,,,,00:19:19,0.38,0,21.44863,,
2026-07-08T15:04:02.506,Raspberry_Relieve1,,,39.393,0,0,100,-1,0.001,,,,,,00:19:20,0.61,0,21.44863,,
2026-07-08T15:04:03.006,Raspberry_Relieve1,,,39.394,0,0,100,-1,0.001,,,,,,00:19:20,0.44,0,21.44863,,
2026-07-08T15:04:03.506,Raspberry_Relieve1,,,39.394,0,0,100,-1,0.001,,,,,,00:19:20,0.46,0,21.44863,,
2026-07-08T15:04:04.006,Raspberry_Relieve1,,,39.394,0,0,100,-1,0.001,,,,,,00:19:21,0.61,0,21.44863,,
2026-07-08T15:04:04.506,Raspberry_Relieve1,,,39.394,0,0,100,-1,0.001,,,,,,00:19:22,0.46,0,21.44863,,
2026-07-08T15:04:05.006,Raspberry_Relieve1,,,39.393,0,0,100,-1,0.001,,,,,,00:19:22,0.54,0,21.44863,,
2026-07-08T15:04:05.506,Raspberry_Relieve1,,,39.393,0,0,100,-1,0.001,,,,,,00:19:22,0.4,0,21.44863,,
2026-07-08T15:04:06.006,Raspberry_Relieve1,,,39.395,0,0,100,-1,0.001,,,,,,00:19:23,0.56,0,21.44863,,
2026-07-08T15:04:06.506,Raspberry_Relieve1,,,39.395,0,0,100,-1,0.001,,,,,,00:19:23,0.46,0,21.44863,,
2026-07-08T15:04:07.006,Raspberry_Relieve1,,,39.394,0,0,100,-1,0.001,,,,,,00:19:24,0.48,0,21.44863,,
2026-07-08T15:04:07.507,Raspberry_Relieve1,,,39.394,0,0,100,-1,0.001,,,,,,00:19:24,0.49,0,21.44863,,
2026-07-08T15:04:08.007,Raspberry_Relieve1,,,39.394,0,0,100,-1,0.001,,,,,,00:19:25,0.61,0,21.44863,,
2026-07-08T15:04:08.507,Raspberry_Relieve1,,,39.394,0,0,100,-1,0.001,,,,,,00:19:26,0.51,0,21.44863,,
2026-07-08T15:04:09.007,Raspberry_Relieve1,,,39.395,0,0,100,-1,0.001,,,,,,00:19:26,0.38,0,21.44863,,
2026-07-08T15:04:09.507,Raspberry_Relieve1,,,39.395,0,0,100,-1,0.001,,,,,,00:19:26,0.51,0,21.44863,,
2026-07-08T15:04:10.007,Raspberry_Relieve1,,,39.395,0,0,100,-1,0.001,,,,,,00:19:27,0.56,0,21.44863,,
2026-07-08T15:04:10.507,Raspberry_Relieve1,,,39.395,0,0,100,-1,0.001,,,,,,00:19:28,0.48,0,21.44863,,
2026-07-08T15:04:11.007,Raspberry_Relieve1,,,39.395,0,0,100,-1,0.001,,,,,,00:19:28,0.47,0,21.44863,,
2026-07-08T15:04:11.508,Raspberry_Relieve1,,,39.395,0,0,100,-1,0.001,,,,,,00:19:28,0.5,0,21.44863,,
2026-07-08T15:04:12.008,Raspberry_Relieve1,,,39.395,0,0,100,-1,0.001,,,,,,00:19:29,0.61,0,21.44863,,
2026-07-08T15:04:12.508,Raspberry_Relieve1,,,39.395,0,0,100,-1,0.001,,,,,,00:19:30,0.48,0,21.44863,,
2026-07-08T15:04:13.008,Raspberry_Relieve1,,,39.395,0,0,100,-1,0.001,,,,,,00:19:30,0.51,0,21.44863,,
2026-07-08T15:04:13.508,Raspberry_Relieve1,,,39.395,0,0,100,-1,0.001,,,,,,00:19:31,0.5,0,21.44863,,
2026-07-08T16:31:30.258,Raspberry_Relieve1,,,39.193,0,0,100,-1,0,,,,,,00:00:00,,,0,,
2026-07-08T16:31:30.758,Raspberry_Relieve1,,,39.193,0,0,100,-1,0,,,,,,00:00:00,,,0,,
2026-07-08T16:31:31.258,Raspberry_Relieve1,,,39.191,0,0,100,-1,0,,,,,,00:00:01,0.46,0,0,,
2026-07-08T16:31:31.829,Raspberry_Relieve1,,,39.191,0,0,100,-1,0,,,,,,00:00:01,0.58,0,0,,
2026-07-08T16:31:32.329,Raspberry_Relieve1,,,39.191,0,0,100,-1,0,,,,,,00:00:02,0.67,0,0,,
2026-07-08T16:31:32.846,Raspberry_Relieve1,,,39.191,0,0,100,-1,0,,,,,,00:00:02,0.36,0,0,,
2026-07-08T16:31:33.346,Raspberry_Relieve1,,,39.192,0,0,100,-1,0,,,,,,00:00:03,0.5,0,0,,
2026-07-08T16:31:33.846,Raspberry_Relieve1,,,39.192,0,0,100,-1,0,,,,,,00:00:03,0.48,0,0,,
2026-07-08T16:31:34.346,Raspberry_Relieve1,,,39.193,0,0,100,-1,0,,,,,,00:00:04,0.51,0,0,,
2026-07-08T16:31:34.846,Raspberry_Relieve1,,,39.193,0,0,100,-1,0,,,,,,00:00:04,0.5,0,0,,
2026-07-08T16:31:35.346,Raspberry_Relieve1,,,39.188,0,0,100,-1,0,,,,,,00:00:05,0.46,0,0,,
2026-07-08T16:31:35.846,Raspberry_Relieve1,,,39.188,0,0,100,-1,0,,,,,,00:00:05,0.44,0,0,,
2026-07-08T16:31:36.347,Raspberry_Relieve1,,,39.191,0,0,100,-1,0,,,,,,00:00:06,0.56,0,0,,
2026-07-08T16:31:36.847,Raspberry_Relieve1,,,39.191,0,0,100,-1,0,,,,,,00:00:06,0.44,0,0,,
2026-07-08T16:31:37.347,Raspberry_Relieve1,,,39.191,0,0,100,-1,0,,,,,,00:00:07,0.49,0,0,,
2026-07-08T16:31:37.847,Raspberry_Relieve1,,,39.191,0,0,100,-1,0,,,,,,00:00:07,0.59,0,0,,
2026-07-08T16:31:38.347,Raspberry_Relieve1,,,39.191,0,0,100,-1,0,,,,,,00:00:08,0.46,0,0,,
2026-07-08T16:31:38.847,Raspberry_Relieve1,,,39.191,0,0,100,-1,0,,,,,,00:00:08,0.55,0,0,,
2026-07-08T16:31:39.347,Raspberry_Relieve1,,,39.191,0,0,100,-1,0,,,,,,00:00:09,0.42,0,0,,
2026-07-08T16:31:39.847,Raspberry_Relieve1,,,39.191,0,0,100,-1,0,,,,,,00:00:09,0.52,0,0,,
2026-07-08T16:31:40.347,Raspberry_Relieve1,,,39.191,0,0,100,-1,0,,,,,,00:00:10,0.6,0,0,,
2026-07-08T16:31:40.847,Raspberry_Relieve1,,,39.191,0,0,100,-1,0,,,,,,00:00:10,0.41,0,0,,
2026-07-08T16:31:41.348,Raspberry_Relieve1,,,39.192,0,0,100,-1,0,,,,,,00:00:11,0.51,0,0,,
2026-07-08T16:31:41.848,Raspberry_Relieve1,,,39.192,0,0,100,-1,0,,,,,,00:00:11,0.51,0,0,,
2026-07-08T16:31:42.348,Raspberry_Relieve1,,,39.191,0,0,100,-1,0,,,,,,00:00:12,0.51,0,0,,
2026-07-08T16:31:42.848,Raspberry_Relieve1,,,39.191,0,0,100,-1,0,,,,,,00:00:12,0.51,0,0,,
2026-07-08T16:31:43.348,Raspberry_Relieve1,,,39.191,0,0,100,-1,0,,,,,,00:00:13,0.41,0,0,,
2026-07-08T16:31:43.848,Raspberry_Relieve1,,,39.191,0,0,100,-1,0,,,,,,00:00:13,0.56,0,0,,
2026-07-08T16:31:44.348,Raspberry_Relieve1,,,39.191,0,0,100,-1,0,,,,,,00:00:14,0.5,0,0,,
2026-07-08T16:31:44.848,Raspberry_Relieve1,,,39.191,0,0,100,-1,0,,,,,,00:00:14,0.51,0,0,,
2026-07-08T16:31:45.348,Raspberry_Relieve1,,,39.191,0,0,100,-1,0,,,,,,00:00:15,0.53,0,0,,
2026-07-08T16:31:45.848,Raspberry_Relieve1,,,39.191,0,0,100,-1,0,,,,,,00:00:15,0.5,0,0,,
2026-07-08T16:31:46.349,Raspberry_Relieve1,,,39.191,0,0,100,-1,0,,,,,,00:00:16,0.56,0,0,,
2026-07-08T16:31:46.849,Raspberry_Relieve1,,,39.191,0,0,100,-1,0,,,,,,00:00:16,0.34,0,0,,
2026-07-08T16:31:47.349,Raspberry_Relieve1,,,39.191,0,0,100,-1,0,,,,,,00:00:17,0.58,0,0,,
2026-07-08T16:31:47.849,Raspberry_Relieve1,,,39.191,0,0,100,-1,0,,,,,,00:00:17,0.5,0,0,,
2026-07-08T16:31:48.349,Raspberry_Relieve1,,,39.192,0,0,100,-1,0,,,,,,00:00:18,0.5,0,0,,
2026-07-08T16:31:48.849,Raspberry_Relieve1,,,39.192,0,0,100,-1,0,,,,,,00:00:18,0.49,0,0,,
2026-07-08T16:31:49.349,Raspberry_Relieve1,,,39.192,0,0,100,-1,0,,,,,,00:00:19,0.5,0,0,,
2026-07-08T16:31:49.849,Raspberry_Relieve1,,,39.192,0,0,100,-1,0,,,,,,00:00:19,0.58,0,0,,
2026-07-08T16:31:50.349,Raspberry_Relieve1,,,39.19,0,0,100,-1,0,,,,,,00:00:20,0.54,0,0,,
2026-07-08T16:31:50.850,Raspberry_Relieve1,,,39.19,0,0,100,-1,0,,,,,,00:00:20,0.4,0,0,,
2026-07-08T16:31:51.350,Raspberry_Relieve1,,,39.191,0,0,100,-1,0,,,,,,00:00:21,0.62,0,0,,
2026-07-08T16:31:51.850,Raspberry_Relieve1,,,39.191,0,0,100,-1,0,,,,,,00:00:21,0.41,0,0,,
2026-07-08T16:31:52.350,Raspberry_Relieve1,,,39.191,0,0,100,-1,0,,,,,,00:00:22,0.43,0,0,,
2026-07-08T16:31:52.850,Raspberry_Relieve1,,,39.191,0,0,100,-1,0,,,,,,00:00:22,0.59,0,0,,
2026-07-08T16:31:53.350,Raspberry_Relieve1,,,39.189,0,0,100,-1,0,,,,,,00:00:23,0.62,0,0,,
2026-07-08T16:31:53.866,Raspberry_Relieve1,,,39.189,0,0,100,-1,0,,,,,,00:00:23,0.35,0,0,,
2026-07-08T16:31:54.366,Raspberry_Relieve1,,,39.191,0,0,100,-1,0,,,,,,00:00:24,0.47,0,0,,
2026-07-08T16:44:30.480,Raspberry_Relieve1,,,,,,,,,,,,,,00:00:00,,,0,,
2026-07-08T16:44:31.480,Raspberry_Relieve1,,,,,,,,,,,,,,00:00:00,,,0,,
2026-07-08T16:44:32.480,Raspberry_Relieve1,,,,,,,,,,,,,,00:00:01,1.1,0,0,,
2026-07-08T16:44:33.480,Raspberry_Relieve1,,,,,,,,,,,,,,00:00:02,0.82,0,0,,
2026-07-08T16:44:34.480,Raspberry_Relieve1,,,,,,,,,,,,,,00:00:03,1.02,0,0,,
2026-07-08T16:44:35.483,Raspberry_Relieve1,,,,,,,,,,,,,,00:00:04,1.05,0,0,,
2026-07-08T16:44:36.483,Raspberry_Relieve1,,,,,,,,,,,,,,00:00:06,1.52,0,0,,
2026-07-08T16:44:37.483,Raspberry_Relieve1,,,,,,,,,,,,,,00:00:06,0.57,0,0,,
2026-07-08T16:44:38.483,Raspberry_Relieve1,,,,,,,,,,,,,,00:00:07,1.24,0,0,,
2026-07-08T16:44:39.483,Raspberry_Relieve1,,,,,,,,,,,,,,00:00:08,0.65,0,0,,
2026-07-08T16:44:40.484,Raspberry_Relieve1,,,,,,,,,,,,,,00:00:09,1,0,0,,
2026-07-08T16:44:41.484,Raspberry_Relieve1,,,,,,,,,,,,,,00:00:10,1.41,0,0,,
2026-07-08T16:44:42.484,Raspberry_Relieve1,,,,,,,,,,,,,,00:00:11,0.61,0,0,,
2026-07-08T16:44:43.484,Raspberry_Relieve1,,,,,,,,,,,,,,00:00:12,0.91,0,0,,
2026-07-08T16:44:44.484,Raspberry_Relieve1,,,,,,,,,,,,,,00:00:13,1.01,0,0,,
2026-07-08T16:44:45.484,Raspberry_Relieve1,,,,,,,,,,,,,,00:00:14,1.4,0,0,,
2026-07-08T16:44:46.484,Raspberry_Relieve1,,,,,,,,,,,,,,00:00:15,0.72,0,0,,
2026-07-08T16:44:47.484,Raspberry_Relieve1,,,,,,,,,,,,,,00:00:16,1.21,0,0,,
2026-07-08T16:44:48.484,Raspberry_Relieve1,,,,,,,,,,,,,,00:00:17,0.83,0,0,,
2026-07-08T17:21:35.319,Raspberry_Relieve1,,,,,,,,,,,,,,00:00:18,0.92,0,0,,
2026-07-08T17:21:36.319,Raspberry_Relieve1,,,,,,,,,,,,,,00:00:19,1.33,0,0,,
2026-07-08T17:21:37.319,Raspberry_Relieve1,,,,,,,,,,,,,,00:00:20,0.72,0,0,,
2026-07-08T17:21:38.319,Raspberry_Relieve1,,,,,,,,,,,,,,00:00:21,1.3,0,0,,
2026-07-08T17:21:39.319,Raspberry_Relieve1,,,,,,,,,,,,,,00:00:22,0.89,0,0,,
2026-07-08T17:21:40.319,Raspberry_Relieve1,,,,,,,,,,,,,,00:00:23,0.73,0,0,,
2026-07-08T17:21:41.319,Raspberry_Relieve1,,,,,,,,,,,,,,00:00:24,0.99,0,0,,
2026-07-08T17:21:42.320,Raspberry_Relieve1,,,,,,,,,,,,,,00:00:25,1.12,0,0,,
2026-07-08T17:21:43.320,Raspberry_Relieve1,,,,,,,,,,,,,,00:00:26,0.91,0,0,,
2026-07-08T17:21:44.320,Raspberry_Relieve1,,,,,,,,,,,,,,00:00:27,1.02,0,0,,
2026-07-08T17:21:45.320,Raspberry_Relieve1,,,,,,,,,,,,,,00:00:28,1.35,0,0,,
2026-07-08T17:21:46.320,Raspberry_Relieve1,,,,,,,,,,,,,,00:00:29,0.95,0,0,,
2026-07-08T17:21:47.320,Raspberry_Relieve1,,,,,,,,,,,,,,00:00:30,0.67,0,0,,
2026-07-08T17:21:48.320,Raspberry_Relieve1,,,,,,,,,,,,,,00:00:31,0.97,0,0,,
2026-07-08T17:21:49.320,Raspberry_Relieve1,,,,,,,,,,,,,,00:00:32,1.01,0,0,,
2026-07-08T17:21:50.320,Raspberry_Relieve1,,,,,,,,,,,,,,00:00:33,0.99,0,0,,
2026-07-08T17:21:51.320,Raspberry_Relieve1,,,,,,,,,,,,,,00:00:34,1.07,0,0,,
2026-07-08T17:21:52.320,Raspberry_Relieve1,,,,,,,,,,,,,,00:00:35,0.87,0,0,,
2026-07-08T17:21:53.320,Raspberry_Relieve1,,,,,,,,,,,,,,00:00:36,1.06,0,0,,
2026-07-08T17:21:54.320,Raspberry_Relieve1,,,,,,,,,,,,,,00:00:38,1.51,0,0,,
2026-07-08T17:21:55.321,Raspberry_Relieve1,,,,,,,,,,,,,,00:00:38,0.61,0,0,,
2026-07-08T17:21:56.321,Raspberry_Relieve1,,,,,,,,,,,,,,00:00:39,0.86,0,0,,
2026-07-08T17:21:57.321,Raspberry_Relieve1,,,,,,,,,,,,,,00:00:40,1.12,0,0,,
2026-07-08T17:21:58.321,Raspberry_Relieve1,,,,,,,,,,,,,,00:00:41,0.91,0,0,,
2026-07-08T17:21:59.321,Raspberry_Relieve1,,,,,,,,,,,,,,00:00:42,1.08,0,0,,
2026-07-08T17:22:00.321,Raspberry_Relieve1,,,,,,,,,,,,,,00:00:43,1.04,0,0,,
2026-07-08T17:22:01.321,Raspberry_Relieve1,,,,,,,,,,,,,,00:00:44,0.91,0,0,,
2026-07-08T17:22:02.321,Raspberry_Relieve1,,,,,,,,,,,,,,00:00:45,1.24,0,0,,
2026-07-08T17:22:03.321,Raspberry_Relieve1,,,,,,,,,,,,,,00:00:46,0.92,0,0,,
2026-07-08T17:22:04.321,Raspberry_Relieve1,,,,,,,,,,,,,,00:00:47,0.83,0,0,,
2026-07-08T17:22:05.321,Raspberry_Relieve1,,,,,,,,,,,,,,00:00:48,1.05,0,0,,
2026-07-08T17:22:06.322,Raspberry_Relieve1,,,,,,,,,,,,,,00:00:49,0.83,0,0,,
2026-07-08T17:22:07.322,Raspberry_Relieve1,,,,,,,,,,,,,,00:00:50,1.45,0,0,,
2026-07-08T17:22:08.322,Raspberry_Relieve1,,,,,,,,,,,,,,00:00:51,0.65,0,0,,
2026-07-08T17:22:09.322,Raspberry_Relieve1,,,,,,,,,,,,,,00:00:52,1.02,0,0,,
2026-07-08T17:22:10.322,Raspberry_Relieve1,,,,,,,,,,,,,,00:00:53,0.9,0,0,,
2026-07-08T17:22:11.322,Raspberry_Relieve1,,,,,,,,,,,,,,00:00:54,1.04,0,0,,
2026-07-08T17:22:12.322,Raspberry_Relieve1,,,,,,,,,,,,,,00:00:55,1.45,0,0,,
2026-07-08T17:22:13.322,Raspberry_Relieve1,,,,,,,,,,,,,,00:00:56,0.58,0,0,,
2026-07-08T17:22:14.322,Raspberry_Relieve1,,,,,,,,,,,,,,00:00:57,1.02,0,0,,
2026-07-08T17:22:15.322,Raspberry_Relieve1,,,,,,,,,,,,,,00:00:58,0.93,0,0,,
2026-07-08T17:22:16.323,Raspberry_Relieve1,,,,,,,,,,,,,,00:00:59,1.11,0,0,,
2026-07-08T17:22:17.323,Raspberry_Relieve1,,,,,,,,,,,,,,00:01:00,0.99,0,0,,
2026-07-08T17:22:18.323,Raspberry_Relieve1,,,,,,,,,,,,,,00:01:01,0.9,0,0,,
2026-07-08T17:22:19.323,Raspberry_Relieve1,,,,,,,,,,,,,,00:01:02,1.09,0,0,,
2026-07-08T17:22:20.323,Raspberry_Relieve1,,,,,,,,,,,,,,00:01:03,0.92,0,0,,
2026-07-08T17:22:21.323,Raspberry_Relieve1,,,,,,,,,,,,,,00:01:04,1,0,0,,
2026-07-08T17:22:22.323,Raspberry_Relieve1,,,,,,,,,,,,,,00:01:05,0.98,0,0,,
2026-07-08T17:22:23.323,Raspberry_Relieve1,,,,,,,,,,,,,,00:01:06,1.01,0,0,,
2026-07-08T17:22:24.324,Raspberry_Relieve1,,,,,,,,,,,,,,00:01:07,1.1,0,0,,
2026-07-08T17:22:25.324,Raspberry_Relieve1,,,,,,,,,,,,,,00:01:08,1.29,0,0,,
2026-07-08T17:22:26.324,Raspberry_Relieve1,,,,,,,,,,,,,,00:01:09,0.67,0,0,,
2026-07-08T17:22:27.324,Raspberry_Relieve1,,,,,,,,,,,,,,00:01:10,0.99,0,0,,
2026-07-08T17:22:28.324,Raspberry_Relieve1,,,,,,,,,,,,,,00:01:11,0.95,0,0,,
2026-07-08T17:22:29.324,Raspberry_Relieve1,,,,,,,,,,,,,,00:01:12,0.99,0,0,,
2026-07-08T17:22:30.324,Raspberry_Relieve1,,,,,,,,,,,,,,00:01:13,1.13,0,0,,
2026-07-08T17:22:31.324,Raspberry_Relieve1,,,,,,,,,,,,,,00:01:14,0.99,0,0,,
2026-07-08T17:22:32.324,Raspberry_Relieve1,,,,,,,,,,,,,,00:01:15,1.07,0,0,,
2026-07-08T17:22:33.324,Raspberry_Relieve1,,,,,,,,,,,,,,00:01:16,0.95,0,0,,
2026-07-08T17:22:34.325,Raspberry_Relieve1,,,,,,,,,,,,,,00:01:17,0.86,0,0,,
2026-07-08T17:22:35.325,Raspberry_Relieve1,,,,,,,,,,,,,,00:01:18,1.11,0,0,,
2026-07-08T17:22:36.325,Raspberry_Relieve1,,,,,,,,,,,,,,00:01:19,0.94,0,0,,
2026-07-08T17:22:37.325,Raspberry_Relieve1,25.6513644833333,-100.290744116667,,,,,,,,,,,,00:01:20,1.06,0,0,,
2026-07-08T17:22:38.325,Raspberry_Relieve1,25.65183215,-100.2908807,,,,,,,,,,,,00:01:21,0.98,0,0,,
2026-07-08T17:22:39.325,Raspberry_Relieve1,25.6518329166667,-100.29088055,,,,,,,,,,,,00:01:22,0.97,0,0,,
2026-07-08T17:22:40.325,Raspberry_Relieve1,25.6518357,-100.290880966667,,,,,,,,,,,,00:01:23,1.11,0,0,,
2026-07-08T17:22:41.325,Raspberry_Relieve1,25.6518537833333,-100.290878333333,,,,,,,,,,,,00:01:24,0.89,0,0,,
2026-07-08T17:22:42.325,Raspberry_Relieve1,25.65184665,-100.29087645,,,,,,,,,,,,00:01:25,0.94,0,0,,
2026-07-08T17:22:43.325,Raspberry_Relieve1,25.6518462333333,-100.290876333333,,,,,,,,,,,,00:01:26,0.98,0,0,,
2026-07-08T17:22:44.325,Raspberry_Relieve1,25.6518487833333,-100.290876916667,,,,,,,,,,,,00:01:27,1.06,0,0,,
2026-07-08T17:22:45.326,Raspberry_Relieve1,25.65184975,-100.2908757,,,,,,,,,,,,00:01:28,1.07,0,0,,
2026-07-08T17:22:46.326,Raspberry_Relieve1,25.6518775,-100.290845116667,,,,,,,,,,,,00:01:29,1.03,0,0,,
2026-07-08T17:22:47.326,Raspberry_Relieve1,25.6518647833333,-100.290861666667,,,,,,,,,,,,00:01:30,0.87,0,0,,
2026-07-08T17:22:48.326,Raspberry_Relieve1,25.6518497,-100.29087855,,,,,,,,,,,,00:01:31,1.1,0,0,,
2026-07-08T17:22:49.326,Raspberry_Relieve1,25.65181985,-100.290924716667,,,,,,,,,,,,00:01:32,0.93,0,0,,
2026-07-08T17:22:50.326,Raspberry_Relieve1,25.6518146,-100.290921983333,,,,,,,,,,,,00:01:33,1.06,0,0,,
2026-07-08T17:22:51.326,Raspberry_Relieve1,25.65181705,-100.29092505,,,,,,,,,,,,00:01:34,0.97,0,0,,
2026-07-08T17:22:52.326,Raspberry_Relieve1,25.6518211333333,-100.290931766667,,,,,,,,,,,,00:01:35,1.02,0,0,,
2026-07-08T17:22:53.326,Raspberry_Relieve1,25.6518067,-100.2909582,,,,,,,,,,,,00:01:36,0.94,0,0,,
2026-07-08T17:22:54.326,Raspberry_Relieve1,25.65180285,-100.290965533333,,,,,,,,,,,,00:01:37,1.06,0,0,,
2026-07-08T17:22:55.327,Raspberry_Relieve1,25.65179125,-100.290983066667,,,,,,,,,,,,00:01:38,1.2,0,0,,
2026-07-08T17:22:56.327,Raspberry_Relieve1,25.6517989833333,-100.290978733333,,,,,,,,,,,,00:01:39,0.81,0,0,,
2026-07-08T17:22:57.327,Raspberry_Relieve1,25.6518025833333,-100.290976833333,,,,,,,,,,,,00:01:40,1,0,0,,
2026-07-08T17:22:58.327,Raspberry_Relieve1,25.65180575,-100.290979116667,,,,,,,,,,,,00:01:41,1.01,0,0,,
2026-07-08T17:22:59.327,Raspberry_Relieve1,25.6518087666667,-100.290981116667,,,,,,,,,,,,00:01:42,0.91,0,0,,
2026-07-08T17:23:00.327,Raspberry_Relieve1,25.6518102833333,-100.29097915,,,,,,,,,,,,00:01:43,1.05,0,0,,
2026-07-08T17:23:01.327,Raspberry_Relieve1,25.65180995,-100.2909813,,,,,,,,,,,,00:01:44,0.97,0,0,,
2026-07-08T17:23:02.327,Raspberry_Relieve1,25.6518104,-100.290981983333,,,,,,,,,,,,00:01:45,1.01,0,0,,
2026-07-08T17:23:03.327,Raspberry_Relieve1,25.6518077333333,-100.2909807,,,,,,,,,,,,00:01:46,0.97,0,0,,
2026-07-08T17:23:04.327,Raspberry_Relieve1,25.6518059333333,-100.290981016667,,,,,,,,,,,,00:01:47,0.98,0,0,,
2026-07-08T17:23:05.327,Raspberry_Relieve1,25.6518051,-100.290981516667,,,,,,,,,,,,00:01:48,1.01,0,0,,
2026-07-08T17:23:06.328,Raspberry_Relieve1,25.6518047166667,-100.290981666667,,,,,,,,,,,,00:01:49,1.01,0,0,,
2026-07-08T17:23:07.328,Raspberry_Relieve1,25.6518046333333,-100.2909817,,,,,,,,,,,,00:01:50,1.12,0,0,,
2026-07-08T17:23:08.328,Raspberry_Relieve1,25.6518045833333,-100.2909817,,,,,,,,,,,,00:01:51,0.92,0,0,,
2026-07-08T17:23:09.328,Raspberry_Relieve1,25.6518045833333,-100.290981716667,,,,,,,,,,,,00:01:52,1.02,0,0,,
2026-07-08T17:23:10.328,Raspberry_Relieve1,25.6518045166667,-100.290981833333,,,,,,,,,,,,00:01:53,0.93,0,0,,
2026-07-08T17:23:11.328,Raspberry_Relieve1,25.65180455,-100.290981833333,,,,,,,,,,,,00:01:54,1.09,0,0,,
2026-07-08T17:23:12.328,Raspberry_Relieve1,25.65180455,-100.29098185,,,,,,,,,,,,00:01:55,0.94,0,0,,
2026-07-08T17:23:13.328,Raspberry_Relieve1,25.6518045,-100.290981866667,,,,,,,,,,,,00:01:56,1.03,0,0,,
2026-07-08T17:23:14.328,Raspberry_Relieve1,25.6517995833333,-100.29098865,,,,,,,,,,,,00:01:57,0.94,0,0,,
2026-07-08T17:23:15.328,Raspberry_Relieve1,25.6517988333333,-100.29099665,,,,,,,,,,,,00:01:58,1.07,0,0,,
2026-07-08T17:23:16.328,Raspberry_Relieve1,25.65179435,-100.291002366667,,,,,,,,,,,,00:01:59,0.96,0,0,,
2026-07-08T17:23:17.328,Raspberry_Relieve1,25.6517915166667,-100.291005766667,,,,,,,,,,,,00:02:00,0.99,0,0,,
2026-07-08T17:23:18.329,Raspberry_Relieve1,25.6517934666667,-100.29100815,,,,,,,,,,,,00:02:01,1.01,0,0,,
2026-07-08T17:23:19.329,Raspberry_Relieve1,25.6517872833333,-100.2910161,,,,,,,,,,,,00:02:02,0.93,0,0,,
2026-07-08T17:23:20.329,Raspberry_Relieve1,25.6517923166667,-100.291009083333,,,,,,,,,,,,00:02:03,1.07,0,0,,
2026-07-08T17:23:21.329,Raspberry_Relieve1,25.6517885333333,-100.291011616667,,,,,,,,,,,,00:02:04,0.99,0,0,,
2026-07-08T17:23:22.329,Raspberry_Relieve1,25.6517892333333,-100.291013583333,,,,,,,,,,,,00:02:05,1.04,0,0,,
2026-07-08T17:23:23.329,Raspberry_Relieve1,25.6517896666667,-100.29101555,,,,,,,,,,,,00:02:06,1.02,0,0,,
2026-07-08T17:23:24.329,Raspberry_Relieve1,25.65178645,-100.29102065,,,,,,,,,,,,00:02:07,0.97,0,0,,
2026-07-08T17:23:25.329,Raspberry_Relieve1,25.6517843333333,-100.2910247,,,,,,,,,,,,00:02:08,0.99,0,0,,
2026-07-08T17:23:26.329,Raspberry_Relieve1,25.6517789666667,-100.29102765,,,,,,,,,,,,00:02:09,1.01,0,0,,
2026-07-08T17:23:27.329,Raspberry_Relieve1,25.6517762,-100.29102955,,,,,,,,,,,,00:02:10,1.02,0,0,,
2026-07-08T17:23:28.329,Raspberry_Relieve1,25.6517764166667,-100.291028483333,,,,,,,,,,,,00:02:11,1.02,0,0,,
2026-07-08T17:23:29.329,Raspberry_Relieve1,25.6517821833333,-100.291026766667,,,,,,,,,,,,00:02:12,0.92,0,0,,
2026-07-08T17:23:30.329,Raspberry_Relieve1,25.6517847,-100.291023966667,,,,,,,,,,,,00:02:13,1.03,0,0,,
2026-07-08T17:23:31.330,Raspberry_Relieve1,25.6517860833333,-100.291018266667,,,,,,,,,,,,00:02:14,1.05,0,0,,
2026-07-08T17:23:32.330,Raspberry_Relieve1,25.6517956166667,-100.290996416667,,,,,,,,,,,,00:02:15,1,0,0,,
2026-07-08T17:23:33.330,Raspberry_Relieve1,25.6517953,-100.290996233333,,,,,,,,,,,,00:02:16,0.96,0,0,,
2026-07-08T17:23:34.330,Raspberry_Relieve1,25.65179405,-100.291000766667,,,,,,,,,,,,00:02:17,1.02,0,0,,
2026-07-08T17:23:35.330,Raspberry_Relieve1,25.6517895166667,-100.291002283333,,,,,,,,,,,,00:02:18,0.88,0,0,,
2026-07-08T17:23:36.330,Raspberry_Relieve1,25.6517893833333,-100.291000266667,,,,,,,,,,,,00:02:19,1.09,0,0,,
2026-07-08T17:23:37.330,Raspberry_Relieve1,25.6517898166667,-100.290994583333,,,,,,,,,,,,00:02:20,1.03,0,0,,
2026-07-08T17:23:38.330,Raspberry_Relieve1,25.6517897166667,-100.290991033333,,,,,,,,,,,,00:02:21,0.95,0,0,,
2026-07-08T17:23:39.330,Raspberry_Relieve1,25.6517916666667,-100.2909872,,,,,,,,,,,,00:02:22,0.93,0,0,,
2026-07-08T17:23:40.330,Raspberry_Relieve1,25.6517929833333,-100.29098415,,,,,,,,,,,,00:02:23,1.12,0,0,,
2026-07-08T17:23:41.331,Raspberry_Relieve1,25.6517946333333,-100.290982566667,,,,,,,,,,,,00:02:24,0.93,0,0,,
2026-07-08T17:23:42.331,Raspberry_Relieve1,25.65179645,-100.29098245,,,,,,,,,,,,00:02:25,0.95,0,0,,
2026-07-08T17:23:43.331,Raspberry_Relieve1,25.6517976166667,-100.290982916667,,,,,,,,,,,,00:02:26,1.1,0,0,,
2026-07-08T17:23:44.331,Raspberry_Relieve1,25.65179805,-100.2909829,,,,,,,,,,,,00:02:27,0.9,0,0,,
2026-07-08T17:23:45.331,Raspberry_Relieve1,25.65179845,-100.290982416667,,,,,,,,,,,,00:02:28,1.14,0,0,,
2026-07-08T17:23:46.331,Raspberry_Relieve1,25.6517982666667,-100.29098215,,,,,,,,,,,,00:02:29,0.86,0,0,,
2026-07-08T17:23:47.331,Raspberry_Relieve1,25.6517980833333,-100.2909818,,,,,,,,,,,,00:02:30,1.19,0,0,,
2026-07-08T17:23:48.331,Raspberry_Relieve1,25.6517984,-100.290982016667,,,,,,,,,,,,00:02:31,0.82,0,0,,
2026-07-08T17:23:49.331,Raspberry_Relieve1,25.6517989,-100.290982033333,,,,,,,,,,,,00:02:32,1.13,0,0,,
2026-07-08T17:23:50.331,Raspberry_Relieve1,25.6517992666667,-100.2909821,,,,,,,,,,,,00:02:33,1.02,0,0,,
2026-07-08T17:23:51.331,Raspberry_Relieve1,25.6517994333333,-100.290982133333,,,,,,,,,,,,00:02:34,1.02,0,0,,
2026-07-08T17:23:52.332,Raspberry_Relieve1,25.65179955,-100.290982133333,,,,,,,,,,,,00:02:35,0.88,0,0,,
2026-07-08T17:23:53.332,Raspberry_Relieve1,25.6517996,-100.290982083333,,,,,,,,,,,,00:02:36,0.94,0,0,,
2026-07-08T17:23:54.332,Raspberry_Relieve1,25.6517982833333,-100.2909798,,,,,,,,,,,,00:02:37,1.03,0,0,,
2026-07-08T17:23:55.332,Raspberry_Relieve1,25.6517983,-100.290976783333,,,,,,,,,,,,00:02:38,1.04,0,0,,
2026-07-08T17:23:56.332,Raspberry_Relieve1,25.651803,-100.290975316667,,,,,,,,,,,,00:02:39,1.03,0,0,,
2026-07-08T17:23:57.332,Raspberry_Relieve1,25.65180625,-100.2909734,,,,,,,,,,,,00:02:40,1.07,0,0,,
2026-07-08T17:23:58.332,Raspberry_Relieve1,25.6518041666667,-100.29097045,,,,,,,,,,,,00:02:41,0.82,0,0,,
2026-07-08T17:23:59.332,Raspberry_Relieve1,25.6518057,-100.290970133333,,,,,,,,,,,,00:02:42,1.08,0,0,,
2026-07-08T17:24:00.332,Raspberry_Relieve1,25.6518069,-100.290968716667,,,,,,,,,,,,00:02:43,0.92,0,0,,
2026-07-08T17:24:01.332,Raspberry_Relieve1,25.6518071333333,-100.29096805,,,,,,,,,,,,00:02:44,1.09,0,0,,
2026-07-08T17:24:02.332,Raspberry_Relieve1,25.6518076,-100.290967333333,,,,,,,,,,,,00:02:45,1.02,0,0,,
2026-07-08T17:24:03.332,Raspberry_Relieve1,25.6518086333333,-100.290966766667,,,,,,,,,,,,00:02:46,0.9,0,0,,
2026-07-08T17:24:04.333,Raspberry_Relieve1,25.6518074166667,-100.290964166667,,,,,,,,,,,,00:02:47,1.09,0,0,,
2026-07-08T17:24:05.333,Raspberry_Relieve1,25.6518067833333,-100.290962883333,,,,,,,,,,,,00:02:48,1.02,0,0,,
2026-07-08T17:24:06.333,Raspberry_Relieve1,25.6518064666667,-100.2909622,,,,,,,,,,,,00:02:49,1.02,0,0,,
2026-07-08T17:24:07.333,Raspberry_Relieve1,25.6518063,-100.290961883333,,,,,,,,,,,,00:02:50,0.92,0,0,,
2026-07-08T17:24:08.333,Raspberry_Relieve1,25.6518062166667,-100.290961716667,,,,,,,,,,,,00:02:51,1.02,0,0,,
2026-07-08T17:24:09.333,Raspberry_Relieve1,25.6518061666667,-100.290961633333,,,,,,,,,,,,00:02:52,1.03,0,0,,
2026-07-08T17:24:10.333,Raspberry_Relieve1,25.6518061333333,-100.290961583333,,,,,,,,,,,,00:02:53,1.03,0,0,,
2026-07-08T17:24:11.333,Raspberry_Relieve1,25.65180585,-100.29096195,,,,,,,,,,,,00:02:54,0.93,0,0,,
2026-07-08T17:24:12.333,Raspberry_Relieve1,25.65180685,-100.290961633333,,,,,,,,,,,,00:02:55,0.93,0,0,,
2026-07-08T17:24:13.333,Raspberry_Relieve1,25.6518080333333,-100.2909607,,,,,,,,,,,,00:02:56,1.01,0,0,,
2026-07-08T17:24:14.333,Raspberry_Relieve1,25.6518090833333,-100.290960383333,,,,,,,,,,,,00:02:57,1.11,0,0,,
2026-07-08T17:24:15.334,Raspberry_Relieve1,25.6518097,-100.2909613,,,,,,,,,,,,00:02:58,1.02,0,0,,
2026-07-08T17:24:16.334,Raspberry_Relieve1,25.6518108833333,-100.290962533333,,,,,,,,,,,,00:02:59,1.03,0,0,,
2026-07-08T17:24:17.334,Raspberry_Relieve1,25.6518118333333,-100.290962766667,,,,,,,,,,,,00:03:00,0.9,0,0,,
2026-07-08T17:24:18.334,Raspberry_Relieve1,25.6518121333333,-100.290963233333,,,,,,,,,,,,00:03:01,1.09,0,0,,
2026-07-08T17:24:19.334,Raspberry_Relieve1,25.6518116166667,-100.290961916667,,,,,,,,,,,,00:03:02,0.91,0,0,,
2026-07-08T17:24:20.334,Raspberry_Relieve1,25.6518107333333,-100.290960233333,,,,,,,,,,,,00:03:03,1.03,0,0,,
2026-07-08T17:24:21.334,Raspberry_Relieve1,25.6518093333333,-100.290957216667,,,,,,,,,,,,00:03:04,0.94,0,0,,
2026-07-08T17:24:22.334,Raspberry_Relieve1,25.6518080166667,-100.290955733333,,,,,,,,,,,,00:03:05,1.06,0,0,,
2026-07-08T17:24:23.334,Raspberry_Relieve1,25.6518063333333,-100.290955466667,,,,,,,,,,,,00:03:06,1.04,0,0,,
2026-07-08T17:24:24.334,Raspberry_Relieve1,25.65180465,-100.29095645,,,,,,,,,,,,00:03:07,0.92,0,0,,
2026-07-08T17:24:25.335,Raspberry_Relieve1,25.65180275,-100.290956916667,,,,,,,,,,,,00:03:08,0.97,0,0,,
2026-07-08T17:24:26.335,Raspberry_Relieve1,25.6518006666667,-100.290957666667,,,,,,,,,,,,00:03:09,0.98,0,0,,
2026-07-08T17:24:27.335,Raspberry_Relieve1,25.6517985,-100.290958733333,,,,,,,,,,,,00:03:10,1.08,0,0,,
2026-07-08T17:24:28.335,Raspberry_Relieve1,25.6517967666667,-100.2909595,,,,,,,,,,,,00:03:11,1,0,0,,
2026-07-08T17:24:29.335,Raspberry_Relieve1,25.6517956666667,-100.29096045,,,,,,,,,,,,00:03:12,0.93,0,0,,
2026-07-08T17:24:30.335,Raspberry_Relieve1,25.65179485,-100.29096095,,,,,,,,,,,,00:03:13,1,0,0,,
2026-07-08T17:24:31.335,Raspberry_Relieve1,25.6517944833333,-100.2909613,,,,,,,,,,,,00:03:14,1.05,0,0,,
2026-07-08T17:24:32.335,Raspberry_Relieve1,25.6517944333333,-100.290961416667,,,,,,,,,,,,00:03:15,1.05,0,0,,
2026-07-08T17:24:33.335,Raspberry_Relieve1,25.6517944166667,-100.29096145,,,,,,,,,,,,00:03:16,0.88,0,0,,
2026-07-08T17:24:34.335,Raspberry_Relieve1,25.6517944,-100.290961483333,,,,,,,,,,,,00:03:17,1.21,0,0,,
2026-07-08T17:24:35.335,Raspberry_Relieve1,25.6517943833333,-100.2909615,,,,,,,,,,,,00:03:18,0.82,0,0,,
2026-07-08T17:24:36.336,Raspberry_Relieve1,25.6517943833333,-100.2909615,,,,,,,,,,,,00:03:19,1.06,0,0,,
2026-07-08T17:24:37.336,Raspberry_Relieve1,25.65179445,-100.290961533333,,,,,,,,,,,,00:03:20,1.01,0,0,,
2026-07-08T17:24:38.336,Raspberry_Relieve1,25.6517945166667,-100.29096155,,,,,,,,,,,,00:03:21,1,0,0,,
2026-07-08T17:24:39.336,Raspberry_Relieve1,25.6517947833333,-100.290961683333,,,,,,,,,,,,00:03:22,1.03,0,0,,
2026-07-08T17:24:40.336,Raspberry_Relieve1,25.6517951333333,-100.290961833333,,,,,,,,,,,,00:03:23,1.02,0,0,,
2026-07-08T17:24:41.336,Raspberry_Relieve1,25.6517953,-100.290961916667,,,,,,,,,,,,00:03:24,0.93,0,0,,
2026-07-08T17:24:42.336,Raspberry_Relieve1,25.65179505,-100.290959033333,,,,,,,,,,,,00:03:25,1.03,0,0,,
2026-07-08T17:24:43.336,Raspberry_Relieve1,25.6517892166667,-100.2909507,,,,,,,,,,,,00:03:26,1.25,0,0,,
2026-07-08T17:24:44.336,Raspberry_Relieve1,25.6517839333333,-100.290943983333,,,,,,,,,,,,00:03:27,0.68,0,0,,
2026-07-08T17:24:45.336,Raspberry_Relieve1,25.65178185,-100.290940183333,,,,,,,,,,,,00:03:28,1.01,0,0,,
2026-07-08T17:24:46.336,Raspberry_Relieve1,25.6517805333333,-100.290937983333,,,,,,,,,,,,00:03:29,1.1,0,0,,
2026-07-08T17:24:47.336,Raspberry_Relieve1,25.6517798333333,-100.290936266667,,,,,,,,,,,,00:03:30,0.97,0,0,,
2026-07-08T17:24:48.337,Raspberry_Relieve1,25.6517789666667,-100.290935216667,,,,,,,,,,,,00:03:31,1.04,0,0,,
2026-07-08T17:24:49.337,Raspberry_Relieve1,25.6517795,-100.29093535,,,,,,,,,,,,00:03:32,1.04,0,0,,
2026-07-08T17:24:50.337,Raspberry_Relieve1,25.65177945,-100.290935616667,,,,,,,,,,,,00:03:33,0.96,0,0,,
2026-07-08T17:24:51.337,Raspberry_Relieve1,25.6517789666667,-100.290935566667,,,,,,,,,,,,00:03:34,0.99,0,0,,
2026-07-08T17:24:52.337,Raspberry_Relieve1,25.6517772333333,-100.2909344,,,,,,,,,,,,00:03:35,0.92,0,0,,
2026-07-08T17:24:53.337,Raspberry_Relieve1,25.6517760666667,-100.290933766667,,,,,,,,,,,,00:03:36,1.04,0,0,,
2026-07-08T17:24:54.337,Raspberry_Relieve1,25.6517749666667,-100.290933883333,,,,,,,,,,,,00:03:37,1.04,0,0,,
2026-07-08T17:24:55.337,Raspberry_Relieve1,25.651774,-100.29093345,,,,,,,,,,,,00:03:38,1,0,0,,
2026-07-08T17:24:56.337,Raspberry_Relieve1,25.65177245,-100.290932433333,,,,,,,,,,,,00:03:39,0.98,0,0,,
2026-07-08T17:24:57.337,Raspberry_Relieve1,25.6517703333333,-100.290933216667,,,,,,,,,,,,00:03:40,1.04,0,0,,
2026-07-08T17:24:58.337,Raspberry_Relieve1,25.6517675833333,-100.29093525,,,,,,,,,,,,00:03:41,0.97,0,0,,
2026-07-08T17:24:59.338,Raspberry_Relieve1,25.651765,-100.290938133333,,,,,,,,,,,,00:03:42,0.98,0,0,,
2026-07-08T17:25:00.338,Raspberry_Relieve1,25.65176365,-100.2909408,,,,,,,,,,,,00:03:43,0.93,0,0,,
2026-07-08T17:25:01.338,Raspberry_Relieve1,25.65176165,-100.290942533333,,,,,,,,,,,,00:03:44,1.09,0,0,,
2026-07-08T17:25:02.338,Raspberry_Relieve1,25.65175985,-100.290944433333,,,,,,,,,,,,00:03:45,1.06,0,0,,
2026-07-08T17:25:03.338,Raspberry_Relieve1,25.65175905,-100.290944983333,,,,,,,,,,,,00:03:46,0.94,0,0,,
2026-07-08T17:25:04.338,Raspberry_Relieve1,25.6517575,-100.290944366667,,,,,,,,,,,,00:03:47,1.05,0,0,,
2026-07-08T17:25:05.338,Raspberry_Relieve1,25.6517562333333,-100.29094275,,,,,,,,,,,,00:03:48,0.95,0,0,,
2026-07-08T17:25:06.338,Raspberry_Relieve1,25.6517534666667,-100.290941516667,,,,,,,,,,,,00:03:49,1.05,0,0,,
2026-07-08T17:25:07.338,Raspberry_Relieve1,25.6517512833333,-100.290940533333,,,,,,,,,,,,00:03:50,0.95,0,0,,
2026-07-08T17:25:08.338,Raspberry_Relieve1,25.6517495,-100.2909405,,,,,,,,,,,,00:03:51,0.95,0,0,,
2026-07-08T17:25:09.338,Raspberry_Relieve1,25.6517486666667,-100.290939933333,,,,,,,,,,,,00:03:52,1.08,0,0,,
2026-07-08T17:25:10.338,Raspberry_Relieve1,25.6517482166667,-100.290940416667,,,,,,,,,,,,00:03:53,1.02,0,0,,
2026-07-08T17:25:11.339,Raspberry_Relieve1,25.6517482666667,-100.290941033333,,,,,,,,,,,,00:03:54,0.93,0,0,,
2026-07-08T17:25:12.339,Raspberry_Relieve1,25.65175005,-100.29094155,,,,,,,,,,,,00:03:55,1.06,0,0,,
2026-07-08T17:25:13.339,Raspberry_Relieve1,25.6517521666667,-100.2909426,,,,,,,,,,,,00:03:56,0.99,0,0,,
2026-07-08T17:25:14.339,Raspberry_Relieve1,25.6517531333333,-100.290942933333,,,,,,,,,,,,00:03:57,0.96,0,0,,
2026-07-08T17:25:15.339,Raspberry_Relieve1,25.6517540333333,-100.290943233333,,,,,,,,,,,,00:03:58,0.96,0,0,,
2026-07-08T17:25:16.339,Raspberry_Relieve1,25.6517542166667,-100.290943183333,,,,,,,,,,,,00:03:59,1,0,0,,
2026-07-08T17:25:17.339,Raspberry_Relieve1,25.6517545166667,-100.290943283333,,,,,,,,,,,,00:04:00,1.07,0,0,,
2026-07-08T17:25:18.339,Raspberry_Relieve1,25.6517547,-100.290943333333,,,,,,,,,,,,00:04:01,0.98,0,0,,
2026-07-08T17:25:19.339,Raspberry_Relieve1,25.6517547666667,-100.29094335,,,,,,,,,,,,00:04:02,1.04,0,0,,
2026-07-08T17:25:20.339,Raspberry_Relieve1,25.6517548,-100.29094335,,,,,,,,,,,,00:04:03,1.03,0,0,,
2026-07-08T17:25:21.339,Raspberry_Relieve1,25.6517547666667,-100.29094335,,,,,,,,,,,,00:04:04,0.96,0,0,,
2026-07-08T17:25:22.340,Raspberry_Relieve1,25.6517547333333,-100.29094335,,,,,,,,,,,,00:04:05,0.9,0,0,,
2026-07-08T17:25:23.340,Raspberry_Relieve1,25.6517546833333,-100.290943316667,,,,,,,,,,,,00:04:06,1,0,0,,
2026-07-08T17:25:24.340,Raspberry_Relieve1,25.65175465,-100.290943283333,,,,,,,,,,,,00:04:07,1.04,0,0,,
2026-07-08T17:25:25.340,Raspberry_Relieve1,25.6517546,-100.29094325,,,,,,,,,,,,00:04:08,0.95,0,0,,
2026-07-08T17:25:26.340,Raspberry_Relieve1,25.6517545833333,-100.290943233333,,,,,,,,,,,,00:04:09,1.19,0,0,,
2026-07-08T17:25:27.340,Raspberry_Relieve1,25.6517546166667,-100.290943233333,,,,,,,,,,,,00:04:10,0.92,0,0,,
2026-07-08T17:25:28.340,Raspberry_Relieve1,25.65175465,-100.29094325,,,,,,,,,,,,00:04:11,1.01,0,0,,
2026-07-08T17:25:29.340,Raspberry_Relieve1,25.6517546666667,-100.290943266667,,,,,,,,,,,,00:04:12,0.89,0,0,,
2026-07-08T17:25:30.340,Raspberry_Relieve1,25.6517546833333,-100.290943266667,,,,,,,,,,,,00:04:13,1.04,0,0,,
2026-07-08T17:25:31.340,Raspberry_Relieve1,25.6517547,-100.29094325,,,,,,,,,,,,00:04:14,0.98,0,0,,
2026-07-08T17:25:32.340,Raspberry_Relieve1,25.6517546666667,-100.290943233333,,,,,,,,,,,,00:04:15,1.12,0,0,,
2026-07-08T17:25:33.340,Raspberry_Relieve1,25.65175465,-100.290943216667,,,,,,,,,,,,00:04:16,0.93,0,0,,
2026-07-08T17:25:34.341,Raspberry_Relieve1,25.6517546833333,-100.290943183333,,,,,,,,,,,,00:04:17,1,0,0,,
2026-07-08T17:25:35.341,Raspberry_Relieve1,25.6517547333333,-100.29094315,,,,,,,,,,,,00:04:18,1.09,0,0,,
2026-07-08T17:25:36.341,Raspberry_Relieve1,25.65175475,-100.290943216667,,,,,,,,,,,,00:04:19,0.97,0,0,,
2026-07-08T17:25:37.341,Raspberry_Relieve1,25.65175475,-100.290943266667,,,,,,,,,,,,00:04:20,0.88,0,0,,
2026-07-08T17:25:38.341,Raspberry_Relieve1,25.65175475,-100.290943266667,,,,,,,,,,,,00:04:21,1.12,0,0,,
2026-07-08T17:25:39.341,Raspberry_Relieve1,25.6517547666667,-100.290943233333,,,,,,,,,,,,00:04:22,0.91,0,0,,
2026-07-08T17:25:40.341,Raspberry_Relieve1,25.6517547833333,-100.2909432,,,,,,,,,,,,00:04:23,0.94,0,0,,
2026-07-08T17:25:41.341,Raspberry_Relieve1,25.6517548166667,-100.29094315,,,,,,,,,,,,00:04:24,1.26,0,0,,
2026-07-08T17:25:42.341,Raspberry_Relieve1,25.65175485,-100.2909431,,,,,,,,,,,,00:04:25,0.93,0,0,,
2026-07-08T17:25:43.341,Raspberry_Relieve1,25.6517548333333,-100.290943033333,,,,,,,,,,,,00:04:26,1.02,0,0,,
2026-07-08T17:25:44.341,Raspberry_Relieve1,25.6517548333333,-100.290942983333,,,,,,,,,,,,00:04:27,0.78,0,0,,
2026-07-08T17:25:45.341,Raspberry_Relieve1,25.6517548333333,-100.29094295,,,,,,,,,,,,00:04:28,1.07,0,0,,
2026-07-08T17:25:46.342,Raspberry_Relieve1,25.6517548333333,-100.290942916667,,,,,,,,,,,,00:04:29,1.04,0,0,,
2026-07-08T17:25:47.342,Raspberry_Relieve1,25.65175485,-100.290942883333,,,,,,,,,,,,00:04:30,1.04,0,0,,
2026-07-08T17:25:48.342,Raspberry_Relieve1,25.6517548833333,-100.29094285,,,,,,,,,,,,00:04:31,0.9,0,0,,
2026-07-08T17:25:49.342,Raspberry_Relieve1,25.6517549166667,-100.290942816667,,,,,,,,,,,,00:04:32,1.1,0,0,,
2026-07-08T17:25:50.342,Raspberry_Relieve1,25.6517549833333,-100.290942783333,,,,,,,,,,,,00:04:33,0.96,0,0,,
2026-07-08T17:25:51.342,Raspberry_Relieve1,25.6517550333333,-100.2909428,,,,,,,,,,,,00:04:34,1.03,0,0,,
2026-07-08T17:25:52.342,Raspberry_Relieve1,25.6517551,-100.290942816667,,,,,,,,,,,,00:04:35,0.89,0,0,,
2026-07-08T17:25:53.342,Raspberry_Relieve1,25.6517551333333,-100.29094285,,,,,,,,,,,,00:04:36,1.08,0,0,,
2026-07-08T17:25:54.342,Raspberry_Relieve1,25.6517551833333,-100.2909429,,,,,,,,,,,,00:04:37,0.98,0,0,,
2026-07-08T17:25:55.342,Raspberry_Relieve1,25.6517552333333,-100.29094295,,,,,,,,,,,,00:04:38,0.98,0,0,,
2026-07-08T17:25:56.342,Raspberry_Relieve1,25.6517552666667,-100.290942983333,,,,,,,,,,,,00:04:39,1.11,0,0,,
2026-07-08T17:25:57.342,Raspberry_Relieve1,25.6517553,-100.290943,,,,,,,,,,,,00:04:40,0.88,0,0,,
2026-07-08T17:25:58.343,Raspberry_Relieve1,25.65175535,-100.290943033333,,,,,,,,,,,,00:04:41,1.06,0,0,,
2026-07-08T17:25:59.343,Raspberry_Relieve1,25.6517554,-100.29094305,,,,,,,,,,,,00:04:42,0.99,0,0,,
2026-07-08T17:26:00.343,Raspberry_Relieve1,25.6517554166667,-100.290943033333,,,,,,,,,,,,00:04:43,1.02,0,0,,
2026-07-08T17:26:01.343,Raspberry_Relieve1,25.65175545,-100.290943033333,,,,,,,,,,,,00:04:44,1.02,0,0,,
2026-07-08T17:26:02.343,Raspberry_Relieve1,25.6517554833333,-100.290943016667,,,,,,,,,,,,00:04:45,0.94,0,0,,
2026-07-08T17:26:03.343,Raspberry_Relieve1,25.6517555,-100.290943,,,,,,,,,,,,00:04:46,1.07,0,0,,
2026-07-08T17:26:04.343,Raspberry_Relieve1,25.6517555,-100.290942983333,,,,,,,,,,,,00:04:47,0.99,0,0,,
2026-07-08T17:26:05.343,Raspberry_Relieve1,25.6517555,-100.29094295,,,,,,,,,,,,00:04:48,0.88,0,0,,
2026-07-08T17:26:06.343,Raspberry_Relieve1,25.6517556,-100.290942833333,,,,,,,,,,,,00:04:49,1.1,0,0,,
2026-07-08T17:26:07.343,Raspberry_Relieve1,25.6517556166667,-100.2909428,,,,,,,,,,,,00:04:50,0.89,0,0,,
2026-07-08T17:26:08.343,Raspberry_Relieve1,25.6517556,-100.290942783333,,,,,,,,,,,,00:04:51,1.1,0,0,,
2026-07-08T17:26:09.344,Raspberry_Relieve1,25.6517556,-100.29094275,,,,,,,,,,,,00:04:52,0.93,0,0,,
2026-07-08T17:26:10.344,Raspberry_Relieve1,25.6517553666667,-100.290940883333,,,,,,,,,,,,00:04:53,1.01,0,0,,
2026-07-08T17:26:11.344,Raspberry_Relieve1,25.6517550333333,-100.290940616667,,,,,,,,,,,,00:04:54,1.07,0,0,,
2026-07-08T17:26:12.344,Raspberry_Relieve1,25.6517554333333,-100.290940166667,,,,,,,,,,,,00:04:55,1.06,0,0,,
2026-07-08T17:26:13.344,Raspberry_Relieve1,25.6517568833333,-100.29093835,,,,,,,,,,,,00:04:56,0.83,0,0,,
2026-07-08T17:26:14.344,Raspberry_Relieve1,25.6517569833333,-100.290937316667,,,,,,,,,,,,00:04:57,1.03,0,0,,
2026-07-08T17:26:15.344,Raspberry_Relieve1,25.6517566333333,-100.290937366667,,,,,,,,,,,,00:04:58,1.08,0,0,,
2026-07-08T17:26:16.344,Raspberry_Relieve1,25.651757,-100.290936683333,,,,,,,,,,,,00:04:59,1.07,0,0,,
2026-07-08T17:26:17.344,Raspberry_Relieve1,25.6517565333333,-100.290936283333,,,,,,,,,,,,00:05:00,1.21,0,0,,
2026-07-08T17:26:18.344,Raspberry_Relieve1,25.6517573333333,-100.2909343,,,,,,,,,,,,00:05:01,0.89,0,0,,
2026-07-08T17:26:19.345,Raspberry_Relieve1,25.6517569333333,-100.290932366667,,,,,,,,,,,,00:05:02,0.76,0,0,,
2026-07-08T17:26:20.345,Raspberry_Relieve1,25.6517566833333,-100.290931266667,,,,,,,,,,,,00:05:03,1.11,0,0,,
2026-07-08T17:26:21.345,Raspberry_Relieve1,25.6517566666667,-100.29093015,,,,,,,,,,,,00:05:04,0.99,0,0,,
2026-07-08T17:26:22.345,Raspberry_Relieve1,25.6517563166667,-100.290929283333,,,,,,,,,,,,00:05:05,0.99,0,0,,
2026-07-08T17:26:23.345,Raspberry_Relieve1,25.6517560666667,-100.29092885,,,,,,,,,,,,00:05:06,1.02,0,0,,
2026-07-08T17:26:24.345,Raspberry_Relieve1,25.6517559333333,-100.290928633333,,,,,,,,,,,,00:05:07,0.91,0,0,,
2026-07-08T17:26:25.345,Raspberry_Relieve1,25.6517558666667,-100.2909285,,,,,,,,,,,,00:05:08,0.96,0,0,,
2026-07-08T17:26:26.345,Raspberry_Relieve1,25.6517558333333,-100.29092845,,,,,,,,,,,,00:05:09,1.02,0,0,,
2026-07-08T17:26:27.345,Raspberry_Relieve1,25.6517558166667,-100.290928416667,,,,,,,,,,,,00:05:10,1.01,0,0,,
2026-07-08T17:26:28.345,Raspberry_Relieve1,25.6517558166667,-100.290928416667,,,,,,,,,,,,00:05:11,1.07,0,0,,
2026-07-08T17:26:29.346,Raspberry_Relieve1,25.6517558166667,-100.290928416667,,,,,,,,,,,,00:05:12,0.96,0,0,,
2026-07-08T17:26:30.346,Raspberry_Relieve1,25.6517558333333,-100.290928416667,,,,,,,,,,,,00:05:13,0.93,0,0,,
2026-07-08T17:26:31.346,Raspberry_Relieve1,25.65175585,-100.290928383333,,,,,,,,,,,,00:05:14,1.02,0,0,,
2026-07-08T17:26:32.346,Raspberry_Relieve1,25.65175585,-100.290928383333,,,,,,,,,,,,00:05:15,1.01,0,0,,
2026-07-08T17:26:33.346,Raspberry_Relieve1,25.65175585,-100.290928366667,,,,,,,,,,,,00:05:16,1.1,0,0,,
2026-07-08T17:26:34.346,Raspberry_Relieve1,25.65175585,-100.290928333333,,,,,,,,,,,,00:05:17,1.02,0,0,,
2026-07-08T17:26:35.346,Raspberry_Relieve1,25.6517558666667,-100.2909283,,,,,,,,,,,,00:05:18,0.92,0,0,,
2026-07-08T17:26:36.346,Raspberry_Relieve1,25.6517558666667,-100.290928283333,,,,,,,,,,,,00:05:19,1.11,0,0,,
2026-07-08T17:26:37.346,Raspberry_Relieve1,25.6517558833333,-100.290928266667,,,,,,,,,,,,00:05:20,0.88,0,0,,
2026-07-08T17:26:38.346,Raspberry_Relieve1,25.6517558666667,-100.290928266667,,,,,,,,,,,,00:05:21,1.01,0,0,,
2026-07-08T17:26:39.346,Raspberry_Relieve1,25.6517558833333,-100.29092825,,,,,,,,,,,,00:05:22,1.01,0,0,,
2026-07-08T17:26:40.347,Raspberry_Relieve1,25.6517559,-100.29092825,,,,,,,,,,,,00:05:23,0.98,0,0,,
2026-07-08T17:26:41.347,Raspberry_Relieve1,25.6517559333333,-100.290928183333,,,,,,,,,,,,00:05:24,1.06,0,0,,
2026-07-08T17:26:42.347,Raspberry_Relieve1,25.6517559666667,-100.290928133333,,,,,,,,,,,,00:05:25,0.94,0,0,,
2026-07-08T17:26:43.347,Raspberry_Relieve1,25.651756,-100.2909281,,,,,,,,,,,,00:05:26,0.96,0,0,,
2026-07-08T17:26:44.347,Raspberry_Relieve1,25.651756,-100.290928066667,,,,,,,,,,,,00:05:27,1.1,0,0,,
2026-07-08T17:26:45.347,Raspberry_Relieve1,25.6517560166667,-100.290928083333,,,,,,,,,,,,00:05:28,0.92,0,0,,
2026-07-08T17:26:46.347,Raspberry_Relieve1,25.6517560166667,-100.2909281,,,,,,,,,,,,00:05:29,0.99,0,0,,
2026-07-08T17:26:47.347,Raspberry_Relieve1,25.6517560166667,-100.290928116667,,,,,,,,,,,,00:05:30,1.01,0,0,,
2026-07-08T17:26:48.347,Raspberry_Relieve1,25.65175605,-100.290928133333,,,,,,,,,,,,00:05:31,1.08,0,0,,
2026-07-08T17:26:49.348,Raspberry_Relieve1,25.6517560666667,-100.290928133333,,,,,,,,,,,,00:05:32,0.95,0,0,,
2026-07-08T17:26:50.348,Raspberry_Relieve1,25.6517560833333,-100.290928133333,,,,,,,,,,,,00:05:33,0.97,0,0,,
2026-07-08T17:26:51.348,Raspberry_Relieve1,25.6517561,-100.290928133333,,,,,,,,,,,,00:05:34,0.98,0,0,,
2026-07-08T17:26:52.348,Raspberry_Relieve1,25.6517561333333,-100.29092815,,,,,,,,,,,,00:05:35,1.05,0,0,,
2026-07-08T17:26:53.348,Raspberry_Relieve1,25.65175615,-100.290928166667,,,,,,,,,,,,00:05:36,1.03,0,0,,
2026-07-08T17:26:54.348,Raspberry_Relieve1,25.6517561666667,-100.290928183333,,,,,,,,,,,,00:05:37,1,0,0,,
2026-07-08T17:26:55.348,Raspberry_Relieve1,25.6517561833333,-100.29092825,,,,,,,,,,,,00:05:38,0.94,0,0,,
2026-07-08T17:26:56.348,Raspberry_Relieve1,25.6517562166667,-100.29092825,,,,,,,,,,,,00:05:39,1.06,0,0,,
2026-07-08T17:26:57.348,Raspberry_Relieve1,25.6517562333333,-100.290928266667,,,,,,,,,,,,00:05:40,0.9,0,0,,
2026-07-08T17:26:58.348,Raspberry_Relieve1,25.65175625,-100.290928266667,,,,,,,,,,,,00:05:41,1.01,0,0,,
2026-07-08T17:26:59.349,Raspberry_Relieve1,25.6517562666667,-100.290928266667,,,,,,,,,,,,00:05:42,1.04,0,0,,
2026-07-08T17:27:00.349,Raspberry_Relieve1,25.6517562666667,-100.290928283333,,,,,,,,,,,,00:05:43,1.02,0,0,,
2026-07-08T17:27:01.349,Raspberry_Relieve1,25.6517563166667,-100.2909283,,,,,,,,,,,,00:05:44,1.05,0,0,,
2026-07-08T17:27:02.349,Raspberry_Relieve1,25.65175635,-100.290928316667,,,,,,,,,,,,00:05:45,0.92,0,0,,
2026-07-08T17:27:03.349,Raspberry_Relieve1,25.6517563833333,-100.29092835,,,,,,,,,,,,00:05:46,1.03,0,0,,
2026-07-08T17:27:04.349,Raspberry_Relieve1,25.6517564,-100.290928366667,,,,,,,,,,,,00:05:47,0.93,0,0,,
2026-07-08T17:27:05.349,Raspberry_Relieve1,25.6517564166667,-100.290928383333,,,,,,,,,,,,00:05:48,1.07,0,0,,
2026-07-08T17:27:06.349,Raspberry_Relieve1,25.65175645,-100.290928383333,,,,,,,,,,,,00:05:49,0.94,0,0,,
2026-07-08T17:27:07.349,Raspberry_Relieve1,25.6517564833333,-100.2909284,,,,,,,,,,,,00:05:50,1.08,0,0,,
2026-07-08T17:27:08.349,Raspberry_Relieve1,25.6517565166667,-100.290928416667,,,,,,,,,,,,00:05:51,0.99,0,0,,
2026-07-08T17:27:09.350,Raspberry_Relieve1,25.6517565666667,-100.29092845,,,,,,,,,,,,00:05:52,1,0,0,,
2026-07-08T17:27:10.350,Raspberry_Relieve1,25.6517566,-100.290928483333,,,,,,,,,,,,00:05:53,1.04,0,0,,
2026-07-08T17:27:11.350,Raspberry_Relieve1,25.65175665,-100.290928516667,,,,,,,,,,,,00:05:54,0.93,0,0,,
2026-07-08T17:27:12.350,Raspberry_Relieve1,25.6517566833333,-100.29092855,,,,,,,,,,,,00:05:55,1.07,0,0,,
2026-07-08T17:27:13.350,Raspberry_Relieve1,25.6517567166667,-100.290928583333,,,,,,,,,,,,00:05:56,0.89,0,0,,
2026-07-08T17:27:14.350,Raspberry_Relieve1,25.6517567333333,-100.290928616667,,,,,,,,,,,,00:05:57,1,0,0,,
2026-07-08T17:27:15.350,Raspberry_Relieve1,25.65175675,-100.290928633333,,,,,,,,,,,,00:05:58,1.16,0,0,,
2026-07-08T17:27:16.351,Raspberry_Relieve1,25.65175675,-100.290928683333,,,,,,,,,,,,00:05:59,1.08,0,0,,
2026-07-08T17:27:17.351,Raspberry_Relieve1,25.65175675,-100.2909287,,,,,,,,,,,,00:06:00,0.82,0,0,,
2026-07-08T17:27:18.351,Raspberry_Relieve1,25.65175675,-100.290928716667,,,,,,,,,,,,00:06:01,0.95,0,0,,
2026-07-08T17:27:19.351,Raspberry_Relieve1,25.65175675,-100.290928733333,,,,,,,,,,,,00:06:02,0.98,0,0,,
2026-07-08T17:27:20.351,Raspberry_Relieve1,25.65175675,-100.29092875,,,,,,,,,,,,00:06:03,1.01,0,0,,
2026-07-08T17:27:21.351,Raspberry_Relieve1,25.6517567666667,-100.290928783333,,,,,,,,,,,,00:06:04,1.08,0,0,,
2026-07-08T17:27:22.351,Raspberry_Relieve1,25.6517567666667,-100.290928816667,,,,,,,,,,,,00:06:05,1,0,0,,
2026-07-08T17:27:23.352,Raspberry_Relieve1,25.6517567833333,-100.29092885,,,,,,,,,,,,00:06:06,1.06,0,0,,
2026-07-08T17:27:24.352,Raspberry_Relieve1,25.6517568,-100.290928883333,,,,,,,,,,,,00:06:07,0.86,0,0,,
2026-07-08T17:27:25.352,Raspberry_Relieve1,25.6517568333333,-100.290928916667,,,,,,,,,,,,00:06:08,1.04,0,0,,
2026-07-08T17:27:26.352,Raspberry_Relieve1,25.65175685,-100.29092895,,,,,,,,,,,,00:06:09,0.99,0,0,,
2026-07-08T17:27:27.352,Raspberry_Relieve1,25.6517568666667,-100.290928983333,,,,,,,,,,,,00:06:10,0.98,0,0,,
2026-07-08T17:27:28.352,Raspberry_Relieve1,25.6517568833333,-100.290929033333,,,,,,,,,,,,00:06:11,1.04,0,0,,
2026-07-08T17:27:29.352,Raspberry_Relieve1,25.6517569,-100.290929066667,,,,,,,,,,,,00:06:12,1.06,0,0,,
2026-07-08T17:27:30.353,Raspberry_Relieve1,25.6517569666667,-100.290929066667,,,,,,,,,,,,00:06:13,0.92,0,0,,
2026-07-08T17:27:31.353,Raspberry_Relieve1,25.6517570166667,-100.290929083333,,,,,,,,,,,,00:06:14,0.96,0,0,,
2026-07-08T17:27:32.353,Raspberry_Relieve1,25.6517570833333,-100.2909291,,,,,,,,,,,,00:06:15,1.11,0,0,,
2026-07-08T17:27:33.353,Raspberry_Relieve1,25.65175715,-100.290929133333,,,,,,,,,,,,00:06:16,0.92,0,0,,
2026-07-08T17:27:34.353,Raspberry_Relieve1,25.6517572,-100.290929166667,,,,,,,,,,,,00:06:17,0.99,0,0,,
2026-07-08T17:27:35.353,Raspberry_Relieve1,25.6517572333333,-100.290929183333,,,,,,,,,,,,00:06:18,1.04,0,0,,
2026-07-08T17:27:36.353,Raspberry_Relieve1,25.6517572666667,-100.2909292,,,,,,,,,,,,00:06:19,0.98,0,0,,
2026-07-08T17:27:37.353,Raspberry_Relieve1,25.6517573,-100.290929216667,,,,,,,,,,,,00:06:20,0.98,0,0,,
2026-07-08T17:27:38.353,Raspberry_Relieve1,25.65175735,-100.290929233333,,,,,,,,,,,,00:06:21,0.98,0,0,,
2026-07-08T17:27:39.353,Raspberry_Relieve1,25.6517573833333,-100.29092925,,,,,,,,,,,,00:06:22,1.09,0,0,,
2026-07-08T17:27:40.354,Raspberry_Relieve1,25.6517574333333,-100.29092925,,,,,,,,,,,,00:06:23,1.03,0,0,,
2026-07-08T17:27:41.354,Raspberry_Relieve1,25.6517575166667,-100.290929266667,,,,,,,,,,,,00:06:24,0.93,0,0,,
2026-07-08T17:27:42.354,Raspberry_Relieve1,25.6517576,-100.290929283333,,,,,,,,,,,,00:06:25,1.06,0,0,,
2026-07-08T17:27:43.354,Raspberry_Relieve1,25.6517577166667,-100.2909293,,,,,,,,,,,,00:06:26,0.9,0,0,,
2026-07-08T17:27:44.354,Raspberry_Relieve1,25.6517578,-100.29092935,,,,,,,,,,,,00:06:27,1.12,0,0,,
2026-07-08T17:27:45.354,Raspberry_Relieve1,25.6517578833333,-100.290929383333,,,,,,,,,,,,00:06:28,0.86,0,0,,
2026-07-08T17:27:46.354,Raspberry_Relieve1,25.65175795,-100.290929416667,,,,,,,,,,,,00:06:29,1.05,0,0,,
2026-07-08T17:27:47.354,Raspberry_Relieve1,25.651758,-100.290929433333,,,,,,,,,,,,00:06:30,1.08,0,0,,
2026-07-08T17:27:48.354,Raspberry_Relieve1,25.6517580166667,-100.29092945,,,,,,,,,,,,00:06:31,1,0,0,,
2026-07-08T17:27:49.355,Raspberry_Relieve1,25.65175805,-100.29092945,,,,,,,,,,,,00:06:32,1.02,0,0,,
2026-07-08T17:27:50.355,Raspberry_Relieve1,25.6517580666667,-100.29092945,,,,,,,,,,,,00:06:33,0.97,0,0,,
2026-07-08T17:27:51.355,Raspberry_Relieve1,25.6517581,-100.290929433333,,,,,,,,,,,,00:06:34,0.99,0,0,,
2026-07-08T17:27:52.355,Raspberry_Relieve1,25.65175815,-100.290929433333,,,,,,,,,,,,00:06:35,0.99,0,0,,
2026-07-08T17:27:53.355,Raspberry_Relieve1,25.6517581833333,-100.290929416667,,,,,,,,,,,,00:06:36,1.01,0,0,,
2026-07-08T17:27:54.355,Raspberry_Relieve1,25.6517582333333,-100.290929416667,,,,,,,,,,,,00:06:37,0.96,0,0,,
2026-07-08T17:27:55.355,Raspberry_Relieve1,25.6517582833333,-100.290929383333,,,,,,,,,,,,00:06:38,1.03,0,0,,
2026-07-08T17:27:56.355,Raspberry_Relieve1,25.6517583333333,-100.29092935,,,,,,,,,,,,00:06:39,1.01,0,0,,
2026-07-08T17:27:57.355,Raspberry_Relieve1,25.6517584,-100.290929316667,,,,,,,,,,,,00:06:40,0.94,0,0,,
2026-07-08T17:27:58.356,Raspberry_Relieve1,25.65175845,-100.290929266667,,,,,,,,,,,,00:06:41,1.08,0,0,,
2026-07-08T17:27:59.356,Raspberry_Relieve1,25.6517585166667,-100.290929216667,,,,,,,,,,,,00:06:42,0.94,0,0,,
2026-07-08T17:28:00.356,Raspberry_Relieve1,25.6517586,-100.2909292,,,,,,,,,,,,00:06:43,1.01,0,0,,
2026-07-08T17:28:01.356,Raspberry_Relieve1,25.6517586333333,-100.290929183333,,,,,,,,,,,,00:06:44,1.08,0,0,,
2026-07-08T17:28:02.356,Raspberry_Relieve1,25.6517586833333,-100.29092915,,,,,,,,,,,,00:06:45,0.91,0,0,,
2026-07-08T17:28:03.356,Raspberry_Relieve1,25.6517587166667,-100.290929133333,,,,,,,,,,,,00:06:46,1.08,0,0,,
2026-07-08T17:28:04.356,Raspberry_Relieve1,25.6517587333333,-100.290929116667,,,,,,,,,,,,00:06:47,1,0,0,,
2026-07-08T17:28:05.357,Raspberry_Relieve1,25.6517587666667,-100.290929116667,,,,,,,,,,,,00:06:48,0.99,0,0,,
2026-07-08T17:28:06.357,Raspberry_Relieve1,25.6517587833333,-100.290929133333,,,,,,,,,,,,00:06:49,0.89,0,0,,
2026-07-08T17:28:07.357,Raspberry_Relieve1,25.6517588166667,-100.29092915,,,,,,,,,,,,00:06:50,1,0,0,,
2026-07-08T17:28:08.357,Raspberry_Relieve1,25.65175885,-100.290929166667,,,,,,,,,,,,00:06:51,1.11,0,0,,
2026-07-08T17:28:09.357,Raspberry_Relieve1,25.6517588833333,-100.290929166667,,,,,,,,,,,,00:06:52,0.88,0,0,,
2026-07-08T17:28:10.357,Raspberry_Relieve1,25.6517589,-100.29092915,,,,,,,,,,,,00:06:53,1.02,0,0,,
2026-07-08T17:28:11.357,Raspberry_Relieve1,25.6517589333333,-100.290929133333,,,,,,,,,,,,00:06:54,1.07,0,0,,
2026-07-08T17:28:12.357,Raspberry_Relieve1,25.6517589833333,-100.290929116667,,,,,,,,,,,,00:06:55,1,0,0,,
2026-07-08T17:28:13.357,Raspberry_Relieve1,25.6517590166667,-100.29092915,,,,,,,,,,,,00:06:56,1.04,0,0,,
2026-07-08T17:28:14.357,Raspberry_Relieve1,25.65175905,-100.290929166667,,,,,,,,,,,,00:06:57,0.9,0,0,,
2026-07-08T17:28:15.357,Raspberry_Relieve1,25.6517590666667,-100.29092915,,,,,,,,,,,,00:06:58,1.04,0,0,,
2026-07-08T17:28:16.358,Raspberry_Relieve1,25.6517590666667,-100.290929166667,,,,,,,,,,,,00:06:59,0.94,0,0,,
2026-07-08T17:28:17.358,Raspberry_Relieve1,25.6517590833333,-100.290929183333,,,,,,,,,,,,00:07:00,1.03,0,0,,
2026-07-08T17:28:18.358,Raspberry_Relieve1,25.6517590833333,-100.290929183333,,,,,,,,,,,,00:07:01,1.2,0,0,,
2026-07-08T17:28:19.358,Raspberry_Relieve1,25.6517590833333,-100.290929183333,,,,,,,,,,,,00:07:02,0.87,0,0,,
2026-07-08T17:28:20.358,Raspberry_Relieve1,25.6517591,-100.290929166667,,,,,,,,,,,,00:07:03,0.91,0,0,,
2026-07-08T17:28:21.358,Raspberry_Relieve1,25.6517591166667,-100.290929133333,,,,,,,,,,,,00:07:04,1.05,0,0,,
2026-07-08T17:28:22.358,Raspberry_Relieve1,25.6517591166667,-100.290929133333,,,,,,,,,,,,00:07:05,0.95,0,0,,
2026-07-08T17:28:23.358,Raspberry_Relieve1,25.6517591166667,-100.290929116667,,,,,,,,,,,,00:07:06,1.14,0,0,,
2026-07-08T17:28:24.359,Raspberry_Relieve1,25.6517591333333,-100.290929116667,,,,,,,,,,,,00:07:07,0.95,0,0,,
2026-07-08T17:28:25.359,Raspberry_Relieve1,25.6517591333333,-100.2909291,,,,,,,,,,,,00:07:08,0.95,0,0,,
2026-07-08T17:28:26.359,Raspberry_Relieve1,25.6517591166667,-100.290929083333,,,,,,,,,,,,00:07:09,1.03,0,0,,
2026-07-08T17:28:27.359,Raspberry_Relieve1,25.6517591166667,-100.290929083333,,,,,,,,,,,,00:07:10,1.04,0,0,,
2026-07-08T17:28:28.359,Raspberry_Relieve1,25.6517591166667,-100.290929066667,,,,,,,,,,,,00:07:11,1.03,0,0,,
2026-07-08T17:28:29.359,Raspberry_Relieve1,25.6517591166667,-100.290929033333,,,,,,,,,,,,00:07:12,0.91,0,0,,
2026-07-08T17:28:30.359,Raspberry_Relieve1,25.6517591166667,-100.290929016667,,,,,,,,,,,,00:07:13,0.95,0,0,,
2026-07-08T17:28:31.360,Raspberry_Relieve1,25.6517591166667,-100.290929,,,,,,,,,,,,00:07:14,1.05,0,0,,
2026-07-08T17:28:32.360,Raspberry_Relieve1,25.6517591166667,-100.290928983333,,,,,,,,,,,,00:07:15,1.02,0,0,,
2026-07-08T17:28:33.360,Raspberry_Relieve1,25.6517591166667,-100.29092895,,,,,,,,,,,,00:07:16,0.99,0,0,,
2026-07-08T17:28:34.360,Raspberry_Relieve1,25.6517591333333,-100.29092895,,,,,,,,,,,,00:07:17,1.06,0,0,,
2026-07-08T17:28:35.360,Raspberry_Relieve1,25.6517591333333,-100.290928916667,,,,,,,,,,,,00:07:18,0.95,0,0,,
2026-07-08T17:28:36.360,Raspberry_Relieve1,25.6517591333333,-100.2909289,,,,,,,,,,,,00:07:19,1.05,0,0,,
2026-07-08T17:28:37.360,Raspberry_Relieve1,25.65175915,-100.290928883333,,,,,,,,,,,,00:07:20,1.06,0,0,,
2026-07-08T17:28:38.360,Raspberry_Relieve1,25.6517591666667,-100.290928866667,,,,,,,,,,,,00:07:21,0.93,0,0,,
2026-07-08T17:28:39.360,Raspberry_Relieve1,25.6517591833333,-100.290928833333,,,,,,,,,,,,00:07:22,1.02,0,0,,
2026-07-08T17:28:40.361,Raspberry_Relieve1,25.6517592,-100.290928816667,,,,,,,,,,,,00:07:23,0.95,0,0,,
2026-07-08T17:28:41.361,Raspberry_Relieve1,25.6517592333333,-100.290928783333,,,,,,,,,,,,00:07:24,1,0,0,,
2026-07-08T17:28:42.361,Raspberry_Relieve1,25.6517592333333,-100.29092875,,,,,,,,,,,,00:07:25,1.02,0,0,,
2026-07-08T17:28:43.361,Raspberry_Relieve1,25.65175925,-100.290928733333,,,,,,,,,,,,00:07:26,1.04,0,0,,
2026-07-08T17:28:44.361,Raspberry_Relieve1,25.65175925,-100.290928716667,,,,,,,,,,,,00:07:27,1.05,0,0,,
2026-07-08T17:28:45.361,Raspberry_Relieve1,25.65175925,-100.2909287,,,,,,,,,,,,00:07:28,0.79,0,0,,
2026-07-08T17:28:46.361,Raspberry_Relieve1,25.65175925,-100.290928666667,,,,,,,,,,,,00:07:29,1.03,0,0,,
2026-07-08T17:28:47.361,Raspberry_Relieve1,25.65175925,-100.29092865,,,,,,,,,,,,00:07:30,1,0,0,,
2026-07-08T17:28:48.361,Raspberry_Relieve1,25.65175925,-100.290928616667,,,,,,,,,,,,00:07:31,1.03,0,0,,
2026-07-08T17:28:49.361,Raspberry_Relieve1,25.65175925,-100.2909286,,,,,,,,,,,,00:07:32,1.07,0,0,,
2026-07-08T17:28:50.361,Raspberry_Relieve1,25.6517592333333,-100.290928566667,,,,,,,,,,,,00:07:33,0.96,0,0,,
2026-07-08T17:28:51.362,Raspberry_Relieve1,25.65175925,-100.290928533333,,,,,,,,,,,,00:07:34,1.13,0,0,,
2026-07-08T17:28:52.362,Raspberry_Relieve1,25.65175925,-100.2909285,,,,,,,,,,,,00:07:35,0.82,0,0,,
2026-07-08T17:28:53.362,Raspberry_Relieve1,25.6517592666667,-100.29092845,,,,,,,,,,,,00:07:36,1.23,0,0,,
2026-07-08T17:28:54.362,Raspberry_Relieve1,25.6517592833333,-100.290928433333,,,,,,,,,,,,00:07:37,0.92,0,0,,
2026-07-08T17:28:55.362,Raspberry_Relieve1,25.6517593166667,-100.290928416667,,,,,,,,,,,,00:07:38,0.86,0,0,,
2026-07-08T17:28:56.362,Raspberry_Relieve1,25.6517593333333,-100.2909284,,,,,,,,,,,,00:07:39,1.15,0,0,,
2026-07-08T17:28:57.362,Raspberry_Relieve1,25.65175935,-100.290928383333,,,,,,,,,,,,00:07:40,0.93,0,0,,
2026-07-08T17:28:58.362,Raspberry_Relieve1,25.6517593666667,-100.29092835,,,,,,,,,,,,00:07:41,1,0,0,,
2026-07-08T17:28:59.362,Raspberry_Relieve1,25.6517593833333,-100.290928333333,,,,,,,,,,,,00:07:42,1.02,0,0,,
2026-07-08T17:29:00.363,Raspberry_Relieve1,25.6517594,-100.290928316667,,,,,,,,,,,,00:07:43,1.03,0,0,,
2026-07-08T17:29:01.363,Raspberry_Relieve1,25.6517594,-100.290928283333,,,,,,,,,,,,00:07:44,0.95,0,0,,
2026-07-08T17:29:02.363,Raspberry_Relieve1,25.6517594,-100.29092825,,,,,,,,,,,,00:07:45,1.02,0,0,,
2026-07-08T17:29:03.363,Raspberry_Relieve1,25.6517594,-100.290928216667,,,,,,,,,,,,00:07:46,0.98,0,0,,
2026-07-08T17:29:04.363,Raspberry_Relieve1,25.6517594,-100.2909282,,,,,,,,,,,,00:07:47,0.98,0,0,,
2026-07-08T17:29:05.363,Raspberry_Relieve1,25.6517593833333,-100.290928183333,,,,,,,,,,,,00:07:48,0.91,0,0,,
2026-07-08T17:29:06.363,Raspberry_Relieve1,25.6517593833333,-100.290928183333,,,,,,,,,,,,00:07:49,1.05,0,0,,
2026-07-08T17:29:07.363,Raspberry_Relieve1,25.6517593666667,-100.2909282,,,,,,,,,,,,00:07:50,1.11,0,0,,
2026-07-08T17:29:08.363,Raspberry_Relieve1,25.6517593833333,-100.290928233333,,,,,,,,,,,,00:07:51,1.04,0,0,,
2026-07-08T17:29:09.363,Raspberry_Relieve1,25.6517593666667,-100.29092825,,,,,,,,,,,,00:07:52,0.95,0,0,,
2026-07-08T17:29:10.364,Raspberry_Relieve1,25.6517593666667,-100.290928266667,,,,,,,,,,,,00:07:53,0.99,0,0,,
2026-07-08T17:29:11.364,Raspberry_Relieve1,25.6517593666667,-100.290928283333,,,,,,,,,,,,00:07:54,0.92,0,0,,
2026-07-08T17:29:12.364,Raspberry_Relieve1,25.6517593333333,-100.290928283333,,,,,,,,,,,,00:07:55,1.04,0,0,,
2026-07-08T17:29:13.364,Raspberry_Relieve1,25.6517593333333,-100.2909283,,,,,,,,,,,,00:07:56,1.12,0,0,,
2026-07-08T17:29:14.364,Raspberry_Relieve1,25.6517593333333,-100.290928333333,,,,,,,,,,,,00:07:57,0.92,0,0,,
2026-07-08T17:29:15.364,Raspberry_Relieve1,25.6517593333333,-100.290928383333,,,,,,,,,,,,00:07:58,1.02,0,0,,
2026-07-08T17:29:16.364,Raspberry_Relieve1,25.6517593333333,-100.290928433333,,,,,,,,,,,,00:07:59,0.86,0,0,,
2026-07-08T17:29:17.364,Raspberry_Relieve1,25.65175935,-100.29092845,,,,,,,,,,,,00:08:00,1.18,0,0,,
2026-07-08T17:29:18.364,Raspberry_Relieve1,25.65175935,-100.290928483333,,,,,,,,,,,,00:08:01,0.83,0,0,,
2026-07-08T17:29:19.364,Raspberry_Relieve1,25.6517593333333,-100.290928516667,,,,,,,,,,,,00:08:02,1.17,0,0,,
2026-07-08T17:29:20.365,Raspberry_Relieve1,25.6517593333333,-100.290928566667,,,,,,,,,,,,00:08:03,0.87,0,0,,
2026-07-08T17:29:21.365,Raspberry_Relieve1,25.6517593166667,-100.290928633333,,,,,,,,,,,,00:08:04,0.98,0,0,,
2026-07-08T17:29:22.365,Raspberry_Relieve1,25.6517593,-100.290928683333,,,,,,,,,,,,00:08:05,1.01,0,0,,
2026-07-08T17:29:23.365,Raspberry_Relieve1,25.6517593,-100.29092875,,,,,,,,,,,,00:08:06,1.08,0,0,,
2026-07-08T17:29:24.365,Raspberry_Relieve1,25.6517592833333,-100.2909288,,,,,,,,,,,,00:08:07,0.89,0,0,,
2026-07-08T17:29:25.365,Raspberry_Relieve1,25.6517592833333,-100.290928833333,,,,,,,,,,,,00:08:08,1.09,0,0,,
2026-07-08T17:29:26.365,Raspberry_Relieve1,25.6517592833333,-100.2909289,,,,,,,,,,,,00:08:09,1,0,0,,
2026-07-08T17:29:27.365,Raspberry_Relieve1,25.6517592666667,-100.29092895,,,,,,,,,,,,00:08:10,0.92,0,0,,
2026-07-08T17:29:28.366,Raspberry_Relieve1,25.6517592666667,-100.290928966667,,,,,,,,,,,,00:08:11,0.96,0,0,,
2026-07-08T17:29:29.366,Raspberry_Relieve1,25.6517592666667,-100.290929,,,,,,,,,,,,00:08:12,1.08,0,0,,
2026-07-08T17:29:30.366,Raspberry_Relieve1,25.6517592666667,-100.290929033333,,,,,,,,,,,,00:08:13,0.93,0,0,,
2026-07-08T17:29:31.366,Raspberry_Relieve1,25.6517592833333,-100.290929066667,,,,,,,,,,,,00:08:14,1.11,0,0,,
2026-07-08T17:29:32.366,Raspberry_Relieve1,25.6517593,-100.290929083333,,,,,,,,,,,,00:08:15,0.92,0,0,,
2026-07-08T17:29:33.366,Raspberry_Relieve1,25.6517593,-100.2909291,,,,,,,,,,,,00:08:16,1.06,0,0,,
2026-07-08T17:29:34.366,Raspberry_Relieve1,25.6517593166667,-100.29092915,,,,,,,,,,,,00:08:17,1.07,0,0,,
2026-07-08T17:29:35.366,Raspberry_Relieve1,25.6517593333333,-100.290929133333,,,,,,,,,,,,00:08:18,0.95,0,0,,
2026-07-08T17:29:36.366,Raspberry_Relieve1,25.65175935,-100.290929133333,,,,,,,,,,,,00:08:19,1.02,0,0,,
2026-07-08T17:29:37.366,Raspberry_Relieve1,25.6517593833333,-100.29092915,,,,,,,,,,,,00:08:20,1.02,0,0,,
2026-07-08T17:29:38.367,Raspberry_Relieve1,25.6517593833333,-100.29092915,,,,,,,,,,,,00:08:21,0.92,0,0,,
2026-07-08T17:29:39.367,Raspberry_Relieve1,25.6517594,-100.29092915,,,,,,,,,,,,00:08:22,1.03,0,0,,
2026-07-08T17:29:40.367,Raspberry_Relieve1,25.6517594166667,-100.290929166667,,,,,,,,,,,,00:08:23,0.92,0,0,,
2026-07-08T17:29:41.367,Raspberry_Relieve1,25.6517594333333,-100.290929133333,,,,,,,,,,,,00:08:24,1.02,0,0,,
2026-07-08T17:29:42.367,Raspberry_Relieve1,25.6517594333333,-100.2909291,,,,,,,,,,,,00:08:25,1.1,0,0,,
2026-07-08T17:29:43.367,Raspberry_Relieve1,25.65175945,-100.290929066667,,,,,,,,,,,,00:08:26,0.95,0,0,,
2026-07-08T17:29:44.367,Raspberry_Relieve1,25.65175945,-100.290929033333,,,,,,,,,,,,00:08:27,0.93,0,0,,
2026-07-08T17:29:45.367,Raspberry_Relieve1,25.6517594833333,-100.290929033333,,,,,,,,,,,,00:08:28,1.04,0,0,,
2026-07-08T17:29:46.367,Raspberry_Relieve1,25.6517595,-100.290929,,,,,,,,,,,,00:08:29,1.06,0,0,,
2026-07-08T17:29:47.367,Raspberry_Relieve1,25.6517595166667,-100.290928983333,,,,,,,,,,,,00:08:30,1,0,0,,
2026-07-08T17:29:48.367,Raspberry_Relieve1,25.6517595333333,-100.290928983333,,,,,,,,,,,,00:08:31,0.87,0,0,,
2026-07-08T17:29:49.368,Raspberry_Relieve1,25.65175955,-100.290928966667,,,,,,,,,,,,00:08:32,1.02,0,0,,
2026-07-08T17:29:50.368,Raspberry_Relieve1,25.6517595666667,-100.290928933333,,,,,,,,,,,,00:08:33,1.11,0,0,,
2026-07-08T17:29:51.368,Raspberry_Relieve1,25.6517595666667,-100.290928933333,,,,,,,,,,,,00:08:34,0.88,0,0,,
2026-07-08T17:30:12.518,Raspberry_Relieve1,25.6517595666667,-100.290928916667,,,,,,,,,,,,00:08:56,21.57,0,0,,
2026-07-08T17:30:13.518,Raspberry_Relieve1,25.6517595666667,-100.290928916667,,,,,,,,,,,,00:08:56,0.67,0,0,,
2026-07-08T17:30:14.518,Raspberry_Relieve1,25.6517595666667,-100.290928916667,,,,,,,,,,,,00:08:57,1.12,0,0,,
2026-07-08T17:30:15.518,Raspberry_Relieve1,25.6517595666667,-100.290928916667,,,,,,,,,,,,00:08:58,0.82,0,0,,
2026-07-08T17:30:16.518,Raspberry_Relieve1,25.6517595666667,-100.290928916667,,,,,,,,,,,,00:08:59,1.16,0,0,,
2026-07-08T17:30:17.518,Raspberry_Relieve1,25.6517595666667,-100.290928916667,,,,,,,,,,,,00:09:00,0.86,0,0,,
2026-07-08T17:30:18.518,Raspberry_Relieve1,25.6517595666667,-100.290928916667,,,,,,,,,,,,00:09:01,0.94,0,0,,
2026-07-08T17:30:19.519,Raspberry_Relieve1,25.6517595666667,-100.290928916667,,,,,,,,,,,,00:09:02,1.06,0,0,,
2026-07-08T17:30:20.519,Raspberry_Relieve1,25.6517595666667,-100.290928916667,,,,,,,,,,,,00:09:03,1.03,0,0,,
2026-07-08T17:30:21.519,Raspberry_Relieve1,25.6517595666667,-100.290928916667,,,,,,,,,,,,00:09:04,1.04,0,0,,
2026-07-08T17:30:22.519,Raspberry_Relieve1,25.6517595666667,-100.290928916667,,,,,,,,,,,,00:09:05,1.02,0,0,,
2026-07-08T17:30:23.519,Raspberry_Relieve1,25.6517595666667,-100.290928916667,,,,,,,,,,,,00:09:06,0.92,0,0,,
2026-07-08T17:30:24.519,Raspberry_Relieve1,25.6517595666667,-100.290928916667,,,,,,,,,,,,00:09:07,1.02,0,0,,
2026-07-08T17:30:25.519,Raspberry_Relieve1,25.6517595666667,-100.290928916667,,,,,,,,,,,,00:09:08,0.92,0,0,,
2026-07-08T17:30:26.519,Raspberry_Relieve1,25.6517595666667,-100.290928916667,,,,,,,,,,,,00:09:09,1.1,0,0,,
2026-07-08T17:30:27.519,Raspberry_Relieve1,25.6517595666667,-100.290928916667,,,,,,,,,,,,00:09:10,0.95,0,0,,
2026-07-08T17:30:28.519,Raspberry_Relieve1,25.6517595666667,-100.290928916667,,,,,,,,,,,,00:09:11,1.09,0,0,,
2026-07-08T17:30:29.520,Raspberry_Relieve1,25.6517595666667,-100.290928916667,,,,,,,,,,,,00:09:12,0.95,0,0,,
2026-07-08T17:30:30.520,Raspberry_Relieve1,25.6517595666667,-100.290928916667,,,,,,,,,,,,00:09:13,0.98,0,0,,
2026-07-08T17:30:31.520,Raspberry_Relieve1,25.6517595666667,-100.290928916667,,,,,,,,,,,,00:09:14,0.9,0,0,,
2026-07-08T17:30:32.520,Raspberry_Relieve1,25.6517595666667,-100.290928916667,,,,,,,,,,,,00:09:15,1.09,0,0,,
2026-07-08T17:30:33.520,Raspberry_Relieve1,25.6517595666667,-100.290928916667,,,,,,,,,,,,00:09:16,0.98,0,0,,
2026-07-08T17:30:34.520,Raspberry_Relieve1,25.6517595666667,-100.290928916667,,,,,,,,,,,,00:09:17,1.06,0,0,,
2026-07-08T17:30:35.520,Raspberry_Relieve1,25.6517595666667,-100.290928916667,,,,,,,,,,,,00:09:18,0.93,0,0,,
2026-07-08T17:30:36.520,Raspberry_Relieve1,25.6517595666667,-100.290928916667,,,,,,,,,,,,00:09:19,1.02,0,0,,
2026-07-08T17:30:37.520,Raspberry_Relieve1,25.6517595666667,-100.290928916667,,,,,,,,,,,,00:09:20,1.03,0,0,,
2026-07-08T17:30:38.521,Raspberry_Relieve1,25.6517595666667,-100.290928916667,,,,,,,,,,,,00:09:21,0.98,0,0,,
2026-07-08T17:30:39.521,Raspberry_Relieve1,25.6517595666667,-100.290928916667,,,,,,,,,,,,00:09:22,0.93,0,0,,
2026-07-08T17:30:40.521,Raspberry_Relieve1,25.6517595666667,-100.290928916667,,,,,,,,,,,,00:09:23,1.02,0,0,,
2026-07-08T17:30:41.521,Raspberry_Relieve1,25.6517595666667,-100.290928916667,,,,,,,,,,,,00:09:24,1.11,0,0,,
2026-07-08T17:30:42.521,Raspberry_Relieve1,25.6517595666667,-100.290928916667,,,,,,,,,,,,00:09:25,0.94,0,0,,
2026-07-08T17:30:43.521,Raspberry_Relieve1,25.6517595666667,-100.290928916667,,,,,,,,,,,,00:09:26,1.04,0,0,,
2026-07-08T17:30:44.521,Raspberry_Relieve1,25.6517595666667,-100.290928916667,,,,,,,,,,,,00:09:27,1.03,0,0,,
2026-07-08T17:30:45.521,Raspberry_Relieve1,25.6517595666667,-100.290928916667,,,,,,,,,,,,00:09:28,0.95,0,0,,
2026-07-08T17:30:46.521,Raspberry_Relieve1,25.6517595666667,-100.290928916667,,,,,,,,,,,,00:09:29,1.03,0,0,,
2026-07-08T17:30:47.522,Raspberry_Relieve1,25.6517595666667,-100.290928916667,,,,,,,,,,,,00:09:30,0.94,0,0,,
2026-07-08T17:30:48.522,Raspberry_Relieve1,25.6517595666667,-100.290928916667,,,,,,,,,,,,00:09:31,1,0,0,,
2026-07-08T17:30:49.522,Raspberry_Relieve1,25.6517595666667,-100.290928916667,,,,,,,,,,,,00:09:32,1.01,0,0,,
2026-07-08T17:30:50.522,Raspberry_Relieve1,25.6517595666667,-100.290928916667,,,,,,,,,,,,00:09:33,1.01,0,0,,
2026-07-08T17:30:51.522,Raspberry_Relieve1,25.6517595666667,-100.290928916667,,,,,,,,,,,,00:09:34,0.94,0,0,,
2026-07-08T17:30:52.522,Raspberry_Relieve1,25.6517595666667,-100.290928916667,,,,,,,,,,,,00:09:35,1.02,0,0,,
2026-07-08T17:30:53.522,Raspberry_Relieve1,25.6517595666667,-100.290928916667,,,,,,,,,,,,00:09:36,1.03,0,0,,
2026-07-08T17:30:54.522,Raspberry_Relieve1,25.6517595666667,-100.290928916667,,,,,,,,,,,,00:09:37,1.05,0,0,,
2026-07-08T17:30:55.522,Raspberry_Relieve1,25.6517595666667,-100.290928916667,,,,,,,,,,,,00:09:38,0.95,0,0,,
2026-07-08T17:30:56.523,Raspberry_Relieve1,25.6517595666667,-100.290928916667,,,,,,,,,,,,00:09:39,0.99,0,0,,
2026-07-08T17:30:57.523,Raspberry_Relieve1,25.6517595666667,-100.290928916667,,,,,,,,,,,,00:09:40,0.97,0,0,,
2026-07-08T17:30:58.523,Raspberry_Relieve1,25.6517595666667,-100.290928916667,,,,,,,,,,,,00:09:41,0.98,0,0,,
2026-07-08T17:30:59.523,Raspberry_Relieve1,25.6517595666667,-100.290928916667,,,,,,,,,,,,00:09:42,1,0,0,,
2026-07-08T17:31:00.523,Raspberry_Relieve1,25.6517595666667,-100.290928916667,,,,,,,,,,,,00:09:43,1.1,0,0,,
2026-07-08T17:31:01.523,Raspberry_Relieve1,25.6517595666667,-100.290928916667,,,,,,,,,,,,00:09:44,1.03,0,0,,
2026-07-08T17:31:02.523,Raspberry_Relieve1,25.6517595666667,-100.290928916667,,,,,,,,,,,,00:09:45,0.86,0,0,,
2026-07-08T17:31:03.523,Raspberry_Relieve1,25.6517595666667,-100.290928916667,,,,,,,,,,,,00:09:46,1.11,0,0,,
2026-07-08T17:31:04.523,Raspberry_Relieve1,25.6517595666667,-100.290928916667,,,,,,,,,,,,00:09:47,0.97,0,0,,
2026-07-08T17:31:05.524,Raspberry_Relieve1,25.6517595666667,-100.290928916667,,,,,,,,,,,,00:09:48,1.01,0,0,,
2026-07-08T17:31:06.524,Raspberry_Relieve1,25.6517595666667,-100.290928916667,,,,,,,,,,,,00:09:49,1.03,0,0,,
2026-07-08T17:31:07.524,Raspberry_Relieve1,25.6517595666667,-100.290928916667,,,,,,,,,,,,00:09:50,0.9,0,0,,
2026-07-08T17:31:08.524,Raspberry_Relieve1,25.6517595666667,-100.290928916667,,,,,,,,,,,,00:09:51,1.08,0,0,,
2026-07-08T17:31:09.524,Raspberry_Relieve1,25.6517595666667,-100.290928916667,,,,,,,,,,,,00:09:52,0.93,0,0,,
2026-07-08T17:31:10.524,Raspberry_Relieve1,25.6517595666667,-100.290928916667,,,,,,,,,,,,00:09:53,1.15,0,0,,
2026-07-08T17:31:11.524,Raspberry_Relieve1,25.6517595666667,-100.290928916667,,,,,,,,,,,,00:09:54,0.92,0,0,,
2026-07-08T17:31:12.524,Raspberry_Relieve1,25.6517595666667,-100.290928916667,,,,,,,,,,,,00:09:55,0.94,0,0,,
2026-07-08T17:31:13.525,Raspberry_Relieve1,25.6517595666667,-100.290928916667,,,,,,,,,,,,00:09:56,0.97,0,0,,
2026-07-08T17:31:14.525,Raspberry_Relieve1,25.6517595666667,-100.290928916667,,,,,,,,,,,,00:09:57,1.07,0,0,,
2026-07-08T17:31:15.525,Raspberry_Relieve1,25.6517595666667,-100.290928916667,,,,,,,,,,,,00:09:58,0.95,0,0,,
2026-07-08T17:31:16.525,Raspberry_Relieve1,25.6517595666667,-100.290928916667,,,,,,,,,,,,00:09:59,0.96,0,0,,
2026-07-08T17:31:17.525,Raspberry_Relieve1,25.6517595666667,-100.290928916667,,,,,,,,,,,,00:10:00,1.05,0,0,,
2026-07-08T17:31:18.525,Raspberry_Relieve1,25.6517595666667,-100.290928916667,,,,,,,,,,,,00:10:01,1.09,0,0,,
2026-07-08T17:31:19.525,Raspberry_Relieve1,25.6517595666667,-100.290928916667,,,,,,,,,,,,00:10:02,0.98,0,0,,
2026-07-08T17:31:20.525,Raspberry_Relieve1,25.6517595666667,-100.290928916667,,,,,,,,,,,,00:10:03,0.88,0,0,,
2026-07-08T17:31:21.525,Raspberry_Relieve1,25.6517595666667,-100.290928916667,,,,,,,,,,,,00:10:04,1.08,0,0,,
2026-07-08T17:31:22.526,Raspberry_Relieve1,25.6517595666667,-100.290928916667,,,,,,,,,,,,00:10:05,1.05,0,0,,
2026-07-08T17:31:23.526,Raspberry_Relieve1,25.6517595666667,-100.290928916667,,,,,,,,,,,,00:10:06,0.94,0,0,,
2026-07-08T17:31:24.526,Raspberry_Relieve1,25.6517595666667,-100.290928916667,,,,,,,,,,,,00:10:07,0.92,0,0,,
2026-07-08T17:31:25.526,Raspberry_Relieve1,25.6517595666667,-100.290928916667,,,,,,,,,,,,00:10:08,1.03,0,0,,
2026-07-08T17:31:26.526,Raspberry_Relieve1,25.6517595666667,-100.290928916667,,,,,,,,,,,,00:10:09,1.03,0,0,,
2026-07-08T17:31:27.526,Raspberry_Relieve1,25.6517595666667,-100.290928916667,,,,,,,,,,,,00:10:10,1.01,0,0,,
2026-07-08T17:31:28.526,Raspberry_Relieve1,25.6517595666667,-100.290928916667,,,,,,,,,,,,00:10:11,1.02,0,0,,
2026-07-08T17:31:29.526,Raspberry_Relieve1,25.6517595666667,-100.290928916667,,,,,,,,,,,,00:10:12,1.03,0,0,,
2026-07-08T17:31:30.527,Raspberry_Relieve1,25.6517595666667,-100.290928916667,,,,,,,,,,,,00:10:13,0.93,0,0,,
2026-07-08T17:31:31.527,Raspberry_Relieve1,25.6517595666667,-100.290928916667,,,,,,,,,,,,00:10:14,1.05,0,0,,
2026-07-08T17:31:32.527,Raspberry_Relieve1,25.6517595666667,-100.290928916667,,,,,,,,,,,,00:10:15,0.98,0,0,,
2026-07-08T17:31:33.527,Raspberry_Relieve1,25.6517595666667,-100.290928916667,,,,,,,,,,,,00:10:16,0.93,0,0,,
2026-07-08T17:31:34.527,Raspberry_Relieve1,25.6517595666667,-100.290928916667,,,,,,,,,,,,00:10:17,1,0,0,,
2026-07-08T17:31:35.527,Raspberry_Relieve1,25.6517595666667,-100.290928916667,,,,,,,,,,,,00:10:18,1.07,0,0,,
2026-07-08T17:31:36.527,Raspberry_Relieve1,25.6517595666667,-100.290928916667,,,,,,,,,,,,00:10:19,1.02,0,0,,
2026-07-08T17:31:37.527,Raspberry_Relieve1,25.6517595666667,-100.290928916667,,,,,,,,,,,,00:10:20,1,0,0,,
2026-07-08T17:31:38.527,Raspberry_Relieve1,25.6517595666667,-100.290928916667,,,,,,,,,,,,00:10:21,1.06,0,0,,
2026-07-08T17:31:39.527,Raspberry_Relieve1,25.6517595666667,-100.290928916667,,,,,,,,,,,,00:10:22,0.91,0,0,,
2026-07-08T17:31:40.527,Raspberry_Relieve1,25.6517595666667,-100.290928916667,,,,,,,,,,,,00:10:23,1.04,0,0,,
2026-07-08T17:31:41.528,Raspberry_Relieve1,25.6517595666667,-100.290928916667,,,,,,,,,,,,00:10:24,0.91,0,0,,
2026-07-08T17:31:42.528,Raspberry_Relieve1,25.6517595666667,-100.290928916667,,,,,,,,,,,,00:10:25,1.08,0,0,,
2026-07-08T17:31:43.528,Raspberry_Relieve1,25.6517595666667,-100.290928916667,,,,,,,,,,,,00:10:26,1.03,0,0,,
2026-07-08T17:31:44.528,Raspberry_Relieve1,25.6517595666667,-100.290928916667,,,,,,,,,,,,00:10:27,0.98,0,0,,
2026-07-08T17:31:45.528,Raspberry_Relieve1,25.6517595666667,-100.290928916667,,,,,,,,,,,,00:10:28,0.97,0,0,,
2026-07-08T17:31:46.528,Raspberry_Relieve1,25.6517595666667,-100.290928916667,,,,,,,,,,,,00:10:29,0.98,0,0,,
2026-07-08T17:31:47.528,Raspberry_Relieve1,25.6517595666667,-100.290928916667,,,,,,,,,,,,00:10:30,0.95,0,0,,
2026-07-08T17:31:48.528,Raspberry_Relieve1,25.6517595666667,-100.290928916667,,,,,,,,,,,,00:10:31,1.06,0,0,,
2026-07-08T17:31:49.528,Raspberry_Relieve1,25.6517595666667,-100.290928916667,,,,,,,,,,,,00:10:32,1.01,0,0,,
2026-07-08T17:31:50.529,Raspberry_Relieve1,25.6517595666667,-100.290928916667,,,,,,,,,,,,00:10:33,1.03,0,0,,
2026-07-08T17:31:51.529,Raspberry_Relieve1,25.6517595666667,-100.290928916667,,,,,,,,,,,,00:10:34,1.04,0,0,,
2026-07-08T17:31:52.529,Raspberry_Relieve1,25.6517595666667,-100.290928916667,,,,,,,,,,,,00:10:35,0.94,0,0,,
2026-07-08T17:31:53.529,Raspberry_Relieve1,25.6517595666667,-100.290928916667,,,,,,,,,,,,00:10:36,1.06,0,0,,
2026-07-08T17:31:54.529,Raspberry_Relieve1,25.6517595666667,-100.290928916667,,,,,,,,,,,,00:10:37,0.96,0,0,,
2026-07-08T17:31:55.529,Raspberry_Relieve1,25.6517595666667,-100.290928916667,,,,,,,,,,,,00:10:38,1.02,0,0,,
2026-07-08T17:31:56.529,Raspberry_Relieve1,25.6517595666667,-100.290928916667,,,,,,,,,,,,00:10:39,1,0,0,,
2026-07-08T17:31:57.529,Raspberry_Relieve1,25.6517595666667,-100.290928916667,,,,,,,,,,,,00:10:40,0.95,0,0,,
2026-07-08T17:31:58.529,Raspberry_Relieve1,25.6517595666667,-100.290928916667,,,,,,,,,,,,00:10:41,1.13,0,0,,
2026-07-08T17:31:59.530,Raspberry_Relieve1,25.6517595666667,-100.290928916667,,,,,,,,,,,,00:10:42,0.86,0,0,,
2026-07-08T17:32:00.530,Raspberry_Relieve1,25.6517595666667,-100.290928916667,,,,,,,,,,,,00:10:43,0.97,0,0,,
2026-07-08T17:32:01.530,Raspberry_Relieve1,25.6517595666667,-100.290928916667,,,,,,,,,,,,00:10:44,1.07,0,0,,
2026-07-08T17:32:02.530,Raspberry_Relieve1,25.6517595666667,-100.290928916667,,,,,,,,,,,,00:10:45,0.99,0,0,,
2026-07-08T17:32:03.530,Raspberry_Relieve1,25.6517595666667,-100.290928916667,,,,,,,,,,,,00:10:46,0.97,0,0,,
2026-07-08T17:32:04.530,Raspberry_Relieve1,25.6517595666667,-100.290928916667,,,,,,,,,,,,00:10:47,0.94,0,0,,
2026-07-08T17:32:05.530,Raspberry_Relieve1,25.6517595666667,-100.290928916667,,,,,,,,,,,,00:10:48,1.04,0,0,,
2026-07-08T17:32:06.530,Raspberry_Relieve1,25.6517595666667,-100.290928916667,,,,,,,,,,,,00:10:49,1.06,0,0,,
2026-07-08T17:32:07.530,Raspberry_Relieve1,25.6517595666667,-100.290928916667,,,,,,,,,,,,00:10:50,0.96,0,0,,
2026-07-08T17:32:08.531,Raspberry_Relieve1,25.6517595666667,-100.290928916667,,,,,,,,,,,,00:10:51,1.09,0,0,,
2026-07-08T17:32:09.531,Raspberry_Relieve1,25.6517595666667,-100.290928916667,,,,,,,,,,,,00:10:52,0.87,0,0,,
2026-07-08T17:32:10.531,Raspberry_Relieve1,25.6517595666667,-100.290928916667,,,,,,,,,,,,00:10:53,1.15,0,0,,
2026-07-08T17:32:11.531,Raspberry_Relieve1,25.6517595666667,-100.290928916667,,,,,,,,,,,,00:10:54,0.89,0,0,,
2026-07-08T17:32:12.531,Raspberry_Relieve1,25.6517595666667,-100.290928916667,,,,,,,,,,,,00:10:55,0.95,0,0,,
2026-07-08T17:32:13.531,Raspberry_Relieve1,25.6517595666667,-100.290928916667,,,,,,,,,,,,00:10:56,1.09,0,0,,
2026-07-08T17:32:14.531,Raspberry_Relieve1,25.6517595666667,-100.290928916667,,,,,,,,,,,,00:10:57,1,0,0,,
2026-07-08T17:32:15.531,Raspberry_Relieve1,25.6517595666667,-100.290928916667,,,,,,,,,,,,00:10:58,0.9,0,0,,
2026-07-08T17:32:16.531,Raspberry_Relieve1,25.6517595666667,-100.290928916667,,,,,,,,,,,,00:10:59,1.12,0,0,,
2026-07-08T17:32:17.532,Raspberry_Relieve1,25.6517595666667,-100.290928916667,,,,,,,,,,,,00:11:00,0.9,0,0,,
2026-07-08T17:32:18.532,Raspberry_Relieve1,25.6517595666667,-100.290928916667,,,,,,,,,,,,00:11:01,1.07,0,0,,
2026-07-08T17:32:19.532,Raspberry_Relieve1,25.6517595666667,-100.290928916667,,,,,,,,,,,,00:11:02,0.98,0,0,,
2026-07-08T17:32:20.532,Raspberry_Relieve1,25.6517595666667,-100.290928916667,,,,,,,,,,,,00:11:03,0.96,0,0,,
2026-07-08T17:32:21.532,Raspberry_Relieve1,25.6517595666667,-100.290928916667,,,,,,,,,,,,00:11:04,1.09,0,0,,
2026-07-08T17:32:22.532,Raspberry_Relieve1,25.6517595666667,-100.290928916667,,,,,,,,,,,,00:11:05,1.03,0,0,,
2026-07-08T17:32:23.532,Raspberry_Relieve1,25.6517595666667,-100.290928916667,,,,,,,,,,,,00:11:06,0.94,0,0,,
2026-07-08T17:32:24.532,Raspberry_Relieve1,25.6517595666667,-100.290928916667,,,,,,,,,,,,00:11:07,1.14,0,0,,
2026-07-08T17:32:25.532,Raspberry_Relieve1,25.6517595666667,-100.290928916667,,,,,,,,,,,,00:11:08,0.87,0,0,,
2026-07-08T17:32:26.533,Raspberry_Relieve1,25.6517595666667,-100.290928916667,,,,,,,,,,,,00:11:09,1.22,0,0,,
2026-07-08T17:32:27.533,Raspberry_Relieve1,25.6517595666667,-100.290928916667,,,,,,,,,,,,00:11:10,0.73,0,0,,
2026-07-08T17:32:28.533,Raspberry_Relieve1,25.6517595666667,-100.290928916667,,,,,,,,,,,,00:11:11,0.97,0,0,,
2026-07-08T17:32:29.533,Raspberry_Relieve1,25.6517595666667,-100.290928916667,,,,,,,,,,,,00:11:12,1.07,0,0,,
2026-07-08T17:32:30.533,Raspberry_Relieve1,25.6517595666667,-100.290928916667,,,,,,,,,,,,00:11:13,0.92,0,0,,
2026-07-08T17:32:31.533,Raspberry_Relieve1,25.6517595666667,-100.290928916667,,,,,,,,,,,,00:11:14,1.07,0,0,,
2026-07-08T17:32:32.533,Raspberry_Relieve1,25.6517595666667,-100.290928916667,,,,,,,,,,,,00:11:15,0.98,0,0,,
2026-07-08T17:32:33.533,Raspberry_Relieve1,25.6517595666667,-100.290928916667,,,,,,,,,,,,00:11:16,1.09,0,0,,
2026-07-08T17:32:34.533,Raspberry_Relieve1,25.6517595666667,-100.290928916667,,,,,,,,,,,,00:11:17,1.17,0,0,,
2026-07-08T17:32:35.534,Raspberry_Relieve1,25.6517595666667,-100.290928916667,,,,,,,,,,,,00:11:18,0.69,0,0,,
2026-07-08T17:32:36.534,Raspberry_Relieve1,25.6517595666667,-100.290928916667,,,,,,,,,,,,00:11:19,1.13,0,0,,
2026-07-08T17:32:37.534,Raspberry_Relieve1,25.6517595666667,-100.290928916667,,,,,,,,,,,,00:11:20,0.98,0,0,,
2026-07-08T17:32:38.534,Raspberry_Relieve1,25.6517595666667,-100.290928916667,,,,,,,,,,,,00:11:21,1.01,0,0,,
2026-07-08T17:32:39.534,Raspberry_Relieve1,25.6517595666667,-100.290928916667,,,,,,,,,,,,00:11:22,0.93,0,0,,
2026-07-08T17:32:40.534,Raspberry_Relieve1,25.6517595666667,-100.290928916667,,,,,,,,,,,,00:11:23,1.03,0,0,,
2026-07-08T17:32:41.534,Raspberry_Relieve1,25.6517595666667,-100.290928916667,,,,,,,,,,,,00:11:24,1.02,0,0,,
2026-07-08T17:32:42.534,Raspberry_Relieve1,25.6517595666667,-100.290928916667,,,,,,,,,,,,00:11:25,1.01,0,0,,
2026-07-08T17:32:43.535,Raspberry_Relieve1,25.6517595666667,-100.290928916667,,,,,,,,,,,,00:11:26,1.11,0,0,,
2026-07-08T17:32:44.535,Raspberry_Relieve1,25.6517595666667,-100.290928916667,,,,,,,,,,,,00:11:27,0.91,0,0,,
2026-07-08T17:32:45.535,Raspberry_Relieve1,25.6517595666667,-100.290928916667,,,,,,,,,,,,00:11:28,0.99,0,0,,
2026-07-08T17:32:46.535,Raspberry_Relieve1,25.6517595666667,-100.290928916667,,,,,,,,,,,,00:11:29,0.91,0,0,,
2026-07-08T17:32:47.535,Raspberry_Relieve1,25.6517595666667,-100.290928916667,,,,,,,,,,,,00:11:30,1.02,0,0,,
2026-07-08T17:32:48.535,Raspberry_Relieve1,25.6517595666667,-100.290928916667,,,,,,,,,,,,00:11:31,1.08,0,0,,
2026-07-08T17:32:49.535,Raspberry_Relieve1,25.6517595666667,-100.290928916667,,,,,,,,,,,,00:11:33,1.3,0,0,,
2026-07-08T17:32:50.535,Raspberry_Relieve1,25.6517595666667,-100.290928916667,,,,,,,,,,,,00:11:33,0.72,0,0,,
2026-07-08T17:32:51.535,Raspberry_Relieve1,25.6517595666667,-100.290928916667,,,,,,,,,,,,00:11:34,1.02,0,0,,
2026-07-08T17:32:52.536,Raspberry_Relieve1,25.6517595666667,-100.290928916667,,,,,,,,,,,,00:11:35,0.99,0,0,,
2026-07-08T17:32:53.536,Raspberry_Relieve1,25.6517595666667,-100.290928916667,,,,,,,,,,,,00:11:36,0.92,0,0,,
2026-07-08T17:32:54.536,Raspberry_Relieve1,25.6517595666667,-100.290928916667,,,,,,,,,,,,00:11:37,1,0,0,,
2026-07-08T17:32:55.536,Raspberry_Relieve1,25.6517595666667,-100.290928916667,,,,,,,,,,,,00:11:38,1.06,0,0,,
2026-07-08T17:32:56.536,Raspberry_Relieve1,25.6517595666667,-100.290928916667,,,,,,,,,,,,00:11:39,0.94,0,0,,
2026-07-08T17:32:57.536,Raspberry_Relieve1,25.6517595666667,-100.290928916667,,,,,,,,,,,,00:11:40,1.02,0,0,,
2026-07-08T17:32:58.536,Raspberry_Relieve1,25.6517595666667,-100.290928916667,,,,,,,,,,,,00:11:41,0.96,0,0,,
2026-07-08T17:32:59.536,Raspberry_Relieve1,25.6517595666667,-100.290928916667,,,,,,,,,,,,00:11:42,0.96,0,0,,
2026-07-08T17:33:00.537,Raspberry_Relieve1,25.6517595666667,-100.290928916667,,,,,,,,,,,,00:11:43,1.09,0,0,,
2026-07-08T17:33:01.537,Raspberry_Relieve1,25.6517595666667,-100.290928916667,,,,,,,,,,,,00:11:44,1.03,0,0,,
2026-07-08T17:33:02.537,Raspberry_Relieve1,25.6517595666667,-100.290928916667,,,,,,,,,,,,00:11:45,0.95,0,0,,
2026-07-08T17:33:03.537,Raspberry_Relieve1,25.6517595666667,-100.290928916667,,,,,,,,,,,,00:11:46,0.9,0,0,,
2026-07-08T17:33:04.537,Raspberry_Relieve1,25.6517595666667,-100.290928916667,,,,,,,,,,,,00:11:47,1.06,0,0,,
2026-07-08T17:33:05.537,Raspberry_Relieve1,25.6517595666667,-100.290928916667,,,,,,,,,,,,00:11:48,1.02,0,0,,
2026-07-08T17:33:06.537,Raspberry_Relieve1,25.6517595666667,-100.290928916667,,,,,,,,,,,,00:11:49,0.96,0,0,,
2026-07-08T17:33:07.537,Raspberry_Relieve1,25.6517595666667,-100.290928916667,,,,,,,,,,,,00:11:50,0.96,0,0,,
2026-07-08T17:33:08.537,Raspberry_Relieve1,25.6517595666667,-100.290928916667,,,,,,,,,,,,00:11:51,1.13,0,0,,
2026-07-08T17:33:09.538,Raspberry_Relieve1,25.6517595666667,-100.290928916667,,,,,,,,,,,,00:11:52,0.97,0,0,,
2026-07-08T17:33:10.538,Raspberry_Relieve1,25.6517595666667,-100.290928916667,,,,,,,,,,,,00:11:53,1.01,0,0,,
2026-07-08T17:33:11.538,Raspberry_Relieve1,25.6517595666667,-100.290928916667,,,,,,,,,,,,00:11:54,1,0,0,,
2026-07-08T17:33:12.538,Raspberry_Relieve1,25.6517595666667,-100.290928916667,,,,,,,,,,,,00:11:55,1,0,0,,
2026-07-08T17:33:13.538,Raspberry_Relieve1,25.6517595666667,-100.290928916667,,,,,,,,,,,,00:11:56,0.99,0,0,,
2026-07-08T17:33:14.538,Raspberry_Relieve1,25.6517595666667,-100.290928916667,,,,,,,,,,,,00:11:57,0.99,0,0,,
2026-07-08T17:33:15.539,Raspberry_Relieve1,25.6517595666667,-100.290928916667,,,,,,,,,,,,00:11:58,1.06,0,0,,
2026-07-08T17:33:16.539,Raspberry_Relieve1,25.6517595666667,-100.290928916667,,,,,,,,,,,,00:11:59,0.85,0,0,,
2026-07-08T17:33:17.539,Raspberry_Relieve1,25.6517595666667,-100.290928916667,,,,,,,,,,,,00:12:00,1.03,0,0,,
2026-07-08T17:33:18.539,Raspberry_Relieve1,25.6517595666667,-100.290928916667,,,,,,,,,,,,00:12:01,0.97,0,0,,
2026-07-08T17:33:19.539,Raspberry_Relieve1,25.6517595666667,-100.290928916667,,,,,,,,,,,,00:12:02,1,0,0,,
2026-07-08T17:33:20.539,Raspberry_Relieve1,25.6517595666667,-100.290928916667,,,,,,,,,,,,00:12:03,1.09,0,0,,
2026-07-08T17:33:21.539,Raspberry_Relieve1,25.6517595666667,-100.290928916667,,,,,,,,,,,,00:12:04,0.93,0,0,,
2026-07-08T17:33:22.539,Raspberry_Relieve1,25.6517595666667,-100.290928916667,,,,,,,,,,,,00:12:05,0.97,0,0,,
2026-07-08T17:33:23.539,Raspberry_Relieve1,25.6517595666667,-100.290928916667,,,,,,,,,,,,00:12:06,1.08,0,0,,
2026-07-08T17:33:24.539,Raspberry_Relieve1,25.6517595666667,-100.290928916667,,,,,,,,,,,,00:12:07,0.95,0,0,,
2026-07-08T17:33:25.540,Raspberry_Relieve1,25.6517595666667,-100.290928916667,,,,,,,,,,,,00:12:08,1.21,0,0,,
2026-07-08T17:33:26.540,Raspberry_Relieve1,25.6517595666667,-100.290928916667,,,,,,,,,,,,00:12:09,0.78,0,0,,
2026-07-08T17:33:27.540,Raspberry_Relieve1,25.6517595666667,-100.290928916667,,,,,,,,,,,,00:12:10,0.99,0,0,,
2026-07-08T17:33:28.540,Raspberry_Relieve1,25.6517595666667,-100.290928916667,,,,,,,,,,,,00:12:11,1.12,0,0,,
2026-07-08T17:33:29.540,Raspberry_Relieve1,25.6517595666667,-100.290928916667,,,,,,,,,,,,00:12:12,0.97,0,0,,
2026-07-08T17:33:30.540,Raspberry_Relieve1,25.6517595666667,-100.290928916667,,,,,,,,,,,,00:12:13,0.94,0,0,,
2026-07-08T17:33:31.540,Raspberry_Relieve1,25.6517595666667,-100.290928916667,,,,,,,,,,,,00:12:14,1.07,0,0,,
2026-07-08T17:33:32.540,Raspberry_Relieve1,25.6517595666667,-100.290928916667,,,,,,,,,,,,00:12:15,1,0,0,,
2026-07-08T17:33:33.541,Raspberry_Relieve1,25.6517595666667,-100.290928916667,,,,,,,,,,,,00:12:16,0.99,0,0,,
2026-07-08T17:33:34.541,Raspberry_Relieve1,25.6517595666667,-100.290928916667,,,,,,,,,,,,00:12:17,1.01,0,0,,
2026-07-08T17:33:35.541,Raspberry_Relieve1,25.6517595666667,-100.290928916667,,,,,,,,,,,,00:12:18,0.98,0,0,,
2026-07-08T17:33:36.541,Raspberry_Relieve1,25.6517595666667,-100.290928916667,,,,,,,,,,,,00:12:19,1.04,0,0,,
2026-07-08T17:33:37.541,Raspberry_Relieve1,25.6517595666667,-100.290928916667,,,,,,,,,,,,00:12:20,0.96,0,0,,
2026-07-08T17:33:38.541,Raspberry_Relieve1,25.6517595666667,-100.290928916667,,,,,,,,,,,,00:12:21,1.01,0,0,,
2026-07-08T17:33:39.541,Raspberry_Relieve1,25.6517595666667,-100.290928916667,,,,,,,,,,,,00:12:22,1.04,0,0,,
2026-07-08T17:33:40.541,Raspberry_Relieve1,25.6517595666667,-100.290928916667,,,,,,,,,,,,00:12:23,0.99,0,0,,
2026-07-08T17:33:41.541,Raspberry_Relieve1,25.6517595666667,-100.290928916667,,,,,,,,,,,,00:12:24,0.9,0,0,,
2026-07-08T17:33:42.542,Raspberry_Relieve1,25.6517595666667,-100.290928916667,,,,,,,,,,,,00:12:25,0.98,0,0,,
2026-07-08T17:33:43.542,Raspberry_Relieve1,25.6517595666667,-100.290928916667,,,,,,,,,,,,00:12:26,0.99,0,0,,
2026-07-08T17:33:44.542,Raspberry_Relieve1,25.6517595666667,-100.290928916667,,,,,,,,,,,,00:12:27,1.11,0,0,,
2026-07-08T17:33:45.542,Raspberry_Relieve1,25.6517595666667,-100.290928916667,,,,,,,,,,,,00:12:28,1,0,0,,
2026-07-08T17:33:46.542,Raspberry_Relieve1,25.6517595666667,-100.290928916667,,,,,,,,,,,,00:12:29,0.97,0,0,,
2026-07-08T17:33:47.542,Raspberry_Relieve1,25.6517595666667,-100.290928916667,,,,,,,,,,,,00:12:30,1,0,0,,
2026-07-08T17:33:48.542,Raspberry_Relieve1,25.6517595666667,-100.290928916667,,,,,,,,,,,,00:12:31,0.95,0,0,,
2026-07-08T17:33:49.542,Raspberry_Relieve1,25.6517595666667,-100.290928916667,,,,,,,,,,,,00:12:32,1.11,0,0,,
2026-07-08T17:33:50.542,Raspberry_Relieve1,25.6517595666667,-100.290928916667,,,,,,,,,,,,00:12:33,0.98,0,0,,
2026-07-08T17:33:51.543,Raspberry_Relieve1,25.6517595666667,-100.290928916667,,,,,,,,,,,,00:12:35,1.5,0,0,,
2026-07-08T17:34:11.797,Raspberry_Relieve1,25.6517595666667,-100.290928916667,,,,,,,,,,,,00:12:55,19.92,0,0,,
2026-07-08T17:34:12.797,Raspberry_Relieve1,25.6517595666667,-100.290928916667,,,,,,,,,,,,00:12:56,0.81,0,0,,
2026-07-08T17:34:13.797,Raspberry_Relieve1,25.6517595666667,-100.290928916667,,,,,,,,,,,,00:12:57,1.25,0,0,,
2026-07-08T17:34:14.797,Raspberry_Relieve1,25.6517595666667,-100.290928916667,,,,,,,,,,,,00:12:57,0.69,0,0,,
2026-07-08T17:34:15.797,Raspberry_Relieve1,25.6517595666667,-100.290928916667,,,,,,,,,,,,00:12:59,1.42,0,0,,
2026-07-08T17:34:16.797,Raspberry_Relieve1,25.6517595666667,-100.290928916667,,,,,,,,,,,,00:13:00,0.73,0,0,,
2026-07-08T17:34:17.797,Raspberry_Relieve1,25.6517595666667,-100.290928916667,,,,,,,,,,,,00:13:01,0.97,0,0,,
2026-07-08T17:34:18.798,Raspberry_Relieve1,25.6517595666667,-100.290928916667,,,,,,,,,,,,00:13:01,0.9,0,0,,
2026-07-08T17:34:19.798,Raspberry_Relieve1,25.6517595666667,-100.290928916667,,,,,,,,,,,,00:13:02,0.99,0,0,,
2026-07-08T17:34:20.798,Raspberry_Relieve1,25.6517595666667,-100.290928916667,,,,,,,,,,,,00:13:04,1.07,0,0,,
2026-07-08T17:34:21.798,Raspberry_Relieve1,25.6517595666667,-100.290928916667,,,,,,,,,,,,00:13:05,0.97,0,0,,
2026-07-08T17:34:22.798,Raspberry_Relieve1,25.6517595666667,-100.290928916667,,,,,,,,,,,,00:13:06,1,0,0,,
2026-07-08T17:34:23.798,Raspberry_Relieve1,25.6517595666667,-100.290928916667,,,,,,,,,,,,00:13:07,1.02,0,0,,
2026-07-08T17:34:24.798,Raspberry_Relieve1,25.6517595666667,-100.290928916667,,,,,,,,,,,,00:13:07,0.87,0,0,,
2026-07-08T17:34:25.798,Raspberry_Relieve1,25.6517595666667,-100.290928916667,,,,,,,,,,,,00:13:09,1.44,0,0,,
2026-07-08T17:34:26.798,Raspberry_Relieve1,25.6517595666667,-100.290928916667,,,,,,,,,,,,00:13:10,0.72,0,0,,
2026-07-08T17:34:27.798,Raspberry_Relieve1,25.6517595666667,-100.290928916667,,,,,,,,,,,,00:13:11,0.94,0,0,,
2026-07-08T17:34:28.799,Raspberry_Relieve1,25.6517595666667,-100.290928916667,,,,,,,,,,,,00:13:11,0.95,0,0,,
2026-07-08T17:34:29.799,Raspberry_Relieve1,25.6517595666667,-100.290928916667,,,,,,,,,,,,00:13:13,1.16,0,0,,
2026-07-08T17:34:30.799,Raspberry_Relieve1,25.6517595666667,-100.290928916667,,,,,,,,,,,,00:13:14,1.01,0,0,,
2026-07-08T17:34:31.799,Raspberry_Relieve1,25.6517595666667,-100.290928916667,,,,,,,,,,,,00:13:14,0.84,0,0,,
2026-07-08T17:34:32.799,Raspberry_Relieve1,25.6517595666667,-100.290928916667,,,,,,,,,,,,00:13:15,0.96,0,0,,
2026-07-08T17:34:33.799,Raspberry_Relieve1,25.6517595666667,-100.290928916667,,,,,,,,,,,,00:13:17,1.15,0,0,,
2026-07-08T17:34:34.799,Raspberry_Relieve1,25.6517595666667,-100.290928916667,,,,,,,,,,,,00:13:18,0.96,0,0,,
2026-07-08T17:34:35.800,Raspberry_Relieve1,25.6517595666667,-100.290928916667,,,,,,,,,,,,00:13:19,1,0,0,,
2026-07-08T17:34:36.800,Raspberry_Relieve1,25.6517595666667,-100.290928916667,,,,,,,,,,,,00:13:20,1.05,0,0,,
2026-07-08T17:34:37.800,Raspberry_Relieve1,25.6517595666667,-100.290928916667,,,,,,,,,,,,00:13:20,0.85,0,0,,
2026-07-08T17:34:38.800,Raspberry_Relieve1,25.6517595666667,-100.290928916667,,,,,,,,,,,,00:13:22,1.07,0,0,,
2026-07-08T17:34:39.800,Raspberry_Relieve1,25.6517595666667,-100.290928916667,,,,,,,,,,,,00:13:22,0.97,0,0,,
2026-07-08T17:34:40.800,Raspberry_Relieve1,25.6517595666667,-100.290928916667,,,,,,,,,,,,00:13:24,1.09,0,0,,
2026-07-08T17:34:41.800,Raspberry_Relieve1,25.6517595666667,-100.290928916667,,,,,,,,,,,,00:13:25,0.99,0,0,,
2026-07-08T17:34:42.800,Raspberry_Relieve1,25.6517595666667,-100.290928916667,,,,,,,,,,,,00:13:26,0.97,0,0,,
2026-07-08T17:34:43.801,Raspberry_Relieve1,25.6517595666667,-100.290928916667,,,,,,,,,,,,00:13:27,1.03,0,0,,
2026-07-08T17:34:44.801,Raspberry_Relieve1,25.6517595666667,-100.290928916667,,,,,,,,,,,,00:13:28,1.07,0,0,,
2026-07-08T17:34:45.801,Raspberry_Relieve1,25.6517595666667,-100.290928916667,,,,,,,,,,,,00:13:29,0.91,0,0,,
2026-07-08T17:34:46.801,Raspberry_Relieve1,25.6517595666667,-100.290928916667,,,,,,,,,,,,00:13:30,1.06,0,0,,
2026-07-08T17:34:47.801,Raspberry_Relieve1,25.6517595666667,-100.290928916667,,,,,,,,,,,,00:13:31,0.96,0,0,,
2026-07-08T17:34:48.801,Raspberry_Relieve1,25.6517595666667,-100.290928916667,,,,,,,,,,,,00:13:31,0.94,0,0,,
2026-07-08T17:34:49.801,Raspberry_Relieve1,25.6517595666667,-100.290928916667,,,,,,,,,,,,00:13:33,1.06,0,0,,
2026-07-08T17:34:50.801,Raspberry_Relieve1,25.6517595666667,-100.290928916667,,,,,,,,,,,,00:13:33,0.95,0,0,,
2026-07-08T17:34:51.802,Raspberry_Relieve1,25.6517595666667,-100.290928916667,,,,,,,,,,,,00:13:35,1.02,0,0,,
2026-07-08T17:34:52.802,Raspberry_Relieve1,25.6517595666667,-100.290928916667,,,,,,,,,,,,00:13:36,1.04,0,0,,
2026-07-08T17:34:53.802,Raspberry_Relieve1,25.6517595666667,-100.290928916667,,,,,,,,,,,,00:13:37,1.01,0,0,,
2026-07-08T17:34:54.802,Raspberry_Relieve1,25.6517595666667,-100.290928916667,,,,,,,,,,,,00:13:38,1,0,0,,
2026-07-08T17:34:55.802,Raspberry_Relieve1,25.6517595666667,-100.290928916667,,,,,,,,,,,,00:13:39,0.99,0,0,,
2026-07-08T17:34:56.802,Raspberry_Relieve1,25.6517595666667,-100.290928916667,,,,,,,,,,,,00:13:40,1.05,0,0,,
2026-07-08T17:34:57.802,Raspberry_Relieve1,25.6517595666667,-100.290928916667,,,,,,,,,,,,00:13:41,0.96,0,0,,
2026-07-08T17:34:58.802,Raspberry_Relieve1,25.6517595666667,-100.290928916667,,,,,,,,,,,,00:13:42,0.99,0,0,,
2026-07-08T17:34:59.803,Raspberry_Relieve1,25.6517595666667,-100.290928916667,,,,,,,,,,,,00:13:43,0.97,0,0,,
2026-07-08T17:35:00.803,Raspberry_Relieve1,25.6517595666667,-100.290928916667,,,,,,,,,,,,00:13:43,0.94,0,0,,
2026-07-08T17:35:01.803,Raspberry_Relieve1,25.6517595666667,-100.290928916667,,,,,,,,,,,,00:13:45,1.09,0,0,,
2026-07-08T17:35:02.803,Raspberry_Relieve1,25.6517595666667,-100.290928916667,,,,,,,,,,,,00:13:46,0.98,0,0,,
2026-07-08T17:35:03.803,Raspberry_Relieve1,25.6517595666667,-100.290928916667,,,,,,,,,,,,00:13:46,0.92,0,0,,
2026-07-08T17:35:04.803,Raspberry_Relieve1,25.6517595666667,-100.290928916667,,,,,,,,,,,,00:13:48,1.14,0,0,,
2026-07-08T17:35:05.803,Raspberry_Relieve1,25.6517595666667,-100.290928916667,,,,,,,,,,,,00:13:49,0.96,0,0,,
2026-07-08T17:35:06.803,Raspberry_Relieve1,25.6517595666667,-100.290928916667,,,,,,,,,,,,00:13:50,1.01,0,0,,
2026-07-08T17:35:07.804,Raspberry_Relieve1,25.6517595666667,-100.290928916667,,,,,,,,,,,,00:13:50,0.89,0,0,,
2026-07-08T17:35:08.804,Raspberry_Relieve1,25.6517595666667,-100.290928916667,,,,,,,,,,,,00:13:52,1.1,0,0,,
2026-07-08T17:35:09.804,Raspberry_Relieve1,25.6517595666667,-100.290928916667,,,,,,,,,,,,00:13:52,0.91,0,0,,
2026-07-08T17:35:10.804,Raspberry_Relieve1,25.6517595666667,-100.290928916667,,,,,,,,,,,,00:13:54,1.06,0,0,,
2026-07-08T17:35:11.804,Raspberry_Relieve1,25.6517595666667,-100.290928916667,,,,,,,,,,,,00:13:55,1.02,0,0,,
2026-07-08T17:35:12.804,Raspberry_Relieve1,25.6517595666667,-100.290928916667,,,,,,,,,,,,00:13:56,1,0,0,,
2026-07-08T17:35:13.804,Raspberry_Relieve1,25.6517595666667,-100.290928916667,,,,,,,,,,,,00:13:56,0.89,0,0,,
2026-07-08T17:35:14.804,Raspberry_Relieve1,25.6517595666667,-100.290928916667,,,,,,,,,,,,00:13:58,1.09,0,0,,
2026-07-08T17:35:15.805,Raspberry_Relieve1,25.6517595666667,-100.290928916667,,,,,,,,,,,,00:13:59,1.03,0,0,,
2026-07-08T17:35:16.805,Raspberry_Relieve1,25.6517595666667,-100.290928916667,,,,,,,,,,,,00:13:59,0.9,0,0,,
2026-07-08T17:35:17.805,Raspberry_Relieve1,25.6517595666667,-100.290928916667,,,,,,,,,,,,00:14:01,1.1,0,0,,
2026-07-08T17:35:18.805,Raspberry_Relieve1,25.6517595666667,-100.290928916667,,,,,,,,,,,,00:14:02,1.06,0,0,,
2026-07-08T17:35:19.805,Raspberry_Relieve1,25.6517595666667,-100.290928916667,,,,,,,,,,,,00:14:03,0.93,0,0,,
2026-07-08T17:35:20.805,Raspberry_Relieve1,25.6517595666667,-100.290928916667,,,,,,,,,,,,00:14:04,1,0,0,,
2026-07-08T17:35:21.805,Raspberry_Relieve1,25.6517595666667,-100.290928916667,,,,,,,,,,,,00:14:05,1.02,0,0,,
2026-07-08T17:35:22.805,Raspberry_Relieve1,25.6517595666667,-100.290928916667,,,,,,,,,,,,00:14:06,1.03,0,0,,
2026-07-08T17:35:23.806,Raspberry_Relieve1,25.6517595666667,-100.290928916667,,,,,,,,,,,,00:14:06,0.87,0,0,,
2026-07-08T17:35:24.806,Raspberry_Relieve1,25.6517595666667,-100.290928916667,,,,,,,,,,,,00:14:08,1.07,0,0,,
2026-07-08T17:35:25.806,Raspberry_Relieve1,25.6517595666667,-100.290928916667,,,,,,,,,,,,00:14:08,0.96,0,0,,
2026-07-08T17:35:26.806,Raspberry_Relieve1,25.6517595666667,-100.290928916667,,,,,,,,,,,,00:14:10,1.06,0,0,,
2026-07-08T17:35:27.806,Raspberry_Relieve1,25.6517595666667,-100.290928916667,,,,,,,,,,,,00:14:11,0.96,0,0,,
2026-07-08T17:35:28.806,Raspberry_Relieve1,25.6517595666667,-100.290928916667,,,,,,,,,,,,00:14:12,1.08,0,0,,
2026-07-08T17:35:29.806,Raspberry_Relieve1,25.6517595666667,-100.290928916667,,,,,,,,,,,,00:14:13,0.99,0,0,,
2026-07-08T17:35:30.807,Raspberry_Relieve1,25.6517595666667,-100.290928916667,,,,,,,,,,,,00:14:14,0.97,0,0,,
2026-07-08T17:35:31.807,Raspberry_Relieve1,25.6517595666667,-100.290928916667,,,,,,,,,,,,00:14:14,0.9,0,0,,
2026-07-08T17:35:32.807,Raspberry_Relieve1,25.6517595666667,-100.290928916667,,,,,,,,,,,,00:14:16,1.06,0,0,,
2026-07-08T17:35:33.807,Raspberry_Relieve1,25.6517595666667,-100.290928916667,,,,,,,,,,,,00:14:16,0.93,0,0,,
2026-07-08T17:35:34.807,Raspberry_Relieve1,25.6517595666667,-100.290928916667,,,,,,,,,,,,00:14:18,1.21,0,0,,
2026-07-08T17:35:35.807,Raspberry_Relieve1,25.6517595666667,-100.290928916667,,,,,,,,,,,,00:14:19,0.9,0,0,,
2026-07-08T17:35:36.807,Raspberry_Relieve1,25.6517595666667,-100.290928916667,,,,,,,,,,,,00:14:20,0.95,0,0,,
2026-07-08T17:35:37.807,Raspberry_Relieve1,25.6517595666667,-100.290928916667,,,,,,,,,,,,00:14:21,1,0,0,,
2026-07-08T17:35:38.807,Raspberry_Relieve1,25.6517595666667,-100.290928916667,,,,,,,,,,,,00:14:22,1.01,0,0,,
2026-07-08T17:35:39.808,Raspberry_Relieve1,25.6517595666667,-100.290928916667,,,,,,,,,,,,00:14:22,0.97,0,0,,
2026-07-08T17:35:40.808,Raspberry_Relieve1,25.6517595666667,-100.290928916667,,,,,,,,,,,,00:14:24,1.41,0,0,,
2026-07-08T17:35:41.808,Raspberry_Relieve1,25.6517595666667,-100.290928916667,,,,,,,,,,,,00:14:25,0.63,0,0,,
2026-07-08T17:35:42.808,Raspberry_Relieve1,25.6517595666667,-100.290928916667,,,,,,,,,,,,00:14:26,1.07,0,0,,
2026-07-08T17:35:43.808,Raspberry_Relieve1,25.6517595666667,-100.290928916667,,,,,,,,,,,,00:14:27,0.98,0,0,,
2026-07-08T17:35:44.808,Raspberry_Relieve1,25.6517595666667,-100.290928916667,,,,,,,,,,,,00:14:28,0.98,0,0,,
2026-07-08T17:35:45.808,Raspberry_Relieve1,25.6517595666667,-100.290928916667,,,,,,,,,,,,00:14:28,0.94,0,0,,
2026-07-08T17:35:46.808,Raspberry_Relieve1,25.6517595666667,-100.290928916667,,,,,,,,,,,,00:14:30,1.08,0,0,,
2026-07-08T17:35:47.809,Raspberry_Relieve1,25.6517595666667,-100.290928916667,,,,,,,,,,,,00:14:31,0.97,0,0,,
2026-07-08T17:35:48.809,Raspberry_Relieve1,25.6517595666667,-100.290928916667,,,,,,,,,,,,00:14:32,1.07,0,0,,
2026-07-08T17:35:49.809,Raspberry_Relieve1,25.6517595666667,-100.290928916667,,,,,,,,,,,,00:14:33,0.9,0,0,,
2026-07-08T17:35:50.809,Raspberry_Relieve1,25.6517595666667,-100.290928916667,,,,,,,,,,,,00:14:34,0.99,0,0,,
2026-07-08T17:35:51.809,Raspberry_Relieve1,25.6517595666667,-100.290928916667,,,,,,,,,,,,00:14:35,1.07,0,0,,
2026-07-08T17:35:52.809,Raspberry_Relieve1,25.6517595666667,-100.290928916667,,,,,,,,,,,,00:14:36,0.98,0,0,,
2026-07-08T17:35:53.809,Raspberry_Relieve1,25.6517595666667,-100.290928916667,,,,,,,,,,,,00:14:37,0.99,0,0,,
2026-07-08T17:35:54.809,Raspberry_Relieve1,25.6517595666667,-100.290928916667,,,,,,,,,,,,00:14:38,1.04,0,0,,
2026-07-08T17:35:55.810,Raspberry_Relieve1,25.6517595666667,-100.290928916667,,,,,,,,,,,,00:14:39,0.99,0,0,,
2026-07-08T17:35:56.810,Raspberry_Relieve1,25.6517595666667,-100.290928916667,,,,,,,,,,,,00:14:39,0.9,0,0,,
2026-07-08T17:35:57.810,Raspberry_Relieve1,25.6517595666667,-100.290928916667,,,,,,,,,,,,00:14:41,1.03,0,0,,
2026-07-08T17:35:58.810,Raspberry_Relieve1,25.6517595666667,-100.290928916667,,,,,,,,,,,,00:14:41,0.97,0,0,,
2026-07-08T17:35:59.810,Raspberry_Relieve1,25.6517595666667,-100.290928916667,,,,,,,,,,,,00:14:42,0.99,0,0,,
2026-07-08T17:36:00.810,Raspberry_Relieve1,25.6517595666667,-100.290928916667,,,,,,,,,,,,00:14:44,1.06,0,0,,
2026-07-08T17:36:01.810,Raspberry_Relieve1,25.6517595666667,-100.290928916667,,,,,,,,,,,,00:14:44,0.94,0,0,,
2026-07-08T17:36:02.810,Raspberry_Relieve1,25.6517595666667,-100.290928916667,,,,,,,,,,,,00:14:46,1.1,0,0,,
2026-07-08T17:36:03.810,Raspberry_Relieve1,25.6517595666667,-100.290928916667,,,,,,,,,,,,00:14:47,1.02,0,0,,
2026-07-08T17:36:04.810,Raspberry_Relieve1,25.6517595666667,-100.290928916667,,,,,,,,,,,,00:14:47,0.89,0,0,,
2026-07-08T17:36:05.811,Raspberry_Relieve1,25.6517595666667,-100.290928916667,,,,,,,,,,,,00:14:49,1.1,0,0,,
2026-07-08T17:36:06.811,Raspberry_Relieve1,25.6517595666667,-100.290928916667,,,,,,,,,,,,00:14:50,0.96,0,0,,
2026-07-08T17:36:07.811,Raspberry_Relieve1,25.6517595666667,-100.290928916667,,,,,,,,,,,,00:14:51,0.99,0,0,,
2026-07-08T17:36:08.811,Raspberry_Relieve1,25.6517595666667,-100.290928916667,,,,,,,,,,,,00:14:51,0.96,0,0,,
2026-07-08T17:36:09.811,Raspberry_Relieve1,25.6517595666667,-100.290928916667,,,,,,,,,,,,00:14:52,0.96,0,0,,
2026-07-08T17:36:10.811,Raspberry_Relieve1,25.6517595666667,-100.290928916667,,,,,,,,,,,,00:14:54,1.07,0,0,,
2026-07-08T17:36:11.811,Raspberry_Relieve1,25.6517595666667,-100.290928916667,,,,,,,,,,,,00:14:55,1.01,0,0,,
2026-07-08T17:36:12.811,Raspberry_Relieve1,25.6517595666667,-100.290928916667,,,,,,,,,,,,00:14:55,0.91,0,0,,
2026-07-08T17:36:13.811,Raspberry_Relieve1,25.6517595666667,-100.290928916667,,,,,,,,,,,,00:14:57,1.15,0,0,,
2026-07-08T17:36:14.812,Raspberry_Relieve1,25.6517595666667,-100.290928916667,,,,,,,,,,,,00:14:58,0.92,0,0,,
2026-07-08T17:36:15.812,Raspberry_Relieve1,25.6517595666667,-100.290928916667,,,,,,,,,,,,00:14:58,0.96,0,0,,
2026-07-08T17:36:16.812,Raspberry_Relieve1,25.6517595666667,-100.290928916667,,,,,,,,,,,,00:15:00,1.05,0,0,,
2026-07-08T17:36:17.812,Raspberry_Relieve1,25.6517595666667,-100.290928916667,,,,,,,,,,,,00:15:00,0.94,0,0,,
2026-07-08T17:36:18.812,Raspberry_Relieve1,25.6517595666667,-100.290928916667,,,,,,,,,,,,00:15:02,1.21,0,0,,
2026-07-08T17:36:19.812,Raspberry_Relieve1,25.6517595666667,-100.290928916667,,,,,,,,,,,,00:15:03,0.98,0,0,,
2026-07-08T17:36:20.812,Raspberry_Relieve1,25.6517595666667,-100.290928916667,,,,,,,,,,,,00:15:04,0.97,0,0,,
2026-07-08T17:36:21.812,Raspberry_Relieve1,25.6517595666667,-100.290928916667,,,,,,,,,,,,00:15:04,0.86,0,0,,
2026-07-08T17:36:22.813,Raspberry_Relieve1,25.6517595666667,-100.290928916667,,,,,,,,,,,,00:15:06,1.03,0,0,,
2026-07-08T17:36:23.813,Raspberry_Relieve1,25.6517595666667,-100.290928916667,,,,,,,,,,,,00:15:07,1.02,0,0,,
2026-07-08T17:36:24.813,Raspberry_Relieve1,25.6517595666667,-100.290928916667,,,,,,,,,,,,00:15:08,1.02,0,0,,
2026-07-08T17:36:25.813,Raspberry_Relieve1,25.6517595666667,-100.290928916667,,,,,,,,,,,,00:15:09,0.97,0,0,,
2026-07-08T17:36:26.813,Raspberry_Relieve1,25.6517595666667,-100.290928916667,,,,,,,,,,,,00:15:10,1.07,0,0,,
2026-07-08T17:36:27.813,Raspberry_Relieve1,25.6517595666667,-100.290928916667,,,,,,,,,,,,00:15:10,0.92,0,0,,
2026-07-08T17:36:28.813,Raspberry_Relieve1,25.6517595666667,-100.290928916667,,,,,,,,,,,,00:15:12,1.07,0,0,,
2026-07-08T17:36:29.813,Raspberry_Relieve1,25.6517595666667,-100.290928916667,,,,,,,,,,,,00:15:12,0.88,0,0,,
2026-07-08T17:36:30.814,Raspberry_Relieve1,25.6517595666667,-100.290928916667,,,,,,,,,,,,00:15:14,1.07,0,0,,
2026-07-08T17:36:31.814,Raspberry_Relieve1,25.6517595666667,-100.290928916667,,,,,,,,,,,,00:15:15,1.05,0,0,,
2026-07-08T17:36:32.814,Raspberry_Relieve1,25.6517595666667,-100.290928916667,,,,,,,,,,,,00:15:16,1.07,0,0,,
2026-07-08T17:36:33.814,Raspberry_Relieve1,25.6517595666667,-100.290928916667,,,,,,,,,,,,00:15:17,0.87,0,0,,
2026-07-08T17:36:34.814,Raspberry_Relieve1,25.6517595666667,-100.290928916667,,,,,,,,,,,,00:15:17,0.98,0,0,,
2026-07-08T17:36:35.814,Raspberry_Relieve1,25.6517595666667,-100.290928916667,,,,,,,,,,,,00:15:19,1.06,0,0,,
2026-07-08T17:36:36.814,Raspberry_Relieve1,25.6517595666667,-100.290928916667,,,,,,,,,,,,00:15:19,0.92,0,0,,
2026-07-08T17:36:37.814,Raspberry_Relieve1,25.6517595666667,-100.290928916667,,,,,,,,,,,,00:15:21,1.07,0,0,,
2026-07-08T17:36:38.815,Raspberry_Relieve1,25.6517595666667,-100.290928916667,,,,,,,,,,,,00:15:22,0.96,0,0,,
2026-07-08T17:36:39.815,Raspberry_Relieve1,25.6517595666667,-100.290928916667,,,,,,,,,,,,00:15:23,1.04,0,0,,
2026-07-08T17:36:40.815,Raspberry_Relieve1,25.6517595666667,-100.290928916667,,,,,,,,,,,,00:15:24,0.99,0,0,,
2026-07-08T17:36:41.815,Raspberry_Relieve1,25.6517595666667,-100.290928916667,,,,,,,,,,,,00:15:24,0.96,0,0,,
2026-07-08T17:36:42.815,Raspberry_Relieve1,25.6517595666667,-100.290928916667,,,,,,,,,,,,00:15:26,1.14,0,0,,
2026-07-08T17:36:43.815,Raspberry_Relieve1,25.6517595666667,-100.290928916667,,,,,,,,,,,,00:15:27,1.2,0,0,,
2026-07-08T17:36:44.815,Raspberry_Relieve1,25.6517595666667,-100.290928916667,,,,,,,,,,,,00:15:28,0.72,0,0,,
2026-07-08T17:36:45.815,Raspberry_Relieve1,25.6517595666667,-100.290928916667,,,,,,,,,,,,00:15:29,1.02,0,0,,
2026-07-08T17:36:46.815,Raspberry_Relieve1,25.6517595666667,-100.290928916667,,,,,,,,,,,,00:15:30,0.95,0,0,,
2026-07-08T17:36:47.816,Raspberry_Relieve1,25.6517595666667,-100.290928916667,,,,,,,,,,,,00:15:31,0.99,0,0,,
2026-07-08T17:36:48.816,Raspberry_Relieve1,25.6517595666667,-100.290928916667,,,,,,,,,,,,00:15:32,1.03,0,0,,
2026-07-08T17:36:49.816,Raspberry_Relieve1,25.6517595666667,-100.290928916667,,,,,,,,,,,,00:15:33,0.97,0,0,,
2026-07-08T17:36:50.816,Raspberry_Relieve1,25.6517595666667,-100.290928916667,,,,,,,,,,,,00:15:34,1.11,0,0,,
2026-07-08T17:36:51.816,Raspberry_Relieve1,25.6517595666667,-100.290928916667,,,,,,,,,,,,00:15:35,0.92,0,0,,
2026-07-08T17:36:52.816,Raspberry_Relieve1,25.6517595666667,-100.290928916667,,,,,,,,,,,,00:15:35,0.91,0,0,,
2026-07-08T17:36:53.816,Raspberry_Relieve1,25.6517595666667,-100.290928916667,,,,,,,,,,,,00:15:36,1.01,0,0,,
2026-07-08T17:36:54.816,Raspberry_Relieve1,25.6517595666667,-100.290928916667,,,,,,,,,,,,00:15:37,1.01,0,0,,
2026-07-08T17:36:55.817,Raspberry_Relieve1,25.6517595666667,-100.290928916667,,,,,,,,,,,,00:15:39,1.11,0,0,,
2026-07-08T17:36:56.817,Raspberry_Relieve1,25.6517595666667,-100.290928916667,,,,,,,,,,,,00:15:40,0.98,0,0,,
2026-07-08T17:36:57.817,Raspberry_Relieve1,25.6517595666667,-100.290928916667,,,,,,,,,,,,00:15:41,0.99,0,0,,
2026-07-08T17:36:58.817,Raspberry_Relieve1,25.6517595666667,-100.290928916667,,,,,,,,,,,,00:15:41,0.9,0,0,,
2026-07-08T17:36:59.817,Raspberry_Relieve1,25.6517595666667,-100.290928916667,,,,,,,,,,,,00:15:43,1.2,0,0,,
2026-07-08T17:37:00.817,Raspberry_Relieve1,25.6517595666667,-100.290928916667,,,,,,,,,,,,00:15:44,0.87,0,0,,
2026-07-08T17:37:01.817,Raspberry_Relieve1,25.6517595666667,-100.290928916667,,,,,,,,,,,,00:15:44,0.92,0,0,,
2026-07-08T17:37:02.817,Raspberry_Relieve1,25.6517595666667,-100.290928916667,,,,,,,,,,,,00:15:45,1.02,0,0,,
2026-07-08T17:37:03.817,Raspberry_Relieve1,25.6517595666667,-100.290928916667,,,,,,,,,,,,00:15:47,1.04,0,0,,
2026-07-08T17:37:04.817,Raspberry_Relieve1,25.6517595666667,-100.290928916667,,,,,,,,,,,,00:15:48,1.01,0,0,,
2026-07-08T17:37:05.817,Raspberry_Relieve1,25.6517595666667,-100.290928916667,,,,,,,,,,,,00:15:48,0.94,0,0,,
2026-07-08T17:37:06.818,Raspberry_Relieve1,25.6517595666667,-100.290928916667,,,,,,,,,,,,00:15:50,1.04,0,0,,
2026-07-08T17:37:07.818,Raspberry_Relieve1,25.6517595666667,-100.290928916667,,,,,,,,,,,,00:15:50,0.97,0,0,,
2026-07-08T17:37:08.818,Raspberry_Relieve1,25.6517595666667,-100.290928916667,,,,,,,,,,,,00:15:52,1.08,0,0,,
2026-07-08T17:37:09.818,Raspberry_Relieve1,25.6517595666667,-100.290928916667,,,,,,,,,,,,00:15:52,0.91,0,0,,
2026-07-08T17:37:10.818,Raspberry_Relieve1,25.6517595666667,-100.290928916667,,,,,,,,,,,,00:15:53,0.99,0,0,,
2026-07-08T17:37:11.818,Raspberry_Relieve1,25.6517595666667,-100.290928916667,,,,,,,,,,,,00:15:54,1,0,0,,
2026-07-08T17:37:12.818,Raspberry_Relieve1,25.6517595666667,-100.290928916667,,,,,,,,,,,,00:15:56,1.09,0,0,,
2026-07-08T17:37:13.818,Raspberry_Relieve1,25.6517595666667,-100.290928916667,,,,,,,,,,,,00:15:57,0.96,0,0,,
2026-07-08T17:37:14.819,Raspberry_Relieve1,25.6517595666667,-100.290928916667,39.144,0,0,100,-1,0,,,,,,00:15:58,1.01,0,0,,
2026-07-08T17:37:15.819,Raspberry_Relieve1,25.6517595666667,-100.290928916667,39.142,0,0,100,-1,0,,,,,,00:15:58,0.94,0,0,,
2026-07-08T17:37:16.819,Raspberry_Relieve1,25.6517595666667,-100.290928916667,39.142,0,0,100,-1,0,,,,,,00:15:59,1.01,0,0,,
2026-07-08T17:37:17.819,Raspberry_Relieve1,25.6517595666667,-100.290928916667,39.145,0,0,100,-1,0,,,,,,00:16:00,0.98,0,0,,
2026-07-08T17:37:18.819,Raspberry_Relieve1,25.6517595666667,-100.290928916667,39.144,0,0,100,-1,0,,,,,,00:16:02,1.08,0,0,,
2026-07-08T17:37:19.819,Raspberry_Relieve1,25.6517595666667,-100.290928916667,39.143,0,0,100,-1,0,,,,,,00:16:03,1.01,0,0,,
2026-07-08T17:37:20.819,Raspberry_Relieve1,25.6517595666667,-100.290928916667,39.136,0,0,100,-1,0,,,,,,00:16:03,0.93,0,0,,
2026-07-08T17:37:21.819,Raspberry_Relieve1,25.6517595666667,-100.290928916667,39.142,0,0,100,-1,0,,,,,,00:16:05,1.1,0,0,,
2026-07-08T17:37:22.820,Raspberry_Relieve1,25.6517595666667,-100.290928916667,39.143,0,0,100,-1,0,,,,,,00:16:06,0.97,0,0,,
2026-07-08T17:37:23.820,Raspberry_Relieve1,25.6517595666667,-100.290928916667,39.145,0,0,100,-1,0,,,,,,00:16:07,1,0,0,,
2026-07-08T17:37:24.820,Raspberry_Relieve1,25.6517595666667,-100.290928916667,39.145,0,0,100,-1,0,,,,,,00:16:08,0.97,0,0,,
2026-07-08T17:37:25.820,Raspberry_Relieve1,25.6517595666667,-100.290928916667,39.137,0,0,100,-1,0,,,,,,00:16:08,0.95,0,0,,
2026-07-08T17:37:26.820,Raspberry_Relieve1,25.6517595666667,-100.290928916667,39.126,0,0,100,-1,0,,,,,,00:16:10,1.07,0,0,,
2026-07-08T17:37:27.820,Raspberry_Relieve1,25.6517595666667,-100.290928916667,39.137,0,0,100,-1,0,,,,,,00:16:11,1.06,0,0,,
2026-07-08T17:37:28.820,Raspberry_Relieve1,25.6517595666667,-100.290928916667,39.136,0,0,100,-1,0,,,,,,00:16:12,0.93,0,0,,
2026-07-08T17:37:29.820,Raspberry_Relieve1,25.6517595666667,-100.290928916667,39.141,0,0,100,-1,0,,,,,,00:16:13,1.06,0,0,,
2026-07-08T17:37:30.820,Raspberry_Relieve1,25.6517595666667,-100.290928916667,39.145,0,0,100,-1,0,,,,,,00:16:14,1.29,0,0,,
2026-07-08T17:37:31.821,Raspberry_Relieve1,25.6517595666667,-100.290928916667,39.145,0,0,100,-1,0,,,,,,00:16:14,0.57,0,0,,
2026-07-08T17:37:32.821,Raspberry_Relieve1,25.6517595666667,-100.290928916667,39.147,0,0,100,-1,0,,,,,,00:16:16,1.09,0,0,,
2026-07-08T17:37:33.821,Raspberry_Relieve1,25.6517595666667,-100.290928916667,39.146,0,0,100,-1,0,,,,,,00:16:16,0.91,0,0,,
2026-07-08T17:37:34.821,Raspberry_Relieve1,25.6517595666667,-100.290928916667,39.146,0,0,100,-1,0,,,,,,00:16:18,1.09,0,0,,
2026-07-08T17:37:35.821,Raspberry_Relieve1,25.6517595666667,-100.290928916667,39.146,0,0,100,-1,0,,,,,,00:16:19,1.01,0,0,,
2026-07-08T17:37:36.821,Raspberry_Relieve1,25.6517595666667,-100.290928916667,39.147,0,0,100,-1,0,,,,,,00:16:20,1.04,0,0,,
2026-07-08T17:37:37.821,Raspberry_Relieve1,25.6517595666667,-100.290928916667,39.147,0,0,100,-1,0,,,,,,00:16:21,0.94,0,0,,
2026-07-08T17:37:38.821,Raspberry_Relieve1,25.6517595666667,-100.290928916667,39.147,0,0,100,-1,0,,,,,,00:16:22,1.02,0,0,,
2026-07-08T17:37:39.822,Raspberry_Relieve1,25.6517595666667,-100.290928916667,39.145,0,0,100,-1,0,,,,,,00:16:22,0.92,0,0,,
2026-07-08T17:37:40.822,Raspberry_Relieve1,25.6517595666667,-100.290928916667,39.146,0,0,100,-1,0,,,,,,00:16:23,1,0,0,,
2026-07-08T17:37:41.822,Raspberry_Relieve1,25.6517595666667,-100.290928916667,39.148,0,0,100,-1,0,,,,,,00:16:25,1.05,0,0,,
2026-07-08T17:37:42.822,Raspberry_Relieve1,25.6517595666667,-100.290928916667,39.147,0,0,100,-1,0,,,,,,00:16:26,1.05,0,0,,
2026-07-08T17:37:43.822,Raspberry_Relieve1,25.6517595666667,-100.290928916667,39.146,0,0,100,-1,0,,,,,,00:16:26,0.9,0,0,,
2026-07-08T17:37:44.822,Raspberry_Relieve1,25.6517595666667,-100.290928916667,39.145,0,0,100,-1,0,,,,,,00:16:27,0.99,0,0,,
2026-07-08T17:37:45.822,Raspberry_Relieve1,25.6517595666667,-100.290928916667,39.143,0,0,100,-1,0,,,,,,00:16:29,1.04,0,0,,
2026-07-08T17:37:46.822,Raspberry_Relieve1,25.6517595666667,-100.290928916667,39.141,0,0,100,-1,0,,,,,,00:16:30,1.05,0,0,,
2026-07-08T17:37:47.822,Raspberry_Relieve1,25.6517595666667,-100.290928916667,39.141,0,0,100,-1,0,,,,,,00:16:30,0.91,0,0,,
2026-07-08T17:37:48.823,Raspberry_Relieve1,25.6517595666667,-100.290928916667,39.144,0,0,100,-1,0,,,,,,00:16:32,1.05,0,0,,
2026-07-08T17:37:49.823,Raspberry_Relieve1,25.6517595666667,-100.290928916667,39.143,0,0,100,-1,0,,,,,,00:16:32,0.97,0,0,,
2026-07-08T17:37:50.823,Raspberry_Relieve1,25.6517595666667,-100.290928916667,39.146,0,0,100,-1,0,,,,,,00:16:33,1,0,0,,
2026-07-08T17:37:51.823,Raspberry_Relieve1,25.6517595666667,-100.290928916667,39.143,0,0,100,-1,0,,,,,,00:16:34,0.98,0,0,,
2026-07-08T17:37:52.823,Raspberry_Relieve1,25.6517595666667,-100.290928916667,39.143,0,0,100,-1,0,,,,,,00:16:36,1.03,0,0,,
2026-07-08T17:37:53.823,Raspberry_Relieve1,25.6517595666667,-100.290928916667,39.144,0,0,100,-1,0,,,,,,00:16:36,0.96,0,0,,
2026-07-08T17:37:54.823,Raspberry_Relieve1,25.6517595666667,-100.290928916667,39.144,0,0,100,-1,0,,,,,,00:16:38,1.06,0,0,,
2026-07-08T17:37:55.823,Raspberry_Relieve1,25.6517595666667,-100.290928916667,39.143,0,0,100,-1,0,,,,,,00:16:39,1.06,0,0,,
2026-07-08T17:37:56.824,Raspberry_Relieve1,25.6517595666667,-100.290928916667,39.143,0,0,100,-1,0,,,,,,00:16:40,0.93,0,0,,
2026-07-08T17:37:57.824,Raspberry_Relieve1,25.6517595666667,-100.290928916667,39.143,0,0,100,-1,0,,,,,,00:16:41,1.09,0,0,,
2026-07-08T17:37:58.824,Raspberry_Relieve1,25.6517595666667,-100.290928916667,39.144,0,0,100,-1,0,,,,,,00:16:42,1,0,0,,
2026-07-08T17:37:59.824,Raspberry_Relieve1,25.6517595666667,-100.290928916667,39.144,0,0,100,-1,0,,,,,,00:16:43,0.95,0,0,,
2026-07-08T17:38:00.824,Raspberry_Relieve1,25.6517595666667,-100.290928916667,39.146,0,0,100,-1,0,,,,,,00:16:44,0.99,0,0,,
2026-07-08T17:38:01.824,Raspberry_Relieve1,25.6517595666667,-100.290928916667,39.144,0,0,100,-1,0,,,,,,00:16:44,0.92,0,0,,
2026-07-08T17:38:02.824,Raspberry_Relieve1,25.6517595666667,-100.290928916667,39.144,0,0,100,-1,0,,,,,,00:16:45,1.02,0,0,,
2026-07-08T17:38:03.824,Raspberry_Relieve1,25.6517595666667,-100.290928916667,39.145,0,0,100,-1,0,,,,,,00:16:46,0.96,0,0,,
2026-07-08T17:38:04.824,Raspberry_Relieve1,25.6517595666667,-100.290928916667,39.146,0,0,100,-1,0,,,,,,00:16:48,1.13,0,0,,
2026-07-08T17:38:05.824,Raspberry_Relieve1,25.6517595666667,-100.290928916667,39.145,0,0,100,-1,0,,,,,,00:16:48,0.88,0,0,,
2026-07-08T17:38:06.825,Raspberry_Relieve1,25.6517595666667,-100.290928916667,39.143,0,0,100,-1,0,,,,,,00:16:50,1.12,0,0,,
2026-07-08T17:38:07.825,Raspberry_Relieve1,25.6517595666667,-100.290928916667,39.145,0,0,100,-1,0,,,,,,00:16:51,0.97,0,0,,
2026-07-08T17:38:08.825,Raspberry_Relieve1,25.6517595666667,-100.290928916667,39.136,0,0,100,-1,0,,,,,,00:16:52,0.99,0,0,,
2026-07-08T17:38:09.825,Raspberry_Relieve1,25.6517595666667,-100.290928916667,39.14,0,0,100,-1,0,,,,,,00:16:53,1.56,0,0,,
2026-07-08T17:38:10.825,Raspberry_Relieve1,25.6517595666667,-100.290928916667,39.14,0,0,100,-1,0,,,,,,00:16:54,0.43,0,0,,
2026-07-08T17:38:11.825,Raspberry_Relieve1,25.6517595666667,-100.290928916667,39.143,0,0,100,-1,0,,,,,,00:16:55,1.08,0,0,,
2026-07-08T17:38:12.825,Raspberry_Relieve1,25.6517595666667,-100.290928916667,39.144,0,0,100,-1,0,,,,,,00:16:56,0.97,0,0,,
2026-07-08T17:38:13.825,Raspberry_Relieve1,25.6517595666667,-100.290928916667,39.144,0,0,100,-1,0,,,,,,00:16:57,0.99,0,0,,
2026-07-08T17:38:14.825,Raspberry_Relieve1,25.6517595666667,-100.290928916667,39.145,0,0,100,-1,0,,,,,,00:16:58,1.03,0,0,,
2026-07-08T17:38:15.826,Raspberry_Relieve1,25.6517595666667,-100.290928916667,39.145,0,0,100,-1,0,,,,,,00:16:59,0.95,0,0,,
2026-07-08T17:38:16.826,Raspberry_Relieve1,25.6517595666667,-100.290928916667,39.146,0,0,100,-1,0,,,,,,00:17:00,1.21,0,0,,
2026-07-08T17:38:17.826,Raspberry_Relieve1,25.6517595666667,-100.290928916667,39.138,0,0,100,-1,0,,,,,,00:17:01,0.82,0,0,,
2026-07-08T17:38:18.826,Raspberry_Relieve1,25.6517595666667,-100.290928916667,39.142,0,0,100,-1,0,,,,,,00:17:02,1.04,0,0,,
2026-07-08T17:38:19.826,Raspberry_Relieve1,25.6517595666667,-100.290928916667,39.14,0,0,100,-1,0,,,,,,00:17:03,0.9,0,0,,
2026-07-08T17:38:20.826,Raspberry_Relieve1,25.6517595666667,-100.290928916667,39.139,0,0,100,-1,0,,,,,,00:17:04,1,0,0,,
2026-07-08T17:38:21.826,Raspberry_Relieve1,25.6517595666667,-100.290928916667,39.14,0,0,100,-1,0,,,,,,00:17:05,1.07,0,0,,
2026-07-08T17:38:22.826,Raspberry_Relieve1,25.6517595666667,-100.290928916667,39.138,0,0,100,-1,0,,,,,,00:17:06,0.98,0,0,,
2026-07-08T17:38:23.827,Raspberry_Relieve1,25.6517595666667,-100.290928916667,39.142,0,0,100,-1,0,,,,,,00:17:07,0.95,0,0,,
2026-07-08T17:38:24.827,Raspberry_Relieve1,25.6517595666667,-100.290928916667,39.139,0,0,100,-1,0,,,,,,00:17:08,1.14,0,0,,
2026-07-08T17:38:25.827,Raspberry_Relieve1,25.6517595666667,-100.290928916667,39.141,0,0,100,-1,0,,,,,,00:17:09,1.06,0,0,,
2026-07-08T17:38:26.827,Raspberry_Relieve1,25.6517595666667,-100.290928916667,39.139,0,0,100,-1,0,,,,,,00:17:10,0.83,0,0,,
2026-07-08T17:38:27.827,Raspberry_Relieve1,25.6517595666667,-100.290928916667,39.139,0,0,100,-1,0,,,,,,00:17:10,0.97,0,0,,
2026-07-08T17:38:28.827,Raspberry_Relieve1,25.6517595666667,-100.290928916667,39.142,0,0,100,-1,0,,,,,,00:17:12,1.1,0,0,,
2026-07-08T17:38:29.827,Raspberry_Relieve1,25.6517595666667,-100.290928916667,39.141,0,0,100,-1,0,,,,,,00:17:13,0.91,0,0,,
2026-07-08T17:38:30.827,Raspberry_Relieve1,25.6517595666667,-100.290928916667,39.142,0,0,100,-1,0,,,,,,00:17:14,1.09,0,0,,
2026-07-08T17:38:31.828,Raspberry_Relieve1,25.6517595666667,-100.290928916667,39.143,0,0,100,-1,0,,,,,,00:17:14,0.87,0,0,,
2026-07-08T17:38:32.828,Raspberry_Relieve1,25.6517595666667,-100.290928916667,39.141,0,0,100,-1,0,,,,,,00:17:16,1.08,0,0,,
2026-07-08T17:38:33.828,Raspberry_Relieve1,25.6517595666667,-100.290928916667,39.141,0,0,100,-1,0,,,,,,00:17:17,0.97,0,0,,
2026-07-08T17:38:34.828,Raspberry_Relieve1,25.6517595666667,-100.290928916667,39.143,0,0,100,-1,0,,,,,,00:17:18,1.1,0,0,,
2026-07-08T17:38:35.828,Raspberry_Relieve1,25.6517595666667,-100.290928916667,39.142,0,0,100,-1,0,,,,,,00:17:19,0.92,0,0,,
2026-07-08T17:38:36.828,Raspberry_Relieve1,25.6517595666667,-100.290928916667,39.141,0,0,100,-1,0,,,,,,00:17:20,1,0,0,,
2026-07-08T17:38:37.828,Raspberry_Relieve1,25.6517595666667,-100.290928916667,39.143,0,0,100,-1,0,,,,,,00:17:21,1.02,0,0,,
2026-07-08T17:38:38.828,Raspberry_Relieve1,25.6517595666667,-100.290928916667,39.146,0,0,100,-1,0,,,,,,00:17:21,0.93,0,0,,
2026-07-08T17:38:39.828,Raspberry_Relieve1,25.6517595666667,-100.290928916667,39.144,0,0,100,-1,0,,,,,,00:17:23,1.17,0,0,,
2026-07-08T17:38:40.828,Raspberry_Relieve1,25.6517595666667,-100.290928916667,39.143,0,0,100,-1,0,,,,,,00:17:24,0.93,0,0,,
2026-07-08T17:38:41.829,Raspberry_Relieve1,25.6517595666667,-100.290928916667,39.144,0,0,100,-1,0,,,,,,00:17:24,0.89,0,0,,
2026-07-08T17:38:42.829,Raspberry_Relieve1,25.6517595666667,-100.290928916667,39.144,0,0,100,-1,0,,,,,,00:17:25,0.98,0,0,,
2026-07-08T17:38:43.829,Raspberry_Relieve1,25.6517595666667,-100.290928916667,39.144,0,0,100,-1,0,,,,,,00:17:27,1.08,0,0,,
2026-07-08T17:38:44.829,Raspberry_Relieve1,25.6517595666667,-100.290928916667,39.143,0,0,100,-1,0,,,,,,00:17:27,0.93,0,0,,
2026-07-08T17:38:45.829,Raspberry_Relieve1,25.6517595666667,-100.290928916667,39.142,0,0,100,-1,0,,,,,,00:17:29,1.08,0,0,,
2026-07-08T17:38:46.829,Raspberry_Relieve1,25.6517595666667,-100.290928916667,39.143,0,0,100,-1,0,,,,,,00:17:29,0.92,0,0,,
2026-07-08T17:38:47.829,Raspberry_Relieve1,25.6517595666667,-100.290928916667,39.142,0,0,100,-1,0,,,,,,00:17:31,1.09,0,0,,
2026-07-08T17:38:48.829,Raspberry_Relieve1,25.6517595666667,-100.290928916667,39.144,0,0,100,-1,0,,,,,,00:17:32,0.99,0,0,,
2026-07-08T17:38:49.830,Raspberry_Relieve1,25.6517595666667,-100.290928916667,39.145,0,0,100,-1,0,,,,,,00:17:33,1,0,0,,
2026-07-08T17:38:50.830,Raspberry_Relieve1,25.6517595666667,-100.290928916667,39.145,0,0,100,-1,0,,,,,,00:17:34,1.48,0,0,,
2026-07-08T17:38:51.830,Raspberry_Relieve1,25.6517595666667,-100.290928916667,39.146,0,0,100,-1,0,,,,,,00:17:34,0.43,0,0,,
2026-07-08T17:38:52.830,Raspberry_Relieve1,25.6517595666667,-100.290928916667,39.145,0,0,100,-1,0,,,,,,00:17:36,1.11,0,0,,
2026-07-08T17:38:53.830,Raspberry_Relieve1,25.6517595666667,-100.290928916667,39.145,0,0,100,-1,0,,,,,,00:17:37,0.94,0,0,,
2026-07-08T17:38:54.830,Raspberry_Relieve1,25.6517595666667,-100.290928916667,39.145,0,0,100,-1,0,,,,,,00:17:37,0.95,0,0,,
2026-07-08T17:38:55.830,Raspberry_Relieve1,25.6517595666667,-100.290928916667,39.145,0,0,100,-1,0,,,,,,00:17:39,1.05,0,0,,
2026-07-08T17:38:56.830,Raspberry_Relieve1,25.6517595666667,-100.290928916667,39.144,0,0,100,-1,0,,,,,,00:17:39,0.98,0,0,,
2026-07-08T17:38:57.830,Raspberry_Relieve1,25.6517595666667,-100.290928916667,39.145,0,0,100,-1,0,,,,,,00:17:41,1.09,0,0,,
2026-07-08T17:38:58.831,Raspberry_Relieve1,25.6517595666667,-100.290928916667,39.145,0,0,100,-1,0,,,,,,00:17:42,1.1,0,0,,
2026-07-08T17:38:59.831,Raspberry_Relieve1,25.6517595666667,-100.290928916667,39.144,0,0,100,-1,0,,,,,,00:17:42,0.8,0,0,,
2026-07-08T17:39:00.831,Raspberry_Relieve1,25.6517595666667,-100.290928916667,39.144,0,0,100,-1,0,,,,,,00:17:44,1.08,0,0,,
2026-07-08T17:39:01.831,Raspberry_Relieve1,25.6517595666667,-100.290928916667,39.145,0,0,100,-1,0,,,,,,00:17:45,1,0,0,,
2026-07-08T17:39:02.831,Raspberry_Relieve1,25.6517595666667,-100.290928916667,39.143,0,0,100,-1,0,,,,,,00:17:46,1.08,0,0,,
2026-07-08T17:39:03.831,Raspberry_Relieve1,25.6517595666667,-100.290928916667,39.144,0,0,100,-1,0,,,,,,00:17:46,0.8,0,0,,
2026-07-08T17:39:04.831,Raspberry_Relieve1,25.6517595666667,-100.290928916667,39.144,0,0,100,-1,0,,,,,,00:17:48,1.14,0,0,,
2026-07-08T17:39:05.831,Raspberry_Relieve1,25.6517595666667,-100.290928916667,39.144,0,0,100,-1,0,,,,,,00:17:49,1.06,0,0,,
2026-07-08T17:39:06.831,Raspberry_Relieve1,25.6517595666667,-100.290928916667,39.144,0,0,100,-1,0,,,,,,00:17:49,0.85,0,0,,
2026-07-08T17:39:07.831,Raspberry_Relieve1,25.6517595666667,-100.290928916667,39.144,0,0,100,-1,0,,,,,,00:17:51,1.14,0,0,,
2026-07-08T17:39:08.832,Raspberry_Relieve1,25.6517595666667,-100.290928916667,39.143,0,0,100,-1,0,,,,,,00:17:51,0.85,0,0,,
2026-07-08T17:39:09.832,Raspberry_Relieve1,25.6517595666667,-100.290928916667,39.143,0,0,100,-1,0,,,,,,00:17:53,1.11,0,0,,
2026-07-08T17:39:10.832,Raspberry_Relieve1,25.6517595666667,-100.290928916667,39.144,0,0,100,-1,0,,,,,,00:17:54,0.93,0,0,,
2026-07-08T17:39:11.832,Raspberry_Relieve1,25.6517595666667,-100.290928916667,39.144,0,0,100,-1,0,,,,,,00:17:55,1.05,0,0,,
2026-07-08T17:39:12.832,Raspberry_Relieve1,25.6517595666667,-100.290928916667,39.143,0,0,100,-1,0,,,,,,00:17:56,0.96,0,0,,
2026-07-08T17:39:13.832,Raspberry_Relieve1,25.6517595666667,-100.290928916667,39.141,0,0,100,-1,0,,,,,,00:17:56,0.96,0,0,,
2026-07-08T17:39:14.832,Raspberry_Relieve1,25.6517595666667,-100.290928916667,39.143,0,0,100,-1,0,,,,,,00:17:58,1.02,0,0,,
2026-07-08T17:39:15.832,Raspberry_Relieve1,25.6517595666667,-100.290928916667,38.371,3.038,117,100,-1,0,,,,,,00:17:58,0.96,0.015639,0.015639,,
2026-07-08T17:39:16.833,Raspberry_Relieve1,25.6517595666667,-100.290928916667,38.752,5.437,211,100,-1,0,,,,,,00:18:00,1.13,0.051631,0.067269,,
2026-07-08T17:39:17.833,Raspberry_Relieve1,25.6517595666667,-100.290928916667,37.643,7.226,272,100,-1,0,,,,,,00:18:00,0.86,0.057901,0.12517,,
2026-07-08T17:39:18.833,Raspberry_Relieve1,25.6517595666667,-100.290928916667,36.586,17.961,657,100,-1,0,,,,,,00:18:02,1.06,0.136915,0.262086,,
2026-07-08T17:39:19.833,Raspberry_Relieve1,25.6517595666667,-100.290928916667,36.538,18.531,677,100,-1,0,,,,,,00:18:03,0.98,0.181152,0.443238,,
2026-07-08T17:39:20.833,Raspberry_Relieve1,25.6517595666667,-100.290928916667,36.512,19.082,697,100,-1,0,,,,,,00:18:04,1.03,0.196056,0.639293,,
2026-07-08T17:39:21.833,Raspberry_Relieve1,25.6517595666667,-100.290928916667,36.487,19.091,697,100,-1,0,,,,,,00:18:05,1.23,0.237364,0.876657,,
2026-07-08T17:39:22.833,Raspberry_Relieve1,25.6517595666667,-100.290928916667,36.432,19.048,694,100,-1,0,,,,,,00:18:06,0.82,0.158987,1.035644,,
2026-07-08T17:39:23.834,Raspberry_Relieve1,25.6517595666667,-100.290928916667,36.466,18.892,689,100,-1,0,,,,,,00:18:07,1.32,0.254141,1.289786,,
2026-07-08T17:39:24.834,Raspberry_Relieve1,25.6517595666667,-100.290928916667,37.527,8.291,311,100,-1,0,,,,,,00:18:08,0.64,0.088324,1.37811,,
2026-07-08T17:39:25.834,Raspberry_Relieve1,25.6517595666667,-100.290928916667,38.906,1.126,44,100,-1,0,,,,,,00:18:09,1.06,0.052022,1.430132,,
2026-07-08T17:39:26.834,Raspberry_Relieve1,25.6517595666667,-100.290928916667,38.923,0,44,100,-1,0,,,,,,00:18:10,1,0.012201,1.442333,,
2026-07-08T17:39:27.834,Raspberry_Relieve1,25.6517595666667,-100.290928916667,38.939,0,44,100,-1,0,,,,,,00:18:10,0.87,0.010655,1.452988,,
2026-07-08T17:39:28.834,Raspberry_Relieve1,25.6517595666667,-100.290928916667,39.7,-5.014,-199,100,14240,0.001,,,,,,00:18:12,1.11,-0.023828,1.429161,,
2026-07-08T17:39:29.834,Raspberry_Relieve1,25.6517595666667,-100.290928916667,39.547,-4.632,-183,100,4623,0.002,,,,,,00:18:13,1.04,-0.054939,1.374222,,
2026-07-08T17:39:30.834,Raspberry_Relieve1,25.6517595666667,-100.290928916667,39.042,-1.961,-77,100,3045,0.003,,,,,,00:18:14,1.05,-0.038092,1.33613,,
2026-07-08T17:39:31.835,Raspberry_Relieve1,25.6517595666667,-100.290928916667,39.027,-0.222,-9,100,2978,0.003,,,,,,00:18:15,1.16,-0.013896,1.322234,,
2026-07-08T17:39:32.835,Raspberry_Relieve1,25.6517595666667,-100.290928916667,36.55,14.821,542,100,-1,0.003,,,,,,00:18:16,1.12,0.083133,1.405367,,
2026-07-08T17:39:33.835,Raspberry_Relieve1,25.6517595666667,-100.290928916667,36.497,18.856,688,100,-1,0,,,,,,00:18:17,0.64,0.108701,1.514068,,
2026-07-08T17:39:34.835,Raspberry_Relieve1,25.6517595666667,-100.290928916667,36.457,19.085,696,100,-1,0,,,,,,00:18:18,0.93,0.178788,1.692856,,
2026-07-08T17:39:35.835,Raspberry_Relieve1,25.6517595666667,-100.290928916667,36.429,19.067,695,100,-1,0,,,,,,00:18:19,1.03,0.198898,1.891755,,
2026-07-08T17:39:36.835,Raspberry_Relieve1,25.6517595666667,-100.290928916667,36.397,19.046,693,100,-1,0,,,,,,00:18:20,0.96,0.185679,2.077434,,
2026-07-08T17:39:37.835,Raspberry_Relieve1,25.6517595666667,-100.290928916667,36.389,18.935,689,100,-1,0,,,,,,00:18:21,1.05,0.201053,2.278487,,
2026-07-08T17:39:38.835,Raspberry_Relieve1,25.6517595666667,-100.290928916667,38.816,5,194,100,-1,0,,,,,,00:18:22,1.04,0.127084,2.405571,,
2026-07-08T17:39:39.835,Raspberry_Relieve1,25.6517595666667,-100.290928916667,38.815,0.308,12,100,-1,0,,,,,,00:18:23,0.95,0.027201,2.432772,,
2026-07-08T17:39:40.836,Raspberry_Relieve1,25.6517595666667,-100.290928916667,39.532,-2.958,-117,100,-1,0,,,,,,00:18:24,1.01,-0.014708,2.418064,,
2026-07-08T17:39:41.836,Raspberry_Relieve1,25.6517595666667,-100.290928916667,38.871,-0.882,-34,100,9951,0.001,,,,,,00:18:24,0.93,-0.019523,2.398541,,
2026-07-08T17:39:42.836,Raspberry_Relieve1,25.6517595666667,-100.290928916667,37.827,4.133,156,100,9578,0.001,,,,,,00:18:26,1.12,0.018918,2.417459,,
2026-07-08T17:39:43.836,Raspberry_Relieve1,25.6517595666667,-100.290928916667,39.338,-1.49,-59,100,-1,0.001,,,,,,00:18:27,1.01,0.013565,2.431024,,
2026-07-08T17:39:44.836,Raspberry_Relieve1,25.6517595666667,-100.290928916667,39.288,-2.152,-85,100,14400,0.001,,,,,,00:18:28,0.97,-0.019403,2.411621,,
2026-07-08T17:39:45.836,Raspberry_Relieve1,25.6517595666667,-100.290928916667,39.179,-2.196,-86,100,8790,0.002,,,,,,00:18:29,0.98,-0.02324,2.38838,,
2026-07-08T17:39:46.836,Raspberry_Relieve1,25.6517595666667,-100.290928916667,39.179,-2.196,-86,100,8790,0.002,,,,,,00:18:29,0.94,-0.022368,2.366013,,
2026-07-08T17:39:47.836,Raspberry_Relieve1,25.6517595666667,-100.290928916667,36.472,15.579,568,100,-1,0.001,,,,,,00:18:31,1.12,0.075301,2.441314,,
2026-07-08T17:39:48.837,Raspberry_Relieve1,25.6517595666667,-100.290928916667,36.429,18.901,689,100,-1,0,,,,,,00:18:32,0.88,0.15421,2.595523,,
2026-07-08T17:39:49.837,Raspberry_Relieve1,25.6517595666667,-100.290928916667,36.392,19.086,695,100,-1,0,,,,,,00:18:33,1.02,0.196911,2.792434,,
2026-07-08T17:39:50.837,Raspberry_Relieve1,25.6517595666667,-100.290928916667,36.361,19.052,693,100,-1,0,,,,,,00:18:34,1.05,0.201959,2.994393,,
2026-07-08T17:39:51.837,Raspberry_Relieve1,25.6517595666667,-100.290928916667,36.336,19.041,692,100,-1,0,,,,,,00:18:35,1,0.193309,3.187702,,
2026-07-08T17:39:52.837,Raspberry_Relieve1,25.6517595666667,-100.290928916667,36.307,19.01,690,100,-1,0,,,,,,00:18:36,1.07,0.204991,3.392693,,
2026-07-08T17:39:53.837,Raspberry_Relieve1,25.6517595666667,-100.290928916667,38.714,6.896,267,100,-1,0,,,,,,00:18:37,0.96,0.12749,3.520183,,
2026-07-08T17:39:54.837,Raspberry_Relieve1,25.6517595666667,-100.290928916667,38.714,6.896,267,100,-1,0,,,,,,00:18:38,1.01,0.074686,3.594868,,
2026-07-08T17:39:55.837,Raspberry_Relieve1,25.6517595666667,-100.290928916667,38.764,0,267,100,-1,0,,,,,,00:18:39,0.95,0.070224,3.665092,,
2026-07-08T17:39:56.837,Raspberry_Relieve1,25.6517595666667,-100.290928916667,38.786,0,267,100,-1,0,,,,,,00:18:40,1,0.074047,3.73914,,
2026-07-08T17:39:57.838,Raspberry_Relieve1,25.6517595666667,-100.290928916667,38.264,1.894,72,100,14400,0,,,,,,00:18:41,1.15,0.054039,3.793179,,
2026-07-08T17:39:58.838,Raspberry_Relieve1,25.6517595666667,-100.290928916667,38.189,6.506,248,100,-1,0,,,,,,00:18:42,0.82,0.036504,3.829683,,
2026-07-08T17:39:59.838,Raspberry_Relieve1,25.6517595666667,-100.290928916667,38.874,0.204,8,100,-1,0,,,,,,00:18:43,1.04,0.03683,3.866513,,
2026-07-08T17:40:00.838,Raspberry_Relieve1,25.6517595666667,-100.290928916667,37.576,7.637,287,100,-1,0,,,,,,00:18:44,0.97,0.03986,3.906372,,
2026-07-08T17:40:01.838,Raspberry_Relieve1,25.6517595666667,-100.290928916667,36.849,14.933,550,100,-1,0,,,,,,00:18:44,0.94,0.109849,4.016222,,
2026-07-08T17:40:02.838,Raspberry_Relieve1,25.6517595666667,-100.290928916667,36.511,16.699,610,100,-1,0,,,,,,00:18:46,1.16,0.186157,4.202379,,
2026-07-08T17:40:03.838,Raspberry_Relieve1,25.6517595666667,-100.290928916667,37.898,10.304,390,100,-1,0,,,,,,00:18:46,0.84,0.1172,4.319579,,
2026-07-08T17:40:04.838,Raspberry_Relieve1,25.6517595666667,-100.290928916667,36.428,15.998,583,100,-1,0,,,,,,00:18:48,1.09,0.147558,4.467137,,
2026-07-08T17:40:05.839,Raspberry_Relieve1,25.6517595666667,-100.290928916667,36.828,15.225,561,100,-1,0,,,,,,00:18:48,0.92,0.146184,4.613321,,
2026-07-08T17:40:06.839,Raspberry_Relieve1,25.6517595666667,-100.290928916667,38.742,4.45,172,100,-1,0,,,,,,00:18:50,1.06,0.108181,4.721502,,
2026-07-08T17:40:07.839,Raspberry_Relieve1,25.6517595666667,-100.290928916667,38.799,-0.452,-18,100,-1,0,,,,,,00:18:51,1.02,0.021738,4.74324,,
2026-07-08T17:40:08.839,Raspberry_Relieve1,25.6517595666667,-100.290928916667,38.734,0,0,100,14400,0,,,,,,00:18:52,0.99,-0.00247,4.74077,,
2026-07-08T17:40:09.839,Raspberry_Relieve1,25.6517595666667,-100.290928916667,38.75,0,0,100,-1,0,,,,,,00:18:53,1.01,0,4.74077,,
2026-07-08T17:40:10.839,Raspberry_Relieve1,25.6517595666667,-100.290928916667,38.764,0,0,100,-1,0,,,,,,00:18:53,0.91,0,4.74077,,
2026-07-08T17:40:11.839,Raspberry_Relieve1,25.6517595666667,-100.290928916667,38.776,0,0,100,-1,0,,,,,,00:18:55,1.17,0,4.74077,,
2026-07-08T17:40:12.839,Raspberry_Relieve1,25.6517595666667,-100.290928916667,38.788,0,0,100,-1,0,,,,,,00:18:56,0.85,0,4.74077,,
2026-07-08T17:40:13.839,Raspberry_Relieve1,25.6517595666667,-100.290928916667,38.796,0,0,100,-1,0,,,,,,00:18:57,1.04,0,4.74077,,
2026-07-08T17:40:14.840,Raspberry_Relieve1,25.6517595666667,-100.290928916667,38.807,0,0,100,-1,0,,,,,,00:18:58,1.15,0,4.74077,,
2026-07-08T17:40:15.840,Raspberry_Relieve1,25.6517595666667,-100.290928916667,38.814,0,0,100,-1,0,,,,,,00:18:59,0.88,0,4.74077,,
2026-07-08T17:40:16.840,Raspberry_Relieve1,25.6517595666667,-100.290928916667,39.515,-2.863,-113,100,-1,0,,,,,,00:18:59,0.91,-0.014254,4.726516,,
2026-07-08T17:40:17.840,Raspberry_Relieve1,25.6517595666667,-100.290928916667,38.84,-0.666,-26,100,13386,0.001,,,,,,00:19:01,1.27,-0.024491,4.702026,,
2026-07-08T17:40:18.840,Raspberry_Relieve1,25.6517595666667,-100.290928916667,39.335,-3.045,-120,100,11246,0.001,,,,,,00:19:02,0.78,-0.015873,4.686152,,
2026-07-08T17:40:19.840,Raspberry_Relieve1,25.6517595666667,-100.290928916667,38.857,-0.197,-8,100,9279,0.001,,,,,,00:19:03,0.97,-0.017303,4.668849,,
2026-07-08T17:40:20.840,Raspberry_Relieve1,25.6517595666667,-100.290928916667,38.86,0,0,100,-1,0.001,,,,,,00:19:04,1.12,-0.00124,4.667609,,
2026-07-08T17:40:21.841,Raspberry_Relieve1,25.6517595666667,-100.290928916667,39.049,-0.728,-28,100,-1,0.001,,,,,,00:19:05,0.92,-0.003574,4.664035,,
2026-07-08T17:40:22.841,Raspberry_Relieve1,25.6517595666667,-100.290928916667,38.875,-0.36,-14,100,14400,0.002,,,,,,00:19:05,0.94,-0.005505,4.65853,,
2026-07-08T17:40:23.841,Raspberry_Relieve1,25.6517595666667,-100.290928916667,39.046,-1.124,-44,100,14400,0.002,,,,,,00:19:07,1.1,-0.008843,4.649687,,
2026-07-08T17:40:24.841,Raspberry_Relieve1,25.6517595666667,-100.290928916667,39.046,-1.124,-44,100,14400,0.002,,,,,,00:19:08,0.97,-0.011916,4.63777,,
2026-07-08T17:40:25.841,Raspberry_Relieve1,25.6517595666667,-100.290928916667,38.886,0,0,100,-1,0.002,,,,,,00:19:09,1.03,-0.006264,4.631506,,
2026-07-08T17:40:26.841,Raspberry_Relieve1,25.6517595666667,-100.290928916667,38.892,0,0,100,-1,0.002,,,,,,00:19:09,0.88,0,4.631506,,
2026-07-08T17:40:27.841,Raspberry_Relieve1,25.6517595666667,-100.290928916667,38.897,0,0,100,-1,0.002,,,,,,00:19:10,1,0,4.631506,,
2026-07-08T17:40:28.841,Raspberry_Relieve1,25.6517595666667,-100.290928916667,38.898,0,0,100,-1,0.002,,,,,,00:19:12,1.08,0,4.631506,,
2026-07-08T17:40:29.842,Raspberry_Relieve1,25.6517595666667,-100.290928916667,38.903,0,0,100,-1,0.002,,,,,,00:19:13,1.02,0,4.631506,,
2026-07-08T17:40:30.842,Raspberry_Relieve1,25.6517595666667,-100.290928916667,38.905,0,0,100,-1,0.002,,,,,,00:19:14,1.07,0,4.631506,,
2026-07-08T17:40:31.842,Raspberry_Relieve1,25.6517595666667,-100.290928916667,38.91,0,0,100,-1,0.002,,,,,,00:19:15,0.86,0,4.631506,,
2026-07-08T17:40:32.842,Raspberry_Relieve1,25.6517595666667,-100.290928916667,38.915,0,0,100,-1,0.002,,,,,,00:19:16,0.99,0,4.631506,,
2026-07-08T17:40:33.842,Raspberry_Relieve1,25.6517595666667,-100.290928916667,38.915,0,0,100,-1,0.002,,,,,,00:19:17,1.1,0,4.631506,,
2026-07-08T17:40:34.842,Raspberry_Relieve1,25.6517595666667,-100.290928916667,38.918,0,0,100,-1,0.002,,,,,,00:19:17,0.89,0,4.631506,,
2026-07-08T17:40:35.842,Raspberry_Relieve1,25.6517595666667,-100.290928916667,38.922,0,0,100,-1,0.002,,,,,,00:19:19,1.02,0,4.631506,,
2026-07-08T17:40:36.842,Raspberry_Relieve1,25.6517595666667,-100.290928916667,38.925,0,0,100,-1,0.002,,,,,,00:19:19,0.98,0,4.631506,,
2026-07-08T17:40:37.843,Raspberry_Relieve1,25.6517595666667,-100.290928916667,38.927,0,0,100,-1,0.002,,,,,,00:19:21,1.02,0,4.631506,,
2026-07-08T17:40:38.843,Raspberry_Relieve1,25.6517595666667,-100.290928916667,38.929,0,0,100,-1,0.002,,,,,,00:19:22,1.03,0,4.631506,,
2026-07-08T17:40:39.843,Raspberry_Relieve1,25.6517595666667,-100.290928916667,38.934,0,0,100,-1,0.002,,,,,,00:19:23,1.05,0,4.631506,,
2026-07-08T17:40:40.843,Raspberry_Relieve1,25.6517595666667,-100.290928916667,38.938,0,0,100,-1,0.002,,,,,,00:19:23,0.9,0,4.631506,,
2026-07-08T17:40:41.843,Raspberry_Relieve1,25.6517595666667,-100.290928916667,38.939,0,0,100,-1,0.002,,,,,,00:19:25,1.06,0,4.631506,,
2026-07-08T17:40:42.843,Raspberry_Relieve1,25.6517595666667,-100.290928916667,38.942,0,0,100,-1,0.002,,,,,,00:19:26,0.99,0,4.631506,,
2026-07-08T17:40:43.843,Raspberry_Relieve1,25.6517595666667,-100.290928916667,38.943,0,0,100,-1,0.002,,,,,,00:19:27,0.97,0,4.631506,,
2026-07-08T17:40:44.843,Raspberry_Relieve1,25.6517595666667,-100.290928916667,38.947,0,0,100,-1,0.002,,,,,,00:19:28,1.07,0,4.631506,,
2026-07-08T17:40:45.843,Raspberry_Relieve1,25.6517595666667,-100.290928916667,38.948,0,0,100,-1,0.002,,,,,,00:19:29,0.91,0,4.631506,,
2026-07-08T17:40:46.844,Raspberry_Relieve1,25.6517595666667,-100.290928916667,38.952,0,0,100,-1,0.002,,,,,,00:19:29,0.99,0,4.631506,,
2026-07-08T17:40:47.844,Raspberry_Relieve1,25.6517595666667,-100.290928916667,38.953,0,0,100,-1,0.002,,,,,,00:19:31,1.07,0,4.631506,,
2026-07-08T17:40:48.844,Raspberry_Relieve1,25.6517595666667,-100.290928916667,38.955,0,0,100,-1,0.002,,,,,,00:19:31,0.92,0,4.631506,,
2026-07-08T17:40:49.844,Raspberry_Relieve1,25.6517595666667,-100.290928916667,38.955,0,0,100,-1,0.002,,,,,,00:19:33,1.03,0,4.631506,,
2026-07-08T17:40:50.844,Raspberry_Relieve1,25.6517595666667,-100.290928916667,38.959,0,0,100,-1,0.002,,,,,,00:19:34,1.08,0,4.631506,,
2026-07-08T17:40:51.844,Raspberry_Relieve1,25.6517595666667,-100.290928916667,38.961,0,0,100,-1,0.002,,,,,,00:19:35,0.92,0,4.631506,,
2026-07-08T17:40:52.844,Raspberry_Relieve1,25.6517595666667,-100.290928916667,38.964,0,0,100,-1,0.002,,,,,,00:19:35,0.97,0,4.631506,,
2026-07-08T17:40:53.844,Raspberry_Relieve1,25.6517595666667,-100.290928916667,38.963,0,0,100,-1,0.002,,,,,,00:19:37,1.12,0,4.631506,,
2026-07-08T17:40:54.845,Raspberry_Relieve1,25.6517595666667,-100.290928916667,38.967,0,0,100,-1,0.002,,,,,,00:19:38,1,0,4.631506,,
2026-07-08T17:40:55.845,Raspberry_Relieve1,25.6517595666667,-100.290928916667,38.968,0,0,100,-1,0.002,,,,,,00:19:39,0.91,0,4.631506,,
2026-07-08T17:40:56.845,Raspberry_Relieve1,25.6517595666667,-100.290928916667,38.969,0,0,100,-1,0.002,,,,,,00:19:39,0.98,0,4.631506,,
2026-07-08T17:40:57.845,Raspberry_Relieve1,25.6517595666667,-100.290928916667,38.971,0,0,100,-1,0.002,,,,,,00:19:41,1.09,0,4.631506,,
2026-07-08T17:40:58.845,Raspberry_Relieve1,25.6517595666667,-100.290928916667,38.972,0,0,100,-1,0.002,,,,,,00:19:42,0.92,0,4.631506,,
2026-07-08T17:40:59.845,Raspberry_Relieve1,25.6517595666667,-100.290928916667,38.975,0,0,100,-1,0.002,,,,,,00:19:43,1.1,0,4.631506,,
2026-07-08T17:41:00.845,Raspberry_Relieve1,25.6517595666667,-100.290928916667,38.977,0,0,100,-1,0.002,,,,,,00:19:44,0.92,0,4.631506,,
2026-07-08T17:41:01.845,Raspberry_Relieve1,25.6517595666667,-100.290928916667,38.978,0,0,100,-1,0.002,,,,,,00:19:45,1.09,0,4.631506,,
2026-07-08T17:41:02.846,Raspberry_Relieve1,25.6517595666667,-100.290928916667,38.979,0,0,100,-1,0.002,,,,,,00:19:46,0.95,0,4.631506,,
2026-07-08T17:41:03.846,Raspberry_Relieve1,25.6517595666667,-100.290928916667,38.98,0,0,100,-1,0.002,,,,,,00:19:47,1.04,0,4.631506,,
2026-07-08T17:41:04.846,Raspberry_Relieve1,25.6517595666667,-100.290928916667,38.982,0,0,100,-1,0.002,,,,,,00:19:48,0.94,0,4.631506,,
2026-07-08T17:41:05.846,Raspberry_Relieve1,25.6517595666667,-100.290928916667,38.984,0,0,100,-1,0.002,,,,,,00:19:49,1.04,0,4.631506,,
2026-07-08T17:41:06.846,Raspberry_Relieve1,25.6517595666667,-100.290928916667,38.983,0,0,100,-1,0.002,,,,,,00:19:50,0.92,0,4.631506,,
2026-07-08T17:41:07.846,Raspberry_Relieve1,25.6517595666667,-100.290928916667,38.984,0,0,100,-1,0.002,,,,,,00:19:51,1.1,0,4.631506,,
2026-07-08T17:41:08.846,Raspberry_Relieve1,25.6517595666667,-100.290928916667,38.986,0,0,100,-1,0.002,,,,,,00:19:51,0.87,0,4.631506,,
2026-07-08T17:41:09.846,Raspberry_Relieve1,25.6517595666667,-100.290928916667,38.987,0,0,100,-1,0.002,,,,,,00:19:53,1.07,0,4.631506,,
2026-07-08T17:41:10.846,Raspberry_Relieve1,25.6517595666667,-100.290928916667,38.989,0,0,100,-1,0.002,,,,,,00:19:54,0.95,0,4.631506,,
2026-07-08T17:41:11.847,Raspberry_Relieve1,25.6517595666667,-100.290928916667,38.989,0,0,100,-1,0.002,,,,,,00:19:55,1.14,0,4.631506,,
2026-07-08T17:41:12.847,Raspberry_Relieve1,25.6517595666667,-100.290928916667,38.99,0,0,100,-1,0.002,,,,,,00:19:56,0.96,0,4.631506,,
2026-07-08T17:41:13.847,Raspberry_Relieve1,25.6517595666667,-100.290928916667,38.991,0,0,100,-1,0.002,,,,,,00:19:57,1,0,4.631506,,
2026-07-08T17:41:14.847,Raspberry_Relieve1,25.6517595666667,-100.290928916667,38.991,0,0,100,-1,0.002,,,,,,00:19:58,0.98,0,4.631506,,
2026-07-08T17:41:15.847,Raspberry_Relieve1,25.6517595666667,-100.290928916667,38.993,0,0,100,-1,0.002,,,,,,00:19:59,1.02,0,4.631506,,
2026-07-08T17:41:16.847,Raspberry_Relieve1,25.6517595666667,-100.290928916667,38.996,0,0,100,-1,0.002,,,,,,00:19:59,0.88,0,4.631506,,
2026-07-08T17:41:17.847,Raspberry_Relieve1,25.6517595666667,-100.290928916667,38.994,0,0,100,-1,0.002,,,,,,00:20:00,0.99,0,4.631506,,
2026-07-08T17:41:18.847,Raspberry_Relieve1,25.6517595666667,-100.290928916667,38.993,0,0,100,-1,0.002,,,,,,00:20:02,1.12,0,4.631506,,
2026-07-08T17:41:19.848,Raspberry_Relieve1,25.6517595666667,-100.290928916667,38.996,0,0,100,-1,0.002,,,,,,00:20:03,0.97,0,4.631506,,
2026-07-08T17:41:20.848,Raspberry_Relieve1,25.6517595666667,-100.290928916667,38.999,0,0,100,-1,0.002,,,,,,00:20:04,1.06,0,4.631506,,
2026-07-08T17:41:21.848,Raspberry_Relieve1,25.6517595666667,-100.290928916667,38.999,0,0,100,-1,0.002,,,,,,00:20:05,0.95,0,4.631506,,
2026-07-08T17:41:22.848,Raspberry_Relieve1,25.6517595666667,-100.290928916667,38.999,0,0,100,-1,0.002,,,,,,00:20:06,1,0,4.631506,,
2026-07-08T17:41:23.848,Raspberry_Relieve1,25.6517595666667,-100.290928916667,39,0,0,100,-1,0.002,,,,,,00:20:07,1.04,0,4.631506,,
2026-07-08T17:41:24.848,Raspberry_Relieve1,25.6517595666667,-100.290928916667,39.001,0,0,100,-1,0.002,,,,,,00:20:08,0.94,0,4.631506,,
2026-07-08T17:41:25.848,Raspberry_Relieve1,25.6517595666667,-100.290928916667,39.001,0,0,100,-1,0.002,,,,,,00:20:09,1.07,0,4.631506,,
2026-07-08T17:41:26.848,Raspberry_Relieve1,25.6517595666667,-100.290928916667,39.001,0,0,100,-1,0.002,,,,,,00:20:10,0.97,0,4.631506,,
2026-07-08T17:41:27.849,Raspberry_Relieve1,25.6517595666667,-100.290928916667,39.003,0,0,100,-1,0.002,,,,,,00:20:11,1,0,4.631506,,
2026-07-08T17:41:28.849,Raspberry_Relieve1,25.6517595666667,-100.290928916667,39.002,0,0,100,-1,0.002,,,,,,00:20:12,1.09,0,4.631506,,
2026-07-08T17:41:29.849,Raspberry_Relieve1,25.6517595666667,-100.290928916667,39.004,0,0,100,-1,0.002,,,,,,00:20:13,0.82,0,4.631506,,
2026-07-08T17:41:30.849,Raspberry_Relieve1,25.6517595666667,-100.290928916667,39.004,0,0,100,-1,0.002,,,,,,00:20:14,1.07,0,4.631506,,
2026-07-08T17:41:31.849,Raspberry_Relieve1,25.6517595666667,-100.290928916667,39.005,0,0,100,-1,0.002,,,,,,00:20:15,1.05,0,4.631506,,
2026-07-08T17:41:32.849,Raspberry_Relieve1,25.6517595666667,-100.290928916667,39.006,0,0,100,-1,0.002,,,,,,00:20:16,0.93,0,4.631506,,
2026-07-08T17:41:33.849,Raspberry_Relieve1,25.6517595666667,-100.290928916667,39.006,0,0,100,-1,0.002,,,,,,00:20:17,0.94,0,4.631506,,
2026-07-08T17:41:34.850,Raspberry_Relieve1,25.6517595666667,-100.290928916667,39.008,0,0,100,-1,0.002,,,,,,00:20:18,1.17,0,4.631506,,
2026-07-08T17:41:35.850,Raspberry_Relieve1,25.6517595666667,-100.290928916667,39.007,0,0,100,-1,0.002,,,,,,00:20:19,0.97,0,4.631506,,
2026-07-08T17:41:36.850,Raspberry_Relieve1,25.6517595666667,-100.290928916667,39.009,0,0,100,-1,0.002,,,,,,00:20:20,0.96,0,4.631506,,
2026-07-08T17:41:37.850,Raspberry_Relieve1,25.6517595666667,-100.290928916667,39.009,0,0,100,-1,0.002,,,,,,00:20:21,0.97,0,4.631506,,
2026-07-08T17:41:38.850,Raspberry_Relieve1,25.6517595666667,-100.290928916667,39.01,0,0,100,-1,0.002,,,,,,00:20:22,0.94,0,4.631506,,
2026-07-08T17:41:39.850,Raspberry_Relieve1,25.6517595666667,-100.290928916667,39.01,0,0,100,-1,0.002,,,,,,00:20:23,1.08,0,4.631506,,
2026-07-08T17:41:40.850,Raspberry_Relieve1,25.6517595666667,-100.290928916667,39.011,0,0,100,-1,0.002,,,,,,00:20:24,1,0,4.631506,,
2026-07-08T17:41:41.851,Raspberry_Relieve1,25.6517595666667,-100.290928916667,39.01,0,0,100,-1,0.002,,,,,,00:20:25,0.96,0,4.631506,,
2026-07-08T17:41:42.851,Raspberry_Relieve1,25.6517595666667,-100.290928916667,39.011,0,0,100,-1,0.002,,,,,,00:20:26,1.04,0,4.631506,,
2026-07-08T17:41:43.851,Raspberry_Relieve1,25.6517595666667,-100.290928916667,39.013,0,0,100,-1,0.002,,,,,,00:20:27,0.96,0,4.631506,,
2026-07-08T17:41:44.851,Raspberry_Relieve1,25.6517595666667,-100.290928916667,39.013,0,0,100,-1,0.002,,,,,,00:20:28,1.05,0,4.631506,,
2026-07-08T17:41:45.851,Raspberry_Relieve1,25.6517595666667,-100.290928916667,39.012,0,0,100,-1,0.002,,,,,,00:20:29,0.97,0,4.631506,,
2026-07-08T17:41:46.851,Raspberry_Relieve1,25.6517595666667,-100.290928916667,39.014,0,0,100,-1,0.002,,,,,,00:20:30,0.94,0,4.631506,,
2026-07-08T17:41:47.851,Raspberry_Relieve1,25.6517595666667,-100.290928916667,39.013,0,0,100,-1,0.002,,,,,,00:20:31,1.06,0,4.631506,,
2026-07-08T17:41:48.852,Raspberry_Relieve1,25.6517595666667,-100.290928916667,39.013,0,0,100,-1,0.002,,,,,,00:20:32,0.95,0,4.631506,,
2026-07-08T17:41:49.852,Raspberry_Relieve1,25.6517595666667,-100.290928916667,39.015,0,0,100,-1,0.002,,,,,,00:20:33,1,0,4.631506,,
2026-07-08T17:41:50.852,Raspberry_Relieve1,25.6517595666667,-100.290928916667,39.014,0,0,100,-1,0.002,,,,,,00:20:34,1.07,0,4.631506,,
2026-07-08T17:41:51.852,Raspberry_Relieve1,25.6517595666667,-100.290928916667,39.016,0,0,100,-1,0.002,,,,,,00:20:35,0.99,0,4.631506,,
2026-07-08T17:41:52.852,Raspberry_Relieve1,25.6517595666667,-100.290928916667,39.016,0,0,100,-1,0.002,,,,,,00:20:36,0.93,0,4.631506,,
2026-07-08T17:41:53.852,Raspberry_Relieve1,25.6517595666667,-100.290928916667,39.015,0,0,100,-1,0.002,,,,,,00:20:37,1.08,0,4.631506,,
2026-07-08T17:41:54.852,Raspberry_Relieve1,25.6517595666667,-100.290928916667,39.016,0,0,100,-1,0.002,,,,,,00:20:38,1,0,4.631506,,
2026-07-08T17:41:55.852,Raspberry_Relieve1,25.6517595666667,-100.290928916667,39.015,0,0,100,-1,0.002,,,,,,00:20:39,1.05,0,4.631506,,
2026-07-08T17:41:56.853,Raspberry_Relieve1,25.6517595666667,-100.290928916667,39.017,0,0,100,-1,0.002,,,,,,00:20:40,0.95,0,4.631506,,
2026-07-08T17:41:57.853,Raspberry_Relieve1,25.6517595666667,-100.290928916667,39.016,0,0,100,-1,0.002,,,,,,00:20:41,1,0,4.631506,,
2026-07-08T17:41:58.853,Raspberry_Relieve1,25.6517595666667,-100.290928916667,39.015,0,0,100,-1,0.002,,,,,,00:20:42,0.9,0,4.631506,,
2026-07-08T17:41:59.853,Raspberry_Relieve1,25.6517595666667,-100.290928916667,39.018,0,0,100,-1,0.002,,,,,,00:20:43,1.07,0,4.631506,,
2026-07-08T17:42:00.853,Raspberry_Relieve1,25.6517595666667,-100.290928916667,39.016,0,0,100,-1,0.002,,,,,,00:20:44,1.01,0,4.631506,,
2026-07-08T17:42:01.853,Raspberry_Relieve1,25.6517595666667,-100.290928916667,39.018,0,0,100,-1,0.002,,,,,,00:20:45,1.02,0,4.631506,,
2026-07-08T17:42:02.853,Raspberry_Relieve1,25.6517595666667,-100.290928916667,39.018,0,0,100,-1,0.002,,,,,,00:20:46,0.93,0,4.631506,,
2026-07-08T17:42:03.853,Raspberry_Relieve1,25.6517595666667,-100.290928916667,39.019,0,0,100,-1,0.002,,,,,,00:20:47,1.05,0,4.631506,,
2026-07-08T17:42:04.853,Raspberry_Relieve1,25.6517595666667,-100.290928916667,39.019,0,0,100,-1,0.002,,,,,,00:20:48,1,0,4.631506,,
2026-07-08T17:42:05.854,Raspberry_Relieve1,25.6517595666667,-100.290928916667,39.017,0,0,100,-1,0.002,,,,,,00:20:49,0.97,0,4.631506,,
2026-07-08T17:42:06.854,Raspberry_Relieve1,25.6517595666667,-100.290928916667,39.017,0,0,100,-1,0.002,,,,,,00:20:50,0.94,0,4.631506,,
2026-07-08T17:42:07.854,Raspberry_Relieve1,25.6517595666667,-100.290928916667,39.02,0,0,100,-1,0.002,,,,,,00:20:51,1.01,0,4.631506,,
2026-07-08T17:42:08.854,Raspberry_Relieve1,25.6517595666667,-100.290928916667,39.022,0,0,100,-1,0.002,,,,,,00:20:52,1.15,0,4.631506,,
2026-07-08T17:42:09.854,Raspberry_Relieve1,25.6517595666667,-100.290928916667,39.021,0,0,100,-1,0.002,,,,,,00:20:53,0.89,0,4.631506,,
2026-07-08T17:42:10.854,Raspberry_Relieve1,25.6517595666667,-100.290928916667,39.02,0,0,100,-1,0.002,,,,,,00:20:54,1.01,0,4.631506,,
2026-07-08T17:42:11.855,Raspberry_Relieve1,25.6517595666667,-100.290928916667,39.021,0,0,100,-1,0.002,,,,,,00:20:55,1.03,0,4.631506,,
2026-07-08T17:42:12.855,Raspberry_Relieve1,25.6517595666667,-100.290928916667,39.02,0,0,100,-1,0.002,,,,,,00:20:56,0.94,0,4.631506,,
2026-07-08T17:42:13.855,Raspberry_Relieve1,25.6517595666667,-100.290928916667,39.021,0,0,100,-1,0.002,,,,,,00:20:57,1.14,0,4.631506,,
2026-07-08T17:42:14.855,Raspberry_Relieve1,25.6517595666667,-100.290928916667,39.021,0,0,100,-1,0.002,,,,,,00:20:58,0.83,0,4.631506,,
2026-07-08T17:42:15.855,Raspberry_Relieve1,25.6517595666667,-100.290928916667,39.02,0,0,100,-1,0.002,,,,,,00:20:58,0.98,0,4.631506,,
2026-07-08T17:42:16.855,Raspberry_Relieve1,25.6517595666667,-100.290928916667,39.022,0,0,100,-1,0.002,,,,,,00:21:00,1.06,0,4.631506,,
2026-07-08T17:42:17.855,Raspberry_Relieve1,25.6517595666667,-100.290928916667,39.021,0,0,100,-1,0.002,,,,,,00:21:01,1.01,0,4.631506,,
2026-07-08T17:42:18.855,Raspberry_Relieve1,25.6517595666667,-100.290928916667,38.572,3.138,121,100,-1,0.001,,,,,,00:21:02,0.94,0.015803,4.647309,,
2026-07-08T17:42:19.856,Raspberry_Relieve1,25.6517595666667,-100.290928916667,38.906,0.912,35,100,-1,0.001,,,,,,00:21:03,1.12,0.024175,4.671484,,
2026-07-08T17:42:20.856,Raspberry_Relieve1,25.6517595666667,-100.290928916667,38.967,0.61,24,100,-1,0,,,,,,00:21:04,0.88,0.007231,4.678715,,
2026-07-08T17:42:21.856,Raspberry_Relieve1,25.6517595666667,-100.290928916667,36.525,17.306,632,100,-1,0,,,,,,00:21:05,1.1,0.10033,4.779045,,
2026-07-08T17:42:22.856,Raspberry_Relieve1,25.6517595666667,-100.290928916667,38.933,3.78,147,100,-1,0,,,,,,00:21:06,0.96,0.104383,4.883429,,
2026-07-08T17:42:23.856,Raspberry_Relieve1,25.6517595666667,-100.290928916667,38.314,2.819,108,100,-1,0,,,,,,00:21:07,1.02,0.036298,4.919726,,
2026-07-08T17:42:24.856,Raspberry_Relieve1,25.6517595666667,-100.290928916667,36.469,18.118,661,100,-1,0,,,,,,00:21:08,0.96,0.102351,5.022077,,
2026-07-08T17:42:25.856,Raspberry_Relieve1,25.6517595666667,-100.290928916667,36.424,19.059,694,100,-1,0,,,,,,00:21:09,1.01,0.190988,5.213066,,
2026-07-08T17:42:26.856,Raspberry_Relieve1,25.6517595666667,-100.290928916667,36.396,19.117,696,100,-1,0,,,,,,00:21:10,1.03,0.198095,5.411161,,
2026-07-08T17:42:27.856,Raspberry_Relieve1,25.6517595666667,-100.290928916667,36.369,19.109,695,100,-1,0,,,,,,00:21:11,1,0.193354,5.604515,,
2026-07-08T17:42:28.857,Raspberry_Relieve1,25.6517595666667,-100.290928916667,36.456,18.519,675,100,-1,0,,,,,,00:21:12,0.91,0.173833,5.778348,,
2026-07-08T17:42:29.857,Raspberry_Relieve1,25.6517595666667,-100.290928916667,37.283,13.498,503,100,-1,0,,,,,,00:21:13,1.01,0.165718,5.944065,,
2026-07-08T17:42:30.857,Raspberry_Relieve1,25.6517595666667,-100.290928916667,37.328,11.497,429,100,-1,0,,,,,,00:21:14,1.11,0.143472,6.087537,,
2026-07-08T17:42:31.857,Raspberry_Relieve1,25.6517595666667,-100.290928916667,37.497,10.144,380,100,-1,0,,,,,,00:21:15,0.98,0.110125,6.197662,,
2026-07-08T17:42:32.857,Raspberry_Relieve1,25.6517595666667,-100.290928916667,37.632,9.025,340,100,-1,0,,,,,,00:21:16,0.92,0.091708,6.289369,,
2026-07-08T17:42:33.857,Raspberry_Relieve1,25.6517595666667,-100.290928916667,37.92,6.875,261,100,-1,0,,,,,,00:21:17,1.16,0.096464,6.385834,,
2026-07-08T17:42:34.857,Raspberry_Relieve1,25.6517595666667,-100.290928916667,37.893,6.471,245,100,-1,0,,,,,,00:21:18,1.05,0.073696,6.45953,,
2026-07-08T17:42:35.857,Raspberry_Relieve1,25.6517595666667,-100.290928916667,37.893,6.581,249,100,-1,0,,,,,,00:21:19,0.78,0.053762,6.513292,,
2026-07-08T17:42:36.857,Raspberry_Relieve1,25.6517595666667,-100.290928916667,37.922,6.538,248,100,-1,0,,,,,,00:21:20,0.99,0.06853,6.581822,,
2026-07-08T17:42:37.858,Raspberry_Relieve1,25.6517595666667,-100.290928916667,38.256,4.679,179,100,-1,0,,,,,,00:21:21,1.12,0.066465,6.648286,,
2026-07-08T17:42:38.858,Raspberry_Relieve1,25.6517595666667,-100.290928916667,38.356,2.969,114,100,-1,0,,,,,,00:21:22,0.95,0.038737,6.687023,,
2026-07-08T17:42:39.858,Raspberry_Relieve1,25.6517595666667,-100.290928916667,37.791,5.359,203,100,-1,0,,,,,,00:21:23,1.01,0.044583,6.731606,,
2026-07-08T17:42:40.858,Raspberry_Relieve1,25.6517595666667,-100.290928916667,37.37,11.911,445,100,-1,0,,,,,,00:21:24,1.07,0.096073,6.827679,,
2026-07-08T17:42:41.858,Raspberry_Relieve1,25.6517595666667,-100.290928916667,37.661,8.171,308,100,-1,0,,,,,,00:21:25,0.91,0.095353,6.923032,,
2026-07-08T17:42:42.858,Raspberry_Relieve1,25.6517595666667,-100.290928916667,36.917,13.15,485,100,-1,0,,,,,,00:21:26,1.07,0.117575,7.040607,,
2026-07-08T17:42:43.858,Raspberry_Relieve1,25.6517595666667,-100.290928916667,36.625,16.144,591,100,-1,0,,,,,,00:21:27,0.89,0.132834,7.173442,,
2026-07-08T17:42:44.859,Raspberry_Relieve1,25.6517595666667,-100.290928916667,36.878,14.204,524,100,-1,0,,,,,,00:21:28,1.03,0.159404,7.332846,,
2026-07-08T17:42:45.859,Raspberry_Relieve1,25.6517595666667,-100.290928916667,37.074,12.733,472,100,-1,0,,,,,,00:21:29,0.97,0.13392,7.466766,,
2026-07-08T17:42:46.859,Raspberry_Relieve1,25.6517595666667,-100.290928916667,36.2,17.765,643,100,-1,0,,,,,,00:21:30,1.08,0.166914,7.63368,,
2026-07-08T17:42:47.859,Raspberry_Relieve1,25.6517595666667,-100.290928916667,38.588,6.866,265,100,-1,0,,,,,,00:21:31,0.93,0.116679,7.750358,,
2026-07-08T17:42:48.859,Raspberry_Relieve1,25.6517595666667,-100.290928916667,37.913,3.173,120,100,-1,0,,,,,,00:21:32,1.03,0.055253,7.805612,,
2026-07-08T17:42:49.859,Raspberry_Relieve1,25.6517595666667,-100.290928916667,36.493,14.556,531,100,-1,0,,,,,,00:21:33,1.1,0.099192,7.904804,,
2026-07-08T17:42:50.859,Raspberry_Relieve1,25.6517595666667,-100.290928916667,36.473,16.837,614,100,-1,0,,,,,,00:21:34,0.93,0.147965,8.052769,,
2026-07-08T17:42:51.859,Raspberry_Relieve1,25.6517595666667,-100.290928916667,36.634,15.525,569,100,-1,0,,,,,,00:21:35,1.04,0.171423,8.224191,,
2026-07-08T17:42:52.860,Raspberry_Relieve1,25.6517595666667,-100.290928916667,36.57,15.032,550,100,-1,0,,,,,,00:21:36,0.97,0.150832,8.375023,,
2026-07-08T17:42:53.860,Raspberry_Relieve1,25.6517595666667,-100.290928916667,37.629,5.438,205,100,-1,0,,,,,,00:21:37,1.01,0.106366,8.481389,,
2026-07-08T17:42:54.860,Raspberry_Relieve1,25.6517595666667,-100.290928916667,37.029,10.699,396,100,-1,0,,,,,,00:21:38,0.99,0.082295,8.563683,,
2026-07-08T17:42:55.860,Raspberry_Relieve1,25.6517595666667,-100.290928916667,37.775,10.036,379,100,-1,0,,,,,,00:21:39,0.98,0.105052,8.668735,,
2026-07-08T17:42:56.860,Raspberry_Relieve1,25.6517595666667,-100.290928916667,38.672,0,379,100,-1,0,,,,,,00:21:40,1.07,0.112308,8.781043,,
2026-07-08T17:42:57.860,Raspberry_Relieve1,25.6517595666667,-100.290928916667,38.677,-0.512,-20,100,14400,0,,,,,,00:21:41,0.92,0.046068,8.827111,,
2026-07-08T17:42:58.861,Raspberry_Relieve1,25.6517595666667,-100.290928916667,36.154,15.391,556,100,-1,0,,,,,,00:21:42,1.02,0.076146,8.903258,,
2026-07-08T17:42:59.861,Raspberry_Relieve1,25.6517595666667,-100.290928916667,36.131,18.832,680,100,-1,0,,,,,,00:21:43,1.03,0.177219,9.080477,,
2026-07-08T17:43:00.861,Raspberry_Relieve1,25.6517595666667,-100.290928916667,36.108,19.034,687,100,-1,0,,,,,,00:21:44,0.89,0.168849,9.249326,,
2026-07-08T17:43:01.861,Raspberry_Relieve1,25.6517595666667,-100.290928916667,36.104,18.945,684,100,-1,0,,,,,,00:21:45,1.15,0.219089,9.468415,,
2026-07-08T17:43:02.861,Raspberry_Relieve1,25.6517595666667,-100.290928916667,38.508,2.392,92,100,-1,0,,,,,,00:21:46,0.93,0.0997,9.568115,,
2026-07-08T17:43:03.861,Raspberry_Relieve1,25.6517595666667,-100.290928916667,39.251,-3.363,-132,100,-1,0,,,,,,00:21:47,1,-0.005564,9.562551,,
2026-07-08T17:43:04.861,Raspberry_Relieve1,25.6517595666667,-100.290928916667,38.577,-0.366,-14,100,14400,0,,,,,,00:21:48,1,-0.020335,9.542216,,
2026-07-08T17:43:05.862,Raspberry_Relieve1,25.6517595666667,-100.290928916667,38.594,0,0,100,-1,0,,,,,,00:21:49,1.05,-0.002041,9.540175,,
2026-07-08T17:43:06.862,Raspberry_Relieve1,25.6517595666667,-100.290928916667,36.391,12.261,446,100,14400,0,,,,,,00:21:50,1.02,0.063055,9.60323,,
2026-07-08T17:43:07.862,Raspberry_Relieve1,25.6517595666667,-100.290928916667,36.992,12.497,462,100,-1,0,,,,,,00:21:51,0.84,0.106073,9.709303,,
2026-07-08T17:43:08.862,Raspberry_Relieve1,25.6517595666667,-100.290928916667,38.28,6.919,265,100,-1,0,,,,,,00:21:52,1,0.100862,9.810164,,
2026-07-08T17:43:09.862,Raspberry_Relieve1,25.6517595666667,-100.290928916667,37.107,9.025,335,100,-1,0,,,,,,00:21:53,1.19,0.099388,9.909553,,
2026-07-08T17:43:10.862,Raspberry_Relieve1,25.6517595666667,-100.290928916667,36.108,18.186,657,100,-1,0,,,,,,00:21:54,0.82,0.112932,10.022485,,
2026-07-08T17:43:11.862,Raspberry_Relieve1,25.6517595666667,-100.290928916667,36.074,19.004,686,100,-1,0,,,,,,00:21:55,1.09,0.202871,10.225356,,
2026-07-08T17:43:12.862,Raspberry_Relieve1,25.6517595666667,-100.290928916667,38.497,5.357,206,100,-1,0,,,,,,00:21:56,0.96,0.119294,10.34465,,
2026-07-08T17:43:13.862,Raspberry_Relieve1,25.6517595666667,-100.290928916667,37.261,5.277,197,100,-1,0,,,,,,00:21:57,1.05,0.058828,10.403479,,
2026-07-08T17:43:14.863,Raspberry_Relieve1,25.6517595666667,-100.290928916667,36.135,17.927,648,100,-1,0,,,,,,00:21:58,1,0.117579,10.521058,,
2026-07-08T17:43:15.863,Raspberry_Relieve1,25.6517595666667,-100.290928916667,38.566,1.14,44,100,-1,0,,,,,,00:21:59,1.02,0.098345,10.619403,,
2026-07-08T17:43:16.863,Raspberry_Relieve1,25.6517595666667,-100.290928916667,38.602,-0.468,-18,100,14400,0,,,,,,00:22:00,0.96,0.003472,10.622876,,
2026-07-08T17:43:17.863,Raspberry_Relieve1,25.6517595666667,-100.290928916667,38.227,1.058,40,100,14400,0,,,,,,00:22:01,0.97,0.002969,10.625844,,
2026-07-08T17:43:18.863,Raspberry_Relieve1,25.6517595666667,-100.290928916667,38.182,9.395,359,100,-1,0,,,,,,00:22:02,1.04,0.057586,10.68343,,
2026-07-08T17:43:19.863,Raspberry_Relieve1,25.6517595666667,-100.290928916667,39.108,-2.053,-80,100,-1,0,,,,,,00:22:03,0.95,0.036671,10.720101,,
2026-07-08T17:43:20.864,Raspberry_Relieve1,25.6517595666667,-100.290928916667,38.575,-0.602,-23,100,14400,0.001,,,,,,00:22:04,0.94,-0.013496,10.706605,,
2026-07-08T17:43:21.864,Raspberry_Relieve1,25.6517595666667,-100.290928916667,38.588,0,0,100,14362,0.001,,,,,,00:22:05,1.03,-0.003282,10.703322,,
2026-07-08T17:43:22.864,Raspberry_Relieve1,25.6517595666667,-100.290928916667,36.97,8.77,324,100,-1,0.001,,,,,,00:22:06,1.18,0.052965,10.756287,,
2026-07-08T17:43:23.864,Raspberry_Relieve1,25.6517595666667,-100.290928916667,36.141,16.19,585,100,-1,0,,,,,,00:22:07,0.92,0.11619,10.872477,,
2026-07-08T17:43:24.864,Raspberry_Relieve1,25.6517595666667,-100.290928916667,36.106,18.932,684,100,-1,0,,,,,,00:22:08,1.02,0.180548,11.053025,,
2026-07-08T17:43:25.864,Raspberry_Relieve1,25.6517595666667,-100.290928916667,36.075,19.079,688,100,-1,0,,,,,,00:22:09,0.87,0.166174,11.219199,,
2026-07-08T17:43:26.864,Raspberry_Relieve1,25.6517595666667,-100.290928916667,36.053,19.068,687,100,-1,0,,,,,,00:22:10,1.09,0.207675,11.426873,,
2026-07-08T17:43:27.864,Raspberry_Relieve1,25.6517595666667,-100.290928916667,36.032,19.056,687,100,-1,0,,,,,,00:22:11,0.92,0.174939,11.601812,,
2026-07-08T17:43:28.865,Raspberry_Relieve1,25.6517595666667,-100.290928916667,36.013,19.057,686,100,-1,0,,,,,,00:22:12,1.07,0.203652,11.805464,,
2026-07-08T17:43:29.865,Raspberry_Relieve1,25.6517595666667,-100.290928916667,38.424,2.346,90,100,-1,0,,,,,,00:22:13,1,0.10804,11.913504,,
2026-07-08T17:43:30.865,Raspberry_Relieve1,25.6517595666667,-100.290928916667,38.464,0.139,5,100,-1,0,,,,,,00:22:14,1,0.013207,11.926711,,
2026-07-08T17:43:31.865,Raspberry_Relieve1,25.6517595666667,-100.290928916667,38.491,-0.21,-8,100,14400,0,,,,,,00:22:15,0.9,-0.000376,11.926334,,
2026-07-08T17:43:32.865,Raspberry_Relieve1,25.6517595666667,-100.290928916667,38.932,-2.73,-106,100,14400,0,,,,,,00:22:15,0.99,-0.015637,11.910697,,
2026-07-08T17:43:33.865,Raspberry_Relieve1,25.6517595666667,-100.290928916667,38.541,-0.879,-34,100,8861,0.001,,,,,,00:22:17,1.15,-0.022445,11.888253,,
2026-07-08T17:43:34.865,Raspberry_Relieve1,25.6517595666667,-100.290928916667,38.635,-0.844,-33,100,7057,0.001,,,,,,00:22:18,0.99,-0.009234,11.879018,,
2026-07-08T17:43:35.865,Raspberry_Relieve1,25.6517595666667,-100.290928916667,38.563,0,0,100,6908,0.002,,,,,,00:22:19,0.87,-0.004,11.875019,,
2026-07-08T17:43:36.866,Raspberry_Relieve1,25.6517595666667,-100.290928916667,38.574,0,0,100,-1,0.002,,,,,,00:22:20,1.02,0,11.875019,,
2026-07-08T17:43:37.866,Raspberry_Relieve1,25.6517595666667,-100.290928916667,38.585,0,0,100,-1,0.002,,,,,,00:22:21,1.02,0,11.875019,,
2026-07-08T17:43:38.866,Raspberry_Relieve1,25.6517595666667,-100.290928916667,38.593,0,0,100,-1,0.002,,,,,,00:22:22,1.11,0,11.875019,,
2026-07-08T17:43:39.866,Raspberry_Relieve1,25.6517595666667,-100.290928916667,38.603,0,0,100,-1,0.002,,,,,,00:22:23,0.94,0,11.875019,,
2026-07-08T17:43:40.866,Raspberry_Relieve1,25.6517595666667,-100.290928916667,38.611,0,0,100,-1,0.002,,,,,,00:22:24,0.92,0,11.875019,,
2026-07-08T17:43:41.866,Raspberry_Relieve1,25.6517595666667,-100.290928916667,38.619,0,0,100,-1,0.002,,,,,,00:22:25,1.06,0,11.875019,,
2026-07-08T17:43:42.866,Raspberry_Relieve1,25.6517595666667,-100.290928916667,38.626,0,0,100,-1,0.002,,,,,,00:22:26,1.04,0,11.875019,,
2026-07-08T17:43:43.866,Raspberry_Relieve1,25.6517595666667,-100.290928916667,38.634,0,0,100,-1,0.002,,,,,,00:22:27,0.96,0,11.875019,,
2026-07-08T17:43:44.866,Raspberry_Relieve1,25.6517595666667,-100.290928916667,38.639,0,0,100,-1,0.002,,,,,,00:22:28,1.01,0,11.875019,,
2026-07-08T17:43:45.867,Raspberry_Relieve1,25.6517595666667,-100.290928916667,38.647,0,0,100,-1,0.002,,,,,,00:22:29,1.05,0,11.875019,,
2026-07-08T17:43:46.867,Raspberry_Relieve1,25.6517595666667,-100.290928916667,38.654,0,0,100,-1,0.002,,,,,,00:22:30,0.93,0,11.875019,,
2026-07-08T17:43:47.867,Raspberry_Relieve1,25.6517595666667,-100.290928916667,38.66,0,0,100,-1,0.002,,,,,,00:22:31,1.04,0,11.875019,,
2026-07-08T17:43:48.867,Raspberry_Relieve1,25.6517595666667,-100.290928916667,38.667,0,0,100,-1,0.002,,,,,,00:22:32,0.95,0,11.875019,,
2026-07-08T17:43:49.867,Raspberry_Relieve1,25.6517595666667,-100.290928916667,38.672,0,0,100,-1,0.002,,,,,,00:22:33,1.05,0,11.875019,,
2026-07-08T17:43:50.867,Raspberry_Relieve1,25.6517595666667,-100.290928916667,38.679,0,0,100,-1,0.002,,,,,,00:22:34,0.9,0,11.875019,,
2026-07-08T17:43:51.867,Raspberry_Relieve1,25.6517595666667,-100.290928916667,38.683,0,0,100,-1,0.002,,,,,,00:22:35,1.08,0,11.875019,,
2026-07-08T17:43:52.867,Raspberry_Relieve1,25.6517595666667,-100.290928916667,38.689,0,0,100,-1,0.002,,,,,,00:22:36,1,0,11.875019,,
2026-07-08T17:43:53.867,Raspberry_Relieve1,25.6517595666667,-100.290928916667,38.693,0,0,100,-1,0.002,,,,,,00:22:37,0.92,0,11.875019,,
2026-07-08T17:43:54.868,Raspberry_Relieve1,25.6517595666667,-100.290928916667,38.698,0,0,100,-1,0.002,,,,,,00:22:38,1.12,0,11.875019,,
2026-07-08T17:43:55.868,Raspberry_Relieve1,25.6517595666667,-100.290928916667,38.702,0,0,100,-1,0.002,,,,,,00:22:39,0.9,0,11.875019,,
2026-07-08T17:43:56.868,Raspberry_Relieve1,25.6517595666667,-100.290928916667,38.706,0,0,100,-1,0.002,,,,,,00:22:40,1.07,0,11.875019,,
2026-07-08T17:43:57.868,Raspberry_Relieve1,25.6517595666667,-100.290928916667,38.713,0,0,100,-1,0.002,,,,,,00:22:41,0.95,0,11.875019,,
2026-07-08T17:43:58.868,Raspberry_Relieve1,25.6517595666667,-100.290928916667,38.715,0,0,100,-1,0.002,,,,,,00:22:42,1.06,0,11.875019,,
2026-07-08T17:43:59.868,Raspberry_Relieve1,25.6517595666667,-100.290928916667,38.719,0,0,100,-1,0.002,,,,,,00:22:42,0.86,0,11.875019,,
2026-07-08T17:44:00.868,Raspberry_Relieve1,25.6517595666667,-100.290928916667,38.723,0,0,100,-1,0.002,,,,,,00:22:44,1.01,0,11.875019,,
2026-07-08T17:44:01.868,Raspberry_Relieve1,25.6517595666667,-100.290928916667,38.726,0,0,100,-1,0.002,,,,,,00:22:45,1.03,0,11.875019,,
2026-07-08T17:44:02.869,Raspberry_Relieve1,25.6517595666667,-100.290928916667,38.733,0,0,100,-1,0.002,,,,,,00:22:45,0.96,0,11.875019,,
2026-07-08T17:44:03.869,Raspberry_Relieve1,25.6517595666667,-100.290928916667,38.735,0,0,100,-1,0.002,,,,,,00:22:47,1.12,0,11.875019,,
2026-07-08T17:44:04.869,Raspberry_Relieve1,25.6517595666667,-100.290928916667,38.737,0,0,100,-1,0.002,,,,,,00:22:48,0.94,0,11.875019,,
2026-07-08T17:44:05.869,Raspberry_Relieve1,25.6517595666667,-100.290928916667,38.74,0,0,100,-1,0.002,,,,,,00:22:49,1.07,0,11.875019,,
2026-07-08T17:44:06.869,Raspberry_Relieve1,25.6517595666667,-100.290928916667,38.743,0,0,100,-1,0.002,,,,,,00:22:50,1.15,0,11.875019,,
2026-07-08T17:44:07.869,Raspberry_Relieve1,25.6517595666667,-100.290928916667,38.746,0,0,100,-1,0.002,,,,,,00:22:51,0.77,0,11.875019,,
2026-07-08T17:44:08.869,Raspberry_Relieve1,25.6517595666667,-100.290928916667,38.749,0,0,100,-1,0.002,,,,,,00:22:52,0.95,0,11.875019,,
2026-07-08T17:44:09.870,Raspberry_Relieve1,25.6517595666667,-100.290928916667,38.755,0,0,100,-1,0.002,,,,,,00:22:53,1.14,0,11.875019,,
2026-07-08T17:44:10.870,Raspberry_Relieve1,25.6517595666667,-100.290928916667,38.755,0,0,100,-1,0.002,,,,,,00:22:54,0.98,0,11.875019,,
2026-07-08T17:44:11.870,Raspberry_Relieve1,25.6517595666667,-100.290928916667,38.758,0,0,100,-1,0.002,,,,,,00:22:55,0.98,0,11.875019,,
2026-07-08T17:44:12.870,Raspberry_Relieve1,25.6517595666667,-100.290928916667,38.76,0,0,100,-1,0.002,,,,,,00:22:56,0.9,0,11.875019,,
2026-07-08T17:44:13.870,Raspberry_Relieve1,25.6517595666667,-100.290928916667,38.763,0,0,100,-1,0.002,,,,,,00:22:57,1.14,0,11.875019,,
2026-07-08T17:44:14.870,Raspberry_Relieve1,25.6517595666667,-100.290928916667,38.765,0,0,100,-1,0.002,,,,,,00:22:58,0.94,0,11.875019,,
2026-07-08T17:44:15.870,Raspberry_Relieve1,25.6517595666667,-100.290928916667,38.767,0,0,100,-1,0.002,,,,,,00:22:59,0.93,0,11.875019,,
2026-07-08T17:44:16.870,Raspberry_Relieve1,25.6517595666667,-100.290928916667,38.771,0,0,100,-1,0.002,,,,,,00:23:00,1.01,0,11.875019,,
2026-07-08T17:44:17.870,Raspberry_Relieve1,25.6517595666667,-100.290928916667,38.773,0,0,100,-1,0.002,,,,,,00:23:01,1.03,0,11.875019,,
2026-07-08T17:44:18.871,Raspberry_Relieve1,25.6517595666667,-100.290928916667,38.775,0,0,100,-1,0.002,,,,,,00:23:02,0.96,0,11.875019,,
2026-07-08T17:44:19.871,Raspberry_Relieve1,25.6517595666667,-100.290928916667,38.778,0,0,100,-1,0.002,,,,,,00:23:03,1.1,0,11.875019,,
2026-07-08T17:44:20.871,Raspberry_Relieve1,25.6517595666667,-100.290928916667,38.78,0,0,100,-1,0.002,,,,,,00:23:04,0.88,0,11.875019,,
2026-07-08T17:44:21.871,Raspberry_Relieve1,25.6517595666667,-100.290928916667,38.782,0,0,100,-1,0.002,,,,,,00:23:05,1.03,0,11.875019,,
2026-07-08T17:44:22.871,Raspberry_Relieve1,25.6517595666667,-100.290928916667,38.783,0,0,100,-1,0.002,,,,,,00:23:06,1.04,0,11.875019,,
2026-07-08T17:44:23.871,Raspberry_Relieve1,25.6517595666667,-100.290928916667,38.788,0,0,100,-1,0.002,,,,,,00:23:07,0.96,0,11.875019,,
2026-07-08T17:44:24.871,Raspberry_Relieve1,25.6517595666667,-100.290928916667,38.788,0,0,100,-1,0.002,,,,,,00:23:08,1.14,0,11.875019,,
2026-07-08T17:44:25.871,Raspberry_Relieve1,25.6517595666667,-100.290928916667,38.79,0,0,100,-1,0.002,,,,,,00:23:09,0.95,0,11.875019,,
2026-07-08T17:44:26.872,Raspberry_Relieve1,25.6517595666667,-100.290928916667,38.793,0,0,100,-1,0.002,,,,,,00:23:10,0.93,0,11.875019,,
2026-07-08T17:44:27.872,Raspberry_Relieve1,25.6517595666667,-100.290928916667,38.792,0,0,100,-1,0.002,,,,,,00:23:11,1.06,0,11.875019,,
2026-07-08T17:44:28.872,Raspberry_Relieve1,25.6517595666667,-100.290928916667,38.795,0,0,100,-1,0.002,,,,,,00:23:12,0.98,0,11.875019,,
2026-07-08T17:44:29.872,Raspberry_Relieve1,25.6517595666667,-100.290928916667,38.796,0,0,100,-1,0.002,,,,,,00:23:13,1.03,0,11.875019,,
2026-07-08T17:44:30.872,Raspberry_Relieve1,25.6517595666667,-100.290928916667,38.797,0,0,100,-1,0.002,,,,,,00:23:14,0.91,0,11.875019,,
2026-07-08T17:44:31.872,Raspberry_Relieve1,25.6517595666667,-100.290928916667,38.798,0,0,100,-1,0.002,,,,,,00:23:15,1.01,0,11.875019,,
2026-07-08T17:44:32.872,Raspberry_Relieve1,25.6517595666667,-100.290928916667,38.801,0,0,100,-1,0.002,,,,,,00:23:16,1,0,11.875019,,
2026-07-08T17:44:33.872,Raspberry_Relieve1,25.6517595666667,-100.290928916667,38.801,0,0,100,-1,0.002,,,,,,00:23:17,1.05,0,11.875019,,
2026-07-08T17:44:34.873,Raspberry_Relieve1,25.6517595666667,-100.290928916667,38.803,0,0,100,-1,0.002,,,,,,00:23:18,1.04,0,11.875019,,
2026-07-08T17:44:35.873,Raspberry_Relieve1,25.6517595666667,-100.290928916667,38.805,0,0,100,-1,0.002,,,,,,00:23:19,1.02,0,11.875019,,
2026-07-08T17:44:36.873,Raspberry_Relieve1,25.6517595666667,-100.290928916667,38.805,0,0,100,-1,0.002,,,,,,00:23:20,0.88,0,11.875019,,
2026-07-08T17:44:37.873,Raspberry_Relieve1,25.6517595666667,-100.290928916667,38.807,0,0,100,-1,0.002,,,,,,00:23:21,1.01,0,11.875019,,
2026-07-08T17:44:38.873,Raspberry_Relieve1,25.6517595666667,-100.290928916667,38.807,0,0,100,-1,0.002,,,,,,00:23:22,1,0,11.875019,,
2026-07-08T17:44:39.873,Raspberry_Relieve1,25.6517595666667,-100.290928916667,38.808,0,0,100,-1,0.002,,,,,,00:23:23,1.21,0,11.875019,,
2026-07-08T17:44:40.873,Raspberry_Relieve1,25.6517595666667,-100.290928916667,38.811,0,0,100,-1,0.002,,,,,,00:23:24,0.87,0,11.875019,,
2026-07-08T17:44:41.873,Raspberry_Relieve1,25.6517595666667,-100.290928916667,38.811,0,0,100,-1,0.002,,,,,,00:23:25,0.96,0,11.875019,,
2026-07-08T17:44:42.873,Raspberry_Relieve1,25.6517595666667,-100.290928916667,38.812,0,0,100,-1,0.002,,,,,,00:23:26,1,0,11.875019,,
2026-07-08T17:44:43.874,Raspberry_Relieve1,25.6517595666667,-100.290928916667,38.814,0,0,100,-1,0.002,,,,,,00:23:27,0.96,0,11.875019,,
2026-07-08T17:44:44.874,Raspberry_Relieve1,25.6517595666667,-100.290928916667,38.807,0,0,100,-1,0.002,,,,,,00:23:28,1.06,0,11.875019,,
2026-07-08T17:44:45.874,Raspberry_Relieve1,25.6517595666667,-100.290928916667,38.806,0,0,100,-1,0.002,,,,,,00:23:29,1.04,0,11.875019,,
2026-07-08T17:44:46.874,Raspberry_Relieve1,25.6517595666667,-100.290928916667,38.816,0,0,100,-1,0.002,,,,,,00:23:30,0.99,0,11.875019,,
2026-07-08T17:44:47.874,Raspberry_Relieve1,25.6517595666667,-100.290928916667,38.819,0,0,100,-1,0.002,,,,,,00:23:31,0.98,0,11.875019,,
2026-07-08T17:44:48.874,Raspberry_Relieve1,25.6517595666667,-100.290928916667,38.819,0,0,100,-1,0.002,,,,,,00:23:32,1.03,0,11.875019,,
2026-07-08T17:44:49.874,Raspberry_Relieve1,25.6517595666667,-100.290928916667,38.82,0,0,100,-1,0.002,,,,,,00:23:33,0.9,0,11.875019,,
2026-07-08T17:44:50.874,Raspberry_Relieve1,25.6517595666667,-100.290928916667,38.821,0,0,100,-1,0.002,,,,,,00:23:34,1.04,0,11.875019,,
2026-07-08T17:44:51.875,Raspberry_Relieve1,25.6517595666667,-100.290928916667,38.824,0,0,100,-1,0.002,,,,,,00:23:35,0.94,0,11.875019,,
2026-07-08T17:44:52.875,Raspberry_Relieve1,25.6517595666667,-100.290928916667,38.826,0,0,100,-1,0.002,,,,,,00:23:36,1.16,0,11.875019,,
2026-07-08T17:44:53.875,Raspberry_Relieve1,25.6517595666667,-100.290928916667,38.827,0,0,100,-1,0.002,,,,,,00:23:37,0.94,0,11.875019,,
2026-07-08T17:44:54.875,Raspberry_Relieve1,25.6517595666667,-100.290928916667,38.827,0,0,100,-1,0.002,,,,,,00:23:38,0.97,0,11.875019,,
2026-07-08T17:44:55.875,Raspberry_Relieve1,25.6517595666667,-100.290928916667,38.829,0,0,100,-1,0.002,,,,,,00:23:39,1.01,0,11.875019,,
2026-07-08T17:44:56.875,Raspberry_Relieve1,25.6517595666667,-100.290928916667,38.829,0,0,100,-1,0.002,,,,,,00:23:40,1.01,0,11.875019,,
2026-07-08T17:44:57.875,Raspberry_Relieve1,25.6517595666667,-100.290928916667,38.83,0,0,100,-1,0.002,,,,,,00:23:41,0.94,0,11.875019,,
2026-07-08T17:44:58.875,Raspberry_Relieve1,25.6517595666667,-100.290928916667,38.829,0,0,100,-1,0.002,,,,,,00:23:42,1.2,0,11.875019,,
2026-07-08T17:44:59.876,Raspberry_Relieve1,25.6517595666667,-100.290928916667,38.832,0,0,100,-1,0.002,,,,,,00:23:43,0.86,0,11.875019,,
2026-07-08T17:45:00.876,Raspberry_Relieve1,25.6517595666667,-100.290928916667,38.831,0,0,100,-1,0.002,,,,,,00:23:44,1.05,0,11.875019,,
2026-07-08T17:45:01.876,Raspberry_Relieve1,25.6517595666667,-100.290928916667,38.833,0,0,100,-1,0.002,,,,,,00:23:45,0.88,0,11.875019,,
2026-07-08T17:45:02.876,Raspberry_Relieve1,25.6517595666667,-100.290928916667,38.833,0,0,100,-1,0.002,,,,,,00:23:46,1.01,0,11.875019,,
2026-07-08T17:45:03.876,Raspberry_Relieve1,25.6517595666667,-100.290928916667,38.833,0,0,100,-1,0.002,,,,,,00:23:47,1.11,0,11.875019,,
2026-07-08T17:45:04.876,Raspberry_Relieve1,25.6517595666667,-100.290928916667,38.835,0,0,100,-1,0.002,,,,,,00:23:48,0.97,0,11.875019,,
2026-07-08T17:45:05.876,Raspberry_Relieve1,25.6517595666667,-100.290928916667,38.835,0,0,100,-1,0.002,,,,,,00:23:49,0.96,0,11.875019,,
2026-07-08T17:45:06.877,Raspberry_Relieve1,25.6517595666667,-100.290928916667,38.835,0,0,100,-1,0.002,,,,,,00:23:50,1.05,0,11.875019,,
2026-07-08T17:45:07.877,Raspberry_Relieve1,25.6517595666667,-100.290928916667,38.837,0,0,100,-1,0.002,,,,,,00:23:51,0.91,0,11.875019,,
2026-07-08T17:45:08.877,Raspberry_Relieve1,25.6517595666667,-100.290928916667,38.835,0,0,100,-1,0.002,,,,,,00:23:52,1.08,0,11.875019,,
2026-07-08T17:45:09.877,Raspberry_Relieve1,25.6517595666667,-100.290928916667,38.837,0,0,100,-1,0.002,,,,,,00:23:53,0.94,0,11.875019,,
2026-07-08T17:45:10.877,Raspberry_Relieve1,25.6517595666667,-100.290928916667,38.838,0,0,100,-1,0.002,,,,,,00:23:54,1.05,0,11.875019,,
2026-07-08T17:45:11.877,Raspberry_Relieve1,25.6517595666667,-100.290928916667,38.839,0,0,100,-1,0.002,,,,,,00:23:55,1.01,0,11.875019,,
2026-07-08T17:45:12.877,Raspberry_Relieve1,25.6517595666667,-100.290928916667,38.839,0,0,100,-1,0.002,,,,,,00:23:56,0.92,0,11.875019,,
2026-07-08T17:45:13.877,Raspberry_Relieve1,25.6517595666667,-100.290928916667,38.841,0,0,100,-1,0.002,,,,,,00:23:57,1.03,0,11.875019,,
2026-07-08T17:45:14.877,Raspberry_Relieve1,25.6517595666667,-100.290928916667,38.842,0,0,100,-1,0.002,,,,,,00:23:58,0.96,0,11.875019,,
2026-07-08T17:45:15.878,Raspberry_Relieve1,25.6517595666667,-100.290928916667,38.841,0,0,100,-1,0.002,,,,,,00:23:59,1.07,0,11.875019,,
2026-07-08T17:45:16.878,Raspberry_Relieve1,25.6517595666667,-100.290928916667,38.843,0,0,100,-1,0.002,,,,,,00:24:00,1.05,0,11.875019,,
2026-07-08T17:45:17.878,Raspberry_Relieve1,25.6517595666667,-100.290928916667,38.844,0,0,100,-1,0.002,,,,,,00:24:01,0.96,0,11.875019,,
2026-07-08T17:45:18.878,Raspberry_Relieve1,25.6517595666667,-100.290928916667,38.844,0,0,100,-1,0.002,,,,,,00:24:02,1.02,0,11.875019,,
2026-07-08T17:45:19.878,Raspberry_Relieve1,25.6517595666667,-100.290928916667,38.842,0,0,100,-1,0.002,,,,,,00:24:03,0.93,0,11.875019,,
2026-07-08T17:45:20.878,Raspberry_Relieve1,25.6517595666667,-100.290928916667,38.844,0,0,100,-1,0.002,,,,,,00:24:04,0.97,0,11.875019,,
2026-07-08T17:45:21.878,Raspberry_Relieve1,25.6517595666667,-100.290928916667,38.845,0,0,100,-1,0.002,,,,,,00:24:05,1.02,0,11.875019,,
2026-07-08T17:45:22.879,Raspberry_Relieve1,25.6517595666667,-100.290928916667,38.844,0,0,100,-1,0.002,,,,,,00:24:06,1.02,0,11.875019,,
2026-07-08T17:45:23.879,Raspberry_Relieve1,25.6517595666667,-100.290928916667,38.845,0,0,100,-1,0.002,,,,,,00:24:07,0.95,0,11.875019,,
2026-07-08T17:45:24.879,Raspberry_Relieve1,25.6517595666667,-100.290928916667,38.845,0,0,100,-1,0.002,,,,,,00:24:08,1.1,0,11.875019,,
2026-07-08T17:45:25.879,Raspberry_Relieve1,25.6517595666667,-100.290928916667,38.846,0,0,100,-1,0.002,,,,,,00:24:09,1.03,0,11.875019,,
2026-07-08T17:45:26.879,Raspberry_Relieve1,25.6517595666667,-100.290928916667,38.847,0,0,100,-1,0.002,,,,,,00:24:10,0.91,0,11.875019,,
2026-07-08T17:45:27.879,Raspberry_Relieve1,25.6517595666667,-100.290928916667,38.848,0,0,100,-1,0.002,,,,,,00:24:11,1.09,0,11.875019,,
2026-07-08T17:45:28.879,Raspberry_Relieve1,25.6517595666667,-100.290928916667,38.848,0,0,100,-1,0.002,,,,,,00:24:12,0.91,0,11.875019,,
2026-07-08T17:45:29.879,Raspberry_Relieve1,25.6517595666667,-100.290928916667,38.847,0,0,100,-1,0.002,,,,,,00:24:13,1.07,0,11.875019,,
2026-07-08T17:45:30.880,Raspberry_Relieve1,25.6517595666667,-100.290928916667,38.848,0,0,100,-1,0.002,,,,,,00:24:14,0.93,0,11.875019,,
2026-07-08T17:45:31.880,Raspberry_Relieve1,25.6517595666667,-100.290928916667,38.849,0,0,100,-1,0.002,,,,,,00:24:15,1.09,0,11.875019,,
2026-07-08T17:45:32.880,Raspberry_Relieve1,25.6517595666667,-100.290928916667,38.85,0,0,100,-1,0.002,,,,,,00:24:16,0.92,0,11.875019,,
2026-07-08T17:45:33.880,Raspberry_Relieve1,25.6517595666667,-100.290928916667,38.85,0,0,100,-1,0.002,,,,,,00:24:17,1.02,0,11.875019,,
2026-07-08T17:45:34.880,Raspberry_Relieve1,25.6517595666667,-100.290928916667,38.849,0,0,100,-1,0.002,,,,,,00:24:18,1.02,0,11.875019,,
2026-07-08T17:45:35.880,Raspberry_Relieve1,25.6517595666667,-100.290928916667,38.851,0,0,100,-1,0.002,,,,,,00:24:19,1.01,0,11.875019,,
2026-07-08T17:45:36.880,Raspberry_Relieve1,25.6517595666667,-100.290928916667,38.851,0,0,100,-1,0.002,,,,,,00:24:20,0.99,0,11.875019,,
2026-07-08T17:45:37.880,Raspberry_Relieve1,25.6517595666667,-100.290928916667,38.851,0,0,100,-1,0.002,,,,,,00:24:21,1.01,0,11.875019,,
2026-07-08T17:45:38.881,Raspberry_Relieve1,25.6517595666667,-100.290928916667,38.852,0,0,100,-1,0.002,,,,,,00:24:22,0.93,0,11.875019,,
2026-07-08T17:45:39.881,Raspberry_Relieve1,25.6517595666667,-100.290928916667,38.851,0,0,100,-1,0.002,,,,,,00:24:23,1.02,0,11.875019,,
2026-07-08T17:45:40.881,Raspberry_Relieve1,25.6517595666667,-100.290928916667,38.853,0,0,100,-1,0.002,,,,,,00:24:24,1.05,0,11.875019,,
2026-07-08T17:45:41.881,Raspberry_Relieve1,25.6517595666667,-100.290928916667,38.853,0,0,100,-1,0.002,,,,,,00:24:25,1,0,11.875019,,
2026-07-08T17:45:42.881,Raspberry_Relieve1,25.6517595666667,-100.290928916667,38.853,0,0,100,-1,0.002,,,,,,00:24:26,1.09,0,11.875019,,
2026-07-08T17:45:43.881,Raspberry_Relieve1,25.6517595666667,-100.290928916667,38.852,0,0,100,-1,0.002,,,,,,00:24:27,0.91,0,11.875019,,
2026-07-08T17:45:44.881,Raspberry_Relieve1,25.6517595666667,-100.290928916667,38.855,0,0,100,-1,0.002,,,,,,00:24:28,1.07,0,11.875019,,
2026-07-08T17:45:45.881,Raspberry_Relieve1,25.6517595666667,-100.290928916667,38.853,0,0,100,-1,0.002,,,,,,00:24:29,0.92,0,11.875019,,
2026-07-08T17:45:46.882,Raspberry_Relieve1,25.6517595666667,-100.290928916667,38.855,0,0,100,-1,0.002,,,,,,00:24:30,0.94,0,11.875019,,
2026-07-08T17:45:47.882,Raspberry_Relieve1,25.6517595666667,-100.290928916667,38.856,0,0,100,-1,0.002,,,,,,00:24:31,1.07,0,11.875019,,
2026-07-08T17:45:48.882,Raspberry_Relieve1,25.6517595666667,-100.290928916667,38.855,0,0,100,-1,0.002,,,,,,00:24:32,1,0,11.875019,,
2026-07-08T17:45:49.882,Raspberry_Relieve1,25.6517595666667,-100.290928916667,38.856,0,0,100,-1,0.002,,,,,,00:24:33,0.99,0,11.875019,,
2026-07-08T17:45:50.882,Raspberry_Relieve1,25.6517595666667,-100.290928916667,38.856,0,0,100,-1,0.002,,,,,,00:24:34,0.94,0,11.875019,,
2026-07-08T17:45:51.882,Raspberry_Relieve1,25.6517595666667,-100.290928916667,38.856,0,0,100,-1,0.002,,,,,,00:24:35,1.17,0,11.875019,,
2026-07-08T17:45:52.882,Raspberry_Relieve1,25.6517595666667,-100.290928916667,38.856,0,0,100,-1,0.002,,,,,,00:24:36,0.85,0,11.875019,,
2026-07-08T17:45:53.882,Raspberry_Relieve1,25.6517595666667,-100.290928916667,38.857,0,0,100,-1,0.002,,,,,,00:24:37,0.98,0,11.875019,,
2026-07-08T17:45:54.883,Raspberry_Relieve1,25.6517595666667,-100.290928916667,38.856,0,0,100,-1,0.002,,,,,,00:24:38,1.03,0,11.875019,,
2026-07-08T17:45:55.883,Raspberry_Relieve1,25.6517595666667,-100.290928916667,38.856,0,0,100,-1,0.002,,,,,,00:24:39,1.08,0,11.875019,,
2026-07-08T17:45:56.883,Raspberry_Relieve1,25.6517595666667,-100.290928916667,38.857,0,0,100,-1,0.002,,,,,,00:24:40,0.88,0,11.875019,,
2026-07-08T17:45:57.883,Raspberry_Relieve1,25.6517595666667,-100.290928916667,38.856,0,0,100,-1,0.002,,,,,,00:24:41,0.99,0,11.875019,,
2026-07-08T17:45:58.883,Raspberry_Relieve1,25.6517595666667,-100.290928916667,38.857,0,0,100,-1,0.002,,,,,,00:24:42,1.09,0,11.875019,,
2026-07-08T17:45:59.883,Raspberry_Relieve1,25.6517595666667,-100.290928916667,38.858,0,0,100,-1,0.002,,,,,,00:24:43,0.99,0,11.875019,,
2026-07-08T17:46:00.883,Raspberry_Relieve1,25.6517595666667,-100.290928916667,38.859,0,0,100,-1,0.002,,,,,,00:24:44,1.03,0,11.875019,,
2026-07-08T17:46:01.883,Raspberry_Relieve1,25.6517595666667,-100.290928916667,38.858,0,0,100,-1,0.002,,,,,,00:24:45,0.98,0,11.875019,,
2026-07-08T17:46:02.884,Raspberry_Relieve1,25.6517595666667,-100.290928916667,38.857,0,0,100,-1,0.002,,,,,,00:24:46,0.92,0,11.875019,,
2026-07-08T17:46:03.884,Raspberry_Relieve1,25.6517595666667,-100.290928916667,38.858,0,0,100,-1,0.002,,,,,,00:24:47,1.09,0,11.875019,,
2026-07-08T17:46:04.884,Raspberry_Relieve1,25.6517595666667,-100.290928916667,38.858,0,0,100,-1,0.002,,,,,,00:24:48,0.99,0,11.875019,,
2026-07-08T17:46:05.884,Raspberry_Relieve1,25.6517595666667,-100.290928916667,38.858,0,0,100,-1,0.002,,,,,,00:24:49,1,0,11.875019,,
2026-07-08T17:46:06.884,Raspberry_Relieve1,25.6517595666667,-100.290928916667,38.86,0,0,100,-1,0.002,,,,,,00:24:50,0.91,0,11.875019,,
2026-07-08T17:46:07.884,Raspberry_Relieve1,25.6517595666667,-100.290928916667,38.86,0,0,100,-1,0.002,,,,,,00:24:51,1.03,0,11.875019,,
2026-07-08T17:46:08.884,Raspberry_Relieve1,25.6517595666667,-100.290928916667,38.86,0,0,100,-1,0.002,,,,,,00:24:52,0.99,0,11.875019,,
2026-07-08T17:46:09.884,Raspberry_Relieve1,25.6517595666667,-100.290928916667,38.861,0,0,100,-1,0.002,,,,,,00:24:53,1.05,0,11.875019,,
2026-07-08T17:46:10.884,Raspberry_Relieve1,25.6517595666667,-100.290928916667,38.86,0,0,100,-1,0.002,,,,,,00:24:54,0.96,0,11.875019,,
2026-07-08T17:46:11.885,Raspberry_Relieve1,25.6517595666667,-100.290928916667,38.86,0,0,100,-1,0.002,,,,,,00:24:55,0.98,0,11.875019,,
2026-07-08T17:46:12.885,Raspberry_Relieve1,25.6517595666667,-100.290928916667,38.86,0,0,100,-1,0.002,,,,,,00:24:56,1.09,0,11.875019,,
2026-07-08T17:46:13.885,Raspberry_Relieve1,25.6517595666667,-100.290928916667,38.862,0,0,100,-1,0.002,,,,,,00:24:57,0.95,0,11.875019,,
2026-07-08T17:46:14.885,Raspberry_Relieve1,25.6517595666667,-100.290928916667,38.861,0,0,100,-1,0.002,,,,,,00:24:58,1.06,0,11.875019,,
2026-07-08T17:46:15.885,Raspberry_Relieve1,25.6517595666667,-100.290928916667,38.861,0,0,100,-1,0.002,,,,,,00:24:59,1.01,0,11.875019,,
2026-07-08T17:46:16.885,Raspberry_Relieve1,25.6517595666667,-100.290928916667,38.859,0,0,100,-1,0.002,,,,,,00:25:00,1.01,0,11.875019,,
2026-07-08T17:46:17.885,Raspberry_Relieve1,25.6517595666667,-100.290928916667,38.86,0,0,100,-1,0.002,,,,,,00:25:01,0.89,0,11.875019,,
2026-07-08T17:46:18.885,Raspberry_Relieve1,25.6517595666667,-100.290928916667,38.862,0,0,100,-1,0.002,,,,,,00:25:02,1.12,0,11.875019,,
2026-07-08T17:46:19.885,Raspberry_Relieve1,25.6517595666667,-100.290928916667,38.862,0,0,100,-1,0.002,,,,,,00:25:03,0.88,0,11.875019,,
2026-07-08T17:46:20.886,Raspberry_Relieve1,25.6517595666667,-100.290928916667,38.862,0,0,100,-1,0.002,,,,,,00:25:04,1.13,0,11.875019,,
2026-07-08T17:46:21.886,Raspberry_Relieve1,25.6517595666667,-100.290928916667,38.862,0,0,100,-1,0.002,,,,,,00:25:05,1.03,0,11.875019,,
2026-07-08T17:46:22.886,Raspberry_Relieve1,25.6517595666667,-100.290928916667,38.863,0,0,100,-1,0.002,,,,,,00:25:06,0.85,0,11.875019,,
2026-07-08T17:46:23.886,Raspberry_Relieve1,25.6517595666667,-100.290928916667,38.864,0,0,100,-1,0.002,,,,,,00:25:07,1,0,11.875019,,
2026-07-08T17:46:24.886,Raspberry_Relieve1,25.6517595666667,-100.290928916667,38.864,0,0,100,-1,0.002,,,,,,00:25:08,1.05,0,11.875019,,
2026-07-08T17:46:25.886,Raspberry_Relieve1,25.6517595666667,-100.290928916667,38.864,0,0,100,-1,0.002,,,,,,00:25:09,1.05,0,11.875019,,
2026-07-08T17:46:26.886,Raspberry_Relieve1,25.6517595666667,-100.290928916667,38.864,0,0,100,-1,0.002,,,,,,00:25:10,0.94,0,11.875019,,
2026-07-08T17:46:27.886,Raspberry_Relieve1,25.6517595666667,-100.290928916667,38.864,0,0,100,-1,0.002,,,,,,00:25:11,0.92,0,11.875019,,
2026-07-08T17:46:28.886,Raspberry_Relieve1,25.6517595666667,-100.290928916667,38.863,0,0,100,-1,0.002,,,,,,00:25:12,1.06,0,11.875019,,
2026-07-08T17:46:29.887,Raspberry_Relieve1,25.6517595666667,-100.290928916667,38.863,0,0,100,-1,0.002,,,,,,00:25:13,1,0,11.875019,,
2026-07-08T17:46:30.887,Raspberry_Relieve1,25.6517595666667,-100.290928916667,38.864,0,0,100,-1,0.002,,,,,,00:25:14,1.06,0,11.875019,,
2026-07-08T17:46:31.887,Raspberry_Relieve1,25.6517595666667,-100.290928916667,38.865,0,0,100,-1,0.002,,,,,,00:25:15,1,0,11.875019,,
2026-07-08T17:46:32.887,Raspberry_Relieve1,25.6517595666667,-100.290928916667,38.863,0,0,100,-1,0.002,,,,,,00:25:16,0.98,0,11.875019,,
2026-07-08T17:46:33.887,Raspberry_Relieve1,25.6517595666667,-100.290928916667,38.863,0,0,100,-1,0.002,,,,,,00:25:17,0.9,0,11.875019,,
2026-07-08T17:46:34.887,Raspberry_Relieve1,25.6517595666667,-100.290928916667,38.864,0,0,100,-1,0.002,,,,,,00:25:18,1.06,0,11.875019,,
2026-07-08T17:46:35.887,Raspberry_Relieve1,25.6517595666667,-100.290928916667,38.864,0,0,100,-1,0.002,,,,,,00:25:19,0.94,0,11.875019,,
2026-07-08T17:46:36.887,Raspberry_Relieve1,25.6517595666667,-100.290928916667,38.865,0,0,100,-1,0.002,,,,,,00:25:20,1.15,0,11.875019,,
2026-07-08T17:46:37.887,Raspberry_Relieve1,25.6517595666667,-100.290928916667,38.864,0,0,100,-1,0.002,,,,,,00:25:21,0.92,0,11.875019,,
2026-07-08T17:46:38.888,Raspberry_Relieve1,25.6517595666667,-100.290928916667,38.866,0,0,100,-1,0.002,,,,,,00:25:22,1.02,0,11.875019,,
2026-07-08T17:46:39.888,Raspberry_Relieve1,25.6517595666667,-100.290928916667,38.865,0,0,100,-1,0.002,,,,,,00:25:23,1.02,0,11.875019,,
2026-07-08T17:46:40.888,Raspberry_Relieve1,25.6517595666667,-100.290928916667,38.864,0,0,100,-1,0.002,,,,,,00:25:24,0.94,0,11.875019,,
2026-07-08T17:46:41.888,Raspberry_Relieve1,25.6517595666667,-100.290928916667,38.864,0,0,100,-1,0.002,,,,,,00:25:25,0.98,0,11.875019,,
2026-07-08T17:46:42.888,Raspberry_Relieve1,25.6517595666667,-100.290928916667,38.865,0,0,100,-1,0.002,,,,,,00:25:26,1.07,0,11.875019,,
2026-07-08T17:46:43.888,Raspberry_Relieve1,25.6517595666667,-100.290928916667,38.866,0,0,100,-1,0.002,,,,,,00:25:27,0.99,0,11.875019,,
2026-07-08T17:46:44.888,Raspberry_Relieve1,25.6517595666667,-100.290928916667,38.865,0,0,100,-1,0.002,,,,,,00:25:28,1.08,0,11.875019,,
2026-07-08T17:46:45.888,Raspberry_Relieve1,25.6517595666667,-100.290928916667,38.866,0,0,100,-1,0.002,,,,,,00:25:29,1.03,0,11.875019,,
2026-07-08T17:46:46.889,Raspberry_Relieve1,25.6517595666667,-100.290928916667,38.866,0,0,100,-1,0.002,,,,,,00:25:30,0.91,0,11.875019,,
2026-07-08T17:46:47.889,Raspberry_Relieve1,25.6517595666667,-100.290928916667,38.864,0,0,100,-1,0.002,,,,,,00:25:31,1.03,0,11.875019,,
2026-07-08T17:46:48.889,Raspberry_Relieve1,25.6517595666667,-100.290928916667,38.865,0,0,100,-1,0.002,,,,,,00:25:32,1.03,0,11.875019,,
2026-07-08T17:46:49.889,Raspberry_Relieve1,25.6517595666667,-100.290928916667,38.868,0,0,100,-1,0.002,,,,,,00:25:33,0.95,0,11.875019,,
2026-07-08T17:46:50.889,Raspberry_Relieve1,25.6517595666667,-100.290928916667,38.867,0,0,100,-1,0.002,,,,,,00:25:34,0.97,0,11.875019,,
2026-07-08T17:46:51.889,Raspberry_Relieve1,25.6517595666667,-100.290928916667,38.867,0,0,100,-1,0.002,,,,,,00:25:35,1,0,11.875019,,
2026-07-08T17:46:52.889,Raspberry_Relieve1,25.6517595666667,-100.290928916667,38.868,0,0,100,-1,0.002,,,,,,00:25:36,1.02,0,11.875019,,
2026-07-08T17:46:53.889,Raspberry_Relieve1,25.6517595666667,-100.290928916667,38.867,0,0,100,-1,0.002,,,,,,00:25:37,0.93,0,11.875019,,
2026-07-08T17:46:54.889,Raspberry_Relieve1,25.6517595666667,-100.290928916667,38.867,0,0,100,-1,0.002,,,,,,00:25:38,1.05,0,11.875019,,
2026-07-08T17:46:55.890,Raspberry_Relieve1,25.6517595666667,-100.290928916667,38.868,0,0,100,-1,0.002,,,,,,00:25:39,0.97,0,11.875019,,
2026-07-08T17:46:56.890,Raspberry_Relieve1,25.6517595666667,-100.290928916667,38.866,0,0,100,-1,0.002,,,,,,00:25:40,1.05,0,11.875019,,
2026-07-08T17:46:57.890,Raspberry_Relieve1,25.6517595666667,-100.290928916667,38.867,0,0,100,-1,0.002,,,,,,00:25:41,0.89,0,11.875019,,
2026-07-08T17:46:58.890,Raspberry_Relieve1,25.6517595666667,-100.290928916667,38.868,0,0,100,-1,0.002,,,,,,00:25:42,1.07,0,11.875019,,
2026-07-08T17:46:59.890,Raspberry_Relieve1,25.6517595666667,-100.290928916667,38.866,0,0,100,-1,0.002,,,,,,00:25:43,1.03,0,11.875019,,
2026-07-08T17:47:00.891,Raspberry_Relieve1,25.6517595666667,-100.290928916667,38.868,0,0,100,-1,0.002,,,,,,00:25:44,0.96,0,11.875019,,
2026-07-08T17:47:01.891,Raspberry_Relieve1,25.6517595666667,-100.290928916667,38.868,0,0,100,-1,0.002,,,,,,00:25:45,1.01,0,11.875019,,
2026-07-08T17:47:02.891,Raspberry_Relieve1,25.6517595666667,-100.290928916667,38.869,0,0,100,-1,0.002,,,,,,00:25:46,1.02,0,11.875019,,
2026-07-08T17:47:03.891,Raspberry_Relieve1,25.6517595666667,-100.290928916667,38.867,0,0,100,-1,0.002,,,,,,00:25:47,1.04,0,11.875019,,
2026-07-08T17:47:04.891,Raspberry_Relieve1,25.6517595666667,-100.290928916667,38.869,0,0,100,-1,0.002,,,,,,00:25:48,0.91,0,11.875019,,
2026-07-08T17:47:05.891,Raspberry_Relieve1,25.6517595666667,-100.290928916667,38.866,0,0,100,-1,0.002,,,,,,00:25:49,1.14,0,11.875019,,
2026-07-08T17:47:06.891,Raspberry_Relieve1,25.6517595666667,-100.290928916667,38.867,0,0,100,-1,0.002,,,,,,00:25:50,0.96,0,11.875019,,
2026-07-08T17:47:07.891,Raspberry_Relieve1,25.6517595666667,-100.290928916667,38.867,0,0,100,-1,0.002,,,,,,00:25:51,0.96,0,11.875019,,
2026-07-08T17:47:08.891,Raspberry_Relieve1,25.6517595666667,-100.290928916667,38.867,0,0,100,-1,0.002,,,,,,00:25:52,0.95,0,11.875019,,
2026-07-08T17:47:09.892,Raspberry_Relieve1,25.6517595666667,-100.290928916667,38.867,0,0,100,-1,0.002,,,,,,00:25:53,1.07,0,11.875019,,
2026-07-08T17:47:10.892,Raspberry_Relieve1,25.6517595666667,-100.290928916667,38.867,0,0,100,-1,0.002,,,,,,00:25:54,1.05,0,11.875019,,
2026-07-08T17:47:11.892,Raspberry_Relieve1,25.6517595666667,-100.290928916667,38.867,0,0,100,-1,0.002,,,,,,00:25:55,0.87,0,11.875019,,
2026-07-08T17:47:12.892,Raspberry_Relieve1,25.6517595666667,-100.290928916667,38.868,0,0,100,-1,0.002,,,,,,00:25:56,1.03,0,11.875019,,
2026-07-08T17:47:13.892,Raspberry_Relieve1,25.6517595666667,-100.290928916667,38.868,0,0,100,-1,0.002,,,,,,00:25:57,1.03,0,11.875019,,
2026-07-08T17:47:14.892,Raspberry_Relieve1,25.6517595666667,-100.290928916667,38.868,0,0,100,-1,0.002,,,,,,00:25:58,0.93,0,11.875019,,
2026-07-08T17:47:15.892,Raspberry_Relieve1,25.6517595666667,-100.290928916667,38.868,0,0,100,-1,0.002,,,,,,00:25:59,0.97,0,11.875019,,
2026-07-08T17:47:16.893,Raspberry_Relieve1,25.6517595666667,-100.290928916667,38.867,0,0,100,-1,0.002,,,,,,00:26:00,1.15,0,11.875019,,
2026-07-08T17:47:17.893,Raspberry_Relieve1,25.6517595666667,-100.290928916667,38.869,0,0,100,-1,0.002,,,,,,00:26:01,0.92,0,11.875019,,
2026-07-08T17:47:18.893,Raspberry_Relieve1,25.6517595666667,-100.290928916667,38.868,0,0,100,-1,0.002,,,,,,00:26:02,1.02,0,11.875019,,
2026-07-08T17:47:19.893,Raspberry_Relieve1,25.6517595666667,-100.290928916667,38.87,0,0,100,-1,0.002,,,,,,00:26:03,1,0,11.875019,,
2026-07-08T17:47:20.893,Raspberry_Relieve1,25.6517595666667,-100.290928916667,38.868,0,0,100,-1,0.002,,,,,,00:26:04,1.01,0,11.875019,,
2026-07-08T17:47:21.893,Raspberry_Relieve1,25.6517595666667,-100.290928916667,38.869,0,0,100,-1,0.002,,,,,,00:26:05,0.91,0,11.875019,,
2026-07-08T17:47:22.893,Raspberry_Relieve1,25.6517595666667,-100.290928916667,38.868,0,0,100,-1,0.002,,,,,,00:26:06,1.03,0,11.875019,,
2026-07-08T17:47:23.893,Raspberry_Relieve1,25.6517595666667,-100.290928916667,38.868,0,0,100,-1,0.002,,,,,,00:26:07,1,0,11.875019,,
2026-07-08T17:47:24.893,Raspberry_Relieve1,25.6517595666667,-100.290928916667,38.868,0,0,100,-1,0.002,,,,,,00:26:08,1.05,0,11.875019,,
2026-07-08T17:47:25.894,Raspberry_Relieve1,25.6517595666667,-100.290928916667,38.868,0,0,100,-1,0.002,,,,,,00:26:09,0.93,0,11.875019,,
2026-07-08T17:47:26.894,Raspberry_Relieve1,25.6517595666667,-100.290928916667,38.869,0,0,100,-1,0.002,,,,,,00:26:10,0.99,0,11.875019,,
2026-07-08T17:47:27.894,Raspberry_Relieve1,25.6517595666667,-100.290928916667,38.868,0,0,100,-1,0.002,,,,,,00:26:11,1.02,0,11.875019,,
2026-07-08T17:47:28.894,Raspberry_Relieve1,25.6517595666667,-100.290928916667,38.869,0,0,100,-1,0.002,,,,,,00:26:12,1.03,0,11.875019,,
2026-07-08T17:47:29.894,Raspberry_Relieve1,25.6517595666667,-100.290928916667,38.869,0,0,100,-1,0.002,,,,,,00:26:13,0.96,0,11.875019,,
2026-07-08T17:47:30.894,Raspberry_Relieve1,25.6517595666667,-100.290928916667,38.87,0,0,100,-1,0.002,,,,,,00:26:14,1.03,0,11.875019,,
2026-07-08T17:47:31.894,Raspberry_Relieve1,25.6517595666667,-100.290928916667,38.87,0,0,100,-1,0.002,,,,,,00:26:15,1.12,0,11.875019,,
2026-07-08T17:47:32.894,Raspberry_Relieve1,25.6517595666667,-100.290928916667,38.869,0,0,100,-1,0.002,,,,,,00:26:16,0.89,0,11.875019,,
2026-07-08T17:47:33.895,Raspberry_Relieve1,25.6517595666667,-100.290928916667,38.868,0,0,100,-1,0.002,,,,,,00:26:17,1.06,0,11.875019,,
2026-07-08T17:47:34.895,Raspberry_Relieve1,25.6517595666667,-100.290928916667,38.869,0,0,100,-1,0.002,,,,,,00:26:18,0.99,0,11.875019,,
2026-07-08T17:47:35.895,Raspberry_Relieve1,25.6517595666667,-100.290928916667,38.869,0,0,100,-1,0.002,,,,,,00:26:19,1,0,11.875019,,
2026-07-08T17:47:36.895,Raspberry_Relieve1,25.6517595666667,-100.290928916667,38.869,0,0,100,-1,0.002,,,,,,00:26:20,0.94,0,11.875019,,
2026-07-08T17:47:37.895,Raspberry_Relieve1,25.6517595666667,-100.290928916667,38.869,0,0,100,-1,0.002,,,,,,00:26:21,1.03,0,11.875019,,
2026-07-08T17:47:38.895,Raspberry_Relieve1,25.6517595666667,-100.290928916667,38.868,0,0,100,-1,0.002,,,,,,00:26:22,0.98,0,11.875019,,
2026-07-08T17:47:39.895,Raspberry_Relieve1,25.6517595666667,-100.290928916667,38.869,0,0,100,-1,0.002,,,,,,00:26:23,1.08,0,11.875019,,
2026-07-08T17:47:40.895,Raspberry_Relieve1,25.6517595666667,-100.290928916667,38.87,0,0,100,-1,0.002,,,,,,00:26:24,0.94,0,11.875019,,
2026-07-08T17:47:41.896,Raspberry_Relieve1,25.6517595666667,-100.290928916667,38.87,0,0,100,-1,0.002,,,,,,00:26:25,1.04,0,11.875019,,
2026-07-08T17:47:42.896,Raspberry_Relieve1,25.6517595666667,-100.290928916667,38.871,0,0,100,-1,0.002,,,,,,00:26:26,1,0,11.875019,,
2026-07-08T17:47:43.896,Raspberry_Relieve1,25.6517595666667,-100.290928916667,38.869,0,0,100,-1,0.002,,,,,,00:26:27,0.95,0,11.875019,,
2026-07-08T17:47:44.896,Raspberry_Relieve1,25.6517595666667,-100.290928916667,38.869,0,0,100,-1,0.002,,,,,,00:26:28,0.99,0,11.875019,,
2026-07-08T17:47:45.896,Raspberry_Relieve1,25.6517595666667,-100.290928916667,38.87,0,0,100,-1,0.002,,,,,,00:26:29,0.96,0,11.875019,,
2026-07-08T17:47:46.896,Raspberry_Relieve1,25.6517595666667,-100.290928916667,38.871,0,0,100,-1,0.002,,,,,,00:26:30,1.12,0,11.875019,,
2026-07-08T17:47:47.896,Raspberry_Relieve1,25.6517595666667,-100.290928916667,38.87,0,0,100,-1,0.002,,,,,,00:26:31,0.97,0,11.875019,,
2026-07-08T17:47:48.896,Raspberry_Relieve1,25.6517595666667,-100.290928916667,38.87,0,0,100,-1,0.002,,,,,,00:26:32,1.05,0,11.875019,,
2026-07-08T17:47:49.897,Raspberry_Relieve1,25.6517595666667,-100.290928916667,38.871,0,0,100,-1,0.002,,,,,,00:26:33,1.01,0,11.875019,,
2026-07-08T17:47:50.897,Raspberry_Relieve1,25.6517595666667,-100.290928916667,38.87,0,0,100,-1,0.002,,,,,,00:26:34,1.01,0,11.875019,,
2026-07-08T17:47:51.897,Raspberry_Relieve1,25.6517595666667,-100.290928916667,38.871,0,0,100,-1,0.002,,,,,,00:26:35,0.97,0,11.875019,,
2026-07-08T17:47:52.897,Raspberry_Relieve1,25.6517595666667,-100.290928916667,38.872,0,0,100,-1,0.002,,,,,,00:26:36,1.08,0,11.875019,,
2026-07-08T17:47:53.897,Raspberry_Relieve1,25.6517595666667,-100.290928916667,38.869,0,0,100,-1,0.002,,,,,,00:26:37,0.94,0,11.875019,,
2026-07-08T17:47:54.897,Raspberry_Relieve1,25.6517595666667,-100.290928916667,38.87,0,0,100,-1,0.002,,,,,,00:26:38,1.02,0,11.875019,,
2026-07-08T17:47:55.897,Raspberry_Relieve1,25.6517595666667,-100.290928916667,38.871,0,0,100,-1,0.002,,,,,,00:26:39,0.87,0,11.875019,,
2026-07-08T17:47:56.897,Raspberry_Relieve1,25.6517595666667,-100.290928916667,38.872,0,0,100,-1,0.002,,,,,,00:26:40,1.02,0,11.875019,,
2026-07-08T17:47:57.898,Raspberry_Relieve1,25.6517595666667,-100.290928916667,38.871,0,0,100,-1,0.002,,,,,,00:26:41,1.05,0,11.875019,,
2026-07-08T17:47:58.898,Raspberry_Relieve1,25.6517595666667,-100.290928916667,38.871,0,0,100,-1,0.002,,,,,,00:26:42,1,0,11.875019,,
2026-07-08T17:47:59.898,Raspberry_Relieve1,25.6517595666667,-100.290928916667,38.872,0,0,100,-1,0.002,,,,,,00:26:43,1.02,0,11.875019,,
2026-07-08T17:48:00.898,Raspberry_Relieve1,25.6517595666667,-100.290928916667,38.871,0,0,100,-1,0.002,,,,,,00:26:44,0.97,0,11.875019,,
2026-07-08T17:48:01.898,Raspberry_Relieve1,25.6517595666667,-100.290928916667,38.87,0,0,100,-1,0.002,,,,,,00:26:45,0.95,0,11.875019,,
2026-07-08T17:48:02.898,Raspberry_Relieve1,25.6517595666667,-100.290928916667,38.87,0,0,100,-1,0.002,,,,,,00:26:46,1.04,0,11.875019,,
2026-07-08T17:48:03.898,Raspberry_Relieve1,25.6517595666667,-100.290928916667,38.87,0,0,100,-1,0.002,,,,,,00:26:47,1.03,0,11.875019,,
2026-07-08T17:48:04.898,Raspberry_Relieve1,25.6517595666667,-100.290928916667,38.871,0,0,100,-1,0.002,,,,,,00:26:48,0.9,0,11.875019,,
2026-07-08T17:48:05.899,Raspberry_Relieve1,25.6517595666667,-100.290928916667,38.871,0,0,100,-1,0.002,,,,,,00:26:49,1.09,0,11.875019,,
2026-07-08T17:48:06.899,Raspberry_Relieve1,25.6517595666667,-100.290928916667,38.871,0,0,100,-1,0.002,,,,,,00:26:50,0.94,0,11.875019,,
2026-07-08T17:48:07.899,Raspberry_Relieve1,25.6517595666667,-100.290928916667,38.872,0,0,100,-1,0.002,,,,,,00:26:51,1.07,0,11.875019,,
2026-07-08T17:48:08.899,Raspberry_Relieve1,25.6517595666667,-100.290928916667,38.872,0,0,100,-1,0.002,,,,,,00:26:52,0.9,0,11.875019,,
2026-07-08T17:48:09.899,Raspberry_Relieve1,25.6517595666667,-100.290928916667,38.871,0,0,100,-1,0.002,,,,,,00:26:53,1.15,0,11.875019,,
2026-07-08T17:48:10.899,Raspberry_Relieve1,25.6517595666667,-100.290928916667,38.872,0,0,100,-1,0.002,,,,,,00:26:54,0.86,0,11.875019,,
2026-07-08T17:48:11.899,Raspberry_Relieve1,25.6517595666667,-100.290928916667,38.872,0,0,100,-1,0.002,,,,,,00:26:55,1.01,0,11.875019,,
2026-07-08T17:48:12.900,Raspberry_Relieve1,25.6517595666667,-100.290928916667,38.874,0,0,100,-1,0.002,,,,,,00:26:56,1.08,0,11.875019,,
2026-07-08T17:48:13.900,Raspberry_Relieve1,25.6517595666667,-100.290928916667,38.873,0,0,100,-1,0.002,,,,,,00:26:57,0.9,0,11.875019,,
2026-07-08T17:48:14.900,Raspberry_Relieve1,25.6517595666667,-100.290928916667,38.872,0,0,100,-1,0.002,,,,,,00:26:58,1.18,0,11.875019,,
2026-07-08T17:48:15.900,Raspberry_Relieve1,25.6517595666667,-100.290928916667,38.873,0,0,100,-1,0.002,,,,,,00:26:59,0.92,0,11.875019,,
2026-07-08T17:48:16.900,Raspberry_Relieve1,25.6517595666667,-100.290928916667,38.874,0,0,100,-1,0.002,,,,,,00:27:00,1.03,0,11.875019,,
2026-07-08T17:48:17.900,Raspberry_Relieve1,25.6517595666667,-100.290928916667,38.875,0,0,100,-1,0.002,,,,,,00:27:01,1.02,0,11.875019,,
2026-07-08T17:48:18.900,Raspberry_Relieve1,25.6517595666667,-100.290928916667,38.874,0,0,100,-1,0.002,,,,,,00:27:02,0.84,0,11.875019,,
2026-07-08T17:48:19.901,Raspberry_Relieve1,25.6517595666667,-100.290928916667,38.874,0,0,100,-1,0.002,,,,,,00:27:03,1.03,0,11.875019,,
2026-07-08T17:48:20.901,Raspberry_Relieve1,25.6517595666667,-100.290928916667,38.873,0,0,100,-1,0.002,,,,,,00:27:04,0.99,0,11.875019,,
2026-07-08T17:48:21.901,Raspberry_Relieve1,25.6517595666667,-100.290928916667,38.874,0,0,100,-1,0.002,,,,,,00:27:05,1,0,11.875019,,
2026-07-08T17:48:22.901,Raspberry_Relieve1,25.6517595666667,-100.290928916667,38.874,0,0,100,-1,0.002,,,,,,00:27:06,1.04,0,11.875019,,
2026-07-08T17:48:23.901,Raspberry_Relieve1,25.6517595666667,-100.290928916667,38.873,0,0,100,-1,0.002,,,,,,00:27:07,1.04,0,11.875019,,
2026-07-08T17:48:24.901,Raspberry_Relieve1,25.6517595666667,-100.290928916667,38.873,0,0,100,-1,0.002,,,,,,00:27:08,0.92,0,11.875019,,
2026-07-08T17:48:25.901,Raspberry_Relieve1,25.6517595666667,-100.290928916667,38.873,0,0,100,-1,0.002,,,,,,00:27:09,1.13,0,11.875019,,
2026-07-08T17:48:26.902,Raspberry_Relieve1,25.6517595666667,-100.290928916667,38.873,0,0,100,-1,0.002,,,,,,00:27:10,0.87,0,11.875019,,
2026-07-08T17:48:27.902,Raspberry_Relieve1,25.6517595666667,-100.290928916667,38.873,0,0,100,-1,0.002,,,,,,00:27:11,1.07,0,11.875019,,
2026-07-08T17:48:28.902,Raspberry_Relieve1,25.6517595666667,-100.290928916667,38.873,0,0,100,-1,0.002,,,,,,00:27:12,1.05,0,11.875019,,
2026-07-08T17:48:29.902,Raspberry_Relieve1,25.6517595666667,-100.290928916667,38.875,0,0,100,-1,0.002,,,,,,00:27:13,0.98,0,11.875019,,
2026-07-08T17:48:30.902,Raspberry_Relieve1,25.6517595666667,-100.290928916667,38.875,0,0,100,-1,0.002,,,,,,00:27:14,0.89,0,11.875019,,
2026-07-08T17:48:31.902,Raspberry_Relieve1,25.6517595666667,-100.290928916667,38.876,0,0,100,-1,0.002,,,,,,00:27:15,1.06,0,11.875019,,
2026-07-08T17:48:32.903,Raspberry_Relieve1,25.6517595666667,-100.290928916667,38.876,0,0,100,-1,0.002,,,,,,00:27:16,1.02,0,11.875019,,
2026-07-08T17:48:33.903,Raspberry_Relieve1,25.6517595666667,-100.290928916667,38.876,0,0,100,-1,0.002,,,,,,00:27:17,1.04,0,11.875019,,
2026-07-08T17:48:34.903,Raspberry_Relieve1,25.6517595666667,-100.290928916667,38.875,0,0,100,-1,0.002,,,,,,00:27:18,0.9,0,11.875019,,
2026-07-08T17:48:35.903,Raspberry_Relieve1,25.6517595666667,-100.290928916667,38.875,0,0,100,-1,0.002,,,,,,00:27:19,1.02,0,11.875019,,
2026-07-08T17:48:36.903,Raspberry_Relieve1,25.6517595666667,-100.290928916667,38.875,0,0,100,-1,0.002,,,,,,00:27:20,1.02,0,11.875019,,
2026-07-08T17:48:37.903,Raspberry_Relieve1,25.6517595666667,-100.290928916667,38.874,0,0,100,-1,0.002,,,,,,00:27:21,1.05,0,11.875019,,
2026-07-08T17:48:38.903,Raspberry_Relieve1,25.6517595666667,-100.290928916667,38.875,0,0,100,-1,0.002,,,,,,00:27:22,0.97,0,11.875019,,
2026-07-08T17:48:39.903,Raspberry_Relieve1,25.6517595666667,-100.290928916667,38.874,0,0,100,-1,0.002,,,,,,00:27:23,0.97,0,11.875019,,
2026-07-08T17:48:40.904,Raspberry_Relieve1,25.6517595666667,-100.290928916667,38.874,0,0,100,-1,0.002,,,,,,00:27:24,0.93,0,11.875019,,
2026-07-08T17:48:41.904,Raspberry_Relieve1,25.6517595666667,-100.290928916667,38.874,0,0,100,-1,0.002,,,,,,00:27:25,1,0,11.875019,,
2026-07-08T17:48:42.904,Raspberry_Relieve1,25.6517595666667,-100.290928916667,38.874,0,0,100,-1,0.002,,,,,,00:27:26,1.03,0,11.875019,,
2026-07-08T17:48:43.904,Raspberry_Relieve1,25.6517595666667,-100.290928916667,38.875,0,0,100,-1,0.002,,,,,,00:27:27,1.17,0,11.875019,,
2026-07-08T17:48:44.904,Raspberry_Relieve1,25.6517595666667,-100.290928916667,38.875,0,0,100,-1,0.002,,,,,,00:27:28,0.89,0,11.875019,,
2026-07-08T17:48:45.904,Raspberry_Relieve1,25.6517595666667,-100.290928916667,38.874,0,0,100,-1,0.002,,,,,,00:27:29,1.06,0,11.875019,,
2026-07-08T17:48:46.904,Raspberry_Relieve1,25.6517595666667,-100.290928916667,38.874,0,0,100,-1,0.002,,,,,,00:27:30,0.86,0,11.875019,,
2026-07-08T17:48:47.905,Raspberry_Relieve1,25.6517595666667,-100.290928916667,38.875,0,0,100,-1,0.002,,,,,,00:27:31,1.03,0,11.875019,,
2026-07-08T17:48:48.905,Raspberry_Relieve1,25.6517595666667,-100.290928916667,38.875,0,0,100,-1,0.002,,,,,,00:27:32,0.97,0,11.875019,,
2026-07-08T17:48:49.905,Raspberry_Relieve1,25.6517595666667,-100.290928916667,38.875,0,0,100,-1,0.002,,,,,,00:27:33,1.14,0,11.875019,,
2026-07-08T17:48:50.905,Raspberry_Relieve1,25.6517595666667,-100.290928916667,38.874,0,0,100,-1,0.002,,,,,,00:27:34,0.99,0,11.875019,,
2026-07-08T17:48:51.905,Raspberry_Relieve1,25.6517595666667,-100.290928916667,38.875,0,0,100,-1,0.002,,,,,,00:27:35,0.86,0,11.875019,,
2026-07-08T17:48:52.905,Raspberry_Relieve1,25.6517595666667,-100.290928916667,38.876,0,0,100,-1,0.002,,,,,,00:27:36,1.2,0,11.875019,,
2026-07-08T17:48:53.905,Raspberry_Relieve1,25.6517595666667,-100.290928916667,38.877,0,0,100,-1,0.002,,,,,,00:27:37,0.82,0,11.875019,,
2026-07-08T17:48:54.906,Raspberry_Relieve1,25.6517595666667,-100.290928916667,38.876,0,0,100,-1,0.002,,,,,,00:27:38,1,0,11.875019,,
2026-07-08T17:48:55.906,Raspberry_Relieve1,25.6517595666667,-100.290928916667,38.876,0,0,100,-1,0.002,,,,,,00:27:39,1.05,0,11.875019,,
2026-07-08T17:48:56.906,Raspberry_Relieve1,25.6517595666667,-100.290928916667,38.876,0,0,100,-1,0.002,,,,,,00:27:40,1.05,0,11.875019,,
2026-07-08T17:48:57.906,Raspberry_Relieve1,25.6517595666667,-100.290928916667,38.874,0,0,100,-1,0.002,,,,,,00:27:41,1.03,0,11.875019,,
2026-07-08T17:48:58.906,Raspberry_Relieve1,25.6517595666667,-100.290928916667,38.876,0,0,100,-1,0.002,,,,,,00:27:42,0.95,0,11.875019,,
2026-07-08T17:48:59.906,Raspberry_Relieve1,25.6517595666667,-100.290928916667,38.874,0,0,100,-1,0.002,,,,,,00:27:43,1.07,0,11.875019,,
2026-07-08T17:49:00.906,Raspberry_Relieve1,25.6517595666667,-100.290928916667,38.877,0,0,100,-1,0.002,,,,,,00:27:44,0.92,0,11.875019,,
2026-07-08T17:49:01.906,Raspberry_Relieve1,25.6517595666667,-100.290928916667,38.875,0,0,100,-1,0.002,,,,,,00:27:45,1.01,0,11.875019,,
2026-07-08T17:49:02.906,Raspberry_Relieve1,25.6517595666667,-100.290928916667,38.875,0,0,100,-1,0.002,,,,,,00:27:46,1.01,0,11.875019,,
2026-07-08T17:49:03.907,Raspberry_Relieve1,25.6517595666667,-100.290928916667,38.875,0,0,100,-1,0.002,,,,,,00:27:47,1,0,11.875019,,
2026-07-08T17:49:04.907,Raspberry_Relieve1,25.6517595666667,-100.290928916667,38.876,0,0,100,-1,0.002,,,,,,00:27:48,0.9,0,11.875019,,
2026-07-08T17:49:05.907,Raspberry_Relieve1,25.6517595666667,-100.290928916667,38.877,0,0,100,-1,0.002,,,,,,00:27:49,1.11,0,11.875019,,
2026-07-08T17:49:06.907,Raspberry_Relieve1,25.6517595666667,-100.290928916667,38.876,0,0,100,-1,0.002,,,,,,00:27:50,0.91,0,11.875019,,
2026-07-08T17:49:07.907,Raspberry_Relieve1,25.6517595666667,-100.290928916667,38.877,0,0,100,-1,0.002,,,,,,00:27:51,1.1,0,11.875019,,
2026-07-08T17:49:08.907,Raspberry_Relieve1,25.6517595666667,-100.290928916667,38.876,0,0,100,-1,0.002,,,,,,00:27:52,0.96,0,11.875019,,
2026-07-08T17:49:09.907,Raspberry_Relieve1,25.6517595666667,-100.290928916667,38.874,0,0,100,-1,0.002,,,,,,00:27:53,0.95,0,11.875019,,
2026-07-08T17:49:10.908,Raspberry_Relieve1,25.6517595666667,-100.290928916667,38.875,0,0,100,-1,0.002,,,,,,00:27:54,1.07,0,11.875019,,
2026-07-08T17:49:11.908,Raspberry_Relieve1,25.6517595666667,-100.290928916667,38.876,0,0,100,-1,0.002,,,,,,00:27:55,1.01,0,11.875019,,
2026-07-08T17:49:12.908,Raspberry_Relieve1,25.6517595666667,-100.290928916667,38.874,0,0,100,-1,0.002,,,,,,00:27:56,0.93,0,11.875019,,
2026-07-08T17:49:13.908,Raspberry_Relieve1,25.6517595666667,-100.290928916667,38.874,0,0,100,-1,0.002,,,,,,00:27:57,1.04,0,11.875019,,
2026-07-08T17:49:14.908,Raspberry_Relieve1,25.6517595666667,-100.290928916667,38.876,0,0,100,-1,0.002,,,,,,00:27:58,1.11,0,11.875019,,
2026-07-08T17:49:15.908,Raspberry_Relieve1,25.6517595666667,-100.290928916667,38.877,0,0,100,-1,0.002,,,,,,00:27:59,0.91,0,11.875019,,
2026-07-08T17:49:16.908,Raspberry_Relieve1,25.6517595666667,-100.290928916667,38.877,0,0,100,-1,0.002,,,,,,00:28:00,0.91,0,11.875019,,
2026-07-08T17:49:17.908,Raspberry_Relieve1,25.6517595666667,-100.290928916667,38.875,0,0,100,-1,0.002,,,,,,00:28:01,1.03,0,11.875019,,
2026-07-08T17:49:18.909,Raspberry_Relieve1,25.6517595666667,-100.290928916667,38.874,0,0,100,-1,0.002,,,,,,00:28:02,1.07,0,11.875019,,
2026-07-08T17:49:19.909,Raspberry_Relieve1,25.6517595666667,-100.290928916667,38.876,0,0,100,-1,0.002,,,,,,00:28:03,1,0,11.875019,,
2026-07-08T17:49:20.909,Raspberry_Relieve1,25.6517595666667,-100.290928916667,38.877,0,0,100,-1,0.002,,,,,,00:28:04,0.97,0,11.875019,,
2026-07-08T17:49:21.909,Raspberry_Relieve1,25.6517595666667,-100.290928916667,38.875,0,0,100,-1,0.002,,,,,,00:28:05,0.98,0,11.875019,,
2026-07-08T17:49:22.909,Raspberry_Relieve1,25.6517595666667,-100.290928916667,38.876,0,0,100,-1,0.002,,,,,,00:28:06,0.97,0,11.875019,,
2026-07-08T17:49:23.909,Raspberry_Relieve1,25.6517595666667,-100.290928916667,38.877,0,0,100,-1,0.002,,,,,,00:28:07,1.13,0,11.875019,,
2026-07-08T17:49:24.909,Raspberry_Relieve1,25.6517595666667,-100.290928916667,38.876,0,0,100,-1,0.002,,,,,,00:28:08,0.88,0,11.875019,,
2026-07-08T17:49:25.909,Raspberry_Relieve1,25.6517595666667,-100.290928916667,38.876,0,0,100,-1,0.002,,,,,,00:28:09,1.06,0,11.875019,,
2026-07-08T17:49:26.910,Raspberry_Relieve1,25.6517595666667,-100.290928916667,38.874,0,0,100,-1,0.002,,,,,,00:28:10,0.97,0,11.875019,,
2026-07-08T17:49:27.910,Raspberry_Relieve1,25.6517595666667,-100.290928916667,38.877,0,0,100,-1,0.002,,,,,,00:28:11,0.93,0,11.875019,,
2026-07-08T17:49:28.910,Raspberry_Relieve1,25.6517595666667,-100.290928916667,38.874,0,0,100,-1,0.002,,,,,,00:28:12,1.08,0,11.875019,,
2026-07-08T17:49:29.910,Raspberry_Relieve1,25.6517595666667,-100.290928916667,38.875,0,0,100,-1,0.002,,,,,,00:28:13,1.05,0,11.875019,,
2026-07-08T17:49:30.910,Raspberry_Relieve1,25.6517595666667,-100.290928916667,38.877,0,0,100,-1,0.002,,,,,,00:28:14,0.97,0,11.875019,,
2026-07-08T17:49:31.910,Raspberry_Relieve1,25.6517595666667,-100.290928916667,38.878,0,0,100,-1,0.002,,,,,,00:28:15,1.03,0,11.875019,,
2026-07-08T17:49:32.910,Raspberry_Relieve1,25.6517595666667,-100.290928916667,38.878,0,0,100,-1,0.002,,,,,,00:28:16,0.99,0,11.875019,,
2026-07-08T17:49:33.910,Raspberry_Relieve1,25.6517595666667,-100.290928916667,38.877,0,0,100,-1,0.002,,,,,,00:28:17,0.91,0,11.875019,,
2026-07-08T17:49:34.911,Raspberry_Relieve1,25.6517595666667,-100.290928916667,38.876,0,0,100,-1,0.002,,,,,,00:28:18,1.08,0,11.875019,,
2026-07-08T17:49:35.911,Raspberry_Relieve1,25.6517595666667,-100.290928916667,38.879,0,0,100,-1,0.002,,,,,,00:28:19,0.97,0,11.875019,,
2026-07-08T17:49:36.911,Raspberry_Relieve1,25.6517595666667,-100.290928916667,38.877,0,0,100,-1,0.002,,,,,,00:28:20,0.99,0,11.875019,,
2026-07-08T17:49:37.911,Raspberry_Relieve1,25.6517595666667,-100.290928916667,38.875,0,0,100,-1,0.002,,,,,,00:28:21,0.93,0,11.875019,,
2026-07-08T17:49:38.911,Raspberry_Relieve1,25.6517595666667,-100.290928916667,38.876,0,0,100,-1,0.002,,,,,,00:28:22,1.09,0,11.875019,,
2026-07-08T17:49:39.911,Raspberry_Relieve1,25.6517595666667,-100.290928916667,38.878,0,0,100,-1,0.002,,,,,,00:28:23,0.92,0,11.875019,,
2026-07-08T17:49:40.911,Raspberry_Relieve1,25.6517595666667,-100.290928916667,38.878,0,0,100,-1,0.002,,,,,,00:28:24,1.07,0,11.875019,,
2026-07-08T17:49:41.911,Raspberry_Relieve1,25.6517595666667,-100.290928916667,38.879,0,0,100,-1,0.002,,,,,,00:28:25,1.01,0,11.875019,,
2026-07-08T17:49:42.912,Raspberry_Relieve1,25.6517595666667,-100.290928916667,38.874,0,0,100,-1,0.002,,,,,,00:28:26,1,0,11.875019,,
2026-07-08T17:49:43.912,Raspberry_Relieve1,25.6517595666667,-100.290928916667,38.879,0,0,100,-1,0.002,,,,,,00:28:27,1.07,0,11.875019,,
2026-07-08T17:49:44.912,Raspberry_Relieve1,25.6517595666667,-100.290928916667,38.877,0,0,100,-1,0.002,,,,,,00:28:28,1.03,0,11.875019,,
2026-07-08T17:49:45.912,Raspberry_Relieve1,25.6517595666667,-100.290928916667,38.879,0,0,100,-1,0.002,,,,,,00:28:29,0.87,0,11.875019,,
2026-07-08T17:49:46.912,Raspberry_Relieve1,25.6517595666667,-100.290928916667,38.877,0,0,100,-1,0.002,,,,,,00:28:30,0.95,0,11.875019,,
2026-07-08T17:49:47.912,Raspberry_Relieve1,25.6517595666667,-100.290928916667,38.877,0,0,100,-1,0.002,,,,,,00:28:31,0.99,0,11.875019,,
2026-07-08T17:49:48.912,Raspberry_Relieve1,25.6517595666667,-100.290928916667,38.878,0,0,100,-1,0.002,,,,,,00:28:32,1,0,11.875019,,
2026-07-08T17:49:49.912,Raspberry_Relieve1,25.6517595666667,-100.290928916667,38.878,0,0,100,-1,0.002,,,,,,00:28:33,1.02,0,11.875019,,
2026-07-08T17:49:50.913,Raspberry_Relieve1,25.6517595666667,-100.290928916667,38.875,0,0,100,-1,0.002,,,,,,00:28:34,1.08,0,11.875019,,
2026-07-08T17:49:51.913,Raspberry_Relieve1,25.6517595666667,-100.290928916667,38.877,0,0,100,-1,0.002,,,,,,00:28:35,0.98,0,11.875019,,
2026-07-08T17:49:52.913,Raspberry_Relieve1,25.6517595666667,-100.290928916667,38.878,0,0,100,-1,0.002,,,,,,00:28:36,1.03,0,11.875019,,
2026-07-08T17:49:53.913,Raspberry_Relieve1,25.6517595666667,-100.290928916667,38.877,0,0,100,-1,0.002,,,,,,00:28:37,0.96,0,11.875019,,
2026-07-08T17:49:54.913,Raspberry_Relieve1,25.6517595666667,-100.290928916667,38.878,0,0,100,-1,0.002,,,,,,00:28:38,1.04,0,11.875019,,
2026-07-08T17:49:55.913,Raspberry_Relieve1,25.6517595666667,-100.290928916667,38.878,0,0,100,-1,0.002,,,,,,00:28:39,0.94,0,11.875019,,
2026-07-08T17:49:56.913,Raspberry_Relieve1,25.6517595666667,-100.290928916667,38.878,0,0,100,-1,0.002,,,,,,00:28:40,1.07,0,11.875019,,
2026-07-08T17:49:57.913,Raspberry_Relieve1,25.6517595666667,-100.290928916667,38.877,0,0,100,-1,0.002,,,,,,00:28:41,0.93,0,11.875019,,
2026-07-08T17:49:58.914,Raspberry_Relieve1,25.6517595666667,-100.290928916667,38.875,0,0,100,-1,0.002,,,,,,00:28:42,0.94,0,11.875019,,
2026-07-08T17:49:59.914,Raspberry_Relieve1,25.6517595666667,-100.290928916667,38.877,0,0,100,-1,0.002,,,,,,00:28:43,1.16,0,11.875019,,
2026-07-08T17:50:00.914,Raspberry_Relieve1,25.6517595666667,-100.290928916667,38.876,0,0,100,-1,0.002,,,,,,00:28:44,0.87,0,11.875019,,
2026-07-08T17:50:01.914,Raspberry_Relieve1,25.6517595666667,-100.290928916667,38.879,0,0,100,-1,0.002,,,,,,00:28:45,1.07,0,11.875019,,
2026-07-08T17:50:02.914,Raspberry_Relieve1,25.6517595666667,-100.290928916667,38.877,0,0,100,-1,0.002,,,,,,00:28:46,0.98,0,11.875019,,
2026-07-08T17:50:03.914,Raspberry_Relieve1,25.6517595666667,-100.290928916667,38.876,0,0,100,-1,0.002,,,,,,00:28:47,0.98,0,11.875019,,
2026-07-08T17:50:04.914,Raspberry_Relieve1,25.6517595666667,-100.290928916667,38.877,0,0,100,-1,0.002,,,,,,00:28:48,1.04,0,11.875019,,
2026-07-08T17:50:05.914,Raspberry_Relieve1,25.6517595666667,-100.290928916667,38.876,0,0,100,-1,0.002,,,,,,00:28:49,1.01,0,11.875019,,
2026-07-08T17:50:06.914,Raspberry_Relieve1,25.6517595666667,-100.290928916667,38.876,0,0,100,-1,0.002,,,,,,00:28:50,1.06,0,11.875019,,
2026-07-08T17:50:07.914,Raspberry_Relieve1,25.6517595666667,-100.290928916667,38.876,0,0,100,-1,0.002,,,,,,00:28:51,0.85,0,11.875019,,
2026-07-08T17:50:08.915,Raspberry_Relieve1,25.6517595666667,-100.290928916667,38.877,0,0,100,-1,0.002,,,,,,00:28:52,0.99,0,11.875019,,
2026-07-08T17:50:09.915,Raspberry_Relieve1,25.6517595666667,-100.290928916667,38.878,0,0,100,-1,0.002,,,,,,00:28:53,1.07,0,11.875019,,
2026-07-08T17:50:10.915,Raspberry_Relieve1,25.6517595666667,-100.290928916667,38.878,0,0,100,-1,0.002,,,,,,00:28:54,1.05,0,11.875019,,
2026-07-08T17:50:11.915,Raspberry_Relieve1,25.6517595666667,-100.290928916667,38.877,0,0,100,-1,0.002,,,,,,00:28:55,1.01,0,11.875019,,
2026-07-08T17:50:12.915,Raspberry_Relieve1,25.6517595666667,-100.290928916667,38.878,0,0,100,-1,0.002,,,,,,00:28:56,0.99,0,11.875019,,
2026-07-08T17:50:13.915,Raspberry_Relieve1,25.6517595666667,-100.290928916667,38.877,0,0,100,-1,0.002,,,,,,00:28:57,0.88,0,11.875019,,
2026-07-08T17:50:14.915,Raspberry_Relieve1,25.6517595666667,-100.290928916667,38.879,0,0,100,-1,0.002,,,,,,00:28:58,1.01,0,11.875019,,
2026-07-08T17:50:15.915,Raspberry_Relieve1,25.6517595666667,-100.290928916667,38.879,0,0,100,-1,0.002,,,,,,00:28:59,0.99,0,11.875019,,
2026-07-08T17:50:16.915,Raspberry_Relieve1,25.6517595666667,-100.290928916667,38.878,0,0,100,-1,0.002,,,,,,00:29:00,1.07,0,11.875019,,
2026-07-08T17:50:17.916,Raspberry_Relieve1,25.6517595666667,-100.290928916667,38.88,0,0,100,-1,0.002,,,,,,00:29:01,1.31,0,11.875019,,
2026-07-08T17:50:18.916,Raspberry_Relieve1,25.6517595666667,-100.290928916667,38.876,0,0,100,-1,0.002,,,,,,00:29:02,0.72,0,11.875019,,
2026-07-08T17:50:19.916,Raspberry_Relieve1,25.6517595666667,-100.290928916667,38.877,0,0,100,-1,0.002,,,,,,00:29:03,0.99,0,11.875019,,
2026-07-08T17:50:20.916,Raspberry_Relieve1,25.6517595666667,-100.290928916667,38.878,0,0,100,-1,0.002,,,,,,00:29:04,1,0,11.875019,,
2026-07-08T17:50:21.916,Raspberry_Relieve1,25.6517595666667,-100.290928916667,38.877,0,0,100,-1,0.002,,,,,,00:29:05,1.06,0,11.875019,,
2026-07-08T17:50:22.916,Raspberry_Relieve1,25.6517595666667,-100.290928916667,38.877,0,0,100,-1,0.002,,,,,,00:29:06,1.03,0,11.875019,,
2026-07-08T17:50:23.916,Raspberry_Relieve1,25.6517595666667,-100.290928916667,38.878,0,0,100,-1,0.002,,,,,,00:29:07,0.89,0,11.875019,,
2026-07-08T17:50:24.916,Raspberry_Relieve1,25.6517595666667,-100.290928916667,38.878,0,0,100,-1,0.002,,,,,,00:29:08,1.05,0,11.875019,,
2026-07-08T17:50:25.916,Raspberry_Relieve1,25.6517595666667,-100.290928916667,38.879,0,0,100,-1,0.002,,,,,,00:29:09,0.99,0,11.875019,,
2026-07-08T17:50:26.917,Raspberry_Relieve1,25.6517595666667,-100.290928916667,38.878,0,0,100,-1,0.002,,,,,,00:29:10,0.97,0,11.875019,,
2026-07-08T17:50:27.917,Raspberry_Relieve1,25.6517595666667,-100.290928916667,38.878,0,0,100,-1,0.002,,,,,,00:29:11,1,0,11.875019,,
2026-07-08T17:50:28.917,Raspberry_Relieve1,25.6517595666667,-100.290928916667,38.875,0,0,100,-1,0.002,,,,,,00:29:12,0.98,0,11.875019,,
2026-07-08T17:50:29.917,Raspberry_Relieve1,25.6517595666667,-100.290928916667,38.877,0,0,100,-1,0.002,,,,,,00:29:13,1.06,0,11.875019,,
2026-07-08T17:50:30.917,Raspberry_Relieve1,25.6517595666667,-100.290928916667,38.878,0,0,100,-1,0.002,,,,,,00:29:14,0.89,0,11.875019,,
2026-07-08T17:50:31.917,Raspberry_Relieve1,25.6517595666667,-100.290928916667,38.878,0,0,100,-1,0.002,,,,,,00:29:15,1,0,11.875019,,
2026-07-08T17:50:32.917,Raspberry_Relieve1,25.6517595666667,-100.290928916667,38.878,0,0,100,-1,0.002,,,,,,00:29:16,1.03,0,11.875019,,
2026-07-08T17:50:33.917,Raspberry_Relieve1,25.6517595666667,-100.290928916667,38.878,0,0,100,-1,0.002,,,,,,00:29:17,1.06,0,11.875019,,
2026-07-08T17:50:34.917,Raspberry_Relieve1,25.6517595666667,-100.290928916667,38.877,0,0,100,-1,0.002,,,,,,00:29:18,0.97,0,11.875019,,
2026-07-08T17:50:35.918,Raspberry_Relieve1,25.6517595666667,-100.290928916667,38.876,0,0,100,-1,0.002,,,,,,00:29:19,1.02,0,11.875019,,
2026-07-08T17:50:36.918,Raspberry_Relieve1,25.6517595666667,-100.290928916667,38.877,0,0,100,-1,0.002,,,,,,00:29:20,0.93,0,11.875019,,
2026-07-08T17:50:37.918,Raspberry_Relieve1,25.6517595666667,-100.290928916667,38.875,0,0,100,-1,0.002,,,,,,00:29:21,0.99,0,11.875019,,
2026-07-08T17:50:38.918,Raspberry_Relieve1,25.6517595666667,-100.290928916667,38.879,0,0,100,-1,0.002,,,,,,00:29:22,1.08,0,11.875019,,
2026-07-08T17:50:39.918,Raspberry_Relieve1,25.6517595666667,-100.290928916667,38.879,0,0,100,-1,0.002,,,,,,00:29:23,1,0,11.875019,,
2026-07-08T17:50:40.918,Raspberry_Relieve1,25.6517595666667,-100.290928916667,38.878,0,0,100,-1,0.002,,,,,,00:29:24,1.08,0,11.875019,,
2026-07-08T17:50:41.918,Raspberry_Relieve1,25.6517595666667,-100.290928916667,38.877,0,0,100,-1,0.002,,,,,,00:29:25,0.83,0,11.875019,,
2026-07-08T17:50:42.918,Raspberry_Relieve1,25.6517595666667,-100.290928916667,38.876,0,0,100,-1,0.002,,,,,,00:29:26,1.13,0,11.875019,,
2026-07-08T17:50:43.919,Raspberry_Relieve1,25.6517595666667,-100.290928916667,38.879,0,0,100,-1,0.002,,,,,,00:29:27,0.94,0,11.875019,,
2026-07-08T17:50:44.919,Raspberry_Relieve1,25.6517595666667,-100.290928916667,38.877,0,0,100,-1,0.002,,,,,,00:29:28,0.92,0,11.875019,,
2026-07-08T17:50:45.919,Raspberry_Relieve1,25.6517595666667,-100.290928916667,38.876,0,0,100,-1,0.002,,,,,,00:29:29,1.03,0,11.875019,,
2026-07-08T17:50:46.919,Raspberry_Relieve1,25.6517595666667,-100.290928916667,38.877,0,0,100,-1,0.002,,,,,,00:29:30,1.04,0,11.875019,,
2026-07-08T17:50:47.919,Raspberry_Relieve1,25.6517595666667,-100.290928916667,38.876,0,0,100,-1,0.002,,,,,,00:29:31,1,0,11.875019,,
2026-07-08T17:50:48.919,Raspberry_Relieve1,25.6517595666667,-100.290928916667,38.877,0,0,100,-1,0.002,,,,,,00:29:32,1.02,0,11.875019,,
2026-07-08T17:50:49.919,Raspberry_Relieve1,25.6517595666667,-100.290928916667,38.88,0,0,100,-1,0.002,,,,,,00:29:33,0.98,0,11.875019,,
2026-07-08T17:50:50.920,Raspberry_Relieve1,25.6517595666667,-100.290928916667,38.876,0,0,100,-1,0.002,,,,,,00:29:34,1.03,0,11.875019,,
2026-07-08T17:50:51.920,Raspberry_Relieve1,25.6517595666667,-100.290928916667,38.877,0,0,100,-1,0.002,,,,,,00:29:35,0.92,0,11.875019,,
2026-07-08T17:50:52.920,Raspberry_Relieve1,25.6517595666667,-100.290928916667,38.875,0,0,100,-1,0.002,,,,,,00:29:36,1.01,0,11.875019,,
2026-07-08T17:50:53.920,Raspberry_Relieve1,25.6517595666667,-100.290928916667,38.877,0,0,100,-1,0.002,,,,,,00:29:37,0.96,0,11.875019,,
2026-07-08T17:50:54.920,Raspberry_Relieve1,25.6517595666667,-100.290928916667,38.878,0,0,100,-1,0.002,,,,,,00:29:38,1.09,0,11.875019,,
2026-07-08T17:50:55.920,Raspberry_Relieve1,25.6517595666667,-100.290928916667,38.879,0,0,100,-1,0.002,,,,,,00:29:39,0.99,0,11.875019,,
2026-07-08T17:50:56.920,Raspberry_Relieve1,25.6517595666667,-100.290928916667,38.879,0,0,100,-1,0.002,,,,,,00:29:40,0.97,0,11.875019,,
2026-07-08T17:50:57.920,Raspberry_Relieve1,25.6517595666667,-100.290928916667,38.877,0,0,100,-1,0.002,,,,,,00:29:41,0.95,0,11.875019,,
2026-07-08T17:50:58.921,Raspberry_Relieve1,25.6517595666667,-100.290928916667,38.876,0,0,100,-1,0.002,,,,,,00:29:42,1.09,0,11.875019,,
2026-07-08T17:50:59.921,Raspberry_Relieve1,25.6517595666667,-100.290928916667,38.875,0,0,100,-1,0.002,,,,,,00:29:43,0.98,0,11.875019,,
2026-07-08T17:51:00.921,Raspberry_Relieve1,25.6517595666667,-100.290928916667,38.878,0,0,100,-1,0.002,,,,,,00:29:44,0.96,0,11.875019,,
2026-07-08T17:51:01.921,Raspberry_Relieve1,25.6517595666667,-100.290928916667,38.878,0,0,100,-1,0.002,,,,,,00:29:45,0.98,0,11.875019,,
2026-07-08T17:51:02.921,Raspberry_Relieve1,25.6517595666667,-100.290928916667,38.878,0,0,100,-1,0.002,,,,,,00:29:46,1.11,0,11.875019,,
2026-07-08T17:51:03.921,Raspberry_Relieve1,25.6517595666667,-100.290928916667,38.879,0,0,100,-1,0.002,,,,,,00:29:47,0.89,0,11.875019,,
2026-07-08T17:51:04.921,Raspberry_Relieve1,25.6517595666667,-100.290928916667,38.879,0,0,100,-1,0.002,,,,,,00:29:48,1.06,0,11.875019,,
2026-07-08T17:51:05.921,Raspberry_Relieve1,25.6517595666667,-100.290928916667,38.876,0,0,100,-1,0.002,,,,,,00:29:49,1,0,11.875019,,
2026-07-08T17:51:06.922,Raspberry_Relieve1,25.6517595666667,-100.290928916667,38.878,0,0,100,-1,0.002,,,,,,00:29:50,0.99,0,11.875019,,
2026-07-08T17:51:07.922,Raspberry_Relieve1,25.6517595666667,-100.290928916667,38.877,0,0,100,-1,0.002,,,,,,00:29:51,1.05,0,11.875019,,
2026-07-08T17:51:08.922,Raspberry_Relieve1,25.6517595666667,-100.290928916667,38.878,0,0,100,-1,0.002,,,,,,00:29:52,1.36,0,11.875019,,
2026-07-08T17:51:09.922,Raspberry_Relieve1,25.6517595666667,-100.290928916667,38.878,0,0,100,-1,0.002,,,,,,00:29:53,0.58,0,11.875019,,
2026-07-08T17:51:10.922,Raspberry_Relieve1,25.6517595666667,-100.290928916667,38.878,0,0,100,-1,0.002,,,,,,00:29:54,1.03,0,11.875019,,
2026-07-08T17:51:11.922,Raspberry_Relieve1,25.6517595666667,-100.290928916667,38.879,0,0,100,-1,0.002,,,,,,00:29:55,0.92,0,11.875019,,
2026-07-08T17:51:12.922,Raspberry_Relieve1,25.6517595666667,-100.290928916667,38.877,0,0,100,-1,0.002,,,,,,00:29:56,1.13,0,11.875019,,
2026-07-08T17:51:13.922,Raspberry_Relieve1,25.6517595666667,-100.290928916667,38.878,0,0,100,-1,0.002,,,,,,00:29:57,0.95,0,11.875019,,
2026-07-08T17:51:14.922,Raspberry_Relieve1,25.6517595666667,-100.290928916667,38.877,0,0,100,-1,0.002,,,,,,00:29:58,1.01,0,11.875019,,
2026-07-08T17:51:15.923,Raspberry_Relieve1,25.6517595666667,-100.290928916667,38.878,0,0,100,-1,0.002,,,,,,00:29:59,0.91,0,11.875019,,
2026-07-08T17:51:16.923,Raspberry_Relieve1,25.6517595666667,-100.290928916667,38.876,0,0,100,-1,0.002,,,,,,00:30:00,1.04,0,11.875019,,
2026-07-08T17:51:17.923,Raspberry_Relieve1,25.6517595666667,-100.290928916667,38.878,0,0,100,-1,0.002,,,,,,00:30:01,0.93,0,11.875019,,
2026-07-08T17:51:18.923,Raspberry_Relieve1,25.6517595666667,-100.290928916667,38.876,0,0,100,-1,0.002,,,,,,00:30:02,1.12,0,11.875019,,
2026-07-08T17:51:19.923,Raspberry_Relieve1,25.6517595666667,-100.290928916667,38.876,0,0,100,-1,0.002,,,,,,00:30:03,0.9,0,11.875019,,
2026-07-08T17:51:20.923,Raspberry_Relieve1,25.6517595666667,-100.290928916667,38.878,0,0,100,-1,0.002,,,,,,00:30:04,1.01,0,11.875019,,
2026-07-08T17:51:21.923,Raspberry_Relieve1,25.6517595666667,-100.290928916667,38.879,0,0,100,-1,0.002,,,,,,00:30:05,1.08,0,11.875019,,
2026-07-08T17:51:22.923,Raspberry_Relieve1,25.6517595666667,-100.290928916667,38.878,0,0,100,-1,0.002,,,,,,00:30:06,1,0,11.875019,,
2026-07-08T17:51:23.923,Raspberry_Relieve1,25.6517595666667,-100.290928916667,38.877,0,0,100,-1,0.002,,,,,,00:30:07,0.98,0,11.875019,,
2026-07-08T17:51:24.924,Raspberry_Relieve1,25.6517595666667,-100.290928916667,38.878,0,0,100,-1,0.002,,,,,,00:30:08,0.93,0,11.875019,,
2026-07-08T17:51:25.924,Raspberry_Relieve1,25.6517595666667,-100.290928916667,38.879,0,0,100,-1,0.002,,,,,,00:30:09,1.13,0,11.875019,,
2026-07-08T17:51:26.924,Raspberry_Relieve1,25.6517595666667,-100.290928916667,38.878,0,0,100,-1,0.002,,,,,,00:30:10,0.9,0,11.875019,,
2026-07-08T17:51:27.924,Raspberry_Relieve1,25.6517595666667,-100.290928916667,38.877,0,0,100,-1,0.002,,,,,,00:30:11,0.97,0,11.875019,,
2026-07-08T17:51:28.924,Raspberry_Relieve1,25.6517595666667,-100.290928916667,38.877,0,0,100,-1,0.002,,,,,,00:30:12,1.08,0,11.875019,,
2026-07-08T17:51:29.924,Raspberry_Relieve1,25.6517595666667,-100.290928916667,38.879,0,0,100,-1,0.002,,,,,,00:30:13,0.9,0,11.875019,,
2026-07-08T17:51:30.924,Raspberry_Relieve1,25.6517595666667,-100.290928916667,38.878,0,0,100,-1,0.002,,,,,,00:30:14,1.2,0,11.875019,,
2026-07-08T17:51:31.924,Raspberry_Relieve1,25.6517595666667,-100.290928916667,38.879,0,0,100,-1,0.002,,,,,,00:30:15,0.84,0,11.875019,,
2026-07-08T17:51:32.925,Raspberry_Relieve1,25.6517595666667,-100.290928916667,38.876,0,0,100,-1,0.002,,,,,,00:30:16,1.07,0,11.875019,,
2026-07-08T17:51:33.925,Raspberry_Relieve1,25.6517595666667,-100.290928916667,38.875,0,0,100,-1,0.002,,,,,,00:30:17,0.93,0,11.875019,,
2026-07-08T17:51:34.925,Raspberry_Relieve1,25.6517595666667,-100.290928916667,38.878,0,0,100,-1,0.002,,,,,,00:30:18,1.07,0,11.875019,,
2026-07-08T17:51:35.925,Raspberry_Relieve1,25.6517595666667,-100.290928916667,38.879,0,0,100,-1,0.002,,,,,,00:30:19,0.98,0,11.875019,,
2026-07-08T17:51:36.925,Raspberry_Relieve1,25.6517595666667,-100.290928916667,38.879,0,0,100,-1,0.002,,,,,,00:30:20,1.05,0,11.875019,,
2026-07-08T17:51:37.925,Raspberry_Relieve1,25.6517595666667,-100.290928916667,38.88,0,0,100,-1,0.002,,,,,,00:30:21,0.98,0,11.875019,,
2026-07-08T17:51:38.925,Raspberry_Relieve1,25.6517595666667,-100.290928916667,38.878,0,0,100,-1,0.002,,,,,,00:30:22,0.97,0,11.875019,,
2026-07-08T17:51:39.925,Raspberry_Relieve1,25.6517595666667,-100.290928916667,38.878,0,0,100,-1,0.002,,,,,,00:30:23,1.07,0,11.875019,,
2026-07-08T17:51:40.926,Raspberry_Relieve1,25.6517595666667,-100.290928916667,38.881,0,0,100,-1,0.002,,,,,,00:30:24,0.86,0,11.875019,,
2026-07-08T17:51:41.926,Raspberry_Relieve1,25.6517595666667,-100.290928916667,38.878,0,0,100,-1,0.002,,,,,,00:30:25,1.06,0,11.875019,,
2026-07-08T17:51:42.926,Raspberry_Relieve1,25.6517595666667,-100.290928916667,38.879,0,0,100,-1,0.002,,,,,,00:30:26,0.94,0,11.875019,,
2026-07-08T17:51:43.926,Raspberry_Relieve1,25.6517595666667,-100.290928916667,38.877,0,0,100,-1,0.002,,,,,,00:30:27,1.04,0,11.875019,,
2026-07-08T17:51:44.926,Raspberry_Relieve1,25.6517595666667,-100.290928916667,38.878,0,0,100,-1,0.002,,,,,,00:30:28,1.03,0,11.875019,,
2026-07-08T17:51:45.926,Raspberry_Relieve1,25.6517595666667,-100.290928916667,38.878,0,0,100,-1,0.002,,,,,,00:30:29,1.08,0,11.875019,,
2026-07-08T17:51:46.926,Raspberry_Relieve1,25.6517595666667,-100.290928916667,38.876,0,0,100,-1,0.002,,,,,,00:30:30,0.93,0,11.875019,,
2026-07-08T17:51:47.926,Raspberry_Relieve1,25.6517595666667,-100.290928916667,38.876,0,0,100,-1,0.002,,,,,,00:30:31,1.06,0,11.875019,,
2026-07-08T17:51:48.926,Raspberry_Relieve1,25.6517595666667,-100.290928916667,38.877,0,0,100,-1,0.002,,,,,,00:30:32,0.87,0,11.875019,,
2026-07-08T17:51:49.927,Raspberry_Relieve1,25.6517595666667,-100.290928916667,38.879,0,0,100,-1,0.002,,,,,,00:30:33,1.08,0,11.875019,,
2026-07-08T17:51:50.927,Raspberry_Relieve1,25.6517595666667,-100.290928916667,38.878,0,0,100,-1,0.002,,,,,,00:30:34,0.99,0,11.875019,,
2026-07-08T17:51:51.927,Raspberry_Relieve1,25.6517595666667,-100.290928916667,38.878,0,0,100,-1,0.002,,,,,,00:30:35,1.06,0,11.875019,,
2026-07-08T17:51:52.927,Raspberry_Relieve1,25.6517595666667,-100.290928916667,38.877,0,0,100,-1,0.002,,,,,,00:30:36,0.94,0,11.875019,,
2026-07-08T17:51:53.927,Raspberry_Relieve1,25.6517595666667,-100.290928916667,38.877,0,0,100,-1,0.002,,,,,,00:30:37,1.02,0,11.875019,,
2026-07-08T17:51:54.927,Raspberry_Relieve1,25.6517595666667,-100.290928916667,38.878,0,0,100,-1,0.002,,,,,,00:30:38,0.97,0,11.875019,,
2026-07-08T17:51:55.927,Raspberry_Relieve1,25.6517595666667,-100.290928916667,38.877,0,0,100,-1,0.002,,,,,,00:30:39,1.04,0,11.875019,,
2026-07-08T17:51:56.927,Raspberry_Relieve1,25.6517595666667,-100.290928916667,38.878,0,0,100,-1,0.002,,,,,,00:30:40,0.96,0,11.875019,,
2026-07-08T17:51:57.928,Raspberry_Relieve1,25.6517595666667,-100.290928916667,38.878,0,0,100,-1,0.002,,,,,,00:30:41,0.95,0,11.875019,,
2026-07-08T17:51:58.928,Raspberry_Relieve1,25.6517595666667,-100.290928916667,38.876,0,0,100,-1,0.002,,,,,,00:30:42,1,0,11.875019,,
2026-07-08T17:51:59.928,Raspberry_Relieve1,25.6517595666667,-100.290928916667,38.879,0,0,100,-1,0.002,,,,,,00:30:43,1.1,0,11.875019,,
2026-07-08T17:52:00.928,Raspberry_Relieve1,25.6517595666667,-100.290928916667,38.877,0,0,100,-1,0.002,,,,,,00:30:44,1.03,0,11.875019,,
2026-07-08T17:52:01.928,Raspberry_Relieve1,25.6517595666667,-100.290928916667,38.877,0,0,100,-1,0.002,,,,,,00:30:45,0.93,0,11.875019,,
2026-07-08T17:52:02.928,Raspberry_Relieve1,25.6517595666667,-100.290928916667,38.876,0,0,100,-1,0.002,,,,,,00:30:46,1,0,11.875019,,
2026-07-08T17:52:03.928,Raspberry_Relieve1,25.6517595666667,-100.290928916667,38.875,0,0,100,-1,0.002,,,,,,00:30:47,0.94,0,11.875019,,
2026-07-08T17:52:04.928,Raspberry_Relieve1,25.6517595666667,-100.290928916667,38.876,0,0,100,-1,0.002,,,,,,00:30:48,0.97,0,11.875019,,
2026-07-08T17:52:05.928,Raspberry_Relieve1,25.6517595666667,-100.290928916667,38.876,0,0,100,-1,0.002,,,,,,00:30:49,1.09,0,11.875019,,
2026-07-08T17:52:06.929,Raspberry_Relieve1,25.6517595666667,-100.290928916667,38.878,0,0,100,-1,0.002,,,,,,00:30:50,1.07,0,11.875019,,
2026-07-08T17:52:07.929,Raspberry_Relieve1,25.6517595666667,-100.290928916667,38.877,0,0,100,-1,0.002,,,,,,00:30:51,0.99,0,11.875019,,
2026-07-08T17:52:08.929,Raspberry_Relieve1,25.6517595666667,-100.290928916667,38.876,0,0,100,-1,0.002,,,,,,00:30:52,0.97,0,11.875019,,
2026-07-08T17:52:09.929,Raspberry_Relieve1,25.6517595666667,-100.290928916667,38.874,0,0,100,-1,0.002,,,,,,00:30:53,0.99,0,11.875019,,
2026-07-08T17:52:10.929,Raspberry_Relieve1,25.6517595666667,-100.290928916667,38.877,0,0,100,-1,0.002,,,,,,00:30:54,1.05,0,11.875019,,
2026-07-08T17:52:11.929,Raspberry_Relieve1,25.6517595666667,-100.290928916667,38.877,0,0,100,-1,0.002,,,,,,00:30:55,0.9,0,11.875019,,
2026-07-08T17:52:12.929,Raspberry_Relieve1,25.6517595666667,-100.290928916667,38.875,0,0,100,-1,0.002,,,,,,00:30:56,0.98,0,11.875019,,
2026-07-08T17:52:13.929,Raspberry_Relieve1,25.6517595666667,-100.290928916667,38.876,0,0,100,-1,0.002,,,,,,00:30:57,1.07,0,11.875019,,
2026-07-08T17:52:14.930,Raspberry_Relieve1,25.6517595666667,-100.290928916667,38.878,0,0,100,-1,0.002,,,,,,00:30:58,0.94,0,11.875019,,
2026-07-08T17:52:15.930,Raspberry_Relieve1,25.6517595666667,-100.290928916667,38.876,0,0,100,-1,0.002,,,,,,00:30:59,1.11,0,11.875019,,
2026-07-08T17:52:16.930,Raspberry_Relieve1,25.6517595666667,-100.290928916667,38.876,0,0,100,-1,0.002,,,,,,00:31:00,0.87,0,11.875019,,
2026-07-08T17:52:17.930,Raspberry_Relieve1,25.6517595666667,-100.290928916667,38.876,0,0,100,-1,0.002,,,,,,00:31:01,1,0,11.875019,,
2026-07-08T17:52:18.930,Raspberry_Relieve1,25.6517595666667,-100.290928916667,38.876,0,0,100,-1,0.002,,,,,,00:31:02,1.21,0,11.875019,,
2026-07-08T17:52:19.930,Raspberry_Relieve1,25.6517595666667,-100.290928916667,38.877,0,0,100,-1,0.002,,,,,,00:31:03,0.94,0,11.875019,,
2026-07-08T17:52:20.930,Raspberry_Relieve1,25.6517595666667,-100.290928916667,38.876,0,0,100,-1,0.002,,,,,,00:31:04,0.84,0,11.875019,,
2026-07-08T17:52:21.931,Raspberry_Relieve1,25.6517595666667,-100.290928916667,38.875,0,0,100,-1,0.002,,,,,,00:31:05,1.03,0,11.875019,,
2026-07-08T17:52:22.931,Raspberry_Relieve1,25.6517595666667,-100.290928916667,38.877,0,0,100,-1,0.002,,,,,,00:31:06,1.06,0,11.875019,,
2026-07-08T17:52:23.931,Raspberry_Relieve1,25.6517595666667,-100.290928916667,38.876,0,0,100,-1,0.002,,,,,,00:31:07,1.05,0,11.875019,,
2026-07-08T17:52:24.931,Raspberry_Relieve1,25.6517595666667,-100.290928916667,38.876,0,0,100,-1,0.002,,,,,,00:31:08,0.92,0,11.875019,,
2026-07-08T17:52:25.931,Raspberry_Relieve1,25.6517595666667,-100.290928916667,38.876,0,0,100,-1,0.002,,,,,,00:31:09,1.08,0,11.875019,,
2026-07-08T17:52:26.931,Raspberry_Relieve1,25.6517595666667,-100.290928916667,38.877,0,0,100,-1,0.002,,,,,,00:31:10,0.9,0,11.875019,,
2026-07-08T17:52:27.931,Raspberry_Relieve1,25.6517595666667,-100.290928916667,38.877,0,0,100,-1,0.002,,,,,,00:31:11,1.04,0,11.875019,,
2026-07-08T17:52:28.931,Raspberry_Relieve1,25.6517595666667,-100.290928916667,38.878,0,0,100,-1,0.002,,,,,,00:31:12,1,0,11.875019,,
2026-07-08T17:52:29.931,Raspberry_Relieve1,25.6517595666667,-100.290928916667,38.877,0,0,100,-1,0.002,,,,,,00:31:13,0.99,0,11.875019,,
2026-07-08T17:52:30.932,Raspberry_Relieve1,25.6517595666667,-100.290928916667,38.877,0,0,100,-1,0.002,,,,,,00:31:14,1,0,11.875019,,
2026-07-08T17:52:31.932,Raspberry_Relieve1,25.6517595666667,-100.290928916667,38.876,0,0,100,-1,0.002,,,,,,00:31:15,1.11,0,11.875019,,
2026-07-08T17:52:32.932,Raspberry_Relieve1,25.6517595666667,-100.290928916667,38.877,0,0,100,-1,0.002,,,,,,00:31:16,0.85,0,11.875019,,
2026-07-08T17:52:33.932,Raspberry_Relieve1,25.6517595666667,-100.290928916667,38.877,0,0,100,-1,0.002,,,,,,00:31:17,1.07,0,11.875019,,
2026-07-08T17:52:34.932,Raspberry_Relieve1,25.6517595666667,-100.290928916667,38.878,0,0,100,-1,0.002,,,,,,00:31:18,0.93,0,11.875019,,
2026-07-08T17:52:35.932,Raspberry_Relieve1,25.6517595666667,-100.290928916667,38.876,0,0,100,-1,0.002,,,,,,00:31:19,1.07,0,11.875019,,
2026-07-08T17:52:36.932,Raspberry_Relieve1,25.6517595666667,-100.290928916667,38.878,0,0,100,-1,0.002,,,,,,00:31:20,1,0,11.875019,,
2026-07-08T17:52:37.933,Raspberry_Relieve1,25.6517595666667,-100.290928916667,38.877,0,0,100,-1,0.002,,,,,,00:31:21,0.91,0,11.875019,,
2026-07-08T17:52:38.933,Raspberry_Relieve1,25.6517595666667,-100.290928916667,38.878,0,0,100,-1,0.002,,,,,,00:31:22,1.13,0,11.875019,,
2026-07-08T17:52:39.933,Raspberry_Relieve1,25.6517595666667,-100.290928916667,38.879,0,0,100,-1,0.002,,,,,,00:31:23,0.99,0,11.875019,,
2026-07-08T17:52:40.933,Raspberry_Relieve1,25.6517595666667,-100.290928916667,38.877,0,0,100,-1,0.002,,,,,,00:31:24,0.9,0,11.875019,,
2026-07-08T17:52:41.933,Raspberry_Relieve1,25.6517595666667,-100.290928916667,38.876,0,0,100,-1,0.002,,,,,,00:31:25,1.11,0,11.875019,,
2026-07-08T17:52:42.933,Raspberry_Relieve1,25.6517595666667,-100.290928916667,38.877,0,0,100,-1,0.002,,,,,,00:31:26,0.96,0,11.875019,,
2026-07-08T17:52:43.933,Raspberry_Relieve1,25.6517595666667,-100.290928916667,38.877,0,0,100,-1,0.002,,,,,,00:31:27,0.99,0,11.875019,,
2026-07-08T17:52:44.933,Raspberry_Relieve1,25.6517595666667,-100.290928916667,38.878,0,0,100,-1,0.002,,,,,,00:31:28,0.93,0,11.875019,,
2026-07-08T17:52:45.934,Raspberry_Relieve1,25.6517595666667,-100.290928916667,38.878,0,0,100,-1,0.002,,,,,,00:31:29,0.97,0,11.875019,,
2026-07-08T17:52:46.934,Raspberry_Relieve1,25.6517595666667,-100.290928916667,38.878,0,0,100,-1,0.002,,,,,,00:31:30,1.05,0,11.875019,,
2026-07-08T17:52:47.934,Raspberry_Relieve1,25.6517595666667,-100.290928916667,38.877,0,0,100,-1,0.002,,,,,,00:31:31,1.04,0,11.875019,,
2026-07-08T17:52:48.934,Raspberry_Relieve1,25.6517595666667,-100.290928916667,38.879,0,0,100,-1,0.002,,,,,,00:31:32,0.92,0,11.875019,,
2026-07-08T17:52:49.934,Raspberry_Relieve1,25.6517595666667,-100.290928916667,38.877,0,0,100,-1,0.002,,,,,,00:31:33,1.07,0,11.875019,,
2026-07-08T17:52:50.934,Raspberry_Relieve1,25.6517595666667,-100.290928916667,38.878,0,0,100,-1,0.002,,,,,,00:31:34,1.04,0,11.875019,,
2026-07-08T17:52:51.934,Raspberry_Relieve1,25.6517595666667,-100.290928916667,38.878,0,0,100,-1,0.002,,,,,,00:31:35,1,0,11.875019,,
2026-07-08T17:52:52.934,Raspberry_Relieve1,25.6517595666667,-100.290928916667,38.878,0,0,100,-1,0.002,,,,,,00:31:36,0.87,0,11.875019,,
2026-07-08T17:52:53.935,Raspberry_Relieve1,25.6517595666667,-100.290928916667,38.876,0,0,100,-1,0.002,,,,,,00:31:37,1.08,0,11.875019,,
2026-07-08T17:52:54.935,Raspberry_Relieve1,25.6517595666667,-100.290928916667,38.877,0,0,100,-1,0.002,,,,,,00:31:38,0.94,0,11.875019,,
2026-07-08T17:52:55.935,Raspberry_Relieve1,25.6517595666667,-100.290928916667,38.878,0,0,100,-1,0.002,,,,,,00:31:39,1.13,0,11.875019,,
2026-07-08T17:52:56.935,Raspberry_Relieve1,25.6517595666667,-100.290928916667,38.878,0,0,100,-1,0.002,,,,,,00:31:40,0.91,0,11.875019,,
2026-07-08T17:52:57.935,Raspberry_Relieve1,25.6517595666667,-100.290928916667,38.877,0,0,100,-1,0.002,,,,,,00:31:41,0.97,0,11.875019,,
2026-07-08T17:52:58.935,Raspberry_Relieve1,25.6517595666667,-100.290928916667,38.878,0,0,100,-1,0.002,,,,,,00:31:42,1.11,0,11.875019,,
2026-07-08T17:52:59.935,Raspberry_Relieve1,25.6517595666667,-100.290928916667,38.88,0,0,100,-1,0.002,,,,,,00:31:43,0.94,0,11.875019,,
2026-07-08T17:53:00.935,Raspberry_Relieve1,25.6517595666667,-100.290928916667,38.877,0,0,100,-1,0.002,,,,,,00:31:44,0.98,0,11.875019,,
2026-07-08T17:53:01.935,Raspberry_Relieve1,25.6517595666667,-100.290928916667,38.877,0,0,100,-1,0.002,,,,,,00:31:45,1.03,0,11.875019,,
2026-07-08T17:53:02.936,Raspberry_Relieve1,25.6517595666667,-100.290928916667,38.877,0,0,100,-1,0.002,,,,,,00:31:46,0.94,0,11.875019,,
2026-07-08T17:53:03.936,Raspberry_Relieve1,25.6517595666667,-100.290928916667,38.877,0,0,100,-1,0.002,,,,,,00:31:47,1.09,0,11.875019,,
2026-07-08T17:53:04.936,Raspberry_Relieve1,25.6517595666667,-100.290928916667,38.876,0,0,100,-1,0.002,,,,,,00:31:48,0.88,0,11.875019,,
2026-07-08T17:53:05.936,Raspberry_Relieve1,25.6517595666667,-100.290928916667,38.876,0,0,100,-1,0.002,,,,,,00:31:49,1.12,0,11.875019,,
2026-07-08T17:53:06.936,Raspberry_Relieve1,25.6517595666667,-100.290928916667,38.877,0,0,100,-1,0.002,,,,,,00:31:50,0.93,0,11.875019,,
2026-07-08T17:53:07.936,Raspberry_Relieve1,25.6517595666667,-100.290928916667,38.879,0,0,100,-1,0.002,,,,,,00:31:51,1.01,0,11.875019,,
2026-07-08T17:53:08.936,Raspberry_Relieve1,25.6517595666667,-100.290928916667,38.878,0,0,100,-1,0.002,,,,,,00:31:52,1,0,11.875019,,
2026-07-08T17:53:09.936,Raspberry_Relieve1,25.6517595666667,-100.290928916667,38.878,0,0,100,-1,0.002,,,,,,00:31:53,1.04,0,11.875019,,
2026-07-08T17:53:10.936,Raspberry_Relieve1,25.6517595666667,-100.290928916667,38.877,0,0,100,-1,0.002,,,,,,00:31:54,1.04,0,11.875019,,
2026-07-08T17:53:11.937,Raspberry_Relieve1,25.6517595666667,-100.290928916667,38.877,0,0,100,-1,0.002,,,,,,00:31:55,0.96,0,11.875019,,
2026-07-08T17:53:12.937,Raspberry_Relieve1,25.6517595666667,-100.290928916667,38.877,0,0,100,-1,0.002,,,,,,00:31:56,1.05,0,11.875019,,
2026-07-08T17:53:13.937,Raspberry_Relieve1,25.6517595666667,-100.290928916667,38.878,0,0,100,-1,0.002,,,,,,00:31:57,0.98,0,11.875019,,
2026-07-08T17:53:14.937,Raspberry_Relieve1,25.6517595666667,-100.290928916667,38.875,0,0,100,-1,0.002,,,,,,00:31:58,1.01,0,11.875019,,
2026-07-08T17:53:15.937,Raspberry_Relieve1,25.6517595666667,-100.290928916667,38.876,0,0,100,-1,0.002,,,,,,00:31:59,1.02,0,11.875019,,
2026-07-08T17:53:16.937,Raspberry_Relieve1,25.6517595666667,-100.290928916667,38.878,0,0,100,-1,0.002,,,,,,00:32:00,0.89,0,11.875019,,
2026-07-08T17:53:17.937,Raspberry_Relieve1,25.6517595666667,-100.290928916667,38.877,0,0,100,-1,0.002,,,,,,00:32:01,1.07,0,11.875019,,
2026-07-08T17:53:18.938,Raspberry_Relieve1,25.6517595666667,-100.290928916667,38.878,0,0,100,-1,0.002,,,,,,00:32:02,0.96,0,11.875019,,
2026-07-08T17:53:19.938,Raspberry_Relieve1,25.6517595666667,-100.290928916667,38.879,0,0,100,-1,0.002,,,,,,00:32:03,0.97,0,11.875019,,
2026-07-08T17:53:20.938,Raspberry_Relieve1,25.6517595666667,-100.290928916667,38.878,0,0,100,-1,0.002,,,,,,00:32:04,1.05,0,11.875019,,
2026-07-08T17:53:21.938,Raspberry_Relieve1,25.6517595666667,-100.290928916667,38.877,0,0,100,-1,0.002,,,,,,00:32:05,1,0,11.875019,,
2026-07-08T17:53:22.938,Raspberry_Relieve1,25.6517595666667,-100.290928916667,38.878,0,0,100,-1,0.002,,,,,,00:32:06,1.03,0,11.875019,,
2026-07-08T17:53:23.938,Raspberry_Relieve1,25.6517595666667,-100.290928916667,38.877,0,0,100,-1,0.002,,,,,,00:32:07,0.94,0,11.875019,,
2026-07-08T17:53:24.938,Raspberry_Relieve1,25.6517595666667,-100.290928916667,38.877,0,0,100,-1,0.002,,,,,,00:32:08,1.11,0,11.875019,,
2026-07-08T17:53:25.938,Raspberry_Relieve1,25.6517595666667,-100.290928916667,38.876,0,0,100,-1,0.002,,,,,,00:32:09,0.98,0,11.875019,,
2026-07-08T17:53:26.939,Raspberry_Relieve1,25.6517595666667,-100.290928916667,38.878,0,0,100,-1,0.002,,,,,,00:32:10,0.91,0,11.875019,,
2026-07-08T17:53:27.939,Raspberry_Relieve1,25.6517595666667,-100.290928916667,38.875,0,0,100,-1,0.002,,,,,,00:32:11,1.05,0,11.875019,,
2026-07-08T17:53:28.939,Raspberry_Relieve1,25.6517595666667,-100.290928916667,38.876,0,0,100,-1,0.002,,,,,,00:32:12,1.1,0,11.875019,,
2026-07-08T17:53:29.939,Raspberry_Relieve1,25.6517595666667,-100.290928916667,38.877,0,0,100,-1,0.002,,,,,,00:32:13,0.93,0,11.875019,,
2026-07-08T17:53:30.939,Raspberry_Relieve1,25.6517595666667,-100.290928916667,38.877,0,0,100,-1,0.002,,,,,,00:32:14,0.98,0,11.875019,,
2026-07-08T17:53:31.939,Raspberry_Relieve1,25.6517595666667,-100.290928916667,38.876,0,0,100,-1,0.002,,,,,,00:32:15,0.99,0,11.875019,,
2026-07-08T17:53:32.939,Raspberry_Relieve1,25.6517595666667,-100.290928916667,38.877,0,0,100,-1,0.002,,,,,,00:32:16,1.01,0,11.875019,,
2026-07-08T17:53:33.939,Raspberry_Relieve1,25.6517595666667,-100.290928916667,38.876,0,0,100,-1,0.002,,,,,,00:32:17,0.99,0,11.875019,,
2026-07-08T17:53:34.940,Raspberry_Relieve1,25.6517595666667,-100.290928916667,38.876,0,0,100,-1,0.002,,,,,,00:32:18,0.93,0,11.875019,,
2026-07-08T17:53:35.940,Raspberry_Relieve1,25.6517595666667,-100.290928916667,38.877,0,0,100,-1,0.002,,,,,,00:32:19,1.11,0,11.875019,,
2026-07-08T17:53:36.940,Raspberry_Relieve1,25.6517595666667,-100.290928916667,38.878,0,0,100,-1,0.002,,,,,,00:32:20,0.93,0,11.875019,,
2026-07-08T17:53:37.940,Raspberry_Relieve1,25.6517595666667,-100.290928916667,38.876,0,0,100,-1,0.002,,,,,,00:32:21,0.96,0,11.875019,,
2026-07-08T17:53:38.940,Raspberry_Relieve1,25.6517595666667,-100.290928916667,38.876,0,0,100,-1,0.002,,,,,,00:32:22,1.15,0,11.875019,,
2026-07-08T17:53:39.940,Raspberry_Relieve1,25.6517595666667,-100.290928916667,38.877,0,0,100,-1,0.002,,,,,,00:32:23,0.91,0,11.875019,,
2026-07-08T17:53:40.940,Raspberry_Relieve1,25.6517595666667,-100.290928916667,38.877,0,0,100,-1,0.002,,,,,,00:32:24,0.99,0,11.875019,,
2026-07-08T17:53:41.940,Raspberry_Relieve1,25.6517595666667,-100.290928916667,38.877,0,0,100,-1,0.002,,,,,,00:32:25,0.95,0,11.875019,,
2026-07-08T17:53:42.941,Raspberry_Relieve1,25.6517595666667,-100.290928916667,38.876,0,0,100,-1,0.002,,,,,,00:32:26,1.13,0,11.875019,,
2026-07-08T17:53:43.941,Raspberry_Relieve1,25.6517595666667,-100.290928916667,38.876,0,0,100,-1,0.002,,,,,,00:32:27,0.92,0,11.875019,,
2026-07-08T17:53:44.941,Raspberry_Relieve1,25.6517595666667,-100.290928916667,38.878,0,0,100,-1,0.002,,,,,,00:32:28,1.05,0,11.875019,,
2026-07-08T17:53:45.941,Raspberry_Relieve1,25.6517595666667,-100.290928916667,38.878,0,0,100,-1,0.002,,,,,,00:32:29,0.91,0,11.875019,,
2026-07-08T17:53:46.941,Raspberry_Relieve1,25.6517595666667,-100.290928916667,38.876,0,0,100,-1,0.002,,,,,,00:32:30,1.08,0,11.875019,,
2026-07-08T17:53:47.941,Raspberry_Relieve1,25.6517595666667,-100.290928916667,38.877,0,0,100,-1,0.002,,,,,,00:32:31,1.02,0,11.875019,,
2026-07-08T17:53:48.941,Raspberry_Relieve1,25.6517595666667,-100.290928916667,38.878,0,0,100,-1,0.002,,,,,,00:32:32,0.98,0,11.875019,,
2026-07-08T17:53:49.941,Raspberry_Relieve1,25.6517595666667,-100.290928916667,38.878,0,0,100,-1,0.002,,,,,,00:32:33,0.94,0,11.875019,,
2026-07-08T17:53:50.942,Raspberry_Relieve1,25.6517595666667,-100.290928916667,38.877,0,0,100,-1,0.002,,,,,,00:32:34,1.01,0,11.875019,,
2026-07-08T17:53:51.942,Raspberry_Relieve1,25.6517595666667,-100.290928916667,38.878,0,0,100,-1,0.002,,,,,,00:32:35,1.01,0,11.875019,,
2026-07-08T17:53:52.942,Raspberry_Relieve1,25.6517595666667,-100.290928916667,38.877,0,0,100,-1,0.002,,,,,,00:32:36,1.02,0,11.875019,,
2026-07-08T17:53:53.942,Raspberry_Relieve1,25.6517595666667,-100.290928916667,38.878,0,0,100,-1,0.002,,,,,,00:32:37,0.91,0,11.875019,,
2026-07-08T17:53:54.942,Raspberry_Relieve1,25.6517595666667,-100.290928916667,38.877,0,0,100,-1,0.002,,,,,,00:32:38,1.1,0,11.875019,,
2026-07-08T17:53:55.942,Raspberry_Relieve1,25.6517595666667,-100.290928916667,38.877,0,0,100,-1,0.002,,,,,,00:32:39,0.91,0,11.875019,,
2026-07-08T17:53:56.942,Raspberry_Relieve1,25.6517595666667,-100.290928916667,38.876,0,0,100,-1,0.002,,,,,,00:32:40,1.04,0,11.875019,,
2026-07-08T17:53:57.942,Raspberry_Relieve1,25.6517595666667,-100.290928916667,38.878,0,0,100,-1,0.002,,,,,,00:32:41,1.02,0,11.875019,,
2026-07-08T17:53:58.943,Raspberry_Relieve1,25.6517595666667,-100.290928916667,38.877,0,0,100,-1,0.002,,,,,,00:32:42,1.01,0,11.875019,,
2026-07-08T17:53:59.943,Raspberry_Relieve1,25.6517595666667,-100.290928916667,38.878,0,0,100,-1,0.002,,,,,,00:32:43,0.98,0,11.875019,,
2026-07-08T17:54:00.943,Raspberry_Relieve1,25.6517595666667,-100.290928916667,38.876,0,0,100,-1,0.002,,,,,,00:32:44,1.02,0,11.875019,,
2026-07-08T17:54:01.943,Raspberry_Relieve1,25.6517595666667,-100.290928916667,38.876,0,0,100,-1,0.002,,,,,,00:32:45,1,0,11.875019,,
2026-07-08T17:54:02.943,Raspberry_Relieve1,25.6517595666667,-100.290928916667,38.876,0,0,100,-1,0.002,,,,,,00:32:46,0.91,0,11.875019,,
2026-07-08T17:54:03.943,Raspberry_Relieve1,25.6517595666667,-100.290928916667,38.877,0,0,100,-1,0.002,,,,,,00:32:47,1.08,0,11.875019,,
2026-07-08T17:54:04.943,Raspberry_Relieve1,25.6517595666667,-100.290928916667,38.877,0,0,100,-1,0.002,,,,,,00:32:48,0.92,0,11.875019,,
2026-07-08T17:54:05.943,Raspberry_Relieve1,25.6517595666667,-100.290928916667,38.877,0,0,100,-1,0.002,,,,,,00:32:49,1.17,0,11.875019,,
2026-07-08T17:54:06.943,Raspberry_Relieve1,25.6517595666667,-100.290928916667,38.876,0,0,100,-1,0.002,,,,,,00:32:50,0.99,0,11.875019,,
2026-07-08T17:54:07.944,Raspberry_Relieve1,25.6517595666667,-100.290928916667,38.876,0,0,100,-1,0.002,,,,,,00:32:51,0.91,0,11.875019,,
2026-07-08T17:54:08.944,Raspberry_Relieve1,25.6517595666667,-100.290928916667,38.878,0,0,100,-1,0.002,,,,,,00:32:52,1.09,0,11.875019,,
2026-07-08T17:54:09.944,Raspberry_Relieve1,25.6517595666667,-100.290928916667,38.876,0,0,100,-1,0.002,,,,,,00:32:53,0.85,0,11.875019,,
2026-07-08T17:54:10.944,Raspberry_Relieve1,25.6517595666667,-100.290928916667,38.877,0,0,100,-1,0.002,,,,,,00:32:54,1.1,0,11.875019,,
2026-07-08T17:54:11.944,Raspberry_Relieve1,25.6517595666667,-100.290928916667,38.877,0,0,100,-1,0.002,,,,,,00:32:55,0.94,0,11.875019,,
2026-07-08T17:54:12.944,Raspberry_Relieve1,25.6517595666667,-100.290928916667,38.877,0,0,100,-1,0.002,,,,,,00:32:56,1.14,0,11.875019,,
2026-07-08T17:54:13.944,Raspberry_Relieve1,25.6517595666667,-100.290928916667,38.876,0,0,100,-1,0.002,,,,,,00:32:57,0.84,0,11.875019,,
2026-07-08T17:54:14.944,Raspberry_Relieve1,25.6517595666667,-100.290928916667,38.878,0,0,100,-1,0.002,,,,,,00:32:58,0.99,0,11.875019,,
2026-07-08T17:54:15.945,Raspberry_Relieve1,25.6517595666667,-100.290928916667,38.877,0,0,100,-1,0.002,,,,,,00:32:59,1.1,0,11.875019,,
2026-07-08T17:54:16.945,Raspberry_Relieve1,25.6517595666667,-100.290928916667,38.878,0,0,100,-1,0.002,,,,,,00:33:00,0.9,0,11.875019,,
2026-07-08T17:54:17.945,Raspberry_Relieve1,25.6517595666667,-100.290928916667,38.876,0,0,100,-1,0.002,,,,,,00:33:01,1.09,0,11.875019,,
2026-07-08T17:54:18.945,Raspberry_Relieve1,25.6517595666667,-100.290928916667,38.877,0,0,100,-1,0.002,,,,,,00:33:02,1.03,0,11.875019,,
2026-07-08T17:54:19.945,Raspberry_Relieve1,25.6517595666667,-100.290928916667,38.877,0,0,100,-1,0.002,,,,,,00:33:03,0.96,0,11.875019,,
2026-07-08T17:54:20.945,Raspberry_Relieve1,25.6517595666667,-100.290928916667,38.877,0,0,100,-1,0.002,,,,,,00:33:04,0.99,0,11.875019,,
2026-07-08T17:54:21.945,Raspberry_Relieve1,25.6517595666667,-100.290928916667,38.877,0,0,100,-1,0.002,,,,,,00:33:05,1.03,0,11.875019,,
2026-07-08T17:54:22.945,Raspberry_Relieve1,25.6517595666667,-100.290928916667,38.878,0,0,100,-1,0.002,,,,,,00:33:06,1,0,11.875019,,
2026-07-08T17:54:23.946,Raspberry_Relieve1,25.6517595666667,-100.290928916667,38.877,0,0,100,-1,0.002,,,,,,00:33:07,0.95,0,11.875019,,
2026-07-08T17:54:24.946,Raspberry_Relieve1,25.6517595666667,-100.290928916667,38.877,0,0,100,-1,0.002,,,,,,00:33:08,1.06,0,11.875019,,
2026-07-08T17:54:25.946,Raspberry_Relieve1,25.6517595666667,-100.290928916667,38.877,0,0,100,-1,0.002,,,,,,00:33:09,0.98,0,11.875019,,
2026-07-08T17:54:26.946,Raspberry_Relieve1,25.6517595666667,-100.290928916667,38.876,0,0,100,-1,0.002,,,,,,00:33:10,1.03,0,11.875019,,
2026-07-08T17:54:27.946,Raspberry_Relieve1,25.6517595666667,-100.290928916667,38.876,0,0,100,-1,0.002,,,,,,00:33:11,1,0,11.875019,,
2026-07-08T17:54:28.946,Raspberry_Relieve1,25.6517595666667,-100.290928916667,38.876,0,0,100,-1,0.002,,,,,,00:33:12,1.01,0,11.875019,,
2026-07-08T17:54:29.946,Raspberry_Relieve1,25.6517595666667,-100.290928916667,38.877,0,0,100,-1,0.002,,,,,,00:33:13,0.86,0,11.875019,,
2026-07-08T17:54:30.947,Raspberry_Relieve1,25.6517595666667,-100.290928916667,38.876,0,0,100,-1,0.002,,,,,,00:33:14,1,0,11.875019,,
2026-07-08T17:54:31.947,Raspberry_Relieve1,25.6517595666667,-100.290928916667,38.877,0,0,100,-1,0.002,,,,,,00:33:15,1.08,0,11.875019,,
2026-07-08T17:54:32.947,Raspberry_Relieve1,25.6517595666667,-100.290928916667,38.876,0,0,100,-1,0.002,,,,,,00:33:16,1.05,0,11.875019,,
2026-07-08T17:54:33.947,Raspberry_Relieve1,25.6517595666667,-100.290928916667,38.876,0,0,100,-1,0.002,,,,,,00:33:17,0.89,0,11.875019,,
2026-07-08T17:54:34.947,Raspberry_Relieve1,25.6517595666667,-100.290928916667,38.876,0,0,100,-1,0.002,,,,,,00:33:18,1.06,0,11.875019,,
2026-07-08T17:54:35.947,Raspberry_Relieve1,25.6517595666667,-100.290928916667,38.877,0,0,100,-1,0.002,,,,,,00:33:19,0.97,0,11.875019,,
2026-07-08T17:54:36.947,Raspberry_Relieve1,25.6517595666667,-100.290928916667,38.877,0,0,100,-1,0.002,,,,,,00:33:20,1.01,0,11.875019,,
2026-07-08T17:54:37.947,Raspberry_Relieve1,25.6517595666667,-100.290928916667,38.877,0,0,100,-1,0.002,,,,,,00:33:21,1.05,0,11.875019,,
2026-07-08T17:54:38.948,Raspberry_Relieve1,25.6517595666667,-100.290928916667,38.876,0,0,100,-1,0.002,,,,,,00:33:22,1.05,0,11.875019,,
2026-07-08T17:54:39.948,Raspberry_Relieve1,25.6517595666667,-100.290928916667,38.875,0,0,100,-1,0.002,,,,,,00:33:23,0.95,0,11.875019,,
2026-07-08T17:54:40.948,Raspberry_Relieve1,25.6517595666667,-100.290928916667,38.877,0,0,100,-1,0.002,,,,,,00:33:24,1.01,0,11.875019,,
2026-07-08T17:54:41.948,Raspberry_Relieve1,25.6517595666667,-100.290928916667,38.877,0,0,100,-1,0.002,,,,,,00:33:25,0.97,0,11.875019,,
2026-07-08T17:54:42.948,Raspberry_Relieve1,25.6517595666667,-100.290928916667,38.876,0,0,100,-1,0.002,,,,,,00:33:26,1.11,0,11.875019,,
2026-07-08T17:54:43.948,Raspberry_Relieve1,25.6517595666667,-100.290928916667,38.878,0,0,100,-1,0.002,,,,,,00:33:27,0.91,0,11.875019,,
2026-07-08T17:54:44.948,Raspberry_Relieve1,25.6517595666667,-100.290928916667,38.878,0,0,100,-1,0.002,,,,,,00:33:28,1.02,0,11.875019,,
2026-07-08T17:54:45.948,Raspberry_Relieve1,25.6517595666667,-100.290928916667,38.878,0,0,100,-1,0.002,,,,,,00:33:29,0.95,0,11.875019,,
2026-07-08T17:54:46.949,Raspberry_Relieve1,25.6517595666667,-100.290928916667,38.878,0,0,100,-1,0.002,,,,,,00:33:30,1.06,0,11.875019,,
2026-07-08T17:54:47.949,Raspberry_Relieve1,25.6517595666667,-100.290928916667,38.877,0,0,100,-1,0.002,,,,,,00:33:31,0.95,0,11.875019,,
2026-07-08T17:54:48.949,Raspberry_Relieve1,25.6517595666667,-100.290928916667,38.878,0,0,100,-1,0.002,,,,,,00:33:32,0.96,0,11.875019,,
2026-07-08T17:54:49.949,Raspberry_Relieve1,25.6517595666667,-100.290928916667,38.877,0,0,100,-1,0.002,,,,,,00:33:33,1.03,0,11.875019,,
2026-07-08T17:54:50.949,Raspberry_Relieve1,25.6517595666667,-100.290928916667,38.877,0,0,100,-1,0.002,,,,,,00:33:34,1.03,0,11.875019,,
2026-07-08T17:54:51.949,Raspberry_Relieve1,25.6517595666667,-100.290928916667,38.877,0,0,100,-1,0.002,,,,,,00:33:35,1.09,0,11.875019,,
2026-07-08T17:54:52.949,Raspberry_Relieve1,25.6517595666667,-100.290928916667,38.878,0,0,100,-1,0.002,,,,,,00:33:36,0.91,0,11.875019,,
2026-07-08T17:54:53.949,Raspberry_Relieve1,25.6517595666667,-100.290928916667,38.877,0,0,100,-1,0.002,,,,,,00:33:37,1.01,0,11.875019,,
2026-07-08T17:54:54.950,Raspberry_Relieve1,25.6517595666667,-100.290928916667,38.878,0,0,100,-1,0.002,,,,,,00:33:38,0.93,0,11.875019,,
2026-07-08T17:54:55.950,Raspberry_Relieve1,25.6517595666667,-100.290928916667,38.876,0,0,100,-1,0.002,,,,,,00:33:39,1.03,0,11.875019,,
2026-07-08T17:54:56.950,Raspberry_Relieve1,25.6517595666667,-100.290928916667,38.878,0,0,100,-1,0.002,,,,,,00:33:40,1.01,0,11.875019,,
2026-07-08T17:54:57.950,Raspberry_Relieve1,25.6517595666667,-100.290928916667,38.879,0,0,100,-1,0.002,,,,,,00:33:41,1.02,0,11.875019,,
2026-07-08T17:54:58.950,Raspberry_Relieve1,25.6517595666667,-100.290928916667,38.876,0,0,100,-1,0.002,,,,,,00:33:42,1.04,0,11.875019,,
2026-07-08T17:54:59.950,Raspberry_Relieve1,25.6517595666667,-100.290928916667,38.878,0,0,100,-1,0.002,,,,,,00:33:43,1.03,0,11.875019,,
2026-07-08T17:55:00.950,Raspberry_Relieve1,25.6517595666667,-100.290928916667,38.878,0,0,100,-1,0.002,,,,,,00:33:44,0.99,0,11.875019,,
2026-07-08T17:55:01.950,Raspberry_Relieve1,25.6517595666667,-100.290928916667,38.876,0,0,100,-1,0.002,,,,,,00:33:45,0.91,0,11.875019,,
2026-07-08T17:55:02.950,Raspberry_Relieve1,25.6517595666667,-100.290928916667,38.875,0,0,100,-1,0.002,,,,,,00:33:46,1.05,0,11.875019,,
2026-07-08T17:55:03.951,Raspberry_Relieve1,25.6517595666667,-100.290928916667,38.875,0,0,100,-1,0.002,,,,,,00:33:47,1,0,11.875019,,
2026-07-08T17:55:04.951,Raspberry_Relieve1,25.6517595666667,-100.290928916667,38.876,0,0,100,-1,0.002,,,,,,00:33:48,0.9,0,11.875019,,
2026-07-08T17:55:05.951,Raspberry_Relieve1,25.6517595666667,-100.290928916667,38.875,0,0,100,-1,0.002,,,,,,00:33:49,1.02,0,11.875019,,
2026-07-08T17:55:06.951,Raspberry_Relieve1,25.6517595666667,-100.290928916667,38.877,0,0,100,-1,0.002,,,,,,00:33:50,1.03,0,11.875019,,
2026-07-08T17:55:07.951,Raspberry_Relieve1,25.6517595666667,-100.290928916667,38.878,0,0,100,-1,0.002,,,,,,00:33:51,1.05,0,11.875019,,
2026-07-08T17:55:08.951,Raspberry_Relieve1,25.6517595666667,-100.290928916667,38.876,0,0,100,-1,0.002,,,,,,00:33:52,0.96,0,11.875019,,
2026-07-08T17:55:09.951,Raspberry_Relieve1,25.6517595666667,-100.290928916667,38.878,0,0,100,-1,0.002,,,,,,00:33:53,1.01,0,11.875019,,
2026-07-08T17:55:10.952,Raspberry_Relieve1,25.6517595666667,-100.290928916667,38.878,0,0,100,-1,0.002,,,,,,00:33:54,0.93,0,11.875019,,
2026-07-08T17:55:11.952,Raspberry_Relieve1,25.6517595666667,-100.290928916667,38.878,0,0,100,-1,0.002,,,,,,00:33:55,1.01,0,11.875019,,
2026-07-08T17:55:12.952,Raspberry_Relieve1,25.6517595666667,-100.290928916667,38.88,0,0,100,-1,0.002,,,,,,00:33:56,1.27,0,11.875019,,
2026-07-08T17:55:13.952,Raspberry_Relieve1,25.6517595666667,-100.290928916667,38.877,0,0,100,-1,0.002,,,,,,00:33:57,0.76,0,11.875019,,
2026-07-08T17:55:14.952,Raspberry_Relieve1,25.6517595666667,-100.290928916667,38.876,0,0,100,-1,0.002,,,,,,00:33:58,1.03,0,11.875019,,
2026-07-08T17:55:15.952,Raspberry_Relieve1,25.6517595666667,-100.290928916667,38.879,0,0,100,-1,0.002,,,,,,00:33:59,1.06,0,11.875019,,
2026-07-08T17:55:16.952,Raspberry_Relieve1,25.6517595666667,-100.290928916667,38.878,0,0,100,-1,0.002,,,,,,00:34:00,1.03,0,11.875019,,
2026-07-08T17:55:17.952,Raspberry_Relieve1,25.6517595666667,-100.290928916667,38.878,0,0,100,-1,0.002,,,,,,00:34:01,1,0,11.875019,,
2026-07-08T17:55:18.953,Raspberry_Relieve1,25.6517595666667,-100.290928916667,38.874,0,0,100,-1,0.002,,,,,,00:34:02,0.97,0,11.875019,,
2026-07-08T17:55:19.953,Raspberry_Relieve1,25.6517595666667,-100.290928916667,38.877,0,0,100,-1,0.002,,,,,,00:34:03,1.06,0,11.875019,,
2026-07-08T17:55:20.953,Raspberry_Relieve1,25.6517595666667,-100.290928916667,38.878,0,0,100,-1,0.002,,,,,,00:34:04,1,0,11.875019,,
2026-07-08T17:55:21.953,Raspberry_Relieve1,25.6517595666667,-100.290928916667,38.878,0,0,100,-1,0.002,,,,,,00:34:05,0.85,0,11.875019,,
2026-07-08T17:55:22.953,Raspberry_Relieve1,25.6517595666667,-100.290928916667,38.878,0,0,100,-1,0.002,,,,,,00:34:06,1.01,0,11.875019,,
2026-07-08T17:55:23.953,Raspberry_Relieve1,25.6517595666667,-100.290928916667,38.878,0,0,100,-1,0.002,,,,,,00:34:07,1.06,0,11.875019,,
2026-07-08T17:55:24.953,Raspberry_Relieve1,25.6517595666667,-100.290928916667,38.88,0,0,100,-1,0.002,,,,,,00:34:08,0.98,0,11.875019,,
2026-07-08T17:55:25.954,Raspberry_Relieve1,25.6517595666667,-100.290928916667,38.878,0,0,100,-1,0.002,,,,,,00:34:09,0.96,0,11.875019,,
2026-07-08T17:55:26.954,Raspberry_Relieve1,25.6517595666667,-100.290928916667,38.879,0,0,100,-1,0.002,,,,,,00:34:10,1.05,0,11.875019,,
2026-07-08T17:55:27.954,Raspberry_Relieve1,25.6517595666667,-100.290928916667,38.878,0,0,100,-1,0.002,,,,,,00:34:11,1,0,11.875019,,
2026-07-08T17:55:28.954,Raspberry_Relieve1,25.6517595666667,-100.290928916667,38.876,0,0,100,-1,0.002,,,,,,00:34:12,0.9,0,11.875019,,
2026-07-08T17:55:29.954,Raspberry_Relieve1,25.6517595666667,-100.290928916667,38.878,0,0,100,-1,0.002,,,,,,00:34:13,1.1,0,11.875019,,
2026-07-08T17:55:30.954,Raspberry_Relieve1,25.6517595666667,-100.290928916667,38.881,0,0,100,-1,0.002,,,,,,00:34:14,1.04,0,11.875019,,
2026-07-08T17:55:31.954,Raspberry_Relieve1,25.6517595666667,-100.290928916667,38.879,0,0,100,-1,0.002,,,,,,00:34:15,1.01,0,11.875019,,
2026-07-08T17:55:32.955,Raspberry_Relieve1,25.6517595666667,-100.290928916667,38.878,0,0,100,-1,0.002,,,,,,00:34:16,0.94,0,11.875019,,
2026-07-08T17:55:33.955,Raspberry_Relieve1,25.6517595666667,-100.290928916667,38.878,0,0,100,-1,0.002,,,,,,00:34:17,1.03,0,11.875019,,
2026-07-08T17:55:34.955,Raspberry_Relieve1,25.6517595666667,-100.290928916667,38.878,0,0,100,-1,0.002,,,,,,00:34:18,1.03,0,11.875019,,
2026-07-08T17:55:35.955,Raspberry_Relieve1,25.6517595666667,-100.290928916667,38.878,0,0,100,-1,0.002,,,,,,00:34:19,0.97,0,11.875019,,
2026-07-08T17:55:36.955,Raspberry_Relieve1,25.6517595666667,-100.290928916667,38.877,0,0,100,-1,0.002,,,,,,00:34:20,1.03,0,11.875019,,
2026-07-08T17:55:37.955,Raspberry_Relieve1,25.6517595666667,-100.290928916667,38.876,0,0,100,-1,0.002,,,,,,00:34:21,1.17,0,11.875019,,
2026-07-08T17:55:38.955,Raspberry_Relieve1,25.6517595666667,-100.290928916667,38.878,0,0,100,-1,0.002,,,,,,00:34:22,0.84,0,11.875019,,
2026-07-08T17:55:39.956,Raspberry_Relieve1,25.6517595666667,-100.290928916667,38.876,0,0,100,-1,0.002,,,,,,00:34:23,0.95,0,11.875019,,
2026-07-08T17:55:40.956,Raspberry_Relieve1,25.6517595666667,-100.290928916667,38.876,0,0,100,-1,0.002,,,,,,00:34:24,1.04,0,11.875019,,
2026-07-08T17:55:41.956,Raspberry_Relieve1,25.6517595666667,-100.290928916667,38.878,0,0,100,-1,0.002,,,,,,00:34:25,1.01,0,11.875019,,
2026-07-08T17:55:42.956,Raspberry_Relieve1,25.6517595666667,-100.290928916667,38.876,0,0,100,-1,0.002,,,,,,00:34:26,0.89,0,11.875019,,
2026-07-08T17:55:43.956,Raspberry_Relieve1,25.6517595666667,-100.290928916667,38.877,0,0,100,-1,0.002,,,,,,00:34:27,0.99,0,11.875019,,
2026-07-08T17:55:44.956,Raspberry_Relieve1,25.6517595666667,-100.290928916667,38.878,0,0,100,-1,0.002,,,,,,00:34:28,1.04,0,11.875019,,
2026-07-08T17:55:45.957,Raspberry_Relieve1,25.6517595666667,-100.290928916667,38.877,0,0,100,-1,0.002,,,,,,00:34:29,1.04,0,11.875019,,
2026-07-08T17:55:46.957,Raspberry_Relieve1,25.6517595666667,-100.290928916667,38.877,0,0,100,-1,0.002,,,,,,00:34:30,0.91,0,11.875019,,
2026-07-08T17:55:47.957,Raspberry_Relieve1,25.6517595666667,-100.290928916667,38.877,0,0,100,-1,0.002,,,,,,00:34:31,1.21,0,11.875019,,
2026-07-08T17:55:48.957,Raspberry_Relieve1,25.6517595666667,-100.290928916667,38.877,0,0,100,-1,0.002,,,,,,00:34:32,0.82,0,11.875019,,
2026-07-08T17:55:49.957,Raspberry_Relieve1,25.6517595666667,-100.290928916667,38.876,0,0,100,-1,0.002,,,,,,00:34:33,1.08,0,11.875019,,
2026-07-08T17:55:50.957,Raspberry_Relieve1,25.6517595666667,-100.290928916667,38.877,0,0,100,-1,0.002,,,,,,00:34:34,0.92,0,11.875019,,
2026-07-08T17:55:51.957,Raspberry_Relieve1,25.6517595666667,-100.290928916667,38.877,0,0,100,-1,0.002,,,,,,00:34:35,1.03,0,11.875019,,
2026-07-08T17:55:52.957,Raspberry_Relieve1,25.6517595666667,-100.290928916667,38.879,0,0,100,-1,0.002,,,,,,00:34:36,0.96,0,11.875019,,
2026-07-08T17:55:53.958,Raspberry_Relieve1,25.6517595666667,-100.290928916667,38.877,0,0,100,-1,0.002,,,,,,00:34:37,1.07,0,11.875019,,
2026-07-08T17:55:54.958,Raspberry_Relieve1,25.6517595666667,-100.290928916667,38.878,0,0,100,-1,0.002,,,,,,00:34:38,1.1,0,11.875019,,
2026-07-08T17:55:55.958,Raspberry_Relieve1,25.6517595666667,-100.290928916667,38.878,0,0,100,-1,0.002,,,,,,00:34:39,0.88,0,11.875019,,
2026-07-08T17:55:56.958,Raspberry_Relieve1,25.6517595666667,-100.290928916667,38.876,0,0,100,-1,0.002,,,,,,00:34:40,1.02,0,11.875019,,
2026-07-08T17:55:57.958,Raspberry_Relieve1,25.6517595666667,-100.290928916667,38.877,0,0,100,-1,0.002,,,,,,00:34:41,1.05,0,11.875019,,
2026-07-08T17:55:58.958,Raspberry_Relieve1,25.6517595666667,-100.290928916667,38.877,0,0,100,-1,0.002,,,,,,00:34:42,0.88,0,11.875019,,
2026-07-08T17:55:59.958,Raspberry_Relieve1,25.6517595666667,-100.290928916667,38.876,0,0,100,-1,0.002,,,,,,00:34:43,0.99,0,11.875019,,
2026-07-08T17:56:00.959,Raspberry_Relieve1,25.6517595666667,-100.290928916667,38.877,0,0,100,-1,0.002,,,,,,00:34:44,1.05,0,11.875019,,
2026-07-08T17:56:01.959,Raspberry_Relieve1,25.6517595666667,-100.290928916667,38.849,2.588,101,100,-1,0.001,,,,,,00:34:45,1.02,0.014356,11.889375,,
2026-07-08T17:56:02.959,Raspberry_Relieve1,25.6517595666667,-100.290928916667,36.455,16.654,607,100,-1,0,,,,,,00:34:46,1.01,0.099262,11.988637,,
2026-07-08T17:56:03.959,Raspberry_Relieve1,25.6517595666667,-100.290928916667,38.371,7.66,294,100,-1,0,,,,,,00:34:47,1.03,0.128917,12.117554,,
2026-07-08T17:56:04.959,Raspberry_Relieve1,25.6517595666667,-100.290928916667,38.801,0.47,18,100,-1,0,,,,,,00:34:48,1.05,0.04543,12.162985,,
2026-07-08T17:56:05.959,Raspberry_Relieve1,25.6517595666667,-100.290928916667,38.16,3.097,118,100,-1,0,,,,,,00:34:49,0.92,0.017413,12.180398,,
2026-07-08T17:56:06.959,Raspberry_Relieve1,25.6517595666667,-100.290928916667,38.19,4.923,188,100,-1,0,,,,,,00:34:50,0.98,0.041789,12.222186,,
2026-07-08T17:56:07.959,Raspberry_Relieve1,25.6517595666667,-100.290928916667,38.666,1.871,72,100,-1,0,,,,,,00:34:51,1.01,0.036323,12.258509,,
2026-07-08T17:56:08.960,Raspberry_Relieve1,25.6517595666667,-100.290928916667,36.418,13.188,480,100,-1,0,,,,,,00:34:52,1.03,0.079144,12.337654,,
2026-07-08T17:56:09.960,Raspberry_Relieve1,25.6517595666667,-100.290928916667,38.516,4.341,167,100,-1,0,,,,,,00:34:53,1.1,0.098993,12.436647,,
2026-07-08T17:56:10.960,Raspberry_Relieve1,25.6517595666667,-100.290928916667,38.338,2.533,97,100,-1,0,,,,,,00:34:54,0.93,0.034166,12.470813,,
2026-07-08T17:56:11.960,Raspberry_Relieve1,25.6517595666667,-100.290928916667,38.525,2.194,85,100,-1,0,,,,,,00:34:55,0.95,0.024028,12.494842,,
2026-07-08T17:56:12.960,Raspberry_Relieve1,25.6517595666667,-100.290928916667,38.458,2.432,94,100,-1,0,,,,,,00:34:56,1,0.024778,12.51962,,
2026-07-08T17:56:13.960,Raspberry_Relieve1,25.6517595666667,-100.290928916667,38.79,1.912,74,100,-1,0,,,,,,00:34:57,1.01,0.023483,12.543103,,
2026-07-08T17:56:14.960,Raspberry_Relieve1,25.6517595666667,-100.290928916667,38.784,0.895,35,100,-1,0,,,,,,00:34:58,1.04,0.015744,12.558846,,
2026-07-08T17:56:15.961,Raspberry_Relieve1,25.6517595666667,-100.290928916667,38.129,4.705,179,100,-1,0,,,,,,00:34:59,0.94,0.027817,12.586663,,
2026-07-08T17:56:16.961,Raspberry_Relieve1,25.6517595666667,-100.290928916667,38.204,4.395,168,100,-1,0,,,,,,00:35:00,0.96,0.046322,12.632985,,
2026-07-08T17:56:17.961,Raspberry_Relieve1,25.6517595666667,-100.290928916667,38.64,1.496,58,100,-1,0,,,,,,00:35:01,0.98,0.030708,12.663693,,
2026-07-08T17:56:18.961,Raspberry_Relieve1,25.6517595666667,-100.290928916667,38.817,-0.22,-9,100,14400,0,,,,,,00:35:02,1.11,0.007575,12.671268,,
2026-07-08T17:56:19.961,Raspberry_Relieve1,25.6517595666667,-100.290928916667,36.323,15.106,549,100,-1,0,,,,,,00:35:03,1.01,0.07542,12.746688,,
2026-07-08T17:56:20.961,Raspberry_Relieve1,25.6517595666667,-100.290928916667,38.722,4.908,190,100,-1,0,,,,,,00:35:04,1.03,0.105909,12.852597,,
2026-07-08T17:56:21.961,Raspberry_Relieve1,25.6517595666667,-100.290928916667,38.505,1.29,50,100,-1,0,,,,,,00:35:05,0.93,0.031001,12.883598,,
2026-07-08T17:56:22.961,Raspberry_Relieve1,25.6517595666667,-100.290928916667,38.6,1.196,46,100,-1,0,,,,,,00:35:06,1.14,0.015265,12.898862,,
2026-07-08T17:56:23.962,Raspberry_Relieve1,25.6517595666667,-100.290928916667,38.304,2.542,97,100,-1,0,,,,,,00:35:07,0.94,0.01861,12.917472,,
2026-07-08T17:56:24.962,Raspberry_Relieve1,25.6517595666667,-100.290928916667,38.57,1.719,66,100,-1,0,,,,,,00:35:08,0.89,0.020202,12.937674,,
2026-07-08T17:56:25.962,Raspberry_Relieve1,25.6517595666667,-100.290928916667,38.747,0.213,8,100,-1,0,,,,,,00:35:09,1.06,0.01094,12.948615,,
2026-07-08T17:56:26.962,Raspberry_Relieve1,25.6517595666667,-100.290928916667,38.744,1.452,56,100,-1,0,,,,,,00:35:10,0.96,0.008557,12.957172,,
2026-07-08T17:56:27.962,Raspberry_Relieve1,25.6517595666667,-100.290928916667,38.755,0,56,100,-1,0,,,,,,00:35:11,1.03,0.015984,12.973156,,
2026-07-08T17:56:28.962,Raspberry_Relieve1,25.6517595666667,-100.290928916667,38.759,0,56,100,-1,0,,,,,,00:35:12,1.09,0.016909,12.990064,,
2026-07-08T17:56:29.962,Raspberry_Relieve1,25.6517595666667,-100.290928916667,38.484,1.011,39,100,-1,0,,,,,,00:35:13,1.09,0.014374,13.004438,,
2026-07-08T17:56:30.962,Raspberry_Relieve1,25.6517595666667,-100.290928916667,37.534,10.627,399,100,-1,0,,,,,,00:35:14,0.85,0.051812,13.056251,,
2026-07-08T17:56:31.963,Raspberry_Relieve1,25.6517595666667,-100.290928916667,37.758,7.758,293,100,-1,0,,,,,,00:35:15,0.93,0.089828,13.146079,,
2026-07-08T17:56:32.963,Raspberry_Relieve1,25.6517595666667,-100.290928916667,38.759,1.29,50,100,-1,0,,,,,,00:35:16,0.95,0.045343,13.191422,,
2026-07-08T17:56:33.963,Raspberry_Relieve1,25.6517595666667,-100.290928916667,38.787,-0.341,-13,100,14400,0,,,,,,00:35:17,1.06,0.005456,13.196878,,
2026-07-08T17:56:34.963,Raspberry_Relieve1,25.6517595666667,-100.290928916667,38.736,0,0,100,-1,0,,,,,,00:35:18,1.05,-0.001897,13.194981,,
2026-07-08T17:56:35.963,Raspberry_Relieve1,25.6517595666667,-100.290928916667,38.742,0,0,100,-1,0,,,,,,00:35:19,0.98,0,13.194981,,
2026-07-08T17:56:36.963,Raspberry_Relieve1,25.6517595666667,-100.290928916667,38.747,0,0,100,-1,0,,,,,,00:35:20,0.9,0,13.194981,,
2026-07-08T17:56:37.963,Raspberry_Relieve1,25.6517595666667,-100.290928916667,38.751,0,0,100,-1,0,,,,,,00:35:21,1.05,0,13.194981,,
2026-07-08T17:56:38.963,Raspberry_Relieve1,25.6517595666667,-100.290928916667,36.404,14.159,515,100,-1,0,,,,,,00:35:22,1.03,0.073576,13.268558,,
2026-07-08T17:56:39.963,Raspberry_Relieve1,25.6517595666667,-100.290928916667,36.262,18.825,683,100,-1,0,,,,,,00:35:23,1,0.166706,13.435263,,
2026-07-08T17:56:40.964,Raspberry_Relieve1,25.6517595666667,-100.290928916667,36.223,19.098,692,100,-1,0,,,,,,00:35:24,1.06,0.202468,13.637731,,
2026-07-08T17:56:41.964,Raspberry_Relieve1,25.6517595666667,-100.290928916667,36.197,19.09,691,100,-1,0,,,,,,00:35:25,0.99,0.190024,13.827755,,
2026-07-08T17:56:42.964,Raspberry_Relieve1,25.6517595666667,-100.290928916667,38.577,4.714,182,100,-1,0,,,,,,00:35:26,1.02,0.124135,13.951891,,
2026-07-08T17:56:43.964,Raspberry_Relieve1,25.6517595666667,-100.290928916667,39.021,-1.344,-52,100,14400,0,,,,,,00:35:27,0.93,0.016746,13.968636,,
2026-07-08T17:56:44.964,Raspberry_Relieve1,25.6517595666667,-100.290928916667,39.036,-3.425,-134,100,7474,0.001,,,,,,00:35:28,0.98,-0.025382,13.943255,,
2026-07-08T17:56:45.964,Raspberry_Relieve1,25.6517595666667,-100.290928916667,38.66,-0.219,-8,100,7296,0.001,,,,,,00:35:29,1,-0.019666,13.923588,,
2026-07-08T17:56:46.964,Raspberry_Relieve1,25.6517595666667,-100.290928916667,38.671,0,0,100,-1,0.001,,,,,,00:35:30,1.01,-0.001122,13.922466,,
2026-07-08T17:56:47.964,Raspberry_Relieve1,25.6517595666667,-100.290928916667,38.698,0,0,100,-1,0.001,,,,,,00:35:31,0.94,0,13.922466,,
2026-07-08T17:56:48.965,Raspberry_Relieve1,25.6517595666667,-100.290928916667,36.239,14.622,530,100,-1,0,,,,,,00:35:32,1.08,0.079428,14.001895,,
2026-07-08T17:56:49.965,Raspberry_Relieve1,25.6517595666667,-100.290928916667,36.201,18.83,682,100,-1,0,,,,,,00:35:33,0.95,0.15955,14.161445,,
2026-07-08T17:56:50.965,Raspberry_Relieve1,25.6517595666667,-100.290928916667,37.71,10.678,403,100,-1,0,,,,,,00:35:34,0.99,0.148975,14.31042,,
2026-07-08T17:56:51.965,Raspberry_Relieve1,25.6517595666667,-100.290928916667,38.51,4.918,189,100,-1,0,,,,,,00:35:35,1.08,0.088876,14.399296,,
2026-07-08T17:56:52.965,Raspberry_Relieve1,25.6517595666667,-100.290928916667,38.596,0.293,11,100,-1,0,,,,,,00:35:36,0.88,0.024432,14.423728,,
2026-07-08T17:56:53.965,Raspberry_Relieve1,25.6517595666667,-100.290928916667,38.614,0,11,100,-1,0,,,,,,00:35:37,1.02,0.003108,14.426835,,
2026-07-08T17:56:54.965,Raspberry_Relieve1,25.6517595666667,-100.290928916667,38.707,-0.566,-22,100,14400,0,,,,,,00:35:38,1.01,-0.001539,14.425296,,
2026-07-08T17:56:55.965,Raspberry_Relieve1,25.6517595666667,-100.290928916667,38.64,0,0,100,-1,0,,,,,,00:35:39,1.07,-0.003272,14.422025,,
2026-07-08T17:56:56.966,Raspberry_Relieve1,25.6517595666667,-100.290928916667,38.648,0,0,100,-1,0,,,,,,00:35:40,0.9,0,14.422025,,
2026-07-08T17:56:57.966,Raspberry_Relieve1,25.6517595666667,-100.290928916667,38.663,-0.793,-31,100,14400,0,,,,,,00:35:41,1.08,-0.004657,14.417367,,
2026-07-08T17:56:58.966,Raspberry_Relieve1,25.6517595666667,-100.290928916667,38.746,-0.436,-17,100,14400,0,,,,,,00:35:42,1.03,-0.006868,14.410499,,
2026-07-08T17:56:59.966,Raspberry_Relieve1,25.6517595666667,-100.290928916667,36.257,14.196,515,100,-1,0,,,,,,00:35:43,0.95,0.065909,14.476409,,
2026-07-08T17:57:00.966,Raspberry_Relieve1,25.6517595666667,-100.290928916667,36.203,18.784,680,100,-1,0,,,,,,00:35:44,0.95,0.157446,14.633854,,
2026-07-08T17:57:01.966,Raspberry_Relieve1,25.6517595666667,-100.290928916667,36.203,18.867,683,100,-1,0,,,,,,00:35:45,1.11,0.209265,14.84312,,
2026-07-08T17:57:02.966,Raspberry_Relieve1,25.6517595666667,-100.290928916667,38.648,1.213,47,100,-1,0,,,,,,00:35:46,0.9,0.090836,14.933956,,
2026-07-08T17:57:03.966,Raspberry_Relieve1,25.6517595666667,-100.290928916667,38.668,-0.545,-21,100,14400,0,,,,,,00:35:47,1.08,0.003915,14.93787,,
2026-07-08T17:57:04.966,Raspberry_Relieve1,25.6517595666667,-100.290928916667,38.689,-0.602,-23,100,14400,0,,,,,,00:35:48,0.98,-0.00596,14.93191,,
2026-07-08T17:57:05.967,Raspberry_Relieve1,25.6517595666667,-100.290928916667,37.877,3.003,114,100,-1,0,,,,,,00:35:49,1.02,0.012955,14.944864,,
2026-07-08T17:57:06.967,Raspberry_Relieve1,25.6517595666667,-100.290928916667,37.028,9.617,356,100,-1,0,,,,,,00:35:50,0.94,0.061088,15.005953,,
2026-07-08T17:57:07.967,Raspberry_Relieve1,25.6517595666667,-100.290928916667,37.081,9.806,364,100,-1,0,,,,,,00:35:51,1.07,0.106924,15.112877,,
2026-07-08T17:57:08.967,Raspberry_Relieve1,25.6517595666667,-100.290928916667,37.398,10.298,385,100,-1,0,,,,,,00:35:52,0.97,0.101237,15.214114,,
2026-07-08T17:57:09.967,Raspberry_Relieve1,25.6517595666667,-100.290928916667,36.3,17.133,622,100,-1,0,,,,,,00:35:53,1.06,0.148295,15.362409,,
2026-07-08T17:57:10.967,Raspberry_Relieve1,25.6517595666667,-100.290928916667,36.208,17.69,641,100,-1,0,,,,,,00:35:54,0.94,0.16569,15.528099,,
2026-07-08T17:57:11.967,Raspberry_Relieve1,25.6517595666667,-100.290928916667,37.007,12.794,473,100,-1,0,,,,,,00:35:55,1.03,0.159901,15.688,,
2026-07-08T17:57:12.967,Raspberry_Relieve1,25.6517595666667,-100.290928916667,37.816,4.245,161,100,-1,0,,,,,,00:35:56,0.95,0.083251,15.771251,,
2026-07-08T17:57:13.968,Raspberry_Relieve1,25.6517595666667,-100.290928916667,37.681,6.08,229,100,-1,0,,,,,,00:35:57,0.99,0.053661,15.824912,,
2026-07-08T17:57:14.968,Raspberry_Relieve1,25.6517595666667,-100.290928916667,37.011,10.047,372,100,-1,0,,,,,,00:35:58,0.97,0.081099,15.906011,,
2026-07-08T17:57:15.968,Raspberry_Relieve1,25.6517595666667,-100.290928916667,36.5,15.707,573,100,-1,0,,,,,,00:35:59,1.16,0.152862,16.058873,,
2026-07-08T17:57:16.968,Raspberry_Relieve1,25.6517595666667,-100.290928916667,36.853,13.595,501,100,-1,0,,,,,,00:36:00,0.96,0.143673,16.202546,,
2026-07-08T17:57:17.968,Raspberry_Relieve1,25.6517595666667,-100.290928916667,38.464,1.162,45,100,-1,0,,,,,,00:36:01,0.84,0.063746,16.266292,,
2026-07-08T17:57:18.968,Raspberry_Relieve1,25.6517595666667,-100.290928916667,39.399,-3.729,-147,100,9352,0.001,,,,,,00:36:02,1.12,-0.015922,16.250371,,
2026-07-08T17:57:19.968,Raspberry_Relieve1,25.6517595666667,-100.290928916667,39.468,-7.519,-297,100,3044,0.003,,,,,,00:36:03,0.96,-0.059469,16.190902,,
2026-07-08T17:57:20.969,Raspberry_Relieve1,25.6517595666667,-100.290928916667,38.569,-2.568,-99,100,2529,0.004,,,,,,00:36:04,1.04,-0.057387,16.133515,,
2026-07-08T17:57:21.969,Raspberry_Relieve1,25.6517595666667,-100.290928916667,39.108,-2.346,-92,100,2199,0.004,,,,,,00:36:05,1.01,-0.026739,16.106775,,
2026-07-08T17:57:22.969,Raspberry_Relieve1,25.6517595666667,-100.290928916667,39.127,-4.38,-171,100,1742,0.006,,,,,,00:36:06,1.03,-0.037694,16.069081,,
2026-07-08T17:57:23.969,Raspberry_Relieve1,25.6517595666667,-100.290928916667,38.948,-3.088,-120,99.9,1533,0.007,,,,,,00:36:07,0.88,-0.035628,16.033454,,
2026-07-08T17:57:24.969,Raspberry_Relieve1,25.6517595666667,-100.290928916667,38.866,-1.507,-59,99.9,1464,0.007,,,,,,00:36:08,0.99,-0.024489,16.008965,,
2026-07-08T17:57:25.969,Raspberry_Relieve1,25.6517595666667,-100.290928916667,38.617,-0.383,-15,99.9,1467,0.007,,,,,,00:36:09,1.04,-0.010639,15.998326,,
2026-07-08T17:57:26.969,Raspberry_Relieve1,25.6517595666667,-100.290928916667,38.62,0,0,99.9,-1,0.007,,,,,,00:36:10,1.07,-0.002226,15.996099,,
2026-07-08T17:57:27.969,Raspberry_Relieve1,25.6517595666667,-100.290928916667,38.623,0,0,99.9,-1,0.007,,,,,,00:36:11,0.97,0,15.996099,,
2026-07-08T17:57:28.970,Raspberry_Relieve1,25.6517595666667,-100.290928916667,38.627,0,0,99.9,-1,0.007,,,,,,00:36:12,1.04,0,15.996099,,
2026-07-08T17:57:29.970,Raspberry_Relieve1,25.6517595666667,-100.290928916667,38.631,0,0,99.9,-1,0.007,,,,,,00:36:13,0.97,0,15.996099,,
2026-07-08T17:57:30.970,Raspberry_Relieve1,25.6517595666667,-100.290928916667,38.636,0,0,99.9,-1,0.007,,,,,,00:36:14,0.94,0,15.996099,,
2026-07-08T17:57:31.970,Raspberry_Relieve1,25.6517595666667,-100.290928916667,38.64,0,0,99.9,-1,0.007,,,,,,00:36:15,0.97,0,15.996099,,
2026-07-08T17:57:32.970,Raspberry_Relieve1,25.6517595666667,-100.290928916667,38.643,0,0,99.9,-1,0.007,,,,,,00:36:16,1,0,15.996099,,
2026-07-08T17:57:33.970,Raspberry_Relieve1,25.6517595666667,-100.290928916667,38.646,0,0,99.9,-1,0.007,,,,,,00:36:17,0.98,0,15.996099,,
2026-07-08T17:57:34.970,Raspberry_Relieve1,25.6517595666667,-100.290928916667,38.651,0,0,99.9,-1,0.007,,,,,,00:36:18,1.02,0,15.996099,,
2026-07-08T17:57:35.970,Raspberry_Relieve1,25.6517595666667,-100.290928916667,38.654,0,0,99.9,-1,0.007,,,,,,00:36:19,1.1,0,15.996099,,
2026-07-08T17:57:36.970,Raspberry_Relieve1,25.6517595666667,-100.290928916667,38.658,0,0,99.9,-1,0.007,,,,,,00:36:20,0.97,0,15.996099,,
2026-07-08T17:57:37.971,Raspberry_Relieve1,25.6517595666667,-100.290928916667,38.661,0,0,99.9,-1,0.007,,,,,,00:36:21,0.99,0,15.996099,,
2026-07-08T17:57:38.971,Raspberry_Relieve1,25.6517595666667,-100.290928916667,38.664,0,0,99.9,-1,0.007,,,,,,00:36:22,1.07,0,15.996099,,
2026-07-08T17:57:39.971,Raspberry_Relieve1,25.6517595666667,-100.290928916667,38.667,0,0,99.9,-1,0.007,,,,,,00:36:23,0.88,0,15.996099,,
2026-07-08T17:57:40.971,Raspberry_Relieve1,25.6517595666667,-100.290928916667,38.67,0,0,99.9,-1,0.007,,,,,,00:36:24,1.16,0,15.996099,,
2026-07-08T17:57:41.971,Raspberry_Relieve1,25.6517595666667,-100.290928916667,38.673,0,0,99.9,-1,0.007,,,,,,00:36:25,0.88,0,15.996099,,
2026-07-08T17:57:42.971,Raspberry_Relieve1,25.6517595666667,-100.290928916667,38.676,0,0,99.9,-1,0.007,,,,,,00:36:26,1.01,0,15.996099,,
2026-07-08T17:57:43.971,Raspberry_Relieve1,25.6517595666667,-100.290928916667,38.679,0,0,99.9,-1,0.007,,,,,,00:36:27,1.01,0,15.996099,,
2026-07-08T17:57:44.971,Raspberry_Relieve1,25.6517595666667,-100.290928916667,38.682,0,0,99.9,-1,0.007,,,,,,00:36:28,1.03,0,15.996099,,
2026-07-08T17:57:45.972,Raspberry_Relieve1,25.6517595666667,-100.290928916667,38.684,0,0,99.9,-1,0.007,,,,,,00:36:29,1,0,15.996099,,
2026-07-08T17:57:46.972,Raspberry_Relieve1,25.6517595666667,-100.290928916667,38.684,0,0,99.9,-1,0.007,,,,,,00:36:30,0.96,0,15.996099,,
2026-07-08T17:57:47.972,Raspberry_Relieve1,25.6517595666667,-100.290928916667,38.688,0,0,99.9,-1,0.007,,,,,,00:36:31,0.95,0,15.996099,,
2026-07-08T17:57:48.972,Raspberry_Relieve1,25.6517595666667,-100.290928916667,38.69,0,0,99.9,-1,0.007,,,,,,00:36:32,1.03,0,15.996099,,
2026-07-08T17:57:49.972,Raspberry_Relieve1,25.6517595666667,-100.290928916667,38.693,0,0,99.9,-1,0.007,,,,,,00:36:33,0.95,0,15.996099,,
2026-07-08T17:57:50.972,Raspberry_Relieve1,25.6517595666667,-100.290928916667,38.694,0,0,99.9,-1,0.007,,,,,,00:36:34,1.13,0,15.996099,,
2026-07-08T17:57:51.972,Raspberry_Relieve1,25.6517595666667,-100.290928916667,38.696,0,0,99.9,-1,0.007,,,,,,00:36:35,1.07,0,15.996099,,
2026-07-08T17:57:52.972,Raspberry_Relieve1,25.6517595666667,-100.290928916667,38.698,0,0,99.9,-1,0.007,,,,,,00:36:36,0.91,0,15.996099,,
2026-07-08T17:57:53.973,Raspberry_Relieve1,25.6517595666667,-100.290928916667,38.701,0,0,99.9,-1,0.007,,,,,,00:36:37,0.92,0,15.996099,,
2026-07-08T17:57:54.973,Raspberry_Relieve1,25.6517595666667,-100.290928916667,38.702,0,0,99.9,-1,0.007,,,,,,00:36:38,1.09,0,15.996099,,
2026-07-08T17:57:55.973,Raspberry_Relieve1,25.6517595666667,-100.290928916667,38.705,0,0,99.9,-1,0.007,,,,,,00:36:39,0.96,0,15.996099,,
2026-07-08T17:57:56.973,Raspberry_Relieve1,25.6517595666667,-100.290928916667,38.707,0,0,99.9,-1,0.007,,,,,,00:36:40,1.04,0,15.996099,,
2026-07-08T17:57:57.973,Raspberry_Relieve1,25.6517595666667,-100.290928916667,38.708,0,0,99.9,-1,0.007,,,,,,00:36:41,1.01,0,15.996099,,
2026-07-08T17:57:58.973,Raspberry_Relieve1,25.6517595666667,-100.290928916667,38.709,0,0,99.9,-1,0.007,,,,,,00:36:42,0.91,0,15.996099,,
2026-07-08T17:57:59.973,Raspberry_Relieve1,25.6517595666667,-100.290928916667,38.713,0,0,99.9,-1,0.007,,,,,,00:36:43,1.09,0,15.996099,,
2026-07-08T17:58:00.973,Raspberry_Relieve1,25.6517595666667,-100.290928916667,38.715,0,0,99.9,-1,0.007,,,,,,00:36:44,0.98,0,15.996099,,
2026-07-08T17:58:01.973,Raspberry_Relieve1,25.6517595666667,-100.290928916667,38.716,0,0,99.9,-1,0.007,,,,,,00:36:45,0.9,0,15.996099,,
2026-07-08T17:58:02.974,Raspberry_Relieve1,25.6517595666667,-100.290928916667,38.718,0,0,99.9,-1,0.007,,,,,,00:36:46,1.02,0,15.996099,,
2026-07-08T17:58:03.974,Raspberry_Relieve1,25.6517595666667,-100.290928916667,38.719,0,0,99.9,-1,0.007,,,,,,00:36:47,1.08,0,15.996099,,
2026-07-08T17:58:04.974,Raspberry_Relieve1,25.6517595666667,-100.290928916667,38.719,0,0,99.9,-1,0.007,,,,,,00:36:48,0.99,0,15.996099,,
2026-07-08T17:58:05.974,Raspberry_Relieve1,25.6517595666667,-100.290928916667,38.722,0,0,99.9,-1,0.007,,,,,,00:36:49,0.94,0,15.996099,,
2026-07-08T17:58:06.974,Raspberry_Relieve1,25.6517595666667,-100.290928916667,38.723,0,0,99.9,-1,0.007,,,,,,00:36:50,1.05,0,15.996099,,
2026-07-08T17:58:07.974,Raspberry_Relieve1,25.6517595666667,-100.290928916667,38.722,0,0,99.9,-1,0.007,,,,,,00:36:51,0.97,0,15.996099,,
2026-07-08T17:58:08.974,Raspberry_Relieve1,25.6517595666667,-100.290928916667,38.725,0,0,99.9,-1,0.007,,,,,,00:36:52,1.08,0,15.996099,,
2026-07-08T17:58:09.975,Raspberry_Relieve1,25.6517595666667,-100.290928916667,38.725,0,0,99.9,-1,0.007,,,,,,00:36:53,0.97,0,15.996099,,
2026-07-08T17:58:10.975,Raspberry_Relieve1,25.6517595666667,-100.290928916667,38.726,0,0,99.9,-1,0.007,,,,,,00:36:54,0.94,0,15.996099,,
2026-07-08T17:58:11.975,Raspberry_Relieve1,25.6517595666667,-100.290928916667,38.729,0,0,99.9,-1,0.007,,,,,,00:36:55,1.01,0,15.996099,,
2026-07-08T17:58:12.975,Raspberry_Relieve1,25.6517595666667,-100.290928916667,38.73,0,0,99.9,-1,0.007,,,,,,00:36:56,1.05,0,15.996099,,
2026-07-08T17:58:13.975,Raspberry_Relieve1,25.6517595666667,-100.290928916667,38.732,0,0,99.9,-1,0.007,,,,,,00:36:57,0.99,0,15.996099,,
2026-07-08T17:58:14.975,Raspberry_Relieve1,25.6517595666667,-100.290928916667,38.731,0,0,99.9,-1,0.007,,,,,,00:36:58,1.03,0,15.996099,,
2026-07-08T17:58:15.975,Raspberry_Relieve1,25.6517595666667,-100.290928916667,38.733,0,0,99.9,-1,0.007,,,,,,00:36:59,0.91,0,15.996099,,
2026-07-08T17:58:16.975,Raspberry_Relieve1,25.6517595666667,-100.290928916667,38.734,0,0,99.9,-1,0.007,,,,,,00:37:00,1.1,0,15.996099,,
2026-07-08T17:58:17.976,Raspberry_Relieve1,25.6517595666667,-100.290928916667,38.735,0,0,99.9,-1,0.007,,,,,,00:37:01,0.89,0,15.996099,,
2026-07-08T17:58:18.976,Raspberry_Relieve1,25.6517595666667,-100.290928916667,38.736,0,0,99.9,-1,0.007,,,,,,00:37:02,1.14,0,15.996099,,
2026-07-08T17:58:19.976,Raspberry_Relieve1,25.6517595666667,-100.290928916667,38.737,0,0,99.9,-1,0.007,,,,,,00:37:03,0.92,0,15.996099,,
2026-07-08T17:58:20.976,Raspberry_Relieve1,25.6517595666667,-100.290928916667,38.738,0,0,99.9,-1,0.007,,,,,,00:37:04,0.99,0,15.996099,,
2026-07-08T17:58:21.976,Raspberry_Relieve1,25.6517595666667,-100.290928916667,38.737,0,0,99.9,-1,0.007,,,,,,00:37:05,0.93,0,15.996099,,
2026-07-08T17:58:22.976,Raspberry_Relieve1,25.6517595666667,-100.290928916667,38.74,0,0,99.9,-1,0.007,,,,,,00:37:06,1.09,0,15.996099,,
2026-07-08T17:58:23.976,Raspberry_Relieve1,25.6517595666667,-100.290928916667,38.741,0,0,99.9,-1,0.007,,,,,,00:37:07,1.03,0,15.996099,,
2026-07-08T17:58:24.976,Raspberry_Relieve1,25.6517595666667,-100.290928916667,38.741,0,0,99.9,-1,0.007,,,,,,00:37:08,0.93,0,15.996099,,
2026-07-08T17:58:25.976,Raspberry_Relieve1,25.6517595666667,-100.290928916667,38.742,0,0,99.9,-1,0.007,,,,,,00:37:09,1.04,0,15.996099,,
2026-07-08T17:58:26.977,Raspberry_Relieve1,25.6517595666667,-100.290928916667,38.744,0,0,99.9,-1,0.007,,,,,,00:37:10,1.04,0,15.996099,,
2026-07-08T17:58:27.977,Raspberry_Relieve1,25.6517595666667,-100.290928916667,38.743,0,0,99.9,-1,0.007,,,,,,00:37:11,0.96,0,15.996099,,
2026-07-08T17:58:28.977,Raspberry_Relieve1,25.6517595666667,-100.290928916667,38.744,0,0,99.9,-1,0.007,,,,,,00:37:12,1.03,0,15.996099,,
2026-07-08T17:58:29.977,Raspberry_Relieve1,25.6517595666667,-100.290928916667,38.745,0,0,99.9,-1,0.007,,,,,,00:37:13,1,0,15.996099,,
2026-07-08T17:58:30.977,Raspberry_Relieve1,25.6517595666667,-100.290928916667,38.748,0,0,99.9,-1,0.007,,,,,,00:37:14,0.98,0,15.996099,,
2026-07-08T17:58:31.977,Raspberry_Relieve1,25.6517595666667,-100.290928916667,38.747,0,0,99.9,-1,0.007,,,,,,00:37:15,1,0,15.996099,,
2026-07-08T17:58:32.977,Raspberry_Relieve1,25.6517595666667,-100.290928916667,38.748,0,0,99.9,-1,0.007,,,,,,00:37:16,1.01,0,15.996099,,
2026-07-08T17:58:33.977,Raspberry_Relieve1,25.6517595666667,-100.290928916667,38.748,0,0,99.9,-1,0.007,,,,,,00:37:17,0.9,0,15.996099,,
2026-07-08T17:58:34.977,Raspberry_Relieve1,25.6517595666667,-100.290928916667,38.747,0,0,99.9,-1,0.007,,,,,,00:37:18,1.12,0,15.996099,,
2026-07-08T17:58:35.978,Raspberry_Relieve1,25.6517595666667,-100.290928916667,38.747,0,0,99.9,-1,0.007,,,,,,00:37:19,0.99,0,15.996099,,
2026-07-08T17:58:36.978,Raspberry_Relieve1,25.6517595666667,-100.290928916667,38.748,0,0,99.9,-1,0.007,,,,,,00:37:20,1.23,0,15.996099,,
2026-07-08T17:58:37.978,Raspberry_Relieve1,25.6517595666667,-100.290928916667,38.749,0,0,99.9,-1,0.007,,,,,,00:37:21,0.72,0,15.996099,,
2026-07-08T17:58:38.978,Raspberry_Relieve1,25.6517595666667,-100.290928916667,38.749,0,0,99.9,-1,0.007,,,,,,00:37:22,0.97,0,15.996099,,
2026-07-08T17:58:39.978,Raspberry_Relieve1,25.6517595666667,-100.290928916667,38.751,0,0,99.9,-1,0.007,,,,,,00:37:23,0.99,0,15.996099,,
2026-07-08T17:58:40.978,Raspberry_Relieve1,25.6517595666667,-100.290928916667,38.751,0,0,99.9,-1,0.007,,,,,,00:37:24,1.11,0,15.996099,,
2026-07-08T17:58:41.978,Raspberry_Relieve1,25.6517595666667,-100.290928916667,38.751,0,0,99.9,-1,0.007,,,,,,00:37:25,0.87,0,15.996099,,
2026-07-08T17:58:42.978,Raspberry_Relieve1,25.6517595666667,-100.290928916667,38.751,0,0,99.9,-1,0.007,,,,,,00:37:26,1.03,0,15.996099,,
2026-07-08T17:58:43.979,Raspberry_Relieve1,25.6517595666667,-100.290928916667,38.753,0,0,99.9,-1,0.007,,,,,,00:37:27,1.06,0,15.996099,,
2026-07-08T17:58:44.979,Raspberry_Relieve1,25.6517595666667,-100.290928916667,38.753,0,0,99.9,-1,0.007,,,,,,00:37:28,1.03,0,15.996099,,
2026-07-08T17:58:45.979,Raspberry_Relieve1,25.6517595666667,-100.290928916667,38.754,0,0,99.9,-1,0.007,,,,,,00:37:29,1.01,0,15.996099,,
2026-07-08T17:58:46.979,Raspberry_Relieve1,25.6517595666667,-100.290928916667,38.753,0,0,99.9,-1,0.007,,,,,,00:37:30,0.97,0,15.996099,,
2026-07-08T17:58:47.979,Raspberry_Relieve1,25.6517595666667,-100.290928916667,38.754,0,0,99.9,-1,0.007,,,,,,00:37:31,1.03,0,15.996099,,
2026-07-08T17:58:48.979,Raspberry_Relieve1,25.6517595666667,-100.290928916667,38.756,0,0,99.9,-1,0.007,,,,,,00:37:32,0.95,0,15.996099,,
2026-07-08T17:58:49.979,Raspberry_Relieve1,25.6517595666667,-100.290928916667,38.757,0,0,99.9,-1,0.007,,,,,,00:37:33,1.04,0,15.996099,,
2026-07-08T17:58:50.980,Raspberry_Relieve1,25.6517595666667,-100.290928916667,38.758,0,0,99.9,-1,0.007,,,,,,00:37:34,1,0,15.996099,,
2026-07-08T17:58:51.980,Raspberry_Relieve1,25.6517595666667,-100.290928916667,38.756,0,0,99.9,-1,0.007,,,,,,00:37:35,1,0,15.996099,,
2026-07-08T17:58:52.980,Raspberry_Relieve1,25.6517595666667,-100.290928916667,38.757,0,0,99.9,-1,0.007,,,,,,00:37:36,1.03,0,15.996099,,
2026-07-08T17:58:53.980,Raspberry_Relieve1,25.6517595666667,-100.290928916667,38.759,0,0,99.9,-1,0.007,,,,,,00:37:37,0.86,0,15.996099,,
2026-07-08T17:58:54.980,Raspberry_Relieve1,25.6517595666667,-100.290928916667,38.758,0,0,99.9,-1,0.007,,,,,,00:37:38,1.05,0,15.996099,,
2026-07-08T17:58:55.981,Raspberry_Relieve1,25.6517595666667,-100.290928916667,38.757,0,0,99.9,-1,0.007,,,,,,00:37:39,0.96,0,15.996099,,
2026-07-08T17:58:56.981,Raspberry_Relieve1,25.6517595666667,-100.290928916667,38.757,0,0,99.9,-1,0.007,,,,,,00:37:40,1.1,0,15.996099,,
2026-07-08T17:58:57.981,Raspberry_Relieve1,25.6517595666667,-100.290928916667,38.759,0,0,99.9,-1,0.007,,,,,,00:37:41,1,0,15.996099,,
2026-07-08T17:58:58.981,Raspberry_Relieve1,25.6517595666667,-100.290928916667,38.759,0,0,99.9,-1,0.007,,,,,,00:37:42,0.91,0,15.996099,,
2026-07-08T17:58:59.981,Raspberry_Relieve1,25.6517595666667,-100.290928916667,38.759,0,0,99.9,-1,0.007,,,,,,00:37:43,1.05,0,15.996099,,
2026-07-08T17:59:00.981,Raspberry_Relieve1,25.6517595666667,-100.290928916667,38.76,0,0,99.9,-1,0.007,,,,,,00:37:44,1.05,0,15.996099,,
2026-07-08T17:59:01.981,Raspberry_Relieve1,25.6517595666667,-100.290928916667,38.76,0,0,99.9,-1,0.007,,,,,,00:37:45,0.86,0,15.996099,,
2026-07-08T17:59:02.981,Raspberry_Relieve1,25.6517595666667,-100.290928916667,38.76,0,0,99.9,-1,0.007,,,,,,00:37:46,0.99,0,15.996099,,
2026-07-08T17:59:03.981,Raspberry_Relieve1,25.6517595666667,-100.290928916667,38.761,0,0,99.9,-1,0.007,,,,,,00:37:47,1.03,0,15.996099,,
2026-07-08T17:59:04.982,Raspberry_Relieve1,25.6517595666667,-100.290928916667,38.76,0,0,99.9,-1,0.007,,,,,,00:37:48,1.18,0,15.996099,,
2026-07-08T17:59:05.982,Raspberry_Relieve1,25.6517595666667,-100.290928916667,38.759,0,0,99.9,-1,0.007,,,,,,00:37:49,0.92,0,15.996099,,
2026-07-08T17:59:06.982,Raspberry_Relieve1,25.6517595666667,-100.290928916667,38.761,0,0,99.9,-1,0.007,,,,,,00:37:50,1.02,0,15.996099,,
2026-07-08T17:59:07.982,Raspberry_Relieve1,25.6517595666667,-100.290928916667,38.762,0,0,99.9,-1,0.007,,,,,,00:37:51,0.96,0,15.996099,,
2026-07-08T17:59:08.982,Raspberry_Relieve1,25.6517595666667,-100.290928916667,38.762,0,0,99.9,-1,0.007,,,,,,00:37:52,0.94,0,15.996099,,
2026-07-08T17:59:09.982,Raspberry_Relieve1,25.6517595666667,-100.290928916667,38.762,0,0,99.9,-1,0.007,,,,,,00:37:53,1.03,0,15.996099,,
2026-07-08T17:59:10.982,Raspberry_Relieve1,25.6517595666667,-100.290928916667,38.762,0,0,99.9,-1,0.007,,,,,,00:37:54,1.1,0,15.996099,,
2026-07-08T17:59:11.982,Raspberry_Relieve1,25.6517595666667,-100.290928916667,38.763,0,0,99.9,-1,0.007,,,,,,00:37:55,0.92,0,15.996099,,
2026-07-08T17:59:12.983,Raspberry_Relieve1,25.6517595666667,-100.290928916667,38.765,0,0,99.9,-1,0.007,,,,,,00:37:56,0.96,0,15.996099,,
2026-07-08T17:59:13.983,Raspberry_Relieve1,25.6517595666667,-100.290928916667,38.763,0,0,99.9,-1,0.007,,,,,,00:37:57,1.06,0,15.996099,,
2026-07-08T17:59:14.983,Raspberry_Relieve1,25.6517595666667,-100.290928916667,38.764,0,0,99.9,-1,0.007,,,,,,00:37:58,1.01,0,15.996099,,
2026-07-08T17:59:15.983,Raspberry_Relieve1,25.6517595666667,-100.290928916667,38.764,0,0,99.9,-1,0.007,,,,,,00:37:59,0.98,0,15.996099,,
2026-07-08T17:59:16.983,Raspberry_Relieve1,25.6517595666667,-100.290928916667,38.764,0,0,99.9,-1,0.007,,,,,,00:38:00,0.94,0,15.996099,,
2026-07-08T17:59:17.983,Raspberry_Relieve1,25.6517595666667,-100.290928916667,38.763,0,0,99.9,-1,0.007,,,,,,00:38:01,1.04,0,15.996099,,
2026-07-08T17:59:18.983,Raspberry_Relieve1,25.6517595666667,-100.290928916667,38.765,0,0,99.9,-1,0.007,,,,,,00:38:02,1.07,0,15.996099,,
2026-07-08T17:59:19.983,Raspberry_Relieve1,25.6517595666667,-100.290928916667,38.766,0,0,99.9,-1,0.007,,,,,,00:38:03,0.9,0,15.996099,,
2026-07-08T17:59:20.983,Raspberry_Relieve1,25.6517595666667,-100.290928916667,38.765,0,0,99.9,-1,0.007,,,,,,00:38:04,1.12,0,15.996099,,
2026-07-08T17:59:21.984,Raspberry_Relieve1,25.6517595666667,-100.290928916667,38.766,0,0,99.9,-1,0.007,,,,,,00:38:05,0.92,0,15.996099,,
2026-07-08T17:59:22.984,Raspberry_Relieve1,25.6517595666667,-100.290928916667,38.767,0,0,99.9,-1,0.007,,,,,,00:38:06,1.07,0,15.996099,,
2026-07-08T17:59:23.984,Raspberry_Relieve1,25.6517595666667,-100.290928916667,38.767,0,0,99.9,-1,0.007,,,,,,00:38:07,0.98,0,15.996099,,
2026-07-08T17:59:24.984,Raspberry_Relieve1,25.6517595666667,-100.290928916667,38.765,0,0,99.9,-1,0.007,,,,,,00:38:08,0.91,0,15.996099,,
2026-07-08T17:59:25.984,Raspberry_Relieve1,25.6517595666667,-100.290928916667,38.765,0,0,99.9,-1,0.007,,,,,,00:38:09,1.06,0,15.996099,,
2026-07-08T17:59:26.984,Raspberry_Relieve1,25.6517595666667,-100.290928916667,38.766,0,0,99.9,-1,0.007,,,,,,00:38:10,0.99,0,15.996099,,
2026-07-08T17:59:27.984,Raspberry_Relieve1,25.6517595666667,-100.290928916667,38.766,0,0,99.9,-1,0.007,,,,,,00:38:11,1.04,0,15.996099,,
2026-07-08T17:59:28.985,Raspberry_Relieve1,25.6517595666667,-100.290928916667,38.766,0,0,99.9,-1,0.007,,,,,,00:38:12,1.01,0,15.996099,,
2026-07-08T17:59:29.985,Raspberry_Relieve1,25.6517595666667,-100.290928916667,38.767,0,0,99.9,-1,0.007,,,,,,00:38:13,0.88,0,15.996099,,
2026-07-08T17:59:30.985,Raspberry_Relieve1,25.6517595666667,-100.290928916667,38.767,0,0,99.9,-1,0.007,,,,,,00:38:14,1.19,0,15.996099,,
2026-07-08T17:59:31.985,Raspberry_Relieve1,25.6517595666667,-100.290928916667,38.768,0,0,99.9,-1,0.007,,,,,,00:38:15,0.93,0,15.996099,,
2026-07-08T17:59:32.985,Raspberry_Relieve1,25.6517595666667,-100.290928916667,38.767,0,0,99.9,-1,0.007,,,,,,00:38:16,1.01,0,15.996099,,
2026-07-08T17:59:33.985,Raspberry_Relieve1,25.6517595666667,-100.290928916667,38.768,0,0,99.9,-1,0.007,,,,,,00:38:17,1.02,0,15.996099,,
2026-07-08T17:59:34.985,Raspberry_Relieve1,25.6517595666667,-100.290928916667,38.769,0,0,99.9,-1,0.007,,,,,,00:38:18,1.02,0,15.996099,,
2026-07-08T17:59:35.985,Raspberry_Relieve1,25.6517595666667,-100.290928916667,38.768,0,0,99.9,-1,0.007,,,,,,00:38:19,0.84,0,15.996099,,
2026-07-08T17:59:36.986,Raspberry_Relieve1,25.6517595666667,-100.290928916667,38.768,0,0,99.9,-1,0.007,,,,,,00:38:20,1.03,0,15.996099,,
2026-07-08T17:59:37.986,Raspberry_Relieve1,25.6517595666667,-100.290928916667,38.768,0,0,99.9,-1,0.007,,,,,,00:38:21,0.95,0,15.996099,,
2026-07-08T17:59:38.986,Raspberry_Relieve1,25.6517595666667,-100.290928916667,38.769,0,0,99.9,-1,0.007,,,,,,00:38:22,1.1,0,15.996099,,
2026-07-08T17:59:39.986,Raspberry_Relieve1,25.6517595666667,-100.290928916667,38.769,0,0,99.9,-1,0.007,,,,,,00:38:23,0.96,0,15.996099,,
2026-07-08T17:59:40.986,Raspberry_Relieve1,25.6517595666667,-100.290928916667,38.769,0,0,99.9,-1,0.007,,,,,,00:38:24,1.06,0,15.996099,,
2026-07-08T17:59:41.986,Raspberry_Relieve1,25.6517595666667,-100.290928916667,38.769,0,0,99.9,-1,0.007,,,,,,00:38:25,0.99,0,15.996099,,
2026-07-08T17:59:42.986,Raspberry_Relieve1,25.6517595666667,-100.290928916667,38.769,0,0,99.9,-1,0.007,,,,,,00:38:26,0.91,0,15.996099,,
2026-07-08T17:59:43.987,Raspberry_Relieve1,25.6517595666667,-100.290928916667,38.769,0,0,99.9,-1,0.007,,,,,,00:38:27,1.04,0,15.996099,,
2026-07-08T17:59:44.987,Raspberry_Relieve1,25.6517595666667,-100.290928916667,38.769,0,0,99.9,-1,0.007,,,,,,00:38:28,1.04,0,15.996099,,
2026-07-08T17:59:45.987,Raspberry_Relieve1,25.6517595666667,-100.290928916667,38.769,0,0,99.9,-1,0.007,,,,,,00:38:29,0.98,0,15.996099,,
2026-07-08T17:59:46.987,Raspberry_Relieve1,25.6517595666667,-100.290928916667,38.769,0,0,99.9,-1,0.007,,,,,,00:38:30,1.02,0,15.996099,,
2026-07-08T17:59:47.987,Raspberry_Relieve1,25.6517595666667,-100.290928916667,38.769,0,0,99.9,-1,0.007,,,,,,00:38:31,0.92,0,15.996099,,
2026-07-08T17:59:48.987,Raspberry_Relieve1,25.6517595666667,-100.290928916667,38.77,0,0,99.9,-1,0.007,,,,,,00:38:32,1.01,0,15.996099,,
2026-07-08T17:59:49.987,Raspberry_Relieve1,25.6517595666667,-100.290928916667,38.77,0,0,99.9,-1,0.007,,,,,,00:38:33,1.21,0,15.996099,,
2026-07-08T17:59:50.988,Raspberry_Relieve1,25.6517595666667,-100.290928916667,38.771,0,0,99.9,-1,0.007,,,,,,00:38:34,0.92,0,15.996099,,
2026-07-08T17:59:51.988,Raspberry_Relieve1,25.6517595666667,-100.290928916667,38.771,0,0,99.9,-1,0.007,,,,,,00:38:35,0.98,0,15.996099,,
2026-07-08T17:59:52.988,Raspberry_Relieve1,25.6517595666667,-100.290928916667,38.772,0,0,99.9,-1,0.007,,,,,,00:38:36,0.9,0,15.996099,,
2026-07-08T17:59:53.988,Raspberry_Relieve1,25.6517595666667,-100.290928916667,38.771,0,0,99.9,-1,0.007,,,,,,00:38:37,1.06,0,15.996099,,
2026-07-08T17:59:54.988,Raspberry_Relieve1,25.6517595666667,-100.290928916667,38.772,0,0,99.9,-1,0.007,,,,,,00:38:38,0.92,0,15.996099,,
2026-07-08T17:59:55.988,Raspberry_Relieve1,25.6517595666667,-100.290928916667,38.77,0,0,99.9,-1,0.007,,,,,,00:38:39,1.09,0,15.996099,,
2026-07-08T17:59:56.988,Raspberry_Relieve1,25.6517595666667,-100.290928916667,38.771,0,0,99.9,-1,0.007,,,,,,00:38:40,0.98,0,15.996099,,
2026-07-08T17:59:57.988,Raspberry_Relieve1,25.6517595666667,-100.290928916667,38.773,0,0,99.9,-1,0.007,,,,,,00:38:41,0.97,0,15.996099,,
2026-07-08T17:59:58.989,Raspberry_Relieve1,25.6517595666667,-100.290928916667,38.771,0,0,99.9,-1,0.007,,,,,,00:38:42,1.03,0,15.996099,,
2026-07-08T17:59:59.989,Raspberry_Relieve1,25.6517595666667,-100.290928916667,38.771,0,0,99.9,-1,0.007,,,,,,00:38:43,1.06,0,15.996099,,
2026-07-08T18:00:00.989,Raspberry_Relieve1,25.6517595666667,-100.290928916667,38.772,0,0,99.9,-1,0.007,,,,,,00:38:44,0.94,0,15.996099,,
2026-07-08T18:00:01.989,Raspberry_Relieve1,25.6517595666667,-100.290928916667,38.771,0,0,99.9,-1,0.007,,,,,,00:38:45,1,0,15.996099,,
2026-07-08T18:00:02.989,Raspberry_Relieve1,25.6517595666667,-100.290928916667,38.771,0,0,99.9,-1,0.007,,,,,,00:38:46,1,0,15.996099,,
2026-07-08T18:00:03.989,Raspberry_Relieve1,25.6517595666667,-100.290928916667,38.771,0,0,99.9,-1,0.007,,,,,,00:38:47,1.01,0,15.996099,,
2026-07-08T18:00:04.989,Raspberry_Relieve1,25.6517595666667,-100.290928916667,38.772,0,0,99.9,-1,0.007,,,,,,00:38:48,0.99,0,15.996099,,
2026-07-08T18:00:05.989,Raspberry_Relieve1,25.6517595666667,-100.290928916667,38.771,0,0,99.9,-1,0.007,,,,,,00:38:49,1.02,0,15.996099,,
2026-07-08T18:00:06.989,Raspberry_Relieve1,25.6517595666667,-100.290928916667,38.773,0,0,99.9,-1,0.007,,,,,,00:38:50,1.02,0,15.996099,,
2026-07-08T18:00:07.990,Raspberry_Relieve1,25.6517595666667,-100.290928916667,38.775,0,0,99.9,-1,0.007,,,,,,00:38:51,0.91,0,15.996099,,
2026-07-08T18:00:08.990,Raspberry_Relieve1,25.6517595666667,-100.290928916667,38.773,0,0,99.9,-1,0.007,,,,,,00:38:52,1.16,0,15.996099,,
2026-07-08T18:00:09.990,Raspberry_Relieve1,25.6517595666667,-100.290928916667,38.773,0,0,99.9,-1,0.007,,,,,,00:38:53,0.91,0,15.996099,,
2026-07-08T18:00:10.990,Raspberry_Relieve1,25.6517595666667,-100.290928916667,38.773,0,0,99.9,-1,0.007,,,,,,00:38:54,0.99,0,15.996099,,
2026-07-08T18:00:11.990,Raspberry_Relieve1,25.6517595666667,-100.290928916667,38.774,0,0,99.9,-1,0.007,,,,,,00:38:55,0.92,0,15.996099,,
2026-07-08T18:00:12.990,Raspberry_Relieve1,25.6517595666667,-100.290928916667,38.774,0,0,99.9,-1,0.007,,,,,,00:38:56,1.14,0,15.996099,,
2026-07-08T18:00:13.990,Raspberry_Relieve1,25.6517595666667,-100.290928916667,38.775,0,0,99.9,-1,0.007,,,,,,00:38:57,0.95,0,15.996099,,
2026-07-08T18:00:14.990,Raspberry_Relieve1,25.6517595666667,-100.290928916667,38.775,0,0,99.9,-1,0.007,,,,,,00:38:58,1.02,0,15.996099,,
2026-07-08T18:00:15.991,Raspberry_Relieve1,25.6517595666667,-100.290928916667,38.773,0,0,99.9,-1,0.007,,,,,,00:38:59,0.93,0,15.996099,,
2026-07-08T18:00:16.991,Raspberry_Relieve1,25.6517595666667,-100.290928916667,38.774,0,0,99.9,-1,0.007,,,,,,00:39:00,0.98,0,15.996099,,
2026-07-08T18:00:17.991,Raspberry_Relieve1,25.6517595666667,-100.290928916667,38.774,0,0,99.9,-1,0.007,,,,,,00:39:01,1.09,0,15.996099,,
2026-07-08T18:00:18.991,Raspberry_Relieve1,25.6517595666667,-100.290928916667,38.774,0,0,99.9,-1,0.007,,,,,,00:39:02,0.98,0,15.996099,,
2026-07-08T18:00:19.991,Raspberry_Relieve1,25.6517595666667,-100.290928916667,38.773,0,0,99.9,-1,0.007,,,,,,00:39:03,1.02,0,15.996099,,
2026-07-08T18:00:20.991,Raspberry_Relieve1,25.6517595666667,-100.290928916667,38.776,0,0,99.9,-1,0.007,,,,,,00:39:04,1.05,0,15.996099,,
2026-07-08T18:00:21.991,Raspberry_Relieve1,25.6517595666667,-100.290928916667,38.775,0,0,99.9,-1,0.007,,,,,,00:39:05,0.91,0,15.996099,,
2026-07-08T18:00:22.992,Raspberry_Relieve1,25.6517595666667,-100.290928916667,38.773,0,0,99.9,-1,0.007,,,,,,00:39:06,1.02,0,15.996099,,
2026-07-08T18:00:23.992,Raspberry_Relieve1,25.6517595666667,-100.290928916667,38.774,0,0,99.9,-1,0.007,,,,,,00:39:07,1.05,0,15.996099,,
2026-07-08T18:00:24.992,Raspberry_Relieve1,25.6517595666667,-100.290928916667,38.774,0,0,99.9,-1,0.007,,,,,,00:39:08,1,0,15.996099,,
2026-07-08T18:00:25.992,Raspberry_Relieve1,25.6517595666667,-100.290928916667,38.773,0,0,99.9,-1,0.007,,,,,,00:39:09,0.87,0,15.996099,,
2026-07-08T18:00:26.992,Raspberry_Relieve1,25.6517595666667,-100.290928916667,38.774,0,0,99.9,-1,0.007,,,,,,00:39:10,1.05,0,15.996099,,
2026-07-08T18:00:27.992,Raspberry_Relieve1,25.6517595666667,-100.290928916667,38.775,0,0,99.9,-1,0.007,,,,,,00:39:11,1.06,0,15.996099,,
2026-07-08T18:00:28.992,Raspberry_Relieve1,25.6517595666667,-100.290928916667,38.774,0,0,99.9,-1,0.007,,,,,,00:39:12,0.99,0,15.996099,,
2026-07-08T18:00:29.993,Raspberry_Relieve1,25.6517595666667,-100.290928916667,38.775,0,0,99.9,-1,0.007,,,,,,00:39:13,1,0,15.996099,,
2026-07-08T18:00:30.993,Raspberry_Relieve1,25.6517595666667,-100.290928916667,38.775,0,0,99.9,-1,0.007,,,,,,00:39:14,0.97,0,15.996099,,
2026-07-08T18:00:31.993,Raspberry_Relieve1,25.6517595666667,-100.290928916667,38.776,0,0,99.9,-1,0.007,,,,,,00:39:15,1.02,0,15.996099,,
2026-07-08T18:00:32.993,Raspberry_Relieve1,25.6517595666667,-100.290928916667,38.775,0,0,99.9,-1,0.007,,,,,,00:39:16,0.97,0,15.996099,,
2026-07-08T18:00:33.993,Raspberry_Relieve1,25.6517595666667,-100.290928916667,38.776,0,0,99.9,-1,0.007,,,,,,00:39:17,0.93,0,15.996099,,
2026-07-08T18:00:34.993,Raspberry_Relieve1,25.6517595666667,-100.290928916667,38.774,0,0,99.9,-1,0.007,,,,,,00:39:18,1.1,0,15.996099,,
2026-07-08T18:00:35.993,Raspberry_Relieve1,25.6517595666667,-100.290928916667,38.776,0,0,99.9,-1,0.007,,,,,,00:39:19,0.91,0,15.996099,,
2026-07-08T18:00:36.993,Raspberry_Relieve1,25.6517595666667,-100.290928916667,38.775,0,0,99.9,-1,0.007,,,,,,00:39:20,1.01,0,15.996099,,
2026-07-08T18:00:37.994,Raspberry_Relieve1,25.6517595666667,-100.290928916667,38.777,0,0,99.9,-1,0.007,,,,,,00:39:21,1.12,0,15.996099,,
2026-07-08T18:00:38.994,Raspberry_Relieve1,25.6517595666667,-100.290928916667,38.777,0,0,99.9,-1,0.007,,,,,,00:39:22,1.03,0,15.996099,,
2026-07-08T18:00:39.994,Raspberry_Relieve1,25.6517595666667,-100.290928916667,38.776,0,0,99.9,-1,0.007,,,,,,00:39:23,0.85,0,15.996099,,
2026-07-08T18:00:40.994,Raspberry_Relieve1,25.6517595666667,-100.290928916667,38.776,0,0,99.9,-1,0.007,,,,,,00:39:24,1,0,15.996099,,
2026-07-08T18:00:41.994,Raspberry_Relieve1,25.6517595666667,-100.290928916667,38.775,0,0,99.9,-1,0.007,,,,,,00:39:25,0.99,0,15.996099,,
2026-07-08T18:00:42.994,Raspberry_Relieve1,25.6517595666667,-100.290928916667,38.776,0,0,99.9,-1,0.007,,,,,,00:39:26,1.08,0,15.996099,,
2026-07-08T18:00:43.994,Raspberry_Relieve1,25.6517595666667,-100.290928916667,38.777,0,0,99.9,-1,0.007,,,,,,00:39:27,1,0,15.996099,,
2026-07-08T18:00:44.995,Raspberry_Relieve1,25.6517595666667,-100.290928916667,38.776,0,0,99.9,-1,0.007,,,,,,00:39:28,0.95,0,15.996099,,
2026-07-08T18:00:45.995,Raspberry_Relieve1,25.6517595666667,-100.290928916667,38.777,0,0,99.9,-1,0.007,,,,,,00:39:29,1,0,15.996099,,
2026-07-08T18:00:46.995,Raspberry_Relieve1,25.6517595666667,-100.290928916667,38.777,0,0,99.9,-1,0.007,,,,,,00:39:30,1.02,0,15.996099,,
2026-07-08T18:00:47.995,Raspberry_Relieve1,25.6517595666667,-100.290928916667,38.777,0,0,99.9,-1,0.007,,,,,,00:39:31,1.02,0,15.996099,,
2026-07-08T18:00:48.995,Raspberry_Relieve1,25.6517595666667,-100.290928916667,38.778,0,0,99.9,-1,0.007,,,,,,00:39:32,1.1,0,15.996099,,
2026-07-08T18:00:49.995,Raspberry_Relieve1,25.6517595666667,-100.290928916667,38.778,0,0,99.9,-1,0.007,,,,,,00:39:33,0.94,0,15.996099,,
2026-07-08T18:00:50.995,Raspberry_Relieve1,25.6517595666667,-100.290928916667,38.779,0,0,99.9,-1,0.007,,,,,,00:39:34,0.95,0,15.996099,,
2026-07-08T18:00:51.995,Raspberry_Relieve1,25.6517595666667,-100.290928916667,38.779,0,0,99.9,-1,0.007,,,,,,00:39:35,1.03,0,15.996099,,
2026-07-08T18:00:52.996,Raspberry_Relieve1,25.6517595666667,-100.290928916667,38.778,0,0,99.9,-1,0.007,,,,,,00:39:36,1.01,0,15.996099,,
2026-07-08T18:00:53.996,Raspberry_Relieve1,25.6517595666667,-100.290928916667,38.777,0,0,99.9,-1,0.007,,,,,,00:39:37,0.97,0,15.996099,,
2026-07-08T18:00:54.996,Raspberry_Relieve1,25.6517595666667,-100.290928916667,38.779,0,0,99.9,-1,0.007,,,,,,00:39:38,0.94,0,15.996099,,
2026-07-08T18:00:55.996,Raspberry_Relieve1,25.6517595666667,-100.290928916667,38.779,0,0,99.9,-1,0.007,,,,,,00:39:39,1.01,0,15.996099,,
2026-07-08T18:00:56.996,Raspberry_Relieve1,25.6517595666667,-100.290928916667,38.776,0,0,99.9,-1,0.007,,,,,,00:39:40,0.98,0,15.996099,,
2026-07-08T18:00:57.996,Raspberry_Relieve1,25.6517595666667,-100.290928916667,38.78,0,0,99.9,-1,0.007,,,,,,00:39:41,1.1,0,15.996099,,
2026-07-08T18:00:58.996,Raspberry_Relieve1,25.6517595666667,-100.290928916667,38.778,0,0,99.9,-1,0.007,,,,,,00:39:42,0.95,0,15.996099,,
2026-07-08T18:00:59.997,Raspberry_Relieve1,25.6517595666667,-100.290928916667,38.778,0,0,99.9,-1,0.007,,,,,,00:39:43,1.07,0,15.996099,,
2026-07-08T18:01:00.997,Raspberry_Relieve1,25.6517595666667,-100.290928916667,38.779,0,0,99.9,-1,0.007,,,,,,00:39:44,0.97,0,15.996099,,
2026-07-08T18:01:01.997,Raspberry_Relieve1,25.6517595666667,-100.290928916667,38.778,0,0,99.9,-1,0.007,,,,,,00:39:45,0.94,0,15.996099,,
2026-07-08T18:01:02.997,Raspberry_Relieve1,25.6517595666667,-100.290928916667,38.778,0,0,99.9,-1,0.007,,,,,,00:39:46,1.09,0,15.996099,,
2026-07-08T18:01:03.997,Raspberry_Relieve1,25.6517595666667,-100.290928916667,38.778,0,0,99.9,-1,0.007,,,,,,00:39:47,0.95,0,15.996099,,
2026-07-08T18:01:04.997,Raspberry_Relieve1,25.6517595666667,-100.290928916667,38.778,0,0,99.9,-1,0.007,,,,,,00:39:48,0.99,0,15.996099,,
2026-07-08T18:01:05.997,Raspberry_Relieve1,25.6517595666667,-100.290928916667,38.779,0,0,99.9,-1,0.007,,,,,,00:39:49,1.02,0,15.996099,,
2026-07-08T18:01:06.997,Raspberry_Relieve1,25.6517595666667,-100.290928916667,38.778,0,0,99.9,-1,0.007,,,,,,00:39:50,0.92,0,15.996099,,
2026-07-08T18:01:07.998,Raspberry_Relieve1,25.6517595666667,-100.290928916667,38.778,0,0,99.9,-1,0.007,,,,,,00:39:51,1.05,0,15.996099,,
2026-07-08T18:01:08.998,Raspberry_Relieve1,25.6517595666667,-100.290928916667,38.78,0,0,99.9,-1,0.007,,,,,,00:39:52,1.11,0,15.996099,,
2026-07-08T18:01:09.998,Raspberry_Relieve1,25.6517595666667,-100.290928916667,38.781,0,0,99.9,-1,0.007,,,,,,00:39:53,0.97,0,15.996099,,
2026-07-08T18:01:10.998,Raspberry_Relieve1,25.6517595666667,-100.290928916667,38.779,0,0,99.9,-1,0.007,,,,,,00:39:54,0.89,0,15.996099,,
2026-07-08T18:01:11.998,Raspberry_Relieve1,25.6517595666667,-100.290928916667,38.78,0,0,99.9,-1,0.007,,,,,,00:39:55,1.09,0,15.996099,,
2026-07-08T18:01:12.998,Raspberry_Relieve1,25.6517595666667,-100.290928916667,38.78,0,0,99.9,-1,0.007,,,,,,00:39:56,0.9,0,15.996099,,
2026-07-08T18:01:13.998,Raspberry_Relieve1,25.6517595666667,-100.290928916667,38.78,0,0,99.9,-1,0.007,,,,,,00:39:57,1.07,0,15.996099,,
2026-07-08T18:01:14.998,Raspberry_Relieve1,25.6517595666667,-100.290928916667,38.779,0,0,99.9,-1,0.007,,,,,,00:39:58,0.93,0,15.996099,,
2026-07-08T18:01:15.999,Raspberry_Relieve1,25.6517595666667,-100.290928916667,38.781,0,0,99.9,-1,0.007,,,,,,00:39:59,1.1,0,15.996099,,
2026-07-08T18:01:16.999,Raspberry_Relieve1,25.6517595666667,-100.290928916667,38.78,0,0,99.9,-1,0.007,,,,,,00:40:00,0.89,0,15.996099,,
2026-07-08T18:01:17.999,Raspberry_Relieve1,25.6517595666667,-100.290928916667,38.78,0,0,99.9,-1,0.007,,,,,,00:40:01,1.02,0,15.996099,,
2026-07-08T18:01:18.999,Raspberry_Relieve1,25.6517595666667,-100.290928916667,38.777,0,0,99.9,-1,0.007,,,,,,00:40:02,1.08,0,15.996099,,
2026-07-08T18:01:19.999,Raspberry_Relieve1,25.6517595666667,-100.290928916667,38.779,0,0,99.9,-1,0.007,,,,,,00:40:03,0.99,0,15.996099,,
2026-07-08T18:01:20.999,Raspberry_Relieve1,25.6517595666667,-100.290928916667,38.78,0,0,99.9,-1,0.007,,,,,,00:40:04,0.92,0,15.996099,,
2026-07-08T18:01:21.999,Raspberry_Relieve1,25.6517595666667,-100.290928916667,38.78,0,0,99.9,-1,0.007,,,,,,00:40:05,1.14,0,15.996099,,
2026-07-08T18:01:22.999,Raspberry_Relieve1,25.6517595666667,-100.290928916667,38.781,0,0,99.9,-1,0.007,,,,,,00:40:06,0.91,0,15.996099,,
2026-07-08T18:01:23.999,Raspberry_Relieve1,25.6517595666667,-100.290928916667,38.782,0,0,99.9,-1,0.007,,,,,,00:40:07,1.03,0,15.996099,,
2026-07-08T18:01:24.999,Raspberry_Relieve1,25.6517595666667,-100.290928916667,38.78,0,0,99.9,-1,0.007,,,,,,00:40:08,1.06,0,15.996099,,
2026-07-08T18:01:25.999,Raspberry_Relieve1,25.6517595666667,-100.290928916667,38.779,0,0,99.9,-1,0.007,,,,,,00:40:09,0.86,0,15.996099,,
2026-07-08T18:01:27.000,Raspberry_Relieve1,25.6517595666667,-100.290928916667,38.781,0,0,99.9,-1,0.007,,,,,,00:40:10,1.12,0,15.996099,,
2026-07-08T18:01:28.000,Raspberry_Relieve1,25.6517595666667,-100.290928916667,38.78,0,0,99.9,-1,0.007,,,,,,00:40:11,0.99,0,15.996099,,
2026-07-08T18:01:29.000,Raspberry_Relieve1,25.6517595666667,-100.290928916667,38.779,0,0,99.9,-1,0.007,,,,,,00:40:12,0.93,0,15.996099,,
2026-07-08T18:01:30.000,Raspberry_Relieve1,25.6517595666667,-100.290928916667,38.781,0,0,99.9,-1,0.007,,,,,,00:40:13,0.99,0,15.996099,,
2026-07-08T18:01:31.001,Raspberry_Relieve1,25.6517595666667,-100.290928916667,38.781,0,0,99.9,-1,0.007,,,,,,00:40:14,0.99,0,15.996099,,
2026-07-08T18:01:32.001,Raspberry_Relieve1,25.6517595666667,-100.290928916667,38.781,0,0,99.9,-1,0.007,,,,,,00:40:15,1.09,0,15.996099,,
2026-07-08T18:01:33.001,Raspberry_Relieve1,25.6517595666667,-100.290928916667,38.782,0,0,99.9,-1,0.007,,,,,,00:40:16,0.95,0,15.996099,,
2026-07-08T18:01:34.001,Raspberry_Relieve1,25.6517595666667,-100.290928916667,38.782,0,0,99.9,-1,0.007,,,,,,00:40:17,0.95,0,15.996099,,
2026-07-08T18:01:35.001,Raspberry_Relieve1,25.6517595666667,-100.290928916667,38.781,0,0,99.9,-1,0.007,,,,,,00:40:18,1.06,0,15.996099,,
2026-07-08T18:01:36.001,Raspberry_Relieve1,25.6517595666667,-100.290928916667,38.781,0,0,99.9,-1,0.007,,,,,,00:40:19,0.99,0,15.996099,,
2026-07-08T18:01:37.001,Raspberry_Relieve1,25.6517595666667,-100.290928916667,38.781,0,0,99.9,-1,0.007,,,,,,00:40:20,0.97,0,15.996099,,
2026-07-08T18:01:38.001,Raspberry_Relieve1,25.6517595666667,-100.290928916667,38.779,0,0,99.9,-1,0.007,,,,,,00:40:21,1.09,0,15.996099,,
2026-07-08T18:01:39.001,Raspberry_Relieve1,25.6517595666667,-100.290928916667,38.781,0,0,99.9,-1,0.007,,,,,,00:40:22,1,0,15.996099,,
2026-07-08T18:01:40.002,Raspberry_Relieve1,25.6517595666667,-100.290928916667,38.781,0,0,99.9,-1,0.007,,,,,,00:40:23,0.91,0,15.996099,,
2026-07-08T18:01:41.002,Raspberry_Relieve1,25.6517595666667,-100.290928916667,38.78,0,0,99.9,-1,0.007,,,,,,00:40:24,1.04,0,15.996099,,
2026-07-08T18:01:42.002,Raspberry_Relieve1,25.6517595666667,-100.290928916667,38.781,0,0,99.9,-1,0.007,,,,,,00:40:25,1.11,0,15.996099,,
2026-07-08T18:01:43.002,Raspberry_Relieve1,25.6517595666667,-100.290928916667,38.78,0,0,99.9,-1,0.007,,,,,,00:40:26,0.91,0,15.996099,,
2026-07-08T18:01:44.002,Raspberry_Relieve1,25.6517595666667,-100.290928916667,38.78,0,0,99.9,-1,0.007,,,,,,00:40:27,1.02,0,15.996099,,
2026-07-08T18:01:45.002,Raspberry_Relieve1,25.6517595666667,-100.290928916667,38.78,0,0,99.9,-1,0.007,,,,,,00:40:28,1.01,0,15.996099,,
2026-07-08T18:01:46.002,Raspberry_Relieve1,25.6517595666667,-100.290928916667,38.78,0,0,99.9,-1,0.007,,,,,,00:40:29,1.02,0,15.996099,,
2026-07-08T18:01:47.003,Raspberry_Relieve1,25.6517595666667,-100.290928916667,38.78,0,0,99.9,-1,0.007,,,,,,00:40:30,0.92,0,15.996099,,
2026-07-08T18:01:48.003,Raspberry_Relieve1,25.6517595666667,-100.290928916667,38.78,0,0,99.9,-1,0.007,,,,,,00:40:31,1.2,0,15.996099,,
2026-07-08T18:01:49.003,Raspberry_Relieve1,25.6517595666667,-100.290928916667,38.779,0,0,99.9,-1,0.007,,,,,,00:40:32,0.75,0,15.996099,,
2026-07-08T18:01:50.003,Raspberry_Relieve1,25.6517595666667,-100.290928916667,38.779,0,0,99.9,-1,0.007,,,,,,00:40:33,1.02,0,15.996099,,
2026-07-08T18:01:51.003,Raspberry_Relieve1,25.6517595666667,-100.290928916667,38.78,0,0,99.9,-1,0.007,,,,,,00:40:34,0.99,0,15.996099,,
2026-07-08T18:01:52.003,Raspberry_Relieve1,25.6517595666667,-100.290928916667,38.781,0,0,99.9,-1,0.007,,,,,,00:40:35,1.04,0,15.996099,,
2026-07-08T18:01:53.003,Raspberry_Relieve1,25.6517595666667,-100.290928916667,38.779,0,0,99.9,-1,0.007,,,,,,00:40:36,1.16,0,15.996099,,
2026-07-08T18:01:54.003,Raspberry_Relieve1,25.6517595666667,-100.290928916667,38.778,0,0,99.9,-1,0.007,,,,,,00:40:37,0.95,0,15.996099,,
2026-07-08T18:01:55.004,Raspberry_Relieve1,25.6517595666667,-100.290928916667,38.778,0,0,99.9,-1,0.007,,,,,,00:40:38,0.95,0,15.996099,,
2026-07-08T18:01:56.004,Raspberry_Relieve1,25.6517595666667,-100.290928916667,38.78,0,0,99.9,-1,0.007,,,,,,00:40:39,0.9,0,15.996099,,
2026-07-08T18:01:57.004,Raspberry_Relieve1,25.6517595666667,-100.290928916667,38.78,0,0,99.9,-1,0.007,,,,,,00:40:40,0.99,0,15.996099,,
2026-07-08T18:01:58.004,Raspberry_Relieve1,25.6517595666667,-100.290928916667,38.78,0,0,99.9,-1,0.007,,,,,,00:40:41,0.97,0,15.996099,,
2026-07-08T18:01:59.004,Raspberry_Relieve1,25.6517595666667,-100.290928916667,38.777,0,0,99.9,-1,0.007,,,,,,00:40:42,1.07,0,15.996099,,
2026-07-08T18:02:00.004,Raspberry_Relieve1,25.6517595666667,-100.290928916667,38.779,0,0,99.9,-1,0.007,,,,,,00:40:43,1.03,0,15.996099,,
2026-07-08T18:02:01.004,Raspberry_Relieve1,25.6517595666667,-100.290928916667,38.778,0,0,99.9,-1,0.007,,,,,,00:40:44,1.03,0,15.996099,,
2026-07-08T18:02:02.004,Raspberry_Relieve1,25.6517595666667,-100.290928916667,38.768,0,0,99.9,-1,0.007,,,,,,00:40:45,0.97,0,15.996099,,
2026-07-08T18:02:03.004,Raspberry_Relieve1,25.6517595666667,-100.290928916667,38.774,0,0,99.9,-1,0.007,,,,,,00:40:46,0.98,0,15.996099,,
2026-07-08T18:02:04.004,Raspberry_Relieve1,25.6517595666667,-100.290928916667,38.78,0,0,99.9,-1,0.007,,,,,,00:40:47,1.06,0,15.996099,,
2026-07-08T18:02:05.005,Raspberry_Relieve1,25.6517595666667,-100.290928916667,38.779,0,0,99.9,-1,0.007,,,,,,00:40:48,0.96,0,15.996099,,
2026-07-08T18:02:06.005,Raspberry_Relieve1,25.6517595666667,-100.290928916667,38.778,0,0,99.9,-1,0.007,,,,,,00:40:49,1,0,15.996099,,
2026-07-08T18:02:07.005,Raspberry_Relieve1,25.6517595666667,-100.290928916667,38.78,0,0,99.9,-1,0.007,,,,,,00:40:50,1.02,0,15.996099,,
2026-07-08T18:02:08.005,Raspberry_Relieve1,25.6517595666667,-100.290928916667,38.777,0,0,99.9,-1,0.007,,,,,,00:40:51,0.91,0,15.996099,,
2026-07-08T18:02:09.005,Raspberry_Relieve1,25.6517595666667,-100.290928916667,38.779,0,0,99.9,-1,0.007,,,,,,00:40:52,1.08,0,15.996099,,
2026-07-08T18:02:10.005,Raspberry_Relieve1,25.6517595666667,-100.290928916667,38.778,0,0,99.9,-1,0.007,,,,,,00:40:53,1.01,0,15.996099,,
2026-07-08T18:02:11.005,Raspberry_Relieve1,25.6517595666667,-100.290928916667,38.779,0,0,99.9,-1,0.007,,,,,,00:40:54,0.9,0,15.996099,,
2026-07-08T18:02:12.005,Raspberry_Relieve1,25.6517595666667,-100.290928916667,38.778,0,0,99.9,-1,0.007,,,,,,00:40:55,1.07,0,15.996099,,
2026-07-08T18:02:13.005,Raspberry_Relieve1,25.6517595666667,-100.290928916667,38.778,0,0,99.9,-1,0.007,,,,,,00:40:56,1.02,0,15.996099,,
2026-07-08T18:02:14.006,Raspberry_Relieve1,25.6517595666667,-100.290928916667,38.779,0,0,99.9,-1,0.007,,,,,,00:40:57,0.98,0,15.996099,,
2026-07-08T18:02:15.006,Raspberry_Relieve1,25.6517595666667,-100.290928916667,38.781,0,0,99.9,-1,0.007,,,,,,00:40:58,1.03,0,15.996099,,
2026-07-08T18:02:16.006,Raspberry_Relieve1,25.6517595666667,-100.290928916667,38.781,0,0,99.9,-1,0.007,,,,,,00:40:59,0.96,0,15.996099,,
2026-07-08T18:02:17.006,Raspberry_Relieve1,25.6517595666667,-100.290928916667,38.777,0,0,99.9,-1,0.007,,,,,,00:41:00,1.02,0,15.996099,,
2026-07-08T18:02:18.006,Raspberry_Relieve1,25.6517595666667,-100.290928916667,38.776,0,0,99.9,-1,0.007,,,,,,00:41:01,0.97,0,15.996099,,
2026-07-08T18:02:19.006,Raspberry_Relieve1,25.6517595666667,-100.290928916667,38.776,0,0,99.9,-1,0.007,,,,,,00:41:02,0.97,0,15.996099,,
2026-07-08T18:02:20.006,Raspberry_Relieve1,25.6517595666667,-100.290928916667,38.777,0,0,99.9,-1,0.007,,,,,,00:41:03,1.06,0,15.996099,,
2026-07-08T18:02:21.006,Raspberry_Relieve1,25.6517595666667,-100.290928916667,38.776,0,0,99.9,-1,0.007,,,,,,00:41:04,0.91,0,15.996099,,
2026-07-08T18:02:22.006,Raspberry_Relieve1,25.6517595666667,-100.290928916667,38.775,0,0,99.9,-1,0.007,,,,,,00:41:05,1.16,0,15.996099,,
2026-07-08T18:02:23.007,Raspberry_Relieve1,25.6517595666667,-100.290928916667,38.775,0,0,99.9,-1,0.007,,,,,,00:41:06,0.92,0,15.996099,,
2026-07-08T18:02:24.007,Raspberry_Relieve1,25.6517595666667,-100.290928916667,38.777,0,0,99.9,-1,0.007,,,,,,00:41:07,1.01,0,15.996099,,
2026-07-08T18:02:25.007,Raspberry_Relieve1,25.6517595666667,-100.290928916667,38.779,0,0,99.9,-1,0.007,,,,,,00:41:08,1.01,0,15.996099,,
2026-07-08T18:02:26.007,Raspberry_Relieve1,25.6517595666667,-100.290928916667,38.779,0,0,99.9,-1,0.007,,,,,,00:41:09,0.91,0,15.996099,,
2026-07-08T18:02:27.007,Raspberry_Relieve1,25.6517595666667,-100.290928916667,38.779,0,0,99.9,-1,0.007,,,,,,00:41:10,1.01,0,15.996099,,
2026-07-08T18:02:28.007,Raspberry_Relieve1,25.6517595666667,-100.290928916667,38.778,0,0,99.9,-1,0.007,,,,,,00:41:11,1.09,0,15.996099,,
2026-07-08T18:02:29.007,Raspberry_Relieve1,25.6517595666667,-100.290928916667,38.778,0,0,99.9,-1,0.007,,,,,,00:41:12,1.03,0,15.996099,,
2026-07-08T18:02:30.007,Raspberry_Relieve1,25.6517595666667,-100.290928916667,38.78,0,0,99.9,-1,0.007,,,,,,00:41:13,0.89,0,15.996099,,
2026-07-08T18:02:31.007,Raspberry_Relieve1,25.6517595666667,-100.290928916667,38.778,0,0,99.9,-1,0.007,,,,,,00:41:14,1,0,15.996099,,
2026-07-08T18:02:32.007,Raspberry_Relieve1,25.6517595666667,-100.290928916667,38.78,0,0,99.9,-1,0.007,,,,,,00:41:15,1.09,0,15.996099,,
2026-07-08T18:02:33.008,Raspberry_Relieve1,25.6517595666667,-100.290928916667,38.78,0,0,99.9,-1,0.007,,,,,,00:41:16,0.91,0,15.996099,,
2026-07-08T18:02:34.008,Raspberry_Relieve1,25.6517595666667,-100.290928916667,38.78,0,0,99.9,-1,0.007,,,,,,00:41:17,1.07,0,15.996099,,
2026-07-08T18:02:35.008,Raspberry_Relieve1,25.6517595666667,-100.290928916667,38.781,0,0,99.9,-1,0.007,,,,,,00:41:18,1.03,0,15.996099,,
2026-07-08T18:02:36.008,Raspberry_Relieve1,25.6517595666667,-100.290928916667,38.779,0,0,99.9,-1,0.007,,,,,,00:41:19,0.99,0,15.996099,,
2026-07-08T18:02:37.008,Raspberry_Relieve1,25.6517595666667,-100.290928916667,38.779,0,0,99.9,-1,0.007,,,,,,00:41:20,0.97,0,15.996099,,
2026-07-08T18:02:38.008,Raspberry_Relieve1,25.6517595666667,-100.290928916667,38.781,0,0,99.9,-1,0.007,,,,,,00:41:21,1.03,0,15.996099,,
2026-07-08T18:02:39.008,Raspberry_Relieve1,25.6517595666667,-100.290928916667,38.779,0,0,99.9,-1,0.007,,,,,,00:41:22,1.03,0,15.996099,,
2026-07-08T18:02:40.008,Raspberry_Relieve1,25.6517595666667,-100.290928916667,38.775,0,0,99.9,-1,0.007,,,,,,00:41:23,0.96,0,15.996099,,
2026-07-08T18:02:41.009,Raspberry_Relieve1,25.6517595666667,-100.290928916667,38.779,0,0,99.9,-1,0.007,,,,,,00:41:24,1.05,0,15.996099,,
2026-07-08T18:02:42.009,Raspberry_Relieve1,25.6517595666667,-100.290928916667,38.778,0,0,99.9,-1,0.007,,,,,,00:41:25,0.94,0,15.996099,,
2026-07-08T18:02:43.009,Raspberry_Relieve1,25.6517595666667,-100.290928916667,38.778,0,0,99.9,-1,0.007,,,,,,00:41:26,1.02,0,15.996099,,
2026-07-08T18:02:44.009,Raspberry_Relieve1,25.6517595666667,-100.290928916667,38.779,0,0,99.9,-1,0.007,,,,,,00:41:27,0.98,0,15.996099,,
2026-07-08T18:02:45.009,Raspberry_Relieve1,25.6517595666667,-100.290928916667,38.781,0,0,99.9,-1,0.007,,,,,,00:41:28,0.93,0,15.996099,,
2026-07-08T18:02:46.009,Raspberry_Relieve1,25.6517595666667,-100.290928916667,38.778,0,0,99.9,-1,0.007,,,,,,00:41:29,1.1,0,15.996099,,
2026-07-08T18:02:47.009,Raspberry_Relieve1,25.6517595666667,-100.290928916667,38.781,0,0,99.9,-1,0.007,,,,,,00:41:30,0.99,0,15.996099,,
2026-07-08T18:02:48.010,Raspberry_Relieve1,25.6517595666667,-100.290928916667,38.781,0,0,99.9,-1,0.007,,,,,,00:41:31,1.31,0,15.996099,,
2026-07-08T18:02:49.010,Raspberry_Relieve1,25.6517595666667,-100.290928916667,38.78,0,0,99.9,-1,0.007,,,,,,00:41:32,0.66,0,15.996099,,
2026-07-08T18:02:50.010,Raspberry_Relieve1,25.6517595666667,-100.290928916667,38.778,0,0,99.9,-1,0.007,,,,,,00:41:33,1.01,0,15.996099,,
2026-07-08T18:02:51.010,Raspberry_Relieve1,25.6517595666667,-100.290928916667,38.779,0,0,99.9,-1,0.007,,,,,,00:41:34,1.05,0,15.996099,,
2026-07-08T18:02:52.010,Raspberry_Relieve1,25.6517595666667,-100.290928916667,38.78,0,0,99.9,-1,0.007,,,,,,00:41:35,0.87,0,15.996099,,
2026-07-08T18:02:53.010,Raspberry_Relieve1,25.6517595666667,-100.290928916667,36.31,14.526,527,100,-1,0.003,,,,,,00:41:36,1.2,0.088151,16.084251,,
2026-07-08T18:02:54.010,Raspberry_Relieve1,25.6517595666667,-100.290928916667,37.09,15.32,568,100,-1,0,,,,,,00:41:37,0.87,0.131557,16.215808,,
2026-07-08T18:02:55.010,Raspberry_Relieve1,25.6517595666667,-100.290928916667,38.439,3.221,124,100,-1,0,,,,,,00:41:38,0.97,0.092864,16.308672,,
2026-07-08T18:02:56.011,Raspberry_Relieve1,25.6517595666667,-100.290928916667,36.243,15.885,576,100,-1,0,,,,,,00:41:39,1.09,0.105496,16.414168,,
2026-07-08T18:02:57.011,Raspberry_Relieve1,25.6517595666667,-100.290928916667,36.187,18.953,686,100,-1,0,,,,,,00:41:40,0.97,0.170638,16.584805,,
2026-07-08T18:02:58.011,Raspberry_Relieve1,25.6517595666667,-100.290928916667,36.168,19.141,692,100,-1,0,,,,,,00:41:41,1.02,0.19601,16.780816,,
2026-07-08T18:02:59.011,Raspberry_Relieve1,25.6517595666667,-100.290928916667,36.14,19.145,692,100,-1,0,,,,,,00:41:42,0.9,0.173102,16.953918,,
2026-07-08T18:03:00.011,Raspberry_Relieve1,25.6517595666667,-100.290928916667,36.123,19.126,691,100,-1,0,,,,,,00:41:43,1.11,0.213229,17.167146,,
2026-07-08T18:03:01.011,Raspberry_Relieve1,25.6517595666667,-100.290928916667,36.097,19.096,689,100,-1,0,,,,,,00:41:44,0.86,0.165569,17.332715,,
2026-07-08T18:03:02.011,Raspberry_Relieve1,25.6517595666667,-100.290928916667,36.078,19.082,688,100,-1,0,,,,,,00:41:45,1.07,0.204473,17.537188,,
2026-07-08T18:03:03.012,Raspberry_Relieve1,25.6517595666667,-100.290928916667,36.058,19.07,688,100,-1,0,,,,,,00:41:46,0.94,0.180239,17.717427,,
2026-07-08T18:03:04.012,Raspberry_Relieve1,25.6517595666667,-100.290928916667,36.047,19.053,687,100,-1,0,,,,,,00:41:47,1.13,0.21587,17.933297,,
2026-07-08T18:03:05.012,Raspberry_Relieve1,25.6517595666667,-100.290928916667,36.035,19.034,686,100,-1,0,,,,,,00:41:48,0.96,0.182823,18.11612,,
2026-07-08T18:03:06.012,Raspberry_Relieve1,25.6517595666667,-100.290928916667,36.019,19.011,685,100,-1,0,,,,,,00:41:49,1.17,0.223537,18.339657,,
2026-07-08T18:03:07.012,Raspberry_Relieve1,25.6517595666667,-100.290928916667,36.001,18.975,683,100,-1,0,,,,,,00:41:50,0.76,0.144364,18.484021,,
2026-07-08T18:03:08.012,Raspberry_Relieve1,25.6517595666667,-100.290928916667,36.093,18.337,662,100,-1,0,,,,,,00:41:51,1.03,0.192879,18.6769,,
2026-07-08T18:03:09.012,Raspberry_Relieve1,25.6517595666667,-100.290928916667,36.206,17.327,627,100,-1,0,,,,,,00:41:52,1.02,0.18174,18.85864,,
2026-07-08T18:03:10.012,Raspberry_Relieve1,25.6517595666667,-100.290928916667,36.217,16.795,608,100,-1,0,,,,,,00:41:53,1.06,0.18184,19.04048,,
2026-07-08T18:03:11.013,Raspberry_Relieve1,25.6517595666667,-100.290928916667,36.325,16.12,586,100,-1,0,,,,,,00:41:54,0.93,0.154278,19.194759,,
2026-07-08T18:03:12.013,Raspberry_Relieve1,25.6517595666667,-100.290928916667,36.271,16.101,584,100,-1,0,,,,,,00:41:55,1.01,0.163454,19.358213,,
2026-07-08T18:03:13.013,Raspberry_Relieve1,25.6517595666667,-100.290928916667,36.301,15.904,577,100,-1,0,,,,,,00:41:56,0.95,0.153243,19.511456,,
2026-07-08T18:03:14.013,Raspberry_Relieve1,25.6517595666667,-100.290928916667,36.337,15.572,566,100,-1,0,,,,,,00:41:57,1.12,0.178516,19.689972,,
2026-07-08T18:03:15.013,Raspberry_Relieve1,25.6517595666667,-100.290928916667,36.32,15.441,561,100,-1,0,,,,,,00:41:58,0.87,0.135838,19.825809,,
2026-07-08T18:03:16.013,Raspberry_Relieve1,25.6517595666667,-100.290928916667,36.197,15.762,571,100,-1,0,,,,,,00:41:59,1.01,0.158056,19.983865,,
2026-07-08T18:03:17.013,Raspberry_Relieve1,25.6517595666667,-100.290928916667,36.321,15.486,562,100,-1,0,,,,,,00:42:00,1.1,0.173419,20.157284,,
2026-07-08T18:03:18.013,Raspberry_Relieve1,25.6517595666667,-100.290928916667,36.275,15.467,561,100,-1,0,,,,,,00:42:01,1.03,0.160998,20.318282,,
2026-07-08T18:03:19.013,Raspberry_Relieve1,25.6517595666667,-100.290928916667,36.326,15.186,552,100,-1,0,,,,,,00:42:02,0.87,0.135224,20.453506,,
2026-07-08T18:03:20.014,Raspberry_Relieve1,25.6517595666667,-100.290928916667,36.398,14.828,540,100,-1,0,,,,,,00:42:03,1.11,0.168719,20.622225,,
2026-07-08T18:03:21.014,Raspberry_Relieve1,25.6517595666667,-100.290928916667,36.315,14.964,543,100,-1,0,,,,,,00:42:04,0.98,0.147874,20.770099,,
2026-07-08T18:03:22.014,Raspberry_Relieve1,25.6517595666667,-100.290928916667,36.314,14.877,540,100,-1,0,,,,,,00:42:05,1.07,0.160955,20.931054,,
2026-07-08T18:03:23.014,Raspberry_Relieve1,25.6517595666667,-100.290928916667,36.3,14.857,539,100,-1,0,,,,,,00:42:06,0.91,0.13631,21.067364,,
2026-07-08T18:03:24.014,Raspberry_Relieve1,25.6517595666667,-100.290928916667,36.271,14.951,542,100,-1,0,,,,,,00:42:07,1.02,0.153723,21.221087,,
2026-07-08T18:03:25.014,Raspberry_Relieve1,25.6517595666667,-100.290928916667,36.278,14.866,539,100,-1,0,,,,,,00:42:08,1.01,0.152298,21.373385,,
2026-07-08T18:03:26.014,Raspberry_Relieve1,25.6517595666667,-100.290928916667,38.851,-1.091,-42,100,14400,0,,,,,,00:42:09,0.88,0.060489,21.433873,,
2026-07-08T18:03:27.014,Raspberry_Relieve1,25.6517595666667,-100.290928916667,39.209,-4.637,-182,100,6122,0.002,,,,,,00:42:10,1.01,-0.031497,21.402377,,
2026-07-08T18:03:28.014,Raspberry_Relieve1,25.6517595666667,-100.290928916667,38.389,-2.054,-79,100,4591,0.002,,,,,,00:42:11,0.98,-0.035539,21.366837,,
2026-07-08T18:03:29.015,Raspberry_Relieve1,25.6517595666667,-100.290928916667,38.291,-2.368,-91,100,3563,0.003,,,,,,00:42:12,1.08,-0.025477,21.341361,,
2026-07-08T18:03:30.015,Raspberry_Relieve1,25.6517595666667,-100.290928916667,38.814,-2.557,-99,100,2873,0.004,,,,,,00:42:13,0.98,-0.025877,21.315484,,
2026-07-08T18:03:31.015,Raspberry_Relieve1,25.6517595666667,-100.290928916667,38.377,-0.638,-24,100,2785,0.004,,,,,,00:42:14,0.96,-0.016402,21.299082,,
2026-07-08T18:03:32.015,Raspberry_Relieve1,25.6517595666667,-100.290928916667,35.895,16.049,576,100,-1,0,,,,,,00:42:15,1.01,0.077778,21.376861,,
2026-07-08T18:03:33.015,Raspberry_Relieve1,25.6517595666667,-100.290928916667,35.864,18.937,679,100,-1,0,,,,,,00:42:16,1.05,0.182233,21.559093,,
2026-07-08T18:03:34.015,Raspberry_Relieve1,25.6517595666667,-100.290928916667,35.839,19.085,684,100,-1,0,,,,,,00:42:17,1,0.190021,21.749115,,
2026-07-08T18:03:35.015,Raspberry_Relieve1,25.6517595666667,-100.290928916667,35.82,19.076,683,100,-1,0,,,,,,00:42:18,1.03,0.195252,21.944367,,
2026-07-08T18:03:36.015,Raspberry_Relieve1,25.6517595666667,-100.290928916667,35.795,19.069,683,100,-1,0,,,,,,00:42:19,0.99,0.187326,22.131692,,
2026-07-08T18:03:37.016,Raspberry_Relieve1,25.6517595666667,-100.290928916667,37.063,6.64,246,100,-1,0,,,,,,00:42:20,0.97,0.124968,22.256661,,
2026-07-08T18:03:38.016,Raspberry_Relieve1,25.6517595666667,-100.290928916667,38.195,1.475,56,100,-1,0,,,,,,00:42:21,1.02,0.042671,22.299331,,
2026-07-08T18:03:39.016,Raspberry_Relieve1,25.6517595666667,-100.290928916667,35.846,15.061,540,100,-1,0,,,,,,00:42:22,0.98,0.081306,22.380638,,
2026-07-08T18:03:40.016,Raspberry_Relieve1,25.6517595666667,-100.290928916667,38.213,1.023,39,100,-1,0,,,,,,00:42:23,1.09,0.087621,22.468259,,
2026-07-08T18:03:41.016,Raspberry_Relieve1,25.6517595666667,-100.290928916667,38.24,0,39,100,-1,0,,,,,,00:42:24,0.91,0.00981,22.478069,,
2026-07-08T18:03:42.016,Raspberry_Relieve1,25.6517595666667,-100.290928916667,38.868,-2.573,-100,100,13808,0.001,,,,,,00:42:25,0.97,-0.008191,22.469878,,
2026-07-08T18:03:43.016,Raspberry_Relieve1,25.6517595666667,-100.290928916667,38.808,-2.947,-114,100,6462,0.002,,,,,,00:42:26,1.01,-0.029908,22.439971,,
2026-07-08T18:03:44.016,Raspberry_Relieve1,25.6517595666667,-100.290928916667,38.304,-0.684,-26,100,5874,0.002,,,,,,00:42:27,0.99,-0.019234,22.420737,,
2026-07-08T18:03:45.016,Raspberry_Relieve1,25.6517595666667,-100.290928916667,38.314,0,0,100,-1,0.002,,,,,,00:42:28,1.05,-0.003803,22.416934,,
2026-07-08T18:03:46.017,Raspberry_Relieve1,25.6517595666667,-100.290928916667,35.879,17.264,619,100,-1,0,,,,,,00:42:29,0.98,0.084344,22.501277,,
2026-07-08T18:03:47.017,Raspberry_Relieve1,25.6517595666667,-100.290928916667,35.848,19.012,682,100,-1,0,,,,,,00:42:30,1.03,0.186589,22.687867,,
2026-07-08T18:03:48.017,Raspberry_Relieve1,25.6517595666667,-100.290928916667,35.822,19.105,684,100,-1,0,,,,,,00:42:31,0.94,0.177571,22.865438,,
2026-07-08T18:03:49.017,Raspberry_Relieve1,25.6517595666667,-100.290928916667,35.801,19.085,683,100,-1,0,,,,,,00:42:32,1.08,0.205071,23.070508,,
2026-07-08T18:03:50.017,Raspberry_Relieve1,25.6517595666667,-100.290928916667,35.783,19.08,683,100,-1,0,,,,,,00:42:33,0.9,0.170406,23.240914,,
2026-07-08T18:03:51.017,Raspberry_Relieve1,25.6517595666667,-100.290928916667,35.757,19.07,682,100,-1,0,,,,,,00:42:34,1,0.189037,23.429951,,
2026-07-08T18:03:52.017,Raspberry_Relieve1,25.6517595666667,-100.290928916667,38.04,2.534,96,100,-1,0,,,,,,00:42:35,1.07,0.115708,23.545659,,
2026-07-08T18:03:53.018,Raspberry_Relieve1,25.6517595666667,-100.290928916667,38.168,1.623,62,100,-1,0,,,,,,00:42:36,1.07,0.023526,23.569185,,
2026-07-08T18:03:54.018,Raspberry_Relieve1,25.6517595666667,-100.290928916667,38.777,-3.053,-118,100,11539,0.001,,,,,,00:42:37,1.04,-0.008084,23.561101,,
2026-07-08T18:03:55.018,Raspberry_Relieve1,25.6517595666667,-100.290928916667,38.678,-2.94,-114,100,5933,0.002,,,,,,00:42:38,0.98,-0.031525,23.529576,,
2026-07-08T18:03:56.018,Raspberry_Relieve1,25.6517595666667,-100.290928916667,38.448,-1.383,-53,100,4913,0.002,,,,,,00:42:39,0.95,-0.021935,23.507641,,
2026-07-08T18:03:57.018,Raspberry_Relieve1,25.6517595666667,-100.290928916667,38.267,-0.409,-16,100,4746,0.002,,,,,,00:42:40,1,-0.009616,23.498025,,
2026-07-08T18:03:58.018,Raspberry_Relieve1,25.6517595666667,-100.290928916667,38.277,0,0,100,-1,0.002,,,,,,00:42:41,1,-0.002228,23.495797,,
2026-07-08T18:03:59.018,Raspberry_Relieve1,25.6517595666667,-100.290928916667,38.288,0,0,100,-1,0.002,,,,,,00:42:42,1.43,0,23.495797,,
2026-07-08T18:04:00.018,Raspberry_Relieve1,25.6517595666667,-100.290928916667,38.299,0,0,100,-1,0.002,,,,,,00:42:43,0.62,0,23.495797,,
2026-07-08T18:04:01.018,Raspberry_Relieve1,25.6517595666667,-100.290928916667,38.309,0,0,100,-1,0.002,,,,,,00:42:44,0.87,0,23.495797,,
2026-07-08T18:04:02.019,Raspberry_Relieve1,25.6517595666667,-100.290928916667,38.319,0,0,100,-1,0.002,,,,,,00:42:45,1.05,0,23.495797,,
2026-07-08T18:04:03.019,Raspberry_Relieve1,25.6517595666667,-100.290928916667,38.327,0,0,100,-1,0.002,,,,,,00:42:46,1.12,0,23.495797,,
2026-07-08T18:04:04.019,Raspberry_Relieve1,25.6517595666667,-100.290928916667,38.335,0,0,100,-1,0.002,,,,,,00:42:47,0.88,0,23.495797,,
2026-07-08T18:04:05.019,Raspberry_Relieve1,25.6517595666667,-100.290928916667,38.342,0,0,100,-1,0.002,,,,,,00:42:48,0.9,0,23.495797,,
2026-07-08T18:04:06.019,Raspberry_Relieve1,25.6517595666667,-100.290928916667,38.349,0,0,100,-1,0.002,,,,,,00:42:49,1.11,0,23.495797,,
2026-07-08T18:04:07.019,Raspberry_Relieve1,25.6517595666667,-100.290928916667,38.357,0,0,100,-1,0.002,,,,,,00:42:50,1.03,0,23.495797,,
2026-07-08T18:04:08.019,Raspberry_Relieve1,25.6517595666667,-100.290928916667,38.366,0,0,100,-1,0.002,,,,,,00:42:51,0.92,0,23.495797,,
2026-07-08T18:04:09.019,Raspberry_Relieve1,25.6517595666667,-100.290928916667,38.373,0,0,100,-1,0.002,,,,,,00:42:52,1.03,0,23.495797,,
2026-07-08T18:04:10.019,Raspberry_Relieve1,25.6517595666667,-100.290928916667,37.762,5.766,218,100,-1,0.001,,,,,,00:42:53,1.05,0.031932,23.527729,,
2026-07-08T18:04:11.020,Raspberry_Relieve1,25.6517595666667,-100.290928916667,38.374,0.358,14,100,-1,0,,,,,,00:42:54,1.03,0.033247,23.560976,,
2026-07-08T18:04:12.020,Raspberry_Relieve1,25.6517595666667,-100.290928916667,38.381,0,14,100,-1,0,,,,,,00:42:55,0.97,0.003778,23.564754,,
2026-07-08T18:04:13.020,Raspberry_Relieve1,25.6517595666667,-100.290928916667,38.388,0,14,100,-1,0,,,,,,00:42:56,0.95,0.003694,23.568448,,
2026-07-08T18:04:14.020,Raspberry_Relieve1,25.6517595666667,-100.290928916667,38.395,0,14,100,-1,0,,,,,,00:42:57,0.94,0.003644,23.572091,,
2026-07-08T18:04:15.020,Raspberry_Relieve1,25.6517595666667,-100.290928916667,38.401,0,14,100,-1,0,,,,,,00:42:58,1.09,0.004233,23.576325,,
2026-07-08T18:04:16.020,Raspberry_Relieve1,25.6517595666667,-100.290928916667,38.407,0,14,100,-1,0,,,,,,00:42:59,0.96,0.003733,23.580057,,
2026-07-08T18:04:17.020,Raspberry_Relieve1,25.6517595666667,-100.290928916667,38.412,0,14,100,-1,0,,,,,,00:43:00,1.07,0.004144,23.584201,,
2026-07-08T18:04:18.020,Raspberry_Relieve1,25.6517595666667,-100.290928916667,38.417,0,14,100,-1,0,,,,,,00:43:01,0.96,0.003738,23.587939,,
2026-07-08T18:04:19.021,Raspberry_Relieve1,25.6517595666667,-100.290928916667,38.422,0,14,100,-1,0,,,,,,00:43:02,1.06,0.004131,23.592071,,
2026-07-08T18:04:20.021,Raspberry_Relieve1,25.6517595666667,-100.290928916667,38.427,0,14,100,-1,0,,,,,,00:43:03,0.91,0.003534,23.595605,,
2026-07-08T18:04:21.021,Raspberry_Relieve1,25.6517595666667,-100.290928916667,38.432,0,14,100,-1,0,,,,,,00:43:04,1.03,0.003987,23.599592,,
2026-07-08T18:04:22.021,Raspberry_Relieve1,25.6517595666667,-100.290928916667,38.435,0,14,100,-1,0,,,,,,00:43:05,1.06,0.004106,23.603698,,
2026-07-08T18:04:23.021,Raspberry_Relieve1,25.6517595666667,-100.290928916667,38.441,0,14,100,-1,0,,,,,,00:43:06,1.02,0.003956,23.607654,,
2026-07-08T18:04:24.021,Raspberry_Relieve1,25.6517595666667,-100.290928916667,38.444,0,14,100,-1,0,,,,,,00:43:07,0.89,0.003471,23.611125,,
2026-07-08T18:04:25.021,Raspberry_Relieve1,25.6517595666667,-100.290928916667,38.447,0,14,100,-1,0,,,,,,00:43:08,0.99,0.003837,23.614962,,
2026-07-08T18:04:26.022,Raspberry_Relieve1,25.6517595666667,-100.290928916667,38.452,0,14,100,-1,0,,,,,,00:43:09,1.05,0.004083,23.619045,,
2026-07-08T18:04:27.022,Raspberry_Relieve1,25.6517595666667,-100.290928916667,38.456,0,14,100,-1,0,,,,,,00:43:10,1.1,0.004269,23.623314,,
2026-07-08T18:04:28.022,Raspberry_Relieve1,25.6517595666667,-100.290928916667,38.456,0,14,100,-1,0,,,,,,00:43:11,0.91,0.003547,23.626862,,
2026-07-08T18:04:29.022,Raspberry_Relieve1,25.6517595666667,-100.290928916667,38.459,0,14,100,-1,0,,,,,,00:43:12,0.98,0.003803,23.630664,,
2026-07-08T18:04:30.022,Raspberry_Relieve1,25.6517595666667,-100.290928916667,38.464,0,14,100,-1,0,,,,,,00:43:13,0.95,0.003712,23.634376,,
2026-07-08T18:04:31.022,Raspberry_Relieve1,25.6517595666667,-100.290928916667,38.466,0,14,100,-1,0,,,,,,00:43:14,0.99,0.003852,23.638228,,
2026-07-08T18:04:32.022,Raspberry_Relieve1,25.6517595666667,-100.290928916667,38.47,0,14,100,-1,0,,,,,,00:43:15,1.06,0.004116,23.642344,,
2026-07-08T18:04:33.022,Raspberry_Relieve1,25.6517595666667,-100.290928916667,38.472,0,14,100,-1,0,,,,,,00:43:16,1.08,0.004193,23.646537,,
2026-07-08T18:04:34.023,Raspberry_Relieve1,25.6517595666667,-100.290928916667,38.477,0,14,100,-1,0,,,,,,00:43:17,0.98,0.003809,23.650346,,
2026-07-08T18:04:35.023,Raspberry_Relieve1,25.6517595666667,-100.290928916667,38.48,0,14,100,-1,0,,,,,,00:43:18,0.95,0.00371,23.654056,,
2026-07-08T18:04:36.023,Raspberry_Relieve1,25.6517595666667,-100.290928916667,38.481,0,14,100,-1,0,,,,,,00:43:19,1,0.003905,23.657961,,
2026-07-08T18:04:37.023,Raspberry_Relieve1,25.6517595666667,-100.290928916667,38.486,0,14,100,-1,0,,,,,,00:43:20,0.88,0.003435,23.661396,,
2026-07-08T18:04:38.023,Raspberry_Relieve1,25.6517595666667,-100.290928916667,38.488,0,14,100,-1,0,,,,,,00:43:21,1.15,0.004457,23.665853,,
2026-07-08T18:04:39.023,Raspberry_Relieve1,25.6517595666667,-100.290928916667,38.492,0,14,100,-1,0,,,,,,00:43:22,0.96,0.003745,23.669598,,
2026-07-08T18:04:40.023,Raspberry_Relieve1,25.6517595666667,-100.290928916667,38.492,0,14,100,-1,0,,,,,,00:43:23,0.94,0.003663,23.67326,,
2026-07-08T18:04:41.023,Raspberry_Relieve1,25.6517595666667,-100.290928916667,38.495,0,14,100,-1,0,,,,,,00:43:24,1.05,0.004078,23.677339,,
2026-07-08T18:04:42.023,Raspberry_Relieve1,25.6517595666667,-100.290928916667,38.498,0,14,100,-1,0,,,,,,00:43:25,1.02,0.003956,23.681294,,
2026-07-08T18:04:43.024,Raspberry_Relieve1,25.6517595666667,-100.290928916667,38.5,0,14,100,-1,0,,,,,,00:43:26,0.95,0.003712,23.685006,,
2026-07-08T18:04:44.024,Raspberry_Relieve1,25.6517595666667,-100.290928916667,38.502,0,14,100,-1,0,,,,,,00:43:27,0.98,0.003792,23.688798,,
2026-07-08T18:04:45.024,Raspberry_Relieve1,25.6517595666667,-100.290928916667,38.506,0,14,100,-1,0,,,,,,00:43:28,1.07,0.004166,23.692964,,
2026-07-08T18:04:46.024,Raspberry_Relieve1,25.6517595666667,-100.290928916667,38.507,0,14,100,-1,0,,,,,,00:43:29,1.03,0.004017,23.696981,,
2026-07-08T18:04:47.024,Raspberry_Relieve1,25.6517595666667,-100.290928916667,38.509,0,14,100,-1,0,,,,,,00:43:30,0.95,0.003686,23.700667,,
2026-07-08T18:04:48.024,Raspberry_Relieve1,25.6517595666667,-100.290928916667,38.513,0,14,100,-1,0,,,,,,00:43:31,0.97,0.003758,23.704425,,
2026-07-08T18:04:49.024,Raspberry_Relieve1,25.6517595666667,-100.290928916667,38.513,0,14,100,-1,0,,,,,,00:43:32,0.95,0.003691,23.708115,,
2026-07-08T18:04:50.025,Raspberry_Relieve1,25.6517595666667,-100.290928916667,38.516,0,14,100,-1,0,,,,,,00:43:33,1.15,0.004453,23.712568,,
2026-07-08T18:04:51.025,Raspberry_Relieve1,25.6517595666667,-100.290928916667,38.518,0,14,100,-1,0,,,,,,00:43:34,0.92,0.003581,23.716149,,
2026-07-08T18:04:52.025,Raspberry_Relieve1,25.6517595666667,-100.290928916667,38.521,0,14,100,-1,0,,,,,,00:43:35,1.08,0.004217,23.720366,,
2026-07-08T18:04:53.025,Raspberry_Relieve1,25.6517595666667,-100.290928916667,38.522,0,14,100,-1,0,,,,,,00:43:36,0.93,0.003625,23.723991,,
2026-07-08T18:04:54.025,Raspberry_Relieve1,25.6517595666667,-100.290928916667,38.524,0,14,100,-1,0,,,,,,00:43:37,1.04,0.004046,23.728037,,
2026-07-08T18:04:55.025,Raspberry_Relieve1,25.6517595666667,-100.290928916667,38.525,0,14,100,-1,0,,,,,,00:43:38,0.95,0.003678,23.731715,,
2026-07-08T18:04:56.025,Raspberry_Relieve1,25.6517595666667,-100.290928916667,38.526,0,14,100,-1,0,,,,,,00:43:39,0.98,0.003794,23.735509,,
2026-07-08T18:04:57.026,Raspberry_Relieve1,25.6517595666667,-100.290928916667,38.528,0,14,100,-1,0,,,,,,00:43:40,1.06,0.004115,23.739624,,
2026-07-08T18:04:58.026,Raspberry_Relieve1,25.6517595666667,-100.290928916667,38.53,0,14,100,-1,0,,,,,,00:43:41,0.91,0.003521,23.743145,,
2026-07-08T18:04:59.026,Raspberry_Relieve1,25.6517595666667,-100.290928916667,38.531,0,14,100,-1,0,,,,,,00:43:42,1.07,0.004156,23.747301,,
2026-07-08T18:05:00.026,Raspberry_Relieve1,25.6517595666667,-100.290928916667,38.532,0,14,100,-1,0,,,,,,00:43:43,1.1,0.004265,23.751566,,
2026-07-08T18:05:01.026,Raspberry_Relieve1,25.6517595666667,-100.290928916667,38.534,0,14,100,-1,0,,,,,,00:43:44,0.88,0.003428,23.754994,,
2026-07-08T18:05:02.026,Raspberry_Relieve1,25.6517595666667,-100.290928916667,38.536,0,14,100,-1,0,,,,,,00:43:45,1.06,0.004141,23.759135,,
2026-07-08T18:05:03.026,Raspberry_Relieve1,25.6517595666667,-100.290928916667,38.536,0,14,100,-1,0,,,,,,00:43:46,0.97,0.003772,23.762906,,
2026-07-08T18:05:04.026,Raspberry_Relieve1,25.6517595666667,-100.290928916667,38.536,0,14,100,-1,0,,,,,,00:43:47,1.02,0.003967,23.766874,,
2026-07-08T18:05:05.026,Raspberry_Relieve1,25.6517595666667,-100.290928916667,38.538,0,14,100,-1,0,,,,,,00:43:48,0.95,0.003703,23.770577,,
2026-07-08T18:05:06.026,Raspberry_Relieve1,25.6517595666667,-100.290928916667,38.54,0,14,100,-1,0,,,,,,00:43:49,1.03,0.004006,23.774582,,
2026-07-08T18:05:07.027,Raspberry_Relieve1,25.6517595666667,-100.290928916667,38.543,0,14,100,-1,0,,,,,,00:43:50,1.05,0.004074,23.778657,,
2026-07-08T18:05:08.027,Raspberry_Relieve1,25.6517595666667,-100.290928916667,38.544,0,14,100,-1,0,,,,,,00:43:51,0.96,0.003724,23.782381,,
2026-07-08T18:05:09.027,Raspberry_Relieve1,25.6517595666667,-100.290928916667,38.545,0,14,100,-1,0,,,,,,00:43:52,0.92,0.00356,23.785941,,
2026-07-08T18:05:10.027,Raspberry_Relieve1,25.6517595666667,-100.290928916667,38.546,0,14,100,-1,0,,,,,,00:43:53,1.1,0.004297,23.790238,,
2026-07-08T18:05:11.027,Raspberry_Relieve1,25.6517595666667,-100.290928916667,38.549,0,14,100,-1,0,,,,,,00:43:54,0.94,0.003665,23.793903,,
2026-07-08T18:05:12.027,Raspberry_Relieve1,25.6517595666667,-100.290928916667,38.55,0,14,100,-1,0,,,,,,00:43:55,1.05,0.00408,23.797982,,
2026-07-08T18:05:13.027,Raspberry_Relieve1,25.6517595666667,-100.290928916667,38.55,0,14,100,-1,0,,,,,,00:43:56,0.9,0.00349,23.801473,,
2026-07-08T18:05:14.027,Raspberry_Relieve1,25.6517595666667,-100.290928916667,38.551,0,14,100,-1,0,,,,,,00:43:57,1.17,0.004535,23.806008,,
2026-07-08T18:05:15.028,Raspberry_Relieve1,25.6517595666667,-100.290928916667,38.552,0,14,100,-1,0,,,,,,00:43:58,0.85,0.003297,23.809305,,
2026-07-08T18:05:16.028,Raspberry_Relieve1,25.6517595666667,-100.290928916667,38.552,0,14,100,-1,0,,,,,,00:43:59,1.07,0.004171,23.813476,,
2026-07-08T18:05:17.028,Raspberry_Relieve1,25.6517595666667,-100.290928916667,38.554,0,14,100,-1,0,,,,,,00:44:00,1.02,0.003973,23.817448,,
2026-07-08T18:05:18.028,Raspberry_Relieve1,25.6517595666667,-100.290928916667,38.555,0,14,100,-1,0,,,,,,00:44:01,0.99,0.003852,23.8213,,
2026-07-08T18:05:19.028,Raspberry_Relieve1,25.6517595666667,-100.290928916667,38.556,0,14,100,-1,0,,,,,,00:44:02,1,0.003903,23.825203,,
2026-07-08T18:05:20.028,Raspberry_Relieve1,25.6517595666667,-100.290928916667,38.557,0,14,100,-1,0,,,,,,00:44:03,0.99,0.00384,23.829043,,
2026-07-08T18:05:21.028,Raspberry_Relieve1,25.6517595666667,-100.290928916667,38.558,0,14,100,-1,0,,,,,,00:44:04,1.01,0.00394,23.832983,,
2026-07-08T18:05:22.028,Raspberry_Relieve1,25.6517595666667,-100.290928916667,38.558,0,14,100,-1,0,,,,,,00:44:05,0.99,0.00385,23.836834,,
2026-07-08T18:05:23.029,Raspberry_Relieve1,25.6517595666667,-100.290928916667,38.56,0,14,100,-1,0,,,,,,00:44:06,0.97,0.003791,23.840625,,
2026-07-08T18:05:24.029,Raspberry_Relieve1,25.6517595666667,-100.290928916667,38.561,0,14,100,-1,0,,,,,,00:44:07,1.04,0.004056,23.844681,,
2026-07-08T18:05:25.029,Raspberry_Relieve1,25.6517595666667,-100.290928916667,38.561,0,14,100,-1,0,,,,,,00:44:08,0.98,0.003816,23.848497,,
2026-07-08T18:05:26.029,Raspberry_Relieve1,25.6517595666667,-100.290928916667,38.562,0,14,100,-1,0,,,,,,00:44:09,0.93,0.003604,23.852101,,
2026-07-08T18:05:27.029,Raspberry_Relieve1,25.6517595666667,-100.290928916667,38.563,0,14,100,-1,0,,,,,,00:44:10,1.13,0.00441,23.856511,,
2026-07-08T18:05:28.029,Raspberry_Relieve1,25.6517595666667,-100.290928916667,38.564,0,14,100,-1,0,,,,,,00:44:11,0.99,0.003846,23.860358,,
2026-07-08T18:05:29.029,Raspberry_Relieve1,25.6517595666667,-100.290928916667,38.566,0,14,100,-1,0,,,,,,00:44:12,1,0.003905,23.864262,,
2026-07-08T18:05:30.029,Raspberry_Relieve1,25.6517595666667,-100.290928916667,38.566,0,14,100,-1,0,,,,,,00:44:13,0.92,0.003579,23.867842,,
2026-07-08T18:05:31.030,Raspberry_Relieve1,25.6517595666667,-100.290928916667,38.566,0,14,100,-1,0,,,,,,00:44:14,1,0.003898,23.87174,,
2026-07-08T18:05:32.030,Raspberry_Relieve1,25.6517595666667,-100.290928916667,38.568,0,14,100,-1,0,,,,,,00:44:15,1.01,0.003938,23.875678,,
2026-07-08T18:05:33.030,Raspberry_Relieve1,25.6517595666667,-100.290928916667,38.569,0,14,100,-1,0,,,,,,00:44:16,0.96,0.003743,23.879421,,
2026-07-08T18:05:34.030,Raspberry_Relieve1,25.6517595666667,-100.290928916667,38.568,0,14,100,-1,0,,,,,,00:44:17,1.03,0.003998,23.883419,,
2026-07-08T18:05:35.030,Raspberry_Relieve1,25.6517595666667,-100.290928916667,38.569,0,14,100,-1,0,,,,,,00:44:18,0.99,0.003841,23.88726,,
2026-07-08T18:05:36.030,Raspberry_Relieve1,25.6517595666667,-100.290928916667,38.569,0,14,100,-1,0,,,,,,00:44:19,1.05,0.004083,23.891343,,
2026-07-08T18:05:37.030,Raspberry_Relieve1,25.6517595666667,-100.290928916667,38.569,0,14,100,-1,0,,,,,,00:44:20,0.98,0.003821,23.895164,,
2026-07-08T18:05:38.030,Raspberry_Relieve1,25.6517595666667,-100.290928916667,38.57,0,14,100,-1,0,,,,,,00:44:21,1.02,0.003952,23.899116,,
2026-07-08T18:05:39.031,Raspberry_Relieve1,25.6517595666667,-100.290928916667,38.571,0,14,100,-1,0,,,,,,00:44:22,0.99,0.003835,23.902951,,
2026-07-08T18:05:40.031,Raspberry_Relieve1,25.6517595666667,-100.290928916667,38.573,0,14,100,-1,0,,,,,,00:44:23,0.98,0.00383,23.90678,,
2026-07-08T18:05:41.031,Raspberry_Relieve1,25.6517595666667,-100.290928916667,38.572,0,14,100,-1,0,,,,,,00:44:24,1.01,0.003914,23.910695,,
2026-07-08T18:05:42.031,Raspberry_Relieve1,25.6517595666667,-100.290928916667,38.573,0,14,100,-1,0,,,,,,00:44:25,1.03,0.003988,23.914683,,
2026-07-08T18:05:43.031,Raspberry_Relieve1,25.6517595666667,-100.290928916667,38.573,0,14,100,-1,0,,,,,,00:44:26,0.94,0.003666,23.918349,,
2026-07-08T18:05:44.031,Raspberry_Relieve1,25.6517595666667,-100.290928916667,38.573,0,14,100,-1,0,,,,,,00:44:27,1.06,0.004125,23.922474,,
2026-07-08T18:05:45.031,Raspberry_Relieve1,25.6517595666667,-100.290928916667,38.574,0,14,100,-1,0,,,,,,00:44:28,0.98,0.003809,23.926283,,
2026-07-08T18:05:46.031,Raspberry_Relieve1,25.6517595666667,-100.290928916667,38.574,0,14,100,-1,0,,,,,,00:44:29,1.05,0.004082,23.930364,,
2026-07-08T18:05:47.032,Raspberry_Relieve1,25.6517595666667,-100.290928916667,38.576,0,14,100,-1,0,,,,,,00:44:30,0.94,0.003664,23.934028,,
2026-07-08T18:05:48.032,Raspberry_Relieve1,25.6517595666667,-100.290928916667,38.576,0,14,100,-1,0,,,,,,00:44:31,0.99,0.003849,23.937878,,
2026-07-08T18:05:49.032,Raspberry_Relieve1,25.6517595666667,-100.290928916667,38.577,0,14,100,-1,0,,,,,,00:44:32,0.99,0.003853,23.941731,,
2026-07-08T18:05:50.032,Raspberry_Relieve1,25.6517595666667,-100.290928916667,38.578,0,14,100,-1,0,,,,,,00:44:33,1.05,0.004092,23.945823,,
2026-07-08T18:05:51.032,Raspberry_Relieve1,25.6517595666667,-100.290928916667,38.578,0,14,100,-1,0,,,,,,00:44:34,0.99,0.003868,23.949691,,
2026-07-08T18:05:52.032,Raspberry_Relieve1,25.6517595666667,-100.290928916667,38.578,0,14,100,-1,0,,,,,,00:44:35,0.98,0.003801,23.953492,,
2026-07-08T18:05:53.033,Raspberry_Relieve1,25.6517595666667,-100.290928916667,38.579,0,14,100,-1,0,,,,,,00:44:36,0.98,0.003807,23.957299,,
2026-07-08T18:05:54.033,Raspberry_Relieve1,25.6517595666667,-100.290928916667,38.582,0,14,100,-1,0,,,,,,00:44:37,1.05,0.004071,23.96137,,
2026-07-08T18:05:55.033,Raspberry_Relieve1,25.6517595666667,-100.290928916667,38.581,0,14,100,-1,0,,,,,,00:44:38,1.06,0.004136,23.965506,,
2026-07-08T18:05:56.033,Raspberry_Relieve1,25.6517595666667,-100.290928916667,38.582,0,14,100,-1,0,,,,,,00:44:39,0.94,0.00364,23.969146,,
2026-07-08T18:05:57.033,Raspberry_Relieve1,25.6517595666667,-100.290928916667,38.582,0,14,100,-1,0,,,,,,00:44:40,0.92,0.003575,23.972721,,
2026-07-08T18:05:58.033,Raspberry_Relieve1,25.6517595666667,-100.290928916667,38.582,0,14,100,-1,0,,,,,,00:44:41,1.05,0.004078,23.976799,,
2026-07-08T18:05:59.034,Raspberry_Relieve1,25.6517595666667,-100.290928916667,38.583,0,14,100,-1,0,,,,,,00:44:42,1.05,0.004086,23.980885,,
2026-07-08T18:06:00.034,Raspberry_Relieve1,25.6517595666667,-100.290928916667,38.582,0,14,100,-1,0,,,,,,00:44:43,1.07,0.004142,23.985027,,
2026-07-08T18:06:01.034,Raspberry_Relieve1,25.6517595666667,-100.290928916667,38.584,0,14,100,-1,0,,,,,,00:44:44,0.89,0.003461,23.988488,,
2026-07-08T18:06:02.034,Raspberry_Relieve1,25.6517595666667,-100.290928916667,38.585,0,14,100,-1,0,,,,,,00:44:45,0.99,0.003836,23.992324,,
2026-07-08T18:06:03.034,Raspberry_Relieve1,25.6517595666667,-100.290928916667,38.584,0,14,100,-1,0,,,,,,00:44:46,1.01,0.00392,23.996244,,
2026-07-08T18:06:04.034,Raspberry_Relieve1,25.6517595666667,-100.290928916667,38.584,0,14,100,-1,0,,,,,,00:44:47,1,0.003904,24.000148,,
2026-07-08T18:06:05.034,Raspberry_Relieve1,25.6517595666667,-100.290928916667,38.586,0,14,100,-1,0,,,,,,00:44:48,1.09,0.004258,24.004406,,
2026-07-08T18:06:06.034,Raspberry_Relieve1,25.6517595666667,-100.290928916667,38.584,0,14,100,-1,0,,,,,,00:44:49,0.92,0.003593,24.007999,,
2026-07-08T18:06:07.034,Raspberry_Relieve1,25.6517595666667,-100.290928916667,38.585,0,14,100,-1,0,,,,,,00:44:50,1.05,0.004085,24.012084,,
2026-07-08T18:06:08.035,Raspberry_Relieve1,25.6517595666667,-100.290928916667,38.585,0,14,100,-1,0,,,,,,00:44:51,0.95,0.003703,24.015786,,
2026-07-08T18:06:09.035,Raspberry_Relieve1,25.6517595666667,-100.290928916667,38.586,0,14,100,-1,0,,,,,,00:44:52,0.9,0.0035,24.019286,,
2026-07-08T18:06:10.035,Raspberry_Relieve1,25.6517595666667,-100.290928916667,38.586,0,14,100,-1,0,,,,,,00:44:53,1.2,0.004682,24.023968,,
2026-07-08T18:06:11.035,Raspberry_Relieve1,25.6517595666667,-100.290928916667,38.587,0,14,100,-1,0,,,,,,00:44:54,0.87,0.003398,24.027366,,
2026-07-08T18:06:12.035,Raspberry_Relieve1,25.6517595666667,-100.290928916667,38.586,0,14,100,-1,0,,,,,,00:44:55,1.41,0.005493,24.03286,,
2026-07-08T18:06:13.035,Raspberry_Relieve1,25.6517595666667,-100.290928916667,38.587,0,14,100,-1,0,,,,,,00:44:56,0.5,0.001964,24.034823,,
2026-07-08T18:06:14.035,Raspberry_Relieve1,25.6517595666667,-100.290928916667,38.588,0,14,100,-1,0,,,,,,00:44:57,1.07,0.004157,24.03898,,
2026-07-08T18:06:15.035,Raspberry_Relieve1,25.6517595666667,-100.290928916667,38.59,0,14,100,-1,0,,,,,,00:44:58,1.07,0.004168,24.043148,,
2026-07-08T18:06:16.036,Raspberry_Relieve1,25.6517595666667,-100.290928916667,38.588,0,14,100,-1,0,,,,,,00:44:59,0.94,0.003651,24.046799,,
2026-07-08T18:06:17.036,Raspberry_Relieve1,25.6517595666667,-100.290928916667,38.589,0,14,100,-1,0,,,,,,00:45:00,0.97,0.003758,24.050558,,
2026-07-08T18:06:18.036,Raspberry_Relieve1,25.6517595666667,-100.290928916667,38.589,0,14,100,-1,0,,,,,,00:45:01,1.03,0.003998,24.054556,,
2026-07-08T18:06:19.036,Raspberry_Relieve1,25.6517595666667,-100.290928916667,38.59,0,14,100,-1,0,,,,,,00:45:02,1.06,0.004104,24.058659,,
2026-07-08T18:06:20.036,Raspberry_Relieve1,25.6517595666667,-100.290928916667,38.59,0,14,100,-1,0,,,,,,00:45:03,0.99,0.003846,24.062505,,
2026-07-08T18:06:21.036,Raspberry_Relieve1,25.6517595666667,-100.290928916667,38.592,0,14,100,-1,0,,,,,,00:45:04,0.96,0.003752,24.066257,,
2026-07-08T18:06:22.036,Raspberry_Relieve1,25.6517595666667,-100.290928916667,38.592,0,14,100,-1,0,,,,,,00:45:05,1.08,0.004197,24.070454,,
2026-07-08T18:06:23.037,Raspberry_Relieve1,25.6517595666667,-100.290928916667,38.591,0,14,100,-1,0,,,,,,00:45:06,0.88,0.003435,24.07389,,
2026-07-08T18:06:24.037,Raspberry_Relieve1,25.6517595666667,-100.290928916667,38.592,0,14,100,-1,0,,,,,,00:45:07,1.1,0.004291,24.07818,,
2026-07-08T18:06:25.037,Raspberry_Relieve1,25.6517595666667,-100.290928916667,38.592,0,14,100,-1,0,,,,,,00:45:08,1.02,0.003979,24.08216,,
2026-07-08T18:06:26.037,Raspberry_Relieve1,25.6517595666667,-100.290928916667,38.593,0,14,100,-1,0,,,,,,00:45:09,0.9,0.003513,24.085673,,
2026-07-08T18:06:27.037,Raspberry_Relieve1,25.6517595666667,-100.290928916667,38.593,0,14,100,-1,0,,,,,,00:45:10,0.95,0.003712,24.089384,,
2026-07-08T18:06:28.037,Raspberry_Relieve1,25.6517595666667,-100.290928916667,38.593,0,14,100,-1,0,,,,,,00:45:11,1.15,0.004478,24.093862,,
2026-07-08T18:06:29.037,Raspberry_Relieve1,25.6517595666667,-100.290928916667,38.592,0,14,100,-1,0,,,,,,00:45:12,0.97,0.003756,24.097618,,
2026-07-08T18:06:30.037,Raspberry_Relieve1,25.6517595666667,-100.290928916667,38.593,0,14,100,-1,0,,,,,,00:45:13,1.02,0.003983,24.101601,,
2026-07-08T18:06:31.037,Raspberry_Relieve1,25.6517595666667,-100.290928916667,38.593,0,14,100,-1,0,,,,,,00:45:14,0.87,0.003402,24.105003,,
2026-07-08T18:06:32.038,Raspberry_Relieve1,25.6517595666667,-100.290928916667,38.592,0,14,100,-1,0,,,,,,00:45:15,1.03,0.004005,24.109008,,
2026-07-08T18:06:33.038,Raspberry_Relieve1,25.6517595666667,-100.290928916667,38.595,0,14,100,-1,0,,,,,,00:45:16,0.98,0.00382,24.112828,,
2026-07-08T18:06:34.038,Raspberry_Relieve1,25.6517595666667,-100.290928916667,38.595,0,14,100,-1,0,,,,,,00:45:17,0.99,0.003857,24.116684,,
2026-07-08T18:06:35.038,Raspberry_Relieve1,25.6517595666667,-100.290928916667,38.595,0,14,100,-1,0,,,,,,00:45:18,1.02,0.003965,24.120649,,
2026-07-08T18:06:36.038,Raspberry_Relieve1,25.6517595666667,-100.290928916667,38.596,0,14,100,-1,0,,,,,,00:45:19,1.05,0.004074,24.124723,,
2026-07-08T18:06:37.038,Raspberry_Relieve1,25.6517595666667,-100.290928916667,38.596,0,14,100,-1,0,,,,,,00:45:20,0.96,0.003724,24.128446,,
2026-07-08T18:06:38.038,Raspberry_Relieve1,25.6517595666667,-100.290928916667,38.596,0,14,100,-1,0,,,,,,00:45:21,1.04,0.004046,24.132492,,
2026-07-08T18:06:39.038,Raspberry_Relieve1,25.6517595666667,-100.290928916667,38.596,0,14,100,-1,0,,,,,,00:45:22,0.98,0.003822,24.136314,,
2026-07-08T18:06:40.039,Raspberry_Relieve1,25.6517595666667,-100.290928916667,38.595,0,14,100,-1,0,,,,,,00:45:23,1.07,0.004145,24.140459,,
2026-07-08T18:06:41.039,Raspberry_Relieve1,25.6517595666667,-100.290928916667,38.596,0,14,100,-1,0,,,,,,00:45:24,0.96,0.00373,24.14419,,
2026-07-08T18:06:42.039,Raspberry_Relieve1,25.6517595666667,-100.290928916667,38.596,0,14,100,-1,0,,,,,,00:45:25,0.94,0.003669,24.147858,,
2026-07-08T18:06:43.039,Raspberry_Relieve1,25.6517595666667,-100.290928916667,38.595,0,14,100,-1,0,,,,,,00:45:26,1.09,0.004252,24.15211,,
2026-07-08T18:06:44.039,Raspberry_Relieve1,25.6517595666667,-100.290928916667,38.595,0,14,100,-1,0,,,,,,00:45:27,0.85,0.003303,24.155413,,
2026-07-08T18:06:45.039,Raspberry_Relieve1,25.6517595666667,-100.290928916667,38.598,0,14,100,-1,0,,,,,,00:45:28,1.08,0.00419,24.159603,,
2026-07-08T18:06:46.039,Raspberry_Relieve1,25.6517595666667,-100.290928916667,38.596,0,14,100,-1,0,,,,,,00:45:29,1.03,0.004006,24.163609,,
2026-07-08T18:06:47.039,Raspberry_Relieve1,25.6517595666667,-100.290928916667,38.597,0,14,100,-1,0,,,,,,00:45:30,0.98,0.00383,24.167439,,
2026-07-08T18:06:48.040,Raspberry_Relieve1,25.6517595666667,-100.290928916667,38.597,0,14,100,-1,0,,,,,,00:45:31,1.02,0.003977,24.171416,,
2026-07-08T18:06:49.040,Raspberry_Relieve1,25.6517595666667,-100.290928916667,38.595,0,14,100,-1,0,,,,,,00:45:32,0.9,0.003497,24.174914,,
2026-07-08T18:06:50.040,Raspberry_Relieve1,25.6517595666667,-100.290928916667,38.597,0,14,100,-1,0,,,,,,00:45:33,1.13,0.004407,24.17932,,
2026-07-08T18:06:51.040,Raspberry_Relieve1,25.6517595666667,-100.290928916667,38.597,0,14,100,-1,0,,,,,,00:45:34,0.9,0.003492,24.182812,,
2026-07-08T18:06:52.040,Raspberry_Relieve1,25.6517595666667,-100.290928916667,38.598,0,14,100,-1,0,,,,,,00:45:35,1.04,0.004056,24.186868,,
2026-07-08T18:06:53.040,Raspberry_Relieve1,25.6517595666667,-100.290928916667,38.598,0,14,100,-1,0,,,,,,00:45:36,0.98,0.003815,24.190683,,
2026-07-08T18:06:54.041,Raspberry_Relieve1,25.6517595666667,-100.290928916667,38.598,0,14,100,-1,0,,,,,,00:45:37,0.99,0.003862,24.194545,,
2026-07-08T18:06:55.041,Raspberry_Relieve1,25.6517595666667,-100.290928916667,38.599,0,14,100,-1,0,,,,,,00:45:38,0.94,0.003671,24.198217,,
2026-07-08T18:06:56.041,Raspberry_Relieve1,25.6517595666667,-100.290928916667,38.599,0,14,100,-1,0,,,,,,00:45:39,1.14,0.004434,24.202651,,
2026-07-08T18:06:57.041,Raspberry_Relieve1,25.6517595666667,-100.290928916667,38.598,0,14,100,-1,0,,,,,,00:45:40,0.95,0.0037,24.206351,,
2026-07-08T18:06:58.041,Raspberry_Relieve1,25.6517595666667,-100.290928916667,38.598,0,14,100,-1,0,,,,,,00:45:41,0.96,0.00374,24.210091,,
2026-07-08T18:06:59.042,Raspberry_Relieve1,25.6517595666667,-100.290928916667,38.598,0,14,100,-1,0,,,,,,00:45:42,1.05,0.004101,24.214192,,
2026-07-08T18:07:00.042,Raspberry_Relieve1,25.6517595666667,-100.290928916667,38.599,0,14,100,-1,0,,,,,,00:45:43,0.99,0.003844,24.218036,,
2026-07-08T18:07:01.042,Raspberry_Relieve1,25.6517595666667,-100.290928916667,38.598,0,14,100,-1,0,,,,,,00:45:44,0.98,0.003828,24.221864,,
2026-07-08T18:07:02.042,Raspberry_Relieve1,25.6517595666667,-100.290928916667,38.6,0,14,100,-1,0,,,,,,00:45:45,0.92,0.003583,24.225447,,
2026-07-08T18:07:03.042,Raspberry_Relieve1,25.6517595666667,-100.290928916667,38.599,0,14,100,-1,0,,,,,,00:45:46,1.01,0.00391,24.229357,,
2026-07-08T18:07:04.042,Raspberry_Relieve1,25.6517595666667,-100.290928916667,38.6,0,14,100,-1,0,,,,,,00:45:47,1.07,0.004176,24.233533,,
2026-07-08T18:07:05.042,Raspberry_Relieve1,25.6517595666667,-100.290928916667,38.6,0,14,100,-1,0,,,,,,00:45:48,1.03,0.004001,24.237534,,
2026-07-08T18:07:06.042,Raspberry_Relieve1,25.6517595666667,-100.290928916667,38.6,0,14,100,-1,0,,,,,,00:45:49,0.91,0.003522,24.241056,,
2026-07-08T18:07:07.042,Raspberry_Relieve1,25.6517595666667,-100.290928916667,38.6,0,14,100,-1,0,,,,,,00:45:50,1.02,0.003983,24.24504,,
2026-07-08T18:07:08.043,Raspberry_Relieve1,25.6517595666667,-100.290928916667,38.6,0,14,100,-1,0,,,,,,00:45:51,0.94,0.003654,24.248694,,
2026-07-08T18:07:09.043,Raspberry_Relieve1,25.6517595666667,-100.290928916667,38.6,0,14,100,-1,0,,,,,,00:45:52,1.19,0.004633,24.253327,,
2026-07-08T18:07:10.043,Raspberry_Relieve1,25.6517595666667,-100.290928916667,38.6,0,14,100,-1,0,,,,,,00:45:53,0.82,0.003184,24.256511,,
2026-07-08T18:07:11.043,Raspberry_Relieve1,25.6517595666667,-100.290928916667,38.601,0,14,100,-1,0,,,,,,00:45:54,1.06,0.004114,24.260625,,
2026-07-08T18:07:12.043,Raspberry_Relieve1,25.6517595666667,-100.290928916667,38.6,0,14,100,-1,0,,,,,,00:45:55,1,0.003877,24.264503,,
2026-07-08T18:07:13.043,Raspberry_Relieve1,25.6517595666667,-100.290928916667,38.6,0,14,100,-1,0,,,,,,00:45:56,1.03,0.003996,24.268498,,
2026-07-08T18:07:14.044,Raspberry_Relieve1,25.6517595666667,-100.290928916667,38.601,0,14,100,-1,0,,,,,,00:45:57,1,0.003873,24.272371,,
2026-07-08T18:07:15.044,Raspberry_Relieve1,25.6517595666667,-100.290928916667,38.601,0,14,100,-1,0,,,,,,00:45:58,1.05,0.004102,24.276473,,
2026-07-08T18:07:16.044,Raspberry_Relieve1,25.6517595666667,-100.290928916667,38.601,0,14,100,-1,0,,,,,,00:45:59,0.9,0.003501,24.279975,,
2026-07-08T18:07:17.044,Raspberry_Relieve1,25.6517595666667,-100.290928916667,38.601,0,14,100,-1,0,,,,,,00:46:00,0.95,0.003701,24.283675,,
2026-07-08T18:07:18.044,Raspberry_Relieve1,25.6517595666667,-100.290928916667,38.602,0,14,100,-1,0,,,,,,00:46:01,1.08,0.004189,24.287864,,
2026-07-08T18:07:19.044,Raspberry_Relieve1,25.6517595666667,-100.290928916667,38.602,0,14,100,-1,0,,,,,,00:46:02,0.94,0.003637,24.291501,,
2026-07-08T18:07:20.044,Raspberry_Relieve1,25.6517595666667,-100.290928916667,38.602,0,14,100,-1,0,,,,,,00:46:03,1.07,0.004174,24.295674,,
2026-07-08T18:07:21.044,Raspberry_Relieve1,25.6517595666667,-100.290928916667,38.602,0,14,100,-1,0,,,,,,00:46:04,1.01,0.003917,24.299591,,
2026-07-08T18:07:22.045,Raspberry_Relieve1,25.6517595666667,-100.290928916667,38.602,0,14,100,-1,0,,,,,,00:46:05,0.94,0.003674,24.303265,,
2026-07-08T18:07:23.045,Raspberry_Relieve1,25.6517595666667,-100.290928916667,38.602,0,14,100,-1,0,,,,,,00:46:06,1.06,0.004106,24.307372,,
2026-07-08T18:07:24.045,Raspberry_Relieve1,25.6517595666667,-100.290928916667,38.603,0,14,100,-1,0,,,,,,00:46:07,0.99,0.00385,24.311221,,
2026-07-08T18:07:25.045,Raspberry_Relieve1,25.6517595666667,-100.290928916667,38.602,0,14,100,-1,0,,,,,,00:46:08,1.04,0.004029,24.31525,,
2026-07-08T18:07:26.045,Raspberry_Relieve1,25.6517595666667,-100.290928916667,38.602,0,14,100,-1,0,,,,,,00:46:09,0.9,0.0035,24.31875,,
2026-07-08T18:07:27.045,Raspberry_Relieve1,25.6517595666667,-100.290928916667,38.603,0,14,100,-1,0,,,,,,00:46:10,1.14,0.004431,24.323182,,
2026-07-08T18:07:28.045,Raspberry_Relieve1,25.6517595666667,-100.290928916667,38.602,0,14,100,-1,0,,,,,,00:46:11,0.96,0.003738,24.326919,,
2026-07-08T18:07:29.045,Raspberry_Relieve1,25.6517595666667,-100.290928916667,38.603,0,14,100,-1,0,,,,,,00:46:12,0.91,0.003542,24.330461,,
2026-07-08T18:07:30.046,Raspberry_Relieve1,25.6517595666667,-100.290928916667,38.604,0,14,100,-1,0,,,,,,00:46:13,1.08,0.00419,24.334651,,
2026-07-08T18:07:31.046,Raspberry_Relieve1,25.6517595666667,-100.290928916667,38.602,0,14,100,-1,0,,,,,,00:46:14,1.02,0.003949,24.338601,,
2026-07-08T18:07:32.046,Raspberry_Relieve1,25.6517595666667,-100.290928916667,38.604,0,14,100,-1,0,,,,,,00:46:15,0.97,0.003766,24.342367,,
2026-07-08T18:07:33.046,Raspberry_Relieve1,25.6517595666667,-100.290928916667,38.603,0,14,100,-1,0,,,,,,00:46:16,0.94,0.003673,24.346039,,
2026-07-08T18:07:34.046,Raspberry_Relieve1,25.6517595666667,-100.290928916667,38.601,0,14,100,-1,0,,,,,,00:46:17,1.1,0.004273,24.350312,,
2026-07-08T18:07:35.046,Raspberry_Relieve1,25.6517595666667,-100.290928916667,38.603,0,14,100,-1,0,,,,,,00:46:18,0.92,0.003572,24.353885,,
2026-07-08T18:07:36.046,Raspberry_Relieve1,25.6517595666667,-100.290928916667,38.603,0,14,100,-1,0,,,,,,00:46:19,1.01,0.003934,24.357818,,
2026-07-08T18:07:37.046,Raspberry_Relieve1,25.6517595666667,-100.290928916667,38.603,0,14,100,-1,0,,,,,,00:46:20,0.94,0.003671,24.361489,,
2026-07-08T18:07:38.047,Raspberry_Relieve1,25.6517595666667,-100.290928916667,38.603,0,14,100,-1,0,,,,,,00:46:21,1.1,0.004259,24.365748,,
2026-07-08T18:07:39.047,Raspberry_Relieve1,25.6517595666667,-100.290928916667,38.604,0,14,100,-1,0,,,,,,00:46:22,1.01,0.003937,24.369685,,
2026-07-08T18:07:40.047,Raspberry_Relieve1,25.6517595666667,-100.290928916667,38.604,0,14,100,-1,0,,,,,,00:46:23,0.94,0.003674,24.373359,,
2026-07-08T18:07:41.047,Raspberry_Relieve1,25.6517595666667,-100.290928916667,38.604,0,14,100,-1,0,,,,,,00:46:24,1.04,0.004059,24.377418,,
2026-07-08T18:07:42.047,Raspberry_Relieve1,25.6517595666667,-100.290928916667,38.605,0,14,100,-1,0,,,,,,00:46:25,1.02,0.003948,24.381366,,
2026-07-08T18:07:43.047,Raspberry_Relieve1,25.6517595666667,-100.290928916667,38.605,0,14,100,-1,0,,,,,,00:46:26,1.01,0.003941,24.385307,,
2026-07-08T18:07:44.047,Raspberry_Relieve1,25.6517595666667,-100.290928916667,38.605,0,14,100,-1,0,,,,,,00:46:27,0.98,0.003816,24.389123,,
2026-07-08T18:07:45.048,Raspberry_Relieve1,25.6517595666667,-100.290928916667,38.605,0,14,100,-1,0,,,,,,00:46:28,0.94,0.003672,24.392795,,
2026-07-08T18:07:46.048,Raspberry_Relieve1,25.6517595666667,-100.290928916667,38.605,0,14,100,-1,0,,,,,,00:46:29,1.07,0.004173,24.396968,,
2026-07-08T18:07:47.048,Raspberry_Relieve1,25.6517595666667,-100.290928916667,38.604,0,14,100,-1,0,,,,,,00:46:30,0.95,0.003702,24.40067,,
2026-07-08T18:07:48.048,Raspberry_Relieve1,25.6517595666667,-100.290928916667,38.606,0,14,100,-1,0,,,,,,00:46:31,1.02,0.003975,24.404646,,
2026-07-08T18:07:49.048,Raspberry_Relieve1,25.6517595666667,-100.290928916667,38.605,0,14,100,-1,0,,,,,,00:46:32,1.01,0.003911,24.408557,,
2026-07-08T18:07:50.048,Raspberry_Relieve1,25.6517595666667,-100.290928916667,38.607,0,14,100,-1,0,,,,,,00:46:33,0.93,0.003622,24.412178,,
2026-07-08T18:07:51.048,Raspberry_Relieve1,25.6517595666667,-100.290928916667,38.607,0,14,100,-1,0,,,,,,00:46:34,1.11,0.00431,24.416489,,
2026-07-08T18:07:52.048,Raspberry_Relieve1,25.6517595666667,-100.290928916667,38.607,0,14,100,-1,0,,,,,,00:46:35,1.03,0.003999,24.420488,,
2026-07-08T18:07:53.049,Raspberry_Relieve1,25.6517595666667,-100.290928916667,38.607,0,14,100,-1,0,,,,,,00:46:36,0.99,0.003839,24.424327,,
2026-07-08T18:07:54.049,Raspberry_Relieve1,25.6517595666667,-100.290928916667,38.607,0,14,100,-1,0,,,,,,00:46:37,0.86,0.00334,24.427667,,
2026-07-08T18:07:55.049,Raspberry_Relieve1,25.6517595666667,-100.290928916667,38.607,0,14,100,-1,0,,,,,,00:46:38,1.1,0.004291,24.431958,,
2026-07-08T18:07:56.049,Raspberry_Relieve1,25.6517595666667,-100.290928916667,38.608,0,14,100,-1,0,,,,,,00:46:39,1,0.003893,24.435851,,
2026-07-08T18:07:57.049,Raspberry_Relieve1,25.6517595666667,-100.290928916667,38.606,0,14,100,-1,0,,,,,,00:46:40,0.95,0.003704,24.439554,,
2026-07-08T18:07:58.049,Raspberry_Relieve1,25.6517595666667,-100.290928916667,38.607,0,14,100,-1,0,,,,,,00:46:41,1.06,0.004141,24.443695,,
2026-07-08T18:07:59.049,Raspberry_Relieve1,25.6517595666667,-100.290928916667,38.607,0,14,100,-1,0,,,,,,00:46:42,1,0.003875,24.44757,,
2026-07-08T18:08:00.050,Raspberry_Relieve1,25.6517595666667,-100.290928916667,38.606,0,14,100,-1,0,,,,,,00:46:43,1.01,0.003912,24.451482,,
2026-07-08T18:08:01.050,Raspberry_Relieve1,25.6517595666667,-100.290928916667,38.607,0,14,100,-1,0,,,,,,00:46:44,1,0.00389,24.455372,,
2026-07-08T18:08:02.050,Raspberry_Relieve1,25.6517595666667,-100.290928916667,38.608,0,14,100,-1,0,,,,,,00:46:45,0.87,0.00338,24.458752,,
2026-07-08T18:08:03.050,Raspberry_Relieve1,25.6517595666667,-100.290928916667,38.606,0,14,100,-1,0,,,,,,00:46:46,1.14,0.004437,24.463189,,
2026-07-08T18:08:04.050,Raspberry_Relieve1,25.6517595666667,-100.290928916667,38.607,0,14,100,-1,0,,,,,,00:46:47,0.89,0.003449,24.466638,,
2026-07-08T18:08:05.050,Raspberry_Relieve1,25.6517595666667,-100.290928916667,38.606,0,14,100,-1,0,,,,,,00:46:48,1.05,0.004099,24.470737,,
2026-07-08T18:08:06.050,Raspberry_Relieve1,25.6517595666667,-100.290928916667,38.607,0,14,100,-1,0,,,,,,00:46:49,0.94,0.003649,24.474385,,
2026-07-08T18:08:07.050,Raspberry_Relieve1,25.6517595666667,-100.290928916667,38.607,0,14,100,-1,0,,,,,,00:46:50,1.13,0.004382,24.478767,,
2026-07-08T18:08:08.050,Raspberry_Relieve1,25.6517595666667,-100.290928916667,38.607,0,14,100,-1,0,,,,,,00:46:51,1.01,0.00391,24.482677,,
2026-07-08T18:08:09.051,Raspberry_Relieve1,25.6517595666667,-100.290928916667,38.609,0,14,100,-1,0,,,,,,00:46:52,1.05,0.004095,24.486772,,
2026-07-08T18:08:10.051,Raspberry_Relieve1,25.6517595666667,-100.290928916667,38.609,0,14,100,-1,0,,,,,,00:46:53,0.94,0.003654,24.490426,,
2026-07-08T18:08:11.051,Raspberry_Relieve1,25.6517595666667,-100.290928916667,38.608,0,14,100,-1,0,,,,,,00:46:54,1.03,0.003994,24.494419,,
2026-07-08T18:08:12.051,Raspberry_Relieve1,25.6517595666667,-100.290928916667,38.608,0,14,100,-1,0,,,,,,00:46:55,0.87,0.003366,24.497785,,
2026-07-08T18:08:13.051,Raspberry_Relieve1,25.6517595666667,-100.290928916667,38.608,0,14,100,-1,0,,,,,,00:46:56,1.18,0.004599,24.502385,,
2026-07-08T18:08:14.051,Raspberry_Relieve1,25.6517595666667,-100.290928916667,38.609,0,14,100,-1,0,,,,,,00:46:57,0.82,0.00318,24.505565,,
2026-07-08T18:08:15.051,Raspberry_Relieve1,25.6517595666667,-100.290928916667,38.609,0,14,100,-1,0,,,,,,00:46:58,1.08,0.004199,24.509765,,
2026-07-08T18:08:16.051,Raspberry_Relieve1,25.6517595666667,-100.290928916667,38.609,0,14,100,-1,0,,,,,,00:46:59,0.99,0.003852,24.513616,,
2026-07-08T18:08:17.052,Raspberry_Relieve1,25.6517595666667,-100.290928916667,38.61,0,14,100,-1,0,,,,,,00:47:00,0.91,0.003538,24.517154,,
2026-07-08T18:08:18.052,Raspberry_Relieve1,25.6517595666667,-100.290928916667,38.609,0,14,100,-1,0,,,,,,00:47:01,1.21,0.004723,24.521877,,
2026-07-08T18:08:19.052,Raspberry_Relieve1,25.6517595666667,-100.290928916667,38.609,0,14,100,-1,0,,,,,,00:47:02,0.88,0.003432,24.525309,,
2026-07-08T18:08:20.052,Raspberry_Relieve1,25.6517595666667,-100.290928916667,38.608,0,14,100,-1,0,,,,,,00:47:03,0.99,0.003865,24.529174,,
2026-07-08T18:08:21.052,Raspberry_Relieve1,25.6517595666667,-100.290928916667,38.61,0,14,100,-1,0,,,,,,00:47:04,1,0.003875,24.533049,,
2026-07-08T18:08:22.052,Raspberry_Relieve1,25.6517595666667,-100.290928916667,38.608,0,14,100,-1,0,,,,,,00:47:05,0.99,0.003832,24.536881,,
2026-07-08T18:08:23.052,Raspberry_Relieve1,25.6517595666667,-100.290928916667,38.609,0,14,100,-1,0,,,,,,00:47:06,1.02,0.003964,24.540845,,
2026-07-08T18:08:24.052,Raspberry_Relieve1,25.6517595666667,-100.290928916667,38.609,0,14,100,-1,0,,,,,,00:47:07,1.01,0.003934,24.544779,,
2026-07-08T18:08:25.053,Raspberry_Relieve1,25.6517595666667,-100.290928916667,38.61,0,14,100,-1,0,,,,,,00:47:08,1.05,0.004072,24.548851,,
2026-07-08T18:08:26.053,Raspberry_Relieve1,25.6517595666667,-100.290928916667,38.608,0,14,100,-1,0,,,,,,00:47:09,0.95,0.003676,24.552528,,
2026-07-08T18:08:27.053,Raspberry_Relieve1,25.6517595666667,-100.290928916667,38.609,0,14,100,-1,0,,,,,,00:47:10,1.02,0.003972,24.5565,,
2026-07-08T18:08:28.053,Raspberry_Relieve1,25.6517595666667,-100.290928916667,38.609,0,14,100,-1,0,,,,,,00:47:11,1.01,0.003917,24.560417,,
2026-07-08T18:08:29.053,Raspberry_Relieve1,25.6517595666667,-100.290928916667,38.609,0,14,100,-1,0,,,,,,00:47:12,1.02,0.003972,24.564389,,
2026-07-08T18:08:30.053,Raspberry_Relieve1,25.6517595666667,-100.290928916667,38.611,0,14,100,-1,0,,,,,,00:47:13,0.93,0.003633,24.568022,,
2026-07-08T18:08:31.053,Raspberry_Relieve1,25.6517595666667,-100.290928916667,38.611,0,14,100,-1,0,,,,,,00:47:14,1.01,0.00391,24.571933,,
2026-07-08T18:08:32.054,Raspberry_Relieve1,25.6517595666667,-100.290928916667,38.61,0,14,100,-1,0,,,,,,00:47:15,1.08,0.004215,24.576147,,
2026-07-08T18:08:33.054,Raspberry_Relieve1,25.6517595666667,-100.290928916667,38.61,0,14,100,-1,0,,,,,,00:47:16,0.96,0.003726,24.579874,,
2026-07-08T18:08:34.054,Raspberry_Relieve1,25.6517595666667,-100.290928916667,38.611,0,14,100,-1,0,,,,,,00:47:17,1.02,0.003978,24.583851,,
2026-07-08T18:08:35.054,Raspberry_Relieve1,25.6517595666667,-100.290928916667,38.61,0,14,100,-1,0,,,,,,00:47:18,0.93,0.003603,24.587454,,
2026-07-08T18:08:36.054,Raspberry_Relieve1,25.6517595666667,-100.290928916667,38.611,0,14,100,-1,0,,,,,,00:47:19,0.94,0.003645,24.591099,,
2026-07-08T18:08:37.054,Raspberry_Relieve1,25.6517595666667,-100.290928916667,38.607,0,14,100,-1,0,,,,,,00:47:20,1.03,0.004022,24.595121,,
2026-07-08T18:08:38.054,Raspberry_Relieve1,25.6517595666667,-100.290928916667,38.607,0,14,100,-1,0,,,,,,00:47:21,1.06,0.004118,24.599239,,
2026-07-08T18:08:39.054,Raspberry_Relieve1,25.6517595666667,-100.290928916667,38.61,0,14,100,-1,0,,,,,,00:47:22,0.98,0.003825,24.603064,,
2026-07-08T18:08:40.054,Raspberry_Relieve1,25.6517595666667,-100.290928916667,38.611,0,14,100,-1,0,,,,,,00:47:23,0.92,0.003583,24.606647,,
2026-07-08T18:08:41.055,Raspberry_Relieve1,25.6517595666667,-100.290928916667,38.61,0,14,100,-1,0,,,,,,00:47:24,1.03,0.004021,24.610668,,
2026-07-08T18:08:42.055,Raspberry_Relieve1,25.6517595666667,-100.290928916667,38.611,0,14,100,-1,0,,,,,,00:47:25,1.03,0.004008,24.614676,,
2026-07-08T18:08:43.055,Raspberry_Relieve1,25.6517595666667,-100.290928916667,38.612,0,14,100,-1,0,,,,,,00:47:26,1.02,0.003978,24.618655,,
2026-07-08T18:08:44.055,Raspberry_Relieve1,25.6517595666667,-100.290928916667,38.612,0,14,100,-1,0,,,,,,00:47:27,0.96,0.003738,24.622393,,
2026-07-08T18:08:45.055,Raspberry_Relieve1,25.6517595666667,-100.290928916667,38.611,0,14,100,-1,0,,,,,,00:47:28,1.08,0.004202,24.626595,,
2026-07-08T18:08:46.055,Raspberry_Relieve1,25.6517595666667,-100.290928916667,38.611,0,14,100,-1,0,,,,,,00:47:29,0.9,0.003517,24.630112,,
2026-07-08T18:08:47.055,Raspberry_Relieve1,25.6517595666667,-100.290928916667,38.611,0,14,100,-1,0,,,,,,00:47:30,0.96,0.003722,24.633835,,
2026-07-08T18:08:48.055,Raspberry_Relieve1,25.6517595666667,-100.290928916667,38.614,0,14,100,-1,0,,,,,,00:47:31,1.12,0.00434,24.638174,,
2026-07-08T18:08:49.056,Raspberry_Relieve1,25.6517595666667,-100.290928916667,38.612,0,14,100,-1,0,,,,,,00:47:32,1.02,0.003953,24.642128,,
2026-07-08T18:08:50.056,Raspberry_Relieve1,25.6517595666667,-100.290928916667,38.611,0,14,100,-1,0,,,,,,00:47:33,0.96,0.003722,24.645849,,
2026-07-08T18:08:51.056,Raspberry_Relieve1,25.6517595666667,-100.290928916667,38.61,0,14,100,-1,0,,,,,,00:47:34,0.94,0.003663,24.649513,,
2026-07-08T18:08:52.056,Raspberry_Relieve1,25.6517595666667,-100.290928916667,38.611,0,14,100,-1,0,,,,,,00:47:35,1.08,0.004187,24.653699,,
2026-07-08T18:08:53.056,Raspberry_Relieve1,25.6517595666667,-100.290928916667,38.612,0,14,100,-1,0,,,,,,00:47:36,0.98,0.003813,24.657513,,
2026-07-08T18:08:54.056,Raspberry_Relieve1,25.6517595666667,-100.290928916667,38.613,0,14,100,-1,0,,,,,,00:47:37,0.94,0.003653,24.661165,,
2026-07-08T18:08:55.056,Raspberry_Relieve1,25.6517595666667,-100.290928916667,38.612,0,14,100,-1,0,,,,,,00:47:38,1.09,0.004252,24.665417,,
2026-07-08T18:08:56.056,Raspberry_Relieve1,25.6517595666667,-100.290928916667,38.614,0,14,100,-1,0,,,,,,00:47:39,0.99,0.003837,24.669253,,
2026-07-08T18:08:57.057,Raspberry_Relieve1,25.6517595666667,-100.290928916667,38.611,0,14,100,-1,0,,,,,,00:47:40,0.98,0.003814,24.673067,,
2026-07-08T18:08:58.057,Raspberry_Relieve1,25.6517595666667,-100.290928916667,38.611,0,14,100,-1,0,,,,,,00:47:41,1.02,0.003961,24.677028,,
2026-07-08T18:08:59.057,Raspberry_Relieve1,25.6517595666667,-100.290928916667,38.613,0,14,100,-1,0,,,,,,00:47:42,0.95,0.003675,24.680703,,
2026-07-08T18:09:00.057,Raspberry_Relieve1,25.6517595666667,-100.290928916667,38.614,0,14,100,-1,0,,,,,,00:47:43,1.02,0.003953,24.684656,,
2026-07-08T18:09:01.057,Raspberry_Relieve1,25.6517595666667,-100.290928916667,38.614,0,14,100,-1,0,,,,,,00:47:44,1.05,0.004089,24.688745,,
2026-07-08T18:09:02.057,Raspberry_Relieve1,25.6517595666667,-100.290928916667,38.612,0,14,100,-1,0,,,,,,00:47:45,0.85,0.003295,24.692041,,
2026-07-08T18:09:03.057,Raspberry_Relieve1,25.6517595666667,-100.290928916667,38.613,0,14,100,-1,0,,,,,,00:47:46,1.01,0.003943,24.695983,,
2026-07-08T18:09:04.057,Raspberry_Relieve1,25.6517595666667,-100.290928916667,38.613,0,14,100,-1,0,,,,,,00:47:47,1.09,0.004241,24.700224,,
2026-07-08T18:09:05.058,Raspberry_Relieve1,25.6517595666667,-100.290928916667,38.613,0,14,100,-1,0,,,,,,00:47:48,1,0.003892,24.704115,,
2026-07-08T18:09:06.058,Raspberry_Relieve1,25.6517595666667,-100.290928916667,38.613,0,14,100,-1,0,,,,,,00:47:49,0.97,0.003776,24.707891,,
2026-07-08T18:09:07.058,Raspberry_Relieve1,25.6517595666667,-100.290928916667,38.616,0,14,100,-1,0,,,,,,00:47:50,1.01,0.003923,24.711814,,
2026-07-08T18:09:08.058,Raspberry_Relieve1,25.6517595666667,-100.290928916667,38.614,0,14,100,-1,0,,,,,,00:47:51,1.01,0.003912,24.715726,,
2026-07-08T18:09:09.058,Raspberry_Relieve1,25.6517595666667,-100.290928916667,38.612,0,14,100,-1,0,,,,,,00:47:52,1.04,0.004047,24.719774,,
2026-07-08T18:09:10.058,Raspberry_Relieve1,25.6517595666667,-100.290928916667,38.613,0,14,100,-1,0,,,,,,00:47:53,0.97,0.003771,24.723544,,
2026-07-08T18:09:11.058,Raspberry_Relieve1,25.6517595666667,-100.290928916667,38.613,0,14,100,-1,0,,,,,,00:47:54,0.93,0.003636,24.72718,,
2026-07-08T18:09:12.058,Raspberry_Relieve1,25.6517595666667,-100.290928916667,38.614,0,14,100,-1,0,,,,,,00:47:55,1.05,0.004069,24.73125,,
2026-07-08T18:09:13.059,Raspberry_Relieve1,25.6517595666667,-100.290928916667,38.615,0,14,100,-1,0,,,,,,00:47:56,1.1,0.004273,24.735523,,
2026-07-08T18:09:14.059,Raspberry_Relieve1,25.6517595666667,-100.290928916667,38.617,0,14,100,-1,0,,,,,,00:47:57,0.89,0.003469,24.738992,,
2026-07-08T18:09:15.059,Raspberry_Relieve1,25.6517595666667,-100.290928916667,38.615,0,14,100,-1,0,,,,,,00:47:58,1.05,0.004082,24.743073,,
2026-07-08T18:09:16.059,Raspberry_Relieve1,25.6517595666667,-100.290928916667,38.613,0,14,100,-1,0,,,,,,00:47:59,0.94,0.003672,24.746745,,
2026-07-08T18:09:17.059,Raspberry_Relieve1,25.6517595666667,-100.290928916667,38.615,0,14,100,-1,0,,,,,,00:48:00,1.07,0.004163,24.750908,,
2026-07-08T18:09:18.059,Raspberry_Relieve1,25.6517595666667,-100.290928916667,38.614,0,14,100,-1,0,,,,,,00:48:01,0.98,0.003802,24.75471,,
2026-07-08T18:09:19.059,Raspberry_Relieve1,25.6517595666667,-100.290928916667,38.612,0,14,100,-1,0,,,,,,00:48:02,0.99,0.003838,24.758548,,
2026-07-08T18:09:20.059,Raspberry_Relieve1,25.6517595666667,-100.290928916667,38.613,0,14,100,-1,0,,,,,,00:48:03,0.99,0.003849,24.762398,,
2026-07-08T18:09:21.060,Raspberry_Relieve1,25.6517595666667,-100.290928916667,38.616,0,14,100,-1,0,,,,,,00:48:04,0.97,0.003758,24.766155,,
2026-07-08T18:09:22.060,Raspberry_Relieve1,25.6517595666667,-100.290928916667,38.615,0,14,100,-1,0,,,,,,00:48:05,0.96,0.00373,24.769885,,
2026-07-08T18:09:23.060,Raspberry_Relieve1,25.6517595666667,-100.290928916667,38.613,0,14,100,-1,0,,,,,,00:48:06,1.1,0.004264,24.774149,,
2026-07-08T18:09:24.060,Raspberry_Relieve1,25.6517595666667,-100.290928916667,38.614,0,14,100,-1,0,,,,,,00:48:07,1.1,0.004292,24.778441,,
2026-07-08T18:09:25.060,Raspberry_Relieve1,25.6517595666667,-100.290928916667,38.614,0,14,100,-1,0,,,,,,00:48:08,0.89,0.003478,24.781918,,
2026-07-08T18:09:26.060,Raspberry_Relieve1,25.6517595666667,-100.290928916667,38.613,0,14,100,-1,0,,,,,,00:48:09,1.02,0.003971,24.785889,,
2026-07-08T18:09:27.060,Raspberry_Relieve1,25.6517595666667,-100.290928916667,38.612,0,14,100,-1,0,,,,,,00:48:10,1,0.003901,24.78979,,
2026-07-08T18:09:28.061,Raspberry_Relieve1,25.6517595666667,-100.290928916667,38.615,0,14,100,-1,0,,,,,,00:48:11,1.01,0.003945,24.793735,,
2026-07-08T18:09:29.061,Raspberry_Relieve1,25.6517595666667,-100.290928916667,38.613,0,14,100,-1,0,,,,,,00:48:12,0.87,0.00338,24.797115,,
2026-07-08T18:09:30.061,Raspberry_Relieve1,25.6517595666667,-100.290928916667,38.614,0,14,100,-1,0,,,,,,00:48:13,1.03,0.004004,24.801119,,
2026-07-08T18:09:31.061,Raspberry_Relieve1,25.6517595666667,-100.290928916667,38.616,0,14,100,-1,0,,,,,,00:48:14,1.18,0.004575,24.805695,,
2026-07-08T18:09:32.061,Raspberry_Relieve1,25.6517595666667,-100.290928916667,38.616,0,14,100,-1,0,,,,,,00:48:15,0.94,0.003647,24.809342,,
2026-07-08T18:09:33.061,Raspberry_Relieve1,25.6517595666667,-100.290928916667,38.614,0,14,100,-1,0,,,,,,00:48:16,0.96,0.00373,24.813072,,
2026-07-08T18:09:34.061,Raspberry_Relieve1,25.6517595666667,-100.290928916667,38.613,0,14,100,-1,0,,,,,,00:48:17,1.04,0.004058,24.81713,,
2026-07-08T18:09:35.062,Raspberry_Relieve1,25.6517595666667,-100.290928916667,38.613,0,14,100,-1,0,,,,,,00:48:18,1.01,0.003918,24.821048,,
2026-07-08T18:09:36.062,Raspberry_Relieve1,25.6517595666667,-100.290928916667,38.612,0,14,100,-1,0,,,,,,00:48:19,0.94,0.003642,24.82469,,
2026-07-08T18:09:37.062,Raspberry_Relieve1,25.6517595666667,-100.290928916667,38.615,0,14,100,-1,0,,,,,,00:48:20,1,0.003876,24.828566,,
2026-07-08T18:09:38.062,Raspberry_Relieve1,25.6517595666667,-100.290928916667,38.612,0,14,100,-1,0,,,,,,00:48:21,1,0.003905,24.832472,,
2026-07-08T18:09:39.062,Raspberry_Relieve1,25.6517595666667,-100.290928916667,38.613,0,14,100,-1,0,,,,,,00:48:22,1.07,0.004157,24.836629,,
2026-07-08T18:09:40.062,Raspberry_Relieve1,25.6517595666667,-100.290928916667,38.616,0,14,100,-1,0,,,,,,00:48:23,0.98,0.003809,24.840438,,
2026-07-08T18:09:41.062,Raspberry_Relieve1,25.6517595666667,-100.290928916667,38.615,0,14,100,-1,0,,,,,,00:48:24,0.88,0.003426,24.843864,,
2026-07-08T18:09:42.063,Raspberry_Relieve1,25.6517595666667,-100.290928916667,38.614,0,14,100,-1,0,,,,,,00:48:25,1.15,0.004458,24.848322,,
2026-07-08T18:09:43.063,Raspberry_Relieve1,25.6517595666667,-100.290928916667,38.616,0,14,100,-1,0,,,,,,00:48:26,0.85,0.003315,24.851637,,
2026-07-08T18:09:44.063,Raspberry_Relieve1,25.6517595666667,-100.290928916667,38.615,0,14,100,-1,0,,,,,,00:48:27,1.09,0.00424,24.855877,,
2026-07-08T18:09:45.063,Raspberry_Relieve1,25.6517595666667,-100.290928916667,38.616,0,14,100,-1,0,,,,,,00:48:28,1.02,0.003979,24.859857,,
2026-07-08T18:09:46.063,Raspberry_Relieve1,25.6517595666667,-100.290928916667,38.616,0,14,100,-1,0,,,,,,00:48:29,1.02,0.003952,24.863808,,
2026-07-08T18:09:47.063,Raspberry_Relieve1,25.6517595666667,-100.290928916667,38.615,0,14,100,-1,0,,,,,,00:48:30,0.99,0.003855,24.867664,,
2026-07-08T18:09:48.063,Raspberry_Relieve1,25.6517595666667,-100.290928916667,38.616,0,14,100,-1,0,,,,,,00:48:31,0.96,0.003723,24.871386,,
2026-07-08T18:09:49.063,Raspberry_Relieve1,25.6517595666667,-100.290928916667,38.614,0,14,100,-1,0,,,,,,00:48:32,1.06,0.00412,24.875506,,
2026-07-08T18:09:50.064,Raspberry_Relieve1,25.6517595666667,-100.290928916667,38.613,0,14,100,-1,0,,,,,,00:48:33,0.88,0.003426,24.878933,,
2026-07-08T18:09:51.064,Raspberry_Relieve1,25.6517595666667,-100.290928916667,38.614,0,14,100,-1,0,,,,,,00:48:34,1.04,0.004055,24.882988,,
2026-07-08T18:09:52.064,Raspberry_Relieve1,25.6517595666667,-100.290928916667,38.613,0,14,100,-1,0,,,,,,00:48:35,0.94,0.003664,24.886652,,
2026-07-08T18:09:53.064,Raspberry_Relieve1,25.6517595666667,-100.290928916667,38.614,0,14,100,-1,0,,,,,,00:48:36,1.08,0.004214,24.890866,,
2026-07-08T18:09:54.064,Raspberry_Relieve1,25.6517595666667,-100.290928916667,38.615,0,14,100,-1,0,,,,,,00:48:37,1.01,0.003931,24.894796,,
2026-07-08T18:09:55.065,Raspberry_Relieve1,25.6517595666667,-100.290928916667,38.614,0,14,100,-1,0,,,,,,00:48:38,0.98,0.003807,24.898603,,
2026-07-08T18:09:56.065,Raspberry_Relieve1,25.6517595666667,-100.290928916667,38.615,0,14,100,-1,0,,,,,,00:48:39,0.94,0.003647,24.90225,,
2026-07-08T18:09:57.065,Raspberry_Relieve1,25.6517595666667,-100.290928916667,38.245,2.063,79,100,-1,0,,,,,,00:48:40,1.07,0.013821,24.91607,,
2026-07-08T18:09:58.065,Raspberry_Relieve1,25.6517595666667,-100.290928916667,38.342,2.215,85,100,-1,0,,,,,,00:48:41,0.93,0.02124,24.937311,,
2026-07-08T18:09:59.065,Raspberry_Relieve1,25.6517595666667,-100.290928916667,38.505,0.906,35,100,-1,0,,,,,,00:48:42,1.06,0.017742,24.955053,,
2026-07-08T18:10:00.065,Raspberry_Relieve1,25.6517595666667,-100.290928916667,38.606,0,35,100,-1,0,,,,,,00:48:43,1.02,0.009953,24.965006,,
2026-07-08T18:10:01.065,Raspberry_Relieve1,25.6517595666667,-100.290928916667,38.607,0,35,100,-1,0,,,,,,00:48:44,1.05,0.010177,24.975183,,
2026-07-08T18:10:02.065,Raspberry_Relieve1,25.6517595666667,-100.290928916667,38.605,0,35,100,-1,0,,,,,,00:48:45,0.95,0.009284,24.984467,,
2026-07-08T18:10:03.066,Raspberry_Relieve1,25.6517595666667,-100.290928916667,38.605,0,35,100,-1,0,,,,,,00:48:46,1.02,0.009916,24.994383,,
2026-07-08T18:10:04.066,Raspberry_Relieve1,25.6517595666667,-100.290928916667,38.608,0,35,100,-1,0,,,,,,00:48:47,0.9,0.008784,25.003167,,
2026-07-08T18:10:05.066,Raspberry_Relieve1,25.6517595666667,-100.290928916667,38.606,0,35,100,-1,0,,,,,,00:48:48,1.06,0.010333,25.0135,,
2026-07-08T18:10:06.066,Raspberry_Relieve1,25.6517595666667,-100.290928916667,38.61,0,35,100,-1,0,,,,,,00:48:49,0.94,0.009166,25.022666,,
2026-07-08T18:10:07.066,Raspberry_Relieve1,25.6517595666667,-100.290928916667,38.611,0,35,100,-1,0,,,,,,00:48:50,1.08,0.01053,25.033196,,
2026-07-08T18:10:08.066,Raspberry_Relieve1,25.6517595666667,-100.290928916667,38.611,0,35,100,-1,0,,,,,,00:48:51,0.94,0.009125,25.042321,,
2026-07-08T18:10:09.066,Raspberry_Relieve1,25.6517595666667,-100.290928916667,38.613,0,35,100,-1,0,,,,,,00:48:52,1.05,0.010205,25.052526,,
2026-07-08T18:10:10.066,Raspberry_Relieve1,25.6517595666667,-100.290928916667,38.613,0,35,100,-1,0,,,,,,00:48:53,0.98,0.009549,25.062075,,
2026-07-08T18:10:11.066,Raspberry_Relieve1,25.6517595666667,-100.290928916667,38.612,0,35,100,-1,0,,,,,,00:48:54,1.01,0.009812,25.071887,,
2026-07-08T18:10:12.067,Raspberry_Relieve1,25.6517595666667,-100.290928916667,38.61,0,35,100,-1,0,,,,,,00:48:55,1.04,0.010155,25.082042,,
2026-07-08T18:10:13.067,Raspberry_Relieve1,25.6517595666667,-100.290928916667,38.612,0,35,100,-1,0,,,,,,00:48:56,1.09,0.010556,25.092598,,
2026-07-08T18:10:14.067,Raspberry_Relieve1,25.6517595666667,-100.290928916667,38.609,0,35,100,-1,0,,,,,,00:48:57,0.88,0.008529,25.101127,,
2026-07-08T18:10:15.067,Raspberry_Relieve1,25.6517595666667,-100.290928916667,38.61,0,35,100,-1,0,,,,,,00:48:58,1,0.009766,25.110893,,
2026-07-08T18:10:16.067,Raspberry_Relieve1,25.6517595666667,-100.290928916667,38.612,0,35,100,-1,0,,,,,,00:48:59,0.92,0.008922,25.119815,,
2026-07-08T18:10:17.067,Raspberry_Relieve1,25.6517595666667,-100.290928916667,38.613,0,35,100,-1,0,,,,,,00:49:00,1.06,0.010266,25.130081,,
2026-07-08T18:10:18.067,Raspberry_Relieve1,25.6517595666667,-100.290928916667,38.612,0,35,100,-1,0,,,,,,00:49:01,1,0.009695,25.139776,,
2026-07-08T18:10:19.067,Raspberry_Relieve1,25.6517595666667,-100.290928916667,38.61,0,35,100,-1,0,,,,,,00:49:02,0.9,0.00872,25.148496,,
2026-07-08T18:10:20.068,Raspberry_Relieve1,25.6517595666667,-100.290928916667,38.61,0,35,100,-1,0,,,,,,00:49:03,1.15,0.011225,25.159721,,
2026-07-08T18:10:21.068,Raspberry_Relieve1,25.6517595666667,-100.290928916667,38.614,0,35,100,-1,0,,,,,,00:49:04,0.94,0.009179,25.1689,,
2026-07-08T18:10:22.068,Raspberry_Relieve1,25.6517595666667,-100.290928916667,38.611,0,35,100,-1,0,,,,,,00:49:05,1.06,0.010275,25.179175,,
2026-07-08T18:10:23.068,Raspberry_Relieve1,25.6517595666667,-100.290928916667,38.613,0,35,100,-1,0,,,,,,00:49:06,1.04,0.010158,25.189333,,
2026-07-08T18:10:24.068,Raspberry_Relieve1,25.6517595666667,-100.290928916667,38.613,0,35,100,-1,0,,,,,,00:49:07,0.93,0.009063,25.198395,,
2026-07-08T18:10:25.068,Raspberry_Relieve1,25.6517595666667,-100.290928916667,38.613,0,35,100,-1,0,,,,,,00:49:08,0.93,0.009083,25.207478,,
2026-07-08T18:10:26.068,Raspberry_Relieve1,25.6517595666667,-100.290928916667,38.61,0,35,100,-1,0,,,,,,00:49:09,1.02,0.009927,25.217405,,
2026-07-08T18:10:27.068,Raspberry_Relieve1,25.6517595666667,-100.290928916667,37.807,4.423,167,100,-1,0,,,,,,00:49:10,0.93,0.026218,25.243623,,
2026-07-08T18:10:28.068,Raspberry_Relieve1,25.6517595666667,-100.290928916667,38.605,0.27,10,100,-1,0,,,,,,00:49:11,1.08,0.026671,25.270295,,
2026-07-08T18:10:29.069,Raspberry_Relieve1,25.6517595666667,-100.290928916667,38.607,0,10,100,-1,0,,,,,,00:49:12,0.99,0.002761,25.273056,,
2026-07-08T18:10:30.069,Raspberry_Relieve1,25.6517595666667,-100.290928916667,38.61,0,10,100,-1,0,,,,,,00:49:13,0.93,0.002597,25.275653,,
2026-07-08T18:10:31.069,Raspberry_Relieve1,25.6517595666667,-100.290928916667,38.61,0,10,100,-1,0,,,,,,00:49:14,1.01,0.002802,25.278455,,
2026-07-08T18:10:32.069,Raspberry_Relieve1,25.6517595666667,-100.290928916667,38.611,0,10,100,-1,0,,,,,,00:49:15,0.98,0.002724,25.281179,,
2026-07-08T18:10:33.069,Raspberry_Relieve1,25.6517595666667,-100.290928916667,38.61,0,10,100,-1,0,,,,,,00:49:16,1.02,0.002844,25.284023,,
2026-07-08T18:10:34.069,Raspberry_Relieve1,25.6517595666667,-100.290928916667,38.609,0,10,100,-1,0,,,,,,00:49:17,1.06,0.002932,25.286955,,
2026-07-08T18:10:35.069,Raspberry_Relieve1,25.6517595666667,-100.290928916667,38.61,0,10,100,-1,0,,,,,,00:49:18,1.08,0.003002,25.289958,,
2026-07-08T18:10:36.069,Raspberry_Relieve1,25.6517595666667,-100.290928916667,38.609,0,10,100,-1,0,,,,,,00:49:19,0.9,0.002495,25.292453,,
2026-07-08T18:10:37.070,Raspberry_Relieve1,25.6517595666667,-100.290928916667,38.608,0,10,100,-1,0,,,,,,00:49:20,0.93,0.002592,25.295046,,
2026-07-08T18:10:38.070,Raspberry_Relieve1,25.6517595666667,-100.290928916667,38.609,0,10,100,-1,0,,,,,,00:49:21,1,0.002783,25.297829,,
2026-07-08T18:10:39.070,Raspberry_Relieve1,25.6517595666667,-100.290928916667,38.611,0,10,100,-1,0,,,,,,00:49:22,1.16,0.003228,25.301057,,
2026-07-08T18:10:40.070,Raspberry_Relieve1,25.6517595666667,-100.290928916667,38.611,0,10,100,-1,0,,,,,,00:49:23,0.96,0.002657,25.303714,,
2026-07-08T18:10:41.070,Raspberry_Relieve1,25.6517595666667,-100.290928916667,38.609,0,10,100,-1,0,,,,,,00:49:24,0.98,0.002717,25.306431,,
2026-07-08T18:10:42.070,Raspberry_Relieve1,25.6517595666667,-100.290928916667,38.612,0,10,100,-1,0,,,,,,00:49:25,1.08,0.003012,25.309443,,
2026-07-08T18:10:43.070,Raspberry_Relieve1,25.6517595666667,-100.290928916667,38.613,0,10,100,-1,0,,,,,,00:49:26,0.85,0.002367,25.311809,,
2026-07-08T18:10:44.070,Raspberry_Relieve1,25.6517595666667,-100.290928916667,38.61,0,10,100,-1,0,,,,,,00:49:27,1.16,0.003224,25.315033,,
2026-07-08T18:10:45.070,Raspberry_Relieve1,25.6517595666667,-100.290928916667,38.61,0,10,100,-1,0,,,,,,00:49:28,0.92,0.002553,25.317586,,
2026-07-08T18:10:46.071,Raspberry_Relieve1,25.6517595666667,-100.290928916667,38.61,0,10,100,-1,0,,,,,,00:49:29,0.95,0.002627,25.320213,,
2026-07-08T18:10:47.071,Raspberry_Relieve1,25.6517595666667,-100.290928916667,38.611,0,10,100,-1,0,,,,,,00:49:30,0.96,0.002654,25.322867,,
2026-07-08T18:10:48.071,Raspberry_Relieve1,25.6517595666667,-100.290928916667,38.611,0,10,100,-1,0,,,,,,00:49:31,1.16,0.003234,25.326101,,
2026-07-08T18:10:49.071,Raspberry_Relieve1,25.6517595666667,-100.290928916667,38.613,0,10,100,-1,0,,,,,,00:49:32,0.86,0.002384,25.328485,,
2026-07-08T18:10:50.071,Raspberry_Relieve1,25.6517595666667,-100.290928916667,38.611,0,10,100,-1,0,,,,,,00:49:33,1.08,0.003002,25.331487,,
2026-07-08T18:10:51.072,Raspberry_Relieve1,25.6517595666667,-100.290928916667,38.611,0,10,100,-1,0,,,,,,00:49:34,0.89,0.00246,25.333946,,
2026-07-08T18:10:52.072,Raspberry_Relieve1,25.6517595666667,-100.290928916667,38.611,0,10,100,-1,0,,,,,,00:49:35,1.16,0.003234,25.33718,,
2026-07-08T18:10:53.072,Raspberry_Relieve1,25.6517595666667,-100.290928916667,38.613,0,10,100,-1,0,,,,,,00:49:36,1.03,0.002864,25.340044,,
2026-07-08T18:10:54.072,Raspberry_Relieve1,25.6517595666667,-100.290928916667,38.612,0,10,100,-1,0,,,,,,00:49:37,0.95,0.002637,25.34268,,
2026-07-08T18:10:55.072,Raspberry_Relieve1,25.6517595666667,-100.290928916667,38.611,0,10,100,-1,0,,,,,,00:49:38,0.89,0.00248,25.34516,,
2026-07-08T18:10:56.072,Raspberry_Relieve1,25.6517595666667,-100.290928916667,38.611,0,10,100,-1,0,,,,,,00:49:39,1.06,0.002937,25.348097,,
2026-07-08T18:10:57.073,Raspberry_Relieve1,25.6517595666667,-100.290928916667,36.113,14.283,516,100,-1,0,,,,,,00:49:40,1,0.073184,25.421282,,
2026-07-08T18:10:58.073,Raspberry_Relieve1,25.6517595666667,-100.290928916667,36.069,18.85,680,100,-1,0,,,,,,00:49:41,1.02,0.168828,25.59011,,
2026-07-08T18:10:59.073,Raspberry_Relieve1,25.6517595666667,-100.290928916667,38.499,3.819,147,100,-1,0,,,,,,00:49:42,0.91,0.104329,25.694439,,
2026-07-08T18:11:00.073,Raspberry_Relieve1,25.6517595666667,-100.290928916667,38.525,0.233,9,100,-1,0,,,,,,00:49:43,1.11,0.02409,25.718528,,
2026-07-08T18:11:01.073,Raspberry_Relieve1,25.6517595666667,-100.290928916667,38.537,0,9,100,-1,0,,,,,,00:49:44,0.9,0.002258,25.720787,,
2026-07-08T18:11:02.073,Raspberry_Relieve1,25.6517595666667,-100.290928916667,38.543,0,9,100,-1,0,,,,,,00:49:45,1.04,0.002603,25.72339,,
2026-07-08T18:11:03.073,Raspberry_Relieve1,25.6517595666667,-100.290928916667,38.517,1.03,40,100,-1,0,,,,,,00:49:46,0.94,0.00643,25.72982,,
2026-07-08T18:11:04.073,Raspberry_Relieve1,25.6517595666667,-100.290928916667,36.182,17.254,624,100,-1,0,,,,,,00:49:47,1.03,0.095371,25.825191,,
2026-07-08T18:11:05.073,Raspberry_Relieve1,25.6517595666667,-100.290928916667,37.217,11.042,411,100,-1,0,,,,,,00:49:48,1,0.144372,25.969563,,
2026-07-08T18:11:06.074,Raspberry_Relieve1,25.6517595666667,-100.290928916667,38.397,4.233,163,100,-1,0,,,,,,00:49:49,1.08,0.086116,26.055679,,
2026-07-08T18:11:07.074,Raspberry_Relieve1,25.6517595666667,-100.290928916667,38.478,0.26,10,100,-1,0,,,,,,00:49:50,0.93,0.022305,26.077984,,
2026-07-08T18:11:08.074,Raspberry_Relieve1,25.6517595666667,-100.290928916667,38.506,0,10,100,-1,0,,,,,,00:49:51,1.03,0.002858,26.080842,,
2026-07-08T18:11:09.074,Raspberry_Relieve1,25.6517595666667,-100.290928916667,38.304,0.675,26,100,-1,0,,,,,,00:49:52,1.03,0.005135,26.085976,,
2026-07-08T18:11:10.074,Raspberry_Relieve1,25.6517595666667,-100.290928916667,36.734,12.896,474,100,-1,0,,,,,,00:49:53,1.08,0.074981,26.160957,,
2026-07-08T18:11:11.074,Raspberry_Relieve1,25.6517595666667,-100.290928916667,37.201,10.75,400,100,-1,0,,,,,,00:49:54,0.82,0.099256,26.260213,,
2026-07-08T18:11:12.074,Raspberry_Relieve1,25.6517595666667,-100.290928916667,37.484,8.334,312,100,-1,0,,,,,,00:49:55,1.06,0.104638,26.364851,,
2026-07-08T18:11:13.074,Raspberry_Relieve1,25.6517595666667,-100.290928916667,37.65,6.447,243,100,-1,0,,,,,,00:49:56,1.14,0.087772,26.452624,,
2026-07-08T18:11:14.075,Raspberry_Relieve1,25.6517595666667,-100.290928916667,35.955,17.585,632,100,-1,0,,,,,,00:49:57,0.9,0.109588,26.562212,,
2026-07-08T18:11:15.075,Raspberry_Relieve1,25.6517595666667,-100.290928916667,37.217,10.37,386,100,-1,0,,,,,,00:49:58,0.89,0.12601,26.688222,,
2026-07-08T18:11:16.075,Raspberry_Relieve1,25.6517595666667,-100.290928916667,37.155,9.707,361,100,-1,0,,,,,,00:49:59,1.13,0.117307,26.805529,,
2026-07-08T18:11:17.075,Raspberry_Relieve1,25.6517595666667,-100.290928916667,37.081,9.438,350,100,-1,0,,,,,,00:50:00,0.96,0.095176,26.900705,,
